,VolumeUp,AvgSpeedUp,StdSpeedUp,CoefOfVarSpeedUp,AvgOccupancyUp,StdOccupancyUp,CoefOfVarOccupancyUp,VolumeDown,AvgSpeedDown,StdSpeedDown,CoefOfVarSpeedDown,AvgOccupancyDown,StdOccupancyDown,CoefOfVarOccupancyDown,SegmentId,TotalCrashes,OCrashes,KABCCrashes,OBJECTID_1,Join_Count,TARGET_FID,Join_Cou_1,TARGET_F_1,Join_Cou_2,TARGET_F_2,OBJECTID_2,Join_Cou_3,TARGET_F_3,OBJECTID,RoadNumber,RoadName,Direction,Roadtype,Shape_Leng,Shape_Le_1,UpStationId,DownStationId,Direction_,F_System,Urban_Code,ThruLanes,Route_Numb,AADT,Urban_Co_1,Speed_Limi,IRI,SPEED,Shape_Le_2
0,82515.59282371296,63.97878974916515,4.937510573988962,0.07886690350454592,3.3130439785115127,3.4953962758727837,0.9668138438226616,40418.93827160494,61.04486596484816,6.260505291655964,0.1037414419718428,4.0025968805816,3.46610228044869,0.8309213167722282,8581_7010,29.0,24.0,5.0,1,2,1,1,1,1,1,2,1,0,2,417,FL-417 N,N,Freeway,0.9199873705439999,0.0149705228431,8581,7010,E,2,45451,4,417,43569,45451,70,0,70.0,0.0149705228431
1,40418.93827160494,61.04486596484816,6.260505291655964,0.1037414419718428,4.0025968805816,3.46610228044869,0.8309213167722282,40269.159937888195,62.432724904545076,8.097970588554544,0.13211545139335362,5.128214486073672,6.048369802654919,1.1020558407057572,7010_6916,15.0,14.0,1.0,2,2,2,1,2,1,2,3,1,1,3,417,FL-417 N,N,Freeway,0.340712405056,0.00555858269248,7010,6916,E,2,45451,4,417,69500,45451,70,0,70.0,0.00555858269248
2,40269.159937888195,62.432724904545076,8.097970588554544,0.13211545139335362,5.128214486073672,6.048369802654919,1.1020558407057572,40668.35294117647,71.45919705094887,7.197392919601391,0.10226127559953868,6.617264843041017,5.58433467333667,0.8288828949087528,6916_6959,8.0,4.0,4.0,3,2,3,1,3,1,3,4,1,2,4,417,FL-417 N,N,Freeway,0.5583604258389999,0.00910996722065,6916,6959,E,2,45451,4,417,69500,45451,70,0,70.0,0.00910996722065
3,24239.030864197528,70.97693656487141,5.1220241811374585,0.07377042214342719,4.057231842552334,3.936278894030413,0.8982786893158161,82515.59282371296,63.97878974916515,4.937510573988962,0.07886690350454592,3.3130439785115127,3.4953962758727837,0.9668138438226616,6044_8581,1.0,1.0,0.0,4,2,4,1,4,1,4,5,1,3,5,417,FL-417 N,N,Freeway,0.345284698189,0.00565710787821,6044,8581,E,2,45451,4,417,43569,45451,65,109,65.0,0.00565710787821
4,40222.140575079866,68.22430482518448,4.140600591007185,0.06104691849989397,3.717838592480703,2.5763328180943192,0.6899963524266586,44950.688271604944,63.71852927840979,4.469927125042101,0.07100481920135601,4.426042451804012,3.5604731767794986,0.7805460561895599,8287_8107,20.0,12.0,8.0,5,2,5,1,5,1,5,6,1,4,6,417,FL-417 N,N,Freeway,0.662737377642,0.0104717333826,8287,8107,S,3,45451,6,0,76000,45451,70,0,70.0,0.0104717333826
5,42582.607142857145,65.86466509837348,4.631306996355562,0.07303929311862588,4.414818775162701,2.8717242591617214,0.6520915847555564,44862.70652173913,60.67597322072567,5.293698709045937,0.08743450728867683,4.412979453093962,2.668667035132203,0.6054324544620001,8280_8017,5.0,5.0,0.0,6,2,6,1,6,1,6,7,1,5,7,417,FL-417 N,N,Freeway,0.48831276454000005,0.00790947695148,8280,8017,E,2,45451,4,417,49278,45451,70,0,70.0,0.00790947695148
6,44950.688271604944,63.71852927840979,4.469927125042101,0.07100481920135601,4.426042451804012,3.5604731767794986,0.7805460561895599,42582.607142857145,65.86466509837348,4.631306996355562,0.07303929311862588,4.414818775162701,2.8717242591617214,0.6520915847555564,8107_8280,48.0,42.0,6.0,7,2,7,1,7,1,7,8,1,6,8,417,FL-417 N,N,Freeway,0.540099996322,0.008847969303379999,8107,8280,E,2,45451,4,417,48500,45451,70,0,70.0,0.008847969303379999
7,40668.35294117647,71.45919705094887,7.197392919601391,0.10226127559953868,6.617264843041017,5.58433467333667,0.8288828949087528,40222.140575079866,68.22430482518448,4.140600591007185,0.06104691849989397,3.717838592480703,2.5763328180943192,0.6899963524266586,6959_8287,30.0,26.0,4.0,8,2,8,1,8,1,8,9,1,7,9,417,FL-417 N,N,Freeway,1.36321222525,0.021514935379400003,6959,8287,E,2,45451,4,417,69500,45451,70,0,70.0,0.021514935379400003
8,42143.48222565688,69.07726734191465,2.5719349386190866,0.0373960829944916,2.9159633998572727,1.776332845668806,0.6075930448346093,42329.20775193798,67.61870699113558,2.6253108724373204,0.03905255264273445,2.679458400381082,1.6365546956377528,0.6025277116190212,9178_7997,22.0,20.0,2.0,9,2,9,1,9,1,9,10,1,8,10,417,FL-417 N,N,Freeway,0.34450706898999994,0.005657805025300001,9178,7997,E,2,45451,4,417,49500,45451,70,0,70.0,0.005657805025300001
9,44862.70652173913,60.67597322072567,5.293698709045937,0.08743450728867683,4.412979453093962,2.668667035132203,0.6054324544620001,38367.478125,63.64854489858412,4.15756914312933,0.06553947517960818,3.7271971870855496,2.3372696629564893,0.6263936922991109,8017_6167,30.0,26.0,4.0,10,2,10,1,10,1,10,11,1,9,11,417,FL-417 N,N,Freeway,1.04800554459,0.017008943702,8017,6167,S,2,45451,4,91,95000,45451,70,0,70.0,0.017008943702
10,42329.20775193798,67.61870699113558,2.6253108724373204,0.03905255264273445,2.679458400381082,1.6365546956377528,0.6025277116190212,38532.60835913313,67.97348613422292,3.31506599810885,0.04930963763058334,4.077227635082067,2.7307867429302757,0.6570255484847027,7997_8466,14.0,10.0,4.0,11,2,11,1,11,1,11,12,1,10,12,417,FL-417 N,N,Freeway,0.8013759665989999,0.0131463405758,7997,8466,E,2,45451,4,417,49500,45451,70,0,70.0,0.0131463405758
11,38367.478125,63.64854489858412,4.15756914312933,0.06553947517960818,3.7271971870855496,2.3372696629564893,0.6263936922991109,42143.48222565688,69.07726734191465,2.5719349386190866,0.0373960829944916,2.9159633998572727,1.776332845668806,0.6075930448346093,6167_9178,8.0,4.0,4.0,12,2,12,1,12,1,12,13,1,11,13,417,FL-417 N,N,Freeway,0.547156182605,0.00898604631428,6167,9178,E,2,45451,4,417,49500,45451,70,0,70.0,0.00898604631428
12,38532.60835913313,67.97348613422292,3.31506599810885,0.04930963763058334,4.077227635082067,2.7307867429302757,0.6570255484847027,38525.69598765432,69.52388531325944,3.5443348255223244,0.051308048741907135,5.682683564922018,3.8415737087358814,0.6733434009237141,8466_7095,21.0,13.0,8.0,13,2,13,1,13,1,13,14,1,12,14,417,FL-417 N,N,Freeway,0.688650772198,0.011304868478000002,8466,7095,E,2,65863,4,417,49500,45451,70,0,70.0,0.011304868478000002
13,38525.69598765432,69.52388531325944,3.5443348255223244,0.051308048741907135,5.682683564922018,3.8415737087358814,0.6733434009237141,37475.78139534884,67.57941776842229,3.4022266391808493,0.05052689984659276,3.564274050353076,2.166166871005763,0.6066269527647947,7095_6630,9.0,4.0,5.0,14,2,14,1,14,1,14,15,1,13,15,417,FL-417 N,N,Freeway,0.6736957233230001,0.0110572717426,7095,6630,E,2,65863,4,417,49500,45451,70,0,70.0,0.0110572717426
14,25461.083850931678,70.56046082550678,3.1746661532475566,0.04504881380410238,3.198388059584502,1.939463222211241,0.6069324914665991,25461.083850931678,70.56046082550678,3.1746661532475566,0.04504881380410238,3.198388059584502,1.939463222211241,0.6069324914665991,6854_11007,2.0,2.0,0.0,15,2,15,1,15,1,15,16,1,14,16,417,FL-417 N,N,Freeway,0.272210839005,0.004467505473199999,6854,11007,E,2,65863,4,417,47407,65863,70,0,70.0,0.004467505473199999
15,37475.78139534884,67.57941776842229,3.4022266391808493,0.05052689984659276,3.564274050353076,2.166166871005763,0.6066269527647947,38387.810852713184,67.37878342772693,2.7582635575457464,0.041037349962352684,3.9814825630679684,2.4403808180167887,0.6130016031102885,6630_6324,2.0,1.0,1.0,16,2,16,1,16,1,16,17,1,15,17,417,FL-417 N,N,Freeway,0.401870986958,0.00659570949786,6630,6324,E,2,65863,4,417,49500,65863,70,0,70.0,0.00659570949786
16,38387.810852713184,67.37878342772693,2.7582635575457464,0.041037349962352684,3.9814825630679684,2.4403808180167887,0.6130016031102885,25461.083850931678,70.56046082550678,3.1746661532475566,0.04504881380410238,3.198388059584502,1.939463222211241,0.6069324914665991,6324_6854,7.0,6.0,1.0,17,2,17,1,17,1,17,18,1,16,18,417,FL-417 N,N,Freeway,0.514529769133,0.00844521123645,6324,6854,E,2,65863,4,417,49500,65863,70,0,70.0,0.00844521123645
17,31851.952012383903,73.80452761404312,2.2821156267586264,0.03098611959765392,2.0181661982223793,1.346854955138996,0.6659021591865791,31729.772797527046,73.04239874477359,2.4518449706980188,0.03368589472354043,2.7433415722863295,1.879575448609814,0.6805636164499778,8476_8600,4.0,4.0,0.0,18,2,18,1,18,1,18,19,1,17,19,417,FL-417 N,N,Freeway,0.329413811758,0.00533047631599,8476,8600,E,2,65863,4,417,45500,65863,70,0,70.0,0.00533047631599
18,31244.047308319736,68.77140496614325,2.500155672271688,0.03639637341191849,1.8949803832461132,1.2494403539888546,0.6597723910002161,31851.952012383903,73.80452761404312,2.2821156267586264,0.03098611959765392,2.0181661982223793,1.346854955138996,0.6659021591865791,11010_8476,0.0,0.0,0.0,19,2,19,1,19,1,19,20,1,18,20,417,FL-417 N,N,Freeway,0.188568839724,0.0030732914005,11010,8476,E,2,65863,4,417,47407,65863,70,0,70.0,0.0030732914005
19,25461.083850931678,70.56046082550678,3.1746661532475566,0.04504881380410238,3.198388059584502,1.939463222211241,0.6069324914665991,27682.752921535888,72.04656117367097,2.404888943314417,0.03361048211733855,2.371347046664628,1.6390585519079943,0.6628905154095919,11007_8480,4.0,2.0,2.0,20,2,20,1,20,1,20,21,1,19,21,417,FL-417 N,N,Freeway,0.282986482645,0.00462481575223,11007,8480,E,2,65863,4,417,47407,65863,70,0,70.0,0.00462481575223
20,31729.772797527046,73.04239874477359,2.4518449706980188,0.03368589472354043,2.7433415722863295,1.879575448609814,0.6805636164499778,31898.29938271605,71.06519613883437,2.6247320509721592,0.03701549829356565,2.766286916397166,1.8881400296383728,0.6802921468481142,8600_8520,6.0,4.0,2.0,21,2,21,1,21,1,21,22,1,20,22,417,FL-417 N,N,Freeway,0.602356736792,0.00972193164424,8600,8520,E,2,65863,4,417,45500,65863,70,0,70.0,0.00972193164424
21,31898.29938271605,71.06519613883437,2.6247320509721592,0.03701549829356565,2.766286916397166,1.8881400296383728,0.6802921468481142,31191.521604938276,69.02736114764629,3.1483181086024263,0.045772002973840265,2.7470069928026546,1.9671550955589336,0.7077925827373835,8520_8502,8.0,6.0,2.0,22,2,22,1,22,1,22,23,1,21,23,417,FL-417 N,N,Freeway,0.536463457053,0.00865953051307,8520,8502,E,2,65863,4,417,45500,65863,70,0,70.0,0.00865953051307
22,27682.752921535888,72.04656117367097,2.404888943314417,0.03361048211733855,2.371347046664628,1.6390585519079943,0.6628905154095919,31244.047308319736,68.77140496614325,2.500155672271688,0.03639637341191849,1.8949803832461132,1.2494403539888546,0.6597723910002161,8480_11010,12.0,7.0,5.0,23,2,23,1,23,1,23,24,1,22,24,417,FL-417 N,N,Freeway,0.982668303486,0.016051321075,8480,11010,E,2,65863,4,417,47407,65863,70,0,70.0,0.016051321075
23,31191.521604938276,69.02736114764629,3.1483181086024263,0.045772002973840265,2.7470069928026546,1.9671550955589336,0.7077925827373835,52492.283931357255,75.17990780205176,2.712057491880409,0.03633380279578846,3.9674025611993216,2.94106889385256,0.7324959595199575,8502_6701,6.0,6.0,0.0,24,2,24,1,24,1,24,25,1,23,25,417,FL-417 N,N,Freeway,1.00889997689,0.016254247577,8502,6701,E,2,65863,4,417,45500,65863,70,0,70.0,0.016254247577
24,52492.283931357255,75.17990780205176,2.712057491880409,0.03633380279578846,3.9674025611993216,2.94106889385256,0.7324959595199575,30732.21826625387,73.13610495276585,2.707806938262946,0.0371983579968857,3.8544553937857993,2.784567944280416,0.7162384907162204,6701_5900,4.0,1.0,3.0,25,2,25,1,25,1,25,26,1,24,26,417,FL-417 N,N,Freeway,0.619111197154,0.009422246094889999,6701,5900,E,2,65863,4,417,45500,65863,70,0,70.0,0.009422246094889999
25,34293.616692426585,69.0044033166222,3.332025920440785,0.0488834535689883,2.9945209352758853,2.4967370945501273,0.7977003149785985,34189.15905511811,70.19645113824743,3.3282073306361317,0.047898425223048484,3.2773767431936136,2.470194649931102,0.7400932851243731,8598_8531,16.0,10.0,6.0,26,2,26,1,26,1,26,27,1,25,27,417,FL-417 N,N,Freeway,0.517090858241,0.008198573946200001,8598,8531,E,2,65863,4,417,82000,65863,70,0,70.0,0.008198573946200001
26,31162.67438271605,68.57730812216866,2.5658868374779806,0.03756267046455144,2.716634965584585,1.998295631030488,0.7261914059625625,34293.616692426585,69.0044033166222,3.332025920440785,0.0488834535689883,2.9945209352758853,2.4967370945501273,0.7977003149785985,8512_8598,13.0,9.0,4.0,27,2,27,1,27,1,27,28,1,26,28,417,FL-417 N,N,Freeway,0.7037703588070001,0.011183447612600001,8512,8598,S,3,65863,4,15,35500,65863,70,0,70.0,0.011183447612600001
27,30732.21826625387,73.13610495276585,2.707806938262946,0.0371983579968857,3.8544553937857993,2.784567944280416,0.7162384907162204,31162.67438271605,68.57730812216866,2.5658868374779806,0.03756267046455144,2.716634965584585,1.998295631030488,0.7261914059625625,5900_8512,4.0,2.0,2.0,28,2,28,1,28,1,28,29,1,27,29,417,FL-417 N,N,Freeway,0.349027857505,0.00533092606564,5900,8512,E,2,65863,4,417,45500,65863,70,0,70.0,0.00533092606564
28,36468.14664586583,70.40259627910727,4.059734550170028,0.0584124125755949,4.079384914247348,3.1904437206371306,0.7577143263679365,37628.90609555189,64.76066933762452,5.04503054373022,0.07859647420016892,3.347426574188858,2.5859247926082194,0.7519433451350792,8540_8538,6.0,4.0,2.0,29,2,29,1,29,1,29,30,1,28,30,417,FL-417 N,N,Freeway,0.346143731086,0.00503746932208,8540,8538,N,2,65863,4,417,82000,65863,70,66,70.0,0.00503746932208
29,37628.90609555189,64.76066933762452,5.04503054373022,0.07859647420016892,3.347426574188858,2.5859247926082194,0.7519433451350792,37392.385802469136,71.83284552835883,3.9063306881166064,0.05505475014885906,5.460825119745814,4.120564153185152,0.7444215676769607,8538_6642,16.0,11.0,5.0,30,2,30,1,30,1,30,31,1,29,31,417,FL-417 N,N,Freeway,0.587651023412,0.00855207347379,8538,6642,N,2,65863,4,417,82000,65863,70,52,70.0,0.00855207347379
30,35730.918209876545,67.20701847991931,4.8016386935340485,0.07220193211084304,4.313008277520281,3.4405199325821143,0.7760821434288762,36468.14664586583,70.40259627910727,4.059734550170028,0.0584124125755949,4.079384914247348,3.1904437206371306,0.7577143263679365,8533_8540,30.0,24.0,6.0,31,2,31,1,31,1,31,32,1,30,32,417,FL-417 N,N,Freeway,0.69521370128,0.0101795247672,8533,8540,N,2,65863,4,417,82000,65863,70,89,70.0,0.0101795247672
31,34189.15905511811,70.19645113824743,3.3282073306361317,0.047898425223048484,3.2773767431936136,2.470194649931102,0.7400932851243731,35730.918209876545,67.20701847991931,4.8016386935340485,0.07220193211084304,4.313008277520281,3.4405199325821143,0.7760821434288762,8531_8533,2.0,2.0,0.0,32,2,32,1,32,1,32,33,1,31,33,417,FL-417 N,N,Freeway,0.35100178586400005,0.00534659980385,8531,8533,N,2,65863,4,417,82000,65863,70,101,70.0,0.00534659980385
32,37683.75503355705,70.72922111965289,3.1899659929900315,0.045537286795785545,3.3386928282026105,2.543022851521215,0.7531797161686637,28045.4062992126,74.79769190322942,2.8284806503073914,0.03814214873788917,3.5213286665418964,2.78813223436244,0.7737569667864911,7993_7091,18.0,12.0,6.0,33,2,33,1,33,1,33,34,1,32,34,417,FL-417 N,N,Freeway,1.10901760213,0.016125636869600002,7993,7091,E,2,65863,4,528,73393,65863,70,76,70.0,0.016125636869600002
33,28045.4062992126,74.79769190322942,2.8284806503073914,0.03814214873788917,3.5213286665418964,2.78813223436244,0.7737569667864911,52204.28086419753,73.09716732018894,2.6157414112446293,0.0361139366699036,3.5402051497517903,2.4481885929459093,0.6745113835953891,7091_6173,0.0,0.0,0.0,34,2,34,1,34,1,34,35,1,33,35,417,FL-417 N,N,Freeway,0.088467161331,0.00129944975974,7091,6173,N,2,65863,4,417,82802,65863,70,52,70.0,0.00129944975974
34,37392.385802469136,71.83284552835883,3.9063306881166064,0.05505475014885906,5.460825119745814,4.120564153185152,0.7444215676769607,37683.75503355705,70.72922111965289,3.1899659929900315,0.045537286795785545,3.3386928282026105,2.543022851521215,0.7531797161686637,6642_7993,11.0,8.0,3.0,35,2,35,1,35,1,35,36,1,34,36,417,FL-417 N,N,Freeway,0.46452594766599997,0.006760513474420001,6642,7993,N,2,65863,4,417,82000,65863,70,44,70.0,0.006760513474420001
35,52204.28086419753,73.09716732018894,2.6157414112446293,0.0361139366699036,3.5402051497517903,2.4481885929459093,0.6745113835953891,52055.813271604944,70.70933126725865,2.7396041147401715,0.03897069559475943,3.286205023187037,2.2097250347226467,0.6599324891787475,6173_8544,48.0,39.0,9.0,36,2,36,1,36,1,36,37,1,35,37,417,FL-417 N,N,Freeway,1.1323705209000001,0.016793898701,6173,8544,N,2,65863,6,417,96500,65863,70,52,70.0,0.016793898701
36,52446.43565891473,72.64359266188927,2.3074581406140937,0.031874667411068945,3.2674658958314753,2.3259872689382157,0.693099451396127,48964.53086419753,71.60164431691452,7.4992784497229135,0.1630327429825462,3.490403891086742,2.433296283368237,0.6853611781039388,8557_8553,11.0,10.0,1.0,37,2,37,1,37,1,37,38,1,36,38,417,FL-417 N,N,Freeway,0.414658818261,0.00613950048481,8557,8553,N,2,65863,6,417,96944,65863,70,50,70.0,0.00613950048481
37,48964.53086419753,71.60164431691452,7.4992784497229135,0.1630327429825462,3.490403891086742,2.433296283368237,0.6853611781039388,48739.279320987655,74.18471828292563,2.66630629539237,0.03623211913298727,4.850988549180963,3.422398534746588,0.6923178854875168,8553_6689,24.0,22.0,2.0,38,2,38,1,38,1,38,39,1,37,39,417,FL-417 N,N,Freeway,1.05476007377,0.0153501989885,8553,6689,N,2,65863,4,417,97500,65863,70,52,70.0,0.0153501989885
38,52055.813271604944,70.70933126725865,2.7396041147401715,0.03897069559475943,3.286205023187037,2.2097250347226467,0.6599324891787475,53675.85493827161,70.38411225823667,2.8206218033993995,0.040327192167111794,3.721089260703325,2.600681990079455,0.6873258187975407,8544_8386,23.0,15.0,8.0,39,2,39,1,39,1,39,40,1,38,40,417,FL-417 N,N,Freeway,0.597959122964,0.008744304166819998,8544,8386,N,2,65863,6,417,96500,65863,70,57,70.0,0.008744304166819998
39,53675.85493827161,70.38411225823667,2.8206218033993995,0.040327192167111794,3.721089260703325,2.600681990079455,0.6873258187975407,53221.49228395062,68.07848731058603,2.7941535716202472,0.04126337354133577,3.4295433101661272,2.2598319306982138,0.6485521039836748,8386_6314,4.0,3.0,1.0,40,2,40,1,40,1,40,41,1,39,41,417,FL-417 N,N,Freeway,0.24357475420000002,0.00356276320136,8386,6314,N,2,65863,6,417,96500,65863,70,49,70.0,0.00356276320136
40,53004.01388888888,72.79267934707335,2.1701957571039707,0.02989772743650885,3.4522093192026686,2.43288138834039,0.6953955606813114,52446.43565891473,72.64359266188927,2.3074581406140937,0.031874667411068945,3.2674658958314753,2.3259872689382157,0.693099451396127,6965_8557,30.0,24.0,6.0,41,2,41,1,41,1,41,42,1,40,42,417,FL-417 N,N,Freeway,1.02663032232,0.015074414342399999,6965,8557,N,2,65863,6,417,96500,65863,70,52,70.0,0.015074414342399999
41,52588.81481481482,67.21480535649783,2.288160633709935,0.034193962382808966,3.5260672778846636,2.384132023447544,0.6663715067129158,53004.01388888888,72.79267934707335,2.1701957571039707,0.02989772743650885,3.4522093192026686,2.43288138834039,0.6953955606813114,6315_6965,2.0,1.0,1.0,42,2,42,1,42,1,42,43,1,41,43,417,FL-417 N,N,Freeway,0.204037806176,0.00297112715967,6315,6965,N,2,65863,6,417,96500,65863,70,51,70.0,0.00297112715967
42,53221.49228395062,68.07848731058603,2.7941535716202472,0.04126337354133577,3.4295433101661272,2.2598319306982138,0.6485521039836748,52588.81481481482,67.21480535649783,2.288160633709935,0.034193962382808966,3.5260672778846636,2.384132023447544,0.6663715067129158,6314_6315,6.0,6.0,0.0,43,2,43,1,43,1,43,44,1,42,44,417,FL-417 N,N,Freeway,0.395918647817,0.005789666982879999,6314,6315,N,2,65863,6,417,96500,65863,70,46,70.0,0.005789666982879999
43,44923.787928221864,69.40904405071103,2.7993915347246494,0.040809347910654534,3.7265525141033935,2.7178224409121445,0.7107420481483998,8690.87284144427,44.64064790190928,2.837358230765496,0.06359872605276529,3.3214395176624145,2.400504796269145,0.7138018256394645,6035_2529,11.0,8.0,3.0,44,2,44,1,44,1,44,45,1,43,45,417,FL-417 N,N,Freeway,0.40192583353699995,0.0060892041017200004,6035,2529,N,2,65863,4,417,97500,65863,70,0,70.0,0.0060892041017200004
44,44923.787928221864,69.40904405071103,2.7993915347246494,0.040809347910654534,3.7265525141033935,2.7178224409121445,0.7107420481483998,44923.787928221864,69.40904405071103,2.7993915347246494,0.040809347910654534,3.7265525141033935,2.7178224409121445,0.7107420481483998,6035_11878,1.0,1.0,0.0,45,2,45,1,45,1,45,46,1,44,46,417,FL-417 N,N,Freeway,0.0296119310084,0.000435862153195,6035,11878,N,2,65863,4,417,97500,65863,70,0,70.0,0.000435862153195
45,40832.152037617554,67.4525493907911,3.977832895248784,0.059940217000649276,4.223590539785713,3.131386147764496,0.7234604968394777,48872.64351851852,66.34370769298769,2.45828095769492,0.037375952726210436,2.5786885286555945,1.8862641617403857,0.6958662573287492,11876_8570,38.0,29.0,9.0,46,2,46,1,46,1,46,47,1,45,47,417,FL-417 N,N,Freeway,0.639957559946,0.00990412369953,11876,8570,E,2,65863,5,408,74500,65863,65,64,70.0,0.00990412369953
46,48872.64351851852,66.34370769298769,2.45828095769492,0.037375952726210436,2.5786885286555945,1.8862641617403857,0.6958662573287492,46234.51234567902,67.34439069174978,5.018401516792932,0.3192072518163166,3.4168079924980623,2.9052500157678653,0.7875361410834736,8570_6966,17.0,10.0,7.0,47,2,47,1,47,1,47,48,1,46,48,417,FL-417 N,N,Freeway,0.312125223583,0.00480051737589,8570,6966,N,2,65863,6,417,71707,65863,70,68,70.0,0.00480051737589
47,46234.51234567902,67.34439069174978,5.018401516792932,0.3192072518163166,3.4168079924980623,2.9052500157678653,0.7875361410834736,48462.34316770187,68.47665562575146,4.141668052581478,0.061349067878499364,3.022526281057657,2.533117762738409,0.7807254890443264,6966_8451,19.0,14.0,5.0,48,2,48,1,48,1,48,49,1,47,49,417,FL-417 N,N,Freeway,0.535070828701,0.00783213880238,6966,8451,N,2,65863,6,417,65522,65863,70,54,70.0,0.00783213880238
48,48739.279320987655,74.18471828292563,2.66630629539237,0.03623211913298727,4.850988549180963,3.422398534746588,0.6923178854875168,44923.787928221864,69.40904405071103,2.7993915347246494,0.040809347910654534,3.7265525141033935,2.7178224409121445,0.7107420481483998,6689_11878,17.0,9.0,8.0,49,2,49,1,49,1,49,50,1,48,50,417,FL-417 N,N,Freeway,0.70811926113,0.0102989237466,6689,11878,N,2,65863,4,417,97500,65863,70,0,70.0,0.0102989237466
49,8690.87284144427,44.64064790190928,2.837358230765496,0.06359872605276529,3.3214395176624145,2.400504796269145,0.7138018256394645,40832.152037617554,67.4525493907911,3.977832895248784,0.059940217000649276,4.223590539785713,3.131386147764496,0.7234604968394777,2529_11876,9.0,5.0,4.0,50,2,50,1,50,1,50,51,1,49,51,417,FL-417 N,N,Freeway,0.155378793407,0.00240078685003,2529,11876,N,2,65863,6,417,71707,65863,70,0,70.0,0.00240078685003
50,29400.73953488372,60.69041815634672,6.598149322233211,0.1104340306404412,3.4958089328501023,3.4687533775848105,0.9137301408078564,37865.93672839506,67.6879221217049,8.022213360925479,0.12117989882979673,3.8922684961764866,4.671263735053913,1.0683783034917114,8585_8449,2.0,1.0,1.0,51,2,51,1,51,1,51,52,1,50,52,417,FL-417 N,N,Freeway,0.20390281506400001,0.0030202831452900004,8585,8449,N,2,65863,5,417,86381,65863,70,53,70.0,0.0030202831452900004
51,48462.34316770187,68.47665562575146,4.141668052581478,0.061349067878499364,3.022526281057657,2.533117762738409,0.7807254890443264,46764.4737654321,68.05073517720797,5.285151437993338,0.07909920957607909,3.4778398788825484,3.2363505239067365,0.8568800177330994,8451_2531,35.0,24.0,11.0,52,2,52,1,52,1,52,53,1,51,53,417,FL-417 N,N,Freeway,0.594179916877,0.008685895111419999,8451,2531,W,3,65863,6,50,56410,65863,70,83,70.0,0.008685895111419999
52,45366.697204968936,64.94813226606689,4.232772672138009,0.06582736590712414,2.8191735949084418,2.327713988351308,0.7790095058724515,29400.73953488372,60.69041815634672,6.598149322233211,0.1104340306404412,3.4958089328501023,3.4687533775848105,0.9137301408078564,8120_8585,17.0,11.0,6.0,53,2,53,1,53,1,53,54,1,52,54,417,FL-417 N,N,Freeway,0.300087360572,0.00437923500722,8120,8585,N,2,65863,5,417,86381,65863,70,46,70.0,0.00437923500722
53,48546.21913580247,62.5097648263502,4.162312962496029,0.06745662506144781,3.5122675903922835,2.942330742154067,0.7914853487215285,45366.697204968936,64.94813226606689,4.232772672138009,0.06582736590712414,2.8191735949084418,2.327713988351308,0.7790095058724515,6318_8120,21.0,19.0,2.0,54,2,54,1,54,1,54,55,1,53,55,417,FL-417 N,N,Freeway,0.332452042552,0.005027195689810001,6318,8120,N,2,65863,5,417,91500,65863,70,39,70.0,0.005027195689810001
54,45892.483670295485,64.78659941237007,5.3649443905712255,0.08434202320217353,4.611956050880248,3.403692480076008,0.7051509386699804,48546.21913580247,62.5097648263502,4.162312962496029,0.06745662506144781,3.5122675903922835,2.942330742154067,0.7914853487215285,6317_6318,10.0,7.0,3.0,55,2,55,1,55,1,55,56,1,54,56,417,FL-417 N,N,Freeway,0.456139977588,0.006939068769350001,6317,6318,N,2,65863,4,417,91500,65863,70,52,70.0,0.006939068769350001
55,45747.61111111112,68.20437250090669,6.395858300250295,0.09577712149661287,5.419222845190227,4.367397910802047,0.7711044353765549,45892.483670295485,64.78659941237007,5.3649443905712255,0.08434202320217353,4.611956050880248,3.403692480076008,0.7051509386699804,6046_6317,14.0,13.0,1.0,56,2,56,1,56,1,56,57,1,55,57,417,FL-417 N,N,Freeway,0.347968123899,0.00529077781579,6046,6317,N,2,65863,4,417,91500,65863,70,43,70.0,0.00529077781579
56,46764.4737654321,68.05073517720797,5.285151437993338,0.07909920957607909,3.4778398788825484,3.2363505239067365,0.8568800177330994,45747.61111111112,68.20437250090669,6.395858300250295,0.09577712149661287,5.419222845190227,4.367397910802047,0.7711044353765549,2531_6046,12.0,8.0,4.0,57,2,57,1,57,1,57,58,1,56,58,417,FL-417 N,N,Freeway,0.608960742813,0.00907390128016,2531,6046,N,2,65863,6,417,91500,65863,70,67,70.0,0.00907390128016
57,37865.93672839506,67.6879221217049,8.022213360925479,0.12117989882979673,3.8922684961764866,4.671263735053913,1.0683783034917114,39459.73456790124,69.61601138207695,8.834211428439339,0.1303899522128852,5.005270059090962,5.51805640458008,1.0036618861176807,8449_5988,13.0,10.0,3.0,58,2,58,1,58,1,58,59,1,57,59,417,FL-417 N,N,Freeway,0.298582865245,0.004553855198229999,8449,5988,N,2,65863,5,417,78344,65863,70,41,70.0,0.004553855198229999
58,39459.73456790124,69.61601138207695,8.834211428439339,0.1303899522128852,5.005270059090962,5.51805640458008,1.0036618861176807,41022.101851851854,69.14327290644236,4.922291737195732,0.07219375999177242,5.591788380975545,4.126671224668363,0.7344943994630767,5988_6758,40.0,28.0,12.0,59,2,60,1,59,1,59,61,1,58,61,417,FL-417 N,N,Freeway,0.550440804664,0.00826887499039,5988,6758,N,2,65863,5,417,78344,65863,70,39,70.0,0.00826887499039
59,83511.48673946958,66.98878598101157,2.1985934725647818,0.03283805461573538,2.416712832612683,1.4936910283232954,0.6220408349835156,22974.23456790124,70.96954554305125,2.544270912295105,0.03587973453247365,3.2246571868620317,1.991849489487309,0.6226282143670433,8579_6492,3.0,2.0,1.0,60,2,2,1,60,1,60,0,1,59,2,417,FL-417 S,S,Freeway,0.343773470434,0.0,8579,6492,W,2,45451,4,417,42940,45451,65,57,65.0,0.00563363802514
60,37859.702160493835,67.6994418023115,3.554033321333267,0.05276435679603792,2.9242807121547854,1.6869792215567392,0.5785512284620857,36894.29457364341,64.88124127314921,2.635085959245984,0.04076009548583201,3.1993116116324654,1.923569616274928,0.6012180503941016,6889_6071,2.0,1.0,1.0,61,2,3,1,61,1,61,0,1,60,3,417,FL-417 S,S,Freeway,0.341332374707,0.0,6889,6071,W,2,45451,4,417,69500,45451,70,0,70.0,0.0055685035959300005
61,36894.29457364341,64.88124127314921,2.635085959245984,0.04076009548583201,3.1993116116324654,1.923569616274928,0.6012180503941016,83511.48673946958,66.98878598101157,2.1985934725647818,0.03283805461573538,2.416712832612683,1.4936910283232954,0.6220408349835156,6071_8579,23.0,19.0,4.0,62,2,5,1,62,1,62,0,1,61,5,417,FL-417 S,S,Freeway,0.9252045618629999,0.0,6071,8579,W,2,45451,4,417,69500,45451,70,0,70.0,0.0150605915066
62,37667.8487654321,68.22216907408615,2.681608399951211,0.03962391835450616,3.5746866600308995,2.2523027776598354,0.6212778798988497,37573.58796296296,73.42912576803752,3.0585730343656263,0.041900148539821165,5.469524152742723,3.445194669158659,0.6284805435449912,8292_6975,20.0,16.0,4.0,63,2,6,1,63,1,63,0,1,62,6,417,FL-417 S,S,Freeway,1.31667483078,0.0,8292,6975,W,2,45451,4,417,69500,45451,70,0,70.0,0.020785421668099997
63,37847.873456790134,68.46918921506233,2.5404158066732063,0.03718873713122574,2.664749412377277,1.5323099760804064,0.5743559117811274,37667.8487654321,68.22216907408615,2.681608399951211,0.03962391835450616,3.5746866600308995,2.2523027776598354,0.6212778798988497,8290_8292,7.0,4.0,3.0,64,2,7,1,64,1,64,0,1,63,7,417,FL-417 S,S,Freeway,0.904211933125,0.0,8290,8292,S,3,45451,6,0,76000,45451,70,0,70.0,0.014383935775999999
64,37893.20620155038,65.94627872535166,2.4676134090290085,0.03757221687159741,3.5830103784768563,2.106104291187654,0.5891627012169577,37847.873456790134,68.46918921506233,2.5404158066732063,0.03718873713122574,2.664749412377277,1.5323099760804064,0.5743559117811274,8277_8290,8.0,7.0,1.0,65,2,8,1,65,1,65,0,1,64,8,417,FL-417 S,S,Freeway,0.453181851131,0.0,8277,8290,W,2,45451,4,417,48500,45451,70,0,70.0,0.0074273690342799995
65,37573.58796296296,73.42912576803752,3.0585730343656263,0.041900148539821165,5.469524152742723,3.445194669158659,0.6284805435449912,37859.702160493835,67.6994418023115,3.554033321333267,0.05276435679603792,2.9242807121547854,1.6869792215567392,0.5785512284620857,6975_6889,8.0,4.0,4.0,66,2,9,1,66,1,66,0,1,65,9,417,FL-417 S,S,Freeway,0.555496929504,0.0,6975,6889,W,2,45451,4,417,69500,45451,70,0,70.0,0.009061036913049998
66,29129.29320987654,64.44103653104948,2.5887324259892632,0.040298010468810826,2.8975395210864985,1.6792380327730805,0.5772993927742808,37160.1515625,71.45873771130286,3.2208043409399583,0.04540328019740472,4.505718756799509,2.8695639363606102,0.6394208793412448,9176_7090,6.0,4.0,2.0,67,2,10,1,67,1,67,0,1,66,10,417,FL-417 S,S,Freeway,0.546637497002,0.0,9176,7090,W,2,45451,4,417,49500,45451,70,0,70.0,0.008977531572120001
67,47699.99382716049,63.15817584141657,3.016310846241756,0.047940807473218834,4.746695745280107,3.027591346114088,0.6370699208976158,29129.29320987654,64.44103653104948,2.5887324259892632,0.040298010468810826,2.8975395210864985,1.6792380327730805,0.5772993927742808,8486_9176,8.0,6.0,2.0,68,2,11,1,68,1,68,0,1,67,11,417,FL-417 S,S,Freeway,0.502781157042,0.0,8486,9176,W,2,45451,4,417,49500,45451,70,0,70.0,0.008257142353640001
68,37190.495327102806,68.23167545350887,2.9310171712467907,0.04301444897158569,3.183988546459957,1.9254754001665848,0.606511800473164,37893.20620155038,65.94627872535166,2.4676134090290085,0.03757221687159741,3.5830103784768563,2.106104291187654,0.5891627012169577,8283_8277,4.0,3.0,1.0,69,2,12,1,69,1,69,0,1,68,12,417,FL-417 S,S,Freeway,0.43647990356,0.0,8283,8277,W,2,45451,4,417,48687,45451,70,0,70.0,0.0070535035786499995
69,37160.1515625,71.45873771130286,3.2208043409399583,0.04540328019740472,4.505718756799509,2.8695639363606102,0.6394208793412448,37190.495327102806,68.23167545350887,2.9310171712467907,0.04301444897158569,3.183988546459957,1.9254754001665848,0.606511800473164,7090_8283,7.0,7.0,0.0,70,2,13,1,70,1,70,0,1,69,13,417,FL-417 S,S,Freeway,0.99231920565,0.0,7090,8283,S,2,45451,4,91,95000,45451,70,0,70.0,0.0161079110914
70,40926.06037151703,68.22402164319071,3.631629609121292,0.05388044953873547,4.041264113045404,2.671872607557038,0.6559655934800391,47699.99382716049,63.15817584141657,3.016310846241756,0.047940807473218834,4.746695745280107,3.027591346114088,0.6370699208976158,8484_8486,10.0,7.0,3.0,71,2,14,1,71,1,71,0,1,70,14,417,FL-417 S,S,Freeway,0.643379383497,0.0,8484,8486,W,2,45451,4,417,49500,45451,70,0,70.0,0.010552096653400001
71,40437.969889064974,69.42532903307483,6.373901697273633,0.09335180529022237,6.455291851350711,4.930281574989471,0.7479062990303065,40926.06037151703,68.22402164319071,3.631629609121292,0.05388044953873547,4.041264113045404,2.671872607557038,0.6559655934800391,6700_8484,21.0,16.0,5.0,72,2,15,1,72,1,72,0,1,71,15,417,FL-417 S,S,Freeway,0.685634410637,0.0,6700,8484,W,2,65863,4,417,49500,45451,70,0,70.0,0.011255376309899999
72,40696.01081916538,64.94956800329545,7.426055049043584,0.11729279779423538,4.771314483716833,4.849010708288162,0.9234639149605428,40437.969889064974,69.42532903307483,6.373901697273633,0.09335180529022237,6.455291851350711,4.930281574989471,0.7479062990303065,6323_6700,18.0,11.0,7.0,73,2,16,1,73,1,73,0,1,72,16,417,FL-417 S,S,Freeway,0.676983046993,0.0,6323,6700,W,2,65863,4,417,49500,65863,70,0,70.0,0.0111111462441
73,40588.68209876544,64.08106791107919,5.909689139504581,0.0937666338855535,3.767299646574527,3.1686128539121494,0.7884894790770203,40696.01081916538,64.94956800329545,7.426055049043584,0.11729279779423538,4.771314483716833,4.849010708288162,0.9234639149605428,6299_6323,6.0,4.0,2.0,74,2,17,1,74,1,74,0,1,73,17,417,FL-417 S,S,Freeway,0.400506023785,0.0,6299,6323,W,2,65863,4,417,49500,65863,70,0,70.0,0.00657305147509
74,30736.52329192547,69.14348970475405,3.477330812699281,0.05070334102636837,2.469123471290579,1.980264618440285,0.7782493425089437,30531.066358024687,69.94457486396688,4.233723136952319,0.06168790162458523,2.7789348914971344,2.365542337214526,0.8093620501744039,11015_8482,29.0,24.0,5.0,75,2,18,1,75,1,75,0,1,74,18,417,FL-417 S,S,Freeway,0.785772859603,0.0,11015,8482,W,2,65863,4,417,47654,65863,70,0,70.0,0.012835521021
75,29899.93290734824,68.91872597144449,3.085860712089996,0.04512282192999155,2.930352483195489,2.1327505116431227,0.7205976952124469,30736.52329192547,69.14348970475405,3.477330812699281,0.05070334102636837,2.469123471290579,1.980264618440285,0.7782493425089437,8601_11015,8.0,4.0,4.0,76,2,19,1,76,1,76,0,1,75,19,417,FL-417 S,S,Freeway,0.23333832561700002,0.0,8601,11015,W,2,65863,4,417,47654,65863,70,0,70.0,0.0038109146591599995
76,30531.066358024687,69.94457486396688,4.233723136952319,0.06168790162458523,2.7789348914971344,2.365542337214526,0.8093620501744039,40652.18364197531,71.47776289969188,3.6609655740421965,0.0519468738676088,2.9250180278062747,2.263024417401727,0.7370580493063352,8482_6618,9.0,4.0,5.0,77,2,20,1,77,1,77,0,1,76,20,417,FL-417 S,S,Freeway,0.245238290843,0.0,8482,6618,W,2,65863,4,417,47654,65863,70,0,70.0,0.00400776084026
77,32148.5200617284,67.39364698706058,3.042313185558441,0.04539892937531823,3.4033473743307616,2.4502912776079504,0.7093146222284095,31728.199066874033,74.13512300446673,3.141145759569841,0.04272768812638856,4.229185724742257,3.1692566449804085,0.7403007459153143,8478_6486,5.0,3.0,2.0,78,2,21,1,78,1,78,0,1,77,21,417,FL-417 S,S,Freeway,0.568842641784,0.0,8478,6486,W,2,65863,4,417,45500,65863,70,0,70.0,0.00918172382702
78,40652.18364197531,71.47776289969188,3.6609655740421965,0.0519468738676088,2.9250180278062747,2.263024417401727,0.7370580493063352,40588.68209876544,64.08106791107919,5.909689139504581,0.0937666338855535,3.767299646574527,3.1686128539121494,0.7884894790770203,6618_6299,21.0,11.0,10.0,79,2,22,1,79,1,79,0,1,78,22,417,FL-417 S,S,Freeway,0.785759402068,0.0,6618,6299,W,2,65863,4,417,49500,65863,70,0,70.0,0.0128970603721
79,31728.199066874033,74.13512300446673,3.141145759569841,0.04272768812638856,4.229185724742257,3.1692566449804085,0.7403007459153143,29899.93290734824,68.91872597144449,3.085860712089996,0.04512282192999155,2.930352483195489,2.1327505116431227,0.7205976952124469,6486_8601,15.0,12.0,3.0,80,2,23,1,80,1,80,0,1,79,23,417,FL-417 S,S,Freeway,0.549202126452,0.0,6486,8601,W,2,65863,4,417,47654,65863,70,0,70.0,0.00890704341611
80,31332.24382716049,69.34875282702046,2.706068623293889,0.03914124606890043,2.5878207926691474,1.8727795201467488,0.7181690601380009,32148.5200617284,67.39364698706058,3.042313185558441,0.04539892937531823,3.4033473743307616,2.4502912776079504,0.7093146222284095,8603_8478,9.0,5.0,4.0,81,2,24,1,81,1,81,0,1,80,24,417,FL-417 S,S,Freeway,0.663497519079,0.0,8603,8478,W,2,65863,4,417,45500,65863,70,0,70.0,0.0107101926905
81,31398.230889235565,75.61733753648066,2.4699845326478918,0.03278542899633671,4.361417403702805,3.1622055854512943,0.71967943279735,31332.24382716049,69.34875282702046,2.706068623293889,0.03914124606890043,2.5878207926691474,1.8727795201467488,0.7181690601380009,6170_8603,13.0,9.0,4.0,82,2,25,1,82,1,82,0,1,81,25,417,FL-417 S,S,Freeway,0.8435224530609999,0.0,6170,8603,W,2,65863,4,417,45500,65863,70,0,70.0,0.0136065154941
82,33785.213166144196,68.35381657008371,4.156878314376091,0.061404223416957726,3.112052924055308,2.5810305993428035,0.8078374742169754,31471.02314814815,69.81611877367911,2.4526154451992923,0.03523180993459416,2.6710701933376493,1.9729840357339063,0.7321602161202603,8596_8510,7.0,3.0,4.0,83,2,26,1,83,1,83,0,1,82,26,417,FL-417 S,S,Freeway,0.8656342291470001,0.0,8596,8510,S,3,65863,4,15,35500,65863,70,0,70.0,0.013751320828799998
83,31471.02314814815,69.81611877367911,2.4526154451992923,0.03523180993459416,2.6710701933376493,1.9729840357339063,0.7321602161202603,30816.063467492262,72.75505982055492,2.6061255835096984,0.03596156970817789,4.011013554769267,2.9770154060616147,0.7361057931439097,8510_6855,2.0,2.0,0.0,84,2,27,1,84,1,84,0,1,83,27,417,FL-417 S,S,Freeway,0.34140083265,0.0,8510,6855,W,2,65863,4,417,45500,65863,70,0,70.0,0.00520647354583
84,30816.063467492262,72.75505982055492,2.6061255835096984,0.03596156970817789,4.011013554769267,2.9770154060616147,0.7361057931439097,31398.230889235565,75.61733753648066,2.4699845326478918,0.03278542899633671,4.361417403702805,3.1622055854512943,0.71967943279735,6855_6170,4.0,3.0,1.0,85,2,28,1,85,1,85,0,1,84,28,417,FL-417 S,S,Freeway,0.623191601603,0.0,6855,6170,W,2,65863,4,417,45500,65863,70,0,70.0,0.00949151163552
85,36204.051242236026,74.02355540158338,3.4733612159158143,0.04717829513315182,3.4534316903043325,2.5427632774685294,0.7183845075873079,32988.42901234568,67.93396235994825,4.6520892346517755,0.06904081808987263,3.6861290237694235,2.8414079291753778,0.7538256644854546,8536_8514,8.0,6.0,2.0,86,2,29,1,86,1,86,0,1,85,29,417,FL-417 S,S,Freeway,0.306133055603,0.0,8536,8514,S,2,65863,4,417,82000,65863,70,52,70.0,0.00445169703092
86,36452.32605304213,67.16542703130469,4.685465862796248,0.07010231328309126,3.8584997272563673,2.787780759024536,0.7123826471393513,36204.051242236026,74.02355540158338,3.4733612159158143,0.04717829513315182,3.4534316903043325,2.5427632774685294,0.7183845075873079,8516_8536,16.0,8.0,8.0,87,2,30,1,87,1,87,0,1,86,30,417,FL-417 S,S,Freeway,0.595046505856,0.0,8516,8536,S,2,65863,4,417,82000,65863,70,68,70.0,0.008660377810749999
87,32988.42901234568,67.93396235994825,4.6520892346517755,0.06904081808987263,3.6861290237694235,2.8414079291753778,0.7538256644854546,33905.0725308642,71.50904632400444,4.0591151499557885,0.05729199264864537,3.494995043707465,2.6722488277466447,0.7419416744136572,8514_6174,5.0,3.0,2.0,88,2,31,1,88,1,88,0,1,87,31,417,FL-417 S,S,Freeway,0.353318402504,0.0,8514,6174,S,2,65863,4,417,82000,65863,70,101,70.0,0.00521311576304
88,33905.0725308642,71.50904632400444,4.0591151499557885,0.05729199264864537,3.494995043707465,2.6722488277466447,0.7419416744136572,33785.213166144196,68.35381657008371,4.156878314376091,0.061404223416957726,3.112052924055308,2.5810305993428035,0.8078374742169754,6174_8596,7.0,4.0,3.0,89,2,32,1,89,1,89,0,1,88,32,417,FL-417 S,S,Freeway,0.7148514318989999,0.0,6174,8596,S,2,65863,4,417,82000,65863,70,0,70.0,0.011124147515100002
89,37464.998456790134,72.25987550183964,4.0712931849625935,0.05675900165106423,3.5931983847698263,2.6982062180309287,0.7367352597515617,36452.32605304213,67.16542703130469,4.685465862796248,0.07010231328309126,3.8584997272563673,2.787780759024536,0.7123826471393513,8391_8516,5.0,5.0,0.0,90,2,33,1,90,1,90,0,1,89,33,417,FL-417 S,S,Freeway,0.38909142458400003,0.0,8391,8516,S,2,65863,4,417,82000,65863,70,52,70.0,0.00566226912227
90,37552.20888157895,71.5091603644681,3.28003046557956,0.04632542754531575,3.2923150103088266,2.651646946764401,0.7818754076114649,37464.998456790134,72.25987550183964,4.0712931849625935,0.05675900165106423,3.5931983847698263,2.6982062180309287,0.7367352597515617,7999_8391,18.0,11.0,7.0,91,2,34,1,91,1,91,0,1,90,34,417,FL-417 S,S,Freeway,0.42654349412,0.0,7999,8391,S,2,65863,4,417,83057,65863,70,53,70.0,0.00620764730641
91,47694.1937007874,70.22413753824452,2.6877411777006133,0.03864758708778727,2.4762484949669017,1.740500169869574,0.6856697981979596,37552.20888157895,71.5091603644681,3.28003046557956,0.04632542754531575,3.2923150103088266,2.651646946764401,0.7818754076114649,7991_7999,5.0,4.0,1.0,92,2,35,1,92,1,92,0,1,91,35,417,FL-417 S,S,Freeway,1.16064343084,0.0,7991,7999,E,2,65863,4,528,73393,65863,70,76,70.0,0.0168786070234
92,51108.69598765432,72.90668683102024,2.423754458934741,0.03353577537333908,3.198661937787885,2.2025219994489014,0.6729058033498175,47694.1937007874,70.22413753824452,2.6877411777006133,0.03864758708778727,2.4762484949669017,1.740500169869574,0.6856697981979596,7092_7991,0.0,0.0,0.0,93,2,36,1,93,1,93,0,1,92,36,417,FL-417 S,S,Freeway,0.0830421373382,0.0,7092,7991,S,2,65863,4,417,83057,65863,70,52,70.0,0.00122168868435
93,48355.569444444445,70.68748629284103,2.5936964253424395,0.036881539497159416,3.1456955506323703,2.121784498985747,0.6618445779887429,90537.85906040267,73.55254597467443,2.101462265002124,0.02868992761452876,3.106144626196618,2.118539599607251,0.6725785755180748,8555_8559,7.0,6.0,1.0,94,2,37,1,94,1,94,0,1,93,37,417,FL-417 S,S,Freeway,0.41091191598300003,0.0,8555,8559,S,2,65863,6,417,97034,65863,70,63,70.0,0.00608646651501
94,90537.85906040267,73.55254597467443,2.101462265002124,0.02868992761452876,3.106144626196618,2.118539599607251,0.6725785755180748,68033.97685185184,72.92247270319208,2.272210303314353,0.03127533610734338,3.485242954079256,2.324531742256957,0.6600167608179919,8559_6030,15.0,10.0,5.0,95,2,38,1,95,1,95,0,1,94,38,417,FL-417 S,S,Freeway,1.03789945523,0.0,8559,6030,S,2,65863,6,417,97034,65863,70,63,70.0,0.015239944357700002
95,51264.12519319938,71.28916143190062,2.2979686448654806,0.032372261718149505,3.496112149130622,2.292391643619561,0.64833754369256,51108.69598765432,72.90668683102024,2.423754458934741,0.03353577537333908,3.198661937787885,2.2025219994489014,0.6729058033498175,8546_7092,38.0,24.0,14.0,96,2,39,1,96,1,96,0,1,95,39,417,FL-417 S,S,Freeway,1.12851973566,0.0,8546,7092,S,2,65863,6,417,96500,65863,70,80,70.0,0.0167365149054
96,50386.17592592593,71.24821910108663,2.627636928325249,0.03705656070048124,3.0654381442948027,2.0299114767743656,0.6550706565731109,51264.12519319938,71.28916143190062,2.2979686448654806,0.032372261718149505,3.496112149130622,2.292391643619561,0.64833754369256,8383_8546,11.0,9.0,2.0,97,2,40,1,97,1,97,0,1,96,40,417,FL-417 S,S,Freeway,0.598281138529,0.0,8383,8546,S,2,65863,6,417,96500,65863,70,51,70.0,0.008748998254360001
97,52047.50154320987,70.09025246664241,2.555194287481566,0.03663923672684143,3.6499885809217054,2.4550701952927745,0.6644133556631592,50386.17592592593,71.24821910108663,2.627636928325249,0.03705656070048124,3.0654381442948027,2.0299114767743656,0.6550706565731109,6895_8383,5.0,3.0,2.0,98,2,41,1,98,1,98,0,1,97,41,417,FL-417 S,S,Freeway,0.245820660608,0.0,6895,8383,S,2,65863,6,417,96500,65863,70,46,70.0,0.00359398865315
98,51565.52777777778,70.67489299689028,2.569762870011889,0.03657475488635865,3.054382158267153,1.960020170270685,0.6339810101835148,52047.50154320987,70.09025246664241,2.555194287481566,0.03663923672684143,3.6499885809217054,2.4550701952927745,0.6644133556631592,6316_6895,1.0,1.0,0.0,99,2,42,1,99,1,99,0,1,98,42,417,FL-417 S,S,Freeway,0.384461451754,0.0,6316,6895,S,2,65863,6,417,96500,65863,70,46,70.0,0.0056234813884300005
99,68033.97685185184,72.92247270319208,2.272210303314353,0.03127533610734338,3.485242954079256,2.324531742256957,0.6600167608179919,51565.52777777778,70.67489299689028,2.569762870011889,0.03657475488635865,3.054382158267153,1.960020170270685,0.6339810101835148,6030_6316,4.0,2.0,2.0,100,2,43,1,100,1,100,0,1,99,43,417,FL-417 S,S,Freeway,0.20429148982200002,0.0,6030,6316,S,2,65863,6,417,96500,65863,70,49,70.0,0.00297498721815
100,48607.21696574225,66.83857521615197,2.4187383334660413,0.036508077771282885,3.4719258337440406,2.4636081235715817,0.6903749734838625,48607.21696574225,66.83857521615197,2.4187383334660413,0.036508077771282885,3.4719258337440406,2.4636081235715817,0.6903749734838625,7071_11709,0.0,0.0,0.0,101,2,44,1,101,1,101,0,1,100,44,417,FL-417 S,S,Freeway,0.0142650839994,0.0,7071,11709,S,2,65863,4,417,97500,65863,70,0,70.0,0.00020986073776099997
101,48607.21696574225,66.83857521615197,2.4187383334660413,0.036508077771282885,3.4719258337440406,2.4636081235715817,0.6903749734838625,47572.16512345678,132.00307988828555,3.53588503010066,0.02700891380582806,4.572593821693468,3.0412310755923646,0.6535549234548944,7071_6968,10.0,6.0,4.0,102,2,45,1,102,1,102,0,1,101,45,417,FL-417 S,S,Freeway,0.715842621982,0.0,7071,6968,S,2,65863,4,417,97500,65863,70,0,70.0,0.0104132712329
102,28468.725705329154,70.82699148298589,3.2882129047595248,0.046836313290404816,3.96630472909972,2.7426882864577866,0.6836931236291101,,,,,,,,11875_6251,1.0,1.0,0.0,103,2,46,1,103,1,103,0,1,102,46,417,FL-417 S,S,Freeway,0.115234451698,0.0,11875,6251,S,2,65863,6,417,69354,65863,70,0,70.0,0.00178172535959
103,47572.16512345678,132.00307988828555,3.53588503010066,0.02700891380582806,4.572593821693468,3.0412310755923646,0.6535549234548944,48355.569444444445,70.68748629284103,2.5936964253424395,0.036881539497159416,3.1456955506323703,2.121784498985747,0.6618445779887429,6968_8555,26.0,18.0,8.0,104,2,47,1,104,1,104,0,1,103,47,417,FL-417 S,S,Freeway,1.05000682196,0.0,6968,8555,S,2,65863,4,417,97500,65863,70,43,70.0,0.015279000597600002
104,48672.57187017002,64.92826570186239,2.813069939223463,0.043580795644223486,3.02837740587546,2.0384045967048667,0.6654281444975455,28468.725705329154,70.82699148298589,3.2882129047595248,0.046836313290404816,3.96630472909972,2.7426882864577866,0.6836931236291101,8568_11875,12.0,6.0,6.0,105,2,48,1,105,1,105,0,1,104,48,417,FL-417 S,S,Freeway,0.460695843984,0.0,8568,11875,S,2,65863,6,417,69354,65863,65,64,65.0,0.00712393992797
105,48320.00462962963,64.90947107290833,2.291626466459097,0.035480678982799135,2.2323515859752017,1.5322448643473574,0.6796718964289908,48672.57187017002,64.92826570186239,2.813069939223463,0.043580795644223486,3.02837740587546,2.0384045967048667,0.6654281444975455,8453_8568,5.0,2.0,3.0,106,2,49,1,106,1,106,0,1,105,49,417,FL-417 S,S,Freeway,0.526801969099,0.0,8453,8568,S,2,65863,6,417,69354,65863,70,57,70.0,0.008114201248850001
106,,,,,,,,48607.21696574225,66.83857521615197,2.4187383334660413,0.036508077771282885,3.4719258337440406,2.4636081235715817,0.6903749734838625,6251_11709,10.0,8.0,2.0,107,2,50,1,107,1,107,0,1,106,50,417,FL-417 S,S,Freeway,0.434654958051,0.0,6251,11709,S,2,65863,4,417,97500,65863,70,0,70.0,0.006597289192380001
107,44604.317829457366,57.47560937470063,3.4702195244812497,0.0610009071873689,5.227291241446596,3.643227245043338,0.6883353942898238,47483.79037267081,66.18417842298241,3.4943491572094527,0.053442002674676685,4.509004228676033,3.0664115294987218,0.6685631410672817,8588_8118,29.0,21.0,8.0,108,2,51,1,108,1,108,0,1,107,51,417,FL-417 S,S,Freeway,0.314190599054,0.0,8588,8118,S,2,65863,5,417,83459,65863,70,102,70.0,0.00458940847371
108,49057.108527131786,66.57241364541514,2.5883337618903526,0.03908654770966248,3.32002130547826,2.2739373144425987,0.678638701249245,48320.00462962963,64.90947107290833,2.291626466459097,0.035480678982799135,2.2323515859752017,1.5322448643473574,0.6796718964289908,8572_8453,15.0,14.0,1.0,109,2,52,1,109,1,109,0,1,108,52,417,FL-417 S,S,Freeway,0.952765149993,0.0,8572,8453,W,3,65863,6,50,56410,65863,70,54,70.0,0.013930287199699999
109,47482.23919753086,69.9503076533735,2.4860871227998707,0.035754083788412605,3.2143611786301833,2.1498203893773926,0.6600771523140355,49057.108527131786,66.57241364541514,2.5883337618903526,0.03908654770966248,3.32002130547826,2.2739373144425987,0.678638701249245,8563_8572,8.0,4.0,4.0,110,2,53,1,110,1,110,0,1,109,53,417,FL-417 S,S,Freeway,0.319507970381,0.0,8563,8572,S,2,65863,6,417,91500,65863,70,67,70.0,0.00467276097257
110,45875.62345679013,67.24128547588259,4.217676772103921,0.06335487773924478,4.257333569258397,2.923608367556884,0.6853036654521071,47110.62208398134,65.340793281312,3.4781870089744253,0.053958121568282134,4.455221987824769,3.1490784969256684,0.6921481827758258,8456_6789,7.0,5.0,2.0,111,2,54,1,111,1,111,0,1,110,54,417,FL-417 S,S,Freeway,0.449856257685,0.0,8456,6789,S,2,65863,4,417,91500,65863,70,52,70.0,0.006841259493090001
111,47483.79037267081,66.18417842298241,3.4943491572094527,0.053442002674676685,4.509004228676033,3.0664115294987218,0.6685631410672817,45875.62345679013,67.24128547588259,4.217676772103921,0.06335487773924478,4.257333569258397,2.923608367556884,0.6853036654521071,8118_8456,9.0,8.0,1.0,112,2,55,1,112,1,112,0,1,111,55,417,FL-417 S,S,Freeway,0.344674752021,0.0,8118,8456,S,2,65863,5,417,91500,65863,70,43,70.0,0.0052072627193999995
112,47839.607255520496,71.04186993891919,2.6089992844043364,0.037056077373752584,4.348497661200026,2.9833757995459758,0.6776250290393974,47482.23919753086,69.9503076533735,2.4860871227998707,0.035754083788412605,3.2143611786301833,2.1498203893773926,0.6600771523140355,6691_8563,5.0,4.0,1.0,113,2,56,1,113,1,113,0,1,112,56,417,FL-417 S,S,Freeway,0.435234167071,0.0,6691,8563,S,2,65863,6,417,91500,65863,70,46,70.0,0.00652750783436
113,47110.62208398134,65.340793281312,3.4781870089744253,0.053958121568282134,4.455221987824769,3.1490784969256684,0.6921481827758258,47839.607255520496,71.04186993891919,2.6089992844043364,0.037056077373752584,4.348497661200026,2.9833757995459758,0.6776250290393974,6789_6691,7.0,3.0,4.0,114,2,57,1,114,1,114,0,1,113,57,417,FL-417 S,S,Freeway,0.342118847831,0.0,6789,6691,S,2,65863,4,417,91500,65863,70,43,70.0,0.005204235030460001
114,37207.5987654321,65.67842003889285,8.540463938366974,0.1337253738526195,5.380613548486401,5.187760544583531,0.90400161622084,36464.396604938265,67.52783197125996,6.4539856479102005,0.0976243618484899,5.917719010965872,4.8594965038997335,0.8009189412097989,6052_8088,17.0,14.0,3.0,115,2,58,1,115,1,115,0,1,114,58,417,FL-417 S,S,Freeway,0.544818945526,0.0,6052,8088,S,2,65863,5,417,78149,65863,70,39,70.0,0.00817758693968
115,36464.396604938265,67.52783197125996,6.4539856479102005,0.0976243618484899,5.917719010965872,4.8594965038997335,0.8009189412097989,39139.495327102806,65.52472053493439,4.521033783666762,0.06987980405564534,4.3371861227553525,3.1547094109062312,0.7137160981920551,8088_8565,1.0,1.0,0.0,116,2,59,1,116,1,116,0,1,115,59,417,FL-417 S,S,Freeway,0.0790439635563,0.0,8088,8565,S,2,65863,5,417,78149,65863,70,46,70.0,0.0012072005609000001
116,39139.495327102806,65.52472053493439,4.521033783666762,0.06987980405564534,4.3371861227553525,3.1547094109062312,0.7137160981920551,44604.317829457366,57.47560937470063,3.4702195244812497,0.0610009071873689,5.227291241446596,3.643227245043338,0.6883353942898238,8565_8588,12.0,11.0,1.0,117,2,60,1,117,1,117,0,1,116,60,417,FL-417 S,S,Freeway,0.426625792594,0.0,8565,8588,S,2,65863,5,417,83459,65863,70,37,70.0,0.006423783708
117,17258.51326053042,69.78358776135829,2.561783367792278,0.036730718243449416,1.7578360659734693,1.2484141510010192,0.7108768590213921,19681.323029366307,73.52003275787285,3.0176716942518462,0.0410882128446224,1.925391966024872,1.3130160973094738,0.6814457857478337,9706_9710,4.0,2.0,2.0,118,2,2,1,118,1,118,0,1,117,2,429,FL-429 N,N,Freeway,0.823554797869,0.0,9706,9710,N,2,65863,4,429,25600,65863,70,44,70.0,0.0120668193331
118,17476.060185185186,72.61016797359066,2.410515799922998,0.03321026418632145,2.407095357962787,1.7497264802207528,0.7259606823643766,17258.51326053042,69.78358776135829,2.561783367792278,0.036730718243449416,1.7578360659734693,1.2484141510010192,0.7108768590213921,6244_9706,13.0,11.0,2.0,119,2,3,1,119,1,119,0,1,118,3,429,FL-429 N,N,Freeway,1.60953074452,0.0,6244,9706,N,2,65863,4,429,25600,65863,70,90,70.0,0.0238020576051
119,19681.323029366307,73.52003275787285,3.0176716942518462,0.0410882128446224,1.925391966024872,1.3130160973094738,0.6814457857478337,19676.00464396285,75.94045608679863,2.7143337140006905,0.03580984270558079,2.799016426405781,2.1224592331777843,0.7562493951174469,9710_6236,1.0,0.0,1.0,120,2,4,1,120,1,120,0,1,119,4,429,FL-429 N,N,Freeway,0.373688779428,0.0,9710,6236,N,2,65863,4,429,25600,65863,70,45,70.0,0.005679096198270001
120,19639.417956656347,72.2485492171727,2.5708136390756984,0.0356569110162728,1.9757282953559685,1.4163528087408432,0.7141626753589924,23314.754658385093,69.17882337200825,2.5186231871644904,0.036501075581885714,2.4606364560802207,1.8003046135833152,0.7232728600626405,8048_8037,8.0,5.0,3.0,121,2,5,1,121,1,121,0,1,120,5,429,FL-429 N,N,Freeway,0.703296480051,0.0,8048,8037,N,2,65863,4,429,25600,65863,70,76,70.0,0.0102174904463
121,23314.754658385093,69.17882337200825,2.5186231871644904,0.036501075581885714,2.4606364560802207,1.8003046135833152,0.7232728600626405,23395.35503875969,72.71985887737661,2.6241211816285226,0.03626070995893496,2.671249008236,2.0741817545564936,0.7676621730951461,8037_6764,21.0,13.0,8.0,122,2,6,1,122,1,122,0,1,121,6,429,FL-429 N,N,Freeway,0.773026993761,0.0,8037,6764,N,2,65863,4,429,25600,65863,70,70,70.0,0.0116244169615
122,19676.00464396285,75.94045608679863,2.7143337140006905,0.03580984270558079,2.799016426405781,2.1224592331777843,0.7562493951174469,19639.417956656347,72.2485492171727,2.5708136390756984,0.0356569110162728,1.9757282953559685,1.4163528087408432,0.7141626753589924,6236_8048,6.0,5.0,1.0,123,2,7,1,123,1,123,0,1,122,7,429,FL-429 N,N,Freeway,0.878892742994,0.0,6236,8048,N,2,65863,4,429,25600,65863,70,79,70.0,0.0131808307116
123,23395.35503875969,72.71985887737661,2.6241211816285226,0.03626070995893496,2.671249008236,2.0741817545564936,0.7676621730951461,17577.052132701418,67.10458147062036,5.486544538786419,-0.09376296569702698,1.8716340193703809,1.3078380756337713,0.6983945657940319,6764_6763,3.0,2.0,1.0,124,2,8,1,124,1,124,0,1,123,8,429,FL-429 N,N,Freeway,0.644287386684,0.0,6764,6763,N,2,65863,4,429,25600,65863,70,85,70.0,0.00980415184765
124,17577.052132701418,67.10458147062036,5.486544538786419,-0.09376296569702698,1.8716340193703809,1.3078380756337713,0.6983945657940319,22044.43498452012,71.13575435597585,2.9922900636106533,0.04259284748201828,2.875173621742301,2.153140138847913,0.7372303388304345,6763_6186,10.0,5.0,5.0,125,2,9,1,125,1,125,0,1,124,9,429,FL-429 N,N,Freeway,0.454262428776,0.0,6763,6186,N,2,65863,4,429,25600,65863,70,84,70.0,0.006913219719829999
125,23806.614649681527,72.63254773628219,2.6675930116737976,0.03700127129198084,2.262206640583696,1.6845604682336075,0.7353600580905708,33020.93769470405,68.96042756342926,4.013421479665358,0.060361404830914726,3.604548286022145,3.0212238171248638,0.8031951148929029,8494_8462,27.0,24.0,3.0,126,2,10,1,126,1,126,0,1,125,10,429,FL-429 N,N,Freeway,0.959382957922,0.0,8494,8462,E,2,65863,4,429,25600,65863,70,105,70.0,0.015359581169900001
126,23200.539936102243,75.60942706068319,2.6805823408499982,0.03596044263421575,3.5449174475026504,2.574154227339511,0.7105639525444402,23806.614649681527,72.63254773628219,2.6675930116737976,0.03700127129198084,2.262206640583696,1.6845604682336075,0.7353600580905708,6858_8494,4.0,1.0,3.0,127,2,11,1,127,1,127,0,1,126,11,429,FL-429 N,N,Freeway,0.41544927454400005,0.0,6858,8494,N,2,65863,4,429,25600,65863,70,61,70.0,0.0068038707838
127,22044.43498452012,71.13575435597585,2.9922900636106533,0.04259284748201828,2.875173621742301,2.153140138847913,0.7372303388304345,23200.539936102243,75.60942706068319,2.6805823408499982,0.03596044263421575,3.5449174475026504,2.574154227339511,0.7105639525444402,6186_6858,14.0,12.0,2.0,128,2,12,1,128,1,128,0,1,127,12,429,FL-429 N,N,Freeway,1.2393606740099998,0.0,6186,6858,N,2,65863,4,429,25600,65863,70,68,70.0,0.0192109896313
128,33020.93769470405,68.96042756342926,4.013421479665358,0.060361404830914726,3.604548286022145,3.0212238171248638,0.8031951148929029,33998.13601236476,67.56485440519262,4.305164142383723,0.06473075202176967,5.3361855525152535,4.4001658536598525,0.7989363415833663,8462_6231,20.0,15.0,5.0,129,2,13,1,129,1,129,0,1,128,13,429,FL-429 N,N,Freeway,0.556776556083,0.0,8462,6231,E,2,65863,4,429,51670,65863,70,77,70.0,0.00880474694335
129,15666.648902821316,69.74436963836271,3.1936465358798665,0.04590232951230568,1.3442946408069398,1.0807815288054698,0.7717795732328162,16586.609567901236,68.06332742950903,4.089794070890783,0.060588044553011824,1.6854472540292191,1.6502623617875545,0.8603248046204879,8522_8498,7.0,4.0,3.0,130,2,14,1,130,1,130,0,1,129,14,429,FL-429 N,N,Freeway,0.432996428543,0.0,8522,8498,W,3,65863,4,50,47500,65863,70,47,70.0,0.006314991494109999
130,36730.39408866995,74.05489890291496,5.037774696890415,0.06954527406367503,2.9588928215498216,2.9228373611955316,0.8897460653931024,36660.89302325581,67.9035427486004,4.784687217970267,0.07172018595520835,2.6260109822544457,2.7490480876595487,0.9251123814760209,8500_8421,26.0,18.0,8.0,131,2,15,1,131,1,131,0,1,130,15,429,FL-429 N,N,Freeway,0.348546973,0.0,8500,8421,N,2,65863,4,429,70235,65863,70,51,70.0,0.00511615488768
131,16586.609567901236,68.06332742950903,4.089794070890783,0.060588044553011824,1.6854472540292191,1.6502623617875545,0.8603248046204879,36730.39408866995,74.05489890291496,5.037774696890415,0.06954527406367503,2.9588928215498216,2.9228373611955316,0.8897460653931024,8498_8500,15.0,13.0,2.0,132,2,16,1,132,1,132,0,1,131,16,429,FL-429 N,N,Freeway,0.448090903793,0.0,8498,8500,N,2,65863,4,429,70235,65863,70,46,70.0,0.00652162488391
132,34564.706790123455,65.40060512173021,4.157399843429172,0.06398376401261491,3.7294682421177816,3.0118098706605765,0.7953070424363688,34005.702229299364,66.09674809165858,2.6362705913367086,0.040024671537261934,2.8275950229980613,2.092278348232256,0.7315944912077321,8470_6274,4.0,1.0,3.0,133,2,17,1,133,1,133,0,1,132,17,429,FL-429 N,N,Freeway,0.24309034874899998,0.0,8470,6274,N,2,65863,4,429,64000,65863,70,66,70.0,0.00353328083952
133,,,,,,,,15666.648902821316,69.74436963836271,3.1936465358798665,0.04590232951230568,1.3442946408069398,1.0807815288054698,0.7717795732328162,6738_8522,0.0,0.0,0.0,134,2,18,1,134,1,134,0,1,133,18,429,FL-429 N,N,Freeway,0.17438828267200002,0.0,6738,8522,E,2,65863,8,91,91446,65863,70,48,70.0,0.0025426383283299997
134,34005.702229299364,66.09674809165858,2.6362705913367086,0.040024671537261934,2.8275950229980613,2.092278348232256,0.7315944912077321,,,,,,,,6274_6738,6.0,5.0,1.0,135,2,19,1,135,1,135,0,1,134,19,429,FL-429 N,N,Freeway,0.28416491352,0.0,6274,6738,N,2,65863,4,429,64000,65863,70,48,70.0,0.0041386803600199995
135,33998.13601236476,67.56485440519262,4.305164142383723,0.06473075202176967,5.3361855525152535,4.4001658536598525,0.7989363415833663,34564.706790123455,65.40060512173021,4.157399843429172,0.06398376401261491,3.7294682421177816,3.0118098706605765,0.7953070424363688,6231_8470,24.0,14.0,10.0,136,2,20,1,136,1,136,0,1,135,20,429,FL-429 N,N,Freeway,1.31606056239,0.0,6231,8470,E,2,65863,4,429,51670,65863,70,51,70.0,0.0206661107437
136,33938.763523956724,70.41361866309096,5.103310605116033,0.07370214398251368,3.453813851798041,2.912221639326248,0.7930549279848907,33916.36574074074,75.47925773319679,4.911388613618894,0.06618405713083035,5.1650759991002895,4.2175159372474615,0.7818407512136487,8425_6089,0.0,0.0,0.0,137,2,21,1,137,1,137,0,1,136,21,429,FL-429 N,N,Freeway,0.280633475566,0.0,8425,6089,N,2,65863,4,429,64500,65863,70,50,70.0,0.004077348790340001
137,36660.89302325581,67.9035427486004,4.784687217970267,0.07172018595520835,2.6260109822544457,2.7490480876595487,0.9251123814760209,33938.763523956724,70.41361866309096,5.103310605116033,0.07370214398251368,3.453813851798041,2.912221639326248,0.7930549279848907,8421_8425,36.0,27.0,9.0,138,2,22,1,138,1,138,0,1,137,22,429,FL-429 N,N,Freeway,0.883147628518,0.0,8421,8425,N,2,65863,4,429,69256,65863,70,42,70.0,0.012874391754600001
138,33859.88992248062,69.20508612772475,2.999072733458036,0.04355934085841055,3.283914581849644,2.427102879968171,0.7254560832582034,29195.570987654322,70.45070438920703,3.0450654824603207,0.0433561608045997,3.11430173623045,2.148083468130286,0.6797512418657721,8389_8460,3.0,3.0,0.0,139,2,23,1,139,1,139,0,1,138,23,429,FL-429 N,N,Freeway,0.6971669140819999,0.0,8389,8460,N,2,65863,4,429,81000,65863,70,53,70.0,0.0111911207397
139,32576.094135802472,74.3454443528179,3.4848643290871983,0.04719827419538082,5.004930732438081,3.8973677119017,0.7598307026448397,33859.88992248062,69.20508612772475,2.999072733458036,0.04355934085841055,3.283914581849644,2.427102879968171,0.7254560832582034,6220_8389,18.0,12.0,6.0,140,2,24,1,140,1,140,0,1,139,24,429,FL-429 N,N,Freeway,0.291038455977,0.0,6220,8389,E,2,65863,4,429,71570,65863,70,55,70.0,0.00470463035947
140,33916.36574074074,75.47925773319679,4.911388613618894,0.06618405713083035,5.1650759991002895,4.2175159372474615,0.7818407512136487,32576.094135802472,74.3454443528179,3.4848643290871983,0.04719827419538082,5.004930732438081,3.8973677119017,0.7598307026448397,6089_6220,23.0,13.0,10.0,141,2,25,1,141,1,141,0,1,140,25,429,FL-429 N,N,Freeway,1.21795466539,0.0,6089,6220,N,2,65863,4,429,64500,65863,70,118,70.0,0.0180384803813
141,27582.10869565217,71.84752814522848,2.2073798551826003,0.030793854787409525,2.733007203244328,1.934926423291209,0.6951447841553959,27506.75386996904,70.6388072106057,2.506894806608396,0.035563374917803404,1.7482147838304116,1.3025588742099226,0.7341691410605983,6652_8320,5.0,4.0,1.0,142,2,26,1,142,1,142,0,1,141,26,429,FL-429 N,N,Freeway,0.41478697259,0.0,6652,8320,N,2,65863,4,429,21000,65863,70,67,70.0,0.0060614931065
142,29195.570987654322,70.45070438920703,3.0450654824603207,0.0433561608045997,3.11430173623045,2.148083468130286,0.6797512418657721,32915.44099378882,70.63530505737263,2.9261165511774165,0.041719722365343735,2.6871637526609176,1.8684764104154412,0.6803618709739385,8460_6069,12.0,10.0,2.0,143,2,27,1,143,1,143,0,1,142,27,429,FL-429 N,N,Freeway,0.604044548781,0.0,8460,6069,N,2,65863,4,429,81000,65863,70,44,70.0,0.00884222110143
143,29234.44736842105,71.47676857758397,2.52479635266274,0.03540889210331012,2.674898916485164,1.9155635366555424,0.7033213991062963,27539.743034055733,67.36647347507723,2.6859967554327144,0.03995019500111949,2.950652071010871,2.0393217848836573,0.6820301261620473,8444_8441,6.0,3.0,3.0,144,2,28,1,144,1,144,0,1,143,28,429,FL-429 N,N,Freeway,0.545558459424,0.0,8444,8441,N,2,65863,4,429,81000,65863,70,82,70.0,0.008174562705720001
144,27539.743034055733,67.36647347507723,2.6859967554327144,0.03995019500111949,2.950652071010871,2.0393217848836573,0.6820301261620473,27582.10869565217,71.84752814522848,2.2073798551826003,0.030793854787409525,2.733007203244328,1.934926423291209,0.6951447841553959,8441_6652,2.0,0.0,2.0,145,2,29,1,145,1,145,0,1,144,29,429,FL-429 N,N,Freeway,0.200197714159,0.0,8441,6652,N,2,65863,4,429,81000,65863,70,49,70.0,0.00291586334777
145,29132.913580246914,70.2365465480657,3.2258738435174568,0.04618762634160708,3.0223292252636864,2.1395202675636877,0.6908059485631666,29234.44736842105,71.47676857758397,2.52479635266274,0.03540889210331012,2.674898916485164,1.9155635366555424,0.7033213991062963,6295_8444,8.0,5.0,3.0,146,2,30,1,146,1,146,0,1,145,30,429,FL-429 N,N,Freeway,0.940974073356,0.0,6295,8444,N,2,65863,4,429,81000,65863,70,66,70.0,0.01383611209
146,32915.44099378882,70.63530505737263,2.9261165511774165,0.041719722365343735,2.6871637526609176,1.8684764104154412,0.6803618709739385,29132.913580246914,70.2365465480657,3.2258738435174568,0.04618762634160708,3.0223292252636864,2.1395202675636877,0.6908059485631666,6069_6295,1.0,0.0,1.0,147,2,31,1,147,1,147,0,1,146,31,429,FL-429 N,N,Freeway,0.33326483666400003,0.0,6069,6295,N,2,65863,4,429,81000,65863,70,44,70.0,0.00484445213338
147,16434.276661514687,77.05302791662169,2.8587578695643514,0.03712494399376013,1.4490960379996016,1.1115260405999858,0.7537369191801464,,,,,,,,5881_6875,5.0,3.0,2.0,148,2,32,1,148,1,148,0,1,147,32,429,FL-429 N,N,Freeway,0.7017932169140001,0.0,5881,6875,N,2,65863,6,429,38500,65863,70,55,70.0,0.010424321088600001
148,16500.63369397218,77.8143488949512,2.6954031577068376,0.034685966324576406,1.3129468722429227,1.04563065852279,0.7737077625992813,,,,,,,,6222_6875,0.0,0.0,0.0,149,2,33,1,149,1,149,0,1,148,33,429,FL-429 N,N,Freeway,0.325048595864,0.0,6222,6875,N,2,65863,6,429,38500,65863,70,59,70.0,0.00477954054268
149,16519.364649681527,73.07485313195514,2.25438119550982,0.030879847965953194,0.9611144075447005,0.7500281118917222,0.7657140388408719,16500.63369397218,77.8143488949512,2.6954031577068376,0.034685966324576406,1.3129468722429227,1.04563065852279,0.7737077625992813,6016_6222,3.0,2.0,1.0,150,2,34,1,150,1,150,0,1,149,34,429,FL-429 N,N,Freeway,0.7404974663580001,0.0,6016,6222,W,2,65863,4,414,38500,65863,70,52,70.0,0.011253786126299998
150,16434.276661514687,77.05302791662169,2.8587578695643514,0.03712494399376013,1.4490960379996016,1.1115260405999858,0.7537369191801464,10375.19629057187,69.94893559846545,3.3798277665793734,0.0485243200837008,1.2098756196412055,0.966660873936206,0.8005252469554693,5881_5879,5.0,3.0,2.0,151,2,35,1,151,1,151,0,1,150,35,429,FL-429 N,N,Freeway,1.24506242338,0.0,5881,5879,W,3,65863,4,441,25000,65863,45,58,70.0,0.0181085988202
151,27506.75386996904,70.6388072106057,2.506894806608396,0.035563374917803404,1.7482147838304116,1.3025588742099226,0.7341691410605983,,,,,,,,8320_6653,1.0,0.0,1.0,152,2,36,1,152,1,152,0,1,151,36,429,FL-429 N,N,Freeway,0.326546594974,0.0,8320,6653,S,2,65863,4,451,13600,65863,0,77,70.0,0.00476836132257
152,16519.364649681527,73.07485313195514,2.25438119550982,0.030879847965953194,0.9611144075447005,0.7500281118917222,0.7657140388408719,,,,,,,,6016_6653,1.0,1.0,0.0,153,2,37,1,153,1,153,0,1,152,37,429,FL-429 N,N,Freeway,0.354109345007,0.0,6016,6653,E,2,65863,4,414,38500,65863,70,63,70.0,0.00536450840543
153,14330.786707882537,56.952081774839534,3.817883525507932,0.06722545729809969,1.7922583291063092,1.352050229937805,0.7444568419199459,16132.061823802163,76.32398085759108,2.964636888147216,0.03896658315489211,1.2863018462327749,1.066793086795122,0.8053160245652494,6116_5880,7.0,5.0,2.0,154,2,1,1,154,1,154,0,1,153,1,429,FL-429 S,S,Freeway,1.25147151673,0.0,6116,5880,W,3,65863,4,441,25000,65863,70,90,70.0,0.018203412825
154,18265.73765432099,75.36476828781554,2.6791060534483564,0.03558513009297031,2.4449816930240824,1.7829808752605865,0.7289803196826835,18420.702160493827,74.76019388091879,3.021268091856073,0.04044717101674704,2.6060044425485267,1.9186491747956735,0.7364808325617371,6253_6224,1.0,1.0,0.0,155,2,2,1,155,1,155,0,1,154,2,429,FL-429 S,S,Freeway,0.523487256664,0.0,6253,6224,S,2,65863,4,429,25600,65863,70,67,70.0,0.00771558428782
155,18157.077160493827,75.85614138296512,2.761824857455317,0.03642804071406372,1.974431487890958,1.4089353571771497,0.7173832552760911,18265.73765432099,75.36476828781554,2.6791060534483564,0.03558513009297031,2.4449816930240824,1.7829808752605865,0.7289803196826835,9708_6253,2.0,0.0,2.0,156,2,4,1,156,1,156,0,1,155,4,429,FL-429 S,S,Freeway,1.27751302979,0.0,9708,6253,S,2,65863,4,429,25600,65863,70,101,70.0,0.018911674683400003
156,20134.876160990712,69.593898389629,2.7019913213016804,0.03883275831270268,1.8520003988752332,1.2759522955773404,0.6935834938629202,18157.077160493827,75.85614138296512,2.761824857455317,0.03642804071406372,1.974431487890958,1.4089353571771497,0.7173832552760911,9704_9708,2.0,1.0,1.0,157,2,5,1,157,1,157,0,1,156,5,429,FL-429 S,S,Freeway,0.6361188168330001,0.0,9704,9708,S,2,65863,4,429,25600,65863,70,46,70.0,0.00929921511649
157,23753.40217391304,70.81097942554663,2.566962346549108,0.03629412342760792,2.1703893461310693,1.551738620059162,0.7164437370768564,19150.392523364488,73.79709045840394,3.0073131104468103,0.04074621867043468,2.64600776877986,1.6832634063849798,0.6392948752919471,8039_8035,7.0,1.0,6.0,158,2,6,1,158,1,158,0,1,157,6,429,FL-429 S,S,Freeway,0.701141028509,0.0,8039,8035,S,2,65863,4,429,25600,65863,70,101,70.0,0.010186282020499999
158,19150.392523364488,73.79709045840394,3.0073131104468103,0.04074621867043468,2.64600776877986,1.6832634063849798,0.6392948752919471,20134.876160990712,69.593898389629,2.7019913213016804,0.03883275831270268,1.8520003988752332,1.2759522955773404,0.6935834938629202,8035_9704,3.0,1.0,2.0,159,2,7,1,159,1,159,0,1,158,7,429,FL-429 S,S,Freeway,1.24378829138,0.0,8035,9704,S,2,65863,4,429,25600,65863,70,65,70.0,0.0187304846288
159,23690.131782945737,73.94671099878197,2.4192362649273167,0.03276298775157666,3.0969353378430005,2.1818504242138177,0.7071330022414815,23753.40217391304,70.81097942554663,2.566962346549108,0.03629412342760792,2.1703893461310693,1.551738620059162,0.7164437370768564,6859_8039,9.0,8.0,1.0,160,2,8,1,160,1,160,0,1,159,8,429,FL-429 S,S,Freeway,0.800839649435,0.0,6859,8039,S,2,65863,4,429,25600,65863,70,111,70.0,0.012037727896499999
160,19481.71235194585,73.06640657527636,3.466982664577872,0.07349349284224077,3.2461175637056816,1.9339819310954176,0.8246582878540691,23791.90095846645,73.9424737082038,2.498439799609454,0.033953419791151095,3.2166934741098014,2.3215332285555834,0.7217519494570784,8492_6233,6.0,3.0,3.0,161,2,9,1,161,1,161,0,1,160,9,429,FL-429 S,S,Freeway,0.427864777443,0.0,8492,6233,S,2,65863,4,429,25600,65863,70,61,70.0,0.007005944767229999
161,22947.617088607596,68.63353193200935,4.954906871981675,-0.15807252818519776,2.4031351668007703,1.672331460455447,0.6980380299664651,23690.131782945737,73.94671099878197,2.4192362649273167,0.03276298775157666,3.0969353378430005,2.1818504242138177,0.7071330022414815,6969_6859,1.0,1.0,0.0,162,2,10,1,162,1,162,0,1,161,10,429,FL-429 S,S,Freeway,0.62979724156,0.0,6969,6859,S,2,65863,4,429,25600,65863,70,62,70.0,0.00958776727525
162,23775.76625386997,69.02494274450221,3.08911732628832,0.04520329728695338,2.060966111448256,1.3961159633884608,0.6725649106811539,22947.617088607596,68.63353193200935,4.954906871981675,-0.15807252818519776,2.4031351668007703,1.672331460455447,0.6980380299664651,6759_6969,4.0,3.0,1.0,163,2,11,1,163,1,163,0,1,162,11,429,FL-429 S,S,Freeway,0.41400408576,0.0,6759,6969,S,2,65863,4,429,25600,65863,70,84,70.0,0.006300891171499999
163,23791.90095846645,73.9424737082038,2.498439799609454,0.033953419791151095,3.2166934741098014,2.3215332285555834,0.7217519494570784,23775.76625386997,69.02494274450221,3.08911732628832,0.04520329728695338,2.060966111448256,1.3961159633884608,0.6725649106811539,6233_6759,7.0,6.0,1.0,164,2,12,1,164,1,164,0,1,163,12,429,FL-429 S,S,Freeway,1.28379061667,0.0,6233,6759,S,2,65863,4,429,25600,65863,70,76,70.0,0.0198887840322
164,33856.66510903427,66.35001816296415,3.5153211772539694,0.05328697917061792,3.648670727231705,2.9440554445550515,0.7921869398495343,19481.71235194585,73.06640657527636,3.466982664577872,0.07349349284224077,3.2461175637056816,1.9339819310954176,0.8246582878540691,8464_8492,8.0,3.0,5.0,165,2,13,1,165,1,165,0,1,164,13,429,FL-429 S,S,Freeway,0.967510003583,0.0,8464,8492,W,2,65863,4,429,25600,65863,70,86,70.0,0.015481832621799998
165,15535.75120385233,68.25764513456623,3.727316717592725,0.05474366528220465,1.5266827873968631,1.172082756315707,0.7481245824568273,33725.43780290792,68.21238081567503,5.185789169160229,0.07774741516537557,3.8102561878178083,3.5267340877509987,0.8645612229540505,8529_8524,10.0,8.0,2.0,166,2,14,1,166,1,166,0,1,165,14,429,FL-429 S,S,Freeway,0.464191004704,0.0,8529,8524,S,2,65863,4,429,64000,65863,70,64,70.0,0.0067659728614
166,33725.43780290792,68.21238081567503,5.185789169160229,0.07774741516537557,3.8102561878178083,3.5267340877509987,0.8645612229540505,33850.524844720494,72.36645826303317,5.4267575291744645,0.07596204247893774,4.9510731757062985,3.821444713096696,0.75872215069084,8524_6989,27.0,23.0,4.0,167,2,15,1,167,1,167,0,1,166,15,429,FL-429 S,S,Freeway,1.2311050428399999,0.0,8524,6989,W,2,65863,4,429,53390,65863,70,44,70.0,0.0189019296271
167,32363.366306027816,68.62580049011049,3.501692390836286,0.051174325667978166,2.474655899488397,2.065361484044661,0.8045181686758032,15535.75120385233,68.25764513456623,3.727316717592725,0.05474366528220465,1.5266827873968631,1.172082756315707,0.7481245824568273,8507_8529,2.0,1.0,1.0,168,2,16,1,168,1,168,0,1,167,16,429,FL-429 S,S,Freeway,0.299953468587,0.0,8507,8529,W,3,65863,4,50,47500,65863,70,47,70.0,0.00437397327582
168,36169.035273368616,69.4682685353228,3.0449676640422045,0.043903908763453216,3.8099034302368384,2.624579501354769,0.7055770089130031,32363.366306027816,68.62580049011049,3.501692390836286,0.051174325667978166,2.474655899488397,2.065361484044661,0.8045181686758032,8423_8507,19.0,12.0,7.0,169,2,17,1,169,1,169,0,1,168,17,429,FL-429 S,S,Freeway,0.580105995913,0.0,8423,8507,S,2,65863,4,429,70581,65863,70,102,70.0,0.0084475048407
169,33850.524844720494,72.36645826303317,5.4267575291744645,0.07596204247893774,4.9510731757062985,3.821444713096696,0.75872215069084,33856.66510903427,66.35001816296415,3.5153211772539694,0.05328697917061792,3.648670727231705,2.9440554445550515,0.7921869398495343,6989_8464,19.0,17.0,2.0,170,2,18,1,170,1,170,0,1,169,18,429,FL-429 S,S,Freeway,0.848413117917,0.0,6989,8464,W,2,65863,4,429,53390,65863,70,58,70.0,0.013541189352799998
170,34902.450726979,58.60865572502652,7.846438742115088,0.038109881051201416,4.180373880852547,3.0306979406775802,0.7114186926294306,36169.035273368616,69.4682685353228,3.0449676640422045,0.043903908763453216,3.8099034302368384,2.624579501354769,0.7055770089130031,8429_8423,16.0,11.0,5.0,171,2,19,1,171,1,171,0,1,170,19,429,FL-429 S,S,Freeway,0.932471570871,0.0,8429,8423,S,2,65863,4,429,72592,65863,70,60,70.0,0.0136443568266
171,34485.737984496125,68.14825503969746,4.908233121511467,0.07314968716607953,3.529787005881052,3.4416698135594586,0.9099547098943868,34984.353395061735,71.44449798255211,5.664709490357579,0.0805436678316392,5.86534430698285,5.309969884076872,0.8648105379192366,8393_6248,19.0,16.0,3.0,172,2,20,1,172,1,172,0,1,171,20,429,FL-429 S,S,Freeway,0.30879847841499997,0.0,8393,6248,S,2,65863,4,429,64500,65863,70,43,70.0,0.00499056937823
172,34984.353395061735,71.44449798255211,5.664709490357579,0.0805436678316392,5.86534430698285,5.309969884076872,0.8648105379192366,34485.123647604334,70.66281623524074,4.127023202154127,0.058936154863137566,4.68614576516173,3.736780955267563,0.7800585113918379,6248_5993,14.0,12.0,2.0,173,2,21,1,173,1,173,0,1,172,21,429,FL-429 S,S,Freeway,1.23787216517,0.0,6248,5993,S,2,65863,4,429,64500,65863,70,89,70.0,0.018341342997400003
173,34485.123647604334,70.66281623524074,4.127023202154127,0.058936154863137566,4.68614576516173,3.736780955267563,0.7800585113918379,34207.840803709434,68.72317116941129,3.6253896825911696,0.05310233643530015,3.352813834605565,2.46649705312473,0.7229704168201154,5993_8395,9.0,6.0,3.0,174,2,22,1,174,1,174,0,1,173,22,429,FL-429 S,S,Freeway,0.202626820516,0.0,5993,8395,S,2,65863,4,429,64500,65863,70,50,70.0,0.00294394231547
174,34207.840803709434,68.72317116941129,3.6253896825911696,0.05310233643530015,3.352813834605565,2.46649705312473,0.7229704168201154,34902.450726979,58.60865572502652,7.846438742115088,0.038109881051201416,4.180373880852547,3.0306979406775802,0.7114186926294306,8395_8429,5.0,4.0,1.0,175,2,23,1,175,1,175,0,1,174,23,429,FL-429 S,S,Freeway,0.37329219061700003,0.0,8395,8429,S,2,65863,4,429,64500,65863,70,98,70.0,0.00542352822207
175,29905.626543209877,69.4950154010714,4.1200910527274255,0.060088055009284574,3.8877373973953664,3.402099640138289,0.8253639349565806,34485.737984496125,68.14825503969746,4.908233121511467,0.07314968716607953,3.529787005881052,3.4416698135594586,0.9099547098943868,8458_8393,10.0,7.0,3.0,176,2,24,1,176,1,176,0,1,175,24,429,FL-429 S,S,Freeway,0.671556703433,0.0,8458,8393,W,2,65863,4,429,72601,65863,70,42,70.0,0.010776328713
176,29862.547987616097,67.87933002596,3.5527009791507345,0.05267635072811596,3.5564282488221046,2.6664101328088368,0.7306728399006808,29860.824074074077,66.53161767123308,3.925509676327207,0.05965010909981482,3.040377889957798,2.3420777766032232,0.7415854725846377,8438_6296,14.0,11.0,3.0,177,2,25,1,177,1,177,0,1,176,25,429,FL-429 S,S,Freeway,0.9320990721269999,0.0,8438,6296,S,2,65863,4,429,73457,65863,70,82,70.0,0.0137056350951
177,27912.309597523217,66.27663794356279,3.548051093666255,0.05382672219217573,2.9483386056605583,2.289996717424492,0.744661576666971,29862.547987616097,67.87933002596,3.5527009791507345,0.05267635072811596,3.5564282488221046,2.6664101328088368,0.7306728399006808,8434_8438,3.0,3.0,0.0,178,2,26,1,178,1,178,0,1,177,26,429,FL-429 S,S,Freeway,0.528478076241,0.0,8434,8438,S,2,65863,4,429,73457,65863,70,82,70.0,0.00792579751641
178,56673.4984375,67.62225836606032,4.470089684553872,0.06700851486494944,4.011207317115181,3.1691629286262715,0.76746319539591,29905.626543209877,69.4950154010714,4.1200910527274255,0.060088055009284574,3.8877373973953664,3.402099640138289,0.8253639349565806,7012_8458,17.0,13.0,4.0,179,2,27,1,179,1,179,0,1,178,27,429,FL-429 S,S,Freeway,0.592448460444,0.0,7012,8458,S,2,65863,4,429,81000,65863,70,44,70.0,0.0086708397753
179,29860.824074074077,66.53161767123308,3.925509676327207,0.05965010909981482,3.040377889957798,2.3420777766032232,0.7415854725846377,56673.4984375,67.62225836606032,4.470089684553872,0.06700851486494944,4.011207317115181,3.1691629286262715,0.76746319539591,6296_7012,1.0,1.0,0.0,180,2,28,1,180,1,180,0,1,179,28,429,FL-429 S,S,Freeway,0.33280695704999996,0.0,6296,7012,S,2,65863,4,429,81000,65863,70,72,70.0,0.00483789568771
180,27972.959564541205,72.79397463888853,2.6754270094111683,0.03701228027745698,2.0965591048123544,1.5932037823988952,0.7312200542090231,27912.309597523217,66.27663794356279,3.548051093666255,0.05382672219217573,2.9483386056605583,2.289996717424492,0.744661576666971,6255_8434,3.0,1.0,2.0,181,2,29,1,181,1,181,0,1,180,29,429,FL-429 S,S,Freeway,0.22742034535300001,0.0,6255,8434,S,2,65863,4,429,73457,65863,70,51,70.0,0.00331523216594
181,16209.462132921177,73.93799596247976,2.8882240048044565,0.03909542303878322,1.3657780027165471,1.0927580116665832,0.7913918570733138,16122.200934579441,70.62873513182554,2.9928049553721943,0.0424032830835782,1.1695518644755107,0.8958126125211106,0.7626597958249829,6221_5990,2.0,2.0,0.0,182,2,30,1,182,1,182,0,1,181,30,429,FL-429 S,S,Freeway,0.632137811457,0.0,6221,5990,E,2,65863,4,414,38500,65863,70,47,70.0,0.009576818847
182,16122.200934579441,70.62873513182554,2.9928049553721943,0.0424032830835782,1.1695518644755107,0.8958126125211106,0.7626597958249829,28030.69349845201,69.60716396612986,2.337075639628404,0.033733533160533104,1.8217466879595363,1.4181139477330256,0.7596320414293269,5990_8339,7.0,7.0,0.0,183,2,31,1,183,1,183,0,1,182,31,429,FL-429 S,S,Freeway,0.945777286024,0.0,5990,8339,S,2,65863,4,429,21000,65863,70,59,70.0,0.0141008014659
183,16132.061823802163,76.32398085759108,2.964636888147216,0.03896658315489211,1.2863018462327749,1.066793086795122,0.8053160245652494,16209.462132921177,73.93799596247976,2.8882240048044565,0.03909542303878322,1.3657780027165471,1.0927580116665832,0.7913918570733138,5880_6221,4.0,3.0,1.0,184,2,32,1,184,1,184,0,1,183,32,429,FL-429 S,S,Freeway,1.02912303418,0.0,5880,6221,S,2,65863,6,429,38500,65863,70,60,70.0,0.0152358627716
184,28030.69349845201,69.60716396612986,2.337075639628404,0.033733533160533104,1.8217466879595363,1.4181139477330256,0.7596320414293269,27972.959564541205,72.79397463888853,2.6754270094111683,0.03701228027745698,2.0965591048123544,1.5932037823988952,0.7312200542090231,8339_6255,2.0,2.0,0.0,185,2,33,1,185,1,185,0,1,184,33,429,FL-429 S,S,Freeway,0.252299707485,0.0,8339,6255,S,2,65863,4,451,13600,65863,70,50,70.0,0.0036940981036300002
185,25105.29166666667,75.66940190726042,2.8546689887259054,0.038174803099756,3.2161379876105314,2.2468456917497126,0.6915987477578589,27019.359375,67.4867319173409,2.9854698323501734,0.044839577009799736,2.523717569042856,1.733393381473262,0.6766624650564705,6598_8091,14.0,12.0,2.0,186,2,1,1,186,1,186,0,1,185,1,528,FL-528 W,W,Freeway,1.14923929654,0.0,6598,8091,S,3,99999,4,520,18615,99999,70,55,70.0,0.0188902569819
186,54496.19474497682,61.905316596880255,2.626695960731181,0.04262729705002806,2.9890541043441954,1.5360418190564027,0.5139225502932173,95905.58229813664,66.54499655667168,2.8640315146809034,0.04326753978559606,3.5259470670800783,2.012524322860546,0.5704388836294155,11452_8329,14.0,10.0,4.0,187,2,3,1,187,1,187,0,1,186,3,528,FL-528 W,W,Freeway,0.39610045327699994,0.0,11452,8329,W,2,65863,6,528,80539,65863,55,67,55.0,0.006507565175229999
187,53872.323529411755,61.55686133300662,2.7086522750150857,0.04433833833506464,4.465544262466722,2.4003623843556667,0.5352392500878316,53744.287037037044,59.79778942639536,2.9988210477985797,0.0504826899565772,4.547996411249828,2.4680256249414003,0.5441862610501517,8344_8336,4.0,3.0,1.0,188,2,4,1,188,1,188,0,1,187,4,528,FL-528 W,W,Freeway,0.232467719765,0.0,8344,8336,W,2,65863,6,528,63500,65863,55,57,55.0,0.00381971307874
188,53744.287037037044,59.79778942639536,2.9988210477985797,0.0504826899565772,4.547996411249828,2.4680256249414003,0.5441862610501517,54496.19474497682,61.905316596880255,2.626695960731181,0.04262729705002806,2.9890541043441954,1.5360418190564027,0.5139225502932173,8336_11452,8.0,5.0,3.0,189,2,5,1,189,1,189,0,1,188,5,528,FL-528 W,W,Freeway,0.45070850005199997,0.0,8336,11452,W,2,65863,6,528,80539,65863,55,57,55.0,0.00740280617138
189,45142.84872611465,55.43265202915072,6.134847349938643,0.11349085713899207,6.533005469934825,4.977765790986337,0.7235055305537601,45757.19598765432,62.701964189490795,5.856895951079916,0.09490678422266564,8.038686844263896,5.237221886464462,0.6401854025391079,8199_6602,4.0,2.0,2.0,190,2,6,1,190,1,190,0,1,189,6,528,FL-528 W,W,Freeway,0.174025220088,0.0,8199,6602,W,2,65863,4,528,78462,65863,55,60,55.0,0.0028603774762099997
190,53552.534055727556,62.27326309791925,3.019469780999584,0.048702917961570384,4.927563074463949,2.735423440144083,0.5536640329092729,53775.21826625387,63.89599277935501,2.903516827711204,0.04574958896261416,5.5794901053276185,3.1444696159503107,0.5614154692373369,7054_6094,7.0,4.0,3.0,191,2,7,1,191,1,191,0,1,190,7,528,FL-528 W,W,Freeway,0.503939869165,0.0,7054,6094,W,2,65863,6,528,63500,65863,55,55,55.0,0.00828306430746
191,45757.19598765432,62.701964189490795,5.856895951079916,0.09490678422266564,8.038686844263896,5.237221886464462,0.6401854025391079,53552.534055727556,62.27326309791925,3.019469780999584,0.048702917961570384,4.927563074463949,2.735423440144083,0.5536640329092729,6602_7054,9.0,9.0,0.0,192,2,8,1,192,1,192,0,1,191,8,528,FL-528 W,W,Freeway,0.35674876553499996,0.0,6602,7054,W,2,65863,6,528,63500,65863,55,65,55.0,0.005863710190109999
192,53775.21826625387,63.89599277935501,2.903516827711204,0.04574958896261416,5.5794901053276185,3.1444696159503107,0.5614154692373369,53872.323529411755,61.55686133300662,2.7086522750150857,0.04433833833506464,4.465544262466722,2.4003623843556667,0.5352392500878316,6094_8344,6.0,4.0,2.0,193,2,9,1,193,1,193,0,1,192,9,528,FL-528 W,W,Freeway,0.232166139071,0.0,6094,8344,W,2,65863,6,528,63500,65863,55,56,55.0,0.0038160267713699997
193,47369.04496124031,66.43296138486882,3.33223784632268,0.05061426243825536,2.997739614948097,2.1448972145800487,0.6913084924107815,28609.53703703704,66.13659286317733,8.47428975540701,0.13188833569846492,5.993120948971457,7.635683098007138,1.1474134405638297,8183_6664,44.0,25.0,19.0,194,2,10,1,194,1,194,0,1,193,10,528,FL-528 W,W,Freeway,0.851952168725,0.0,8183,6664,W,2,65863,7,528,89199,65863,65,42,65.0,0.013967229409
194,44711.217054263565,67.61172135632764,3.713649439915331,0.05538131124835943,3.975426744489277,2.9453869281375735,0.7191303454611128,47369.04496124031,66.43296138486882,3.33223784632268,0.05061426243825536,2.997739614948097,2.1448972145800487,0.6913084924107815,8180_8183,2.0,1.0,1.0,195,2,11,1,195,1,195,0,1,194,11,528,FL-528 W,W,Freeway,0.191843413332,0.0,8180,8183,W,2,65863,7,528,89199,65863,70,33,70.0,0.00314220708018
195,48063.51321928461,65.71212630486444,2.7153267635452347,0.0415371625892948,3.549111907762425,2.4348741075304616,0.6706891790450412,44711.217054263565,67.61172135632764,3.713649439915331,0.05538131124835943,3.975426744489277,2.9453869281375735,0.7191303454611128,8172_8180,7.0,5.0,2.0,196,2,12,1,196,1,196,0,1,195,12,528,FL-528 W,W,Freeway,0.309585350742,0.0,8172,8180,W,2,65863,7,528,89199,65863,70,39,70.0,0.00507540943606
196,48845.06481481482,67.73327346483738,2.7261671638883804,0.04057200395845017,4.106205673309029,2.819186850428306,0.6677363644327937,48609.39660493827,69.93286592398162,2.9448560213031114,0.042432473811887764,4.450992597805062,3.059520384637102,0.6714395691723077,8055_6665,11.0,10.0,1.0,197,2,13,1,197,1,197,0,1,196,13,528,FL-528 W,W,Freeway,0.331355761779,0.0,8055,6665,W,2,65863,6,528,89199,65863,70,63,70.0,0.005446220125270001
197,48609.39660493827,69.93286592398162,2.9448560213031114,0.042432473811887764,4.450992597805062,3.059520384637102,0.6714395691723077,48063.51321928461,65.71212630486444,2.7153267635452347,0.0415371625892948,3.549111907762425,2.4348741075304616,0.6706891790450412,6665_8172,10.0,6.0,4.0,198,2,14,1,198,1,198,0,1,197,14,528,FL-528 W,W,Freeway,0.345362370034,0.0,6665,8172,W,2,65863,7,528,89199,65863,70,39,70.0,0.005676334743539999
198,28609.53703703704,66.13659286317733,8.47428975540701,0.13188833569846492,5.993120948971457,7.635683098007138,1.1474134405638297,45142.84872611465,55.43265202915072,6.134847349938643,0.11349085713899207,6.533005469934825,4.977765790986337,0.7235055305537601,6664_8199,3.0,3.0,0.0,199,2,15,1,199,1,199,0,1,198,15,528,FL-528 W,W,Freeway,0.269871958387,0.0,6664,8199,W,2,65863,4,528,78462,65863,55,63,55.0,0.00443567649601
199,38914.71141975308,69.48476403316349,2.397837053016054,0.03462363271729478,2.6567530685456298,1.6814591513874093,0.6245308027561559,48845.06481481482,67.73327346483738,2.7261671638883804,0.04057200395845017,4.106205673309029,2.819186850428306,0.6677363644327937,8065_8055,8.0,7.0,1.0,200,2,16,1,200,1,200,0,1,199,16,528,FL-528 W,W,Freeway,0.680578221173,0.0,8065,8055,S,3,65863,4,15,23000,65863,70,79,70.0,0.011185967621
200,38495.86538461538,68.90714143958722,2.262964031215123,0.033285410512582214,2.7268146118416845,1.769125011084833,0.6406740882283665,28950.890384615384,73.68770651902042,2.771347931055,0.03784507272109432,3.763803209076938,2.207819798952145,0.6041883904726029,8007_6663,12.0,9.0,3.0,201,2,17,1,201,1,201,0,1,200,17,528,FL-528 W,W,Freeway,0.77848887304,0.0,8007,6663,W,2,65863,4,528,77500,65863,70,72,70.0,0.0127934915514
201,21921.51552795031,69.18937022042132,3.4197141442166386,0.04972065499805983,2.037923460708904,1.332618437257822,0.6436880029334968,38495.86538461538,68.90714143958722,2.262964031215123,0.033285410512582214,2.7268146118416845,1.769125011084833,0.6406740882283665,8001_8007,7.0,6.0,1.0,202,2,18,1,202,1,202,0,1,201,18,528,FL-528 W,W,Freeway,0.326578194392,0.0,8001,8007,N,2,65863,4,417,82802,65863,70,116,70.0,0.0053678355907600004
202,28950.890384615384,73.68770651902042,2.771347931055,0.03784507272109432,3.763803209076938,2.207819798952145,0.6041883904726029,38914.71141975308,69.48476403316349,2.397837053016054,0.03462363271729478,2.6567530685456298,1.6814591513874093,0.6245308027561559,6663_8065,10.0,5.0,5.0,203,2,19,1,203,1,203,0,1,202,19,528,FL-528 W,W,Freeway,0.688888188513,0.0,6663,8065,W,2,65863,4,528,77500,65863,70,68,70.0,0.0112357237646
203,34681.392581143744,68.83950866308236,2.5792942025609094,0.037739903876014835,3.0766120443364557,1.943351433346542,0.6327348498805547,34491.227202472954,68.40121049549626,2.607944477522328,0.038245890315379935,2.48443353455074,1.5605252827151088,0.6298019105554796,6953_6320,5.0,5.0,0.0,204,2,20,1,204,1,204,0,1,203,20,528,FL-528 W,W,Freeway,0.55461651829,0.0,6953,6320,W,2,99999,4,528,67500,99999,70,56,70.0,0.00911614714517
204,19934.33070866142,76.44137578121786,2.790262025300151,0.036805670393933766,2.6453341559023564,1.7587261428534138,0.6631566449081631,21921.51552795031,69.18937022042132,3.4197141442166386,0.04972065499805983,2.037923460708904,1.332618437257822,0.6436880029334968,6667_8001,1.0,1.0,0.0,205,2,21,1,205,1,205,0,1,204,21,528,FL-528 W,W,Freeway,0.40090679032399995,0.0,6667,8001,W,2,99999,4,528,71737,99999,70,72,70.0,0.0065895464919100005
205,34491.227202472954,68.40121049549626,2.607944477522328,0.038245890315379935,2.48443353455074,1.5605252827151088,0.6298019105554796,19934.33070866142,76.44137578121786,2.790262025300151,0.036805670393933766,2.6453341559023564,1.7587261428534138,0.6631566449081631,6320_6667,14.0,9.0,5.0,206,2,22,1,206,1,206,0,1,205,22,528,FL-528 W,W,Freeway,0.583377203835,0.0,6320,6667,W,2,99999,6,528,67500,99999,70,48,70.0,0.009588809258120001
206,29113.08219178082,75.51024639420612,3.609953385594824,0.048881890737509634,3.843403098127744,2.7644508490672366,0.7121238930879277,,,,,,,,8099_8097,10.0,9.0,1.0,207,2,23,1,207,1,207,0,1,206,23,528,FL-528 W,W,Freeway,0.663365749511,0.0,8099,8097,W,2,99999,4,528,60096,99999,70,59,70.0,0.010903681191
207,,,,,,,,34681.392581143744,68.83950866308236,2.5792942025609094,0.037739903876014835,3.0766120443364557,1.943351433346542,0.6327348498805547,8097_6953,19.0,13.0,6.0,208,2,24,1,208,1,208,0,1,207,24,528,FL-528 W,W,Freeway,2.3197197950099997,0.0,8097,6953,W,2,99999,4,528,60096,99999,70,65,70.0,0.038128620520599996
208,29986.521604938276,71.33961560686694,3.989707716980476,0.05655464185896236,3.1112106461548303,2.1171895072820583,0.67063725798489,27861.70743034056,71.8556825697589,3.8847598536923726,0.05648607254606972,4.0002488385614505,2.974076257479828,0.7976498014385189,8112_6073,15.0,13.0,2.0,209,2,25,1,209,1,209,0,1,208,25,528,FL-528 W,W,Freeway,0.22915892107299998,0.0,8112,6073,W,2,99999,4,528,51210,99999,70,48,70.0,0.0037664762288000006
209,27861.70743034056,71.8556825697589,3.8847598536923726,0.05648607254606972,4.0002488385614505,2.974076257479828,0.7976498014385189,29113.08219178082,75.51024639420612,3.609953385594824,0.048881890737509634,3.843403098127744,2.7644508490672366,0.7121238930879277,6073_8099,37.0,26.0,11.0,210,2,26,1,210,1,210,0,1,209,26,528,FL-528 W,W,Freeway,3.1609442605,0.0,6073,8099,W,2,99999,4,528,51210,99999,70,134,70.0,0.0519559340886
210,27044.437704918037,69.31060129559157,3.2102791555287453,0.04674488123580887,2.6473740207071685,1.6836050777979918,0.6311983181394654,26994.023961661343,69.52181153664236,2.8099846547847966,0.040914628740836574,2.5049075342949885,1.7737692879938018,0.6840533715462281,6937_6322,6.0,5.0,1.0,211,2,27,1,211,1,211,0,1,210,27,528,FL-528 W,W,Freeway,0.549981743498,0.0,6937,6322,W,2,99999,4,528,51210,99999,70,103,70.0,0.00903988338691
211,26994.023961661343,69.52181153664236,2.8099846547847966,0.040914628740836574,2.5049075342949885,1.7737692879938018,0.6840533715462281,29986.521604938276,71.33961560686694,3.989707716980476,0.05655464185896236,3.1112106461548303,2.1171895072820583,0.67063725798489,6322_8112,30.0,21.0,9.0,212,2,28,1,212,1,212,0,1,211,28,528,FL-528 W,W,Freeway,2.3178180731799998,0.0,6322,8112,W,2,99999,4,528,51210,99999,70,48,70.0,0.0380972947633
212,27299.628086419754,77.58463402813607,3.0013021730114056,0.03947638492265505,3.703661768876745,2.5213943754400354,0.6770699171027126,27044.437704918037,69.31060129559157,3.2102791555287453,0.04674488123580887,2.6473740207071685,1.6836050777979918,0.6311983181394654,5943_6937,26.0,14.0,12.0,213,2,29,1,213,1,213,0,1,212,29,528,FL-528 W,W,Freeway,2.22980439046,0.0,5943,6937,W,2,99999,4,528,51210,99999,70,63,70.0,0.0366512796462
213,27019.359375,67.4867319173409,2.9854698323501734,0.044839577009799736,2.523717569042856,1.733393381473262,0.6766624650564705,27299.628086419754,77.58463402813607,3.0013021730114056,0.03947638492265505,3.703661768876745,2.5213943754400354,0.6770699171027126,8091_5943,40.0,31.0,9.0,214,2,30,1,214,1,214,0,1,213,30,528,FL-528 W,W,Freeway,1.95874020406,0.0,8091,5943,W,2,99999,4,528,51210,99999,70,40,70.0,0.0321961426427
214,56088.372670807454,60.87944664913672,4.030610694207705,0.06719279216949979,5.168986688616501,3.6259056091105215,0.6673062897432529,55600.246913580246,62.478629245641784,4.680226044528946,0.07603905688990073,4.5006992386948435,3.4627498630229616,0.7250389707934175,8327_8331,14.0,9.0,5.0,215,2,2,1,215,1,215,0,1,214,2,528,FL-528 E,E,Freeway,0.475330651307,0.0,8327,8331,E,2,65863,6,528,63500,65863,55,67,55.0,0.007809394302300001
215,56210.79411764706,64.43983524454272,5.357662287998203,0.08432835106527772,4.816162581900551,3.730258027283054,0.7329126057404419,55492.84055727554,61.47311043527769,4.941299453935024,0.08136588522925296,4.348568043945225,3.30523082686764,0.7194562562820459,6947_8301,12.0,8.0,4.0,216,2,3,1,216,1,216,0,1,215,3,528,FL-528 E,E,Freeway,0.507032029672,0.0,6947,8301,E,2,65863,6,528,63500,65863,55,55,55.0,0.00833370171971
216,55434.76697530865,61.91328271352456,4.9047101916174265,0.08029893533785698,4.954343160587103,3.6401762328706337,0.6954378225042344,56210.79411764706,64.43983524454272,5.357662287998203,0.08432835106527772,4.816162581900551,3.730258027283054,0.7329126057404419,8341_6947,5.0,2.0,3.0,217,2,4,1,217,1,217,0,1,216,4,528,FL-528 E,E,Freeway,0.229515974678,0.0,8341,6947,E,2,65863,6,528,63500,65863,55,60,55.0,0.0037724826157999997
217,55600.246913580246,62.478629245641784,4.680226044528946,0.07603905688990073,4.5006992386948435,3.4627498630229616,0.7250389707934175,55434.76697530865,61.91328271352456,4.9047101916174265,0.08029893533785698,4.954343160587103,3.6401762328706337,0.6954378225042344,8331_8341,12.0,8.0,4.0,218,2,5,1,218,1,218,0,1,217,5,528,FL-528 E,E,Freeway,0.604560913417,0.0,8331,8341,E,2,65863,6,528,63500,65863,55,59,55.0,0.00993114960298
218,55492.84055727554,61.47311043527769,4.941299453935024,0.08136588522925296,4.348568043945225,3.30523082686764,0.7194562562820459,35467.86261980831,58.89744405447731,5.322272379309793,0.09149241042228876,5.323090994824606,4.415874377897451,0.7842724010778622,8301_8296,2.0,2.0,0.0,219,2,6,1,219,1,219,0,1,218,6,528,FL-528 E,E,Freeway,0.213732098865,0.0,8301,8296,E,2,65863,4,528,71692,65863,55,55,55.0,0.0035130536072
219,35467.86261980831,58.89744405447731,5.322272379309793,0.09149241042228876,5.323090994824606,4.415874377897451,0.7842724010778622,46789.26388888888,60.70402166105295,3.2639249520406493,0.05416269873737258,4.837597923237087,3.0517639054583228,0.6164457987866685,8296_8190,16.0,9.0,7.0,220,2,7,1,220,1,220,0,1,219,7,528,FL-528 E,E,Freeway,0.7367734431499999,0.0,8296,8190,E,2,65863,6,528,89199,65863,55,62,55.0,0.0121089209274
220,46789.26388888888,60.70402166105295,3.2639249520406493,0.05416269873737258,4.837597923237087,3.0517639054583228,0.6164457987866685,45573.42901234568,66.29978520561242,2.4606208492469417,0.037356499071092036,3.159551499786166,1.8747256401511152,0.5771024958036314,8190_8186,3.0,1.0,2.0,221,2,8,1,221,1,221,0,1,220,8,528,FL-528 E,E,Freeway,0.420730895759,0.0,8190,8186,E,2,65863,6,528,89199,65863,65,47,65.0,0.00689468015209
221,45573.42901234568,66.29978520561242,2.4606208492469417,0.037356499071092036,3.159551499786166,1.8747256401511152,0.5771024958036314,48936.62037037037,65.28137757348227,2.970645749701934,0.04604741763319157,3.5852704694068325,2.3775479078617163,0.6377175276084132,8186_8176,6.0,5.0,1.0,222,2,9,1,222,1,222,0,1,221,9,528,FL-528 E,E,Freeway,0.783069502972,0.0,8186,8176,E,2,65863,7,528,89199,65863,70,44,65.0,0.0128341107641
222,48936.62037037037,65.28137757348227,2.970645749701934,0.04604741763319157,3.5852704694068325,2.3775479078617163,0.6377175276084132,49034.86882716049,70.55101432337878,3.739095689685463,0.05375881902898968,3.7140300616429935,2.7401604197100395,0.697997679355753,8176_6156,8.0,4.0,4.0,223,2,10,1,223,1,223,0,1,222,10,528,FL-528 E,E,Freeway,0.34776931160999996,0.0,8176,6156,E,2,65863,7,528,89199,65863,70,39,70.0,0.005715874431510001
223,48854.34259259259,66.3041907877313,3.7512357546844046,0.05742407822896998,2.9338808623398456,2.2868387122380818,0.7292560384556662,38748.96604938272,66.10172101087606,4.582206015617683,0.07027734543135859,4.30114514997888,3.162472971220857,0.6989550417179251,8052_8060,14.0,11.0,3.0,224,2,11,1,224,1,224,0,1,223,11,528,FL-528 E,E,Freeway,0.683164709328,0.0,8052,8060,E,2,65863,5,528,83443,65863,70,63,70.0,0.0112281579214
224,49034.86882716049,70.55101432337878,3.739095689685463,0.05375881902898968,3.7140300616429935,2.7401604197100395,0.697997679355753,48854.34259259259,66.3041907877313,3.7512357546844046,0.05742407822896998,2.9338808623398456,2.2868387122380818,0.7292560384556662,6156_8052,33.0,27.0,6.0,225,2,12,1,225,1,225,0,1,224,12,528,FL-528 E,E,Freeway,0.330283548486,0.0,6156,8052,E,2,65863,6,528,89199,65863,70,57,70.0,0.005428500371100001
225,38775.4475308642,68.46637319877972,2.134006854862976,0.03130332410429172,2.6970138521046536,1.672461320616115,0.6127558188608645,32692.730708661416,66.24821220698436,2.1853014800675457,0.033127717211643086,3.462393385205325,1.9561454614788611,0.5663398640349583,8074_8019,11.0,8.0,3.0,226,2,13,1,226,1,226,0,1,225,13,528,FL-528 E,E,Freeway,0.888061025934,0.0,8074,8019,E,2,65863,4,528,73393,65863,70,82,70.0,0.0145967958229
226,38748.96604938272,66.10172101087606,4.582206015617683,0.07027734543135859,4.30114514997888,3.162472971220857,0.6989550417179251,38847.325,71.4504689140383,3.5295986194303572,0.04984514909174016,5.870042956034348,3.657339525028807,0.6107436402628311,8060_6666,10.0,7.0,3.0,227,2,14,1,227,1,227,0,1,226,14,528,FL-528 E,E,Freeway,0.682798007697,0.0,8060,6666,E,2,65863,4,528,77500,65863,70,64,70.0,0.01113416882
227,38847.325,71.4504689140383,3.5295986194303572,0.04984514909174016,5.870042956034348,3.657339525028807,0.6107436402628311,38775.4475308642,68.46637319877972,2.134006854862976,0.03130332410429172,2.6970138521046536,1.672461320616115,0.6127558188608645,6666_8074,26.0,19.0,7.0,228,2,15,1,228,1,228,0,1,227,15,528,FL-528 E,E,Freeway,0.508568576953,0.0,6666,8074,E,2,65863,4,528,77500,65863,70,69,70.0,0.00835693292534
228,32692.730708661416,66.24821220698436,2.1853014800675457,0.033127717211643086,3.462393385205325,1.9561454614788611,0.5663398640349583,32854.060278207115,68.98771976993953,2.5749184311394395,0.037510837281226665,2.579202043180987,1.4420991659381937,0.5531632900668001,8019_6319,13.0,11.0,2.0,229,2,16,1,229,1,229,0,1,228,16,528,FL-528 E,E,Freeway,0.6943959026450001,0.0,8019,6319,E,2,99999,6,528,67500,99999,70,48,70.0,0.011413682263
229,20591.533333333333,67.69750865478346,2.4740271071318007,0.036750829224788034,1.3770311819759669,0.8842732453699949,0.6378523503773006,,,,,,,,6945_8095,17.0,14.0,3.0,230,2,17,1,230,1,230,0,1,229,17,528,FL-528 E,E,Freeway,2.3196425334599997,0.0,6945,8095,E,2,99999,4,528,67500,99999,70,57,70.0,0.0381275313939
230,32854.060278207115,68.98771976993953,2.5749184311394395,0.037510837281226665,2.579202043180987,1.4420991659381937,0.5531632900668001,20591.533333333333,67.69750865478346,2.4740271071318007,0.036750829224788034,1.3770311819759669,0.8842732453699949,0.6378523503773006,6319_6945,3.0,1.0,2.0,231,2,18,1,231,1,231,0,1,230,18,528,FL-528 E,E,Freeway,0.5546880799530001,0.0,6319,6945,E,2,99999,4,528,67500,99999,70,98,70.0,0.00911723281802
231,28645.979591836734,73.10653504641215,3.5092006951242274,0.049283411922860745,3.6369041037167498,2.269044559061475,0.6148788126487983,28946.930379746835,74.03967090545132,3.118748797332768,0.04289870493407099,3.9849486127184512,2.485609336642153,0.6191976702513613,8101_6488,33.0,24.0,9.0,232,2,19,1,232,1,232,0,1,231,19,528,FL-528 E,E,Freeway,3.04418050116,0.0,8101,6488,E,2,99999,4,528,51210,99999,70,44,70.0,0.050036772779000004
232,,,,,,,,28645.979591836734,73.10653504641215,3.5092006951242274,0.049283411922860745,3.6369041037167498,2.269044559061475,0.6148788126487983,8095_8101,8.0,7.0,1.0,233,2,20,1,233,1,233,0,1,232,20,528,FL-528 E,E,Freeway,0.6635559599759999,0.0,8095,8101,E,2,99999,4,528,58498,99999,70,59,70.0,0.010906764392299999
233,29207.364197530864,70.31779104626203,3.3474535928876663,0.04847031311650751,3.021979186092785,1.8339982390793623,0.5987498523186455,26635.106518282988,70.18557178058423,2.8573030177847545,0.04107534617988815,2.2379411720996165,1.2922471815345402,0.6002488951547347,8109_6321,33.0,20.0,13.0,234,2,21,1,234,1,234,0,1,233,21,528,FL-528 E,E,Freeway,2.31793492149,0.0,8109,6321,E,2,99999,4,528,51210,99999,70,56,70.0,0.0380991691531
234,28946.930379746835,74.03967090545132,3.118748797332768,0.04289870493407099,3.9849486127184512,2.485609336642153,0.6191976702513613,29207.364197530864,70.31779104626203,3.3474535928876663,0.04847031311650751,3.021979186092785,1.8339982390793623,0.5987498523186455,6488_8109,14.0,12.0,2.0,235,2,22,1,235,1,235,0,1,234,22,528,FL-528 E,E,Freeway,0.34529106027900003,0.0,6488,8109,E,2,99999,4,528,51210,99999,70,51,70.0,0.00567532054912
235,26439.950980392157,69.02064578630768,2.4202719981811534,0.03541895388832441,2.3843099996264736,1.4923424925913804,0.6161117466535009,25775.43364197531,75.48321675860403,2.6788269294453233,0.03613177776299187,3.3849198744906666,2.1598661461015483,0.6303007665694126,7008_7061,25.0,21.0,4.0,236,2,23,1,236,1,236,0,1,235,23,528,FL-528 E,E,Freeway,2.26116329901,0.0,7008,7061,E,2,99999,4,528,51210,99999,70,43,70.0,0.037166352061199996
236,26635.106518282988,70.18557178058423,2.8573030177847545,0.04107534617988815,2.2379411720996165,1.2922471815345402,0.6002488951547347,26439.950980392157,69.02064578630768,2.4202719981811534,0.03541895388832441,2.3843099996264736,1.4923424925913804,0.6161117466535009,6321_7008,4.0,3.0,1.0,237,2,24,1,237,1,237,0,1,236,24,528,FL-528 E,E,Freeway,0.46645608311,0.0,6321,7008,E,2,99999,4,528,51210,99999,70,73,70.0,0.00766699433359
237,25775.43364197531,75.48321675860403,2.6788269294453233,0.03613177776299187,3.3849198744906666,2.1598661461015483,0.6303007665694126,26374.984375,71.21182563337636,2.7517614656508096,0.03917914425134855,2.4161358903231624,1.4669379190207614,0.6081561303163914,7061_8083,22.0,15.0,7.0,238,2,25,1,238,1,238,0,1,237,25,528,FL-528 E,E,Freeway,2.01129198425,0.0,7061,8083,E,2,99999,4,528,51210,99999,70,51,70.0,0.0330598741889
238,26374.984375,71.21182563337636,2.7517614656508096,0.03917914425134855,2.4161358903231624,1.4669379190207614,0.6081561303163914,23431.3487654321,76.23681018907733,2.8567682733758346,0.03811222105186018,3.0034265923201744,1.935333579578272,0.6345191135680668,8083_6824,22.0,19.0,3.0,239,2,26,1,239,1,239,0,1,238,26,528,FL-528 E,E,Freeway,1.15392452155,0.0,8083,6824,S,3,99999,4,520,18615,99999,70,83,70.0,0.0189669685379
239,33617.821981424146,68.58160452964673,3.1059234725595117,0.04564493484343154,5.508615250130606,3.914769907989275,0.7053576940241617,36775.548136645964,67.6711383603424,2.75228013871727,0.04200170400387319,3.6751247686923447,2.485525027532203,0.6734568925239265,6225_8114,2.0,1.0,1.0,240,2,1,1,240,1,240,0,1,239,1,408,E West Expy E,E,Freeway,0.262477307822,0.0,6225,8114,E,2,65863,4,408,51146,65863,55,90,55.0,0.00425177483443
240,36775.548136645964,67.6711383603424,2.75228013871727,0.04200170400387319,3.6751247686923447,2.485525027532203,0.6734568925239265,38428.778816199374,65.51614640319735,2.626564126742854,0.04035218606201034,2.703093816810668,1.8705316053681669,0.686823197757934,8114_8152,25.0,19.0,6.0,241,2,2,1,241,1,241,0,1,240,2,408,E West Expy E,E,Freeway,0.5765476459619999,0.0,8114,8152,E,2,65863,6,408,60500,65863,65,55,65.0,0.00945308858353
241,38486.03549382716,70.33438707653082,2.7427701190720697,0.03921902120761511,2.6107051528290546,1.9952839677931535,0.7489041636085982,72604.63312693499,64.93638004914425,2.9227843942629192,0.045384311567769606,3.038055156200937,2.391760687395297,0.767978919588897,8144_8146,18.0,13.0,5.0,242,2,3,1,242,1,242,0,1,241,3,408,E West Expy E,E,Freeway,0.794468178966,0.0,8144,8146,E,2,65863,4,408,73500,65863,65,77,65.0,0.0130467443582
242,38514.475894245734,65.71550876714412,2.6143964259816594,0.04001801117691112,2.857267610831018,2.1068259056311924,0.7287289967066609,38784.030497592285,64.76715127718886,2.6540441882225663,0.04126629170461152,2.3425551197566308,1.6710557282791971,0.7034587713769938,8154_6302,2.0,2.0,0.0,243,2,4,1,243,1,243,0,1,242,4,408,E West Expy E,E,Freeway,0.325527973797,0.0,8154,6302,E,2,65863,4,408,73500,65863,65,87,65.0,0.0053372869231800004
243,38428.778816199374,65.51614640319735,2.626564126742854,0.04035218606201034,2.703093816810668,1.8705316053681669,0.686823197757934,38514.475894245734,65.71550876714412,2.6143964259816594,0.04001801117691112,2.857267610831018,2.1068259056311924,0.7287289967066609,8152_8154,2.0,1.0,1.0,244,2,5,1,244,1,244,0,1,243,5,408,E West Expy E,E,Freeway,0.19067652346500003,0.0,8152,8154,E,2,65863,6,408,73500,65863,65,77,65.0,0.00312739818786
244,72604.63312693499,64.93638004914425,2.9227843942629192,0.045384311567769606,3.038055156200937,2.391760687395297,0.767978919588897,40410.46655791192,68.99112266973928,3.115532460116057,0.045540685225153484,2.6562672399410663,2.2460428225519147,0.8172418815819463,8146_6068,10.0,8.0,2.0,245,2,6,1,245,1,245,0,1,244,6,408,E West Expy E,E,Freeway,0.252243134747,0.0,8146,6068,E,2,65863,6,408,73500,65863,65,67,65.0,0.0041325401507100006
245,36137.16304347826,67.09381185323284,2.5287930234813984,0.03808864158857765,2.6684828123200535,1.9667021617486784,0.7277238595215684,38486.03549382716,70.33438707653082,2.7427701190720697,0.03921902120761511,2.6107051528290546,1.9952839677931535,0.7489041636085982,6788_8144,4.0,2.0,2.0,246,2,7,1,246,1,246,0,1,245,7,408,E West Expy E,E,Freeway,0.32942483801600003,0.0,6788,8144,E,2,65863,4,408,73500,65863,65,90,65.0,0.00541623493582
246,38784.030497592285,64.76715127718886,2.6540441882225663,0.04126629170461152,2.3425551197566308,1.6710557282791971,0.7034587713769938,36137.16304347826,67.09381185323284,2.5287930234813984,0.03808864158857765,2.6684828123200535,1.9667021617486784,0.7277238595215684,6302_6788,3.0,2.0,1.0,247,2,8,1,247,1,247,0,1,246,8,408,E West Expy E,E,Freeway,0.49319054010200003,0.0,6302,6788,E,2,65863,4,408,73500,65863,65,59,65.0,0.008087191225979999
247,40804.271317829465,66.50147146155778,3.06904464044952,0.046627462079053536,3.337084271033255,2.7299574119371246,0.7860404255476933,41409.989130434784,66.07719860469251,3.832260672523363,0.05880773222943704,2.6192775993904265,2.354661437254355,0.8506718834775175,8208_8205,19.0,17.0,2.0,248,2,9,1,248,1,248,0,1,247,9,408,E West Expy E,E,Freeway,0.49296689160400003,0.0,8208,8205,N,3,65863,6,435,35610,65863,65,110,65.0,0.00803485256424
248,41409.989130434784,66.07719860469251,3.832260672523363,0.05880773222943704,2.6192775993904265,2.354661437254355,0.8506718834775175,45143.71955128205,59.32165587830202,3.647102820721505,0.06218580213211935,2.5323571876426167,2.2116463705600373,0.8219590778697295,8205_6294,35.0,28.0,7.0,249,2,10,1,249,1,249,0,1,248,10,408,E West Expy E,E,Freeway,0.654533766357,0.0,8205,6294,E,2,65863,6,408,66500,65863,65,65,65.0,0.0107680165062
249,45143.71955128205,59.32165587830202,3.647102820721505,0.06218580213211935,2.5323571876426167,2.2116463705600373,0.8219590778697295,45176.279320987655,61.56143402381234,5.1143290399838035,0.08464318543349231,3.7173879331625286,4.159691730987015,1.004469949838814,6294_5905,7.0,5.0,2.0,250,2,11,1,250,1,250,0,1,249,11,408,E West Expy E,E,Freeway,0.32714827502599997,0.0,6294,5905,E,2,65863,6,408,66500,65863,65,63,65.0,0.00538212365509
250,40410.46655791192,68.99112266973928,3.115532460116057,0.045540685225153484,2.6562672399410663,2.2460428225519147,0.8172418815819463,40804.271317829465,66.50147146155778,3.06904464044952,0.046627462079053536,3.337084271033255,2.7299574119371246,0.7860404255476933,6068_8208,17.0,12.0,5.0,251,2,12,1,251,1,251,0,1,250,12,408,E West Expy E,E,Freeway,0.252460012189,0.0,6068,8208,E,2,65863,6,408,73500,65863,65,67,65.0,0.0041405043817800006
251,89479.45440494592,64.78677914067069,6.244999105733384,0.0986961936080198,5.4731648439935325,5.8643117006159775,0.9820722409692552,47673.33333333334,62.14230360660414,5.2847826594908565,0.08669851642519617,3.9304815605680536,3.7269957801324813,0.8851112263138045,6014_8237,20.0,11.0,9.0,252,2,13,1,252,1,252,0,1,251,13,408,E West Expy E,E,Freeway,0.245471493626,0.0,6014,8237,E,2,65863,6,408,66500,65863,65,121,65.0,0.0040260104211400005
252,45176.279320987655,61.56143402381234,5.1143290399838035,0.08464318543349231,3.7173879331625286,4.159691730987015,1.004469949838814,89479.45440494592,64.78677914067069,6.244999105733384,0.0986961936080198,5.4731648439935325,5.8643117006159775,0.9820722409692552,5905_6014,7.0,6.0,1.0,253,2,14,1,253,1,253,0,1,252,14,408,E West Expy E,E,Freeway,0.427382923572,0.0,5905,6014,E,2,65863,6,408,66500,65863,65,86,65.0,0.0069115576955299995
253,25989.165094339623,57.14265688426761,9.64680472184742,0.17494424844352086,9.525603205816694,5.326783634253394,0.7486668391314442,61284.54743390357,54.59369436098503,9.864327808226284,0.18838654361121854,6.041824175231374,6.306628728416581,0.9582071074734226,8267_6679,42.0,27.0,15.0,254,2,15,1,254,1,254,0,1,253,15,408,E West Expy E,E,Freeway,0.226706669041,0.0,8267,6679,E,2,65863,6,408,87957,65863,55,79,55.0,0.0037292231919899997
254,49773.462962962956,57.15617636067064,9.290658632252477,0.16888421448804478,5.815981816111381,6.2842180915220585,0.9810101542858916,25989.165094339623,57.14265688426761,9.64680472184742,0.17494424844352086,9.525603205816694,5.326783634253394,0.7486668391314442,8248_8267,36.0,22.0,14.0,255,2,16,1,255,1,255,0,1,254,16,408,E West Expy E,E,Freeway,0.21109848425099997,0.0,8248,8267,E,2,65863,6,408,85500,65863,55,95,55.0,0.0034724618233600004
255,48443.621913580246,59.31455849595104,8.827749229335087,0.15380680723070386,5.440701260627883,5.968104022933247,0.9996284821998559,49773.462962962956,57.15617636067064,9.290658632252477,0.16888421448804478,5.815981816111381,6.2842180915220585,0.9810101542858916,8242_8248,15.0,12.0,3.0,256,2,17,1,256,1,256,0,1,255,17,408,E West Expy E,E,Freeway,0.26585906645199997,0.0,8242,8248,S,3,65863,4,17,35500,65863,55,131,55.0,0.00437326939294
256,47673.33333333334,62.14230360660414,5.2847826594908565,0.08669851642519617,3.9304815605680536,3.7269957801324813,0.8851112263138045,47780.160883280754,65.50962654203491,5.224513242300155,0.0814183317763995,5.357685161074042,4.586754029764268,0.8115708338823779,8237_6011,18.0,14.0,4.0,257,2,18,1,257,1,257,0,1,256,18,408,E West Expy E,E,Freeway,0.391948706948,0.0,8237,6011,E,2,65863,6,408,66500,65863,65,55,65.0,0.00644769365853
257,47826.900928792566,62.64627696775037,5.197587752708399,0.08490920609488099,4.020814138122766,3.8191241284716586,0.8748331733743442,49485.199066874025,58.677561026937354,6.668109617585232,0.11697287721086355,4.821348742021348,4.926559014191018,0.9331864911359152,8219_8213,10.0,4.0,6.0,258,2,19,1,258,1,258,0,1,257,19,408,E West Expy E,E,Freeway,0.422684222223,0.0,8219,8213,E,2,65863,6,408,73750,65863,65,52,65.0,0.00662471929857
258,49485.199066874025,58.677561026937354,6.668109617585232,0.11697287721086355,4.821348742021348,4.926559014191018,0.9331864911359152,42546.085007727976,63.24042445246328,7.817504448253567,0.12732480599074694,4.950200508818928,5.097401567351418,0.9409047415605578,8213_8169,28.0,14.0,14.0,259,2,20,1,259,1,259,0,1,258,20,408,E West Expy E,E,Freeway,0.282358229389,0.0,8213,8169,E,2,65863,6,408,84500,65863,55,71,55.0,0.0044210546512200005
259,42546.085007727976,63.24042445246328,7.817504448253567,0.12732480599074694,4.950200508818928,5.097401567351418,0.9409047415605578,48443.621913580246,59.31455849595104,8.827749229335087,0.15380680723070386,5.440701260627883,5.968104022933247,0.9996284821998559,8169_8242,47.0,32.0,15.0,260,2,21,1,260,1,260,0,1,259,21,408,E West Expy E,E,Freeway,0.52750589296,0.0,8169,8242,E,2,65863,6,408,85012,65863,55,49,55.0,0.008501213875420001
260,47780.160883280754,65.50962654203491,5.224513242300155,0.0814183317763995,5.357685161074042,4.586754029764268,0.8115708338823779,47826.900928792566,62.64627696775037,5.197587752708399,0.08490920609488099,4.020814138122766,3.8191241284716586,0.8748331733743442,6011_8219,11.0,8.0,3.0,261,2,22,1,261,1,261,0,1,260,22,408,E West Expy E,E,Freeway,0.26447248069400003,0.0,6011,8219,E,2,65863,6,408,66500,65863,65,55,65.0,0.0042867675845
261,34429.52713178295,63.38073030911489,3.076108602216966,0.04912634598641448,1.780440010449593,1.2312102383468262,0.6940085638537042,74318.93188854489,64.35166734971101,2.3038786217697487,0.036318558159625744,3.4380691216270503,2.2644273707067253,0.6393963362997005,8315_8311,14.0,6.0,8.0,262,2,23,1,262,1,262,0,1,261,23,408,E West Expy E,E,Freeway,0.22320902866999998,0.0,8315,8311,E,2,65863,9,408,93000,65863,55,82,55.0,0.00366282338764
262,74318.93188854489,64.35166734971101,2.3038786217697487,0.036318558159625744,3.4380691216270503,2.2644273707067253,0.6393963362997005,68133.9549689441,66.73501189415846,2.341195317938903,0.03525541917711888,3.888451982293912,2.5368409323019163,0.6380992373621679,8311_6252,13.0,8.0,5.0,263,2,24,1,263,1,263,0,1,262,24,408,E West Expy E,E,Freeway,0.668274090403,0.0,8311,6252,E,2,65863,10,408,125797,65863,55,62,55.0,0.010993085930700001
263,69859.90247678019,62.03054599367931,2.2839414084649854,0.03716935662234275,4.330497266616476,2.6144401930210304,0.5915850560940306,114854.8203125,63.460004679319724,2.237854077528,0.03567140966360908,3.6914588324546806,2.278417474542966,0.6043972034425611,8307_8305,16.0,11.0,5.0,264,2,25,1,264,1,264,0,1,263,25,408,E West Expy E,E,Freeway,0.34409443351499996,0.0,8307,8305,E,2,65863,6,408,93000,65863,55,92,55.0,0.005659939656060001
264,114854.8203125,63.460004679319724,2.237854077528,0.03567140966360908,3.6914588324546806,2.278417474542966,0.6043972034425611,34429.52713178295,63.38073030911489,3.076108602216966,0.04912634598641448,1.780440010449593,1.2312102383468262,0.6940085638537042,8305_8315,20.0,15.0,5.0,265,2,26,1,265,1,265,0,1,264,26,408,E West Expy E,E,Freeway,0.4136987489,0.0,8305,8315,E,2,65863,9,408,93000,65863,55,135,55.0,0.00678774805983
265,61284.54743390357,54.59369436098503,9.864327808226284,0.18838654361121854,6.041824175231374,6.306628728416581,0.9582071074734226,60445.777089783274,61.38580428861145,3.5608732198665667,0.05879828944592661,7.407780502129612,4.341824594191015,0.5785418003718443,6679_6276,88.0,61.0,27.0,266,2,27,1,266,1,266,0,1,265,27,408,E West Expy E,E,Freeway,0.703751292215,0.0,6679,6276,W,3,65863,4,0,23980,65863,55,145,55.0,0.0115384523144
266,60445.777089783274,61.38580428861145,3.5608732198665667,0.05879828944592661,7.407780502129612,4.341824594191015,0.5785418003718443,69859.90247678019,62.03054599367931,2.2839414084649854,0.03716935662234275,4.330497266616476,2.6144401930210304,0.5915850560940306,6276_8307,10.0,8.0,2.0,267,2,28,1,267,1,267,0,1,266,28,408,E West Expy E,E,Freeway,0.19842005687800002,0.0,6276,8307,E,2,65863,6,408,93000,65863,55,148,55.0,0.00323042027528
267,74237.71048513302,63.987814506192635,2.4036673473496557,0.03780546855423427,3.1855649300422377,2.2058839146659,0.6694177531096421,68820.31635802469,63.44495791939384,2.4596416020241865,0.038984640684422124,2.604116650988469,1.850081917765072,0.6839793031460312,8355_8348,31.0,23.0,8.0,268,2,29,1,268,1,268,0,1,267,29,408,E West Expy E,E,Freeway,0.483111091583,0.0,8355,8348,E,2,65863,10,408,139500,65863,55,52,55.0,0.00793195022125
268,68820.31635802469,63.44495791939384,2.4596416020241865,0.038984640684422124,2.604116650988469,1.850081917765072,0.6839793031460312,,,,,,,,8348_7102,8.0,5.0,3.0,269,2,30,1,269,1,269,0,1,268,30,408,E West Expy E,E,Freeway,0.313002872394,0.0,8348,7102,E,2,65863,7,408,133593,65863,65,53,65.0,0.0051300477358
269,,,,,,,,52643.47222222222,61.71622829237441,2.4736069898853468,0.04030516569370898,2.757105314591453,1.8296625457118965,0.6411165483668398,7102_6309,2.0,1.0,1.0,270,2,31,1,270,1,270,0,1,269,31,408,E West Expy E,E,Freeway,0.09484928521050001,0.0,7102,6309,E,2,65863,7,408,133593,65863,65,53,65.0,0.00155913334845
270,52643.47222222222,61.71622829237441,2.4736069898853468,0.04030516569370898,2.757105314591453,1.8296625457118965,0.6411165483668398,48725.99217527387,68.02289722430838,2.629459422319181,0.039147542327413874,2.960924891797594,2.2494376578869915,0.6749211918513558,6309_6301,4.0,3.0,1.0,271,2,32,1,271,1,271,0,1,270,32,408,E West Expy E,E,Freeway,0.31568089723299997,0.0,6309,6301,E,2,65863,7,408,133593,65863,65,81,65.0,0.00519002379719
271,48725.99217527387,68.02289722430838,2.629459422319181,0.039147542327413874,2.960924891797594,2.2494376578869915,0.6749211918513558,58563.207109737246,71.57700255014619,3.2954631656361433,0.04655781481164476,4.025126158856645,3.0729995398133014,0.7274303912011776,6301_6218,23.0,11.0,12.0,272,2,33,1,272,1,272,0,1,271,33,408,E West Expy E,E,Freeway,0.478957572747,0.0,6301,6218,E,2,65863,8,408,128500,65863,65,52,65.0,0.00787768894248
272,68133.9549689441,66.73501189415846,2.341195317938903,0.03525541917711888,3.888451982293912,2.5368409323019163,0.6380992373621679,68651.03703703704,66.53922115890735,2.4977929546345563,0.037781904645850926,3.771117899444616,2.567049702751175,0.6597723146040505,6252_6227,10.0,8.0,2.0,273,2,34,1,273,1,273,0,1,272,34,408,E West Expy E,E,Freeway,0.427329622562,0.0,6252,6227,E,2,65863,10,408,125797,65863,55,163,55.0,0.007029566008949999
273,68651.03703703704,66.53922115890735,2.4977929546345563,0.037781904645850926,3.771117899444616,2.567049702751175,0.6597723146040505,74237.71048513302,63.987814506192635,2.4036673473496557,0.03780546855423427,3.1855649300422377,2.2058839146659,0.6694177531096421,6227_8355,25.0,19.0,6.0,274,2,35,1,274,1,274,0,1,273,35,408,E West Expy E,E,Freeway,0.3034056567,0.0,6227,8355,E,2,65863,10,408,137874,65863,55,154,55.0,0.00499103782101
274,63853.012422360254,65.34208492033261,2.558719527222709,0.039397646008655404,2.8189364235822367,2.082827677601278,0.7106473388608127,55567.53395061728,67.56055461808164,4.0562719643752745,0.060902341304397575,3.2967123660934856,3.024826845721704,0.8506682240665961,8431_6232,1.0,1.0,0.0,275,2,36,1,275,1,275,0,1,274,36,408,E West Expy E,E,Freeway,0.062031592004800004,0.0,8431,6232,E,2,65863,8,408,128500,65863,65,64,65.0,0.00101416062489
275,56586.90837282781,66.53171220098162,3.758453059013498,0.05732545242954881,3.5076188557151977,3.01360893092453,0.8109784735933867,54351.798373983744,65.09525775657382,4.487231488007578,0.06976463353023288,3.6371103662972937,3.569213903221352,0.9001965647008507,8412_7015,53.0,31.0,22.0,276,2,37,1,276,1,276,0,1,275,37,408,E West Expy E,E,Freeway,1.09482016576,0.0,8412,7015,E,2,65863,8,408,128500,65863,65,57,65.0,0.0178687324645
276,56673.38759689923,65.1847654566741,3.0588756531351637,0.04738560484083845,3.4228516556460726,2.7585746898282024,0.7634129634707717,56586.90837282781,66.53171220098162,3.758453059013498,0.05732545242954881,3.5076188557151977,3.01360893092453,0.8109784735933867,8408_8412,40.0,32.0,8.0,277,2,38,1,277,1,277,0,1,276,38,408,E West Expy E,E,Freeway,0.565397634032,0.0,8408,8412,E,2,65863,8,408,128500,65863,65,70,65.0,0.00906487505768
277,64179.810185185175,66.64990304947838,2.8662100741728382,0.04335290449603935,3.739906007882488,2.7128541447272743,0.6980169373035513,63853.012422360254,65.34208492033261,2.558719527222709,0.039397646008655404,2.8189364235822367,2.082827677601278,0.7106473388608127,6881_8431,42.0,35.0,7.0,278,2,39,1,278,1,278,0,1,277,39,408,E West Expy E,E,Freeway,0.687809032898,0.0,6881,8431,E,2,65863,8,408,128500,65863,65,61,65.0,0.011309096359899998
278,59244.518518518526,67.92873013568976,3.004363152949072,0.04465948414698437,3.956406356365514,3.0635460108699637,0.7410039298375475,64179.810185185175,66.64990304947838,2.8662100741728382,0.04335290449603935,3.739906007882488,2.7128541447272743,0.6980169373035513,6235_6881,16.0,10.0,6.0,279,2,40,1,279,1,279,0,1,278,40,408,E West Expy E,E,Freeway,0.338968050653,0.0,6235,6881,E,2,65863,8,408,128500,65863,65,63,65.0,0.005576080111539999
279,56673.38759689923,65.1847654566741,3.0588756531351637,0.04738560484083845,3.4228516556460726,2.7585746898282024,0.7634129634707717,55567.53395061728,67.56055461808164,4.0562719643752745,0.060902341304397575,3.2967123660934856,3.024826845721704,0.8506682240665961,8408_6232,11.0,9.0,2.0,280,2,41,1,280,1,280,0,1,279,41,408,E West Expy E,E,Freeway,0.07712074727780001,0.0,8408,6232,E,2,65863,8,408,128500,65863,65,82,65.0,0.0012568518348399999
280,58563.207109737246,71.57700255014619,3.2954631656361433,0.04655781481164476,4.025126158856645,3.0729995398133014,0.7274303912011776,59244.518518518526,67.92873013568976,3.004363152949072,0.04465948414698437,3.956406356365514,3.0635460108699637,0.7410039298375475,6218_6235,6.0,4.0,2.0,281,2,42,1,281,1,281,0,1,280,42,408,E West Expy E,E,Freeway,0.120153933304,0.0,6218,6235,E,2,65863,8,408,128500,65863,65,102,65.0,0.00197655978496
281,22479.269537480064,54.574157514602796,6.0404729513129745,0.11199389071330837,3.840861084658717,3.5885004919453327,0.8735801821262689,31031.548780487807,63.425351918393424,5.643795449350987,0.0901759832554742,5.140216783890326,4.4406079223497175,0.8302051043044277,8033_8027,20.0,12.0,8.0,282,2,43,1,282,1,282,0,1,281,43,408,E West Expy E,E,Freeway,0.286919626549,0.0,8033,8027,S,2,65863,6,417,69354,65863,70,0,70.0,0.0047202651341099995
282,31031.548780487807,63.425351918393424,5.643795449350987,0.0901759832554742,5.140216783890326,4.4406079223497175,0.8302051043044277,27293.597222222223,63.74076563051009,5.0927584106264385,0.08723859164532627,5.893421791335363,4.360840930741257,0.723843046450985,8027_6269,41.0,29.0,12.0,283,2,44,1,283,1,283,0,1,282,44,408,E West Expy E,E,Freeway,0.433971317465,0.0,8027,6269,E,2,65863,5,408,74500,65863,65,54,65.0,0.00713898801368
283,29562.018604651163,63.4266233434939,3.2132814816224053,0.05126042495280412,4.032834394292571,2.678464960220285,0.6493518358217191,29355.060371517033,63.93488930422115,3.31183422007546,0.05219013199829735,3.0033486808816074,1.8827836407169267,0.6114111241430649,8009_6303,13.0,7.0,6.0,284,2,45,1,284,1,284,0,1,283,45,408,E West Expy E,E,Freeway,0.21678514424400003,0.0,8009,6303,E,2,65863,4,408,90000,65863,65,87,65.0,0.0035664011454699996
284,54351.798373983744,65.09525775657382,4.487231488007578,0.06976463353023288,3.6371103662972937,3.569213903221352,0.9001965647008507,22479.269537480064,54.574157514602796,6.0404729513129745,0.11199389071330837,3.840861084658717,3.5885004919453327,0.8735801821262689,7015_8033,3.0,1.0,2.0,285,2,46,1,285,1,285,0,1,284,46,408,E West Expy E,E,Freeway,0.12294565626399999,0.0,7015,8033,E,2,65863,5,408,74500,65863,65,86,65.0,0.0020225571162399997
285,29355.060371517033,63.93488930422115,3.31183422007546,0.05219013199829735,3.0033486808816074,1.8827836407169267,0.6114111241430649,34857.49845201238,64.79511993256236,2.952499861888477,0.046071063687008786,3.5122359390502185,2.4387986776957917,0.6803138074253933,6303_6305,16.0,12.0,4.0,286,2,47,1,286,1,286,0,1,285,47,408,E West Expy E,E,Freeway,0.38513576068899996,0.0,6303,6305,E,2,65863,4,408,90000,65863,65,90,65.0,0.00633605252537
286,27293.597222222223,63.74076563051009,5.0927584106264385,0.08723859164532627,5.893421791335363,4.360840930741257,0.723843046450985,29562.018604651163,63.4266233434939,3.2132814816224053,0.05126042495280412,4.032834394292571,2.678464960220285,0.6493518358217191,6269_8009,15.0,11.0,4.0,287,2,48,1,287,1,287,0,1,286,48,408,E West Expy E,E,Freeway,0.34751609822400004,0.0,6269,8009,E,2,65863,4,408,82794,65863,65,55,65.0,0.005716646731470001
287,30359.603395061727,64.82385843604604,2.8974815304340886,0.045043352992092806,3.012802996757661,2.1179991874755424,0.6852405936524283,29661.657853810262,66.39265695181183,3.5827273283768517,0.05460634874713168,3.3247585553442125,2.3263466885492563,0.6837135499743744,8077_8070,30.0,18.0,12.0,288,2,49,1,288,1,288,0,1,287,49,408,E West Expy E,E,Freeway,0.605448279068,0.0,8077,8070,E,2,65863,5,408,79637,65863,65,85,65.0,0.00995456280134
288,29661.657853810262,66.39265695181183,3.5827273283768517,0.05460634874713168,3.3247585553442125,2.3263466885492563,0.6837135499743744,127917.28717948716,63.92781997463407,3.706329734207335,0.05838937744331736,4.799006595907877,3.635483987280137,0.7468006811226713,8070_6690,3.0,3.0,0.0,289,2,50,1,289,1,289,0,1,288,50,408,E West Expy E,E,Freeway,0.195538521292,0.0,8070,6690,E,2,65863,4,408,70000,65863,65,43,65.0,0.00321121610435
289,26624.324803149608,63.48696873144742,3.544018866861105,0.0561274214845483,2.6182453150489104,1.9562520910247359,0.7338088755568279,18088.29237947123,60.2068162104701,2.345875798771855,0.03911564962099308,2.58106461941397,1.8249706358210087,0.6837372051257758,8041_6970,53.0,38.0,15.0,290,2,51,1,290,1,290,0,1,289,51,408,E West Expy E,E,Freeway,1.07432588763,0.0,8041,6970,E,2,65863,4,408,38500,65863,65,48,65.0,0.0174682921146
290,127917.28717948716,63.92781997463407,3.706329734207335,0.05838937744331736,4.799006595907877,3.635483987280137,0.7468006811226713,26624.324803149608,63.48696873144742,3.544018866861105,0.0561274214845483,2.6182453150489104,1.9562520910247359,0.7338088755568279,6690_8041,24.0,18.0,6.0,291,2,52,1,291,1,291,0,1,290,52,408,E West Expy E,E,Freeway,0.44647801889899996,0.0,6690,8041,E,2,65863,4,408,68516,65863,65,55,65.0,0.00732783498468
291,34857.49845201238,64.79511993256236,2.952499861888477,0.046071063687008786,3.5122359390502185,2.4387986776957917,0.6803138074253933,30359.603395061727,64.82385843604604,2.8974815304340886,0.045043352992092806,3.012802996757661,2.1179991874755424,0.6852405936524283,6305_8077,7.0,6.0,1.0,292,2,53,1,292,1,292,0,1,291,53,408,E West Expy E,E,Freeway,0.142732433716,0.0,6305,8077,E,2,65863,4,408,90000,65863,65,60,65.0,0.00234816031831
292,18088.29237947123,60.2068162104701,2.345875798771855,0.03911564962099308,2.58106461941397,1.8249706358210087,0.6837372051257758,18164.973602484468,61.28288270086895,2.8969712699655417,0.047433204820542224,1.1390754743104397,0.9388433376330736,0.7691999136196788,6970_8174,11.0,9.0,2.0,293,2,54,1,293,1,293,0,1,292,54,408,E West Expy E,E,Freeway,0.470339973172,0.0,6970,8174,E,2,65863,4,408,38500,65863,65,79,65.0,0.006869121948
293,17865.25,63.573040935680076,2.4570457363824394,0.038685438134417424,1.5668150476676854,1.1059120323041345,0.7000091418505513,17948.421461897356,64.8458961540802,2.8815475947952485,0.04455058906784643,2.6838728472431232,1.941236476803412,0.7052327342718883,8178_6921,7.0,5.0,2.0,294,2,1,1,294,1,294,0,1,293,1,408,E West Expy W,W,Freeway,0.498662548024,0.0,8178,6921,W,2,65863,4,408,38500,65863,65,79,65.0,0.00727306453737
294,38434.659442724456,64.74451267068976,4.073916310804386,0.06376818649657727,2.7814462369753032,2.5840455255651475,0.8686476712253137,38386.95348837209,64.14493565199244,4.349326956287388,0.06871415965176389,2.4446143607811663,2.347215748091732,0.8850281353142182,8150_8116,14.0,10.0,4.0,295,2,2,1,295,1,295,0,1,294,2,408,E West Expy W,W,Freeway,0.326338353053,0.0,8150,8116,W,2,65863,6,408,60500,65863,65,61,65.0,0.005348296253109999
295,38386.95348837209,64.14493565199244,4.349326956287388,0.06871415965176389,2.4446143607811663,2.347215748091732,0.8850281353142182,33705.18575851393,69.03326412183151,5.617662936584611,0.08253541031351233,5.4360410680458084,4.622986268881618,0.8180997498860918,8116_6273,3.0,1.0,2.0,296,2,3,1,296,1,296,0,1,295,3,408,E West Expy W,W,Freeway,0.246345655819,0.0,8116,6273,W,2,65863,4,408,51303,65863,55,61,55.0,0.0039870142071700004
296,39169.91203703704,67.437115059169,3.6483828468500095,0.05556030108581705,2.603868366458141,2.348568179514916,0.8216564138895986,36495.246913580246,66.07296557467659,3.2047726601216584,0.04946351320377501,3.00933931698912,2.4546905019963456,0.7841693542297896,8210_8148,13.0,11.0,2.0,297,2,4,1,297,1,297,0,1,296,4,408,E West Expy W,W,Freeway,0.792189706103,0.0,8210,8148,W,2,65863,4,408,73500,65863,65,49,65.0,0.013009075556999998
297,37497.97815912637,65.84105392898337,3.5374202979553875,0.05414443417877726,2.2211153349731982,1.8312257750400764,0.795748084316515,38434.659442724456,64.74451267068976,4.073916310804386,0.06376818649657727,2.7814462369753032,2.5840455255651475,0.8686476712253137,8156_8150,21.0,12.0,9.0,298,2,5,1,298,1,298,0,1,297,5,408,E West Expy W,W,Freeway,0.460746220134,0.0,8156,8150,W,2,65863,6,408,67299,65863,65,62,65.0,0.00755594538579
298,36495.246913580246,66.07296557467659,3.2047726601216584,0.04946351320377501,3.00933931698912,2.4546905019963456,0.7841693542297896,35774.99535603715,64.59966469872029,3.529043795414108,0.055818932705286366,2.498755223816374,1.92820480989736,0.7426748002675889,8148_6298,12.0,11.0,1.0,299,2,6,1,299,1,299,0,1,298,6,408,E West Expy W,W,Freeway,0.33067075268199997,0.0,8148,6298,W,2,65863,4,408,73500,65863,65,59,65.0,0.00543613953215
299,37546.35389610389,66.76584109554443,3.6041028658388234,0.054595268379876764,3.0749990846865582,2.5229623726182764,0.7934732495916185,37497.97815912637,65.84105392898337,3.5374202979553875,0.05414443417877726,2.2211153349731982,1.8312257750400764,0.795748084316515,6300_8156,8.0,6.0,2.0,300,2,7,1,300,1,300,0,1,299,7,408,E West Expy W,W,Freeway,0.325558727708,0.0,6300,8156,W,2,65863,4,408,73500,65863,65,77,65.0,0.0053384668912700006
300,35774.99535603715,64.59966469872029,3.529043795414108,0.055818932705286366,2.498755223816374,1.92820480989736,0.7426748002675889,37546.35389610389,66.76584109554443,3.6041028658388234,0.054595268379876764,3.0749990846865582,2.5229623726182764,0.7934732495916185,6298_6300,2.0,1.0,1.0,301,2,8,1,301,1,301,0,1,300,8,408,E West Expy W,W,Freeway,0.49363934571999996,0.0,6298,6300,W,2,65863,4,408,73500,65863,65,137,65.0,0.00809383647836
301,39523.45341614907,64.34689179859083,3.4235491915165093,0.05441850547049437,3.2555444619006284,2.8823759795278003,0.8279551525241782,33877.304975922954,68.89182527646386,3.9150514539665116,0.05824726678482747,2.50958852513956,2.3087554737515146,0.8412797277609365,8203_6930,4.0,3.0,1.0,302,2,9,1,302,1,302,0,1,301,9,408,E West Expy W,W,Freeway,0.254236253283,0.0,8203,6930,W,2,65863,6,408,73500,65863,65,77,65.0,0.00417138399653
302,40338.71118012422,65.54255192007588,3.3666072098428588,0.05241305395503628,2.7556380835917538,2.4857810524351063,0.8398049514620888,39523.45341614907,64.34689179859083,3.4235491915165093,0.05441850547049437,3.2555444619006284,2.8823759795278003,0.8279551525241782,8201_8203,8.0,5.0,3.0,303,2,10,1,303,1,303,0,1,302,10,408,E West Expy W,W,Freeway,0.492661043524,0.0,8201,8203,W,2,65863,6,408,70075,65863,65,110,65.0,0.00802848761702
303,43216.690625,63.522827438549385,2.8617093493026173,0.045461783732182695,2.332338580833421,1.8086062210171263,0.7368993893766905,40338.71118012422,65.54255192007588,3.3666072098428588,0.05241305395503628,2.7556380835917538,2.4857810524351063,0.8398049514620888,6994_8201,5.0,3.0,2.0,304,2,11,1,304,1,304,0,1,303,11,408,E West Expy W,W,Freeway,0.5558544591160001,0.0,6994,8201,W,2,65863,6,408,66500,65863,65,61,65.0,0.00914458168973
304,33877.304975922954,68.89182527646386,3.9150514539665116,0.05824726678482747,2.50958852513956,2.3087554737515146,0.8412797277609365,39169.91203703704,67.437115059169,3.6483828468500095,0.05556030108581705,2.603868366458141,2.348568179514916,0.8216564138895986,6930_8210,7.0,6.0,1.0,305,2,12,1,305,1,305,0,1,304,12,408,E West Expy W,W,Freeway,0.252851879401,0.0,6930,8210,W,2,65863,6,408,73500,65863,65,68,65.0,0.00414314834347
305,43386.706790123455,64.90749689383577,2.8646672253078105,0.04463816923684092,2.5934854220228702,1.9937222116747728,0.7429289531260184,43216.690625,63.522827438549385,2.8617093493026173,0.045461783732182695,2.332338580833421,1.8086062210171263,0.7368993893766905,6489_6994,16.0,10.0,6.0,306,2,13,1,306,1,306,0,1,305,13,408,E West Expy W,W,Freeway,0.471200403667,0.0,6489,6994,W,2,65863,6,408,66500,65863,65,127,65.0,0.00775199669547
306,43509.018604651166,66.8548836658881,2.981737618611685,0.04507799224303618,4.130537126462421,3.213959233009073,0.7546663686486077,43386.706790123455,64.90749689383577,2.8646672253078105,0.04463816923684092,2.5934854220228702,1.9937222116747728,0.7429289531260184,5934_6489,11.0,7.0,4.0,307,2,14,1,307,1,307,0,1,306,14,408,E West Expy W,W,Freeway,0.37871294849799997,0.0,5934,6489,W,2,65863,6,408,66500,65863,65,86,65.0,0.0061146033158
307,37903.424572317264,61.208182239753825,3.0619838451448165,0.050417431169271006,3.5188005490638035,2.774533640106503,0.7540511884591159,41484.88117283951,61.43250505034581,2.8160025457740363,0.046205968024267234,4.141679640310223,3.054785654650215,0.7189888419600154,8254_8252,9.0,8.0,1.0,308,2,15,1,308,1,308,0,1,307,15,408,E West Expy W,W,Freeway,0.265913166567,0.0,8254,8252,W,2,65863,6,408,85901,65863,55,162,55.0,0.00437412598084
308,41484.88117283951,61.43250505034581,2.8160025457740363,0.046205968024267234,4.141679640310223,3.054785654650215,0.7189888419600154,45765.98765432098,62.019017880455635,3.2152878184910985,0.05224071747767062,3.944164351649536,2.7389340118619945,0.6780874441887459,8252_8244,14.0,10.0,4.0,309,2,16,1,309,1,309,0,1,308,16,408,E West Expy W,W,Freeway,0.53605387618,0.0,8252,8244,W,2,65863,6,408,84966,65863,55,166,55.0,0.00863192802219
309,45765.98765432098,62.019017880455635,3.2152878184910985,0.05224071747767062,3.944164351649536,2.7389340118619945,0.6780874441887459,45674.97515527951,60.213256930391275,2.671371618571564,0.044686974960122784,3.5791579296924723,2.627559498447905,0.7137785751981147,8244_8217,5.0,3.0,2.0,310,2,17,1,310,1,310,0,1,309,17,408,E West Expy W,W,Freeway,0.234501175013,0.0,8244,8217,W,2,65863,6,408,84500,65863,55,71,55.0,0.00367099375023
310,43415.06611570248,65.0746676755086,2.793200172154624,0.0434359162115538,3.31019390420654,2.400304868574804,0.7129156462368427,43509.018604651166,66.8548836658881,2.981737618611685,0.04507799224303618,4.130537126462421,3.213959233009073,0.7546663686486077,8239_5934,9.0,6.0,3.0,311,2,18,1,311,1,311,0,1,310,18,408,E West Expy W,W,Freeway,0.530374073551,0.0,8239,5934,W,2,65863,6,408,66500,65863,65,121,65.0,0.00871097460343
311,45674.97515527951,60.213256930391275,2.671371618571564,0.044686974960122784,3.5791579296924723,2.627559498447905,0.7137785751981147,46401.59937888199,62.047694460346975,2.9602771070742615,0.04811948566398741,3.776909671914965,2.8196503292044444,0.7220961712104212,8217_8215,14.0,12.0,2.0,312,2,19,1,312,1,312,0,1,311,19,408,E West Expy W,W,Freeway,0.470414236762,0.0,8217,8215,W,2,65863,6,408,73340,65863,65,182,65.0,0.00737572684003
312,46401.59937888199,62.047694460346975,2.9602771070742615,0.04811948566398741,3.776909671914965,2.8196503292044444,0.7220961712104212,46232.261829653,64.53281914961079,3.0252530336131174,0.04745493760944195,3.6796110772821433,2.8164972218339552,0.7392408113993849,8215_6440,12.0,8.0,4.0,313,2,20,1,313,1,313,0,1,312,20,408,E West Expy W,W,Freeway,0.25761408424,0.0,8215,6440,W,2,65863,6,408,66500,65863,65,129,65.0,0.00417989880851
313,46232.261829653,64.53281914961079,3.0252530336131174,0.04745493760944195,3.6796110772821433,2.8164972218339552,0.7392408113993849,43415.06611570248,65.0746676755086,2.793200172154624,0.0434359162115538,3.31019390420654,2.400304868574804,0.7129156462368427,6440_8239,10.0,8.0,2.0,314,2,21,1,314,1,314,0,1,313,21,408,E West Expy W,W,Freeway,0.108833365524,0.0,6440,8239,W,2,65863,6,408,66500,65863,65,52,65.0,0.0017901213662999999
314,80778.17647058824,61.51889170881141,4.6165336969493165,0.07615933306050385,5.149066538889102,3.9113606091444186,0.7304325114460302,80970.56790123456,62.71182906081999,5.046469716537704,0.08171371665452949,4.6230538094339515,3.790874529438632,0.7758198140305428,8318_8309,22.0,14.0,8.0,315,2,22,1,315,1,315,0,1,314,22,408,E West Expy W,W,Freeway,0.183840797773,0.0,8318,8309,W,2,65863,9,408,93000,65863,55,68,55.0,0.00302303734189
315,75108.42097026603,62.28858770953392,6.4137621321661475,0.10490213774894516,4.43386432246698,4.106809528849904,0.8688304300247218,58896.45046439629,61.947798988967975,6.8767549698005626,0.11317104602658712,5.656066636414738,4.690755468755661,0.7894450429244035,8313_6737,58.0,32.0,26.0,316,2,23,1,316,1,316,0,1,315,23,408,E West Expy W,W,Freeway,0.46675185688299997,0.0,8313,6737,W,2,65863,8,408,93000,65863,55,92,55.0,0.00767739680024
316,80970.56790123456,62.71182906081999,5.046469716537704,0.08171371665452949,4.6230538094339515,3.790874529438632,0.7758198140305428,75108.42097026603,62.28858770953392,6.4137621321661475,0.10490213774894516,4.43386432246698,4.106809528849904,0.8688304300247218,8309_8313,54.0,38.0,16.0,317,2,24,1,317,1,317,0,1,316,24,408,E West Expy W,W,Freeway,0.396972045378,0.0,8309,8313,W,2,65863,9,408,93000,65863,55,136,55.0,0.00650433139267
317,29589.628125,51.467619983435576,5.117217747884053,0.10103450503386706,7.178110815594063,4.9912482262009865,0.6796422899148826,36847.65217391304,54.998057180685905,2.997315483915438,0.054911320406087316,5.139552330852875,3.5916820507140987,0.6789595294847893,8274_8272,41.0,27.0,14.0,318,2,25,1,318,1,318,0,1,317,25,408,E West Expy W,W,Freeway,0.301334366325,0.0,8274,8272,S,1,65863,7,4,144500,65863,55,0,55.0,0.00495680619726
318,36847.65217391304,54.998057180685905,2.997315483915438,0.054911320406087316,5.139552330852875,3.5916820507140987,0.6789595294847893,37903.424572317264,61.208182239753825,3.0619838451448165,0.050417431169271006,3.5188005490638035,2.774533640106503,0.7540511884591159,8272_8254,50.0,33.0,17.0,319,2,26,1,319,1,319,0,1,318,26,408,E West Expy W,W,Freeway,0.523750841413,0.0,8272,8254,W,2,65863,6,408,85901,65863,55,67,55.0,0.00861528421267
319,58896.45046439629,61.947798988967975,6.8767549698005626,0.11317104602658712,5.656066636414738,4.690755468755661,0.7894450429244035,53568.205169628425,57.522614775986135,6.555661048461682,0.11642349082689965,7.518541349083079,5.4943287983205416,0.7102282257133659,6737_6230,69.0,45.0,24.0,320,2,27,1,320,1,320,0,1,319,27,408,E West Expy W,W,Freeway,0.312836275073,0.0,6737,6230,W,3,65863,4,0,23980,65863,55,145,55.0,0.005089346157529999
320,53568.205169628425,57.522614775986135,6.555661048461682,0.11642349082689965,7.518541349083079,5.4943287983205416,0.7102282257133659,29589.628125,51.467619983435576,5.117217747884053,0.10103450503386706,7.178110815594063,4.9912482262009865,0.6796422899148826,6230_8274,46.0,35.0,11.0,321,2,28,1,321,1,321,0,1,320,28,408,E West Expy W,W,Freeway,0.203469708857,0.0,6230,8274,W,3,65863,4,0,23980,65863,55,129,55.0,0.00333259954669
321,7374.650154798762,54.39362647643907,3.117594320509035,0.05736086009644699,0.3785517898898567,0.3743657686447128,0.9589274691661016,69030.14043209876,64.32706056363115,4.161514853402721,0.06579737801286026,4.378905761117078,3.7173514856038863,0.7981582519469789,6307_6229,6.0,6.0,0.0,322,2,29,1,322,1,322,0,1,321,29,408,E West Expy W,W,Freeway,0.314179016856,0.0,6307,6229,W,2,65863,7,408,139500,65863,65,59,65.0,0.00515046464292
322,78968.0503144654,62.61387428115588,5.556119133044793,0.09028765038446213,3.9195426859441738,3.682681271062679,0.8731620670758189,72605.59782608696,62.43775078342329,6.64321878412071,0.10865848258747632,5.371169018959087,5.128479715251672,0.8893899478188291,8353_6185,51.0,32.0,19.0,323,2,30,1,323,1,323,0,1,322,30,408,E West Expy W,W,Freeway,0.42615895878,0.0,8353,6185,W,2,65863,10,408,137612,65863,55,163,55.0,0.00701033979363
323,72141.69734789393,64.29412555148133,2.5713875305296,0.04032222374379528,3.7871393239700017,2.6882220950378586,0.6912285151014065,,,,,,,,8188_6226,15.0,12.0,3.0,324,2,31,1,324,1,324,0,1,323,31,408,E West Expy W,W,Freeway,0.40877709247500005,0.0,8188,6226,W,2,65863,7,408,139500,65863,65,56,65.0,0.0067193263005799996
324,69030.14043209876,64.32706056363115,4.161514853402721,0.06579737801286026,4.378905761117078,3.7173514856038863,0.7981582519469789,73772.51388888889,66.91811104714098,5.060776869015664,0.0769584486068378,4.265502423147862,3.9174573482238673,0.8565844573657503,6229_6177,10.0,9.0,1.0,325,2,32,1,325,1,325,0,1,324,32,408,E West Expy W,W,Freeway,0.315060560134,0.0,6229,6177,W,2,65863,7,408,139500,65863,55,88,55.0,0.00517066319789
325,,,,,,,,7374.650154798762,54.39362647643907,3.117594320509035,0.05736086009644699,0.3785517898898567,0.3743657686447128,0.9589274691661016,6226_6307,0.0,0.0,0.0,326,2,33,1,326,1,326,0,1,325,33,408,E West Expy W,W,Freeway,0.00281311804758,0.0,6226,6307,W,2,65863,7,408,139500,65863,65,53,65.0,4.6208600858e-05
326,72605.59782608696,62.43775078342329,6.64321878412071,0.10865848258747632,5.371169018959087,5.128479715251672,0.8893899478188291,80778.17647058824,61.51889170881141,4.6165336969493165,0.07615933306050385,5.149066538889102,3.9113606091444186,0.7304325114460302,6185_8318,41.0,30.0,11.0,327,2,34,1,327,1,327,0,1,326,34,408,E West Expy W,W,Freeway,0.600533409331,0.0,6185,8318,W,2,65863,9,408,93000,65863,55,82,55.0,0.009878677042870002
327,73772.51388888889,66.91811104714098,5.060776869015664,0.0769584486068378,4.265502423147862,3.9174573482238673,0.8565844573657503,78968.0503144654,62.61387428115588,5.556119133044793,0.09028765038446213,3.9195426859441738,3.682681271062679,0.8731620670758189,6177_8353,37.0,28.0,9.0,328,2,35,1,328,1,328,0,1,327,35,408,E West Expy W,W,Freeway,0.468851634629,0.0,6177,8353,W,2,65863,10,408,139500,65863,55,154,55.0,0.00771233397922
328,64805.7433903577,67.0833622470873,4.934493452261263,0.07474978588051122,3.4587846730268197,3.312821945186229,0.8930475842626552,67291.32766615147,66.97398287863328,5.811947223574503,0.0881988962773866,4.600121535792937,4.405441688396313,0.8997543406046697,8427_6883,29.0,17.0,12.0,329,2,36,1,329,1,329,0,1,328,36,408,E West Expy W,W,Freeway,0.495471928455,0.0,8427,6883,W,2,65863,8,408,128500,65863,65,64,65.0,0.00814446820113
329,58014.11265432098,63.92260157477358,4.429960965010535,0.0702639201747789,3.608039871329267,3.522538438577949,0.9144578542086936,64805.7433903577,67.0833622470873,4.934493452261263,0.07474978588051122,3.4587846730268197,3.312821945186229,0.8930475842626552,8406_8427,12.0,7.0,5.0,330,2,37,1,330,1,330,0,1,329,37,408,E West Expy W,W,Freeway,0.18251842594599998,0.0,8406,8427,W,2,65863,8,408,128500,65863,65,64,65.0,0.00297172802503
330,65258.64451313756,63.3679800581666,3.142014139727195,0.04996650923590778,4.19690410533211,3.1477194365025087,0.7273901029979534,60819.43209876544,65.36268993624056,3.1819719016121946,0.04915421626352985,4.545561619811315,3.6078379607785145,0.7668869554071289,8376_6256,4.0,2.0,2.0,331,2,38,1,331,1,331,0,1,330,38,408,E West Expy W,W,Freeway,0.146797621086,0.0,8376,6256,W,2,65863,7,408,128500,65863,65,52,65.0,0.00241487080107
331,56834.090625,66.5553828689231,3.862873352386194,0.0586713764909985,3.1694024626147828,2.807533516890477,0.8325919925945658,58014.11265432098,63.92260157477358,4.429960965010535,0.0702639201747789,3.608039871329267,3.522538438577949,0.9144578542086936,6918_8406,37.0,24.0,13.0,332,2,39,1,332,1,332,0,1,331,39,408,E West Expy W,W,Freeway,0.517864622603,0.0,6918,8406,W,2,65863,8,408,128500,65863,65,115,65.0,0.00829181216929
332,67291.32766615147,66.97398287863328,5.811947223574503,0.0881988962773866,4.600121535792937,4.405441688396313,0.8997543406046697,65258.64451313756,63.3679800581666,3.142014139727195,0.04996650923590778,4.19690410533211,3.1477194365025087,0.7273901029979534,6883_8376,33.0,24.0,9.0,333,2,40,1,333,1,333,0,1,332,40,408,E West Expy W,W,Freeway,0.650045276787,0.0,6883,8376,W,2,65863,8,408,128500,65863,65,61,65.0,0.010693451283
333,60819.43209876544,65.36268993624056,3.1819719016121946,0.04915421626352985,4.545561619811315,3.6078379607785145,0.7668869554071289,72141.69734789393,64.29412555148133,2.5713875305296,0.04032222374379528,3.7871393239700017,2.6882220950378586,0.6912285151014065,6256_8188,20.0,14.0,6.0,334,2,41,1,334,1,334,0,1,333,41,408,E West Expy W,W,Freeway,0.33261490044799996,0.0,6256,8188,N,3,65863,6,436,60000,65863,65,52,65.0,0.005470482258989999
334,41846.670731707316,63.39613802400208,3.1914127977796647,0.050908055847862135,4.170769156411862,3.2361212050880974,0.7597900168999091,28630.521671826627,65.49001069968108,3.7558165372263232,0.05821203599975337,4.0939834744640535,3.182172462597108,0.7558667747986748,8024_6971,0.0,0.0,0.0,335,2,42,1,335,1,335,0,1,334,42,408,E West Expy W,W,Freeway,0.1860583606,0.0,8024,6971,W,2,65863,5,408,74500,65863,65,79,65.0,0.0030606097926500005
335,29375.827160493827,65.72409175786007,4.965805668795967,0.07801530968174275,4.952935955924433,3.662793311637,0.7354065247172479,41846.670731707316,63.39613802400208,3.1914127977796647,0.050908055847862135,4.170769156411862,3.2361212050880974,0.7597900168999091,8013_8024,26.0,21.0,5.0,336,2,43,1,336,1,336,0,1,335,43,408,E West Expy W,W,Freeway,0.433746144336,0.0,8013,8024,W,2,65863,5,408,74500,65863,65,70,65.0,0.0071354529158
336,32572.08062015504,64.09884295316014,4.255322244926306,0.0670635286337253,3.7664622038067312,2.844712073359714,0.730448705719187,29375.827160493827,65.72409175786007,4.965805668795967,0.07801530968174275,4.952935955924433,3.662793311637,0.7354065247172479,8005_8013,9.0,8.0,1.0,337,2,44,1,337,1,337,0,1,336,44,408,E West Expy W,W,Freeway,0.346659844981,0.0,8005,8013,W,2,65863,4,408,82724,65863,65,60,65.0,0.00570252184562
337,28630.521671826627,65.49001069968108,3.7558165372263232,0.05821203599975337,4.0939834744640535,3.182172462597108,0.7558667747986748,57775.502332814925,65.4795965219313,2.7339178523413614,0.04209572055015992,3.34640645844623,2.6376814151185184,0.7611668162058759,6971_6258,16.0,13.0,3.0,338,2,45,1,338,1,338,0,1,337,45,408,E West Expy W,W,Freeway,0.7917728009620001,0.0,6971,6258,S,2,65863,6,417,69354,65863,70,0,70.0,0.013023779959799999
338,57501.79166666666,66.90616816435947,3.821648134914192,0.05778816286132439,3.5749656942882257,3.072065730361253,0.8119801550707146,56834.090625,66.5553828689231,3.862873352386194,0.0586713764909985,3.1694024626147828,2.807533516890477,0.8325919925945658,6879_6918,19.0,16.0,3.0,339,2,46,1,339,1,339,0,1,338,46,408,E West Expy W,W,Freeway,0.324815536283,0.0,6879,6918,W,2,65863,5,408,74500,65863,65,67,65.0,0.005224882994899999
339,32589.95046439629,60.820263562046854,3.7839203304309446,0.06288183935470214,3.294465060156476,2.613567844927333,0.7562037260178179,32572.08062015504,64.09884295316014,4.255322244926306,0.0670635286337253,3.7664622038067312,2.844712073359714,0.730448705719187,6308_8005,7.0,5.0,2.0,340,2,47,1,340,1,340,0,1,339,47,408,E West Expy W,W,Freeway,0.218825062291,0.0,6308,8005,W,2,65863,4,408,90000,65863,65,90,65.0,0.00359986760412
340,57775.502332814925,65.4795965219313,2.7339178523413614,0.04209572055015992,3.34640645844623,2.6376814151185184,0.7611668162058759,57501.79166666666,66.90616816435947,3.821648134914192,0.05778816286132439,3.5749656942882257,3.072065730361253,0.8119801550707146,6258_6879,5.0,4.0,1.0,341,2,48,1,341,1,341,0,1,340,48,408,E West Expy W,W,Freeway,0.209349816692,0.0,6258,6879,W,2,65863,5,408,74500,65863,65,55,65.0,0.0034235927301999995
341,25041.44715447154,55.38822689095922,3.23183371350418,0.0589420492289254,3.461673076906662,2.572953793694613,0.7348273927302443,35604.093933463795,63.96423427301178,3.230040108308605,0.05104497002915426,3.2396453328651056,2.3720319635914318,0.7160202019735077,8057_6045,10.0,8.0,2.0,342,2,49,1,342,1,342,0,1,341,49,408,E West Expy W,W,Freeway,0.21179336135899998,0.0,8057,6045,W,2,65863,5,408,79495,65863,65,122,65.0,0.00348295188912
342,25949.24212598425,61.25031631797275,3.454577618732555,0.057032755049367126,3.853069717044972,2.8112081136037386,0.7115634799652225,31827.938735177868,64.37309343527518,3.1112842497505824,0.04872878645024302,2.95208419486687,2.2930941867373758,0.7450179995383407,8043_6946,5.0,3.0,2.0,343,2,50,1,343,1,343,0,1,342,50,408,E West Expy W,W,Freeway,0.10719335292,0.0,8043,6946,W,2,65863,4,408,68419,65863,65,53,65.0,0.00175663349943
343,31827.938735177868,64.37309343527518,3.1112842497505824,0.04872878645024302,2.95208419486687,2.2930941867373758,0.7450179995383407,25041.44715447154,55.38822689095922,3.23183371350418,0.0589420492289254,3.461673076906662,2.572953793694613,0.7348273927302443,6946_8057,20.0,15.0,5.0,344,2,51,1,344,1,344,0,1,343,51,408,E West Expy W,W,Freeway,0.7051978777879999,0.0,6946,8057,W,2,65863,4,408,70000,65863,65,55,65.0,0.011580182401
344,42906.648606811155,60.89998082687172,4.03714978407436,0.06787895112565094,1.8537261963056209,1.5249933221827925,1.2040577765220617,32589.95046439629,60.820263562046854,3.7839203304309446,0.06288183935470214,3.294465060156476,2.613567844927333,0.7562037260178179,6306_6308,2.0,1.0,1.0,345,2,52,1,345,1,345,0,1,344,52,408,E West Expy W,W,Freeway,0.383520670377,0.0,6306,6308,W,2,65863,4,408,90000,65863,65,113,65.0,0.00630951160561
345,35604.093933463795,63.96423427301178,3.230040108308605,0.05104497002915426,3.2396453328651056,2.3720319635914318,0.7160202019735077,42906.648606811155,60.89998082687172,4.03714978407436,0.06787895112565094,1.8537261963056209,1.5249933221827925,1.2040577765220617,6045_6306,8.0,4.0,4.0,346,2,53,1,346,1,346,0,1,345,53,408,E West Expy W,W,Freeway,0.364528650905,0.0,6045,6306,W,2,65863,5,408,90000,65863,65,93,65.0,0.00599713404367
346,17948.421461897356,64.8458961540802,2.8815475947952485,0.04455058906784643,2.6838728472431232,1.941236476803412,0.7052327342718883,25949.24212598425,61.25031631797275,3.454577618732555,0.057032755049367126,3.853069717044972,2.8112081136037386,0.7115634799652225,6921_8043,13.0,9.0,4.0,347,2,54,1,347,1,347,0,1,346,54,408,E West Expy W,W,Freeway,1.06838052112,0.0,6921,8043,W,2,65863,4,408,68419,65863,65,79,65.0,0.0173560081869
