,VolumeUp,AvgSpeedUp,StdSpeedUp,CoefOfVarSpeedUp,AvgOccupancyUp,StdOccupancyUp,CoefOfVarOccupancyUp,VolumeDown,AvgSpeedDown,StdSpeedDown,CoefOfVarSpeedDown,AvgOccupancyDown,StdOccupancyDown,CoefOfVarOccupancyDown,SegmentId,TotalCrashes,OCrashes,KABCCrashes,OBJECTID_1,Join_Count,TARGET_FID,Join_Cou_1,TARGET_F_1,Join_Cou_2,TARGET_F_2,OBJECTID_2,Join_Cou_3,TARGET_F_3,OBJECTID,RoadNumber,RouteId,Direction,Roadtype,Miles,Shape_Le_1,UpStationId,DownStationId,Direction_,F_System,Urban_Code,ThruLanes,Route_Numb,AADT,Urban_Co_1,Speed_Limi,IRI,SpeedLimit,Shape_Le_2,RuralUrban,AvgVolume,AvgSpeed,StdSpeed,CoefOfVarSpeed,AvgOccupancy,StdOccupancy,CoefOfVarOccupancy,LogVolume,LogSegLength,LaneNumber
0,45176.279320987655,61.56143402381234,5.114329039983804,0.08464318543349231,3.7173879331625286,4.159691730987015,1.004469949838814,89479.45440494592,64.78677914067069,6.244999105733384,0.0986961936080198,5.4731648439935325,5.8643117006159775,0.9820722409692552,5905_6014,3.5,3.0,0.5,253,2,14,1,253,1,253,0,1,252,14,408,E West Expy E,E,Freeway,0.427382923572,0.0,5905,6014,E,2,65863,6,408,66500,65863,65,86,65.0,0.00691155769553,1,67327.8668629668,63.174106582241514,5.6796640728585945,0.09166968952075605,4.59527638857803,5.012001715801496,0.9932710954040347,11.117329499216071,-0.8500748911021124,1
1,47780.160883280754,65.50962654203491,5.224513242300155,0.0814183317763995,5.357685161074042,4.586754029764268,0.8115708338823779,47826.900928792566,62.64627696775037,5.197587752708399,0.08490920609488099,4.020814138122766,3.8191241284716586,0.8748331733743442,6011_8219,5.5,4.0,1.5,261,2,22,1,261,1,261,0,1,260,22,408,E West Expy E,E,Freeway,0.26447248069400003,0.0,6011,8219,E,2,65863,6,408,66500,65863,65,55,65.0,0.0042867675845,1,47803.530906036656,64.07795175489264,5.211050497504277,0.08316376893564024,4.689249649598404,4.2029390791179635,0.8432020036283611,10.774854784078544,-1.3300180758414062,1
2,40410.46655791192,68.99112266973928,3.115532460116057,0.04554068522515349,2.6562672399410663,2.2460428225519147,0.8172418815819463,40804.271317829465,66.50147146155778,3.06904464044952,0.046627462079053536,3.337084271033255,2.7299574119371246,0.7860404255476933,6068_8208,8.5,6.0,2.5,251,2,12,1,251,1,251,0,1,250,12,408,E West Expy E,E,Freeway,0.252460012189,0.0,6068,8208,E,2,65863,6,408,73500,65863,65,67,65.0,0.0041405043817800006,1,40607.36893787069,67.74629706564853,3.092288550282788,0.04608407365210351,2.9966757554871606,2.4880001172445194,0.8016411535648198,10.611704830053299,-1.376502410376507,1
3,58563.207109737246,71.57700255014619,3.2954631656361437,0.04655781481164476,4.025126158856645,3.072999539813301,0.7274303912011776,59244.518518518526,67.92873013568976,3.0043631529490717,0.04465948414698437,3.956406356365514,3.063546010869964,0.7410039298375475,6218_6235,3.0,2.0,1.0,281,2,42,1,281,1,281,0,1,280,42,408,E West Expy E,E,Freeway,0.120153933304,0.0,6218,6235,E,2,65863,8,408,128500,65863,65,102,65.0,0.00197655978496,1,58903.86281412789,69.75286634291797,3.1499131592926077,0.04560864947931456,3.99076625761108,3.0682727753416326,0.7342171605193626,10.983661950072051,-2.118981580722923,2
4,33617.821981424146,68.58160452964673,3.105923472559512,0.04564493484343154,5.508615250130607,3.914769907989275,0.7053576940241617,36775.548136645964,67.6711383603424,2.75228013871727,0.04200170400387319,3.6751247686923447,2.485525027532203,0.6734568925239265,6225_8114,1.0,0.5,0.5,240,2,1,1,240,1,240,0,1,239,1,408,E West Expy E,E,Freeway,0.262477307822,0.0,6225,8114,E,2,65863,4,408,51146,65863,55,90,55.0,0.00425177483443,1,35196.68505903505,68.12637144499456,2.929101805638391,0.04382331942365236,4.591870009411476,3.200147467760739,0.689407293274044,10.468707182692263,-1.3375906470795442,0
5,68651.03703703704,66.53922115890735,2.4977929546345563,0.037781904645850926,3.7711178994446164,2.567049702751175,0.6597723146040505,74237.71048513302,63.987814506192635,2.403667347349656,0.03780546855423427,3.1855649300422377,2.2058839146659,0.6694177531096421,6227_8355,12.5,9.5,3.0,274,2,35,1,274,1,274,0,1,273,35,408,E West Expy E,E,Freeway,0.3034056567,0.0,6227,8355,E,2,65863,10,408,137874,65863,55,154,55.0,0.00499103782101,1,71444.37376108504,65.26351783255,2.450730150992106,0.0377936866000426,3.478341414743427,2.3864668087085374,0.6645950338568463,11.17667443653587,-1.192684567877633,2
6,59244.518518518526,67.92873013568976,3.0043631529490717,0.04465948414698437,3.956406356365514,3.063546010869964,0.7410039298375475,64179.810185185175,66.64990304947838,2.8662100741728382,0.04335290449603935,3.7399060078824884,2.7128541447272743,0.6980169373035513,6235_6881,8.0,5.0,3.0,279,2,40,1,279,1,279,0,1,278,40,408,E West Expy E,E,Freeway,0.338968050653,0.0,6235,6881,E,2,65863,8,408,128500,65863,65,63,65.0,0.005576080111539999,1,61712.164351851854,67.28931659258407,2.935286613560955,0.04400619432151186,3.848156182124001,2.8882000777986194,0.7195104335705493,11.030236343651811,-1.0818494219044639,2
7,27293.597222222223,63.74076563051009,5.092758410626439,0.08723859164532627,5.893421791335363,4.360840930741257,0.723843046450985,29562.018604651163,63.4266233434939,3.2132814816224053,0.05126042495280412,4.032834394292571,2.678464960220285,0.6493518358217191,6269_8009,7.5,5.5,2.0,287,2,48,1,287,1,287,0,1,286,48,408,E West Expy E,E,Freeway,0.34751609822400004,0.0,6269,8009,E,2,65863,4,408,82794,65863,65,55,65.0,0.005716646731470001,1,28427.807913436693,63.58369448700199,4.153019946124422,0.06924950829906519,4.963128092813967,3.519652945480771,0.686597441136352,10.255123096974355,-1.0569442892258376,0
8,60445.77708978328,61.38580428861145,3.5608732198665667,0.05879828944592661,7.407780502129612,4.341824594191015,0.5785418003718443,69859.90247678019,62.03054599367931,2.2839414084649854,0.03716935662234275,4.330497266616476,2.6144401930210304,0.5915850560940306,6276_8307,5.0,4.0,1.0,267,2,28,1,267,1,267,0,1,266,28,408,E West Expy E,E,Freeway,0.198420056878,0.0,6276,8307,E,2,65863,6,408,93000,65863,55,148,55.0,0.00323042027528,1,65152.839783281735,61.70817514114538,2.922407314165776,0.047983823034134676,5.869138884373044,3.478132393606023,0.5850634282329374,11.084491169988029,-1.6173689961058506,1
9,45143.71955128205,59.32165587830202,3.647102820721505,0.06218580213211935,2.5323571876426167,2.2116463705600373,0.8219590778697295,45176.279320987655,61.56143402381234,5.114329039983804,0.08464318543349231,3.7173879331625286,4.159691730987015,1.004469949838814,6294_5905,3.5,2.5,1.0,250,2,11,1,250,1,250,0,1,249,11,408,E West Expy E,E,Freeway,0.327148275026,0.0,6294,5905,E,2,65863,6,408,66500,65863,65,63,65.0,0.00538212365509,1,45159.99943613485,60.44154495105718,4.380715930352655,0.07341449378280583,3.1248725604025727,3.1856690507735266,0.9132145138542718,10.717967005777655,-1.1173417704114532,1
10,29355.060371517036,63.934889304221144,3.3118342200754602,0.05219013199829735,3.0033486808816074,1.8827836407169267,0.6114111241430649,34857.49845201238,64.79511993256236,2.952499861888477,0.04607106368700879,3.5122359390502185,2.438798677695792,0.6803138074253933,6303_6305,8.0,6.0,2.0,286,2,47,1,286,1,286,0,1,285,47,408,E West Expy E,E,Freeway,0.385135760689,0.0,6303,6305,E,2,65863,4,408,90000,65863,65,90,65.0,0.00633605252537,1,32106.27941176471,64.36500461839175,3.132167040981969,0.04913059784265307,3.2577923099659127,2.1607911592063593,0.6458624657842291,10.376806910291148,-0.9541593816857612,0
11,34857.49845201238,64.79511993256236,2.952499861888477,0.04607106368700879,3.5122359390502185,2.438798677695792,0.6803138074253933,30359.603395061727,64.82385843604604,2.8974815304340886,0.045043352992092806,3.012802996757661,2.1179991874755424,0.6852405936524283,6305_8077,3.5,3.0,0.5,292,2,53,1,292,1,292,0,1,291,53,408,E West Expy E,E,Freeway,0.142732433716,0.0,6305,8077,E,2,65863,4,408,90000,65863,65,60,65.0,0.00234816031831,1,32608.550923537055,64.8094891843042,2.9249906961612826,0.0455572083395508,3.2625194679039398,2.2783989325856675,0.6827772005389108,10.392329831228631,-1.946783494298273,0
12,52643.47222222222,61.71622829237441,2.4736069898853468,0.04030516569370898,2.757105314591453,1.8296625457118965,0.6411165483668398,48725.99217527387,68.02289722430838,2.629459422319181,0.039147542327413874,2.960924891797594,2.2494376578869915,0.6749211918513558,6309_6301,2.0,1.5,0.5,271,2,32,1,271,1,271,0,1,270,32,408,E West Expy E,E,Freeway,0.315680897233,0.0,6309,6301,E,2,65863,7,408,133593,65863,65,81,65.0,0.00519002379719,1,50684.73219874804,64.8695627583414,2.551533206102264,0.03972635401056143,2.8590151031945235,2.0395501017994437,0.6580188701090979,10.83338000416336,-1.1530233944887336,1
13,61284.54743390357,54.59369436098503,9.864327808226284,0.18838654361121854,6.041824175231374,6.306628728416581,0.9582071074734226,60445.77708978328,61.38580428861145,3.5608732198665667,0.05879828944592661,7.407780502129612,4.341824594191015,0.5785418003718443,6679_6276,44.0,30.5,13.5,266,2,27,1,266,1,266,0,1,265,27,408,E West Expy E,E,Freeway,0.703751292215,0.0,6679,6276,W,3,65863,4,0,23980,65863,55,145,55.0,0.0115384523144,1,60865.16226184343,57.98974932479824,6.712600514046425,0.12359241652857257,6.724802338680494,5.324226661303799,0.7683744539226335,11.016416241770372,-0.351330263345198,0
14,127917.28717948715,63.92781997463407,3.706329734207335,0.05838937744331736,4.799006595907877,3.635483987280137,0.7468006811226713,26624.324803149608,63.48696873144742,3.544018866861105,0.0561274214845483,2.6182453150489104,1.956252091024736,0.7338088755568279,6690_8041,12.0,9.0,3.0,291,2,52,1,291,1,291,0,1,290,52,408,E West Expy E,E,Freeway,0.446478018899,0.0,6690,8041,E,2,65863,4,408,68516,65863,65,55,65.0,0.00732783498468,1,77270.80599131838,63.70739435304074,3.62517430053422,0.05725839946393283,3.708625955478394,2.7958680391524364,0.7403047783397496,11.255071491717262,-0.8063651096668828,0
15,36137.163043478264,67.09381185323284,2.5287930234813984,0.03808864158857765,2.668482812320053,1.9667021617486784,0.7277238595215684,38486.03549382716,70.33438707653082,2.7427701190720697,0.03921902120761511,2.6107051528290546,1.995283967793153,0.7489041636085982,6788_8144,2.0,1.0,1.0,246,2,7,1,246,1,246,0,1,245,7,408,E West Expy E,E,Freeway,0.32942483801600003,0.0,6788,8144,E,2,65863,4,408,73500,65863,65,90,65.0,0.00541623493582,1,37311.59926865272,68.71409946488183,2.635781571276734,0.03865383139809638,2.639593982574554,1.9809930647709157,0.7383140115650833,10.527059529639967,-1.1104070602683282,0
16,64179.810185185175,66.64990304947838,2.8662100741728382,0.04335290449603935,3.7399060078824884,2.7128541447272743,0.6980169373035513,63853.012422360254,65.34208492033261,2.558719527222709,0.039397646008655404,2.8189364235822367,2.082827677601278,0.7106473388608127,6881_8431,21.0,17.5,3.5,278,2,39,1,278,1,278,0,1,277,39,408,E West Expy E,E,Freeway,0.687809032898,0.0,6881,8431,E,2,65863,8,408,128500,65863,65,61,65.0,0.011309096359899998,1,64016.411303772715,65.9959939849055,2.7124648006977736,0.04137527525234738,3.279421215732363,2.397840911164276,0.704332138082182,11.066894756091571,-0.3742440480402581,2
17,18088.29237947123,60.2068162104701,2.345875798771855,0.03911564962099308,2.58106461941397,1.8249706358210087,0.6837372051257758,18164.973602484468,61.28288270086895,2.8969712699655417,0.047433204820542224,1.1390754743104397,0.9388433376330736,0.7691999136196788,6970_8174,5.5,4.5,1.0,293,2,54,1,293,1,293,0,1,292,54,408,E West Expy E,E,Freeway,0.470339973172,0.0,6970,8174,E,2,65863,4,408,38500,65863,65,79,65.0,0.006869121948,1,18126.63299097785,60.744849455669524,2.6214235343686982,0.04327442722076765,1.8600700468622047,1.3819069867270413,0.7264685593727274,9.80513757171842,-0.7542994985930412,0
18,29562.018604651163,63.4266233434939,3.2132814816224053,0.05126042495280412,4.032834394292571,2.678464960220285,0.6493518358217191,29355.060371517036,63.934889304221144,3.3118342200754602,0.05219013199829735,3.0033486808816074,1.8827836407169267,0.6114111241430649,8009_6303,6.5,3.5,3.0,284,2,45,1,284,1,284,0,1,283,45,408,E West Expy E,E,Freeway,0.21678514424400006,0.0,8009,6303,E,2,65863,4,408,90000,65863,65,87,65.0,0.00356640114547,1,29458.539488084098,63.68075632385752,3.262557850848933,0.05172527847555074,3.5180915375870896,2.280624300468606,0.6303814799823919,10.29073911268735,-1.5288485346242227,0
19,22479.269537480064,54.574157514602796,6.040472951312975,0.11199389071330837,3.840861084658717,3.5885004919453327,0.8735801821262689,31031.548780487807,63.425351918393424,5.643795449350987,0.0901759832554742,5.140216783890326,4.4406079223497175,0.8302051043044277,8033_8027,10.0,6.0,4.0,282,2,43,1,282,1,282,0,1,281,43,408,E West Expy E,E,Freeway,0.286919626549,0.0,8033,8027,S,2,65863,6,417,69354,65863,70,0,70.0,0.00472026513411,1,26755.409158983937,58.99975471649811,5.842134200331982,0.10108493698439128,4.490538934274522,4.014554207147525,0.8518926432153483,10.194491943432954,-1.2485531493105584,1
20,36775.548136645964,67.6711383603424,2.75228013871727,0.04200170400387319,3.6751247686923447,2.485525027532203,0.6734568925239265,38428.778816199374,65.51614640319735,2.626564126742854,0.04035218606201034,2.703093816810668,1.8705316053681669,0.686823197757934,8114_8152,12.5,9.5,3.0,241,2,2,1,241,1,241,0,1,240,2,408,E West Expy E,E,Freeway,0.5765476459619999,0.0,8114,8152,E,2,65863,6,408,60500,65863,65,55,65.0,0.00945308858353,1,37602.16347642267,66.59364238176988,2.689422132730062,0.04117694503294177,3.1891092927515063,2.178028316450185,0.6801400451409303,10.534816866989226,-0.5506972957462031,1
21,38486.03549382716,70.33438707653082,2.7427701190720697,0.03921902120761511,2.6107051528290546,1.995283967793153,0.7489041636085982,72604.63312693499,64.93638004914425,2.9227843942629192,0.045384311567769606,3.038055156200937,2.391760687395297,0.767978919588897,8144_8146,9.0,6.5,2.5,242,2,3,1,242,1,242,0,1,241,3,408,E West Expy E,E,Freeway,0.794468178966,0.0,8144,8146,E,2,65863,4,408,73500,65863,65,77,65.0,0.0130467443582,1,55545.33431038108,67.63538356283753,2.8327772566674945,0.04230166638769236,2.824380154514996,2.193522327594225,0.7584415415987475,10.924954800728129,-0.23008234545503217,0
22,72604.63312693499,64.93638004914425,2.9227843942629192,0.045384311567769606,3.038055156200937,2.391760687395297,0.767978919588897,40410.46655791192,68.99112266973928,3.115532460116057,0.04554068522515349,2.6562672399410663,2.2460428225519147,0.8172418815819463,8146_6068,5.0,4.0,1.0,245,2,6,1,245,1,245,0,1,244,6,408,E West Expy E,E,Freeway,0.252243134747,0.0,8146,6068,E,2,65863,6,408,73500,65863,65,67,65.0,0.0041325401507100006,1,56507.549842423454,66.96375135944177,3.0191584271894882,0.04546249839646155,2.8471611980710017,2.3189017549736057,0.7926104005854216,10.942129533737056,-1.3773618361861761,1
23,38428.778816199374,65.51614640319735,2.626564126742854,0.04035218606201034,2.703093816810668,1.8705316053681669,0.686823197757934,38514.47589424573,65.71550876714412,2.6143964259816594,0.04001801117691112,2.857267610831018,2.1068259056311924,0.7287289967066609,8152_8154,1.0,0.5,0.5,244,2,5,1,244,1,244,0,1,243,5,408,E West Expy E,E,Freeway,0.19067652346500005,0.0,8152,8154,E,2,65863,6,408,73500,65863,65,77,65.0,0.00312739818786,1,38471.62735522255,65.61582758517073,2.6204802763622568,0.04018509861946073,2.780180713820843,1.9886787554996797,0.7077760972322975,10.557676296781,-1.657176881111911,1
24,41409.989130434784,66.07719860469251,3.8322606725233634,0.05880773222943704,2.6192775993904265,2.354661437254355,0.8506718834775175,45143.71955128205,59.32165587830202,3.647102820721505,0.06218580213211935,2.5323571876426167,2.2116463705600373,0.8219590778697295,8205_6294,17.5,14.0,3.5,249,2,10,1,249,1,249,0,1,248,10,408,E West Expy E,E,Freeway,0.654533766357,0.0,8205,6294,E,2,65863,6,408,66500,65863,65,65,65.0,0.0107680165062,1,43276.854340858416,62.69942724149726,3.739681746622434,0.06049676718077819,2.5758173935165214,2.283153903907196,0.8363154806736235,10.67537322929063,-0.42383210389038156,1
25,40804.271317829465,66.50147146155778,3.06904464044952,0.046627462079053536,3.337084271033255,2.7299574119371246,0.7860404255476933,41409.989130434784,66.07719860469251,3.8322606725233634,0.05880773222943704,2.6192775993904265,2.354661437254355,0.8506718834775175,8208_8205,9.5,8.5,1.0,248,2,9,1,248,1,248,0,1,247,9,408,E West Expy E,E,Freeway,0.492966891604,0.0,8208,8205,N,3,65863,6,435,35610,65863,65,110,65.0,0.00803485256424,1,41107.130224132125,66.28933503312516,3.450652656486442,0.05271759715424529,2.9781809352118405,2.54230942459574,0.8183561545126055,10.623936870209654,-0.7073132641844366,1
26,49485.199066874025,58.67756102693736,6.668109617585232,0.11697287721086355,4.821348742021348,4.926559014191018,0.9331864911359152,42546.085007727976,63.24042445246328,7.817504448253567,0.12732480599074694,4.950200508818928,5.097401567351418,0.9409047415605578,8213_8169,14.0,7.0,7.0,259,2,20,1,259,1,259,0,1,258,20,408,E West Expy E,E,Freeway,0.282358229389,0.0,8213,8169,E,2,65863,6,408,84500,65863,55,71,55.0,0.0044210546512200005,1,46015.642037301004,60.95899273970032,7.2428070329194,0.12214884160080525,4.885774625420138,5.011980290771218,0.9370456163482366,10.736736661958428,-1.2645786972317163,1
27,48443.621913580246,59.31455849595104,8.827749229335087,0.15380680723070386,5.440701260627883,5.968104022933247,0.999628482199856,49773.462962962956,57.15617636067064,9.290658632252477,0.16888421448804478,5.815981816111381,6.2842180915220585,0.9810101542858916,8242_8248,7.5,6.0,1.5,256,2,17,1,256,1,256,0,1,255,17,408,E West Expy E,E,Freeway,0.265859066452,0.0,8242,8248,S,3,65863,4,17,35500,65863,55,131,55.0,0.00437326939294,1,49108.5424382716,58.23536742831084,9.059203930793782,0.16134551085937432,5.628341538369632,6.126161057227653,0.9903193182428738,10.801788279062638,-1.3247889359759157,0
28,49773.462962962956,57.15617636067064,9.290658632252477,0.16888421448804478,5.815981816111381,6.2842180915220585,0.9810101542858916,25989.165094339623,57.14265688426761,9.64680472184742,0.17494424844352086,9.525603205816694,5.326783634253394,0.7486668391314442,8248_8267,18.0,11.0,7.0,255,2,16,1,255,1,255,0,1,254,16,408,E West Expy E,E,Freeway,0.211098484251,0.0,8248,8267,E,2,65863,6,408,85500,65863,55,95,55.0,0.0034724618233600004,1,37881.31402865129,57.149416622469126,9.468731677049949,0.17191423146578283,7.670792510964038,5.805500862887726,0.8648384967086679,10.542213235944695,-1.555430504395232,1
29,25989.165094339623,57.14265688426761,9.64680472184742,0.17494424844352086,9.525603205816694,5.326783634253394,0.7486668391314442,61284.54743390357,54.59369436098503,9.864327808226284,0.18838654361121854,6.041824175231374,6.306628728416581,0.9582071074734226,8267_6679,21.0,13.5,7.5,254,2,15,1,254,1,254,0,1,253,15,408,E West Expy E,E,Freeway,0.226706669041,0.0,8267,6679,E,2,65863,6,408,87957,65863,55,79,55.0,0.00372922319199,1,43636.8562641216,55.868175622626325,9.755566265036851,0.1816653960273697,7.783713690524034,5.816706181334988,0.8534369733024334,10.683657399408098,-1.48409830398781,1
30,114854.8203125,63.460004679319724,2.237854077528,0.03567140966360908,3.6914588324546806,2.278417474542966,0.6043972034425611,34429.52713178295,63.380730309114895,3.076108602216966,0.04912634598641448,1.780440010449593,1.2312102383468262,0.6940085638537042,8305_8315,10.0,7.5,2.5,265,2,26,1,265,1,265,0,1,264,26,408,E West Expy E,E,Freeway,0.4136987489,0.0,8305,8315,E,2,65863,9,408,93000,65863,55,135,55.0,0.00678774805983,1,74642.17372214148,63.42036749421731,2.656981339872483,0.04239887782501178,2.735949421452137,1.754813856444896,0.6492028836481327,11.220460957848259,-0.8826172296914494,2
31,69859.90247678019,62.03054599367931,2.2839414084649854,0.03716935662234275,4.330497266616476,2.6144401930210304,0.5915850560940306,114854.8203125,63.460004679319724,2.237854077528,0.03567140966360908,3.6914588324546806,2.278417474542966,0.6043972034425611,8307_8305,8.0,5.5,2.5,264,2,25,1,264,1,264,0,1,263,25,408,E West Expy E,E,Freeway,0.344094433515,0.0,8307,8305,E,2,65863,6,408,93000,65863,55,92,55.0,0.005659939656060001,1,92357.36139464009,62.74527533649952,2.2608977429964927,0.03642038314297591,4.010978049535578,2.446428833781998,0.5979911297682958,11.43342069435787,-1.0668391432493936,1
32,74318.93188854489,64.35166734971101,2.3038786217697487,0.036318558159625744,3.4380691216270503,2.2644273707067253,0.6393963362997005,68133.9549689441,66.73501189415846,2.341195317938903,0.03525541917711888,3.8884519822939123,2.5368409323019163,0.6380992373621679,8311_6252,6.5,4.0,2.5,263,2,24,1,263,1,263,0,1,262,24,408,E West Expy E,E,Freeway,0.668274090403,0.0,8311,6252,E,2,65863,10,408,125797,65863,55,62,55.0,0.0109930859307,1,71226.4434287445,65.54333962193473,2.322536969854326,0.03578698866837231,3.663260551960481,2.400634151504321,0.6387477868309341,11.1736194249206,-0.40305687462711004,2
33,34429.52713178295,63.380730309114895,3.076108602216966,0.04912634598641448,1.780440010449593,1.2312102383468262,0.6940085638537042,74318.93188854489,64.35166734971101,2.3038786217697487,0.036318558159625744,3.4380691216270503,2.2644273707067253,0.6393963362997005,8315_8311,7.0,3.0,4.0,262,2,23,1,262,1,262,0,1,261,23,408,E West Expy E,E,Freeway,0.22320902867,0.0,8315,8311,E,2,65863,9,408,93000,65863,55,82,55.0,0.00366282338764,1,54374.22951016392,63.86619882941295,2.6899936119933576,0.04272245207302011,2.6092545660383215,1.7478188045267757,0.6667024500767024,10.903645598362571,-1.4996465982626361,2
34,68820.31635802469,63.44495791939384,2.4596416020241865,0.038984640684422124,2.6041166509884692,1.8500819177650716,0.6839793031460312,,,,,,,,8348_7102,4.0,2.5,1.5,269,2,30,1,269,1,269,0,1,268,30,408,E West Expy E,E,Freeway,0.313002872394,0.0,8348,7102,E,2,65863,7,408,133593,65863,65,53,65.0,0.0051300477358,1,68820.31635802469,63.44495791939384,2.4596416020241865,0.038984640684422124,2.6041166509884692,1.8500819177650716,0.6839793031460312,11.139254276231703,-1.1615429115064564,1
35,74237.71048513302,63.987814506192635,2.403667347349656,0.03780546855423427,3.1855649300422377,2.2058839146659,0.6694177531096421,68820.31635802469,63.44495791939384,2.4596416020241865,0.038984640684422124,2.6041166509884692,1.8500819177650716,0.6839793031460312,8355_8348,15.5,11.5,4.0,268,2,29,1,268,1,268,0,1,267,29,408,E West Expy E,E,Freeway,0.483111091583,0.0,8355,8348,E,2,65863,10,408,139500,65863,55,52,55.0,0.00793195022125,1,71529.01342157886,63.71638621279324,2.4316544746869213,0.0383950546193282,2.8948407905153535,2.027982916215486,0.6766985281278366,11.177858428494783,-0.7275086484988303,2
36,56673.38759689923,65.1847654566741,3.058875653135164,0.04738560484083845,3.4228516556460726,2.7585746898282024,0.7634129634707717,56586.90837282781,66.53171220098162,3.758453059013498,0.05732545242954881,3.5076188557151977,3.01360893092453,0.8109784735933867,8408_8412,20.0,16.0,4.0,277,2,38,1,277,1,277,0,1,276,38,408,E West Expy E,E,Freeway,0.565397634032,0.0,8408,8412,E,2,65863,8,408,128500,65863,65,70,65.0,0.00906487505768,1,56630.14798486352,65.85823882882787,3.408664356074331,0.05235552863519363,3.465235255680635,2.8860918103763664,0.7871957185320793,10.944296772292914,-0.5702260183228421,2
37,56586.90837282781,66.53171220098162,3.758453059013498,0.05732545242954881,3.5076188557151977,3.01360893092453,0.8109784735933867,54351.798373983744,65.09525775657382,4.487231488007578,0.06976463353023288,3.6371103662972937,3.569213903221352,0.9001965647008507,8412_7015,26.5,15.5,11.0,276,2,37,1,276,1,276,0,1,275,37,408,E West Expy E,E,Freeway,1.09482016576,0.0,8412,7015,E,2,65863,8,408,128500,65863,65,57,65.0,0.0178687324645,1,55469.35337340578,65.81348497877772,4.122842273510538,0.06354504297989085,3.572364611006246,3.2914114170729407,0.8555875191471187,10.923585955750502,0.09059011759823415,2
38,43509.018604651166,66.8548836658881,2.981737618611685,0.04507799224303618,4.130537126462421,3.213959233009073,0.7546663686486077,43386.706790123455,64.90749689383577,2.8646672253078105,0.04463816923684092,2.5934854220228702,1.9937222116747728,0.7429289531260184,5934_6489,5.5,3.5,2.0,307,2,14,1,307,1,307,0,1,306,14,408,E West Expy W,W,Freeway,0.378712948498,0.0,5934,6489,W,2,65863,6,408,66500,65863,65,86,65.0,0.0061146033158,1,43447.86269738731,65.88119027986193,2.923202421959748,0.04485808073993855,3.362011274242646,2.603840722341923,0.748797660887313,10.679316939550125,-0.9709767526916634,1
39,35604.093933463795,63.96423427301178,3.230040108308605,0.051044970029154264,3.2396453328651056,2.372031963591432,0.7160202019735077,42906.64860681116,60.89998082687172,4.03714978407436,0.06787895112565094,1.8537261963056209,1.5249933221827925,1.2040577765220617,6045_6306,4.0,2.0,2.0,346,2,53,1,346,1,346,0,1,345,53,408,E West Expy W,W,Freeway,0.364528650905,0.0,6045,6306,W,2,65863,5,408,90000,65863,65,93,65.0,0.00599713404367,1,39255.371270137475,62.43210754994175,3.633594946191483,0.059461960577402606,2.546685764585363,1.9485126428871125,0.9600389892477847,10.577843561494584,-1.0091501273166037,1
40,73772.51388888889,66.91811104714098,5.060776869015664,0.0769584486068378,4.265502423147862,3.9174573482238673,0.8565844573657503,78968.0503144654,62.61387428115588,5.556119133044793,0.09028765038446213,3.9195426859441738,3.6826812710626786,0.8731620670758189,6177_8353,18.5,14.0,4.5,328,2,35,1,328,1,328,0,1,327,35,408,E West Expy W,W,Freeway,0.468851634629,0.0,6177,8353,W,2,65863,10,408,139500,65863,55,154,55.0,0.00771233397922,1,76370.28210167715,64.76599266414843,5.308448001030229,0.08362304949564997,4.092522554546018,3.800069309643273,0.8648732622207846,11.243348921756413,-0.7574689046578265,2
41,69030.14043209876,64.32706056363115,4.161514853402721,0.06579737801286026,4.378905761117078,3.7173514856038863,0.7981582519469789,73772.51388888889,66.91811104714098,5.060776869015664,0.0769584486068378,4.265502423147862,3.9174573482238673,0.8565844573657503,6229_6177,5.0,4.5,0.5,325,2,32,1,325,1,325,0,1,324,32,408,E West Expy W,W,Freeway,0.315060560134,0.0,6229,6177,W,2,65863,7,408,139500,65863,55,88,55.0,0.00517066319789,1,71401.32716049382,65.62258580538607,4.6111458612091925,0.07137791330984902,4.32220409213247,3.8174044169138766,0.8273713546563646,11.176071735836913,-1.1549904042413608,1
42,53568.205169628425,57.522614775986135,6.555661048461682,0.11642349082689965,7.518541349083079,5.4943287983205416,0.7102282257133659,29589.628125,51.467619983435576,5.117217747884053,0.10103450503386706,7.178110815594063,4.9912482262009865,0.6796422899148826,6230_8274,23.0,17.5,5.5,321,2,28,1,321,1,321,0,1,320,28,408,E West Expy W,W,Freeway,0.203469708857,0.0,6230,8274,W,3,65863,4,0,23980,65863,55,129,55.0,0.00333259954669,1,41578.91664731421,54.495117379710855,5.8364393981728675,0.10872899793038335,7.348326082338571,5.2427885122607645,0.6949352578141242,10.635348506414427,-1.5922381360044238,0
43,57775.50233281493,65.4795965219313,2.7339178523413614,0.04209572055015992,3.34640645844623,2.6376814151185184,0.7611668162058759,57501.79166666666,66.90616816435947,3.821648134914192,0.05778816286132439,3.5749656942882257,3.072065730361253,0.8119801550707146,6258_6879,2.5,2.0,0.5,341,2,48,1,341,1,341,0,1,340,48,408,E West Expy W,W,Freeway,0.209349816692,0.0,6258,6879,W,2,65863,5,408,74500,65863,65,55,65.0,0.0034235927301999995,1,57638.6469997408,66.19288234314538,3.2777829936277767,0.049941941705742156,3.460686076367228,2.8548735727398857,0.7865734856382953,10.961948576551016,-1.5637486621228134,1
44,37546.35389610389,66.76584109554443,3.604102865838824,0.05459526837987677,3.0749990846865582,2.5229623726182764,0.7934732495916185,37497.97815912637,65.84105392898337,3.5374202979553875,0.05414443417877726,2.2211153349731982,1.8312257750400764,0.795748084316515,6300_8156,4.0,3.0,1.0,300,2,7,1,300,1,300,0,1,299,7,408,E West Expy W,W,Freeway,0.325558727708,0.0,6300,8156,W,2,65863,4,408,73500,65863,65,77,65.0,0.0053384668912700006,1,37522.16602761512,66.3034475122639,3.5707615818971057,0.05436985127932702,2.6480572098298785,2.1770940738291764,0.7946106669540667,10.53268713140095,-1.1222124105417448,0
45,42906.64860681116,60.89998082687172,4.03714978407436,0.06787895112565094,1.8537261963056209,1.5249933221827925,1.2040577765220617,32589.95046439629,60.820263562046854,3.783920330430945,0.06288183935470214,3.294465060156476,2.613567844927333,0.7562037260178179,6306_6308,1.0,0.5,0.5,345,2,52,1,345,1,345,0,1,344,52,408,E West Expy W,W,Freeway,0.383520670377,0.0,6306,6308,W,2,65863,4,408,90000,65863,65,113,65.0,0.00630951160561,1,37748.29953560373,60.86012219445929,3.9105350572526527,0.06538039524017654,2.5740956282310483,2.069280583555063,0.9801307512699398,10.538695708248126,-0.9583617603392051,0
46,7374.650154798762,54.39362647643907,3.117594320509035,0.05736086009644699,0.3785517898898567,0.3743657686447128,0.9589274691661016,69030.14043209876,64.32706056363115,4.161514853402721,0.06579737801286026,4.378905761117078,3.7173514856038863,0.7981582519469789,6307_6229,3.0,3.0,0.0,322,2,29,1,322,1,322,0,1,321,29,408,E West Expy W,W,Freeway,0.314179016856,0.0,6307,6229,W,2,65863,7,408,139500,65863,65,59,65.0,0.00515046464292,1,38202.39529344876,59.36034352003511,3.639554586955878,0.061579119054653624,2.3787287755034674,2.0458586271242996,0.8785428605565402,10.550653496645834,-1.1577923381532558,1
47,32589.95046439629,60.820263562046854,3.783920330430945,0.06288183935470214,3.294465060156476,2.613567844927333,0.7562037260178179,32572.08062015504,64.09884295316014,4.255322244926306,0.0670635286337253,3.7664622038067312,2.844712073359714,0.730448705719187,6308_8005,3.5,2.5,1.0,340,2,47,1,340,1,340,0,1,339,47,408,E West Expy W,W,Freeway,0.218825062291,0.0,6308,8005,W,2,65863,4,408,90000,65863,65,90,65.0,0.00359986760412,1,32581.015542275665,62.4595532576035,4.019621287678626,0.06497268399421371,3.5304636319816036,2.7291399591435237,0.7433262158685024,10.391485052396932,-1.519482670702417,0
48,46232.261829653,64.53281914961079,3.0252530336131174,0.04745493760944195,3.6796110772821433,2.8164972218339552,0.7392408113993849,43415.06611570248,65.0746676755086,2.793200172154624,0.0434359162115538,3.31019390420654,2.400304868574804,0.7129156462368427,6440_8239,5.0,4.0,1.0,314,2,21,1,314,1,314,0,1,313,21,408,E West Expy W,W,Freeway,0.108833365524,0.0,6440,8239,W,2,65863,6,408,66500,65863,65,52,65.0,0.0017901213663,1,44823.663972677736,64.8037434125597,2.9092266028838707,0.045445426910497876,3.494902490744342,2.6084010452043795,0.7260782288181138,10.71049149262318,-2.2179373231543256,1
49,58896.45046439629,61.947798988967975,6.8767549698005626,0.11317104602658712,5.656066636414738,4.690755468755661,0.7894450429244035,53568.205169628425,57.522614775986135,6.555661048461682,0.11642349082689965,7.518541349083079,5.4943287983205416,0.7102282257133659,6737_6230,34.5,22.5,12.0,320,2,27,1,320,1,320,0,1,319,27,408,E West Expy W,W,Freeway,0.312836275073,0.0,6737,6230,W,3,65863,4,0,23980,65863,55,145,55.0,0.005089346157529999,1,56232.32781701235,59.73520688247706,6.7162080091311225,0.11479726842674338,6.587303992748908,5.092542133538101,0.7498366343188847,10.937247098562258,-1.162075308131402,0
50,56834.090625,66.5553828689231,3.862873352386194,0.0586713764909985,3.1694024626147828,2.807533516890477,0.8325919925945658,58014.112654320976,63.92260157477358,4.429960965010535,0.0702639201747789,3.608039871329267,3.522538438577949,0.9144578542086936,6918_8406,18.5,12.0,6.5,332,2,39,1,332,1,332,0,1,331,39,408,E West Expy W,W,Freeway,0.517864622603,0.0,6918,8406,W,2,65863,8,408,128500,65863,65,115,65.0,0.00829181216929,1,57424.10163966048,65.23899222184835,4.146417158698364,0.0644676483328887,3.388721166972025,3.165035977734213,0.8735249234016298,10.958219383371551,-0.6580414172058112,2
51,17948.421461897356,64.8458961540802,2.8815475947952485,0.04455058906784643,2.6838728472431232,1.9412364768034118,0.7052327342718883,25949.24212598425,61.25031631797275,3.454577618732555,0.057032755049367126,3.8530697170449715,2.8112081136037386,0.7115634799652225,6921_8043,6.5,4.5,2.0,347,2,54,1,347,1,347,0,1,346,54,408,E West Expy W,W,Freeway,1.06838052112,0.0,6921,8043,W,2,65863,4,408,68419,65863,65,79,65.0,0.0173560081869,1,21948.8317939408,63.04810623602647,3.1680626067639017,0.05079167205860678,3.2684712821440476,2.376222295203575,0.7083981071185554,9.996469195854251,0.06614397026417981,0
52,33877.304975922954,68.89182527646386,3.915051453966512,0.05824726678482747,2.50958852513956,2.3087554737515146,0.8412797277609365,39169.91203703704,67.437115059169,3.6483828468500095,0.05556030108581705,2.603868366458141,2.348568179514916,0.8216564138895986,6930_8210,3.5,3.0,0.5,305,2,12,1,305,1,305,0,1,304,12,408,E West Expy W,W,Freeway,0.252851879401,0.0,6930,8210,W,2,65863,6,408,73500,65863,65,68,65.0,0.00414314834347,1,36523.60850648,68.16447016781643,3.7817171504082605,0.056903783935322264,2.556728445798851,2.3286618266332155,0.8314680708252675,10.5057141388769,-1.3749514186144784,1
53,31827.938735177868,64.37309343527518,3.1112842497505824,0.04872878645024302,2.95208419486687,2.293094186737376,0.7450179995383407,25041.44715447154,55.38822689095922,3.23183371350418,0.0589420492289254,3.461673076906662,2.572953793694613,0.7348273927302443,6946_8057,10.0,7.5,2.5,344,2,51,1,344,1,344,0,1,343,51,408,E West Expy W,W,Freeway,0.7051978777879999,0.0,6946,8057,W,2,65863,4,408,70000,65863,65,55,65.0,0.011580182401,1,28434.692944824703,59.8806601631172,3.1715589816273813,0.05383541783958421,3.206878635886766,2.433023990215995,0.7399226961342925,10.255365261188652,-0.3492768378390137,0
54,32572.08062015504,64.09884295316014,4.255322244926306,0.0670635286337253,3.7664622038067312,2.844712073359714,0.730448705719187,29375.827160493827,65.72409175786007,4.965805668795967,0.07801530968174275,4.952935955924433,3.662793311637,0.7354065247172479,8005_8013,4.5,4.0,0.5,337,2,44,1,337,1,337,0,1,336,44,408,E West Expy W,W,Freeway,0.346659844981,0.0,8005,8013,W,2,65863,4,408,82724,65863,65,60,65.0,0.00570252184562,1,30973.953890324432,64.9114673555101,4.610563956861137,0.07253941915773403,4.359699079865582,3.253752692498357,0.7329276152182174,10.340901933217571,-1.0594112536478646,0
55,29375.827160493827,65.72409175786007,4.965805668795967,0.07801530968174275,4.952935955924433,3.662793311637,0.7354065247172479,41846.670731707316,63.39613802400208,3.1914127977796647,0.050908055847862135,4.170769156411862,3.2361212050880974,0.7597900168999091,8013_8024,13.0,10.5,2.5,336,2,43,1,336,1,336,0,1,335,43,408,E West Expy W,W,Freeway,0.433746144336,0.0,8013,8024,W,2,65863,5,408,74500,65863,65,70,65.0,0.0071354529158,1,35611.248946100575,64.56011489093108,4.078609233287816,0.06446168276480244,4.561852556168148,3.449457258362549,0.7475982708085784,10.480416848560479,-0.8352958368994816,1
56,41846.670731707316,63.39613802400208,3.1914127977796647,0.050908055847862135,4.170769156411862,3.2361212050880974,0.7597900168999091,28630.521671826627,65.49001069968108,3.7558165372263232,0.05821203599975337,4.0939834744640535,3.1821724625971077,0.7558667747986748,8024_6971,0.0,0.0,0.0,335,2,42,1,335,1,335,0,1,334,42,408,E West Expy W,W,Freeway,0.1860583606,0.0,8024,6971,W,2,65863,5,408,74500,65863,65,79,65.0,0.0030606097926500005,1,35238.59620176697,64.44307436184158,3.4736146675029937,0.054560045923807754,4.132376315437957,3.2091468338426026,0.757828395849292,10.469897243892506,-1.6816948878167355,1
57,25949.24212598425,61.25031631797275,3.454577618732555,0.057032755049367126,3.8530697170449715,2.8112081136037386,0.7115634799652225,31827.938735177868,64.37309343527518,3.1112842497505824,0.04872878645024302,2.95208419486687,2.293094186737376,0.7450179995383407,8043_6946,2.5,1.5,1.0,343,2,50,1,343,1,343,0,1,342,50,408,E West Expy W,W,Freeway,0.10719335292000001,0.0,8043,6946,W,2,65863,4,408,68419,65863,65,53,65.0,0.00175663349943,1,28888.590430581058,62.81170487662396,3.282930934241569,0.05288077074980507,3.4025769559559205,2.552151150170557,0.7282907397517816,10.27120200135896,-2.2331210386111917,0
58,25041.44715447154,55.38822689095922,3.23183371350418,0.0589420492289254,3.461673076906662,2.572953793694613,0.7348273927302443,35604.093933463795,63.96423427301178,3.230040108308605,0.051044970029154264,3.2396453328651056,2.372031963591432,0.7160202019735077,8057_6045,5.0,4.0,1.0,342,2,49,1,342,1,342,0,1,341,49,408,E West Expy W,W,Freeway,0.211793361359,0.0,8057,6045,W,2,65863,5,408,79495,65863,65,122,65.0,0.00348295188912,1,30322.77054396767,59.6762305819855,3.230936910906393,0.05499350962903983,3.3506592048858836,2.4724928786430227,0.725423797351876,10.319654212361641,-1.5521441902201316,1
59,37497.97815912637,65.84105392898337,3.5374202979553875,0.05414443417877726,2.2211153349731982,1.8312257750400764,0.795748084316515,38434.659442724456,64.74451267068976,4.073916310804386,0.06376818649657727,2.7814462369753032,2.5840455255651475,0.8686476712253137,8156_8150,10.5,6.0,4.5,298,2,5,1,298,1,298,0,1,297,5,408,E West Expy W,W,Freeway,0.460746220134,0.0,8156,8150,W,2,65863,6,408,67299,65863,65,62,65.0,0.00755594538579,1,37966.31880092541,65.29278329983657,3.805668304379887,0.058956310337677266,2.5012807859742505,2.207635650302612,0.8321978777709144,10.544454698326385,-0.7749078861902176,1
60,17865.25,63.573040935680076,2.4570457363824394,0.038685438134417424,1.5668150476676854,1.1059120323041345,0.7000091418505513,17948.421461897356,64.8458961540802,2.8815475947952485,0.04455058906784643,2.6838728472431232,1.9412364768034118,0.7052327342718883,8178_6921,3.5,2.5,1.0,294,2,1,1,294,1,294,0,1,293,1,408,E West Expy W,W,Freeway,0.498662548024,0.0,8178,6921,W,2,65863,4,408,38500,65863,65,79,65.0,0.00727306453737,1,17906.83573094868,64.20946854488014,2.6692966655888437,0.04161801360113193,2.1253439474554043,1.5235742545537732,0.7026209380612198,9.792937803340095,-0.6958256684600929,0
61,72141.69734789393,64.29412555148133,2.5713875305296,0.04032222374379528,3.7871393239700017,2.6882220950378586,0.6912285151014065,,,,,,,,8188_6226,7.5,6.0,1.5,324,2,31,1,324,1,324,0,1,323,31,408,E West Expy W,W,Freeway,0.4087770924750001,0.0,8188,6226,W,2,65863,7,408,139500,65863,65,56,65.0,0.00671932630058,1,72141.69734789393,64.29412555148133,2.5713875305296,0.04032222374379528,3.7871393239700017,2.6882220950378586,0.6912285151014065,11.186387482707131,-0.8945852776827773,1
62,40338.71118012422,65.54255192007588,3.3666072098428588,0.05241305395503628,2.7556380835917538,2.4857810524351063,0.8398049514620888,39523.45341614907,64.34689179859083,3.4235491915165093,0.05441850547049437,3.2555444619006284,2.8823759795278003,0.8279551525241782,8201_8203,4.0,2.5,1.5,303,2,10,1,303,1,303,0,1,302,10,408,E West Expy W,W,Freeway,0.492661043524,0.0,8201,8203,W,2,65863,6,408,70075,65863,65,110,65.0,0.00802848761702,1,39931.082298136644,64.94472185933336,3.3950782006796842,0.05341577971276533,3.005591272746191,2.6840785159814535,0.8338800519931335,10.594910304576905,-0.7079338798932986,1
63,39523.45341614907,64.34689179859083,3.4235491915165093,0.05441850547049437,3.2555444619006284,2.8823759795278003,0.8279551525241782,33877.304975922954,68.89182527646386,3.915051453966512,0.05824726678482747,2.50958852513956,2.3087554737515146,0.8412797277609365,8203_6930,2.0,1.5,0.5,302,2,9,1,302,1,302,0,1,301,9,408,E West Expy W,W,Freeway,0.254236253283,0.0,8203,6930,W,2,65863,6,408,73500,65863,65,77,65.0,0.00417138399653,1,36700.37919603601,66.61935853752735,3.6693003227415106,0.05633288612766092,2.8825664935200943,2.5955657266396575,0.8346174401425573,10.51054236630634,-1.3694913132319937,1
64,39169.91203703704,67.437115059169,3.6483828468500095,0.05556030108581705,2.603868366458141,2.348568179514916,0.8216564138895986,36495.246913580246,66.07296557467659,3.2047726601216584,0.04946351320377501,3.00933931698912,2.4546905019963456,0.7841693542297896,8210_8148,6.5,5.5,1.0,297,2,4,1,297,1,297,0,1,296,4,408,E West Expy W,W,Freeway,0.792189706103,0.0,8210,8148,W,2,65863,4,408,73500,65863,65,49,65.0,0.013009075556999998,1,37832.57947530864,66.75504031692279,3.4265777534858337,0.05251190714479603,2.8066038417236303,2.4016293407556306,0.8029128840596942,10.540925901274196,-0.2329543879421122,0
65,46401.59937888199,62.047694460346975,2.960277107074261,0.04811948566398741,3.776909671914965,2.8196503292044444,0.7220961712104212,46232.261829653,64.53281914961079,3.0252530336131174,0.04745493760944195,3.6796110772821433,2.8164972218339552,0.7392408113993849,8215_6440,6.0,4.0,2.0,313,2,20,1,313,1,313,0,1,312,20,408,E West Expy W,W,Freeway,0.25761408424000004,0.0,8215,6440,W,2,65863,6,408,66500,65863,65,129,65.0,0.00417989880851,1,46316.930604267494,63.29025680497888,2.9927650703436894,0.04778721163671468,3.728260374598554,2.8180737755192,0.7306684913049031,10.743262845031122,-1.3562926114018328,1
66,43415.06611570248,65.0746676755086,2.793200172154624,0.0434359162115538,3.31019390420654,2.400304868574804,0.7129156462368427,43509.018604651166,66.8548836658881,2.981737618611685,0.04507799224303618,4.130537126462421,3.213959233009073,0.7546663686486077,8239_5934,4.5,3.0,1.5,311,2,18,1,311,1,311,0,1,310,18,408,E West Expy W,W,Freeway,0.530374073551,0.0,8239,5934,W,2,65863,6,408,66500,65863,65,121,65.0,0.00871097460343,1,43462.04236017683,65.96477567069834,2.8874688953831544,0.04425695422729499,3.7203655153344806,2.8071320507919384,0.7337910074427252,10.679643246727792,-0.634172722242225,1
67,37903.424572317264,61.208182239753825,3.0619838451448165,0.050417431169271006,3.5188005490638035,2.774533640106503,0.7540511884591159,41484.88117283951,61.43250505034581,2.8160025457740363,0.046205968024267234,4.141679640310223,3.054785654650215,0.7189888419600154,8254_8252,4.5,4.0,0.5,308,2,15,1,308,1,308,0,1,307,15,408,E West Expy W,W,Freeway,0.265913166567,0.0,8254,8252,W,2,65863,6,408,85901,65863,55,162,55.0,0.00437412598084,1,39694.15287257839,61.32034364504982,2.9389931954594264,0.04831169959676912,3.8302400946870137,2.914659647378359,0.7365200152095657,10.588959173021514,-1.3245854649714992,1
68,36847.65217391304,54.998057180685905,2.997315483915438,0.054911320406087316,5.139552330852875,3.5916820507140987,0.6789595294847893,37903.424572317264,61.208182239753825,3.0619838451448165,0.050417431169271006,3.5188005490638035,2.774533640106503,0.7540511884591159,8272_8254,25.0,16.5,8.5,319,2,26,1,319,1,319,0,1,318,26,408,E West Expy W,W,Freeway,0.523750841413,0.0,8272,8254,W,2,65863,6,408,85901,65863,55,67,55.0,0.00861528421267,1,37375.53837311515,58.103119710219865,3.029649664530127,0.05266437578767916,4.3291764399583395,3.1831078454103006,0.7165053589719526,10.528771715221085,-0.6467392012306122,1
69,29589.628125,51.467619983435576,5.117217747884053,0.10103450503386706,7.178110815594063,4.9912482262009865,0.6796422899148826,36847.65217391304,54.998057180685905,2.997315483915438,0.054911320406087316,5.139552330852875,3.5916820507140987,0.6789595294847893,8274_8272,20.5,13.5,7.0,318,2,25,1,318,1,318,0,1,317,25,408,E West Expy W,W,Freeway,0.301334366325,0.0,8274,8272,S,1,65863,7,4,144500,65863,55,0,55.0,0.00495680619726,1,33218.64014945652,53.23283858206074,4.057266615899746,0.0779729127199772,6.158831573223469,4.291465138457543,0.6793009096998359,10.410866447635174,-1.1995347791942559,1
70,80970.56790123456,62.71182906081999,5.046469716537704,0.08171371665452949,4.623053809433952,3.790874529438632,0.7758198140305428,75108.42097026603,62.28858770953392,6.413762132166148,0.10490213774894516,4.43386432246698,4.106809528849904,0.8688304300247218,8309_8313,27.0,19.0,8.0,317,2,24,1,317,1,317,0,1,316,24,408,E West Expy W,W,Freeway,0.396972045378,0.0,8309,8313,W,2,65863,9,408,93000,65863,55,136,55.0,0.00650433139267,1,78039.4944357503,62.500208385176954,5.730115924351926,0.09330792720173733,4.528459065950466,3.948842029144268,0.8223251220276323,11.264970316445309,-0.9238894154391629,2
71,80778.17647058824,61.51889170881141,4.6165336969493165,0.07615933306050385,5.149066538889102,3.911360609144418,0.7304325114460302,80970.56790123456,62.71182906081999,5.046469716537704,0.08171371665452949,4.623053809433952,3.790874529438632,0.7758198140305428,8318_8309,11.0,7.0,4.0,315,2,22,1,315,1,315,0,1,314,22,408,E West Expy W,W,Freeway,0.183840797773,0.0,8318,8309,W,2,65863,9,408,93000,65863,55,68,55.0,0.00302303734189,1,80874.3721859114,62.1153603848157,4.83150170674351,0.07893652485751668,4.886060174161527,3.8511175692915254,0.7531261627382865,11.300652269002269,-1.693685125394806,2
72,78968.0503144654,62.61387428115588,5.556119133044793,0.09028765038446213,3.9195426859441738,3.6826812710626786,0.8731620670758189,72605.59782608696,62.43775078342329,6.64321878412071,0.10865848258747632,5.371169018959087,5.128479715251672,0.8893899478188291,8353_6185,25.5,16.0,9.5,323,2,30,1,323,1,323,0,1,322,30,408,E West Expy W,W,Freeway,0.42615895878,0.0,8353,6185,W,2,65863,10,408,137612,65863,55,163,55.0,0.00701033979363,1,75786.82407027618,62.525812532289585,6.099668958582751,0.09947306648596922,4.6453558524516305,4.405580493157175,0.881276007447324,11.235679731590766,-0.8529428596371252,2
73,25461.083850931678,70.56046082550678,3.1746661532475566,0.04504881380410238,3.198388059584502,1.939463222211241,0.6069324914665991,27682.752921535888,72.04656117367097,2.404888943314417,0.03361048211733855,2.371347046664628,1.6390585519079943,0.6628905154095919,11007_8480,2.0,1.0,1.0,20,2,20,1,20,1,20,21,1,19,21,417,FL-417 N,N,Freeway,0.282986482645,0.00462481575223,11007,8480,E,2,65863,4,417,47407,65863,70,0,70.0,0.00462481575223,1,26571.91838623378,71.30351099958887,2.789777548280987,0.03932964796072047,2.784867553124565,1.7892608870596176,0.6349115034380954,10.18761023736064,-1.2623561469849602,0
74,8690.87284144427,44.64064790190928,2.837358230765496,0.06359872605276529,3.3214395176624145,2.400504796269145,0.7138018256394645,40832.152037617554,67.4525493907911,3.977832895248784,0.059940217000649276,4.223590539785713,3.131386147764496,0.7234604968394777,2529_11876,4.5,2.5,2.0,50,2,50,1,50,1,50,51,1,49,51,417,FL-417 N,N,Freeway,0.155378793407,0.00240078685003,2529,11876,N,2,65863,6,417,71707,65863,70,0,70.0,0.00240078685003,1,24761.51243953091,56.04659864635019,3.40759556300714,0.06176947152670728,3.7725150287240634,2.7659454720168206,0.7186311612394711,10.117045808920498,-1.861889314923145,1
75,46764.4737654321,68.05073517720797,5.285151437993338,0.07909920957607909,3.4778398788825484,3.2363505239067365,0.8568800177330994,45747.611111111124,68.20437250090669,6.395858300250295,0.09577712149661287,5.419222845190227,4.367397910802047,0.7711044353765549,2531_6046,6.0,4.0,2.0,57,2,57,1,57,1,57,58,1,56,58,417,FL-417 N,N,Freeway,0.608960742813,0.00907390128016,2531,6046,N,2,65863,6,417,91500,65863,70,67,70.0,0.00907390128016,1,46256.042438271616,68.12755383905733,5.840504869121817,0.08743816553634598,4.4485313620363875,3.8018742173543916,0.8139922265548272,10.741947381720935,-0.4960014750691977,1
76,30732.21826625387,73.13610495276585,2.707806938262946,0.0371983579968857,3.8544553937857993,2.7845679442804157,0.7162384907162204,31162.67438271605,68.57730812216866,2.5658868374779806,0.03756267046455144,2.716634965584585,1.998295631030488,0.7261914059625625,5900_8512,2.0,1.0,1.0,28,2,28,1,28,1,28,29,1,27,29,417,FL-417 N,N,Freeway,0.349027857505,0.00533092606564,5900,8512,E,2,65863,4,417,45500,65863,70,0,70.0,0.00533092606564,1,30947.44632448496,70.85670653746726,2.6368468878704636,0.03738051423071857,3.285545179685192,2.391431787655452,0.7212149483393915,10.340045764998935,-1.052603539033999,0
77,44923.78792822186,69.40904405071103,2.7993915347246494,0.04080934791065453,3.7265525141033935,2.7178224409121445,0.7107420481483998,8690.87284144427,44.64064790190928,2.837358230765496,0.06359872605276529,3.3214395176624145,2.400504796269145,0.7138018256394645,6035_2529,5.5,4.0,1.5,44,2,44,1,44,1,44,45,1,43,45,417,FL-417 N,N,Freeway,0.401925833537,0.00608920410172,6035,2529,N,2,65863,4,417,97500,65863,70,0,70.0,0.00608920410172,1,26807.33038483306,57.02484597631016,2.818374882745073,0.0522040369817099,3.5239960158829042,2.559163618590645,0.7122719368939321,10.196430650920803,-0.9114877010732249,0
78,45747.611111111124,68.20437250090669,6.395858300250295,0.09577712149661287,5.419222845190227,4.367397910802047,0.7711044353765549,45892.483670295485,64.78659941237007,5.3649443905712255,0.08434202320217353,4.611956050880248,3.403692480076008,0.7051509386699804,6046_6317,7.0,6.5,0.5,56,2,56,1,56,1,56,57,1,55,57,417,FL-417 N,N,Freeway,0.347968123899,0.00529077781579,6046,6317,N,2,65863,4,417,91500,65863,70,43,70.0,0.00529077781579,1,45820.0473907033,66.49548595663838,5.88040134541076,0.0900595723493932,5.015589448035238,3.885545195439027,0.7381276870232676,10.732476990286814,-1.0556444013943942,0
79,52204.28086419753,73.09716732018894,2.6157414112446293,0.0361139366699036,3.5402051497517903,2.4481885929459093,0.6745113835953891,52055.813271604944,70.70933126725865,2.7396041147401715,0.03897069559475943,3.286205023187037,2.2097250347226467,0.6599324891787475,6173_8544,24.0,19.5,4.5,36,2,36,1,36,1,36,37,1,35,37,417,FL-417 N,N,Freeway,1.1323705209,0.016793898701,6173,8544,N,2,65863,6,417,96500,65863,70,52,70.0,0.016793898701,1,52130.047067901236,71.9032492937238,2.6776727629924,0.03754231613233151,3.4132050864694135,2.328956813834278,0.6672219363870683,10.861496780656454,0.12431324150771561,1
80,45892.483670295485,64.78659941237007,5.3649443905712255,0.08434202320217353,4.611956050880248,3.403692480076008,0.7051509386699804,48546.21913580247,62.5097648263502,4.162312962496029,0.06745662506144781,3.5122675903922835,2.942330742154067,0.7914853487215285,6317_6318,5.0,3.5,1.5,55,2,55,1,55,1,55,56,1,54,56,417,FL-417 N,N,Freeway,0.456139977588,0.006939068769350001,6317,6318,N,2,65863,4,417,91500,65863,70,52,70.0,0.006939068769350001,1,47219.351403048975,63.64818211936013,4.763628676533627,0.07589932413181066,4.062111820636265,3.1730116111150375,0.7483181436957544,10.762559074904528,-0.7849555481781721,0
81,48546.21913580247,62.5097648263502,4.162312962496029,0.06745662506144781,3.5122675903922835,2.942330742154067,0.7914853487215285,45366.697204968936,64.94813226606689,4.232772672138009,0.06582736590712414,2.8191735949084418,2.327713988351308,0.7790095058724515,6318_8120,10.5,9.5,1.0,54,2,54,1,54,1,54,55,1,53,55,417,FL-417 N,N,Freeway,0.332452042552,0.005027195689810001,6318,8120,N,2,65863,5,417,91500,65863,70,39,70.0,0.005027195689810001,1,46956.458170385704,63.72894854620854,4.197542817317019,0.06664199548428598,3.165720592650363,2.635022365252688,0.78524742729699,10.756976029391513,-1.1012596622151127,1
82,38387.810852713184,67.37878342772693,2.7582635575457464,0.041037349962352684,3.981482563067968,2.4403808180167887,0.6130016031102885,25461.083850931678,70.56046082550678,3.1746661532475566,0.04504881380410238,3.198388059584502,1.939463222211241,0.6069324914665991,6324_6854,3.5,3.0,0.5,17,2,17,1,17,1,17,18,1,16,18,417,FL-417 N,N,Freeway,0.514529769133,0.00844521123645,6324,6854,E,2,65863,4,417,49500,65863,70,0,70.0,0.00844521123645,1,31924.447351822433,68.96962212661685,2.9664648553966515,0.04304308188322753,3.5899353113262347,2.1899220201140146,0.6099670472884438,10.371127369923105,-0.6645018650650639,0
83,37392.385802469136,71.83284552835883,3.9063306881166064,0.055054750148859063,5.460825119745814,4.120564153185152,0.7444215676769607,37683.75503355705,70.72922111965289,3.1899659929900315,0.045537286795785545,3.3386928282026105,2.543022851521215,0.7531797161686637,6642_7993,5.5,4.0,1.5,35,2,35,1,35,1,35,36,1,34,36,417,FL-417 N,N,Freeway,0.464525947666,0.006760513474420001,6642,7993,N,2,65863,4,417,82000,65863,70,44,70.0,0.006760513474420001,1,37538.07041801309,71.28103332400586,3.548148340553319,0.050296018472322304,4.399758973974212,3.3317935023531833,0.7488006419228121,10.533110908127194,-0.7667378607900538,0
84,48739.279320987655,74.18471828292563,2.66630629539237,0.03623211913298727,4.850988549180963,3.4223985347465877,0.6923178854875168,44923.78792822186,69.40904405071103,2.7993915347246494,0.04080934791065453,3.7265525141033935,2.7178224409121445,0.7107420481483998,6689_11878,8.5,4.5,4.0,49,2,49,1,49,1,49,50,1,48,50,417,FL-417 N,N,Freeway,0.70811926113,0.0102989237466,6689,11878,N,2,65863,4,417,97500,65863,70,0,70.0,0.0102989237466,1,46831.53362460475,71.79688116681834,2.7328489150585096,0.038520733521820893,4.288770531642179,3.070110487829366,0.7015299668179583,10.754312050405073,-0.34514275155044694,0
85,52492.283931357255,75.17990780205176,2.712057491880409,0.03633380279578846,3.9674025611993216,2.94106889385256,0.7324959595199575,30732.21826625387,73.13610495276585,2.707806938262946,0.0371983579968857,3.8544553937857993,2.7845679442804157,0.7162384907162204,6701_5900,2.0,0.5,1.5,25,2,25,1,25,1,25,26,1,24,26,417,FL-417 N,N,Freeway,0.619111197154,0.00942224609489,6701,5900,E,2,65863,4,417,45500,65863,70,0,70.0,0.00942224609489,1,41612.25109880556,74.15800637740881,2.7099322150716776,0.03676608039633708,3.9109289774925604,2.862818419066488,0.7243672251180889,10.6361499004609,-0.479470382440565,0
86,40269.159937888195,62.432724904545076,8.097970588554544,0.13211545139335362,5.128214486073672,6.048369802654919,1.1020558407057572,40668.35294117647,71.45919705094887,7.197392919601391,0.10226127559953868,6.617264843041017,5.58433467333667,0.8288828949087528,6916_6959,4.0,2.0,2.0,3,2,3,1,3,1,3,4,1,2,4,417,FL-417 N,N,Freeway,0.5583604258389999,0.00910996722065,6916,6959,E,2,45451,4,417,69500,45451,70,0,70.0,0.00910996722065,1,40468.75643953233,66.94596097774698,7.647681754077968,0.11718836349644615,5.872739664557344,5.816352237995794,0.965469367807255,10.608285509439614,-0.5827506006775797,0
87,53004.013888888876,72.79267934707335,2.1701957571039707,0.02989772743650885,3.4522093192026686,2.43288138834039,0.6953955606813114,52446.43565891473,72.64359266188927,2.3074581406140937,0.031874667411068945,3.2674658958314757,2.325987268938216,0.693099451396127,6965_8557,15.0,12.0,3.0,41,2,41,1,41,1,41,42,1,40,42,417,FL-417 N,N,Freeway,1.0266303223200002,0.0150744143424,6965,8557,N,2,65863,6,417,96500,65863,70,52,70.0,0.0150744143424,1,52725.224773901806,72.71813600448131,2.238826948859032,0.030886197423788897,3.359837607517072,2.379434328639303,0.6942475060387192,10.872849268474955,0.0262819073531045,1
88,40418.93827160494,61.04486596484816,6.260505291655964,0.1037414419718428,4.0025968805816,3.46610228044869,0.8309213167722282,40269.159937888195,62.432724904545076,8.097970588554544,0.13211545139335362,5.128214486073672,6.048369802654919,1.1020558407057572,7010_6916,7.5,7.0,0.5,2,2,2,1,2,1,2,3,1,1,3,417,FL-417 N,N,Freeway,0.340712405056,0.00555858269248,7010,6916,E,2,45451,4,417,69500,45451,70,0,70.0,0.00555858269248,1,40344.04910474656,61.73879543469661,7.179237940105254,0.11792844668259822,4.565405683327636,4.7572360415518045,0.9664885787389927,10.605199180906984,-1.0767165444820246,0
89,37683.75503355705,70.72922111965289,3.1899659929900315,0.045537286795785545,3.3386928282026105,2.543022851521215,0.7531797161686637,28045.4062992126,74.79769190322942,2.828480650307392,0.03814214873788917,3.5213286665418964,2.78813223436244,0.7737569667864911,7993_7091,9.0,6.0,3.0,33,2,33,1,33,1,33,34,1,32,34,417,FL-417 N,N,Freeway,1.10901760213,0.016125636869600002,7993,7091,E,2,65863,4,528,73393,65863,70,76,70.0,0.016125636869600002,1,32864.58066638482,72.76345651144115,3.0092233216487116,0.041839717766837356,3.430010747372253,2.6655775429418274,0.7634683414775774,10.400150781339988,0.10347458031621044,0
90,42329.20775193798,67.61870699113558,2.6253108724373204,0.03905255264273445,2.679458400381082,1.6365546956377528,0.6025277116190212,38532.60835913313,67.97348613422292,3.31506599810885,0.04930963763058334,4.077227635082067,2.730786742930276,0.6570255484847027,7997_8466,7.0,5.0,2.0,11,2,11,1,11,1,11,12,1,10,12,417,FL-417 N,N,Freeway,0.8013759665989999,0.0131463405758,7997,8466,E,2,45451,4,417,49500,45451,70,0,70.0,0.0131463405758,1,40430.90805553556,67.79609656267925,2.9701884352730854,0.044181095136658896,3.3783430177315745,2.1836707192840143,0.6297766300518619,10.607349822326587,-0.22142507049980759,0
91,44862.70652173913,60.67597322072567,5.293698709045937,0.08743450728867683,4.412979453093962,2.668667035132203,0.6054324544620001,38367.478125,63.64854489858412,4.15756914312933,0.06553947517960818,3.7271971870855496,2.3372696629564893,0.6263936922991109,8017_6167,15.0,13.0,2.0,10,2,10,1,10,1,10,11,1,9,11,417,FL-417 N,N,Freeway,1.0480055445899998,0.017008943702,8017,6167,S,2,45451,4,91,95000,45451,70,0,70.0,0.017008943702,1,41615.092323369565,62.1622590596549,4.725633926087633,0.0764869912341425,4.070088320089756,2.5029683490443464,0.6159130733805556,10.636218176689558,0.04688887652416786,0
92,44950.688271604944,63.71852927840979,4.469927125042101,0.07100481920135601,4.426042451804012,3.5604731767794986,0.7805460561895599,42582.607142857145,65.86466509837348,4.631306996355562,0.07303929311862588,4.414818775162701,2.8717242591617214,0.6520915847555564,8107_8280,24.0,21.0,3.0,7,2,7,1,7,1,7,8,1,6,8,417,FL-417 N,N,Freeway,0.540099996322,0.008847969303379999,8107,8280,E,2,45451,4,417,48500,45451,70,0,70.0,0.008847969303379999,1,43766.647707231044,64.79159718839163,4.550617060698832,0.07202205615999094,4.420430613483356,3.2160987179706098,0.7163188204725581,10.686627338429181,-0.6160009781931417,0
93,45366.697204968936,64.94813226606689,4.232772672138009,0.06582736590712414,2.8191735949084418,2.327713988351308,0.7790095058724515,29400.73953488372,60.69041815634672,6.598149322233211,0.1104340306404412,3.4958089328501023,3.4687533775848105,0.9137301408078564,8120_8585,8.5,5.5,3.0,53,2,53,1,53,1,53,54,1,52,54,417,FL-417 N,N,Freeway,0.300087360572,0.00437923500722,8120,8585,N,2,65863,5,417,86381,65863,70,46,70.0,0.00437923500722,1,37383.718369926326,62.81927521120681,5.41546099718561,0.08813069827378267,3.157491263879272,2.8982336829680593,0.846369823340154,10.52899055091315,-1.2036816448103154,1
94,40222.140575079866,68.22430482518448,4.140600591007185,0.06104691849989397,3.717838592480703,2.5763328180943192,0.6899963524266586,44950.688271604944,63.71852927840979,4.469927125042101,0.07100481920135601,4.426042451804012,3.5604731767794986,0.7805460561895599,8287_8107,10.0,6.0,4.0,5,2,5,1,5,1,5,6,1,4,6,417,FL-417 N,N,Freeway,0.662737377642,0.0104717333826,8287,8107,S,3,45451,6,0,76000,45451,70,0,70.0,0.0104717333826,1,42586.4144233424,65.97141705179713,4.305263858024643,0.06602586885062499,4.0719405221423575,3.068402997436909,0.7352712043081092,10.659290571144595,-0.41137647942326333,1
95,53675.85493827161,70.38411225823667,2.8206218033993995,0.040327192167111794,3.7210892607033252,2.600681990079455,0.6873258187975407,53221.49228395062,68.07848731058603,2.7941535716202472,0.04126337354133577,3.4295433101661272,2.2598319306982138,0.6485521039836748,8386_6314,2.0,1.5,0.5,40,2,40,1,40,1,40,41,1,39,41,417,FL-417 N,N,Freeway,0.2435747542,0.00356276320136,8386,6314,N,2,65863,6,417,96500,65863,70,49,70.0,0.00356276320136,1,53448.67361111111,69.23129978441135,2.8073876875098236,0.04079528285422378,3.5753162854347265,2.430256960388834,0.6679389613906077,10.886477100637538,-1.4123313848060048,1
96,27682.752921535888,72.04656117367097,2.404888943314417,0.03361048211733855,2.371347046664628,1.6390585519079943,0.6628905154095919,31244.047308319736,68.77140496614325,2.500155672271688,0.03639637341191849,1.8949803832461127,1.2494403539888546,0.6597723910002161,8480_11010,6.0,3.5,2.5,23,2,23,1,23,1,23,24,1,22,24,417,FL-417 N,N,Freeway,0.982668303486,0.016051321075,8480,11010,E,2,65863,4,417,47407,65863,70,0,70.0,0.016051321075,1,29463.400114927812,70.40898306990711,2.4525223077930525,0.03500342776462852,2.13316371495537,1.4442494529484244,0.6613314532049039,10.290904097984422,-0.017483648651090655,0
97,31191.52160493828,69.02736114764629,3.1483181086024263,0.045772002973840265,2.7470069928026546,1.9671550955589336,0.7077925827373835,52492.283931357255,75.17990780205176,2.712057491880409,0.03633380279578846,3.9674025611993216,2.94106889385256,0.7324959595199575,8502_6701,3.0,3.0,0.0,24,2,24,1,24,1,24,25,1,23,25,417,FL-417 N,N,Freeway,1.00889997689,0.016254247577,8502,6701,E,2,65863,4,417,45500,65863,70,0,70.0,0.016254247577,1,41841.90276814777,72.10363447484903,2.9301878002414177,0.04105290288481436,3.3572047770009883,2.454111994705747,0.7201442711286705,10.641653574954931,0.008860605526060895,0
98,31162.67438271605,68.57730812216866,2.5658868374779806,0.03756267046455144,2.716634965584585,1.998295631030488,0.7261914059625625,34293.616692426585,69.0044033166222,3.332025920440785,0.0488834535689883,2.9945209352758853,2.4967370945501277,0.7977003149785985,8512_8598,6.5,4.5,2.0,27,2,27,1,27,1,27,28,1,26,28,417,FL-417 N,N,Freeway,0.7037703588070001,0.0111834476126,8512,8598,S,3,65863,4,15,35500,65863,70,0,70.0,0.0111834476126,1,32728.14553757132,68.79085571939544,2.948956378959383,0.04322306201676987,2.855577950430235,2.247516362790308,0.7619458604705804,10.395990706481873,-0.35130317091363583,0
99,31898.29938271605,71.06519613883437,2.6247320509721592,0.03701549829356565,2.766286916397166,1.8881400296383728,0.6802921468481142,31191.52160493828,69.02736114764629,3.1483181086024263,0.045772002973840265,2.7470069928026546,1.9671550955589336,0.7077925827373835,8520_8502,4.0,3.0,1.0,22,2,22,1,22,1,22,23,1,21,23,417,FL-417 N,N,Freeway,0.536463457053,0.00865953051307,8520,8502,E,2,65863,4,417,45500,65863,70,0,70.0,0.00865953051307,1,31544.910493827163,70.04627864324033,2.886525079787293,0.04139375063370296,2.75664695459991,1.9276475625986533,0.694042364792749,10.359167539388526,-0.6227568328323388,0
100,34189.15905511811,70.19645113824743,3.328207330636132,0.047898425223048484,3.2773767431936136,2.470194649931102,0.7400932851243731,35730.918209876545,67.20701847991931,4.8016386935340485,0.07220193211084304,4.313008277520281,3.4405199325821143,0.7760821434288762,8531_8533,1.0,1.0,0.0,32,2,32,1,32,1,32,33,1,31,33,417,FL-417 N,N,Freeway,0.35100178586400005,0.00534659980385,8531,8533,N,2,65863,4,417,82000,65863,70,101,70.0,0.00534659980385,1,34960.03863249732,68.70173480908338,4.0649230120850905,0.06005017866694576,3.7951925103569475,2.9553572912566084,0.7580877142766247,10.461960934817412,-1.0469639675975906,0
101,35730.918209876545,67.20701847991931,4.8016386935340485,0.07220193211084304,4.313008277520281,3.4405199325821143,0.7760821434288762,36468.14664586583,70.40259627910727,4.059734550170028,0.0584124125755949,4.079384914247348,3.1904437206371306,0.7577143263679365,8533_8540,15.0,12.0,3.0,31,2,31,1,31,1,31,32,1,30,32,417,FL-417 N,N,Freeway,0.69521370128,0.0101795247672,8533,8540,N,2,65863,4,417,82000,65863,70,89,70.0,0.0101795247672,1,36099.53242787119,68.80480737951329,4.430686621852038,0.06530717234321898,4.196196595883815,3.3154818266096227,0.7668982348984064,10.494035192100561,-0.3635359968247024,0
102,37628.90609555189,64.76066933762452,5.04503054373022,0.07859647420016892,3.347426574188858,2.5859247926082194,0.7519433451350792,37392.385802469136,71.83284552835883,3.9063306881166064,0.055054750148859063,5.460825119745814,4.120564153185152,0.7444215676769607,8538_6642,8.0,5.5,2.5,30,2,30,1,30,1,30,31,1,29,31,417,FL-417 N,N,Freeway,0.587651023412,0.00855207347379,8538,6642,N,2,65863,4,417,82000,65863,70,52,70.0,0.00855207347379,1,37510.64594901051,68.29675743299168,4.475680615923413,0.06682561217451399,4.404125846967336,3.3532444728966855,0.74818245640602,10.532380063642414,-0.5316220048715647,0
103,36468.14664586583,70.40259627910727,4.059734550170028,0.0584124125755949,4.079384914247348,3.1904437206371306,0.7577143263679365,37628.90609555189,64.76066933762452,5.04503054373022,0.07859647420016892,3.347426574188858,2.5859247926082194,0.7519433451350792,8540_8538,3.0,2.0,1.0,29,2,29,1,29,1,29,30,1,28,30,417,FL-417 N,N,Freeway,0.346143731086,0.00503746932208,8540,8538,N,2,65863,4,417,82000,65863,70,66,70.0,0.00503746932208,1,37048.52637070886,67.5816328083659,4.552382546950124,0.06850444338788192,3.713405744218103,2.888184256622675,0.7548288357515078,10.519983855863288,-1.0609011824193244,0
104,52446.43565891473,72.64359266188927,2.3074581406140937,0.031874667411068945,3.2674658958314757,2.325987268938216,0.693099451396127,48964.53086419753,71.60164431691452,7.4992784497229135,0.1630327429825462,3.490403891086742,2.433296283368237,0.6853611781039388,8557_8553,5.5,5.0,0.5,37,2,37,1,37,1,37,38,1,36,38,417,FL-417 N,N,Freeway,0.414658818261,0.00613950048481,8557,8553,N,2,65863,6,417,96944,65863,70,50,70.0,0.00613950048481,1,50705.48326155613,72.1226184894019,4.903368295168503,0.09745370519680757,3.3789348934591086,2.3796417761532265,0.6892303147500329,10.83378933484687,-0.8802992215535523,1
105,48872.64351851852,66.34370769298769,2.45828095769492,0.037375952726210436,2.5786885286555945,1.8862641617403857,0.6958662573287492,46234.512345679024,67.34439069174978,5.018401516792932,0.3192072518163166,3.4168079924980623,2.9052500157678653,0.7875361410834736,8570_6966,8.5,5.0,3.5,47,2,47,1,47,1,47,48,1,46,48,417,FL-417 N,N,Freeway,0.312125223583,0.00480051737589,8570,6966,N,2,65863,6,417,71707,65863,70,68,70.0,0.00480051737589,1,47553.57793209877,66.84404919236874,3.738341237243926,0.1782916022712635,2.997748260576828,2.3957570887541255,0.7417011992061113,10.769612310823033,-1.164350814057266,1
106,82515.59282371296,63.978789749165145,4.937510573988962,0.07886690350454592,3.3130439785115127,3.495396275872784,0.9668138438226616,40418.93827160494,61.04486596484816,6.260505291655964,0.1037414419718428,4.0025968805816,3.46610228044869,0.8309213167722282,8581_7010,14.5,12.0,2.5,1,2,1,1,1,1,1,2,1,0,2,417,FL-417 N,N,Freeway,0.919987370544,0.0149705228431,8581,7010,E,2,45451,4,417,43569,45451,70,0,70.0,0.0149705228431,1,61467.26554765894,62.51182785700665,5.599007932822463,0.09130417273819436,3.6578204295465566,3.480749278160737,0.8988675802974448,11.026260044572227,-0.08339533670284155,0
107,34293.616692426585,69.0044033166222,3.332025920440785,0.0488834535689883,2.9945209352758853,2.4967370945501277,0.7977003149785985,34189.15905511811,70.19645113824743,3.328207330636132,0.047898425223048484,3.2773767431936136,2.470194649931102,0.7400932851243731,8598_8531,8.0,5.0,3.0,26,2,26,1,26,1,26,27,1,25,27,417,FL-417 N,N,Freeway,0.517090858241,0.008198573946200001,8598,8531,E,2,65863,4,417,82000,65863,70,0,70.0,0.008198573946200001,1,34241.38787377234,69.6004272274348,3.3301166255384587,0.04839093939601839,3.135948839234749,2.4834658722406147,0.7688968000514858,10.441190363130833,-0.6595366786358674,0
108,30736.52329192547,69.14348970475405,3.477330812699281,0.05070334102636837,2.469123471290579,1.980264618440285,0.7782493425089437,30531.066358024687,69.94457486396688,4.233723136952319,0.06168790162458523,2.7789348914971344,2.365542337214526,0.8093620501744039,11015_8482,14.5,12.0,2.5,75,2,18,1,75,1,75,0,1,74,18,417,FL-417 S,S,Freeway,0.785772859603,0.0,11015,8482,W,2,65863,4,417,47654,65863,70,0,70.0,0.012835521021,1,30633.794824975077,69.54403228436047,3.8555269748258,0.0561956213254768,2.6240291813938565,2.1729034778274054,0.7938056963416737,10.3298590845777,-0.2410875110098594,0
109,28468.725705329154,70.82699148298589,3.2882129047595248,0.046836313290404816,3.96630472909972,2.7426882864577866,0.6836931236291101,,,,,,,,11875_6251,0.5,0.5,0.0,103,2,46,1,103,1,103,0,1,102,46,417,FL-417 S,S,Freeway,0.115234451698,0.0,11875,6251,S,2,65863,6,417,69354,65863,70,0,70.0,0.00178172535959,1,28468.725705329154,70.82699148298589,3.2882129047595248,0.046836313290404816,3.96630472909972,2.7426882864577866,0.6836931236291101,10.25656142006169,-2.160786515551366,1
110,68033.97685185184,72.92247270319208,2.272210303314353,0.03127533610734338,3.485242954079256,2.324531742256957,0.6600167608179919,51565.52777777778,70.67489299689028,2.569762870011889,0.03657475488635865,3.0543821582671535,1.960020170270685,0.6339810101835148,6030_6316,2.0,1.0,1.0,100,2,43,1,100,1,100,0,1,99,43,417,FL-417 S,S,Freeway,0.204291489822,0.0,6030,6316,S,2,65863,6,417,96500,65863,70,49,70.0,0.00297498721815,1,59799.75231481481,71.79868285004119,2.420986586663121,0.03392504549685101,3.2698125561732048,2.142275956263821,0.6469988855007534,10.998756798037416,-1.5882074333271947,1
111,37207.5987654321,65.67842003889285,8.540463938366974,0.1337253738526195,5.380613548486401,5.187760544583531,0.90400161622084,36464.396604938265,67.52783197125996,6.4539856479102005,0.0976243618484899,5.917719010965872,4.8594965038997335,0.8009189412097989,6052_8088,8.5,7.0,1.5,115,2,58,1,115,1,115,0,1,114,58,417,FL-417 S,S,Freeway,0.544818945526,0.0,6052,8088,S,2,65863,5,417,78149,65863,70,39,70.0,0.00817758693968,1,36835.99768518518,66.6031260050764,7.497224793138587,0.1156748678505547,5.649166279726137,5.023628524241632,0.8524602787153195,10.514230844000155,-0.6073017495569107,1
112,31398.230889235565,75.61733753648066,2.469984532647892,0.03278542899633671,4.361417403702805,3.1622055854512943,0.71967943279735,31332.243827160488,69.34875282702046,2.706068623293889,0.03914124606890043,2.5878207926691474,1.8727795201467488,0.7181690601380009,6170_8603,6.5,4.5,2.0,82,2,25,1,82,1,82,0,1,81,25,417,FL-417 S,S,Freeway,0.8435224530609999,0.0,6170,8603,W,2,65863,4,417,45500,65863,70,0,70.0,0.0136065154941,1,31365.23735819803,72.48304518175055,2.588026577970891,0.03596333753261857,3.4746190981859764,2.5174925527990215,0.7189242464676755,10.353455468115728,-0.170168758428044,0
113,33905.0725308642,71.50904632400444,4.0591151499557885,0.05729199264864537,3.494995043707465,2.6722488277466447,0.7419416744136572,33785.213166144196,68.35381657008371,4.156878314376091,0.061404223416957726,3.112052924055308,2.5810305993428035,0.8078374742169754,6174_8596,3.5,2.0,1.5,89,2,32,1,89,1,89,0,1,88,32,417,FL-417 S,S,Freeway,0.7148514318989999,0.0,6174,8596,S,2,65863,4,417,82000,65863,70,0,70.0,0.011124147515100002,1,33845.1428485042,69.93143144704408,4.10799673216594,0.05934810803280155,3.3035239838813863,2.626639713544724,0.7748895743153164,10.429550777601674,-0.33568054543280035,0
114,,,,,,,,48607.21696574225,66.83857521615197,2.4187383334660413,0.036508077771282885,3.4719258337440406,2.4636081235715817,0.6903749734838625,6251_11709,5.0,4.0,1.0,107,2,50,1,107,1,107,0,1,106,50,417,FL-417 S,S,Freeway,0.434654958051,0.0,6251,11709,S,2,65863,4,417,97500,65863,70,0,70.0,0.006597289192380001,1,48607.21696574225,66.83857521615197,2.4187383334660413,0.036508077771282885,3.4719258337440406,2.4636081235715817,0.6903749734838625,10.791527296101457,-0.833202762525689,0
115,40588.68209876544,64.08106791107919,5.9096891395045805,0.0937666338855535,3.767299646574527,3.1686128539121494,0.7884894790770203,40696.01081916538,64.94956800329545,7.426055049043584,0.11729279779423538,4.771314483716833,4.849010708288162,0.9234639149605428,6299_6323,3.0,2.0,1.0,74,2,17,1,74,1,74,0,1,73,17,417,FL-417 S,S,Freeway,0.400506023785,0.0,6299,6323,W,2,65863,4,417,49500,65863,70,0,70.0,0.00657305147509,1,40642.34645896541,64.51531795718732,6.667872094274083,0.10552971583989443,4.26930706514568,4.008811781100156,0.8559766970187815,10.612565818257002,-0.9150264719251598,0
116,51565.52777777778,70.67489299689028,2.569762870011889,0.03657475488635865,3.0543821582671535,1.960020170270685,0.6339810101835148,52047.50154320987,70.09025246664241,2.555194287481566,0.03663923672684143,3.6499885809217054,2.4550701952927745,0.6644133556631592,6316_6895,0.5,0.5,0.0,99,2,42,1,99,1,99,0,1,98,42,417,FL-417 S,S,Freeway,0.384461451754,0.0,6316,6895,S,2,65863,6,417,96500,65863,70,46,70.0,0.0056234813884300005,1,51806.51466049383,70.38257273176634,2.5624785787467275,0.03660699580660004,3.3521853695944293,2.20754518278173,0.649197182923337,10.855271185986338,-0.9559117505786136,1
117,40652.18364197531,71.47776289969188,3.660965574042197,0.0519468738676088,2.9250180278062747,2.263024417401727,0.7370580493063352,40588.68209876544,64.08106791107919,5.9096891395045805,0.0937666338855535,3.767299646574527,3.1686128539121494,0.7884894790770203,6618_6299,10.5,5.5,5.0,79,2,22,1,79,1,79,0,1,78,22,417,FL-417 S,S,Freeway,0.785759402068,0.0,6618,6299,W,2,65863,4,417,49500,65863,70,0,70.0,0.0128970603721,1,40620.43287037038,67.77941540538554,4.785327356773388,0.07285675387658115,3.346158837190401,2.7158186356569383,0.7627737641916778,10.61202649165983,-0.24110463765158172,0
118,47839.607255520496,71.04186993891919,2.6089992844043364,0.03705607737375258,4.348497661200026,2.983375799545976,0.6776250290393974,47482.23919753086,69.9503076533735,2.4860871227998707,0.035754083788412605,3.214361178630184,2.1498203893773926,0.6600771523140355,6691_8563,2.5,2.0,0.5,113,2,56,1,113,1,113,0,1,112,56,417,FL-417 S,S,Freeway,0.435234167071,0.0,6691,8563,S,2,65863,6,417,91500,65863,70,46,70.0,0.00652750783436,1,47660.92322652567,70.49608879614635,2.5475432036021033,0.03640508058108259,3.781429419915105,2.5665980944616846,0.6688510906767164,10.77186712156301,-0.8318710776273052,1
119,37859.702160493835,67.6994418023115,3.554033321333267,0.05276435679603792,2.9242807121547854,1.6869792215567392,0.5785512284620857,36894.29457364341,64.88124127314921,2.635085959245984,0.04076009548583201,3.1993116116324654,1.923569616274928,0.6012180503941016,6889_6071,1.0,0.5,0.5,61,2,3,1,61,1,61,0,1,60,3,417,FL-417 S,S,Freeway,0.341332374707,0.0,6889,6071,W,2,45451,4,417,69500,45451,70,0,70.0,0.0055685035959300005,1,37376.99836706862,66.29034153773036,3.0945596402896256,0.04676222614093496,3.0617961618936254,1.8052744189158336,0.5898846394280937,10.528810777278839,-1.0748985705303233,0
120,52047.50154320987,70.09025246664241,2.555194287481566,0.03663923672684143,3.6499885809217054,2.4550701952927745,0.6644133556631592,50386.17592592593,71.24821910108663,2.627636928325249,0.03705656070048124,3.0654381442948027,2.0299114767743656,0.6550706565731109,6895_8383,2.5,1.5,1.0,98,2,41,1,98,1,98,0,1,97,41,417,FL-417 S,S,Freeway,0.245820660608,0.0,6895,8383,S,2,65863,6,417,96500,65863,70,46,70.0,0.00359398865315,1,51216.8387345679,70.66923578386452,2.591415607903407,0.036847898713661335,3.357713362608254,2.24249083603357,0.659742006118135,10.84382363849245,-1.4031530308341749,1
121,47572.165123456776,132.00307988828555,3.53588503010066,0.02700891380582806,4.572593821693467,3.0412310755923646,0.6535549234548944,48355.569444444445,70.68748629284103,2.5936964253424395,0.036881539497159416,3.1456955506323703,2.121784498985747,0.6618445779887429,6968_8555,13.0,9.0,4.0,104,2,47,1,104,1,104,0,1,103,47,417,FL-417 S,S,Freeway,1.05000682196,0.0,6968,8555,S,2,65863,4,417,97500,65863,70,43,70.0,0.015279000597600003,1,47963.86728395061,101.3452830905633,3.06479072772155,0.03194522665149374,3.859144686162919,2.5815077872890555,0.6576997507218186,10.778203241502556,0.04879666125308787,0
122,37573.58796296296,73.42912576803752,3.0585730343656263,0.04190014853982117,5.469524152742723,3.445194669158659,0.6284805435449912,37859.702160493835,67.6994418023115,3.554033321333267,0.05276435679603792,2.9242807121547854,1.6869792215567392,0.5785512284620857,6975_6889,4.0,2.0,2.0,66,2,9,1,66,1,66,0,1,65,9,417,FL-417 S,S,Freeway,0.555496929504,0.0,6975,6889,W,2,45451,4,417,69500,45451,70,0,70.0,0.009061036913049998,1,37716.6450617284,70.56428378517451,3.306303177849447,0.04733225266792955,4.196902432448754,2.566086945357699,0.6035158860035384,10.53785678957136,-0.5878921973632734,0
123,37160.1515625,71.45873771130286,3.2208043409399583,0.04540328019740472,4.505718756799509,2.8695639363606102,0.6394208793412448,37190.495327102806,68.23167545350887,2.9310171712467907,0.04301444897158569,3.1839885464599567,1.9254754001665848,0.606511800473164,7090_8283,3.5,3.5,0.0,70,2,13,1,70,1,70,0,1,69,13,417,FL-417 S,S,Freeway,0.99231920565,0.0,7090,8283,S,2,45451,4,91,95000,45451,70,0,70.0,0.0161079110914,1,37175.323444801405,69.84520658240586,3.0759107560933745,0.0442088645844952,3.844853651629733,2.3975196682635973,0.6229663399072044,10.52340047189041,-0.007710443568196631,0
124,37552.20888157895,71.5091603644681,3.28003046557956,0.04632542754531575,3.2923150103088266,2.651646946764401,0.7818754076114649,37464.99845679013,72.25987550183964,4.0712931849625935,0.05675900165106423,3.5931983847698263,2.6982062180309287,0.7367352597515617,7999_8391,9.0,5.5,3.5,91,2,34,1,91,1,91,0,1,90,34,417,FL-417 S,S,Freeway,0.42654349412,0.0,7999,8391,S,2,65863,4,417,83057,65863,70,53,70.0,0.00620764730641,1,37508.60366918454,71.88451793315387,3.6756618252710767,0.051542214598189987,3.4427566975393264,2.674926582397665,0.7593053336815133,10.53232561682145,-0.8520409380705594,0
125,47483.79037267081,66.18417842298241,3.4943491572094527,0.053442002674676685,4.509004228676033,3.0664115294987218,0.6685631410672817,45875.62345679013,67.24128547588259,4.217676772103921,0.06335487773924478,4.257333569258397,2.923608367556884,0.6853036654521071,8118_8456,4.5,4.0,0.5,112,2,55,1,112,1,112,0,1,111,55,417,FL-417 S,S,Freeway,0.344674752021,0.0,8118,8456,S,2,65863,5,417,91500,65863,70,43,70.0,0.0052072627194,1,46679.70691473047,66.71273194943251,3.8560129646566867,0.058398440206960736,4.383168898967215,2.9950099485278026,0.6769334032596943,10.751064807776036,-1.0651540543821632,1
126,37893.20620155038,65.94627872535166,2.4676134090290085,0.03757221687159741,3.5830103784768563,2.106104291187654,0.5891627012169577,37847.87345679013,68.46918921506233,2.5404158066732063,0.03718873713122574,2.664749412377277,1.5323099760804064,0.5743559117811274,8277_8290,4.0,3.5,0.5,65,2,8,1,65,1,65,0,1,64,8,417,FL-417 S,S,Freeway,0.453181851131,0.0,8277,8290,W,2,45451,4,417,48500,45451,70,0,70.0,0.007427369034279999,1,37870.53982917026,67.20773397020699,2.5040146078511074,0.037380477001411574,3.1238798954270663,1.8192071336340303,0.5817593064990425,10.54192877559145,-0.7914617966782526,0
127,37190.495327102806,68.23167545350887,2.9310171712467907,0.04301444897158569,3.1839885464599567,1.9254754001665848,0.606511800473164,37893.20620155038,65.94627872535166,2.4676134090290085,0.03757221687159741,3.5830103784768563,2.106104291187654,0.5891627012169577,8283_8277,2.0,1.5,0.5,69,2,12,1,69,1,69,0,1,68,12,417,FL-417 S,S,Freeway,0.43647990356000005,0.0,8283,8277,W,2,45451,4,417,48687,45451,70,0,70.0,0.00705350357865,1,37541.85076432659,67.08897708943027,2.6993152901379,0.040293332921591554,3.3834994624684063,2.0157898456771193,0.5978372508450609,10.533211610052746,-0.8290129447165322,0
128,37847.87345679013,68.46918921506233,2.5404158066732063,0.03718873713122574,2.664749412377277,1.5323099760804064,0.5743559117811274,37667.8487654321,68.22216907408615,2.681608399951211,0.03962391835450616,3.5746866600308995,2.2523027776598354,0.6212778798988497,8290_8292,3.5,2.0,1.5,64,2,7,1,64,1,64,0,1,63,7,417,FL-417 S,S,Freeway,0.904211933125,0.0,8290,8292,S,3,45451,6,0,76000,45451,70,0,70.0,0.014383935776,1,37757.86111111111,68.34567914457423,2.6110121033122087,0.03840632774286595,3.1197180362040884,1.892306376870121,0.5978168958399885,10.538948974351886,-0.10069150676899195,1
129,50386.17592592593,71.24821910108663,2.627636928325249,0.03705656070048124,3.0654381442948027,2.0299114767743656,0.6550706565731109,51264.12519319938,71.28916143190062,2.2979686448654806,0.032372261718149505,3.496112149130622,2.292391643619561,0.64833754369256,8383_8546,5.5,4.5,1.0,97,2,40,1,97,1,97,0,1,96,40,417,FL-417 S,S,Freeway,0.598281138529,0.0,8383,8546,S,2,65863,6,417,96500,65863,70,51,70.0,0.008748998254360001,1,50825.15055956265,71.26869026649362,2.462802786595365,0.03471441120931537,3.2807751467127124,2.1611515601969633,0.6517041001328354,10.836146600805247,-0.5136945041892116,1
130,37464.99845679013,72.25987550183964,4.0712931849625935,0.05675900165106423,3.5931983847698263,2.6982062180309287,0.7367352597515617,36452.32605304213,67.16542703130469,4.685465862796248,0.07010231328309126,3.8584997272563673,2.787780759024536,0.7123826471393513,8391_8516,2.5,2.5,0.0,90,2,33,1,90,1,90,0,1,89,33,417,FL-417 S,S,Freeway,0.389091424584,0.0,8391,8516,S,2,65863,4,417,82000,65863,70,52,70.0,0.00566226912227,1,36958.662254916126,69.71265126657217,4.3783795238794205,0.06343065746707774,3.7258490560130966,2.7429934885277323,0.7245589534454565,10.517555330698967,-0.9439409383401223,0
131,48320.00462962963,64.90947107290833,2.2916264664590966,0.03548067898279913,2.2323515859752017,1.5322448643473574,0.6796718964289908,48672.57187017002,64.92826570186239,2.813069939223463,0.043580795644223486,3.02837740587546,2.0384045967048667,0.6654281444975455,8453_8568,2.5,1.0,1.5,106,2,49,1,106,1,106,0,1,105,49,417,FL-417 S,S,Freeway,0.526801969099,0.0,8453,8568,S,2,65863,6,417,69354,65863,70,57,70.0,0.008114201248850001,1,48496.28824989982,64.91886838738536,2.55234820284128,0.03953073731351131,2.6303644959253307,1.7853247305261122,0.6725500204632682,10.789242543067033,-0.6409305712707182,1
132,32148.5200617284,67.39364698706058,3.042313185558441,0.04539892937531823,3.4033473743307616,2.4502912776079504,0.7093146222284095,31728.199066874036,74.13512300446673,3.141145759569841,0.04272768812638856,4.229185724742257,3.1692566449804085,0.7403007459153143,8478_6486,2.5,1.5,1.0,78,2,21,1,78,1,78,0,1,77,21,417,FL-417 S,S,Freeway,0.568842641784,0.0,8478,6486,W,2,65863,4,417,45500,65863,70,0,70.0,0.00918172382702,1,31938.359564301216,70.76438499576366,3.091729472564141,0.044063308750853396,3.8162665495365093,2.8097739612941792,0.7248076840718618,10.371563060534609,-0.5641514353283805,0
133,30531.066358024687,69.94457486396688,4.233723136952319,0.06168790162458523,2.7789348914971344,2.365542337214526,0.8093620501744039,40652.18364197531,71.47776289969188,3.660965574042197,0.0519468738676088,2.9250180278062747,2.263024417401727,0.7370580493063352,8482_6618,4.5,2.0,2.5,77,2,20,1,77,1,77,0,1,76,20,417,FL-417 S,S,Freeway,0.245238290843,0.0,8482,6618,W,2,65863,4,417,47654,65863,70,0,70.0,0.00400776084026,1,35591.625,70.71116888182938,3.947344355497258,0.056817387746097014,2.8519764596517048,2.3142833773081266,0.7732100497403696,10.47986563635485,-1.4055249254358633,0
134,40926.06037151703,68.22402164319071,3.6316296091212923,0.05388044953873547,4.041264113045404,2.671872607557038,0.6559655934800391,47699.99382716049,63.15817584141657,3.016310846241756,0.047940807473218834,4.746695745280107,3.0275913461140878,0.6370699208976158,8484_8486,5.0,3.5,1.5,71,2,14,1,71,1,71,0,1,70,14,417,FL-417 S,S,Freeway,0.643379383497,0.0,8484,8486,W,2,45451,4,417,49500,45451,70,0,70.0,0.0105520966534,1,44313.02709933876,65.69109874230364,3.3239702276815244,0.05091062850597715,4.3939799291627555,2.849731976835563,0.6465177571888274,10.699033978252285,-0.441020707747797,0
135,47699.99382716049,63.15817584141657,3.016310846241756,0.047940807473218834,4.746695745280107,3.0275913461140878,0.6370699208976158,29129.293209876538,64.44103653104948,2.5887324259892632,0.040298010468810826,2.8975395210864985,1.6792380327730805,0.5772993927742808,8486_9176,4.0,3.0,1.0,68,2,11,1,68,1,68,0,1,67,11,417,FL-417 S,S,Freeway,0.502781157042,0.0,8486,9176,W,2,45451,4,417,49500,45451,70,0,70.0,0.008257142353640001,1,38414.64351851851,63.79960618623302,2.8025216361155096,0.04411940897101483,3.8221176331833027,2.353414689443584,0.6071846568359482,10.556194007511666,-0.6876002790184087,0
136,31471.02314814815,69.81611877367911,2.4526154451992923,0.03523180993459416,2.6710701933376493,1.9729840357339063,0.7321602161202603,30816.063467492266,72.75505982055492,2.6061255835096984,0.03596156970817789,4.011013554769267,2.9770154060616147,0.7361057931439097,8510_6855,1.0,1.0,0.0,84,2,27,1,84,1,84,0,1,83,27,417,FL-417 S,S,Freeway,0.34140083265,0.0,8510,6855,W,2,65863,4,417,45500,65863,70,0,70.0,0.00520647354583,1,31143.543307820208,71.28558929711701,2.529370514354495,0.03559668982138603,3.341041874053458,2.4749997208977605,0.734133004632085,10.346362225293108,-1.0746980296968274,0
137,36204.051242236026,74.02355540158338,3.4733612159158143,0.04717829513315182,3.4534316903043325,2.5427632774685294,0.7183845075873079,32988.42901234568,67.93396235994825,4.652089234651776,0.06904081808987263,3.686129023769424,2.8414079291753778,0.7538256644854546,8536_8514,4.0,3.0,1.0,86,2,29,1,86,1,86,0,1,85,29,417,FL-417 S,S,Freeway,0.306133055603,0.0,8536,8514,S,2,65863,4,417,82000,65863,70,52,70.0,0.00445169703092,1,34596.240127290854,70.97875888076581,4.0627252252837955,0.05810955661151222,3.569780357036878,2.692085603321954,0.7361050860363813,10.451500288299842,-1.1837354493055217,0
138,51264.12519319938,71.28916143190062,2.2979686448654806,0.032372261718149505,3.496112149130622,2.292391643619561,0.64833754369256,51108.69598765432,72.90668683102024,2.4237544589347406,0.03353577537333908,3.1986619377878847,2.2025219994489014,0.6729058033498175,8546_7092,19.0,12.0,7.0,96,2,39,1,96,1,96,0,1,95,39,417,FL-417 S,S,Freeway,1.12851973566,0.0,8546,7092,S,2,65863,6,417,96500,65863,70,80,70.0,0.0167365149054,1,51186.41059042685,72.09792413146043,2.3608615519001104,0.03295401854574429,3.3473870434592534,2.2474568215342314,0.6606216735211887,10.84322935764224,0.12090680552306479,1
139,48355.569444444445,70.68748629284103,2.5936964253424395,0.036881539497159416,3.1456955506323703,2.121784498985747,0.6618445779887429,90537.85906040267,73.55254597467443,2.101462265002124,0.02868992761452876,3.106144626196618,2.118539599607251,0.6725785755180748,8555_8559,3.5,3.0,0.5,94,2,37,1,94,1,94,0,1,93,37,417,FL-417 S,S,Freeway,0.410911915983,0.0,8555,8559,S,2,65863,6,417,97034,65863,70,63,70.0,0.00608646651501,1,69446.71425242355,72.12001613375773,2.3475793451722815,0.03278573355584409,3.125920088414494,2.120162049296499,0.6672115767534088,11.148315036083067,-0.8893764037979974,1
140,90537.85906040267,73.55254597467443,2.101462265002124,0.02868992761452876,3.106144626196618,2.118539599607251,0.6725785755180748,68033.97685185184,72.92247270319208,2.272210303314353,0.03127533610734338,3.485242954079256,2.324531742256957,0.6600167608179919,8559_6030,7.5,5.0,2.5,95,2,38,1,95,1,95,0,1,94,38,417,FL-417 S,S,Freeway,1.0378994552299998,0.0,8559,6030,S,2,65863,6,417,97034,65863,70,63,70.0,0.015239944357700003,1,79285.91795612726,73.23750933893325,2.1868362841582387,0.029982631860936068,3.2956937901379373,2.221535670932104,0.6662976681680333,11.280815812485978,0.037198916111812544,1
141,47482.23919753086,69.9503076533735,2.4860871227998707,0.035754083788412605,3.214361178630184,2.1498203893773926,0.6600771523140355,49057.108527131786,66.57241364541514,2.5883337618903526,0.03908654770966248,3.32002130547826,2.2739373144425987,0.678638701249245,8563_8572,4.0,2.0,2.0,110,2,53,1,110,1,110,0,1,109,53,417,FL-417 S,S,Freeway,0.319507970381,0.0,8563,8572,S,2,65863,6,417,91500,65863,70,67,70.0,0.00467276097257,1,48269.67386233132,68.26136064939432,2.5372104423451116,0.03742031574903754,3.267191242054222,2.2118788519099954,0.6693579267816403,10.784558772102427,-1.140973059056299,1
142,39139.495327102806,65.52472053493439,4.521033783666762,0.06987980405564534,4.3371861227553525,3.1547094109062312,0.7137160981920551,44604.317829457366,57.47560937470063,3.4702195244812497,0.0610009071873689,5.227291241446596,3.643227245043338,0.6883353942898238,8565_8588,6.0,5.5,0.5,117,2,60,1,117,1,117,0,1,116,60,417,FL-417 S,S,Freeway,0.426625792594,0.0,8565,8588,S,2,65863,5,417,83459,65863,70,37,70.0,0.006423783708,1,41871.90657828009,61.50016495481751,3.9956266540740057,0.06544035562150712,4.782238682100974,3.3989683279747847,0.7010257462409395,10.642370393641151,-0.8518480139333761,1
143,48672.57187017002,64.92826570186239,2.813069939223463,0.043580795644223486,3.02837740587546,2.0384045967048667,0.6654281444975455,28468.725705329154,70.82699148298589,3.2882129047595248,0.046836313290404816,3.96630472909972,2.7426882864577866,0.6836931236291101,8568_11875,6.0,3.0,3.0,105,2,48,1,105,1,105,0,1,104,48,417,FL-417 S,S,Freeway,0.460695843984,0.0,8568,11875,S,2,65863,6,417,69354,65863,65,64,65.0,0.00712393992797,1,38570.64878774958,67.87762859242414,3.050641421991494,0.04520855446731415,3.49734106748759,2.3905464415813267,0.6745606340633278,10.56024687210694,-0.7750172281706023,1
144,44604.317829457366,57.47560937470063,3.4702195244812497,0.0610009071873689,5.227291241446596,3.643227245043338,0.6883353942898238,47483.79037267081,66.18417842298241,3.4943491572094527,0.053442002674676685,4.509004228676033,3.0664115294987218,0.6685631410672817,8588_8118,14.5,10.5,4.0,108,2,51,1,108,1,108,0,1,107,51,417,FL-417 S,S,Freeway,0.314190599054,0.0,8588,8118,S,2,65863,5,417,83459,65863,70,102,70.0,0.00458940847371,1,46044.05410106409,61.82989389884152,3.482284340845351,0.05722145493102279,4.8681477350613145,3.35481938727103,0.6784492676785527,10.737353915020451,-1.1577554738692166,1
145,33785.213166144196,68.35381657008371,4.156878314376091,0.061404223416957726,3.112052924055308,2.5810305993428035,0.8078374742169754,31471.02314814815,69.81611877367911,2.4526154451992923,0.03523180993459416,2.6710701933376493,1.9729840357339063,0.7321602161202603,8596_8510,3.5,1.5,2.0,83,2,26,1,83,1,83,0,1,82,26,417,FL-417 S,S,Freeway,0.8656342291470001,0.0,8596,8510,S,3,65863,4,15,35500,65863,70,0,70.0,0.013751320828799998,1,32628.11815714617,69.0849676718814,3.3047468797876918,0.04831801667577594,2.8915615586964787,2.277007317538355,0.7699988451686178,10.392929715755896,-0.14429282783280126,0
146,29899.932907348237,68.91872597144449,3.085860712089996,0.04512282192999155,2.930352483195489,2.1327505116431227,0.7205976952124469,30736.52329192547,69.14348970475405,3.477330812699281,0.05070334102636837,2.469123471290579,1.980264618440285,0.7782493425089437,8601_11015,4.0,2.0,2.0,76,2,19,1,76,1,76,0,1,75,19,417,FL-417 S,S,Freeway,0.233338325617,0.0,8601,11015,W,2,65863,4,417,47654,65863,70,0,70.0,0.00381091465916,1,30318.228099636854,69.03110783809927,3.2815957623946383,0.047913081478179964,2.699737977243034,2.056507565041704,0.7494235188606952,10.319504398063033,-1.455265837334294,0
147,31332.243827160488,69.34875282702046,2.706068623293889,0.03914124606890043,2.5878207926691474,1.8727795201467488,0.7181690601380009,32148.5200617284,67.39364698706058,3.042313185558441,0.04539892937531823,3.4033473743307616,2.4502912776079504,0.7093146222284095,8603_8478,4.5,2.5,2.0,81,2,24,1,81,1,81,0,1,80,24,417,FL-417 S,S,Freeway,0.663497519079,0.0,8603,8478,W,2,65863,4,417,45500,65863,70,0,70.0,0.0107101926905,1,31740.381944444445,68.37119990704052,2.874190904426165,0.04227008772210933,2.9955840834999545,2.1615353988773496,0.7137418411832052,10.36534502754437,-0.410230164359292,0
148,29129.293209876538,64.44103653104948,2.5887324259892632,0.040298010468810826,2.8975395210864985,1.6792380327730805,0.5772993927742808,37160.1515625,71.45873771130286,3.2208043409399583,0.04540328019740472,4.505718756799509,2.8695639363606102,0.6394208793412448,9176_7090,3.0,2.0,1.0,67,2,10,1,67,1,67,0,1,66,10,417,FL-417 S,S,Freeway,0.546637497002,0.0,9176,7090,W,2,45451,4,417,49500,45451,70,0,70.0,0.008977531572120001,1,33144.72238618827,67.94988712117618,2.904768383464611,0.04285064533310777,3.701629138943004,2.2744009845668454,0.6083601360577628,10.408638778903148,-0.6039694073983352,0
149,16434.276661514687,77.05302791662169,2.8587578695643514,0.03712494399376013,1.4490960379996016,1.1115260405999858,0.7537369191801464,,,,,,,,5881_6875,2.5,1.5,1.0,148,2,32,1,148,1,148,0,1,147,32,429,FL-429 N,N,Freeway,0.7017932169140001,0.0,5881,6875,N,2,65863,6,429,38500,65863,70,55,70.0,0.0104243210886,1,16434.276661514687,77.05302791662169,2.8587578695643514,0.03712494399376013,1.4490960379996016,1.1115260405999858,0.7537369191801464,9.70712447305277,-0.3541164811490387,1
150,33916.36574074074,75.47925773319679,4.911388613618894,0.06618405713083035,5.1650759991002895,4.2175159372474615,0.7818407512136487,32576.094135802472,74.3454443528179,3.4848643290871983,0.04719827419538082,5.004930732438081,3.8973677119017,0.7598307026448397,6089_6220,11.5,6.5,5.0,141,2,25,1,141,1,141,0,1,140,25,429,FL-429 N,N,Freeway,1.21795466539,0.0,6089,6220,N,2,65863,4,429,64500,65863,70,118,70.0,0.0180384803813,1,33246.2299382716,74.91235104300735,4.198126471353046,0.056691165663105586,5.085003365769185,4.057441824574581,0.7708357269292442,10.41169665434026,0.19717294806134225,0
151,22044.434984520118,71.13575435597585,2.9922900636106533,0.04259284748201828,2.875173621742301,2.153140138847913,0.7372303388304345,23200.539936102246,75.60942706068319,2.6805823408499982,0.03596044263421575,3.5449174475026504,2.574154227339511,0.7105639525444402,6186_6858,7.0,6.0,1.0,128,2,12,1,128,1,128,0,1,127,12,429,FL-429 N,N,Freeway,1.2393606740099998,0.0,6186,6858,N,2,65863,4,429,25600,65863,70,68,70.0,0.0192109896313,1,22622.487460311182,73.37259070832951,2.8364362022303258,0.03927664505811702,3.2100455346224757,2.363647183093712,0.7238971456874373,10.026699710923497,0.21459566118124404,0
152,19676.00464396285,75.94045608679863,2.7143337140006905,0.03580984270558079,2.799016426405781,2.1224592331777843,0.7562493951174469,19639.417956656347,72.2485492171727,2.5708136390756984,0.0356569110162728,1.9757282953559685,1.4163528087408432,0.7141626753589924,6236_8048,3.0,2.5,0.5,123,2,7,1,123,1,123,0,1,122,7,429,FL-429 N,N,Freeway,0.878892742994,0.0,6236,8048,N,2,65863,4,429,25600,65863,70,79,70.0,0.0131808307116,1,19657.7113003096,74.09450265198566,2.6425736765381944,0.0357333768609268,2.3873723608808746,1.7694060209593139,0.7352060352382197,9.88622497290161,-0.12909241036450195,0
153,17476.060185185186,72.61016797359066,2.410515799922998,0.03321026418632145,2.407095357962787,1.7497264802207528,0.7259606823643766,17258.51326053042,69.78358776135829,2.561783367792278,0.036730718243449416,1.7578360659734693,1.2484141510010192,0.7108768590213921,6244_9706,6.5,5.5,1.0,119,2,3,1,119,1,119,0,1,118,3,429,FL-429 N,N,Freeway,1.6095307445200002,0.0,6244,9706,N,2,65863,4,429,25600,65863,70,90,70.0,0.0238020576051,1,17367.286722857803,71.19687786747448,2.486149583857638,0.034970491214885435,2.082465711968128,1.499070315610886,0.7184187706928844,9.762343642247373,0.4759426734817115,0
154,29132.913580246914,70.2365465480657,3.2258738435174568,0.04618762634160708,3.0223292252636864,2.139520267563688,0.6908059485631666,29234.44736842105,71.47676857758397,2.52479635266274,0.03540889210331012,2.674898916485164,1.9155635366555424,0.7033213991062963,6295_8444,4.0,2.5,1.5,146,2,30,1,146,1,146,0,1,145,30,429,FL-429 N,N,Freeway,0.940974073356,0.0,6295,8444,N,2,65863,4,429,81000,65863,70,66,70.0,0.01383611209,1,29183.68047433398,70.85665756282484,2.8753350980900985,0.0407982592224586,2.848614070874425,2.0275419021096153,0.6970636738347314,10.28136494415506,-0.06083969200161916,0
155,27582.10869565217,71.84752814522848,2.2073798551826003,0.030793854787409525,2.7330072032443278,1.9349264232912091,0.6951447841553959,27506.75386996904,70.6388072106057,2.506894806608396,0.035563374917803404,1.7482147838304116,1.3025588742099226,0.7341691410605983,6652_8320,2.5,2.0,0.5,142,2,26,1,142,1,142,0,1,141,26,429,FL-429 N,N,Freeway,0.41478697259,0.0,6652,8320,N,2,65863,4,429,21000,65863,70,67,70.0,0.0060614931065,1,27544.431282810605,71.24316767791709,2.3571373308954984,0.03317861485260647,2.24061099353737,1.6187426487505658,0.714656962607997,10.223555662854336,-0.8799902096050117,0
156,17577.052132701418,67.10458147062036,5.4865445387864185,-0.09376296569702698,1.8716340193703809,1.3078380756337713,0.6983945657940319,22044.434984520118,71.13575435597585,2.9922900636106533,0.04259284748201828,2.875173621742301,2.153140138847913,0.7372303388304345,6763_6186,5.0,2.5,2.5,125,2,9,1,125,1,125,0,1,124,9,429,FL-429 N,N,Freeway,0.454262428776,0.0,6763,6186,N,2,65863,4,429,25600,65863,70,84,70.0,0.006913219719829999,1,19810.743558610768,69.1201679132981,4.239417301198536,-0.02558505910750435,2.373403820556341,1.7304891072408424,0.7178124523122332,9.893979673496563,-0.7890802109882546,0
157,19639.417956656347,72.2485492171727,2.5708136390756984,0.0356569110162728,1.9757282953559685,1.4163528087408432,0.7141626753589924,23314.754658385093,69.17882337200825,2.5186231871644904,0.036501075581885714,2.4606364560802207,1.8003046135833152,0.7232728600626405,8048_8037,4.0,2.5,1.5,121,2,5,1,121,1,121,0,1,120,5,429,FL-429 N,N,Freeway,0.703296480051,0.0,8048,8037,N,2,65863,4,429,25600,65863,70,76,70.0,0.0102174904463,1,21477.08630752072,70.71368629459047,2.544718413120094,0.03607899329907926,2.2181823757180945,1.6083287111620792,0.7187177677108164,9.974741892658479,-0.35197674058471295,0
158,33859.88992248062,69.20508612772475,2.999072733458036,0.04355934085841055,3.283914581849644,2.427102879968171,0.7254560832582034,29195.570987654322,70.45070438920703,3.0450654824603207,0.0433561608045997,3.11430173623045,2.148083468130286,0.6797512418657721,8389_8460,1.5,1.5,0.0,139,2,23,1,139,1,139,0,1,138,23,429,FL-429 N,N,Freeway,0.6971669140819999,0.0,8389,8460,N,2,65863,4,429,81000,65863,70,53,70.0,0.0111911207397,1,31527.730455067474,69.8278952584659,3.0220691079591786,0.043457750831505125,3.1991081590400468,2.2875931740492286,0.7026036625619878,10.35862276945576,-0.3607304218811334,0
159,33938.763523956724,70.41361866309096,5.103310605116033,0.07370214398251368,3.453813851798041,2.912221639326248,0.7930549279848907,33916.36574074074,75.47925773319679,4.911388613618894,0.06618405713083035,5.1650759991002895,4.2175159372474615,0.7818407512136487,8425_6089,0.0,0.0,0.0,137,2,21,1,137,1,137,0,1,136,21,429,FL-429 N,N,Freeway,0.280633475566,0.0,8425,6089,N,2,65863,4,429,64500,65863,70,50,70.0,0.004077348790340001,1,33927.56463234873,72.94643819814388,5.007349609367464,0.06994310055667202,4.309444925449165,3.564868788286855,0.7874478395992697,10.431983078967306,-1.2707058184793427,0
160,27539.743034055733,67.36647347507723,2.6859967554327144,0.03995019500111949,2.950652071010871,2.0393217848836573,0.6820301261620473,27582.10869565217,71.84752814522848,2.2073798551826003,0.030793854787409525,2.7330072032443278,1.9349264232912091,0.6951447841553959,8441_6652,1.0,0.0,1.0,145,2,29,1,145,1,145,0,1,144,29,429,FL-429 N,N,Freeway,0.200197714159,0.0,8441,6652,N,2,65863,4,429,81000,65863,70,49,70.0,0.00291586334777,1,27560.92586485395,69.60700081015285,2.4466883053076574,0.035372024894264505,2.8418296371275993,1.9871241040874332,0.6885874551587217,10.224154319079057,-1.6084498299534131,0
161,29234.44736842105,71.47676857758397,2.52479635266274,0.03540889210331012,2.674898916485164,1.9155635366555424,0.7033213991062963,27539.743034055733,67.36647347507723,2.6859967554327144,0.03995019500111949,2.950652071010871,2.0393217848836573,0.6820301261620473,8444_8441,3.0,1.5,1.5,144,2,28,1,144,1,144,0,1,143,28,429,FL-429 N,N,Freeway,0.545558459424,0.0,8444,8441,N,2,65863,4,429,81000,65863,70,82,70.0,0.008174562705720001,1,28387.095201238393,69.4216210263306,2.6053965540477275,0.037679543552214805,2.8127754937480174,1.9774426607695998,0.6926757626341717,10.253689926558321,-0.6059453127708399,0
162,29195.570987654322,70.45070438920703,3.0450654824603207,0.0433561608045997,3.11430173623045,2.148083468130286,0.6797512418657721,32915.44099378882,70.63530505737263,2.9261165511774165,0.041719722365343735,2.6871637526609176,1.8684764104154408,0.6803618709739385,8460_6069,6.0,5.0,1.0,143,2,27,1,143,1,143,0,1,142,27,429,FL-429 N,N,Freeway,0.604044548781,0.0,8460,6069,N,2,65863,4,429,81000,65863,70,44,70.0,0.00884222110143,1,31055.50599072157,70.54300472328984,2.9855910168188684,0.04253794158497172,2.900732744445684,2.0082799392728634,0.6800565564198553,10.34353139823441,-0.5041073275072475,0
163,33020.93769470405,68.96042756342926,4.013421479665358,0.060361404830914726,3.604548286022145,3.021223817124864,0.8031951148929029,33998.13601236476,67.56485440519262,4.305164142383723,0.06473075202176967,5.3361855525152535,4.4001658536598525,0.7989363415833663,8462_6231,10.0,7.5,2.5,129,2,13,1,129,1,129,0,1,128,13,429,FL-429 N,N,Freeway,0.556776556083,0.0,8462,6231,E,2,65863,4,429,51670,65863,70,77,70.0,0.00880474694335,1,33509.5368535344,68.26264098431093,4.159292811024541,0.0625460784263422,4.470366919268699,3.710694835392358,0.8010657282381346,10.419585359493928,-0.5855912755843478,0
164,34564.706790123455,65.40060512173021,4.157399843429172,0.06398376401261491,3.7294682421177816,3.0118098706605765,0.7953070424363688,34005.702229299364,66.09674809165858,2.6362705913367086,0.040024671537261934,2.8275950229980613,2.092278348232256,0.7315944912077321,8470_6274,2.0,0.5,1.5,133,2,17,1,133,1,133,0,1,132,17,429,FL-429 N,N,Freeway,0.243090348749,0.0,8470,6274,N,2,65863,4,429,64000,65863,70,66,70.0,0.00353328083952,1,34285.20450971141,65.7486766066944,3.3968352173829404,0.052004217774938424,3.2785316325579217,2.552044109446416,0.7634507668220505,10.442469184691527,-1.4143220991927044,0
165,16586.609567901236,68.06332742950903,4.089794070890783,0.060588044553011824,1.6854472540292191,1.6502623617875545,0.8603248046204879,36730.39408866995,74.05489890291496,5.037774696890415,0.06954527406367503,2.9588928215498216,2.922837361195532,0.8897460653931024,8498_8500,7.5,6.5,1.0,132,2,16,1,132,1,132,0,1,131,16,429,FL-429 N,N,Freeway,0.448090903793,0.0,8498,8500,N,2,65863,4,429,70235,65863,70,46,70.0,0.00652162488391,1,26658.501828285593,71.059113166212,4.563784383890599,0.06506665930834343,2.3221700377895202,2.2865498614915434,0.8750354350067951,10.190863396665511,-0.8027591568984207,0
166,36730.39408866995,74.05489890291496,5.037774696890415,0.06954527406367503,2.9588928215498216,2.922837361195532,0.8897460653931024,36660.89302325581,67.9035427486004,4.784687217970267,0.07172018595520835,2.6260109822544457,2.7490480876595487,0.9251123814760208,8500_8421,13.0,9.0,4.0,131,2,15,1,131,1,131,0,1,130,15,429,FL-429 N,N,Freeway,0.348546973,0.0,8500,8421,N,2,65863,4,429,70235,65863,70,51,70.0,0.00511615488768,1,36695.64355596288,70.97922082575768,4.911230957430341,0.07063273000944169,2.7924519019021337,2.8359427244275404,0.9074292234345616,10.510413322799565,-1.05398227163772,0
167,15666.648902821316,69.74436963836271,3.1936465358798665,0.04590232951230568,1.3442946408069398,1.0807815288054698,0.7717795732328162,16586.609567901236,68.06332742950903,4.089794070890783,0.060588044553011824,1.6854472540292191,1.6502623617875545,0.8603248046204879,8522_8498,3.5,2.0,1.5,130,2,14,1,130,1,130,0,1,129,14,429,FL-429 N,N,Freeway,0.432996428543,0.0,8522,8498,W,3,65863,4,50,47500,65863,70,47,70.0,0.006314991494109999,1,16126.629235361277,68.90384853393587,3.641720303385325,0.05324518703265875,1.5148709474180795,1.3655219452965122,0.8160521889266521,9.688227174411855,-0.8370257991822547,0
168,17258.51326053042,69.78358776135829,2.561783367792278,0.036730718243449416,1.7578360659734693,1.2484141510010192,0.7108768590213921,19681.323029366307,73.52003275787285,3.0176716942518462,0.0410882128446224,1.9253919660248717,1.3130160973094738,0.6814457857478337,9706_9710,2.0,1.0,1.0,118,2,2,1,118,1,118,0,1,117,2,429,FL-429 N,N,Freeway,0.823554797869,0.0,9706,9710,N,2,65863,4,429,25600,65863,70,44,70.0,0.0120668193331,1,18469.918144948366,71.65181025961557,2.789727531022062,0.038909465544035904,1.8416140159991705,1.2807151241552464,0.6961613223846128,9.823898641399403,-0.19412518893228264,0
169,16132.061823802163,76.32398085759108,2.9646368881472163,0.03896658315489211,1.2863018462327749,1.066793086795122,0.8053160245652494,16209.462132921177,73.93799596247976,2.8882240048044565,0.03909542303878322,1.3657780027165471,1.0927580116665832,0.7913918570733138,5880_6221,2.0,1.5,0.5,184,2,32,1,184,1,184,0,1,183,32,429,FL-429 S,S,Freeway,1.02912303418,0.0,5880,6221,S,2,65863,6,429,38500,65863,70,60,70.0,0.0152358627716,1,16170.76197836167,75.13098841003543,2.9264304464758366,0.039031003096837665,1.326039924474661,1.0797755492308525,0.7983539408192817,9.69096007442699,0.028707016448791107,1
170,16122.200934579441,70.62873513182554,2.9928049553721943,0.0424032830835782,1.1695518644755107,0.8958126125211106,0.7626597958249829,28030.693498452012,69.60716396612986,2.3370756396284045,0.033733533160533104,1.8217466879595363,1.4181139477330256,0.7596320414293269,5990_8339,3.5,3.5,0.0,183,2,31,1,183,1,183,0,1,182,31,429,FL-429 S,S,Freeway,0.945777286024,0.0,5990,8339,S,2,65863,4,429,21000,65863,70,59,70.0,0.0141008014659,1,22076.447216515728,70.11794954897769,2.6649402975002996,0.038068408122055655,1.4956492762175235,1.156963280127068,0.761145918627155,10.002266582395318,-0.055748164683494535,0
171,34485.123647604334,70.66281623524074,4.127023202154127,0.058936154863137566,4.68614576516173,3.736780955267563,0.7800585113918379,34207.840803709434,68.72317116941129,3.6253896825911696,0.05310233643530015,3.352813834605565,2.46649705312473,0.7229704168201154,5993_8395,4.5,3.0,1.5,174,2,22,1,174,1,174,0,1,173,22,429,FL-429 S,S,Freeway,0.202626820516,0.0,5993,8395,S,2,65863,4,429,64500,65863,70,50,70.0,0.00294394231547,1,34346.48222565689,69.69299370232602,3.876206442372648,0.056019245649218855,4.019479799883648,3.101639004196146,0.7515144641059767,10.444254882672837,-1.5963893143102736,0
172,16209.462132921177,73.93799596247976,2.8882240048044565,0.03909542303878322,1.3657780027165471,1.0927580116665832,0.7913918570733138,16122.200934579441,70.62873513182554,2.9928049553721943,0.0424032830835782,1.1695518644755107,0.8958126125211106,0.7626597958249829,6221_5990,1.0,1.0,0.0,182,2,30,1,182,1,182,0,1,181,30,429,FL-429 S,S,Freeway,0.632137811457,0.0,6221,5990,E,2,65863,4,414,38500,65863,70,47,70.0,0.009576818847,1,16165.831533750308,72.28336554715264,2.9405144800883254,0.04074935306118071,1.2676649335960288,0.9942853120938469,0.7770258264491483,9.690655129216992,-0.45864785250320805,0
173,23791.90095846645,73.94247370820379,2.498439799609454,0.033953419791151095,3.216693474109801,2.3215332285555834,0.7217519494570784,23775.76625386997,69.02494274450221,3.08911732628832,0.04520329728695338,2.0609661114482556,1.3961159633884608,0.6725649106811539,6233_6759,3.5,3.0,0.5,164,2,12,1,164,1,164,0,1,163,12,429,FL-429 S,S,Freeway,1.2837906166700002,0.0,6233,6759,S,2,65863,4,429,25600,65863,70,76,70.0,0.0198887840322,1,23783.83360616821,71.483708226353,2.793778562948887,0.03957835853905224,2.6388297927790285,1.8588245959720222,0.6971584300691162,10.07676136861277,0.24981712084094382,0
174,34984.353395061735,71.44449798255211,5.664709490357579,0.0805436678316392,5.86534430698285,5.309969884076872,0.8648105379192366,34485.123647604334,70.66281623524074,4.127023202154127,0.058936154863137566,4.68614576516173,3.736780955267563,0.7800585113918379,6248_5993,7.0,6.0,1.0,173,2,21,1,173,1,173,0,1,172,21,429,FL-429 S,S,Freeway,1.23787216517,0.0,6248,5993,S,2,65863,4,429,64500,65863,70,89,70.0,0.018341342997400003,1,34734.738521333034,71.05365710889643,4.895866346255852,0.06973991134738838,5.275745036072291,4.523375419672218,0.8224345246555372,10.455495575283274,0.21339390977895326,0
175,18265.73765432099,75.36476828781554,2.6791060534483564,0.03558513009297031,2.4449816930240824,1.7829808752605865,0.7289803196826835,18420.702160493827,74.76019388091879,3.021268091856073,0.04044717101674704,2.6060044425485267,1.918649174795673,0.7364808325617371,6253_6224,0.5,0.5,0.0,155,2,2,1,155,1,155,0,1,154,2,429,FL-429 S,S,Freeway,0.523487256664,0.0,6253,6224,S,2,65863,4,429,25600,65863,70,67,70.0,0.00771558428782,1,18343.21990740741,75.06248108436716,2.850187072652215,0.03801615055485867,2.5254930677863046,1.8508150250281297,0.7327305761222103,9.817015297870705,-0.6472425915389864,0
176,27972.959564541205,72.79397463888853,2.6754270094111683,0.03701228027745698,2.0965591048123544,1.5932037823988952,0.7312200542090231,27912.309597523217,66.27663794356279,3.548051093666255,0.053826722192175734,2.9483386056605583,2.2899967174244917,0.744661576666971,6255_8434,1.5,0.5,1.0,181,2,29,1,181,1,181,0,1,180,29,429,FL-429 S,S,Freeway,0.227420345353,0.0,6255,8434,S,2,65863,4,429,73457,65863,70,51,70.0,0.00331523216594,1,27942.63458103221,69.53530629122565,3.1117390515387116,0.04541950123481636,2.5224488552364566,1.9416002499116933,0.737940815437997,10.237908922604335,-1.480955232217546,0
177,29860.82407407408,66.53161767123308,3.925509676327207,0.05965010909981482,3.040377889957798,2.3420777766032232,0.7415854725846377,56673.4984375,67.62225836606032,4.470089684553872,0.06700851486494944,4.011207317115181,3.1691629286262715,0.76746319539591,6296_7012,0.5,0.5,0.0,180,2,28,1,180,1,180,0,1,179,28,429,FL-429 S,S,Freeway,0.33280695705,0.0,6296,7012,S,2,65863,4,429,81000,65863,70,72,70.0,0.00483789568771,1,43267.16125578704,67.0769380186467,4.197799680440539,0.06332931198238213,3.5257926035364893,2.7556203526147476,0.7545243339902739,10.675149225700201,-1.1001926656562258,0
178,23775.76625386997,69.02494274450221,3.08911732628832,0.04520329728695338,2.0609661114482556,1.3961159633884608,0.6725649106811539,22947.617088607596,68.63353193200935,4.954906871981675,-0.15807252818519776,2.4031351668007703,1.672331460455447,0.6980380299664651,6759_6969,2.0,1.5,0.5,163,2,11,1,163,1,163,0,1,162,11,429,FL-429 S,S,Freeway,0.41400408576,0.0,6759,6969,S,2,65863,4,429,25600,65863,70,84,70.0,0.006300891171499999,1,23361.691671238783,68.82923733825578,4.022012099134997,-0.05643461544912219,2.232050639124513,1.5342237119219537,0.6853014703238095,10.058852851753315,-0.8818794362200136,0
179,22947.617088607596,68.63353193200935,4.954906871981675,-0.15807252818519776,2.4031351668007703,1.672331460455447,0.6980380299664651,23690.131782945737,73.94671099878197,2.4192362649273167,0.03276298775157666,3.0969353378430005,2.1818504242138177,0.7071330022414815,6969_6859,0.5,0.5,0.0,162,2,10,1,162,1,162,0,1,161,10,429,FL-429 S,S,Freeway,0.62979724156,0.0,6969,6859,S,2,65863,4,429,25600,65863,70,62,70.0,0.00958776727525,1,23318.874435776666,71.29012146539566,3.6870715684544955,-0.06265477021681055,2.7500352523218856,1.9270909423346323,0.7025855161039734,10.057018373252273,-0.46235735019142865,0
180,33850.524844720494,72.36645826303317,5.4267575291744645,0.07596204247893774,4.9510731757062985,3.821444713096696,0.75872215069084,33856.66510903427,66.35001816296415,3.5153211772539694,0.05328697917061792,3.648670727231705,2.9440554445550515,0.7921869398495343,6989_8464,9.5,8.5,1.0,170,2,18,1,170,1,170,0,1,169,18,429,FL-429 S,S,Freeway,0.848413117917,0.0,6989,8464,W,2,65863,4,429,53390,65863,70,58,70.0,0.013541189352799998,1,33853.594976877386,69.35823821299866,4.471039353214217,0.06462451082477783,4.299871951469002,3.3827500788258735,0.7754545452701871,10.429800475858647,-0.16438759446277093,0
181,56673.4984375,67.62225836606032,4.470089684553872,0.06700851486494944,4.011207317115181,3.1691629286262715,0.76746319539591,29905.626543209877,69.4950154010714,4.1200910527274255,0.060088055009284574,3.8877373973953664,3.402099640138289,0.8253639349565806,7012_8458,8.5,6.5,2.0,179,2,27,1,179,1,179,0,1,178,27,429,FL-429 S,S,Freeway,0.592448460444,0.0,7012,8458,S,2,65863,4,429,81000,65863,70,44,70.0,0.0086708397753,1,43289.56249035494,68.55863688356587,4.295090368640649,0.063548284937117,3.9494723572552735,3.28563128438228,0.7964135651762453,10.675666833902048,-0.5234913963488089,0
182,19150.392523364488,73.79709045840394,3.0073131104468103,0.04074621867043468,2.6460077687798598,1.6832634063849798,0.6392948752919471,20134.876160990712,69.593898389629,2.7019913213016804,0.03883275831270268,1.8520003988752327,1.2759522955773404,0.6935834938629202,8035_9704,1.5,0.5,1.0,159,2,7,1,159,1,159,0,1,158,7,429,FL-429 S,S,Freeway,1.24378829138,0.0,8035,9704,S,2,65863,4,429,25600,65863,70,65,70.0,0.0187304846288,1,19642.6343421776,71.69549442401647,2.8546522158742453,0.03978948849156868,2.249004083827546,1.47960785098116,0.6664391845774336,9.885457704389072,0.21816179605595032,0
183,28030.693498452012,69.60716396612986,2.3370756396284045,0.033733533160533104,1.8217466879595363,1.4181139477330256,0.7596320414293269,27972.959564541205,72.79397463888853,2.6754270094111683,0.03701228027745698,2.0965591048123544,1.5932037823988952,0.7312200542090231,8339_6255,1.0,1.0,0.0,185,2,33,1,185,1,185,0,1,184,33,429,FL-429 S,S,Freeway,0.252299707485,0.0,8339,6255,S,2,65863,4,451,13600,65863,70,50,70.0,0.00369409810363,1,28001.82653149661,71.2005693025092,2.5062513245197864,0.03537290671899504,1.9591528963859455,1.5056588650659604,0.745426047819175,10.24002502029748,-1.3771375827293761,0
184,34207.840803709434,68.72317116941129,3.6253896825911696,0.05310233643530015,3.352813834605565,2.46649705312473,0.7229704168201154,34902.450726979,58.60865572502652,7.846438742115088,0.038109881051201416,4.180373880852547,3.03069794067758,0.7114186926294306,8395_8429,2.5,2.0,0.5,175,2,23,1,175,1,175,0,1,174,23,429,FL-429 S,S,Freeway,0.373292190617,0.0,8395,8429,S,2,65863,4,429,64500,65863,70,98,70.0,0.00542352822207,1,34555.14576534422,63.665913447218905,5.735914212353128,0.04560610874325079,3.766593857729056,2.748597496901155,0.717194554724773,10.450311754874122,-0.9853938131384453,0
185,36169.035273368616,69.4682685353228,3.0449676640422045,0.043903908763453216,3.8099034302368384,2.624579501354769,0.7055770089130031,32363.366306027816,68.62580049011049,3.501692390836286,0.051174325667978166,2.474655899488397,2.065361484044661,0.8045181686758032,8423_8507,9.5,6.0,3.5,169,2,17,1,169,1,169,0,1,168,17,429,FL-429 S,S,Freeway,0.580105995913,0.0,8423,8507,S,2,65863,4,429,70581,65863,70,102,70.0,0.0084475048407,1,34266.20078969822,69.04703451271665,3.273330027439245,0.04753911721571569,3.1422796648626177,2.344970492699715,0.7550475887944031,10.441914747611296,-0.5445444405645687,0
186,29905.626543209877,69.4950154010714,4.1200910527274255,0.060088055009284574,3.8877373973953664,3.402099640138289,0.8253639349565806,34485.737984496125,68.14825503969746,4.908233121511467,0.07314968716607953,3.529787005881052,3.4416698135594586,0.9099547098943868,8458_8393,5.0,3.5,1.5,176,2,24,1,176,1,176,0,1,175,24,429,FL-429 S,S,Freeway,0.671556703433,0.0,8458,8393,W,2,65863,4,429,72601,65863,70,42,70.0,0.010776328713,1,32195.682263853,68.82163522038442,4.5141620871194466,0.06661887108768205,3.7087622016382094,3.421884726848874,0.8676593224254836,10.379587631356783,-0.39815682364575095,0
187,33856.66510903427,66.35001816296415,3.5153211772539694,0.05328697917061792,3.648670727231705,2.9440554445550515,0.7921869398495343,19481.71235194585,73.06640657527636,3.466982664577872,0.07349349284224077,3.2461175637056816,1.9339819310954176,0.8246582878540691,8464_8492,4.0,1.5,2.5,165,2,13,1,165,1,165,0,1,164,13,429,FL-429 S,S,Freeway,0.967510003583,0.0,8464,8492,W,2,65863,4,429,25600,65863,70,86,70.0,0.015481832621799996,1,26669.18873049006,69.70821236912025,3.4911519209159207,0.06339023600642935,3.447394145468693,2.4390186878252345,0.8084226138518017,10.191264197909126,-0.033029514510981864,0
188,19481.71235194585,73.06640657527636,3.466982664577872,0.07349349284224077,3.2461175637056816,1.9339819310954176,0.8246582878540691,23791.90095846645,73.94247370820379,2.498439799609454,0.033953419791151095,3.216693474109801,2.3215332285555834,0.7217519494570784,8492_6233,3.0,1.5,1.5,161,2,9,1,161,1,161,0,1,160,9,429,FL-429 S,S,Freeway,0.427864777443,0.0,8492,6233,S,2,65863,4,429,25600,65863,70,61,70.0,0.007005944767229999,1,21636.80665520615,73.50444014174008,2.982711232093663,0.053723456316695936,3.2314055189077413,2.1277575798255004,0.7732051186555737,9.982151155306406,-0.84894807387381,0
189,32363.366306027816,68.62580049011049,3.501692390836286,0.051174325667978166,2.474655899488397,2.065361484044661,0.8045181686758032,15535.751203852331,68.25764513456623,3.7273167175927253,0.05474366528220465,1.5266827873968631,1.172082756315707,0.7481245824568273,8507_8529,1.0,0.5,0.5,168,2,16,1,168,1,168,0,1,167,16,429,FL-429 S,S,Freeway,0.299953468587,0.0,8507,8529,W,3,65863,4,50,47500,65863,70,47,70.0,0.00437397327582,1,23949.558754940073,68.44172281233836,3.6145045542145056,0.052958995475091405,2.00066934344263,1.618722120180184,0.7763213755663152,10.083705179076029,-1.2041279210659155,0
190,33725.43780290792,68.21238081567503,5.185789169160229,0.07774741516537557,3.810256187817808,3.5267340877509987,0.8645612229540505,33850.524844720494,72.36645826303317,5.4267575291744645,0.07596204247893774,4.9510731757062985,3.821444713096696,0.75872215069084,8524_6989,13.5,11.5,2.0,167,2,15,1,167,1,167,0,1,166,15,429,FL-429 S,S,Freeway,1.23110504284,0.0,8524,6989,W,2,65863,4,429,53390,65863,70,44,70.0,0.0189019296271,1,33787.98132381421,70.2894195393541,5.306273349167347,0.07685472882215666,4.380664681762053,3.6740894004238474,0.8116416868224452,10.427860436101119,0.20791217486968736,0
191,15535.751203852331,68.25764513456623,3.7273167175927253,0.05474366528220465,1.5266827873968631,1.172082756315707,0.7481245824568273,33725.43780290792,68.21238081567503,5.185789169160229,0.07774741516537557,3.810256187817808,3.5267340877509987,0.8645612229540505,8529_8524,5.0,4.0,1.0,166,2,14,1,166,1,166,0,1,165,14,429,FL-429 S,S,Freeway,0.464191004704,0.0,8529,8524,S,2,65863,4,429,64000,65863,70,64,70.0,0.0067659728614,1,24630.594503380125,68.23501297512064,4.456552943376477,0.06624554022379012,2.6684694876073354,2.3494084220333527,0.806342902705439,10.111744628191538,-0.7674591633907379,0
192,20134.876160990712,69.593898389629,2.7019913213016804,0.03883275831270268,1.8520003988752327,1.2759522955773404,0.6935834938629202,18157.077160493827,75.85614138296512,2.761824857455317,0.03642804071406372,1.974431487890958,1.4089353571771497,0.7173832552760911,9704_9708,1.0,0.5,0.5,157,2,5,1,157,1,157,0,1,156,5,429,FL-429 S,S,Freeway,0.6361188168330001,0.0,9704,9708,S,2,65863,4,429,25600,65863,70,46,70.0,0.00929921511649,1,19145.97666074227,72.72501988629706,2.7319080893784986,0.0376303995133832,1.9132159433830953,1.3424438263772451,0.7054833745695057,9.859847876490736,-0.45236991417068473,0
193,18157.077160493827,75.85614138296512,2.761824857455317,0.03642804071406372,1.974431487890958,1.4089353571771497,0.7173832552760911,18265.73765432099,75.36476828781554,2.6791060534483564,0.03558513009297031,2.4449816930240824,1.7829808752605865,0.7289803196826835,9708_6253,1.0,0.0,1.0,156,2,4,1,156,1,156,0,1,155,4,429,FL-429 S,S,Freeway,1.27751302979,0.0,9708,6253,S,2,65863,4,429,25600,65863,70,101,70.0,0.018911674683400003,1,18211.40740740741,75.61045483539033,2.7204654554518366,0.03600658540351702,2.20970659045752,1.595958116218868,0.7231817874793873,9.80980345734673,0.24491524248793542,0
194,49034.86882716049,70.55101432337878,3.739095689685463,0.05375881902898968,3.7140300616429935,2.7401604197100395,0.697997679355753,48854.34259259259,66.3041907877313,3.7512357546844046,0.05742407822896998,2.9338808623398456,2.2868387122380818,0.7292560384556662,6156_8052,16.5,13.5,3.0,225,2,12,1,225,1,225,0,1,224,12,528,FL-528 E,E,Freeway,0.330283548486,0.0,6156,8052,E,2,65863,6,528,89199,65863,70,57,70.0,0.005428500371100001,1,48944.605709876545,68.42760255555504,3.7451657221849337,0.05559144862897983,3.3239554619914196,2.513499565974061,0.7136268589057095,10.798444441883667,-1.1078037556187579,1
195,26635.106518282988,70.18557178058423,2.8573030177847545,0.04107534617988815,2.2379411720996165,1.2922471815345402,0.6002488951547347,26439.950980392157,69.02064578630768,2.4202719981811534,0.03541895388832441,2.3843099996264736,1.4923424925913804,0.6161117466535009,6321_7008,2.0,1.5,0.5,237,2,24,1,237,1,237,0,1,236,24,528,FL-528 E,E,Freeway,0.46645608311000003,0.0,6321,7008,E,2,99999,4,528,51210,99999,70,73,70.0,0.00766699433359,0,26537.528749337573,69.60310878344595,2.638787507982954,0.03824715003410628,2.311125585863045,1.3922948370629604,0.6081803209041178,10.186315189358549,-0.7625914043696046,0
196,28946.930379746835,74.03967090545132,3.118748797332768,0.04289870493407099,3.9849486127184512,2.4856093366421534,0.6191976702513613,29207.364197530864,70.31779104626203,3.3474535928876663,0.04847031311650751,3.021979186092785,1.8339982390793623,0.5987498523186455,6488_8109,7.0,6.0,1.0,235,2,22,1,235,1,235,0,1,234,22,528,FL-528 E,E,Freeway,0.34529106027900003,0.0,6488,8109,E,2,99999,4,528,51210,99999,70,51,70.0,0.00567532054912,0,29077.14728863885,72.17873097585667,3.2331011951102173,0.045684509025289255,3.5034638994056184,2.159803787860758,0.6089737612850035,10.277707828095393,-1.0633675646433158,0
197,38847.325,71.4504689140383,3.529598619430357,0.04984514909174016,5.870042956034348,3.657339525028807,0.6107436402628311,38775.4475308642,68.46637319877972,2.134006854862976,0.03130332410429172,2.6970138521046536,1.672461320616115,0.6127558188608645,6666_8074,13.0,9.5,3.5,228,2,15,1,228,1,228,0,1,227,15,528,FL-528 E,E,Freeway,0.508568576953,0.0,6666,8074,E,2,65863,4,528,77500,65863,70,69,70.0,0.00835693292534,1,38811.3862654321,69.95842105640901,2.831802737146666,0.04057423659801594,4.283528404069501,2.664900422822461,0.6117497295618478,10.56646894300955,-0.6761552113219819,0
198,20591.533333333333,67.69750865478346,2.4740271071318007,0.036750829224788034,1.3770311819759669,0.8842732453699949,0.6378523503773006,,,,,,,,6945_8095,8.5,7.0,1.5,230,2,17,1,230,1,230,0,1,229,17,528,FL-528 E,E,Freeway,2.31964253346,0.0,6945,8095,E,2,99999,4,528,67500,99999,70,57,70.0,0.0381275313939,0,20591.533333333333,67.69750865478346,2.4740271071318007,0.036750829224788034,1.3770311819759669,0.8842732453699949,0.6378523503773006,9.932635267056446,0.8414130934014411,0
199,26439.950980392157,69.02064578630768,2.4202719981811534,0.03541895388832441,2.3843099996264736,1.4923424925913804,0.6161117466535009,25775.43364197531,75.48321675860403,2.6788269294453237,0.03613177776299187,3.3849198744906666,2.1598661461015483,0.6303007665694126,7008_7061,12.5,10.5,2.0,236,2,23,1,236,1,236,0,1,235,23,528,FL-528 E,E,Freeway,2.26116329901,0.0,7008,7061,E,2,99999,4,528,51210,99999,70,43,70.0,0.0371663520612,0,26107.69231118373,72.25193127245586,2.5495494638132383,0.03577536582565814,2.8846149370585703,1.8261043193464643,0.6232062566114567,10.169985274454458,0.815879414929274,0
200,25775.43364197531,75.48321675860403,2.6788269294453237,0.03613177776299187,3.3849198744906666,2.1598661461015483,0.6303007665694126,26374.984375,71.21182563337636,2.7517614656508096,0.03917914425134855,2.4161358903231624,1.4669379190207614,0.6081561303163914,7061_8083,11.0,7.5,3.5,238,2,25,1,238,1,238,0,1,237,25,528,FL-528 E,E,Freeway,2.01129198425,0.0,7061,8083,E,2,99999,4,528,51210,99999,70,51,70.0,0.0330598741889,0,26075.209008487655,73.3475211959902,2.715294197548067,0.03765546100717021,2.9005278824069145,1.8134020325611548,0.619228448442902,10.168740295502722,0.6987772938113679,0
201,38775.4475308642,68.46637319877972,2.134006854862976,0.03130332410429172,2.6970138521046536,1.672461320616115,0.6127558188608645,32692.730708661416,66.24821220698436,2.1853014800675457,0.033127717211643086,3.4623933852053255,1.9561454614788607,0.5663398640349583,8074_8019,5.5,4.0,1.5,226,2,13,1,226,1,226,0,1,225,13,528,FL-528 E,E,Freeway,0.888061025934,0.0,8074,8019,E,2,65863,4,528,73393,65863,70,82,70.0,0.0145967958229,1,35734.08911976281,67.35729270288203,2.159654167465261,0.0322155206579674,3.0797036186549898,1.814303391047488,0.5895478414479114,10.483860389466686,-0.1187148154526285,0
202,,,,,,,,28645.979591836734,73.10653504641215,3.5092006951242274,0.049283411922860745,3.6369041037167498,2.269044559061475,0.6148788126487983,8095_8101,4.0,3.5,0.5,233,2,20,1,233,1,233,0,1,232,20,528,FL-528 E,E,Freeway,0.6635559599759999,0.0,8095,8101,E,2,99999,4,528,58498,99999,70,59,70.0,0.0109067643923,0,28645.979591836734,73.10653504641215,3.5092006951242274,0.049283411922860745,3.6369041037167498,2.269044559061475,0.6148788126487983,10.262768383913276,-0.4101420881845785,0
203,28645.979591836734,73.10653504641215,3.5092006951242274,0.049283411922860745,3.6369041037167498,2.269044559061475,0.6148788126487983,28946.930379746835,74.03967090545132,3.118748797332768,0.04289870493407099,3.9849486127184512,2.4856093366421534,0.6191976702513613,8101_6488,16.5,12.0,4.5,232,2,19,1,232,1,232,0,1,231,19,528,FL-528 E,E,Freeway,3.04418050116,0.0,8101,6488,E,2,99999,4,528,51210,99999,70,44,70.0,0.050036772779,0,28796.454985791785,73.57310297593173,3.3139747462284976,0.046091058428465864,3.8109263582176007,2.377326947851814,0.6170382414500798,10.268007567776628,1.113231735600159,0
204,29207.364197530864,70.31779104626203,3.3474535928876663,0.04847031311650751,3.021979186092785,1.8339982390793623,0.5987498523186455,26635.106518282988,70.18557178058423,2.8573030177847545,0.04107534617988815,2.2379411720996165,1.2922471815345402,0.6002488951547347,8109_6321,16.5,10.0,6.5,234,2,21,1,234,1,234,0,1,233,21,528,FL-528 E,E,Freeway,2.31793492149,0.0,8109,6321,E,2,99999,4,528,51210,99999,70,56,70.0,0.0380991691531,0,27921.235357906924,70.25168141342313,3.1023783053362104,0.04477282964819783,2.6299601790962006,1.5631227103069514,0.59949937373669,10.23714280224084,0.8406766692387135,0
205,45573.42901234568,66.29978520561242,2.4606208492469417,0.037356499071092036,3.159551499786166,1.8747256401511152,0.5771024958036314,48936.62037037037,65.28137757348227,2.970645749701934,0.04604741763319157,3.5852704694068325,2.3775479078617163,0.6377175276084132,8186_8176,3.0,2.5,0.5,222,2,9,1,222,1,222,0,1,221,9,528,FL-528 E,E,Freeway,0.783069502972,0.0,8186,8176,E,2,65863,7,528,89199,65863,70,44,65.0,0.0128341107641,1,47255.02469135803,65.79058138954736,2.7156332994744377,0.0417019583521418,3.372410984596499,2.1261367740064157,0.6074100117060223,10.763314269942152,-0.2445338219600851,1
206,46789.263888888876,60.70402166105295,3.2639249520406493,0.05416269873737258,4.837597923237087,3.0517639054583228,0.6164457987866685,45573.42901234568,66.29978520561242,2.4606208492469417,0.037356499071092036,3.159551499786166,1.8747256401511152,0.5771024958036314,8190_8186,1.5,0.5,1.0,221,2,8,1,221,1,221,0,1,220,8,528,FL-528 E,E,Freeway,0.420730895759,0.0,8190,8186,E,2,65863,6,528,89199,65863,65,47,65.0,0.00689468015209,1,46181.346450617275,63.501903433332686,2.8622729006437955,0.04575959890423231,3.9985747115116266,2.463244772804719,0.59677414729515,10.74033123905809,-0.865761852149437,1
207,35467.86261980831,58.89744405447731,5.322272379309793,0.09149241042228876,5.323090994824606,4.415874377897451,0.7842724010778622,46789.263888888876,60.70402166105295,3.2639249520406493,0.05416269873737258,4.837597923237087,3.0517639054583228,0.6164457987866685,8296_8190,8.0,4.5,3.5,220,2,7,1,220,1,220,0,1,219,7,528,FL-528 E,E,Freeway,0.7367734431499999,0.0,8296,8190,E,2,65863,6,528,89199,65863,55,62,55.0,0.0121089209274,1,41128.56325434859,59.80073285776513,4.293098665675221,0.07282755457983067,5.080344459030847,3.7338191416778868,0.7003590999322653,10.624458128796897,-0.3054748381895368,1
208,55492.84055727554,61.47311043527769,4.941299453935024,0.08136588522925296,4.348568043945225,3.30523082686764,0.7194562562820459,35467.86261980831,58.89744405447731,5.322272379309793,0.09149241042228876,5.323090994824606,4.415874377897451,0.7842724010778622,8301_8296,1.0,1.0,0.0,219,2,6,1,219,1,219,0,1,218,6,528,FL-528 E,E,Freeway,0.213732098865,0.0,8301,8296,E,2,65863,4,528,71692,65863,55,55,55.0,0.0035130536072,1,45480.35158854192,60.1852772448775,5.131785916622409,0.08642914782577085,4.835829519384916,3.8605526023825454,0.751864328679954,10.725035678453366,-1.543031922672327,0
209,56088.372670807454,60.87944664913672,4.030610694207705,0.06719279216949979,5.168986688616501,3.6259056091105215,0.6673062897432529,55600.246913580246,62.478629245641784,4.680226044528946,0.07603905688990073,4.500699238694844,3.4627498630229616,0.7250389707934175,8327_8331,7.0,4.5,2.5,215,2,2,1,215,1,215,0,1,214,2,528,FL-528 E,E,Freeway,0.475330651307,0.0,8327,8331,E,2,65863,6,528,63500,65863,55,67,55.0,0.007809394302300002,1,55844.309792193846,61.67903794738925,4.3554183693683255,0.07161592452970025,4.834842963655673,3.544327736066742,0.6961726302683352,10.930322915550244,-0.743744609103565,1
210,55600.246913580246,62.478629245641784,4.680226044528946,0.07603905688990073,4.500699238694844,3.4627498630229616,0.7250389707934175,55434.76697530865,61.91328271352456,4.9047101916174265,0.08029893533785698,4.954343160587103,3.6401762328706337,0.6954378225042344,8331_8341,6.0,4.0,2.0,218,2,5,1,218,1,218,0,1,217,5,528,FL-528 E,E,Freeway,0.604560913417,0.0,8331,8341,E,2,65863,6,528,63500,65863,55,59,55.0,0.00993114960298,1,55517.50694444445,62.195955979583175,4.792468118073186,0.07816899611387886,4.727521199640973,3.5514630479467977,0.7102383966488259,10.92445369043409,-0.5032528473918276,1
211,55434.76697530865,61.91328271352456,4.9047101916174265,0.08029893533785698,4.954343160587103,3.6401762328706337,0.6954378225042344,56210.79411764706,64.43983524454272,5.357662287998203,0.08432835106527772,4.816162581900551,3.730258027283054,0.7329126057404419,8341_6947,2.5,1.0,1.5,217,2,4,1,217,1,217,0,1,216,4,528,FL-528 E,E,Freeway,0.229515974678,0.0,8341,6947,E,2,65863,6,528,63500,65863,55,60,55.0,0.0037724826158,1,55822.78054647786,63.17655897903364,5.131186239807815,0.08231364320156735,4.885252871243827,3.685217130076844,0.7141752141223381,10.929937318577716,-1.4717826454638658,1
212,54496.19474497682,61.905316596880255,2.626695960731181,0.04262729705002806,2.9890541043441954,1.5360418190564027,0.5139225502932173,95905.58229813664,66.54499655667168,2.8640315146809034,0.04326753978559606,3.5259470670800783,2.012524322860546,0.5704388836294155,11452_8329,7.0,5.0,2.0,187,2,3,1,187,1,187,0,1,186,3,528,FL-528 W,W,Freeway,0.396100453277,0.0,11452,8329,W,2,65863,6,528,80539,65863,55,67,55.0,0.006507565175229999,1,75200.88852155673,64.22515657677596,2.7453637377060423,0.042947418417812064,3.257500585712137,1.7742830709584743,0.5421807169613164,11.227918325314363,-0.9260874300050093,1
213,27299.628086419754,77.58463402813607,3.0013021730114056,0.03947638492265505,3.7036617688767453,2.5213943754400354,0.6770699171027126,27044.43770491804,69.31060129559157,3.2102791555287453,0.04674488123580887,2.6473740207071685,1.6836050777979918,0.6311983181394654,5943_6937,13.0,7.0,6.0,213,2,29,1,213,1,213,0,1,212,29,528,FL-528 W,W,Freeway,2.2298043904599996,0.0,5943,6937,W,2,99999,4,528,51210,99999,70,63,70.0,0.0366512796462,0,27172.032895668897,73.44761766186382,3.105790664270075,0.043110633079231964,3.175517894791957,2.1024997266190137,0.654134117621089,10.209943520956305,0.8019138643421302,0
214,53775.21826625387,63.89599277935501,2.903516827711204,0.04574958896261416,5.5794901053276185,3.1444696159503107,0.5614154692373369,53872.323529411755,61.55686133300662,2.7086522750150857,0.04433833833506464,4.465544262466722,2.4003623843556667,0.5352392500878316,6094_8344,3.0,2.0,1.0,193,2,9,1,193,1,193,0,1,192,9,528,FL-528 W,W,Freeway,0.232166139071,0.0,6094,8344,W,2,65863,6,528,63500,65863,55,56,55.0,0.00381602677137,1,53823.770897832816,62.72642705618082,2.8060845513631447,0.045043963648839405,5.02251718389717,2.7724160001529885,0.5483273596625842,10.89347048681778,-1.4603020469196877,1
215,34491.227202472954,68.40121049549626,2.607944477522328,0.038245890315379935,2.4844335345507402,1.5605252827151088,0.6298019105554796,19934.33070866142,76.44137578121786,2.790262025300151,0.036805670393933766,2.6453341559023564,1.7587261428534138,0.6631566449081631,6320_6667,7.0,4.5,2.5,206,2,22,1,206,1,206,0,1,205,22,528,FL-528 W,W,Freeway,0.583377203835,0.0,6320,6667,W,2,99999,6,528,67500,99999,70,48,70.0,0.00958880925812,0,27212.778955567184,72.42129313835706,2.6991032514112394,0.037525780354656854,2.5648838452265483,1.6596257127842613,0.6464792777318213,10.211441956498701,-0.5389212969862739,1
216,25105.29166666667,75.66940190726042,2.8546689887259054,0.038174803099756,3.2161379876105314,2.2468456917497126,0.6915987477578589,27019.359375,67.4867319173409,2.9854698323501734,0.044839577009799736,2.523717569042856,1.733393381473262,0.6766624650564705,6598_8091,7.0,6.0,1.0,186,2,1,1,186,1,186,0,1,185,1,528,FL-528 W,W,Freeway,1.14923929654,0.0,6598,8091,S,3,99999,4,520,18615,99999,70,55,70.0,0.0188902569819,0,26062.325520833336,71.57806691230067,2.9200694105380394,0.04150719005477787,2.8699277783266934,1.9901195366114872,0.6841306064071647,10.168246083874463,0.1391002422303319,0
217,45757.19598765432,62.701964189490795,5.856895951079916,0.09490678422266564,8.038686844263896,5.237221886464462,0.6401854025391079,53552.534055727556,62.273263097919255,3.019469780999584,0.048702917961570384,4.927563074463949,2.735423440144083,0.5536640329092729,6602_7054,4.5,4.5,0.0,192,2,8,1,192,1,192,0,1,191,8,528,FL-528 W,W,Freeway,0.356748765535,0.0,6602,7054,W,2,65863,6,528,63500,65863,55,65,55.0,0.005863710190109999,1,49654.86502169094,62.487613643705025,4.4381828660397495,0.07180485109211801,6.483124959363923,3.9863226633042723,0.5969247177241904,10.812851651011156,-1.0307234829395173,1
218,28950.890384615384,73.68770651902042,2.7713479310549998,0.03784507272109432,3.763803209076938,2.207819798952145,0.6041883904726029,38914.71141975308,69.48476403316349,2.397837053016054,0.03462363271729478,2.6567530685456298,1.681459151387409,0.6245308027561559,6663_8065,5.0,2.5,2.5,203,2,19,1,203,1,203,0,1,202,19,528,FL-528 W,W,Freeway,0.688888188513,0.0,6663,8065,W,2,65863,4,528,77500,65863,70,68,70.0,0.0112357237646,1,33932.80090218423,71.58623527609195,2.5845924920355268,0.03623435271919455,3.210278138811284,1.944639475169777,0.6143595966143793,10.432137403801976,-0.37267630196036766,0
219,28609.537037037036,66.13659286317733,8.47428975540701,0.13188833569846492,5.993120948971457,7.635683098007138,1.1474134405638297,45142.84872611465,55.43265202915072,6.134847349938643,0.11349085713899207,6.533005469934825,4.977765790986337,0.7235055305537601,6664_8199,1.5,1.5,0.0,199,2,15,1,199,1,199,0,1,198,15,528,FL-528 W,W,Freeway,0.269871958387,0.0,6664,8199,W,2,65863,4,528,78462,65863,55,63,55.0,0.00443567649601,1,36876.192881575844,60.78462244616402,7.304568552672826,0.1226895964187285,6.263063209453141,6.306724444496737,0.9354594855587949,10.515321442449762,-1.3098076606618123,0
220,48609.39660493827,69.93286592398162,2.9448560213031114,0.042432473811887764,4.450992597805062,3.0595203846371017,0.6714395691723077,48063.51321928461,65.71212630486444,2.7153267635452347,0.0415371625892948,3.549111907762425,2.4348741075304616,0.6706891790450412,6665_8172,5.0,3.0,2.0,198,2,14,1,198,1,198,0,1,197,14,528,FL-528 W,W,Freeway,0.345362370034,0.0,6665,8172,W,2,65863,7,528,89199,65863,70,39,70.0,0.005676334743539999,1,48336.45491211144,67.82249611442303,2.830091392424173,0.04198481820059129,4.000052252783743,2.7471972460837817,0.6710643741086745,10.785941315037633,-1.0631610652555663,1
221,19934.33070866142,76.44137578121786,2.790262025300151,0.036805670393933766,2.6453341559023564,1.7587261428534138,0.6631566449081631,21921.51552795031,69.18937022042132,3.4197141442166386,0.04972065499805983,2.037923460708904,1.332618437257822,0.6436880029334968,6667_8001,0.5,0.5,0.0,205,2,21,1,205,1,205,0,1,204,21,528,FL-528 W,W,Freeway,0.400906790324,0.0,6667,8001,W,2,99999,4,528,71737,99999,70,72,70.0,0.0065895464919100005,0,20927.923118305866,72.81537300081959,3.1049880847583946,0.043263162695996796,2.3416288083056305,1.545672290055618,0.6534223239208299,9.948839580621826,-0.9140263217769424,0
222,27044.43770491804,69.31060129559157,3.2102791555287453,0.04674488123580887,2.6473740207071685,1.6836050777979918,0.6311983181394654,26994.023961661343,69.52181153664236,2.8099846547847966,0.040914628740836574,2.5049075342949885,1.7737692879938018,0.6840533715462281,6937_6322,3.0,2.5,0.5,211,2,27,1,211,1,211,0,1,210,27,528,FL-528 W,W,Freeway,0.549981743498,0.0,6937,6322,W,2,99999,4,528,51210,99999,70,103,70.0,0.00903988338691,0,27019.230833289694,69.41620641611696,3.010131905156771,0.04382975498832272,2.5761407775010783,1.728687182895897,0.6576258448428467,10.20430414453942,-0.5978701949465415,0
223,34681.392581143744,68.83950866308236,2.5792942025609094,0.037739903876014835,3.076612044336456,1.943351433346542,0.6327348498805547,34491.227202472954,68.40121049549626,2.607944477522328,0.038245890315379935,2.4844335345507402,1.5605252827151088,0.6298019105554796,6953_6320,2.5,2.5,0.0,204,2,20,1,204,1,204,0,1,203,20,528,FL-528 W,W,Freeway,0.5546165182899999,0.0,6953,6320,W,2,99999,4,528,67500,99999,70,56,70.0,0.00911614714517,0,34586.30989180835,68.6203595792893,2.5936193400416188,0.037992897095697385,2.780522789443598,1.7519383580308254,0.6312683802180172,10.45121321488182,-0.5894783620932593,0
224,21921.51552795031,69.18937022042132,3.4197141442166386,0.04972065499805983,2.037923460708904,1.332618437257822,0.6436880029334968,38495.86538461538,68.90714143958722,2.262964031215123,0.033285410512582214,2.7268146118416845,1.769125011084833,0.6406740882283665,8001_8007,3.5,3.0,0.5,202,2,18,1,202,1,202,0,1,201,18,528,FL-528 W,W,Freeway,0.326578194392,0.0,8001,8007,N,2,65863,4,417,82802,65863,70,116,70.0,0.00536783559076,1,30208.690456282846,69.04825583000428,2.841339087715881,0.04150303275532102,2.3823690362752945,1.5508717241713277,0.6421810455809316,10.315884925420074,-1.1190858661615208,0
225,38495.86538461538,68.90714143958722,2.262964031215123,0.033285410512582214,2.7268146118416845,1.769125011084833,0.6406740882283665,28950.890384615384,73.68770651902042,2.7713479310549998,0.03784507272109432,3.763803209076938,2.207819798952145,0.6041883904726029,8007_6663,6.0,4.5,1.5,201,2,17,1,201,1,201,0,1,200,17,528,FL-528 W,W,Freeway,0.7784888730399999,0.0,8007,6663,W,2,65863,4,528,77500,65863,70,72,70.0,0.0127934915514,1,33723.37788461539,71.29742397930383,2.5171559811350614,0.035565241616838265,3.245308910459311,1.9884724050184892,0.6224312393504847,10.425946581612758,-0.2504005806297522,0
226,48845.06481481482,67.73327346483738,2.7261671638883804,0.04057200395845017,4.106205673309029,2.8191868504283057,0.6677363644327937,48609.39660493827,69.93286592398162,2.9448560213031114,0.042432473811887764,4.450992597805062,3.0595203846371017,0.6714395691723077,8055_6665,5.5,5.0,0.5,197,2,13,1,197,1,197,0,1,196,13,528,FL-528 W,W,Freeway,0.331355761779,0.0,8055,6665,W,2,65863,6,528,89199,65863,70,63,70.0,0.005446220125270001,1,48727.230709876545,68.8330696944095,2.835511592595746,0.04150223888516896,4.278599135557045,2.9393536175327037,0.6695879668025507,10.793993304956887,-1.1045626717987225,1
227,38914.71141975308,69.48476403316349,2.397837053016054,0.03462363271729478,2.6567530685456298,1.681459151387409,0.6245308027561559,48845.06481481482,67.73327346483738,2.7261671638883804,0.04057200395845017,4.106205673309029,2.8191868504283057,0.6677363644327937,8065_8055,4.0,3.5,0.5,200,2,16,1,200,1,200,0,1,199,16,528,FL-528 W,W,Freeway,0.680578221173,0.0,8065,8055,S,3,65863,4,15,23000,65863,70,79,70.0,0.011185967621,1,43879.88811728395,68.60901874900043,2.5620021084522175,0.03759781833787247,3.3814793709273294,2.2503230009078576,0.6461335835944748,10.68921136464307,-0.3848125168792792,0
228,27019.359375,67.4867319173409,2.9854698323501734,0.044839577009799736,2.523717569042856,1.733393381473262,0.6766624650564705,27299.628086419754,77.58463402813607,3.0013021730114056,0.03947638492265505,3.7036617688767453,2.5213943754400354,0.6770699171027126,8091_5943,20.0,15.5,4.5,214,2,30,1,214,1,214,0,1,213,30,528,FL-528 W,W,Freeway,1.95874020406,0.0,8091,5943,W,2,99999,4,528,51210,99999,70,40,70.0,0.0321961426427,0,27159.493730709877,72.53568297273848,2.9933860026807895,0.042157980966227394,3.1136896689598004,2.127393878456649,0.6768661910795916,10.209481941245214,0.6723015135575279,0
229,,,,,,,,34681.392581143744,68.83950866308236,2.5792942025609094,0.037739903876014835,3.076612044336456,1.943351433346542,0.6327348498805547,8097_6953,9.5,6.5,3.0,208,2,24,1,208,1,208,0,1,207,24,528,FL-528 W,W,Freeway,2.31971979501,0.0,8097,6953,W,2,99999,4,528,60096,99999,70,65,70.0,0.0381286205206,0,34681.392581143744,68.83950866308236,2.5792942025609094,0.037739903876014835,3.076612044336456,1.943351433346542,0.6327348498805547,10.453958585253902,0.8414464003710361,0
230,29113.08219178082,75.51024639420612,3.609953385594824,0.048881890737509634,3.8434030981277436,2.7644508490672366,0.7121238930879277,,,,,,,,8099_8097,5.0,4.5,0.5,207,2,23,1,207,1,207,0,1,206,23,528,FL-528 W,W,Freeway,0.663365749511,0.0,8099,8097,W,2,99999,4,528,60096,99999,70,59,70.0,0.010903681191,0,29113.08219178082,75.51024639420612,3.609953385594824,0.048881890737509634,3.8434030981277436,2.7644508490672366,0.7121238930879277,10.27894291199284,-0.41042878251619247,0
231,29986.52160493828,71.33961560686694,3.989707716980476,0.05655464185896236,3.1112106461548303,2.1171895072820583,0.67063725798489,27861.70743034056,71.8556825697589,3.8847598536923726,0.05648607254606972,4.0002488385614505,2.974076257479828,0.7976498014385189,8112_6073,7.5,6.5,1.0,209,2,25,1,209,1,209,0,1,208,25,528,FL-528 W,W,Freeway,0.229158921073,0.0,8112,6073,W,2,99999,4,528,51210,99999,70,48,70.0,0.0037664762288000006,0,28924.11451763942,71.59764908831292,3.9372337853364243,0.05652035720251604,3.5557297423581407,2.545632882380943,0.7341435297117045,10.272430938547114,-1.4733395376348997,0
232,48063.51321928461,65.71212630486444,2.7153267635452347,0.0415371625892948,3.549111907762425,2.4348741075304616,0.6706891790450412,44711.217054263565,67.61172135632764,3.713649439915331,0.05538131124835943,3.975426744489277,2.945386928137573,0.7191303454611128,8172_8180,3.5,2.5,1.0,196,2,12,1,196,1,196,0,1,195,12,528,FL-528 W,W,Freeway,0.309585350742,0.0,8172,8180,W,2,65863,7,528,89199,65863,70,39,70.0,0.00507540943606,1,46387.36513677408,66.66192383059604,3.214488101730283,0.048459236918827114,3.762269326125851,2.6901305178340174,0.694909762253077,10.744782398046365,-1.1725214551108427,1
233,45142.84872611465,55.43265202915072,6.134847349938643,0.11349085713899207,6.533005469934825,4.977765790986337,0.7235055305537601,45757.19598765432,62.701964189490795,5.856895951079916,0.09490678422266564,8.038686844263896,5.237221886464462,0.6401854025391079,8199_6602,2.0,1.0,1.0,190,2,6,1,190,1,190,0,1,189,6,528,FL-528 W,W,Freeway,0.174025220088,0.0,8199,6602,W,2,65863,4,528,78462,65863,55,60,55.0,0.00286037747621,1,45450.02235688448,59.067308109320756,5.9958716505092795,0.10419882068082886,7.2858461570993605,5.107493838725399,0.681845466546434,10.724368591506153,-1.748555047236352,0
234,53744.287037037044,59.79778942639536,2.99882104779858,0.0504826899565772,4.547996411249828,2.4680256249414003,0.5441862610501517,54496.19474497682,61.905316596880255,2.626695960731181,0.04262729705002806,2.9890541043441954,1.5360418190564027,0.5139225502932173,8336_11452,4.0,2.5,1.5,189,2,5,1,189,1,189,0,1,188,5,528,FL-528 W,W,Freeway,0.450708500052,0.0,8336,11452,W,2,65863,6,528,80539,65863,55,57,55.0,0.00740280617138,1,54120.240891006935,60.851553011637805,2.8127585042648806,0.046554993503302625,3.7685252577970116,2.0020337219989015,0.5290544056716845,10.898963533328162,-0.7969344897961913,1
235,53872.323529411755,61.55686133300662,2.7086522750150857,0.04433833833506464,4.465544262466722,2.4003623843556667,0.5352392500878316,53744.287037037044,59.79778942639536,2.99882104779858,0.0504826899565772,4.547996411249828,2.4680256249414003,0.5441862610501517,8344_8336,2.0,1.5,0.5,188,2,4,1,188,1,188,0,1,187,4,528,FL-528 W,W,Freeway,0.232467719765,0.0,8344,8336,W,2,65863,6,528,63500,65863,55,57,55.0,0.00381971307874,1,53808.3052832244,60.67732537970099,2.853736661406833,0.04741051414582092,4.506770336858275,2.4341940046485337,0.5397127555689916,10.893183107529678,-1.4590039033142823,1
