,day,VolumeUp,AvgSpeedUp,StdSpeedUp,CoefOfVarSpeedUp,AvgOccupancyUp,StdOccupancyUp,CoefOfVarOccupancyUp,VolumeDown,AvgSpeedDown,StdSpeedDown,CoefOfVarSpeedDown,AvgOccupancyDown,StdOccupancyDown,CoefOfVarOccupancyDown,SegmentId,TotalCrashes,OCrashes,KABCCrashes,OBJECTID_1,Join_Count,TARGET_FID,Join_Cou_1,TARGET_F_1,Join_Cou_2,TARGET_F_2,OBJECTID_2,Join_Cou_3,TARGET_F_3,OBJECTID,RoadNumber,RouteId,Direction,Roadtype,Miles,Shape_Le_1,UpStationId,DownStationId,Direction_,F_System,Urban_Code,ThruLanes,Route_Numb,AADT,Urban_Co_1,Speed_Limi,IRI,SpeedLimit,Shape_Le_2,RuralUrban,AvgVolume,AvgSpeed,StdSpeed,CoefOfVarSpeed,AvgOccupancy,StdOccupancy,CoefOfVarOccupancy,LogVolume,LogSegLength,LaneNumber
0,0,46281.882978723406,61.284067097368094,5.716356912676012,0.09423534920880178,3.9595137409667145,4.802686991658148,1.1421115420278007,93244.95698924732,64.43893091690411,7.206264414543699,0.11305153276717418,5.837510827775104,6.8920371704973125,1.1335854125541855,5905_6014,0.5,0.5,0.0,253,2,14,1,253,1,253,0,1,252,14,408,E West Expy E,E,Freeway,0.427382923572,0.0,5905,6014,E,2,65863,6,408,66500,65863,65,86,65.0,0.00691155769553,1,69763.41998398537,62.8614990071361,6.461310663609856,0.10364344098798797,4.898512284370909,5.84736208107773,1.1378484772909931,11.152865082380966,-0.8500748911021124,1
1,1,48103.26041666666,60.50575728546798,7.049895072673628,0.11820011956437948,4.490291009341732,6.063873300812187,1.2597931522894663,93099.3125,63.54929033844487,8.51058071566216,0.13594794322969708,6.427513461115191,7.983855377643416,1.1928943782268384,5905_6014,2.0,1.5,0.5,253,2,14,1,253,1,253,0,1,252,14,408,E West Expy E,E,Freeway,0.427382923572,0.0,5905,6014,E,2,65863,6,408,66500,65863,65,86,65.0,0.00691155769553,1,70601.28645833333,62.02752381195643,7.780237894167894,0.12707403139703827,5.458902235228461,7.023864339227801,1.2263437652581524,11.164803645104742,-0.8500748911021124,1
2,2,49037.15789473683,60.508736080130866,6.876983283514688,0.11493180243137956,4.440175462570293,5.665918939230869,1.2163473370705449,97453.95789473684,63.386927385973365,8.579007458558236,0.1373728392742441,6.5856127272054685,7.9356085663167635,1.161762546538679,5905_6014,0.5,0.5,0.0,253,2,14,1,253,1,253,0,1,252,14,408,E West Expy E,E,Freeway,0.427382923572,0.0,5905,6014,E,2,65863,6,408,66500,65863,65,86,65.0,0.00691155769553,1,73245.55789473683,61.94783173305211,7.727995371036462,0.12615232085281183,5.512894094887881,6.8007637527738165,1.189054941804612,11.201572881965182,-0.8500748911021124,1
3,3,49209.62222222221,60.58143294384062,6.765053931629715,0.11296109609040995,4.4504853373162225,5.577279870287208,1.1883749976494442,94481.04444444443,63.523552249387606,8.440482233520354,0.13460110106214948,6.558335040628982,7.764280877196947,1.1418529447834571,5905_6014,0.0,0.0,0.0,253,2,14,1,253,1,253,0,1,252,14,408,E West Expy E,E,Freeway,0.427382923572,0.0,5905,6014,E,2,65863,6,408,66500,65863,65,86,65.0,0.00691155769553,1,71845.33333333331,62.052492596614115,7.602768082575034,0.12378109857627972,5.504410188972603,6.670780373742078,1.1651139712164507,11.18227093927024,-0.8500748911021124,1
4,4,51460.765957446805,61.48504460995088,4.609279830676125,0.07594607883565277,4.077095931232021,3.872660748127148,0.9067947796919756,100902.59574468085,64.51496436673898,6.1748202591064345,0.09735337770988983,6.132020479037787,5.930814746230799,0.9304294726122222,5905_6014,0.5,0.5,0.0,253,2,14,1,253,1,253,0,1,252,14,408,E West Expy E,E,Freeway,0.427382923572,0.0,5905,6014,E,2,65863,6,408,66500,65863,65,86,65.0,0.00691155769553,1,76181.68085106382,63.00000448834493,5.392050044891279,0.0866497282727713,5.104558205134904,4.901737747178974,0.918612126152099,11.240876303993225,-0.8500748911021124,1
5,5,39700.3152173913,63.23159243746978,2.2324422818478094,0.03555786846591392,2.554102204621805,1.6038640045582682,0.6191158019580019,80212.69565217392,66.94828528434164,2.232459590638511,0.033705346152933593,3.7558293840850574,2.3095073775941812,0.6123285872053387,5905_6014,0.0,0.0,0.0,253,2,14,1,253,1,253,0,1,252,14,408,E West Expy E,E,Freeway,0.427382923572,0.0,5905,6014,E,2,65863,6,408,66500,65863,65,86,65.0,0.00691155769553,1,59956.50543478261,65.0899388609057,2.2324509362431604,0.03463160730942376,3.1549657943534313,1.9566856910762247,0.6157221945816702,11.001374668910067,-0.8500748911021124,1
6,6,31364.16091954023,63.5056856405999,2.2888790959444525,0.03618591573059569,1.896786005494105,1.2654338079270817,0.6654458625725971,65035.17241379309,67.36743627018278,2.2166389181466166,0.03304613781085649,2.7974513069789237,1.8869050523717463,0.6727658486168572,5905_6014,0.0,0.0,0.0,253,2,14,1,253,1,253,0,1,252,14,408,E West Expy E,E,Freeway,0.427382923572,0.0,5905,6014,E,2,65863,6,408,66500,65863,65,86,65.0,0.00691155769553,1,48199.66666666666,65.43656095539134,2.2527590070455346,0.03461602677072609,2.3471186562365145,1.576169430149414,0.6691058555947271,10.783107384385456,-0.8500748911021124,1
7,0,49493.82417582418,65.44741019564874,5.216903800531696,0.08026743216710211,5.534263607225953,4.987193746260991,0.8816713911853844,49329.967741935485,62.60072003236123,4.883869339301299,0.07880676154688825,4.079417607712683,3.856085982323612,0.9130312984054644,6011_8219,1.0,0.5,0.5,261,2,22,1,261,1,261,0,1,260,22,408,E West Expy E,E,Freeway,0.26447248069400003,0.0,6011,8219,E,2,65863,6,408,66500,65863,65,55,65.0,0.0042867675845,1,49411.89595887983,64.02406511400498,5.050386569916498,0.07953709685699517,4.806840607469319,4.421639864292302,0.8973513447954244,10.807946483070415,-1.3300180758414062,1
8,1,50824.968085106375,64.43868515461904,6.615109332545524,0.10379812983498336,6.078728607148441,5.738834233327661,0.9271496668161948,51315.38947368421,61.501869100044956,6.7699209822329465,0.11168499970814366,4.640386588878664,5.008604620420144,1.0381574831065028,6011_8219,1.0,1.0,0.0,261,2,22,1,261,1,261,0,1,260,22,408,E West Expy E,E,Freeway,0.26447248069400003,0.0,6011,8219,E,2,65863,6,408,66500,65863,65,55,65.0,0.0042867675845,1,51070.1787793953,62.970277127332,6.692515157389235,0.10774156477156352,5.359557598013552,5.373719426873903,0.9826535749613488,10.840956020309056,-1.3300180758414062,1
9,2,52421.91397849462,64.05595374364884,7.0965106271011065,0.1122089066886906,6.35677288989652,6.00564126694443,0.9254452715228554,51857.852631578935,61.32108204825585,7.133966061753294,0.1179615289209851,4.830354921761623,5.142518910745427,1.0239542736345564,6011_8219,1.0,1.0,0.0,261,2,22,1,261,1,261,0,1,260,22,408,E West Expy E,E,Freeway,0.26447248069400003,0.0,6011,8219,E,2,65863,6,408,66500,65863,65,55,65.0,0.0042867675845,1,52139.883305036776,62.688517895952344,7.1152383444272,0.11508521780483785,5.593563905829072,5.574080088844928,0.9746997725787059,10.861685449376756,-1.3300180758414062,1
10,3,51958.05617977528,64.02460959866488,7.268282983520124,0.11480852619961784,6.381733658307698,5.953125460270632,0.9123139769186768,52426.3,61.07185521622504,7.59348031133507,0.12593729802495926,4.951710677300713,5.338776809501303,1.0385288965190222,6011_8219,1.0,0.5,0.5,261,2,22,1,261,1,261,0,1,260,22,408,E West Expy E,E,Freeway,0.26447248069400003,0.0,6011,8219,E,2,65863,6,408,66500,65863,65,55,65.0,0.0042867675845,1,52192.178089887646,62.54823240744496,7.430881647427597,0.12037291211228855,5.666722167804205,5.6459511348859674,0.9754214367188495,10.862687917621534,-1.3300180758414062,1
11,4,54356.47826086957,64.94755386655957,5.39626945518758,0.08479300720288215,6.208377996721982,4.996908384548835,0.7827252856254142,54599.2340425532,62.182340463479136,5.2704481012510325,0.08636210379669018,4.588637167846841,4.054780241185832,0.8410829667170909,6011_8219,1.0,0.5,0.5,261,2,22,1,261,1,261,0,1,260,22,408,E West Expy E,E,Freeway,0.26447248069400003,0.0,6011,8219,E,2,65863,6,408,66500,65863,65,55,65.0,0.0042867675845,1,54477.856151711385,63.564947165019355,5.333358778219306,0.08557755549978616,5.398507582284411,4.525844312867333,0.8119041261712525,10.905549588942499,-1.3300180758414062,1
12,5,41325.53333333333,67.68536761945026,2.4080896926832183,0.035840252878514965,3.8719115396692088,2.3638272029344893,0.6012760895537391,41686.27173913043,64.71030153484533,2.372722876946459,0.03701619226092395,2.8342100963867765,1.7967941585177605,0.6090041849495628,6011_8219,0.0,0.0,0.0,261,2,22,1,261,1,261,0,1,260,22,408,E West Expy E,E,Freeway,0.26447248069400003,0.0,6011,8219,E,2,65863,6,408,66500,65863,65,55,65.0,0.0042867675845,1,41505.90253623188,66.1978345771478,2.390406284814839,0.03642822256971946,3.3530608180279926,2.080310680726125,0.605140137251651,10.633590925893813,-1.3300180758414062,1
13,6,32841.623529411765,68.21059413408689,2.3028863110375712,0.033857591047021594,2.8583167785060617,1.8106374422997715,0.6325154690361513,32427.597701149425,65.33899867627021,2.131571451713619,0.03273579110948361,2.0759364206545983,1.3475532996051387,0.6410565262556225,6011_8219,0.5,0.5,0.0,261,2,22,1,261,1,261,0,1,260,22,408,E West Expy E,E,Freeway,0.26447248069400003,0.0,6011,8219,E,2,65863,6,408,66500,65863,65,55,65.0,0.0042867675845,1,32634.610615280595,66.77479640517855,2.217228881375595,0.0332966910782526,2.4671265995803298,1.5790953709524551,0.636785997645887,10.39312867949149,-1.3300180758414062,1
14,0,41308.643678160915,68.72278673661708,3.2476927875871318,0.047687157767665085,2.824135473432892,2.7037306059791213,0.9285045543789692,41931.82795698925,66.39166951094046,3.0317937116038736,0.04603363836618166,3.5059321260659786,3.0788513566106235,0.8589134961460245,6068_8208,1.5,1.0,0.5,251,2,12,1,251,1,251,0,1,250,12,408,E West Expy E,E,Freeway,0.252460012189,0.0,6068,8208,E,2,65863,6,408,73500,65863,65,67,65.0,0.0041405043817800006,1,41620.235817575085,67.55722812377877,3.1397432495955027,0.046860398066923374,3.1650337997494353,2.8912909812948726,0.8937090252624968,10.63634176589926,-1.376502410376507,1
15,1,42926.066666666666,68.33026315721727,3.8820894706011297,0.05728835711631468,3.0092279829488606,2.8737381823628483,0.9312277314667966,43292.642105263156,65.80571730001887,4.040851767033455,0.06213556203312352,3.766903164309359,3.594683001712748,0.9261734750601788,6068_8208,1.5,1.5,0.0,251,2,12,1,251,1,251,0,1,250,12,408,E West Expy E,E,Freeway,0.252460012189,0.0,6068,8208,E,2,65863,6,408,73500,65863,65,67,65.0,0.0041405043817800006,1,43109.35438596491,67.06799022861807,3.961470618817293,0.0597119595747191,3.3880655736291097,3.2342105920377984,0.9287006032634877,10.671495291659772,-1.376502410376507,1
16,2,43962.8,68.29020468489277,3.6231898836348257,0.05338089776667887,3.0276972039371244,2.7450845361813045,0.8919064138183102,44532.70212765958,65.79267593795312,3.7032292242184974,0.05674275659699074,3.8194723296650235,3.4273763974429787,0.8826287665265921,6068_8208,3.0,2.0,1.0,251,2,12,1,251,1,251,0,1,250,12,408,E West Expy E,E,Freeway,0.252460012189,0.0,6068,8208,E,2,65863,6,408,73500,65863,65,67,65.0,0.0041405043817800006,1,44247.75106382979,67.04144031142295,3.6632095539266616,0.055061827181834805,3.423584766801074,3.0862304668121414,0.8872675901724512,10.697559825728247,-1.376502410376507,1
17,3,44075.38372093024,68.4317711523898,3.446725494091566,0.050729489789732816,3.0362181338712326,2.7164225904480195,0.8797659202494371,44404.888888888876,65.94753176886597,3.622841924291999,0.05538022598316653,3.84553454179436,3.409547852798529,0.8710003590252247,6068_8208,1.0,1.0,0.0,251,2,12,1,251,1,251,0,1,250,12,408,E West Expy E,E,Freeway,0.252460012189,0.0,6068,8208,E,2,65863,6,408,73500,65863,65,67,65.0,0.0041405043817800006,1,44240.13630490955,67.18965146062789,3.5347837091917826,0.053054857886449674,3.4408763378327962,3.0629852216232742,0.8753831396373308,10.697387717224688,-1.376502410376507,1
18,4,45665.56043956044,68.88861831075376,2.4749765415743465,0.03611564491421579,3.0394035483045583,2.14384397270864,0.7080009970121021,46716.54255319149,66.45975175908642,2.443551714122876,0.03697718496233969,3.7887925953514934,2.6460112267918743,0.6971934390864738,6068_8208,0.0,0.0,0.0,251,2,12,1,251,1,251,0,1,250,12,408,E West Expy E,E,Freeway,0.252460012189,0.0,6068,8208,E,2,65863,6,408,73500,65863,65,67,65.0,0.0041405043817800006,1,46191.05149637596,67.67418503492009,2.4592641278486114,0.03654641493827774,3.414098071828026,2.394927599750257,0.7025972180492879,10.740541367754759,-1.376502410376507,1
19,5,35834.45977011494,70.04612243707864,2.5736045890584616,0.03702915539376106,2.0592696157733563,1.3904234362246972,0.6677322933460647,35693.369565217385,67.41473211853035,2.337492048245339,0.03495956734389799,2.6063533958091227,1.5936473426185165,0.6076911478142634,6068_8208,1.0,0.5,0.5,251,2,12,1,251,1,251,0,1,250,12,408,E West Expy E,E,Freeway,0.252460012189,0.0,6068,8208,E,2,65863,6,408,73500,65863,65,67,65.0,0.0041405043817800006,1,35763.91466766616,68.7304272778045,2.4555483186519003,0.035994361368829525,2.3328115057912395,1.492035389421607,0.637711720580164,10.484694693868304,-1.376502410376507,1
20,6,27977.060975609755,70.35151716176382,2.515269836909761,0.035812537187742965,1.4928271474945156,1.0516665803488028,0.7064223745419833,28145.22988505747,67.7967731846101,2.23900701395014,0.033109554472267134,1.9247395673039136,1.24851920024252,0.6474682065190137,6068_8208,0.5,0.0,0.5,251,2,12,1,251,1,251,0,1,250,12,408,E West Expy E,E,Freeway,0.252460012189,0.0,6068,8208,E,2,65863,6,408,73500,65863,65,67,65.0,0.0041405043817800006,1,28061.145430333614,69.07414517318696,2.3771384254299504,0.034461045830005047,1.7087833573992146,1.1500928902956615,0.6769452905304985,10.242141173576465,-1.376502410376507,1
21,0,61121.617021276594,71.23496583407092,3.7279631768102455,0.0526875332331403,4.34088963408496,3.679802640498514,0.8322936440629357,61967.414893617024,67.61434427614275,3.3594215409398185,0.04997713135960147,4.270820984678991,3.652931366392768,0.8415079841906992,6218_6235,1.0,1.0,0.0,281,2,42,1,281,1,281,0,1,280,42,408,E West Expy E,E,Freeway,0.120153933304,0.0,6218,6235,E,2,65863,8,408,128500,65863,65,102,65.0,0.00197655978496,1,61544.51595744681,69.42465505510683,3.543692358875032,0.05133233229637088,4.305855309381975,3.666367003445641,0.8369008141268175,11.027516028657619,-2.118981580722923,2
22,1,63327.72631578947,70.7117501273066,4.127598263189234,0.05889556926891325,4.513393715734897,3.9130243305461385,0.8510993280191654,63833.96875,67.16261040796847,3.597690992283116,0.053921746817943435,4.4093814081269,3.7893802083677137,0.8478686690783982,6218_6235,0.0,0.0,0.0,281,2,42,1,281,1,281,0,1,280,42,408,E West Expy E,E,Freeway,0.120153933304,0.0,6218,6235,E,2,65863,8,408,128500,65863,65,102,65.0,0.00197655978496,1,63580.84753289474,68.93718026763753,3.862644627736175,0.056408658043428345,4.4613875619308985,3.851202269456926,0.8494839985487819,11.06006756455674,-2.118981580722923,2
23,2,63848.063157894736,70.72834592284973,3.926931405815977,0.05601990933423438,4.602577106851824,3.814497148006772,0.8173580491845793,64713.54736842105,67.12455737230526,3.4867021542821437,0.05233222356910517,4.5186635230381125,3.77049119881098,0.8233931398027095,6218_6235,0.0,0.0,0.0,281,2,42,1,281,1,281,0,1,280,42,408,E West Expy E,E,Freeway,0.120153933304,0.0,6218,6235,E,2,65863,8,408,128500,65863,65,102,65.0,0.00197655978496,1,64280.80526315789,68.9264516475775,3.7068167800490603,0.05417606645166978,4.560620314944968,3.792494173408876,0.8203755944936444,11.07101634720232,-2.118981580722923,2
24,3,64521.63333333332,70.78260692750193,3.957654208644766,0.05650600651125527,4.639652420635486,3.8167779262450647,0.8052924244614404,65122.555555555555,67.15772816553283,3.6718749874813534,0.055244469163091635,4.58855282779926,3.8320537494780376,0.8185697826712646,6218_6235,0.5,0.5,0.0,281,2,42,1,281,1,281,0,1,280,42,408,E West Expy E,E,Freeway,0.120153933304,0.0,6218,6235,E,2,65863,8,408,128500,65863,65,102,65.0,0.00197655978496,1,64822.09444444443,68.97016754651739,3.81476459806306,0.05587523783717345,4.614102624217374,3.824415837861551,0.8119311035663526,11.079401787874305,-2.118981580722923,2
25,4,65529.86170212767,71.35732385970731,2.7878810456233225,0.03927797114222202,4.5068560970915685,3.217446710855038,0.7076019744860693,66063.81914893616,67.64257238403546,2.6521269920766155,0.03939407141186326,4.460051989093972,3.2673498927046114,0.7250035109489383,6218_6235,0.5,0.0,0.5,281,2,42,1,281,1,281,0,1,280,42,408,E West Expy E,E,Freeway,0.120153933304,0.0,6218,6235,E,2,65863,8,408,128500,65863,65,102,65.0,0.00197655978496,1,65796.84042553192,69.49994812187138,2.720004018849969,0.03933602127704264,4.48345404309277,3.242398301779825,0.7163027427175038,11.094327098311457,-2.118981580722923,2
26,5,48991.130434782615,73.0011038138945,2.174550551485882,0.029936409104575838,3.01899153357772,1.5731102448740617,0.5090566366458887,49633.489130434784,69.2580386657592,2.0697723237822863,0.03003739418445693,2.954437550663607,1.6156877994335133,0.5360317606678925,6218_6235,0.0,0.0,0.0,281,2,42,1,281,1,281,0,1,280,42,408,E West Expy E,E,Freeway,0.120153933304,0.0,6218,6235,E,2,65863,8,408,128500,65863,65,102,65.0,0.00197655978496,1,49312.3097826087,71.12957123982684,2.122161437634084,0.029986901644516385,2.9867145421206636,1.5943990221537874,0.5225441986568906,10.805929020193895,-2.118981580722923,2
27,6,41256.6091954023,73.3712657426565,2.2787064734207294,0.03128147219444976,2.427992631696241,1.3510180101031806,0.5526930500718201,41981.06896551724,69.69296919756832,2.1176887175882597,0.03051679590221085,2.3643402340046613,1.3697252620383116,0.5783278512294407,6218_6235,1.0,0.5,0.5,281,2,42,1,281,1,281,0,1,280,42,408,E West Expy E,E,Freeway,0.120153933304,0.0,6218,6235,E,2,65863,8,408,128500,65863,65,102,65.0,0.00197655978496,1,41618.83908045977,71.53211747011241,2.1981975955044946,0.030899134048330307,2.396166432850451,1.360371636070746,0.5655104506506304,10.636308206249128,-2.118981580722923,2
28,0,34245.021276595755,68.33276897957406,3.1671831181775474,0.04668889204460608,5.760748727929608,4.294362628963956,0.7435252112039046,37548.734042553195,66.91328017943803,2.917286979274392,0.048934170758243016,3.8046713906017535,2.6903426253398304,0.7064116525908369,6225_8114,0.5,0.0,0.5,240,2,1,1,240,1,240,0,1,239,1,408,E West Expy E,E,Freeway,0.262477307822,0.0,6225,8114,E,2,65863,4,408,51146,65863,55,90,55.0,0.00425177483443,1,35896.87765957447,67.62302457950605,3.0422350487259697,0.04781153140142455,4.78271005926568,3.4923526271518934,0.7249684318973708,10.48840559742307,-1.3375906470795442,0
29,1,35266.621052631584,67.90060323636055,3.3473526911945144,0.04972842604671501,5.9569718024994875,4.4857587453252625,0.7509657172272316,38835.231578947365,66.98566898616123,3.092839107993198,0.048585212931938335,3.8899286197526894,2.7765328371934217,0.7128944436569002,6225_8114,0.0,0.0,0.0,240,2,1,1,240,1,240,0,1,239,1,408,E West Expy E,E,Freeway,0.262477307822,0.0,6225,8114,E,2,65863,4,408,51146,65863,55,90,55.0,0.00425177483443,1,37050.926315789475,67.44313611126088,3.220095899593856,0.049156819489326674,4.923450211126088,3.631145791259342,0.7319300804420659,10.520048632187388,-1.3375906470795442,0
30,2,36074.02127659576,67.88107521531866,3.4007665379189924,0.05044890115661913,6.124297925619199,4.550711641315343,0.7415036253082954,39816.82795698925,67.12940360021052,2.8771920991022952,0.04310460531754995,4.002329182952061,2.8229362708042984,0.7044630762748272,6225_8114,0.5,0.5,0.0,240,2,1,1,240,1,240,0,1,239,1,408,E West Expy E,E,Freeway,0.262477307822,0.0,6225,8114,E,2,65863,4,408,51146,65863,55,90,55.0,0.00425177483443,1,37945.4246167925,67.50523940776459,3.1389793185106436,0.04677675323708454,5.06331355428563,3.6868239560598206,0.7229833507915613,10.54390421209804,-1.3375906470795442,0
31,3,36173.833333333336,67.92602808935786,3.2061663631313415,0.047738374966624274,6.181113268292863,4.469460319974421,0.7213234414642454,39761.022222222215,67.10169684461319,2.8693372826137686,0.04313202590495183,4.068418976013732,2.7676153207681797,0.6802918299107485,6225_8114,0.0,0.0,0.0,240,2,1,1,240,1,240,0,1,239,1,408,E West Expy E,E,Freeway,0.262477307822,0.0,6225,8114,E,2,65863,4,408,51146,65863,55,90,55.0,0.00425177483443,1,37967.427777777775,67.51386246698553,3.037751822872555,0.04543520043578805,5.124766122153298,3.6185378203713006,0.700807635687497,10.544483907390928,-1.3375906470795442,0
32,4,38439.478723404245,68.06477251976544,3.0705120826657764,0.045281072206320105,6.400585652210263,4.264658126587959,0.6662398043503539,42083.54255319149,67.25500307516553,2.6773966895214847,0.03994261040407807,4.228853429686292,2.6922008539168893,0.6369400742141361,6225_8114,0.0,0.0,0.0,240,2,1,1,240,1,240,0,1,239,1,408,E West Expy E,E,Freeway,0.262477307822,0.0,6225,8114,E,2,65863,4,408,51146,65863,55,90,55.0,0.00425177483443,1,40261.51063829787,67.65988779746549,2.8739543860936303,0.042611841305199086,5.3147195409482775,3.4784294902524238,0.6515899392822451,10.603151220553878,-1.3375906470795442,0
33,5,30312.054347826088,69.69402218847246,2.6788475235108686,0.038671857583402,4.5397030609138245,2.8751038645001303,0.6318511543213144,32644.08695652174,68.81656029910931,2.2938054789178075,0.033443210933517695,3.161353766011498,1.9262225424513943,0.6054088272944781,6225_8114,0.0,0.0,0.0,240,2,1,1,240,1,240,0,1,239,1,408,E West Expy E,E,Freeway,0.262477307822,0.0,6225,8114,E,2,65863,4,408,51146,65863,55,90,55.0,0.00425177483443,1,31478.070652173912,69.25529124379088,2.486326501214338,0.036057534258459846,3.850528413462661,2.4006632034757622,0.6186299908078963,10.357046412602767,-1.3375906470795442,0
34,6,24127.919540229886,70.41122618549406,2.8437207967987037,0.04046884415448762,3.446561124771697,2.341591380665967,0.678743207271247,25859.988372093023,69.66796658243766,2.5104547034368,0.036182542893495,2.4751968689006176,1.6525288975321908,0.6658983886246219,6225_8114,0.0,0.0,0.0,240,2,1,1,240,1,240,0,1,239,1,408,E West Expy E,E,Freeway,0.262477307822,0.0,6225,8114,E,2,65863,4,408,51146,65863,55,90,55.0,0.00425177483443,1,24993.953956161455,70.03959638396586,2.677087750117752,0.03832569352399131,2.9608789968361573,1.9970601390990788,0.6723207979479344,10.126389232848364,-1.3375906470795442,0
35,0,71766.29787234042,66.35722486850177,2.29411487034094,0.03474270980883909,4.015770454225468,2.8952072232344754,0.7163730069990915,77971.24175824175,63.88326264141241,2.3629659723515086,0.03713229522368048,3.369770144134196,2.486750602368433,0.731341373334019,6227_8355,3.0,2.5,0.5,274,2,35,1,274,1,274,0,1,273,35,408,E West Expy E,E,Freeway,0.3034056567,0.0,6227,8355,E,2,65863,10,408,137874,65863,55,154,55.0,0.00499103782101,1,74868.76981529109,65.12024375495709,2.3285404213462244,0.03593750251625978,3.692770299179832,2.6909789128014543,0.7238571901665553,11.223492124146654,-1.192684567877633,2
36,1,73583.46875,65.9788990382328,2.755521376257524,0.04205171148974096,4.1734331158797175,3.1679467228660383,0.7495908867286585,79724.42105263157,63.38761419778331,2.8215461877544343,0.044867780479077066,3.5594084376871065,2.7730925082902265,0.7665602544532724,6227_8355,1.0,0.5,0.5,274,2,35,1,274,1,274,0,1,273,35,408,E West Expy E,E,Freeway,0.3034056567,0.0,6227,8355,E,2,65863,10,408,137874,65863,55,154,55.0,0.00499103782101,1,76653.94490131579,64.68325661800804,2.7885337820059792,0.043459745984409014,3.866420776783412,2.9705196155781324,0.7580755705909654,11.247056349398516,-1.192684567877633,2
37,2,74424.21052631579,65.857072971653,2.8837829307862246,0.044155254646151935,4.278401844584817,3.2295437970724445,0.7430164420802376,79986.34736842105,63.37951344790505,2.7579504003127444,0.04382834053273408,3.6145925788580073,2.7400029602889235,0.7465753139861686,6227_8355,1.5,1.0,0.5,274,2,35,1,274,1,274,0,1,273,35,408,E West Expy E,E,Freeway,0.3034056567,0.0,6227,8355,E,2,65863,10,408,137874,65863,55,154,55.0,0.00499103782101,1,77205.27894736841,64.61829320977903,2.8208666655494845,0.04399179758944301,3.946497211721412,2.984773378680684,0.7447958780332031,11.254223113822311,-1.192684567877633,2
38,3,75087.98888888888,66.01732924712458,2.358814835145153,0.03595539367014754,4.264162156538323,3.008238266142009,0.6996023173035457,81307.10112359551,63.488787406067495,2.4801745506825688,0.03924556821264731,3.6180287788744576,2.6161730829574794,0.7155778641244318,6227_8355,2.5,2.0,0.5,274,2,35,1,274,1,274,0,1,273,35,408,E West Expy E,E,Freeway,0.3034056567,0.0,6227,8355,E,2,65863,10,408,137874,65863,55,154,55.0,0.00499103782101,1,78197.5450062422,64.75305832659603,2.4194946929138608,0.037600480941397424,3.9410954677063907,2.812205674549744,0.7075900907139887,11.266993532258539,-1.192684567877633,2
39,4,76279.77659574468,66.16585090285818,2.399609029013505,0.03658098933976517,4.277003032399322,2.809497628303516,0.6535498692089801,81801.27659574468,63.61780230850804,2.336117786416487,0.036908404618758536,3.5663110251944827,2.38699147265926,0.6667327748880744,6227_8355,2.5,2.0,0.5,274,2,35,1,274,1,274,0,1,273,35,408,E West Expy E,E,Freeway,0.3034056567,0.0,6227,8355,E,2,65863,10,408,137874,65863,55,154,55.0,0.00499103782101,1,79040.52659574468,64.89182660568311,2.367863407714996,0.03674469697926185,3.9216570287969024,2.598244550481388,0.6601413220485273,11.27771599479511,-1.192684567877633,2
40,5,58145.086956521736,67.54077443860112,2.339367861802502,0.03473728313575278,2.909496422945532,1.4423023862012658,0.4957183416336642,63235.655555555546,64.89537813507982,1.9990888418145225,0.03086824966105117,2.4517147505468224,1.2232782283199608,0.4985845197990848,6227_8355,1.0,1.0,0.0,274,2,35,1,274,1,274,0,1,273,35,408,E West Expy E,E,Freeway,0.3034056567,0.0,6227,8355,E,2,65863,10,408,137874,65863,55,154,55.0,0.00499103782101,1,60690.37125603864,66.21807628684047,2.1692283518085125,0.032802766398401975,2.680605586746177,1.3327903072606133,0.49715143071637447,11.013540336063434,-1.192684567877633,2
41,6,49746.67816091954,67.98320767694521,2.429369874362838,0.03580135077402877,2.3634215142291137,1.2970476061824274,0.5476106481457012,53566.235294117636,65.4211754641321,2.0072088577512366,0.030731011412884618,1.9941727690784776,1.084821220929184,0.5438362674523254,6227_8355,1.0,0.5,0.5,274,2,35,1,274,1,274,0,1,273,35,408,E West Expy E,E,Freeway,0.3034056567,0.0,6227,8355,E,2,65863,10,408,137874,65863,55,154,55.0,0.00499103782101,1,51656.456727518584,66.70219157053866,2.2182893660570375,0.03326618109345669,2.1787971416537957,1.1909344135558058,0.5457234577990133,10.852370475980058,-1.192684567877633,2
42,0,61967.414893617024,67.61434427614275,3.3594215409398185,0.04997713135960147,4.270820984678991,3.652931366392768,0.8415079841906992,67097.91489361702,66.34516052171155,3.1851417367847663,0.04824793301361584,4.0194539754584175,3.2360451578725704,0.7928187117524474,6235_6881,1.0,0.5,0.5,279,2,40,1,279,1,279,0,1,278,40,408,E West Expy E,E,Freeway,0.338968050653,0.0,6235,6881,E,2,65863,8,408,128500,65863,65,63,65.0,0.005576080111539999,1,64532.664893617024,66.97975239892715,3.2722816388622924,0.04911253218660865,4.145137480068705,3.444488262132669,0.8171633479715733,11.074926807049403,-1.0818494219044639,2
43,1,63833.96875,67.16261040796847,3.597690992283116,0.053921746817943435,4.4093814081269,3.7893802083677137,0.8478686690783982,69259.8125,65.93891438758632,3.3409612275322367,0.05088013396265375,4.135467232580683,3.3179364153293562,0.7939445586211634,6235_6881,2.0,1.5,0.5,279,2,40,1,279,1,279,0,1,278,40,408,E West Expy E,E,Freeway,0.338968050653,0.0,6235,6881,E,2,65863,8,408,128500,65863,65,63,65.0,0.005576080111539999,1,66546.890625,66.55076239777739,3.4693261099076764,0.05240094039029859,4.2724243203537915,3.553658311848535,0.8209066138497808,11.105662100342553,-1.0818494219044639,2
44,2,64713.54736842105,67.12455737230526,3.4867021542821437,0.05233222356910517,4.5186635230381125,3.77049119881098,0.8233931398027095,69925.43157894736,65.86820342919428,3.3381175697211347,0.050968921610306035,4.2307784804326936,3.318593575329162,0.7766910022948541,6235_6881,1.0,0.5,0.5,279,2,40,1,279,1,279,0,1,278,40,408,E West Expy E,E,Freeway,0.338968050653,0.0,6235,6881,E,2,65863,8,408,128500,65863,65,63,65.0,0.005576080111539999,1,67319.48947368421,66.49638040074977,3.412409862001639,0.0516505725897056,4.374721001735403,3.544542387070071,0.8000420710487818,11.117205064700292,-1.0818494219044639,2
45,3,65122.555555555555,67.15772816553283,3.6718749874813534,0.055244469163091635,4.58855282779926,3.8320537494780376,0.8185697826712646,70525.95555555557,65.89353844455988,3.53824160875166,0.054180980761678835,4.309133722618503,3.4075389498600845,0.776905654508121,6235_6881,0.5,0.5,0.0,279,2,40,1,279,1,279,0,1,278,40,408,E West Expy E,E,Freeway,0.338968050653,0.0,6235,6881,E,2,65863,8,408,128500,65863,65,63,65.0,0.005576080111539999,1,67824.25555555556,66.52563330504636,3.6050582981165067,0.05471272496238523,4.448843275208882,3.619796349669061,0.7977377185896928,11.124675161507524,-1.0818494219044639,2
46,4,66063.81914893616,67.64257238403546,2.6521269920766155,0.03939407141186326,4.460051989093972,3.2673498927046114,0.7250035109489383,71740.47872340426,66.2891933330752,2.653962157327,0.040154709321244535,4.191839248820451,2.9040469469741566,0.6898619966469669,6235_6881,2.0,1.5,0.5,279,2,40,1,279,1,279,0,1,278,40,408,E West Expy E,E,Freeway,0.338968050653,0.0,6235,6881,E,2,65863,8,408,128500,65863,65,63,65.0,0.005576080111539999,1,68902.14893617021,66.96588285855533,2.6530445747018074,0.0397743903665539,4.325945618957212,3.085698419839384,0.7074327537979526,11.140442645719588,-1.0818494219044639,2
47,5,49633.489130434784,69.2580386657592,2.0697723237822863,0.03003739418445693,2.954437550663607,1.6156877994335133,0.5360317606678925,53863.22826086957,67.95542588844346,1.8630119679313124,0.027469054680900173,2.8502791262724383,1.3986713540577471,0.4907996934833117,6235_6881,0.5,0.5,0.0,279,2,40,1,279,1,279,0,1,278,40,408,E West Expy E,E,Freeway,0.338968050653,0.0,6235,6881,E,2,65863,8,408,128500,65863,65,63,65.0,0.005576080111539999,1,51748.358695652176,68.60673227710133,1.9663921458567994,0.028753224432678554,2.902358338468023,1.5071795767456302,0.5134157270756021,10.854147994598607,-1.0818494219044639,2
48,6,41981.06896551724,69.69296919756832,2.1176887175882597,0.03051679590221085,2.3643402340046613,1.3697252620383116,0.5783278512294407,45322.954022988495,68.40890994233456,2.077426082914492,0.030492551969757264,2.3289770736098547,1.2829456590697943,0.5501561520841141,6235_6881,1.0,0.0,1.0,279,2,40,1,279,1,279,0,1,278,40,408,E West Expy E,E,Freeway,0.338968050653,0.0,6235,6881,E,2,65863,8,408,128500,65863,65,63,65.0,0.005576080111539999,1,43652.01149425287,69.05093956995144,2.097557400251376,0.030504673935984057,2.346658653807258,1.326335460554053,0.5642420016567774,10.684004642548553,-1.0818494219044639,2
49,0,28263.6170212766,63.16592240090873,5.699695136732695,0.09782180500083837,6.2288297484445225,4.990814929086349,0.7879018433498899,30405.51063829788,63.021674642904394,3.502480996891404,0.05616888130637772,4.2535295590693964,3.0347099042605388,0.7050733160440621,6269_8009,2.5,2.5,0.0,287,2,48,1,287,1,287,0,1,286,48,408,E West Expy E,E,Freeway,0.34751609822400004,0.0,6269,8009,E,2,65863,4,408,82794,65863,65,55,65.0,0.005716646731470001,1,29334.563829787243,63.093798521906564,4.601088066812049,0.07699534315360804,5.2411796537569595,4.012762416673444,0.746487579696976,10.286521752655156,-1.0569442892258376,0
50,1,29430.0625,62.66919643638778,6.113858610912434,0.10527947918285498,6.3937832595801565,5.111168356214457,0.8026218594246856,31898.265957446813,62.48585030792414,3.709705572132108,0.059738516615321674,4.400099894827587,3.1873847452889774,0.7162261857482718,6269_8009,1.0,1.0,0.0,287,2,48,1,287,1,287,0,1,286,48,408,E West Expy E,E,Freeway,0.34751609822400004,0.0,6269,8009,E,2,65863,4,408,82794,65863,65,55,65.0,0.005716646731470001,1,30664.164228723406,62.57752337215596,4.911782091522271,0.08250899789908833,5.396941577203872,4.1492765507517175,0.7594240225864787,10.330849962796226,-1.0569442892258376,0
51,2,29407.126315789483,62.721802452832115,5.8437649687669095,0.10371462374387136,6.5385798086668485,5.185921966762327,0.7838077725770799,31960.021052631582,62.69111606376614,3.5578306587364392,0.05751552734864403,4.471535603582558,3.1922541080761144,0.7051351431459156,6269_8009,1.5,0.5,1.0,287,2,48,1,287,1,287,0,1,286,48,408,E West Expy E,E,Freeway,0.34751609822400004,0.0,6269,8009,E,2,65863,4,408,82794,65863,65,55,65.0,0.005716646731470001,1,30683.573684210533,62.70645925829913,4.700797813751675,0.08061507554625769,5.5050577061247035,4.1890880374192205,0.7444714578614977,10.331482731233827,-1.0569442892258376,0
52,3,29227.188888888886,62.68151881152792,5.9727538699821325,0.10219589123551097,6.7708960957003095,5.1589617845919005,0.7540755026386078,32087.7,62.63943745589,3.6364683419534485,0.0587434996764089,4.532183747331728,3.134953637307313,0.6861570034499499,6269_8009,1.5,1.0,0.5,287,2,48,1,287,1,287,0,1,286,48,408,E West Expy E,E,Freeway,0.34751609822400004,0.0,6269,8009,E,2,65863,4,408,82794,65863,65,55,65.0,0.005716646731470001,1,30657.444444444445,62.66047813370896,4.8046111059677905,0.08046969545595993,5.651539921516019,4.146957710949607,0.7201162530442788,10.330630797498666,-1.0569442892258376,0
53,4,30423.808510638297,63.42254962797245,4.906277652445627,0.07990165974548953,6.607595021864553,4.567767173922466,0.6902597409129411,33041.904255319154,63.094997345828254,3.070434359495325,0.04903317337913458,4.430815629614531,2.787998722326072,0.6257238027285362,6269_8009,0.0,0.0,0.0,287,2,48,1,287,1,287,0,1,286,48,408,E West Expy E,E,Freeway,0.34751609822400004,0.0,6269,8009,E,2,65863,4,408,82794,65863,65,55,65.0,0.005716646731470001,1,31732.856382978724,63.25877348690035,3.988356005970476,0.06446741656231206,5.5192053257395415,3.6778829481242687,0.6579917718207386,10.365107902050246,-1.0569442892258376,0
54,5,23947.91304347826,65.54164495281236,3.4256578831373363,0.059581215609974765,4.754575794732389,2.9221381443784025,0.6019260221573599,25533.228260869564,64.802220651911,2.3401915481546403,0.03630294284892915,3.3141262857203686,1.740882064092987,0.5242881256661569,6269_8009,1.0,0.5,0.5,287,2,48,1,287,1,287,0,1,286,48,408,E West Expy E,E,Freeway,0.34751609822400004,0.0,6269,8009,E,2,65863,4,408,82794,65863,65,55,65.0,0.005716646731470001,1,24740.570652173912,65.17193280236168,2.8829247156459883,0.047942079229451956,4.034351040226379,2.3315101042356945,0.5631070739117584,10.11619971165354,-1.0569442892258376,0
55,6,19735.80459770115,66.19215676146193,3.5442475365022235,0.05960667121242616,3.7993505276414727,2.4234504195679705,0.6361572299308963,21300.651162790702,65.42471236748992,2.6212384020893262,0.04032325094396276,2.7168407974669098,1.5708140100504075,0.5748286861558496,6269_8009,0.0,0.0,0.0,287,2,48,1,287,1,287,0,1,286,48,408,E West Expy E,E,Freeway,0.34751609822400004,0.0,6269,8009,E,2,65863,4,408,82794,65863,65,55,65.0,0.005716646731470001,1,20518.227880245926,65.80843456447593,3.082742969295775,0.04996496107819446,3.258095662554191,1.997132214809189,0.605492958043373,9.929068934943617,-1.0569442892258376,0
56,0,62491.91397849463,61.2663240601073,3.492638584760058,0.057322535211849865,7.714216050662272,4.6746762435303415,0.6062855937355743,72195.06382978724,61.955577920628,2.245669075405327,0.03648537712207001,4.594088585803969,2.9250102497464536,0.6361943002882813,6276_8307,1.0,1.0,0.0,267,2,28,1,267,1,267,0,1,266,28,408,E West Expy E,E,Freeway,0.198420056878,0.0,6276,8307,E,2,65863,6,408,93000,65863,55,148,55.0,0.00323042027528,1,67343.48890414093,61.610950990367655,2.869153830082692,0.04690395616695994,6.154152318233121,3.799843246638398,0.6212399470119279,11.117561501651263,-1.6173689961058506,1
57,1,62908.0,60.36482565319287,3.9925887864297906,0.06718776171482238,8.099797551006112,5.078987366947555,0.6233232834267984,74445.90625,61.51315699608472,2.4334086589822923,0.03999604050340591,4.705049809698842,3.05822830063992,0.6447902781896352,6276_8307,0.5,0.5,0.0,267,2,28,1,267,1,267,0,1,266,28,408,E West Expy E,E,Freeway,0.198420056878,0.0,6276,8307,E,2,65863,6,408,93000,65863,55,148,55.0,0.00323042027528,1,68676.953125,60.93899132463879,3.2129987227060415,0.053591901109114146,6.402423680352477,4.068607833793737,0.6340567808082168,11.137168950675553,-1.6173689961058506,1
58,2,64119.62105263157,60.297859508300974,3.979260033500323,0.06634666172518383,8.173844872895176,5.031287428232591,0.6141573526227948,75190.51578947369,61.39253554023143,2.64065516973852,0.043410477713345004,4.816568695841653,3.1466520732937875,0.6479560828908371,6276_8307,1.5,1.0,0.5,267,2,28,1,267,1,267,0,1,266,28,408,E West Expy E,E,Freeway,0.198420056878,0.0,6276,8307,E,2,65863,6,408,93000,65863,55,148,55.0,0.00323042027528,1,69655.06842105262,60.8451975242662,3.3099576016194217,0.054878569719264414,6.495206784368414,4.088969750763189,0.6310567177568159,11.151310746424713,-1.6173689961058506,1
59,3,65062.71111111112,60.3434086695592,3.716933355229248,0.062088560435853674,8.284092861257731,4.940938942004439,0.5925634817263707,76284.85555555555,61.52622563056008,2.1655782801259282,0.03539365448145008,4.8211047659440975,2.9859753033336256,0.6180469309693827,6276_8307,0.5,0.5,0.0,267,2,28,1,267,1,267,0,1,266,28,408,E West Expy E,E,Freeway,0.198420056878,0.0,6276,8307,E,2,65863,6,408,93000,65863,55,148,55.0,0.00323042027528,1,70673.78333333334,60.934817150059644,2.941255817677588,0.04874110745865187,6.552598813600914,3.9634571226690323,0.6053052063478768,11.165829967462544,-1.6173689961058506,1
60,4,66780.25531914894,60.496060894761456,4.064738753453568,0.06816325721060552,8.350763548394182,4.808465822144479,0.5740331811590523,77909.40425531915,61.58615752647157,2.347047491985077,0.03855625839827547,4.905372020485382,2.955537712842891,0.5953787478981772,6276_8307,0.5,0.0,0.5,267,2,28,1,267,1,267,0,1,266,28,408,E West Expy E,E,Freeway,0.198420056878,0.0,6276,8307,E,2,65863,6,408,93000,65863,55,148,55.0,0.00323042027528,1,72344.82978723405,61.04110921061651,3.2058931227193224,0.053359757804440494,6.628067784439782,3.882001767493685,0.5847059645286148,11.189199268376017,-1.6173689961058506,1
61,5,53960.641304347824,63.049561863635816,2.8632487207887776,0.04593620269160333,6.089044281632023,3.055080968025062,0.5001992134316284,60607.62637362638,62.85277724709466,2.0236533031292883,0.0324338906126334,3.4896002184623227,1.6183296415426651,0.4654654456049145,6276_8307,0.5,0.5,0.0,267,2,28,1,267,1,267,0,1,266,28,408,E West Expy E,E,Freeway,0.198420056878,0.0,6276,8307,E,2,65863,6,408,93000,65863,55,148,55.0,0.00323042027528,1,57284.1338389871,62.95116955536524,2.443451011959033,0.03918504665211837,4.789322250047173,2.3367053047838637,0.4828323295182715,10.955778968007202,-1.6173689961058506,1
62,6,46608.43023255814,64.140061872506,2.7228157891103573,0.04277085993255672,4.920652079885056,2.6368716647642696,0.5332709197050087,50567.906976744176,63.538285996596784,2.09519563197819,0.033220493243558746,2.83534977432509,1.4840606709701896,0.5227768115010526,6276_8307,0.5,0.5,0.0,267,2,28,1,267,1,267,0,1,266,28,408,E West Expy E,E,Freeway,0.198420056878,0.0,6276,8307,E,2,65863,6,408,93000,65863,55,148,55.0,0.00323042027528,1,48588.16860465116,63.83917393455139,2.4090057105442737,0.037995676588057734,3.8780009271050733,2.0604661678672294,0.5280238656030307,10.791135335902458,-1.6173689961058506,1
63,0,46618.87777777779,59.24383723588779,3.774516753567593,0.06416653875770813,2.683536472893997,2.50372544965093,0.9023680366068636,46281.882978723406,61.284067097368094,5.716356912676012,0.09423534920880178,3.9595137409667145,4.802686991658148,1.1421115420278007,6294_5905,1.5,1.5,0.0,250,2,11,1,250,1,250,0,1,249,11,408,E West Expy E,E,Freeway,0.327148275026,0.0,6294,5905,E,2,65863,6,408,66500,65863,65,63,65.0,0.00538212365509,1,46450.3803782506,60.263952166627945,4.745436833121802,0.07920094398325495,3.3215251069303555,3.653206220654539,1.0222397893173323,10.746139933191245,-1.1173417704114532,1
64,1,48319.619565217385,58.65318222923619,4.691838490806823,0.08074938174372037,2.960662636618064,3.05681849531244,0.9905719513861054,48103.26041666666,60.50575728546798,7.049895072673628,0.11820011956437948,4.490291009341732,6.063873300812187,1.2597931522894663,6294_5905,1.5,1.0,0.5,250,2,11,1,250,1,250,0,1,249,11,408,E West Expy E,E,Freeway,0.327148275026,0.0,6294,5905,E,2,65863,6,408,66500,65863,65,63,65.0,0.00538212365509,1,48211.43999094202,59.579469757352086,5.870866781740226,0.09947475065404993,3.725476822979898,4.560345898062313,1.1251825518377858,10.783351616087426,-1.1173417704114532,1
65,2,48805.978021978015,58.62578789189593,4.523117959253021,0.07776211722671231,2.9646996970433617,2.8620456506558125,0.9407407894715508,49037.15789473683,60.508736080130866,6.876983283514688,0.11493180243137956,4.440175462570293,5.665918939230869,1.2163473370705449,6294_5905,0.0,0.0,0.0,250,2,11,1,250,1,250,0,1,249,11,408,E West Expy E,E,Freeway,0.327148275026,0.0,6294,5905,E,2,65863,6,408,66500,65863,65,63,65.0,0.00538212365509,1,48921.567958357424,59.5672619860134,5.700050621383855,0.09634695982904593,3.702437579806827,4.26398229494334,1.078544063271048,10.797973640766568,-1.1173417704114532,1
66,3,49137.816091954024,58.67237273472535,4.438227304091728,0.07625190519532457,2.96611210361024,2.818778151992059,0.9240620334913816,49209.62222222221,60.58143294384062,6.765053931629715,0.11296109609040995,4.4504853373162225,5.577279870287208,1.1883749976494442,6294_5905,0.5,0.0,0.5,250,2,11,1,250,1,250,0,1,249,11,408,E West Expy E,E,Freeway,0.327148275026,0.0,6294,5905,E,2,65863,6,408,66500,65863,65,63,65.0,0.00538212365509,1,49173.71915708812,59.626902839282984,5.601640617860721,0.09460650064286727,3.7082987204632314,4.198029011139633,1.056218515570413,10.803114596290447,-1.1173417704114532,1
67,4,51177.417582417576,59.04893939602602,3.3157832444886317,0.056742189177081785,2.785438401004808,2.1116966787550586,0.7444331342660532,51460.765957446805,61.48504460995088,4.609279830676125,0.07594607883565277,4.077095931232021,3.872660748127148,0.9067947796919756,6294_5905,0.0,0.0,0.0,250,2,11,1,250,1,250,0,1,249,11,408,E West Expy E,E,Freeway,0.327148275026,0.0,6294,5905,E,2,65863,6,408,66500,65863,65,63,65.0,0.00538212365509,1,51319.09176993219,60.26699200298845,3.9625315375823784,0.06634413400636728,3.4312671661184146,2.9921787134411035,0.8256139569790144,10.845818121182718,-1.1173417704114532,1
68,5,39689.393258426964,60.31941142785196,2.2535335871181026,0.03759805242821,1.8498646348393937,1.0490230477098412,0.5677981517515284,39700.3152173913,63.23159243746978,2.2324422818478094,0.03555786846591392,2.554102204621805,1.6038640045582682,0.6191158019580019,6294_5905,0.0,0.0,0.0,250,2,11,1,250,1,250,0,1,249,11,408,E West Expy E,E,Freeway,0.327148275026,0.0,6294,5905,E,2,65863,6,408,66500,65863,65,63,65.0,0.00538212365509,1,39694.85423790913,61.77550193266087,2.242987934482956,0.036577960447061963,2.2019834197305994,1.3264435261340548,0.5934569768547651,10.588976842100806,-1.1173417704114532,1
69,6,31223.11904761905,60.801796708809604,2.433407582201507,0.040237793106872484,1.4326115181248924,0.9797314374554892,0.6699816939144485,31364.16091954023,63.5056856405999,2.2888790959444525,0.03618591573059569,1.896786005494105,1.2654338079270817,0.6654458625725971,6294_5905,0.0,0.0,0.0,250,2,11,1,250,1,250,0,1,249,11,408,E West Expy E,E,Freeway,0.327148275026,0.0,6294,5905,E,2,65863,6,408,66500,65863,65,63,65.0,0.00538212365509,1,31293.63998357964,62.15374117470475,2.3611433390729797,0.038211854418734086,1.6646987618094986,1.1225826226912854,0.6677137782435227,10.351170160468468,-1.1173417704114532,1
70,0,30319.127659574468,63.65588866676134,3.4524610305845265,0.05460955992401791,3.2219163471685053,2.154804798966516,0.6618787199635777,35990.290322580644,64.44749594561107,3.0292159695281566,0.04759504486214508,3.701650632699368,2.740185152576295,0.7311428458051845,6303_6305,1.5,1.0,0.5,286,2,47,1,286,1,286,0,1,285,47,408,E West Expy E,E,Freeway,0.385135760689,0.0,6303,6305,E,2,65863,4,408,90000,65863,65,90,65.0,0.00633605252537,1,33154.708991077554,64.0516923061862,3.2408385000563413,0.0511023023930815,3.4617834899339366,2.4474949757714057,0.6965107828843811,10.408940036538617,-0.9541593816857612,0
71,1,31527.642105263163,63.32589169923237,3.674589495925399,0.058283083786737765,3.3602842484639464,2.282626794031218,0.6699569895339823,37330.4,64.0624106452796,3.4465210065294887,0.05441028977054887,3.8953538574348254,2.951897470717636,0.7483219553124307,6303_6305,0.5,0.5,0.0,286,2,47,1,286,1,286,0,1,285,47,408,E West Expy E,E,Freeway,0.385135760689,0.0,6303,6305,E,2,65863,4,408,90000,65863,65,90,65.0,0.00633605252537,1,34429.02105263158,63.694151172255985,3.560555251227444,0.056346686778643316,3.627819052949386,2.617262132374427,0.7091394724232065,10.446655122952206,-0.9541593816857612,0
72,2,31783.589473684213,63.34883521344994,3.6495021662642193,0.05809530806667557,3.404546196636981,2.261880953379252,0.6570796897562629,37367.621052631584,64.19397365092337,3.3528050421780984,0.052814557628108105,3.945969242976565,2.917838435552392,0.731831475172513,6303_6305,1.5,1.0,0.5,286,2,47,1,286,1,286,0,1,285,47,408,E West Expy E,E,Freeway,0.385135760689,0.0,6303,6305,E,2,65863,4,408,90000,65863,65,90,65.0,0.00633605252537,1,34575.6052631579,63.77140443218666,3.501153604221159,0.055454932847391836,3.675257719806773,2.5898596944658223,0.6944555824643879,10.450903662183288,-0.9541593816857612,0
73,3,31879.366666666665,63.32716738003295,3.608690919001453,0.05737338303730188,3.4008997994003387,2.2088860309023266,0.6420067200873725,37858.93333333333,64.25333436290137,3.2718217999966623,0.051486051885427736,3.9688519209029,2.8460687604213515,0.7094709834294768,6303_6305,2.5,2.0,0.5,286,2,47,1,286,1,286,0,1,285,47,408,E West Expy E,E,Freeway,0.385135760689,0.0,6303,6305,E,2,65863,4,408,90000,65863,65,90,65.0,0.00633605252537,1,34869.149999999994,63.79025087146716,3.440256359499058,0.05442971746136481,3.684875860151619,2.527477395661839,0.6757388517584246,10.45935776311793,-0.9541593816857612,0
74,4,32661.659574468085,63.475529802296045,3.263621904613724,0.05175761640967033,3.27807904126528,1.9519318429752075,0.5909828674510796,39428.94680851064,64.47183130899948,2.6688803552344864,0.04165776189699777,3.9724115565515534,2.5604219838972764,0.6435210426024924,6303_6305,1.0,0.5,0.5,286,2,47,1,286,1,286,0,1,285,47,408,E West Expy E,E,Freeway,0.385135760689,0.0,6303,6305,E,2,65863,4,408,90000,65863,65,90,65.0,0.00633605252537,1,36045.303191489365,63.97368055564776,2.966251129924105,0.04670768915333405,3.6252452989084167,2.256176913436242,0.6172519550267861,10.49253184827478,-0.9541593816857612,0
75,5,25319.32608695652,64.92791235701537,2.6239367770023763,0.040547555222662963,2.3316811393730488,1.1501656451342612,0.4913311705863748,30667.543478260868,65.80784597353997,2.314870801260588,0.03534624101879835,2.820194072054488,1.6019459155521891,0.5662997696140188,6303_6305,1.0,1.0,0.0,286,2,47,1,286,1,286,0,1,285,47,408,E West Expy E,E,Freeway,0.385135760689,0.0,6303,6305,E,2,65863,4,408,90000,65863,65,90,65.0,0.00633605252537,1,27993.434782608696,65.36787916527767,2.469403789131482,0.037946898120730654,2.5759376057137686,1.3760557803432252,0.5288154701001968,10.239725289614784,-0.9541593816857612,0
76,6,21280.08139534884,65.63573368235204,2.8623260018342966,0.0437951618094996,1.9291760730674803,1.0918810398029872,0.5598958133146372,24591.908045977012,66.46206643771748,2.544310596309214,0.03848021844850625,2.180045970347094,1.3654820270248982,0.6256196979663825,6303_6305,0.0,0.0,0.0,286,2,47,1,286,1,286,0,1,285,47,408,E West Expy E,E,Freeway,0.385135760689,0.0,6303,6305,E,2,65863,4,408,90000,65863,65,90,65.0,0.00633605252537,1,22935.994720662926,66.04890006003475,2.7033182990717552,0.041137690129002924,2.054611021707287,1.2286815334139427,0.5927577556405099,10.040462777386292,-0.9541593816857612,0
77,0,35990.290322580644,64.44749594561107,3.0292159695281566,0.04759504486214508,3.701650632699368,2.740185152576295,0.7311428458051845,31521.382978723403,64.37056921483915,2.9924049635646104,0.046894327109492574,3.207746178353522,2.4271050361876223,0.7403901803236764,6305_8077,1.0,0.5,0.5,292,2,53,1,292,1,292,0,1,291,53,408,E West Expy E,E,Freeway,0.142732433716,0.0,6305,8077,E,2,65863,4,408,90000,65863,65,60,65.0,0.00234816031831,1,33755.836650652025,64.4090325802251,3.0108104665463835,0.047244685985818824,3.454698405526445,2.583645094381959,0.7357665130644304,10.426908619145756,-1.946783494298273,0
78,1,37330.4,64.0624106452796,3.4465210065294887,0.05441028977054887,3.8953538574348254,2.951897470717636,0.7483219553124307,32480.35416666667,64.14534990395383,3.3085502235054083,0.051795106938362936,3.3325324250116584,2.6080424192798124,0.7655080488092327,6305_8077,1.0,1.0,0.0,292,2,53,1,292,1,292,0,1,291,53,408,E West Expy E,E,Freeway,0.142732433716,0.0,6305,8077,E,2,65863,4,408,90000,65863,65,60,65.0,0.00234816031831,1,34905.37708333334,64.10388027461671,3.3775356150174485,0.0531026983544559,3.613943141223242,2.779969944998724,0.7569150020608317,10.46039616747846,-1.946783494298273,0
79,2,37367.621052631584,64.19397365092337,3.3528050421780984,0.052814557628108105,3.945969242976565,2.917838435552392,0.731831475172513,32735.936842105264,64.06994475716024,3.129500664082552,0.049176490320384326,3.3506417552487733,2.4237159445246443,0.7199433022873671,6305_8077,0.5,0.5,0.0,292,2,53,1,292,1,292,0,1,291,53,408,E West Expy E,E,Freeway,0.142732433716,0.0,6305,8077,E,2,65863,4,408,90000,65863,65,60,65.0,0.00234816031831,1,35051.778947368424,64.1319592040418,3.241152853130325,0.05099552397424621,3.648305499112669,2.6707771900385184,0.7258873887299401,10.46458164573592,-1.946783494298273,0
80,3,37858.93333333333,64.25333436290137,3.2718217999966623,0.051486051885427736,3.9688519209029,2.8460687604213515,0.7094709834294768,32917.188888888886,64.1498612060437,3.1036722395018237,0.04881805310652957,3.4207494817219084,2.5072684017873206,0.7219459419935652,6305_8077,0.5,0.5,0.0,292,2,53,1,292,1,292,0,1,291,53,408,E West Expy E,E,Freeway,0.142732433716,0.0,6305,8077,E,2,65863,4,408,90000,65863,65,60,65.0,0.00234816031831,1,35388.06111111111,64.20159778447254,3.187747019749243,0.05015205249597865,3.6948007013124045,2.676668581104336,0.715708462711521,10.474129785489746,-1.946783494298273,0
81,4,39428.94680851064,64.47183130899948,2.6688803552344864,0.04165776189699777,3.9724115565515534,2.5604219838972764,0.6435210426024924,33892.085106382976,64.48446271620489,2.7486221589301265,0.042981578217503584,3.3759765890008016,2.24549706528843,0.6613072565628993,6305_8077,0.0,0.0,0.0,292,2,53,1,292,1,292,0,1,291,53,408,E West Expy E,E,Freeway,0.142732433716,0.0,6305,8077,E,2,65863,4,408,90000,65863,65,60,65.0,0.00234816031831,1,36660.51595744681,64.4781470126022,2.7087512570823065,0.04231967005725068,3.6741940727761775,2.4029595245928532,0.6524141495826958,10.50945559542032,-1.946783494298273,0
82,5,30667.543478260868,65.80784597353997,2.314870801260588,0.03534624101879835,2.820194072054488,1.6019459155521891,0.5662997696140188,26369.92391304348,66.10921331514596,2.3298580342836344,0.0352944276525011,2.397320467166534,1.3251921721656643,0.5525844797853207,6305_8077,0.5,0.5,0.0,292,2,53,1,292,1,292,0,1,291,53,408,E West Expy E,E,Freeway,0.142732433716,0.0,6305,8077,E,2,65863,4,408,90000,65863,65,60,65.0,0.00234816031831,1,28518.733695652176,65.95852964434297,2.3223644177721114,0.035320334335649725,2.608757269610511,1.4635690438589268,0.5594421246996697,10.258316472969293,-1.946783494298273,0
83,6,24591.908045977012,66.46206643771748,2.544310596309214,0.03848021844850625,2.180045970347094,1.3654820270248982,0.6256196979663825,21925.850574712644,66.59027343439692,2.635754677622572,0.03971205365518832,1.9169124814208327,1.2073787697080385,0.62735692295148,6305_8077,0.0,0.0,0.0,292,2,53,1,292,1,292,0,1,291,53,408,E West Expy E,E,Freeway,0.142732433716,0.0,6305,8077,E,2,65863,4,408,90000,65863,65,60,65.0,0.00234816031831,1,23258.879310344826,66.5261699360572,2.5900326369658933,0.03909613605184728,2.0484792258839635,1.2864303983664684,0.6264883104589313,10.05444224392932,-1.946783494298273,0
84,0,55014.574468085106,61.6577147644079,2.4684052619546324,0.040157474654854745,2.9443394512695966,2.155876126015864,0.7232346693647729,50854.25,67.76020180760989,3.0197279687461105,0.045109065053763234,3.2306657070233067,2.7303578686788943,0.7704605350168777,6309_6301,0.0,0.0,0.0,271,2,32,1,271,1,271,0,1,270,32,408,E West Expy E,E,Freeway,0.315680897233,0.0,6309,6301,E,2,65863,7,408,133593,65863,65,81,65.0,0.00519002379719,1,52934.41223404255,64.7089582860089,2.7440666153503717,0.042633269854308986,3.0875025791464514,2.443116997347379,0.7468476021908252,10.87680892117456,-1.1530233944887336,1
85,1,56705.77083333334,61.35077614767263,2.7903742003297536,0.045791230777274296,3.0760274475490523,2.286920397056976,0.7328134414814373,52190.747368421056,67.49181536388171,3.103090931667684,0.046465853337473766,3.287622604166017,2.775989884029076,0.7572970081326175,6309_6301,0.5,0.5,0.0,271,2,32,1,271,1,271,0,1,270,32,408,E West Expy E,E,Freeway,0.315680897233,0.0,6309,6301,E,2,65863,7,408,133593,65863,65,81,65.0,0.00519002379719,1,54448.2591008772,64.42129575577718,2.946732565998719,0.04612854205737403,3.1818250258575347,2.5314551405430263,0.7450552248070275,10.905006155414297,-1.1530233944887336,1
86,2,57028.3052631579,61.25208578611646,2.792446750105129,0.04585709637546815,3.1305911164146893,2.2551983075372517,0.71182686867404,52677.01052631579,67.39631622004079,3.0982882938471485,0.04660126152963991,3.3539871963688555,2.7458805637955463,0.7429377966576495,6309_6301,0.5,0.5,0.0,271,2,32,1,271,1,271,0,1,270,32,408,E West Expy E,E,Freeway,0.315680897233,0.0,6309,6301,E,2,65863,7,408,133593,65863,65,81,65.0,0.00519002379719,1,54852.65789473684,64.32420100307863,2.945367521976139,0.04622917895255403,3.2422891563917724,2.500539435666399,0.7273823326658447,10.912405922045062,-1.1530233944887336,1
87,3,57431.76666666668,61.21337025653402,2.747318012821097,0.04506398638492559,3.1513507943794346,2.2078966322086178,0.6920387471777523,53031.36666666667,67.3652998363092,3.0993257295955976,0.04676779793160075,3.4007289517398545,2.730483814490064,0.7270455198298981,6309_6301,0.5,0.0,0.5,271,2,32,1,271,1,271,0,1,270,32,408,E West Expy E,E,Freeway,0.315680897233,0.0,6309,6301,E,2,65863,7,408,133593,65863,65,81,65.0,0.00519002379719,1,55231.56666666667,64.28933504642161,2.9233218712083473,0.045915892158263166,3.2760398730596445,2.469190223349341,0.7095421335038252,10.919289928719005,-1.1530233944887336,1
88,4,58595.595744680846,61.337381283780786,2.2756933126345325,0.03724951512803923,3.0618786614098634,1.9108556023104777,0.6209712184397288,53456.02127659576,67.79752841306744,2.2452409700631346,0.033379697905216776,3.235465959347237,2.2592192386831096,0.6417863265908244,6309_6301,0.0,0.0,0.0,271,2,32,1,271,1,271,0,1,270,32,408,E West Expy E,E,Freeway,0.315680897233,0.0,6309,6301,E,2,65863,7,408,133593,65863,65,81,65.0,0.00519002379719,1,56025.80851063831,64.56745484842412,2.2604671413488333,0.035314606516628,3.14867231037855,2.0850374204967936,0.6313787725152766,10.933567729812447,-1.1530233944887336,1
89,5,44744.21739130434,62.38258215825986,2.028222882529811,0.03261732256248793,2.11468955642215,0.9960401155682364,0.4700067947869953,41653.33707865168,69.03023892977053,1.8359523480851605,0.026670824449160958,2.2381280535496693,1.2767035101745006,0.516390874721257,6309_6301,0.5,0.5,0.0,271,2,32,1,271,1,271,0,1,270,32,408,E West Expy E,E,Freeway,0.315680897233,0.0,6309,6301,E,2,65863,7,408,133593,65863,65,81,65.0,0.00519002379719,1,43198.77723497801,65.7064105440152,1.9320876153074857,0.029644073505824445,2.1764088049859094,1.1363718128713685,0.4931988347541262,10.673567469085736,-1.1530233944887336,1
90,6,37779.81609195402,62.91440647612955,2.183201983862513,0.03485696056610788,1.737263673037944,0.9105053137249524,0.5240277542004139,35595.77380952382,69.50933736564974,1.9034148271939029,0.027421105440305744,1.8388574661971149,1.0700390807397744,0.5493948402615254,6309_6301,0.0,0.0,0.0,271,2,32,1,271,1,271,0,1,270,32,408,E West Expy E,E,Freeway,0.315680897233,0.0,6309,6301,E,2,65863,7,408,133593,65863,65,81,65.0,0.00519002379719,1,36687.79495073891,66.21187192088965,2.043308405528208,0.031139033003206813,1.7880605696175293,0.9902721972323634,0.5367112972309697,10.510199416081274,-1.1530233944887336,1
91,0,64246.22580645161,53.50635753422276,11.83859958896747,0.2239309718286355,6.771661000455962,7.648658729711458,1.1159042722152368,62491.91397849463,61.2663240601073,3.492638584760058,0.057322535211849865,7.714216050662272,4.6746762435303415,0.6062855937355743,6679_6276,4.5,2.5,2.0,266,2,27,1,266,1,266,0,1,265,27,408,E West Expy E,E,Freeway,0.703751292215,0.0,6679,6276,W,3,65863,4,0,23980,65863,55,145,55.0,0.0115384523144,1,63369.069892473126,57.38634079716503,7.665619086863765,0.14062675352024268,7.242938525559117,6.1616674866209,0.8610949329754056,11.056731164798977,-0.351330263345198,0
92,1,66658.36458333331,51.995294153797204,12.695086167987855,0.24720646526228826,7.447710166221622,8.36066199982182,1.1005909915740768,62908.0,60.36482565319287,3.9925887864297906,0.06718776171482238,8.099797551006112,5.078987366947555,0.6233232834267984,6679_6276,9.0,7.0,2.0,266,2,27,1,266,1,266,0,1,265,27,408,E West Expy E,E,Freeway,0.703751292215,0.0,6679,6276,W,3,65863,4,0,23980,65863,55,145,55.0,0.0115384523144,1,64783.18229166666,56.180059903495035,8.343837477208822,0.1571971134885553,7.773753858613867,6.7198246833846875,0.8619571375004376,11.07880131611996,-0.351330263345198,0
93,2,67319.08421052631,51.81068183780254,12.598699931947452,0.2459502572215535,7.454726096292317,8.25656867266776,1.0870281642940889,64119.62105263157,60.297859508300974,3.979260033500323,0.06634666172518383,8.173844872895176,5.031287428232591,0.6141573526227948,6679_6276,5.0,3.0,2.0,266,2,27,1,266,1,266,0,1,265,27,408,E West Expy E,E,Freeway,0.703751292215,0.0,6679,6276,W,3,65863,4,0,23980,65863,55,145,55.0,0.0115384523144,1,65719.35263157895,56.05427067305176,8.288979982723887,0.15614845947336867,7.814285484593746,6.6439280504501745,0.8505927584584418,11.093148721700665,-0.351330263345198,0
94,3,70347.83333333331,51.63608462387732,12.689079557485824,0.2490744666789161,7.618888351735634,8.298087111411089,1.0712412594480143,65062.71111111112,60.3434086695592,3.716933355229248,0.062088560435853674,8.284092861257731,4.940938942004439,0.5925634817263707,6679_6276,6.5,5.0,1.5,266,2,27,1,266,1,266,0,1,265,27,408,E West Expy E,E,Freeway,0.703751292215,0.0,6679,6276,W,3,65863,4,0,23980,65863,55,145,55.0,0.0115384523144,1,67705.27222222222,55.98974664671826,8.203006456357535,0.1555815135573849,7.951490606496682,6.619513026707764,0.8319023705871925,11.122919332119604,-0.351330263345198,0
95,4,69583.55319148938,52.855496402337344,11.722575920776679,0.22463421129682776,7.0256684503675855,7.457194296919424,1.041171421901606,66780.25531914894,60.496060894761456,4.064738753453568,0.06816325721060552,8.350763548394182,4.808465822144479,0.5740331811590523,6679_6276,7.0,4.5,2.5,266,2,27,1,266,1,266,0,1,265,27,408,E West Expy E,E,Freeway,0.703751292215,0.0,6679,6276,W,3,65863,4,0,23980,65863,55,145,55.0,0.0115384523144,1,68181.90425531915,56.6757786485494,7.8936573371151235,0.14639873425371663,7.688215999380883,6.132830059531951,0.8076023015303291,11.129934475124674,-0.351330263345198,0
96,5,47778.25274725275,60.018089180295064,3.3228552845061063,0.05585514055458874,3.1507613561290766,1.9366069827386747,0.5962515003769694,53960.641304347824,63.049561863635816,2.8632487207887776,0.04593620269160333,6.089044281632023,3.055080968025062,0.5001992134316284,6679_6276,6.5,5.0,1.5,266,2,27,1,266,1,266,0,1,265,27,408,E West Expy E,E,Freeway,0.703751292215,0.0,6679,6276,W,3,65863,4,0,23980,65863,55,145,55.0,0.0115384523144,1,50869.447025800284,61.53382552196544,3.093052002647442,0.05089567162309604,4.61990281888055,2.4958439753818684,0.548225356904299,10.83701776741765,-0.351330263345198,0
97,6,40673.44047619047,61.15215257975446,3.3315372099630767,0.054699242943468486,2.370443418188293,1.5810011339966896,0.6533684338924708,46608.43023255814,64.140061872506,2.7228157891103573,0.04277085993255672,4.920652079885056,2.6368716647642696,0.5332709197050087,6679_6276,5.5,3.5,2.0,266,2,27,1,266,1,266,0,1,265,27,408,E West Expy E,E,Freeway,0.703751292215,0.0,6679,6276,W,3,65863,4,0,23980,65863,55,145,55.0,0.0115384523144,1,43640.935354374305,62.646107226130226,3.0271764995367167,0.0487350514380126,3.645547749036675,2.1089363993804797,0.5933196767987398,10.683750873135608,-0.351330263345198,0
98,0,127703.44827586207,63.62158131445914,3.784051044614373,0.05975477677673088,4.984816256556242,3.981066784496885,0.7942701433499801,26936.473684210527,63.11466038282285,3.8074349154287424,0.06079891594095649,2.785681632394172,2.2959180915408623,0.8130679429562424,6690_8041,2.0,1.5,0.5,291,2,52,1,291,1,291,0,1,290,52,408,E West Expy E,E,Freeway,0.446478018899,0.0,6690,8041,E,2,65863,4,408,68516,65863,65,55,65.0,0.00732783498468,1,77319.9609800363,63.368120848641,3.795742980021558,0.060276846358843686,3.885248944475207,3.138492438018874,0.8036690431531113,11.255707428666634,-0.8063651096668828,0
99,1,137038.8620689655,63.00911216514243,4.473114787992672,0.07128563636300066,5.3601764443996185,4.3421062821852745,0.8092961475038508,28684.381578947367,62.65554614701272,3.916027330560413,0.06264330766739297,2.9189268720785955,2.3605529913046843,0.8047063546729137,6690_8041,2.5,2.5,0.0,291,2,52,1,291,1,291,0,1,290,52,408,E West Expy E,E,Freeway,0.446478018899,0.0,6690,8041,E,2,65863,4,408,68516,65863,65,55,65.0,0.00732783498468,1,82861.62182395643,62.83232915607758,4.194571059276543,0.06696447201519681,4.139551658239107,3.351329636744979,0.8070012510883823,11.324927288502314,-0.8063651096668828,0
100,2,138220.3448275862,63.10212221768346,3.9566300316094014,0.06295060209845325,5.316068323847214,4.1136684699623665,0.7694233191722355,28670.4,62.52961056616042,3.743138208792367,0.06002103357683099,2.9283823595376277,2.2321302059538524,0.7626101219761039,6690_8041,2.0,1.5,0.5,291,2,52,1,291,1,291,0,1,290,52,408,E West Expy E,E,Freeway,0.446478018899,0.0,6690,8041,E,2,65863,4,408,68516,65863,65,55,65.0,0.00732783498468,1,83445.3724137931,62.81586639192194,3.849884120200884,0.06148581783764212,4.122225341692421,3.1728993379581096,0.7660167205741697,11.331947474152662,-0.8063651096668828,0
101,3,138126.37931034484,62.892776044984025,4.428588071899731,0.07068855099801559,5.470502218216685,4.354799086109156,0.7945875380450436,29338.183098591548,62.46467561029213,3.896588906843835,0.06277158425241851,3.0100028184913765,2.2718090557738564,0.7526350392573906,6690_8041,1.5,0.5,1.0,291,2,52,1,291,1,291,0,1,290,52,408,E West Expy E,E,Freeway,0.446478018899,0.0,6690,8041,E,2,65863,4,408,68516,65863,65,55,65.0,0.00732783498468,1,83732.28120446819,62.678725827638075,4.1625884893717835,0.06673006762521705,4.240252518354031,3.3133040709415065,0.7736112886512171,11.335379859595866,-0.8063651096668828,0
102,4,141465.58620689655,63.36672128190974,3.6771808449528254,0.05819191349604123,5.391698690984677,3.944427964770328,0.7323529793357745,30260.09589041096,62.98619108163327,3.4277314883652936,0.054507700832415726,3.0020758165068786,2.111149659839247,0.6974705636194198,6690_8041,3.5,2.5,1.0,291,2,52,1,291,1,291,0,1,290,52,408,E West Expy E,E,Freeway,0.446478018899,0.0,6690,8041,E,2,65863,4,408,68516,65863,65,55,65.0,0.00732783498468,1,85862.84104865376,63.176456181771506,3.5524561666590593,0.05634980716422848,4.196887253745778,3.0277888123047876,0.7149117714775972,11.360506430546902,-0.8063651096668828,0
103,5,111078.6,65.58863624807685,2.5804534320901307,0.0393790192219648,3.744372798932418,2.2942245886747856,0.6128061679153619,22809.4,65.05231700326453,2.839907609786285,0.04360572963774253,1.9872491669289345,1.1901050047706452,0.5970528967161356,6690_8041,0.0,0.0,0.0,291,2,52,1,291,1,291,0,1,290,52,408,E West Expy E,E,Freeway,0.446478018899,0.0,6690,8041,E,2,65863,4,408,68516,65863,65,55,65.0,0.00732783498468,1,66944.0,65.3204766256707,2.710180520938208,0.041492374429853665,2.865810982930676,1.7421647967227154,0.6049295323157488,11.11161172798454,-0.8063651096668828,0
104,6,94912.88,66.49727644602146,2.758223348687036,0.04152720834651042,2.920894805703873,2.0087109505824325,0.6883201970494873,18791.58208955224,65.91757491533224,3.0890648401376035,0.046885043049606175,1.5659779154728173,1.1008175527703163,0.6937636016898959,6690_8041,0.5,0.5,0.0,291,2,52,1,291,1,291,0,1,290,52,408,E West Expy E,E,Freeway,0.446478018899,0.0,6690,8041,E,2,65863,4,408,68516,65863,65,55,65.0,0.00732783498468,1,56852.23104477613,66.20742568067685,2.9236440944123196,0.0442061256980583,2.243436360588345,1.5547642516763744,0.6910418993696916,10.94821074281983,-0.8063651096668828,0
105,0,36954.712765957454,66.88161299913419,2.7330421530756293,0.04136040728751837,2.837711406271913,2.2612071285931585,0.7900013697288412,39559.425531914894,70.08384649055603,2.8774547901775764,0.04133147299761848,2.7857414693301754,2.3615165934370825,0.8284496014347368,6788_8144,0.0,0.0,0.0,246,2,7,1,246,1,246,0,1,245,7,408,E West Expy E,E,Freeway,0.32942483801600003,0.0,6788,8144,E,2,65863,4,408,73500,65863,65,90,65.0,0.00541623493582,1,38257.06914893618,68.4827297448451,2.805248471626603,0.04134594014256843,2.8117264378010445,2.3113618610151203,0.809225485581789,10.552083636529886,-1.1104070602683282,0
106,1,38447.17894736842,66.67905148458779,2.911955189931915,0.0443490194447384,2.9344036671359683,2.319366224389398,0.785368957084356,40950.927083333336,69.76713965344052,3.112851683389763,0.0448823309576889,2.8757141737627947,2.3520775518006176,0.8104091573295759,6788_8144,1.0,1.0,0.0,246,2,7,1,246,1,246,0,1,245,7,408,E West Expy E,E,Freeway,0.32942483801600003,0.0,6788,8144,E,2,65863,4,408,73500,65863,65,90,65.0,0.00541623493582,1,39699.05301535087,68.22309556901416,3.012403436660839,0.04461567520121365,2.9050589204493815,2.3357218880950077,0.7978890572069659,10.589082612873172,-1.1104070602683282,0
107,2,39413.68085106384,66.73780749693695,2.5677273582067164,0.03866492771910663,2.9953616638847897,2.2779094268078013,0.7602169263183194,41701.6,69.75969194423996,2.9372003435918463,0.042258806162774526,2.9394316846415056,2.331103206408375,0.7873666345464386,6788_8144,0.0,0.0,0.0,246,2,7,1,246,1,246,0,1,245,7,408,E West Expy E,E,Freeway,0.32942483801600003,0.0,6788,8144,E,2,65863,4,408,73500,65863,65,90,65.0,0.00541623493582,1,40557.64042553192,68.24874972058845,2.7524638508992814,0.040461866940940575,2.9673966742631475,2.304506316608088,0.7737917804323791,10.610479461659917,-1.1104070602683282,0
108,3,39011.37777777779,66.79594680187537,2.4936111473404146,0.03752418369822479,3.013582122598798,2.2532168776121257,0.7481001481904245,41902.711111111115,69.88489341445016,2.7359555110271603,0.03932185813543794,2.966649644995113,2.3053628803617703,0.7733408531297733,6788_8144,0.5,0.0,0.5,246,2,7,1,246,1,246,0,1,245,7,408,E West Expy E,E,Freeway,0.32942483801600003,0.0,6788,8144,E,2,65863,4,408,73500,65863,65,90,65.0,0.00541623493582,1,40457.04444444445,68.34042010816276,2.6147833291837874,0.03842302091683136,2.990115883796956,2.279289878986948,0.7607205006600989,10.607996059226167,-1.1104070602683282,0
109,4,40994.6914893617,66.81040205799191,2.4628314920120595,0.03726679210608856,3.08742109227596,2.149677268743812,0.6990552156659103,43862.52127659576,70.13961566531782,2.52589711321648,0.03620367658579713,3.0234656074614548,2.093609187256264,0.6921627281128316,6788_8144,0.0,0.0,0.0,246,2,7,1,246,1,246,0,1,245,7,408,E West Expy E,E,Freeway,0.32942483801600003,0.0,6788,8144,E,2,65863,4,408,73500,65863,65,90,65.0,0.00541623493582,1,42428.60638297873,68.47500886165486,2.4943643026142697,0.03673523434594285,3.0554433498687077,2.121643228000038,0.695608971889371,10.655578092570433,-1.1104070602683282,0
110,5,32075.747252747253,67.6710772198996,2.18139142040614,0.03269561700722085,2.1388199903323457,1.360818469592994,0.6313792566125374,34058.29347826087,71.26452830805802,2.4272995898438467,0.034292256795645765,2.0894554584353684,1.399500055411257,0.6521736123016432,6788_8144,0.5,0.0,0.5,246,2,7,1,246,1,246,0,1,245,7,408,E West Expy E,E,Freeway,0.32942483801600003,0.0,6788,8144,E,2,65863,4,408,73500,65863,65,90,65.0,0.00541623493582,1,33067.02036550406,69.46780276397881,2.3043455051249935,0.033493936901433305,2.1141377243838573,1.3801592625021255,0.6417764344570902,10.406291701085069,-1.1104070602683282,0
111,6,25090.744186046508,68.18370213005257,2.3162424098978893,0.0341626826360634,1.5738735038766425,1.0563462983894598,0.6724171955693997,26433.793103448275,71.55039344672281,2.55154719235562,0.035729614562103176,1.5072245157129711,1.0421985498016004,0.6914089717461891,6788_8144,0.0,0.0,0.0,246,2,7,1,246,1,246,0,1,245,7,408,E West Expy E,E,Freeway,0.32942483801600003,0.0,6788,8144,E,2,65863,4,408,73500,65863,65,90,65.0,0.00541623493582,1,25762.26864474739,69.86704778838768,2.4338948011267547,0.03494614859908329,1.5405490097948067,1.04927242409553,0.6819130836577945,10.156666244847761,-1.1104070602683282,0
112,0,67097.91489361702,66.34516052171155,3.1851417367847663,0.04824793301361584,4.0194539754584175,3.2360451578725704,0.7928187117524474,66736.97849462366,65.05801356594192,2.8751481771477625,0.04443257465805353,3.0653179575752447,2.5526988408601223,0.8134168400671615,6881_8431,2.0,2.0,0.0,278,2,39,1,278,1,278,0,1,277,39,408,E West Expy E,E,Freeway,0.687809032898,0.0,6881,8431,E,2,65863,8,408,128500,65863,65,61,65.0,0.011309096359899998,1,66917.44669412034,65.70158704382673,3.0301449569662644,0.046340253835834684,3.5423859665168314,2.8943719993663466,0.8031177759098045,11.111214999772143,-0.3742440480402581,2
113,1,69259.8125,65.93891438758632,3.3409612275322367,0.05088013396265375,4.135467232580683,3.3179364153293562,0.7939445586211634,68775.84210526316,64.72513189785796,3.0010436035169668,0.046498350509300096,3.1302751046553987,2.5701838874674285,0.8126459866626197,6881_8431,4.0,4.0,0.0,278,2,39,1,278,1,278,0,1,277,39,408,E West Expy E,E,Freeway,0.687809032898,0.0,6881,8431,E,2,65863,8,408,128500,65863,65,61,65.0,0.011309096359899998,1,69017.82730263157,65.33202314272214,3.171002415524602,0.048689242235976926,3.632871168618041,2.9440601513983924,0.8032952726418916,11.142120116913272,-0.3742440480402581,2
114,2,69925.43157894736,65.86820342919428,3.3381175697211347,0.050968921610306035,4.2307784804326936,3.318593575329162,0.7766910022948541,69624.04255319151,64.69299535854107,2.9393655967863865,0.045653906098178466,3.20977579176958,2.551231714401532,0.7861769713884215,6881_8431,3.0,2.5,0.5,278,2,39,1,278,1,278,0,1,277,39,408,E West Expy E,E,Freeway,0.687809032898,0.0,6881,8431,E,2,65863,8,408,128500,65863,65,61,65.0,0.011309096359899998,1,69774.73706606944,65.28059939386767,3.1387415832537604,0.04831141385424225,3.720277136101137,2.934912644865347,0.7814339868416378,11.153027290085985,-0.3742440480402581,2
115,3,70525.95555555557,65.89353844455988,3.53824160875166,0.054180980761678835,4.309133722618503,3.4075389498600845,0.776905654508121,70281.11111111111,64.74317166553519,3.0307274167063776,0.04706756653599157,3.2376492727041364,2.556925668791106,0.7798872338983837,6881_8431,3.0,2.5,0.5,278,2,39,1,278,1,278,0,1,277,39,408,E West Expy E,E,Freeway,0.687809032898,0.0,6881,8431,E,2,65863,8,408,128500,65863,65,61,65.0,0.011309096359899998,1,70403.53333333334,65.31835505504753,3.2844845127290188,0.050624273648835205,3.7733914976613194,2.982232309325595,0.7783964442032523,11.161998730280628,-0.3742440480402581,2
116,4,71740.47872340426,66.2891933330752,2.653962157327,0.040154709321244535,4.191839248820451,2.9040469469741566,0.6898619966469669,71537.1170212766,65.05313389071054,2.2882919123528103,0.03526389604305922,3.1662619870070947,2.2091619751666216,0.6946311612350531,6881_8431,3.0,3.0,0.0,278,2,39,1,278,1,278,0,1,277,39,408,E West Expy E,E,Freeway,0.687809032898,0.0,6881,8431,E,2,65863,8,408,128500,65863,65,61,65.0,0.011309096359899998,1,71638.79787234042,65.67116361189287,2.4711270348399053,0.03770930268215188,3.6790506179137727,2.556604461070389,0.6922465789410099,11.179392075915775,-0.3742440480402581,2
117,5,53863.22826086957,67.95542588844346,1.8630119679313124,0.027469054680900173,2.8502791262724383,1.3986713540577471,0.4907996934833117,53478.54347826087,66.39151983107685,1.7687752492918507,0.026683261529548242,2.118064893991989,1.0728383948008784,0.5070090848990358,6881_8431,3.5,1.5,2.0,278,2,39,1,278,1,278,0,1,277,39,408,E West Expy E,E,Freeway,0.687809032898,0.0,6881,8431,E,2,65863,8,408,128500,65863,65,61,65.0,0.011309096359899998,1,53670.885869565216,67.17347285976015,1.8158936086115816,0.027076158105224207,2.4841720101322133,1.2357548744293128,0.49890438919117375,10.890625970895753,-0.3742440480402581,2
118,6,45322.954022988495,68.40890994233456,2.077426082914492,0.030492551969757264,2.3289770736098547,1.2829456590697943,0.5501561520841141,44960.70930232559,66.86021480207218,1.9585448421518807,0.029363916718111307,1.7133301836576418,0.9705943434132476,0.56717558184879,6881_8431,2.5,2.0,0.5,278,2,39,1,278,1,278,0,1,277,39,408,E West Expy E,E,Freeway,0.687809032898,0.0,6881,8431,E,2,65863,8,408,128500,65863,65,61,65.0,0.011309096359899998,1,45141.831662657045,67.63456237220336,2.0179854625331863,0.029928234343934285,2.021153628633748,1.126770001241521,0.558665866966452,10.717564626922169,-0.3742440480402581,2
119,0,19182.290322580644,59.87488227196288,2.3503173851682004,0.03946942508226324,2.8057270608821936,2.187614437299729,0.7598078902046829,19185.15957446808,61.09045202579447,2.8643985217571712,0.04706577779912294,1.2334489795295345,1.1046276803775412,0.8515122077333881,6970_8174,0.5,0.5,0.0,293,2,54,1,293,1,293,0,1,292,54,408,E West Expy E,E,Freeway,0.470339973172,0.0,6970,8174,E,2,65863,4,408,38500,65863,65,79,65.0,0.006869121948,1,19183.724948524363,60.482667148878676,2.607357953462686,0.04326760144069309,2.0195880202058643,1.646121058838635,0.8056600489690355,9.861817539618867,-0.7542994985930412,0
120,1,19992.44210526316,59.74822252603418,2.510400247213588,0.04216600552906775,2.9031636125182416,2.2550749555294414,0.7599372127853826,20082.77083333333,60.88183730111968,3.166648750538456,0.052239345382606064,1.3160651349017958,1.2398280712669811,0.8926902353400928,6970_8174,1.5,1.5,0.0,293,2,54,1,293,1,293,0,1,292,54,408,E West Expy E,E,Freeway,0.470339973172,0.0,6970,8174,E,2,65863,4,408,38500,65863,65,79,65.0,0.006869121948,1,20037.606469298244,60.315029913576936,2.838524498876022,0.04720267545583691,2.1096143737100186,1.7474515133982114,0.8263137240627377,9.905366110405788,-0.7542994985930412,0
121,2,20026.063157894736,59.78364519519863,2.335152618761733,0.03914053714103489,2.913536395557248,2.1209955917922105,0.7266835730297545,20041.01052631579,60.91861394653176,3.0747434447760065,0.05065637066254447,1.2859995303654226,1.1677998857675274,0.8831161477898403,6970_8174,0.5,0.5,0.0,293,2,54,1,293,1,293,0,1,292,54,408,E West Expy E,E,Freeway,0.470339973172,0.0,6970,8174,E,2,65863,4,408,38500,65863,65,79,65.0,0.006869121948,1,20033.536842105263,60.3511295708652,2.7049480317688697,0.044898453901789676,2.0997679629613355,1.644397738779869,0.8048998604097974,9.905162990311343,-0.7542994985930412,0
122,3,19871.233333333334,59.79013743633442,2.373506485975761,0.04008665954462291,2.9735647449082054,2.2520424093182174,0.7329902229312574,20002.83146067416,61.03497281035994,2.9475568485905503,0.04852644794576265,1.3228876492082042,1.1702956588475883,0.8343139343013589,6970_8174,0.5,0.5,0.0,293,2,54,1,293,1,293,0,1,292,54,408,E West Expy E,E,Freeway,0.470339973172,0.0,6970,8174,E,2,65863,4,408,38500,65863,65,79,65.0,0.006869121948,1,19937.032397003746,60.412555123347175,2.6605316672831556,0.04430655374519278,2.1482261970582046,1.7111690340829029,0.7836520786163081,9.900334205810346,-0.7542994985930412,0
123,4,20067.72340425532,60.19650014784168,2.136501689244617,0.03552906301946923,2.8768901559111293,1.8948081027254688,0.6600872736613776,20201.989247311827,61.36619331759289,2.7027886545112474,0.04408637489249373,1.2399438490197334,0.9244819185369472,0.7341911809771281,6970_8174,0.0,0.0,0.0,293,2,54,1,293,1,293,0,1,292,54,408,E West Expy E,E,Freeway,0.470339973172,0.0,6970,8174,E,2,65863,4,408,38500,65863,65,79,65.0,0.006869121948,1,20134.856325783574,60.78134673271728,2.4196451718779324,0.03980771895598148,2.0584170024654314,1.409645010631208,0.6971392273192529,9.91020773771421,-0.7542994985930412,0
124,5,14624.021978021978,60.99844843298394,2.2612230732008127,0.037151106839805416,1.936001617413258,1.0520649609449222,0.5436959432370309,14776.747252747251,61.83854435189663,2.651969663241266,0.04290700595006094,0.8388930383904347,0.4571817871662152,0.5500506911341035,6970_8174,1.5,1.0,0.5,293,2,54,1,293,1,293,0,1,292,54,408,E West Expy E,E,Freeway,0.470339973172,0.0,6970,8174,E,2,65863,4,408,38500,65863,65,79,65.0,0.006869121948,1,14700.384615384613,61.41849639244029,2.4565963682210397,0.04002905639493318,1.3874473279018464,0.7546233740555687,0.5468733171855672,9.595628936736427,-0.7542994985930412,0
125,6,12229.388235294118,61.16057821122178,2.462035968634332,0.04033297193788057,1.551538634964425,0.9146774615018302,0.5912736450805629,12317.151162790698,61.921781028210965,2.852046346025148,0.04618655986057435,0.6943854396856332,0.4544063813624201,0.6179065969134142,6970_8174,1.0,0.5,0.5,293,2,54,1,293,1,293,0,1,292,54,408,E West Expy E,E,Freeway,0.470339973172,0.0,6970,8174,E,2,65863,4,408,38500,65863,65,79,65.0,0.006869121948,1,12273.269699042408,61.541179619716374,2.65704115732974,0.04325976589922746,1.122962037325029,0.6845419214321251,0.6045901209969886,9.415178981345258,-0.7542994985930412,0
126,0,30405.51063829788,63.021674642904394,3.502480996891404,0.05616888130637772,4.2535295590693964,3.0347099042605388,0.7050733160440621,30319.127659574468,63.65588866676134,3.4524610305845265,0.05460955992401791,3.2219163471685053,2.154804798966516,0.6618787199635777,8009_6303,1.0,0.5,0.5,284,2,45,1,284,1,284,0,1,283,45,408,E West Expy E,E,Freeway,0.21678514424400006,0.0,8009,6303,E,2,65863,4,408,90000,65863,65,87,65.0,0.00356640114547,1,30362.319148936174,63.33878165483287,3.477471013737965,0.05538922061519781,3.7377229531189506,2.594757351613527,0.68347601800382,10.320957616897008,-1.5288485346242227,0
127,1,31898.265957446813,62.48585030792414,3.709705572132108,0.059738516615321674,4.400099894827587,3.1873847452889774,0.7162261857482718,31527.642105263163,63.32589169923237,3.674589495925399,0.058283083786737765,3.3602842484639464,2.282626794031218,0.6699569895339823,8009_6303,1.0,0.5,0.5,284,2,45,1,284,1,284,0,1,283,45,408,E West Expy E,E,Freeway,0.21678514424400006,0.0,8009,6303,E,2,65863,4,408,90000,65863,65,87,65.0,0.00356640114547,1,31712.954031354988,62.905871003578255,3.6921475340287535,0.05901080020102972,3.8801920716457667,2.7350057696600976,0.693091587641127,10.364480520915178,-1.5288485346242227,0
128,2,31960.021052631582,62.69111606376614,3.5578306587364392,0.05751552734864403,4.471535603582558,3.1922541080761144,0.7051351431459156,31783.589473684213,63.34883521344994,3.6495021662642193,0.05809530806667557,3.404546196636981,2.261880953379252,0.6570796897562629,8009_6303,0.5,0.5,0.0,284,2,45,1,284,1,284,0,1,283,45,408,E West Expy E,E,Freeway,0.21678514424400006,0.0,8009,6303,E,2,65863,4,408,90000,65863,65,87,65.0,0.00356640114547,1,31871.805263157898,63.01997563860804,3.6036664125003295,0.057805417707659804,3.93804090010977,2.727067530727683,0.6811074164510893,10.369477050399478,-1.5288485346242227,0
129,3,32087.7,62.63943745589,3.6364683419534485,0.0587434996764089,4.532183747331728,3.134953637307313,0.6861570034499499,31879.366666666665,63.32716738003295,3.608690919001453,0.05737338303730188,3.4008997994003387,2.2088860309023266,0.6420067200873725,8009_6303,1.5,1.0,0.5,284,2,45,1,284,1,284,0,1,283,45,408,E West Expy E,E,Freeway,0.21678514424400006,0.0,8009,6303,E,2,65863,4,408,90000,65863,65,87,65.0,0.00356640114547,1,31983.533333333333,62.98330241796147,3.6225796304774507,0.05805844135685539,3.9665417733660333,2.67191983410482,0.6640818617686612,10.37297646600509,-1.5288485346242227,0
130,4,33041.904255319154,63.094997345828254,3.070434359495325,0.04903317337913458,4.430815629614531,2.787998722326072,0.6257238027285362,32661.659574468085,63.475529802296045,3.263621904613724,0.05175761640967033,3.27807904126528,1.9519318429752075,0.5909828674510796,8009_6303,0.0,0.0,0.0,284,2,45,1,284,1,284,0,1,283,45,408,E West Expy E,E,Freeway,0.21678514424400006,0.0,8009,6303,E,2,65863,4,408,90000,65863,65,87,65.0,0.00356640114547,1,32851.78191489362,63.28526357406215,3.167028132054525,0.05039539489440245,3.8544473354399056,2.3699652826506394,0.6083533350898079,10.39976126642619,-1.5288485346242227,0
131,5,25533.228260869564,64.802220651911,2.3401915481546403,0.03630294284892915,3.3141262857203686,1.740882064092987,0.5242881256661569,25319.32608695652,64.92791235701537,2.6239367770023763,0.040547555222662963,2.3316811393730488,1.1501656451342612,0.4913311705863748,8009_6303,1.0,0.0,1.0,284,2,45,1,284,1,284,0,1,283,45,408,E West Expy E,E,Freeway,0.21678514424400006,0.0,8009,6303,E,2,65863,4,408,90000,65863,65,87,65.0,0.00356640114547,1,25426.27717391304,64.86506650446319,2.4820641625785083,0.038425249035796055,2.822903712546709,1.445523854613624,0.5078096481262658,10.143538452650722,-1.5288485346242227,0
132,6,21300.651162790702,65.42471236748992,2.6212384020893262,0.04032325094396276,2.7168407974669098,1.5708140100504075,0.5748286861558496,21280.08139534884,65.63573368235204,2.8623260018342966,0.0437951618094996,1.9291760730674803,1.0918810398029872,0.5598958133146372,8009_6303,1.5,1.0,0.5,284,2,45,1,284,1,284,0,1,283,45,408,E West Expy E,E,Freeway,0.21678514424400006,0.0,8009,6303,E,2,65863,4,408,90000,65863,65,87,65.0,0.00356640114547,1,21290.36627906977,65.53022302492099,2.7417822019618114,0.042059206376731176,2.323008435267195,1.3313475249266973,0.5673622497352434,9.966009962017118,-1.5288485346242227,0
133,0,23505.08988764045,54.27820905277601,6.750806862499645,0.12539993772648725,4.135172880858119,4.3244434444392414,1.0076278580689264,29029.0,63.14535610305188,5.680114356706492,0.09086626542535553,5.03844322887105,4.7410984429490926,0.9120169220935116,8033_8027,0.0,0.0,0.0,282,2,43,1,282,1,282,0,1,281,43,408,E West Expy E,E,Freeway,0.286919626549,0.0,8033,8027,S,2,65863,6,417,69354,65863,70,0,70.0,0.00472026513411,1,26267.044943820227,58.71178257791395,6.215460609603069,0.10813310157592139,4.586808054864584,4.532770943694167,0.9598223900812191,10.176070388488638,-1.2485531493105584,1
134,1,24060.913978494624,53.4438034658715,6.96822807900258,0.13136917051001776,4.4406292271816215,4.708450578543416,1.0360358721371918,33272.083333333336,61.97232458045867,7.958156517156294,0.12917200629857106,5.8998621488871565,5.619531918783443,0.9490437276573961,8033_8027,2.0,1.0,1.0,282,2,43,1,282,1,282,0,1,281,43,408,E West Expy E,E,Freeway,0.286919626549,0.0,8033,8027,S,2,65863,6,417,69354,65863,70,0,70.0,0.00472026513411,1,28666.49865591398,57.70806402316508,7.463192298079437,0.1302705884042944,5.170245688034389,5.16399124866343,0.992539799897294,10.26348442571015,-1.2485531493105584,1
135,2,24180.39560439561,53.40238550005779,7.010919283109463,0.13244452345492286,4.479292231324076,4.659800558018407,1.0164574582767605,33976.083333333336,62.41175745550745,6.855646510974133,0.11008568620272598,5.853050856197556,5.449487863045328,0.9259141427847764,8033_8027,2.5,2.0,0.5,282,2,43,1,282,1,282,0,1,281,43,408,E West Expy E,E,Freeway,0.286919626549,0.0,8033,8027,S,2,65863,6,417,69354,65863,70,0,70.0,0.00472026513411,1,29078.23946886447,57.90707147778262,6.933282897041798,0.12126510482882441,5.166171543760816,5.054644210531867,0.9711858005307684,10.277745388854134,-1.2485531493105584,1
136,3,24824.840909090908,53.2496309568561,7.051808762919638,0.13312081080338994,4.579904153932279,4.722941264571004,1.0060273847389316,34332.583333333336,62.247468860229255,7.018961103364282,0.11296000471200066,5.9496914624084765,5.482678631830272,0.918246023576788,8033_8027,0.5,0.5,0.0,282,2,43,1,282,1,282,0,1,281,43,408,E West Expy E,E,Freeway,0.286919626549,0.0,8033,8027,S,2,65863,6,417,69354,65863,70,0,70.0,0.00472026513411,1,29578.71212121212,57.74854990854268,7.03538493314196,0.1230404077576953,5.264797808170378,5.102809948200638,0.9621367041578598,10.294810196480306,-1.2485531493105584,1
137,4,25312.695652173912,54.04235028923053,5.510496180797827,0.10249540815304706,4.133417308305792,3.446702117836629,0.8174118481371957,34884.5,62.70716615560364,6.233609633391772,0.09972888225015854,5.873151905964407,5.040456216891196,0.8501712415787015,8033_8027,1.0,0.5,0.5,282,2,43,1,282,1,282,0,1,281,43,408,E West Expy E,E,Freeway,0.286919626549,0.0,8033,8027,S,2,65863,6,417,69354,65863,70,0,70.0,0.00472026513411,1,30098.597826086956,58.374758222417086,5.872052907094799,0.1011121452016028,5.003284607135099,4.2435791673639125,0.8337915448579486,10.312233865800975,-1.2485531493105584,1
138,5,19245.6,56.31205812301008,4.3118309965680135,0.07688520103869234,2.7729577898508,1.6640913406961162,0.5807523792662396,27383.090909090908,65.65717222504628,2.593042432692476,0.039495666171330567,3.864013079022548,2.2328466974617807,0.576187685659458,8033_8027,2.0,1.0,1.0,282,2,43,1,282,1,282,0,1,281,43,408,E West Expy E,E,Freeway,0.286919626549,0.0,8033,8027,S,2,65863,6,417,69354,65863,70,0,70.0,0.00472026513411,1,23314.34545454545,60.98461517402818,3.452436714630245,0.05819043360501146,3.318485434436674,1.9484690190789484,0.5784700324628488,10.05682413484214,-1.2485531493105584,1
139,6,15702.5,57.51662346719196,4.582455406418045,0.08007039920829044,2.2228957560656637,1.4369397681493985,0.6334156665890777,22841.3,66.56957288714875,2.3629788271341634,0.03553578949731514,3.0584793952943863,1.8828400635656202,0.6162032396321449,8033_8027,2.0,1.0,1.0,282,2,43,1,282,1,282,0,1,281,43,408,E West Expy E,E,Freeway,0.286919626549,0.0,8033,8027,S,2,65863,6,417,69354,65863,70,0,70.0,0.00472026513411,1,19271.9,62.04309817717036,3.4727171167761046,0.057803094352802786,2.640687575680025,1.6598899158575093,0.6248094531106112,9.866403355406193,-1.2485531493105584,1
140,0,37548.734042553195,66.91328017943803,2.917286979274392,0.048934170758243016,3.8046713906017535,2.6903426253398304,0.7064116525908369,39052.6914893617,65.3711558362132,2.594043586268371,0.039960224334132,2.8063635094259616,2.0473229959293704,0.7274194319589022,8114_8152,1.5,1.0,0.5,241,2,2,1,241,1,241,0,1,240,2,408,E West Expy E,E,Freeway,0.5765476459619999,0.0,8114,8152,E,2,65863,6,408,60500,65863,65,55,65.0,0.00945308858353,1,38300.71276595745,66.14221800782562,2.7556652827713815,0.044447197546187506,3.3055174500138573,2.3688328106346006,0.7169155422748696,10.55322378507279,-0.5506972957462031,1
141,1,38835.231578947365,66.98566898616123,3.092839107993198,0.048585212931938335,3.8899286197526894,2.7765328371934217,0.7128944436569002,40457.221052631576,65.12306070544228,2.7219044718771457,0.04206410095401274,2.9222128167537402,2.118616224800284,0.7219143490605909,8114_8152,1.0,1.0,0.0,241,2,2,1,241,1,241,0,1,240,2,408,E West Expy E,E,Freeway,0.5765476459619999,0.0,8114,8152,E,2,65863,6,408,60500,65863,65,55,65.0,0.00945308858353,1,39646.22631578947,66.05436484580176,2.907371789935172,0.045324656942975536,3.406070718253215,2.447574530996853,0.7174043963587455,10.587751047648066,-0.5506972957462031,1
142,2,39816.82795698925,67.12940360021052,2.8771920991022952,0.04310460531754995,4.002329182952061,2.8229362708042984,0.7044630762748272,40917.96808510638,65.06250034065131,2.7578761667666782,0.04272059781543669,2.9906223000142784,2.1888671318022417,0.7289820025519459,8114_8152,2.5,2.5,0.0,241,2,2,1,241,1,241,0,1,240,2,408,E West Expy E,E,Freeway,0.5765476459619999,0.0,8114,8152,E,2,65863,6,408,60500,65863,65,55,65.0,0.00945308858353,1,40367.39802104782,66.09595197043092,2.8175341329344867,0.04291260156649332,3.4964757414831698,2.5059017013032703,0.7167225394133865,10.605777758488829,-0.5506972957462031,1
143,3,39761.022222222215,67.10169684461319,2.8693372826137686,0.04313202590495183,4.068418976013732,2.7676153207681797,0.6802918299107485,41509.269662921346,65.03791754639569,2.6833401020684966,0.04153146699644051,3.042684483151393,2.1373370306416923,0.700850573457429,8114_8152,4.0,2.5,1.5,241,2,2,1,241,1,241,0,1,240,2,408,E West Expy E,E,Freeway,0.5765476459619999,0.0,8114,8152,E,2,65863,6,408,60500,65863,65,55,65.0,0.00945308858353,1,40635.14594257178,66.06980719550444,2.776338692341133,0.04233174645069617,3.5555517295825627,2.452476175704936,0.6905712016840888,10.612388634729319,-0.5506972957462031,1
144,4,42083.54255319149,67.25500307516553,2.6773966895214847,0.03994261040407807,4.228853429686292,2.6922008539168893,0.6369400742141361,44097.096774193546,65.1998365504605,2.605123233469555,0.040282489188035966,3.1630508815095566,2.0552588750422482,0.6501032950576322,8114_8152,2.0,1.5,0.5,241,2,2,1,241,1,241,0,1,240,2,408,E West Expy E,E,Freeway,0.5765476459619999,0.0,8114,8152,E,2,65863,6,408,60500,65863,65,55,65.0,0.00945308858353,1,43090.31966369251,66.22741981281303,2.64125996149552,0.04011254979605702,3.695952155597924,2.373729864479569,0.6435216846358842,10.671053649094608,-0.5506972957462031,1
145,5,32644.08695652174,68.81656029910931,2.2938054789178075,0.033443210933517695,3.161353766011498,1.9262225424513943,0.6054088272944781,34749.47252747253,66.30132463948367,2.368474757406569,0.03584603428879833,2.232338980681777,1.3645688328419152,0.6111474043584352,8114_8152,1.0,0.5,0.5,241,2,2,1,241,1,241,0,1,240,2,408,E West Expy E,E,Freeway,0.5765476459619999,0.0,8114,8152,E,2,65863,6,408,60500,65863,65,55,65.0,0.00945308858353,1,33696.77974199713,67.55894246929648,2.331140118162188,0.03464462261115801,2.6968463733466375,1.645395687646655,0.6082781158264566,10.425157555157332,-0.5506972957462031,1
146,6,25859.988372093023,69.66796658243766,2.5104547034368,0.036182542893495,2.4751968689006176,1.6525288975321908,0.6658983886246219,27360.94186046512,66.61083186273677,2.650789012029378,0.039923900019404254,1.6831842847739094,1.1148028184757066,0.662874112571269,8114_8152,0.5,0.5,0.0,241,2,2,1,241,1,241,0,1,240,2,408,E West Expy E,E,Freeway,0.5765476459619999,0.0,8114,8152,E,2,65863,6,408,60500,65863,65,55,65.0,0.00945308858353,1,26610.46511627907,68.13939922258722,2.580621857733089,0.038053221456449626,2.0791905768372634,1.3836658580039487,0.6643862505979454,10.189059842822326,-0.5506972957462031,1
147,0,39559.425531914894,70.08384649055603,2.8774547901775764,0.04133147299761848,2.7857414693301754,2.3615165934370825,0.8284496014347368,73734.62365591398,64.81417093226639,2.9941098720676256,0.046582036912666575,3.2390650905824225,2.819902692607404,0.8468431961778906,8144_8146,1.5,1.0,0.5,242,2,3,1,242,1,242,0,1,241,3,408,E West Expy E,E,Freeway,0.794468178966,0.0,8144,8146,E,2,65863,4,408,73500,65863,65,77,65.0,0.0130467443582,1,56647.02459391444,67.44900871141121,2.935782331122601,0.04395675495514253,3.012403279956299,2.590709643022243,0.8376463988063136,10.944594742462748,-0.23008234545503217,0
148,1,40950.927083333336,69.76713965344052,3.112851683389763,0.0448823309576889,2.8757141737627947,2.3520775518006176,0.8104091573295759,76758.9052631579,64.3393407747368,3.541236267118188,0.05543987097595258,3.3830988990037145,2.9710604028555285,0.8619802301684663,8144_8146,1.5,1.0,0.5,242,2,3,1,242,1,242,0,1,241,3,408,E West Expy E,E,Freeway,0.794468178966,0.0,8144,8146,E,2,65863,4,408,73500,65863,65,77,65.0,0.0130467443582,1,58854.91617324561,67.05324021408866,3.3270439752539755,0.050161100966820735,3.1294065363832546,2.661568977328073,0.836194693749021,10.982830646552738,-0.23008234545503217,0
149,2,41701.6,69.75969194423996,2.9372003435918463,0.042258806162774526,2.9394316846415056,2.331103206408375,0.7873666345464386,76845.65263157895,64.14806255655465,3.349226107185122,0.05276898953536368,3.406443621944313,2.8388179076619213,0.8237414371420976,8144_8146,1.0,1.0,0.0,242,2,3,1,242,1,242,0,1,241,3,408,E West Expy E,E,Freeway,0.794468178966,0.0,8144,8146,E,2,65863,4,408,73500,65863,65,77,65.0,0.0130467443582,1,59273.62631578947,66.95387725039731,3.143213225388484,0.047513897849069106,3.172937653292909,2.5849605570351484,0.8055540358442681,10.98991973589981,-0.23008234545503217,0
150,3,41902.711111111115,69.88489341445016,2.7359555110271603,0.03932185813543794,2.966649644995113,2.3053628803617703,0.7733408531297733,77942.42222222223,64.48166290513555,2.948957850035615,0.04606305633267314,3.434614204912565,2.775395658144073,0.8017793178371179,8144_8146,0.5,0.5,0.0,242,2,3,1,242,1,242,0,1,241,3,408,E West Expy E,E,Freeway,0.794468178966,0.0,8144,8146,E,2,65863,4,408,73500,65863,65,77,65.0,0.0130467443582,1,59922.56666666667,67.18327815979285,2.8424566805313876,0.04269245723405554,3.2006319249538393,2.540379269252922,0.7875600854834456,11.00080845216468,-0.23008234545503217,0
151,4,43862.52127659576,70.13961566531782,2.52589711321648,0.03620367658579713,3.0234656074614548,2.093609187256264,0.6921627281128316,84950.87234042553,64.75685121382902,2.4902888685118247,0.03867684426808073,3.521167784241304,2.4668239640262626,0.7001200354500808,8144_8146,0.0,0.0,0.0,242,2,3,1,242,1,242,0,1,241,3,408,E West Expy E,E,Freeway,0.794468178966,0.0,8144,8146,E,2,65863,4,408,73500,65863,65,77,65.0,0.0130467443582,1,64406.69680851065,67.44823343957341,2.508092990864152,0.03744026042693893,3.272316695851379,2.2802165756412633,0.6961413817814562,11.07297289439589,-0.23008234545503217,0
152,5,34058.29347826087,71.26452830805802,2.4272995898438467,0.034292256795645765,2.0894554584353684,1.399500055411257,0.6521736123016432,65959.29347826086,65.88441243722808,2.4642339631928207,0.03758899963561324,2.41416357060914,1.5439434603371205,0.6385675165233023,8144_8146,0.5,0.5,0.0,242,2,3,1,242,1,242,0,1,241,3,408,E West Expy E,E,Freeway,0.794468178966,0.0,8144,8146,E,2,65863,4,408,73500,65863,65,77,65.0,0.0130467443582,1,50008.793478260865,68.57447037264305,2.445766776518334,0.0359406282156295,2.2518095145222543,1.4717217578741888,0.6453705644124728,10.819954138512262,-0.23008234545503217,0
153,6,26433.793103448275,71.55039344672281,2.55154719235562,0.035729614562103176,1.5072245157129711,1.0421985498016004,0.6914089717461891,50395.22988505747,66.24161699754728,2.6306860951228237,0.0398483642955119,1.7716774636175099,1.23193280394558,0.6953422179033105,8144_8146,4.0,2.5,1.5,242,2,3,1,242,1,242,0,1,241,3,408,E West Expy E,E,Freeway,0.794468178966,0.0,8144,8146,E,2,65863,4,408,73500,65863,65,77,65.0,0.0130467443582,1,38414.511494252874,68.89600522213505,2.591116643739222,0.03778898942880754,1.6394509896652405,1.1370656768735903,0.6933755948247498,10.556190570684445,-0.23008234545503217,0
154,0,73734.62365591398,64.81417093226639,2.9941098720676256,0.046582036912666575,3.2390650905824225,2.819902692607404,0.8468431961778906,41308.643678160915,68.72278673661708,3.2476927875871318,0.047687157767665085,2.824135473432892,2.7037306059791213,0.9285045543789692,8146_6068,0.5,0.0,0.5,245,2,6,1,245,1,245,0,1,244,6,408,E West Expy E,E,Freeway,0.252243134747,0.0,8146,6068,E,2,65863,6,408,73500,65863,65,67,65.0,0.0041325401507100006,1,57521.633667037444,66.76847883444174,3.1209013298273787,0.047134597340165826,3.0316002820076573,2.7618166492932623,0.8876738752784299,10.959916393713398,-1.3773618361861761,1
155,1,76758.9052631579,64.3393407747368,3.541236267118188,0.05543987097595258,3.3830988990037145,2.9710604028555285,0.8619802301684663,42926.066666666666,68.33026315721727,3.8820894706011297,0.05728835711631468,3.0092279829488606,2.8737381823628483,0.9312277314667966,8146_6068,1.5,1.5,0.0,245,2,6,1,245,1,245,0,1,244,6,408,E West Expy E,E,Freeway,0.252243134747,0.0,8146,6068,E,2,65863,6,408,73500,65863,65,67,65.0,0.0041325401507100006,1,59842.48596491228,66.33480196597704,3.711662868859659,0.05636411404613363,3.196163440976288,2.9223992926091884,0.8966039808176314,10.999471155316739,-1.3773618361861761,1
156,2,76845.65263157895,64.14806255655465,3.349226107185122,0.05276898953536368,3.406443621944313,2.8388179076619213,0.8237414371420976,43962.8,68.29020468489277,3.6231898836348257,0.05338089776667887,3.0276972039371244,2.7450845361813045,0.8919064138183102,8146_6068,1.0,1.0,0.0,245,2,6,1,245,1,245,0,1,244,6,408,E West Expy E,E,Freeway,0.252243134747,0.0,8146,6068,E,2,65863,6,408,73500,65863,65,67,65.0,0.0041325401507100006,1,60404.22631578948,66.21913362072371,3.486207995409974,0.05307494365102128,3.2170704129407186,2.7919512219216127,0.8578239254802038,11.008814353590692,-1.3773618361861761,1
157,3,77942.42222222223,64.48166290513555,2.948957850035615,0.04606305633267314,3.434614204912565,2.775395658144073,0.8017793178371179,44075.38372093024,68.4317711523898,3.446725494091566,0.050729489789732816,3.0362181338712326,2.7164225904480195,0.8797659202494371,8146_6068,0.5,0.5,0.0,245,2,6,1,245,1,245,0,1,244,6,408,E West Expy E,E,Freeway,0.252243134747,0.0,8146,6068,E,2,65863,6,408,73500,65863,65,67,65.0,0.0041325401507100006,1,61008.90297157623,66.45671702876268,3.1978416720635905,0.04839627306120298,3.2354161693918986,2.7459091242960465,0.8407726190432775,11.01877508285944,-1.3773618361861761,1
158,4,84950.87234042553,64.75685121382902,2.4902888685118247,0.03867684426808073,3.521167784241304,2.4668239640262626,0.7001200354500808,45665.56043956044,68.88861831075376,2.4749765415743465,0.03611564491421579,3.0394035483045583,2.14384397270864,0.7080009970121021,8146_6068,1.0,0.5,0.5,245,2,6,1,245,1,245,0,1,244,6,408,E West Expy E,E,Freeway,0.252243134747,0.0,8146,6068,E,2,65863,6,408,73500,65863,65,67,65.0,0.0041325401507100006,1,65308.21638999299,66.82273476229139,2.482632705043086,0.037396244591148264,3.280285666272931,2.305333968367451,0.7040605162310914,11.086873132617074,-1.3773618361861761,1
159,5,65959.29347826086,65.88441243722808,2.4642339631928207,0.03758899963561324,2.41416357060914,1.5439434603371205,0.6385675165233023,35834.45977011494,70.04612243707864,2.5736045890584616,0.03702915539376106,2.0592696157733563,1.3904234362246972,0.6677322933460647,8146_6068,0.5,0.5,0.0,245,2,6,1,245,1,245,0,1,244,6,408,E West Expy E,E,Freeway,0.252243134747,0.0,8146,6068,E,2,65863,6,408,73500,65863,65,67,65.0,0.0041325401507100006,1,50896.876624187906,67.96526743715336,2.518919276125641,0.03730907751468715,2.2367165931912485,1.4671834482809087,0.6531499049346835,10.837556837673274,-1.3773618361861761,1
160,6,50395.22988505747,66.24161699754728,2.6306860951228237,0.0398483642955119,1.7716774636175099,1.23193280394558,0.6953422179033105,27977.060975609755,70.35151716176382,2.515269836909761,0.035812537187742965,1.4928271474945156,1.0516665803488028,0.7064223745419833,8146_6068,0.0,0.0,0.0,245,2,6,1,245,1,245,0,1,244,6,408,E West Expy E,E,Freeway,0.252243134747,0.0,8146,6068,E,2,65863,6,408,73500,65863,65,67,65.0,0.0041325401507100006,1,39186.145430333614,68.29656707965555,2.5729779660162926,0.03783045074162743,1.6322523055560128,1.1417996921471913,0.7008822962226469,10.576078530406773,-1.3773618361861761,1
161,0,39052.6914893617,65.3711558362132,2.594043586268371,0.039960224334132,2.8063635094259616,2.0473229959293704,0.7274194319589022,39335.67021276596,65.634237191211,2.6203931158871083,0.04013032823366131,3.0099538966567483,2.3635345949105906,0.7842224566240542,8152_8154,0.0,0.0,0.0,244,2,5,1,244,1,244,0,1,243,5,408,E West Expy E,E,Freeway,0.19067652346500005,0.0,8152,8154,E,2,65863,6,408,73500,65863,65,77,65.0,0.00312739818786,1,39194.18085106383,65.5026965137121,2.60721835107774,0.04004527628389666,2.908158703041355,2.2054287954199805,0.7558209442914783,10.576283567082164,-1.657176881111911,1
162,1,40457.221052631576,65.12306070544228,2.7219044718771457,0.04206410095401274,2.9222128167537402,2.118616224800284,0.7219143490605909,41186.28421052632,65.32794250451335,2.7750919779485352,0.04269801891873391,3.1408420619266377,2.450064243015942,0.7765497686624931,8152_8154,0.5,0.0,0.5,244,2,5,1,244,1,244,0,1,243,5,408,E West Expy E,E,Freeway,0.19067652346500005,0.0,8152,8154,E,2,65863,6,408,73500,65863,65,77,65.0,0.00312739818786,1,40821.752631578944,65.22550160497781,2.7484982249128405,0.042381059936373325,3.0315274393401888,2.2843402339081127,0.749232058861542,10.616970371051607,-1.657176881111911,1
163,2,40917.96808510638,65.06250034065131,2.7578761667666782,0.04272059781543669,2.9906223000142784,2.1888671318022417,0.7289820025519459,41072.21052631579,65.3245606746729,2.7520956982364666,0.04235594902692481,3.1672346427490083,2.4345770707959358,0.765438701505203,8152_8154,0.0,0.0,0.0,244,2,5,1,244,1,244,0,1,243,5,408,E West Expy E,E,Freeway,0.19067652346500005,0.0,8152,8154,E,2,65863,6,408,73500,65863,65,77,65.0,0.00312739818786,1,40995.08930571108,65.1935305076621,2.7549859325015724,0.04253827342118075,3.0789284713816434,2.3117221012990887,0.7472103520285744,10.621207565481646,-1.657176881111911,1
164,3,41509.269662921346,65.03791754639569,2.6833401020684966,0.04153146699644051,3.042684483151393,2.1373370306416923,0.700850573457429,42281.96629213483,65.14569869367686,2.771434017945724,0.04282834185229878,3.285262465501013,2.505156512402948,0.7577028692799941,8152_8154,0.0,0.0,0.0,244,2,5,1,244,1,244,0,1,243,5,408,E West Expy E,E,Freeway,0.19067652346500005,0.0,8152,8154,E,2,65863,6,408,73500,65863,65,77,65.0,0.00312739818786,1,41895.61797752809,65.09180812003628,2.7273870600071106,0.04217990442436964,3.163973474326203,2.32124677152232,0.7292767213687115,10.642936517565834,-1.657176881111911,1
165,4,44097.096774193546,65.1998365504605,2.605123233469555,0.040282489188035966,3.1630508815095566,2.0552588750422482,0.6501032950576322,44214.7311827957,65.34650266871495,2.619735591310868,0.04036630801659609,3.345629137675121,2.319545964207796,0.6931902849313292,8152_8154,0.5,0.5,0.0,244,2,5,1,244,1,244,0,1,243,5,408,E West Expy E,E,Freeway,0.19067652346500005,0.0,8152,8154,E,2,65863,6,408,73500,65863,65,77,65.0,0.00312739818786,1,44155.913978494624,65.27316960958773,2.6124294123902114,0.04032439860231603,3.2543400095923385,2.1874024196250224,0.6716467899944807,10.695482149009129,-1.657176881111911,1
166,5,34749.47252747253,66.30132463948367,2.368474757406569,0.03584603428879833,2.232338980681777,1.3645688328419152,0.6111474043584352,34164.9010989011,66.43917948132733,2.2771334235424314,0.03439949071142312,2.2895392279824667,1.4516975521884845,0.6340215286013735,8152_8154,0.0,0.0,0.0,244,2,5,1,244,1,244,0,1,243,5,408,E West Expy E,E,Freeway,0.19067652346500005,0.0,8152,8154,E,2,65863,6,408,73500,65863,65,77,65.0,0.00312739818786,1,34457.18681318681,66.3702520604055,2.3228040904745004,0.035122762500110725,2.260939104332122,1.4081331925151999,0.6225844664799043,10.447472870451957,-1.657176881111911,1
167,6,27360.94186046512,66.61083186273677,2.650789012029378,0.039923900019404254,1.6831842847739094,1.1148028184757066,0.662874112571269,26379.383720930233,66.88731133196079,2.4668016353930486,0.03701233317226254,1.6644207157516606,1.135984872823177,0.6833571898434019,8152_8154,0.0,0.0,0.0,244,2,5,1,244,1,244,0,1,243,5,408,E West Expy E,E,Freeway,0.19067652346500005,0.0,8152,8154,E,2,65863,6,408,73500,65863,65,77,65.0,0.00312739818786,1,26870.162790697676,66.74907159734877,2.5587953237112133,0.03846811659583339,1.673802500262785,1.125393845649442,0.6731156512073355,10.198771760046625,-1.657176881111911,1
168,0,42423.645161290326,65.98495120099443,3.959386630118769,0.06059782759050561,2.7693461456682344,2.6500741294735937,0.9256558619053259,46618.87777777779,59.24383723588779,3.774516753567593,0.06416653875770813,2.683536472893997,2.50372544965093,0.9023680366068636,8205_6294,2.5,2.0,0.5,249,2,10,1,249,1,249,0,1,248,10,408,E West Expy E,E,Freeway,0.654533766357,0.0,8205,6294,E,2,65863,6,408,66500,65863,65,65,65.0,0.0107680165062,1,44521.26146953406,62.614394218441106,3.866951691843181,0.06238218317410687,2.7264413092811157,2.576899789562262,0.9140119492560947,10.70372213988325,-0.42383210389038156,1
169,1,44032.378947368416,65.24400535156677,5.159824300767724,0.08015267363927837,3.0294926015744714,3.2111957543799075,1.0166740985703495,48319.619565217385,58.65318222923619,4.691838490806823,0.08074938174372037,2.960662636618064,3.05681849531244,0.9905719513861054,8205_6294,3.0,2.5,0.5,249,2,10,1,249,1,249,0,1,248,10,408,E West Expy E,E,Freeway,0.654533766357,0.0,8205,6294,E,2,65863,6,408,66500,65863,65,65,65.0,0.0107680165062,1,46175.9992562929,61.948593790401475,4.925831395787274,0.08045102769149937,2.995077619096268,3.134007124846174,1.0036230249782274,10.740215445467674,-0.42383210389038156,1
170,2,45393.64893617021,65.18816309841226,5.032633019390576,0.07793050939382108,3.0482964133120083,3.0324816368606786,0.974187368777654,48805.978021978015,58.62578789189593,4.523117959253021,0.07776211722671231,2.9646996970433617,2.8620456506558125,0.9407407894715508,8205_6294,3.0,2.5,0.5,249,2,10,1,249,1,249,0,1,248,10,408,E West Expy E,E,Freeway,0.654533766357,0.0,8205,6294,E,2,65863,6,408,66500,65863,65,65,65.0,0.0107680165062,1,47099.81347907412,61.9069754951541,4.777875489321799,0.0778463133102667,3.006498055177685,2.9472636437582453,0.9574640791246024,10.760024319892084,-0.42383210389038156,1
171,3,45215.07777777778,65.29474082177491,4.923937810300459,0.0761712362178005,3.062487072452988,3.029749951053058,0.9610257926841428,49137.816091954024,58.67237273472535,4.438227304091728,0.07625190519532457,2.96611210361024,2.818778151992059,0.9240620334913816,8205_6294,2.0,1.5,0.5,249,2,10,1,249,1,249,0,1,248,10,408,E West Expy E,E,Freeway,0.654533766357,0.0,8205,6294,E,2,65863,6,408,66500,65863,65,65,65.0,0.0107680165062,1,47176.446934865904,61.98355677825013,4.681082557196094,0.07621157070656254,3.014299588031614,2.9242640515225586,0.9425439130877622,10.761650041411661,-0.42383210389038156,1
172,4,47311.3085106383,66.05824011519603,3.1188345727520987,0.04766353423066027,2.9448699150853725,2.2305859355701516,0.7483186574996493,51177.417582417576,59.04893939602602,3.3157832444886317,0.056742189177081785,2.785438401004808,2.1116966787550586,0.7444331342660532,8205_6294,3.5,3.5,0.0,249,2,10,1,249,1,249,0,1,248,10,408,E West Expy E,E,Freeway,0.654533766357,0.0,8205,6294,E,2,65863,6,408,66500,65863,65,65,65.0,0.0107680165062,1,49244.36304652794,62.55358975561103,3.2173089086203652,0.05220286170387103,2.8651541580450903,2.171141307162605,0.7463758958828512,10.804550184141595,-0.42383210389038156,1
173,5,35852.05434782609,67.22685065482405,2.2015730764427053,0.03294231790717481,1.9450391748161056,1.216688260904914,0.6239561063041845,39689.393258426964,60.31941142785196,2.2535335871181026,0.03759805242821,1.8498646348393937,1.0490230477098412,0.5677981517515284,8205_6294,2.0,1.5,0.5,249,2,10,1,249,1,249,0,1,248,10,408,E West Expy E,E,Freeway,0.654533766357,0.0,8205,6294,E,2,65863,6,408,66500,65863,65,65,65.0,0.0107680165062,1,37770.72380312653,63.773131041338004,2.227553331780404,0.03527018516769241,1.8974519048277496,1.1328556543073778,0.5958771290278564,10.539289578962826,-0.42383210389038156,1
174,6,28576.116279069767,67.67879180288273,2.298052654766105,0.03407131379471639,1.4364966260175542,0.9946547381179534,0.6901256842618411,31223.11904761905,60.801796708809604,2.433407582201507,0.040237793106872484,1.4326115181248924,0.9797314374554892,0.6699816939144485,8205_6294,1.5,0.5,1.0,249,2,10,1,249,1,249,0,1,248,10,408,E West Expy E,E,Freeway,0.654533766357,0.0,8205,6294,E,2,65863,6,408,66500,65863,65,65,65.0,0.0107680165062,1,29899.61766334441,64.24029425584617,2.365730118483806,0.037154553450794436,1.4345540720712233,0.9871930877867212,0.6800536890881448,10.305600972117904,-0.42383210389038156,1
175,0,41931.82795698925,66.39166951094046,3.0317937116038736,0.04603363836618166,3.5059321260659786,3.0788513566106235,0.8589134961460245,42423.645161290326,65.98495120099443,3.959386630118769,0.06059782759050561,2.7693461456682344,2.6500741294735937,0.9256558619053259,8208_8205,0.0,0.0,0.0,248,2,9,1,248,1,248,0,1,247,9,408,E West Expy E,E,Freeway,0.492966891604,0.0,8208,8205,N,3,65863,6,435,35610,65863,65,110,65.0,0.00803485256424,1,42177.73655913978,66.18831035596745,3.4955901708613215,0.05331573297834363,3.1376391358671065,2.8644627430421084,0.8922846790256752,10.64964779112162,-0.7073132641844366,1
176,1,43292.642105263156,65.80571730001887,4.040851767033455,0.06213556203312352,3.766903164309359,3.594683001712748,0.9261734750601788,44032.378947368416,65.24400535156677,5.159824300767724,0.08015267363927837,3.0294926015744714,3.2111957543799075,1.0166740985703495,8208_8205,0.0,0.0,0.0,248,2,9,1,248,1,248,0,1,247,9,408,E West Expy E,E,Freeway,0.492966891604,0.0,8208,8205,N,3,65863,6,435,35610,65863,65,110,65.0,0.00803485256424,1,43662.51052631579,65.52486132579281,4.60033803390059,0.07114411783620095,3.3981978829419153,3.4029393780463275,0.9714237868152642,10.684245130198729,-0.7073132641844366,1
177,2,44532.70212765958,65.79267593795312,3.7032292242184974,0.05674275659699074,3.8194723296650235,3.4273763974429787,0.8826287665265921,45393.64893617021,65.18816309841226,5.032633019390576,0.07793050939382108,3.0482964133120083,3.0324816368606786,0.974187368777654,8208_8205,2.5,1.5,1.0,248,2,9,1,248,1,248,0,1,247,9,408,E West Expy E,E,Freeway,0.492966891604,0.0,8208,8205,N,3,65863,6,435,35610,65863,65,110,65.0,0.00803485256424,1,44963.175531914894,65.49041951818269,4.367931121804537,0.0673366329954059,3.433884371488516,3.2299290171518287,0.928408067652123,10.71359911223163,-0.7073132641844366,1
178,3,44404.888888888876,65.94753176886597,3.622841924291999,0.05538022598316653,3.84553454179436,3.409547852798529,0.8710003590252247,45215.07777777778,65.29474082177491,4.923937810300459,0.0761712362178005,3.062487072452988,3.029749951053058,0.9610257926841428,8208_8205,2.0,2.0,0.0,248,2,9,1,248,1,248,0,1,247,9,408,E West Expy E,E,Freeway,0.492966891604,0.0,8208,8205,N,3,65863,6,435,35610,65863,65,110,65.0,0.00803485256424,1,44809.98333333332,65.62113629532044,4.273389867296229,0.06577573110048351,3.454010807123674,3.2196489019257934,0.9160130758546837,10.710186235839332,-0.7073132641844366,1
179,4,46716.54255319149,66.45975175908642,2.443551714122876,0.03697718496233969,3.7887925953514934,2.6460112267918743,0.6971934390864738,47311.3085106383,66.05824011519603,3.1188345727520987,0.04766353423066027,2.9448699150853725,2.2305859355701516,0.7483186574996493,8208_8205,3.5,3.5,0.0,248,2,9,1,248,1,248,0,1,247,9,408,E West Expy E,E,Freeway,0.492966891604,0.0,8208,8205,N,3,65863,6,435,35610,65863,65,110,65.0,0.00803485256424,1,47013.925531914894,66.25899593714122,2.7811931434374877,0.042320359596499976,3.366831255218433,2.438298581181013,0.7227560482930615,10.758199124720683,-0.7073132641844366,1
180,5,35693.369565217385,67.41473211853035,2.337492048245339,0.03495956734389799,2.6063533958091227,1.5936473426185165,0.6076911478142634,35852.05434782609,67.22685065482405,2.2015730764427053,0.03294231790717481,1.9450391748161056,1.216688260904914,0.6239561063041845,8208_8205,1.0,1.0,0.0,248,2,9,1,248,1,248,0,1,247,9,408,E West Expy E,E,Freeway,0.492966891604,0.0,8208,8205,N,3,65863,6,435,35610,65863,65,110,65.0,0.00803485256424,1,35772.711956521736,67.3207913866772,2.269532562344022,0.0339509426255364,2.2756962853126144,1.4051678017617153,0.6158236270592239,10.484940645887992,-0.7073132641844366,1
181,6,28145.22988505747,67.7967731846101,2.23900701395014,0.033109554472267134,1.9247395673039136,1.24851920024252,0.6474682065190137,28576.116279069767,67.67879180288273,2.298052654766105,0.03407131379471639,1.4364966260175542,0.9946547381179534,0.6901256842618411,8208_8205,0.5,0.5,0.0,248,2,9,1,248,1,248,0,1,247,9,408,E West Expy E,E,Freeway,0.492966891604,0.0,8208,8205,N,3,65863,6,435,35610,65863,65,110,65.0,0.00803485256424,1,28360.67308206362,67.73778249374641,2.2685298343581226,0.03359043413349176,1.680618096660734,1.1215869691802367,0.6687969453904274,10.252758713864557,-0.7073132641844366,1
182,0,51469.09782608696,58.62242585690928,6.617911280533402,0.11422174017269796,4.9179989968733855,5.093793544489643,0.9992573183707536,44646.595744680846,62.94579845051594,8.228015009378511,0.13211584729861994,5.111495584611653,5.5127026931654335,1.04271349574585,8213_8169,1.5,0.5,1.0,259,2,20,1,259,1,259,0,1,258,20,408,E West Expy E,E,Freeway,0.282358229389,0.0,8213,8169,E,2,65863,6,408,84500,65863,55,71,55.0,0.0044210546512200005,1,48057.8467853839,60.78411215371261,7.422963144955957,0.12316879373565895,5.01474729074252,5.303248118827538,1.0209854070583018,10.78016070565225,-1.2645786972317163,1
183,1,53028.27368421053,57.25167120008956,8.804149258420715,0.15589742386950628,5.696164726508702,6.571085416481396,1.113321028306193,46111.78125,61.57565618921751,10.273617883131672,0.1690271815694853,5.849756054051423,6.7568748016963065,1.121812847012386,8213_8169,3.0,2.0,1.0,259,2,20,1,259,1,259,0,1,258,20,408,E West Expy E,E,Freeway,0.282358229389,0.0,8213,8169,E,2,65863,6,408,84500,65863,55,71,55.0,0.0044210546512200005,1,49570.02746710526,59.413663694653536,9.538883570776193,0.1624623027194958,5.772960390280062,6.663980109088851,1.1175669376592894,10.811141645121895,-1.2645786972317163,1
184,2,54263.57894736842,56.91864728205203,9.240569440863196,0.16450337298432852,5.952686403711076,6.7394896786594805,1.097314753987737,46400.242105263154,61.258061363394745,10.710066183892993,0.17700314279159707,6.1086346099416735,6.965557172215747,1.1059646102366434,8213_8169,2.5,0.5,2.0,259,2,20,1,259,1,259,0,1,258,20,408,E West Expy E,E,Freeway,0.282358229389,0.0,8213,8169,E,2,65863,6,408,84500,65863,55,71,55.0,0.0044210546512200005,1,50331.91052631578,59.08835432272339,9.975317812378094,0.1707532578879628,6.030660506826375,6.852523425437614,1.1016396821121903,10.826394559040322,-1.2645786972317163,1
185,3,54585.43333333333,56.63850462816306,9.605380099350832,0.1718229787783806,6.113122151854001,6.976022896560202,1.1055501711030034,46874.57303370785,60.917380796281606,11.062980640442436,0.1839927952061357,6.258477013037328,7.107321565328717,1.1011224781977489,8213_8169,4.0,2.5,1.5,259,2,20,1,259,1,259,0,1,258,20,408,E West Expy E,E,Freeway,0.282358229389,0.0,8213,8169,E,2,65863,6,408,84500,65863,55,71,55.0,0.0044210546512200005,1,50730.00318352059,58.777942712222334,10.334180369896634,0.17790788699225815,6.185799582445664,7.041672230944459,1.103336324650376,10.834272793314934,-1.2645786972317163,1
186,4,56673.829787234026,57.93996625615339,6.919801847239866,0.12185548384172352,5.4888209894860145,5.2548245606703805,0.9164188708428048,48324.787234042546,62.43520047432008,8.482751888523088,0.1384407615580348,5.616714345105727,5.544399699643844,0.9475904322460436,8213_8169,2.0,1.0,1.0,259,2,20,1,259,1,259,0,1,258,20,408,E West Expy E,E,Freeway,0.282358229389,0.0,8213,8169,E,2,65863,6,408,84500,65863,55,71,55.0,0.0044210546512200005,1,52499.308510638286,60.18758336523673,7.701276867881477,0.13014812269987916,5.552767667295871,5.399612130157112,0.9320046515444242,10.868555277267037,-1.2645786972317163,1
187,5,42301.45054945055,61.29870472412308,2.7363284032648743,0.0453363453721047,3.122677653068441,2.084662474124644,0.630741160647321,36004.869565217385,66.51773806713899,2.9802449032101737,0.04537023291558318,3.1805888350590394,2.0123875333758474,0.6088743315711301,8213_8169,0.5,0.0,0.5,259,2,20,1,259,1,259,0,1,258,20,408,E West Expy E,E,Freeway,0.282358229389,0.0,8213,8169,E,2,65863,6,408,84500,65863,55,71,55.0,0.0044210546512200005,1,39153.16005733397,63.90822139563103,2.858286653237524,0.04535328914384394,3.1516332440637402,2.0485250037502456,0.6198077461092255,10.57523641482396,-1.2645786972317163,1
188,6,32577.197674418603,62.42120850201528,2.331940727756216,0.037476665692383115,2.2178679410316557,1.431906412262994,0.6401919338948897,28378.94252873563,67.34118511581522,2.5816307732427606,0.038568966046387335,2.3311781573938286,1.5008276372887412,0.6310320483750474,8213_8169,0.5,0.5,0.0,259,2,20,1,259,1,259,0,1,258,20,408,E West Expy E,E,Freeway,0.282358229389,0.0,8213,8169,E,2,65863,6,408,84500,65863,55,71,55.0,0.0044210546512200005,1,30478.07010157712,64.88119680891525,2.4567857504994883,0.038022815869385225,2.274523049212742,1.4663670247758676,0.6356119911349686,10.324762690918593,-1.2645786972317163,1
189,0,50397.074468085106,58.73079657079616,10.257164098250527,0.1765595778372569,5.889657184275843,6.991595024361968,1.1549762595173934,52162.936170212764,56.199328493147114,11.148461902133212,0.2005875155522312,6.4148862316273805,7.6020900685138475,1.157034466593296,8242_8248,1.5,1.5,0.0,256,2,17,1,256,1,256,0,1,255,17,408,E West Expy E,E,Freeway,0.265859066452,0.0,8242,8248,S,3,65863,4,17,35500,65863,55,131,55.0,0.00437326939294,1,51280.005319148935,57.46506253197164,10.70281300019187,0.18857354669474405,6.152271707951612,7.296842546437908,1.1560053630553446,10.8450561953221,-1.3247889359759157,0
190,1,51951.8125,57.51196024417376,11.590444135992492,0.20393440541113536,6.5614815931796775,7.91473413464218,1.1762297011002485,53763.78125,54.88424808623316,12.237939353390287,0.2258731164091236,7.106475338000162,8.461864452288067,1.1644949181638231,8242_8248,1.5,1.0,0.5,256,2,17,1,256,1,256,0,1,255,17,408,E West Expy E,E,Freeway,0.265859066452,0.0,8242,8248,S,3,65863,4,17,35500,65863,55,131,55.0,0.00437326939294,1,52857.796875,56.19810416520346,11.91419174469139,0.21490376091012947,6.83397846558992,8.188299293465123,1.170362309632036,10.875360508799355,-1.3247889359759157,0
191,2,52995.936842105264,57.11887797112063,11.750164709555738,0.20809190409858372,6.786405576545439,8.031876610627169,1.154352394296877,54669.042105263165,54.67702123673754,12.227823232672264,0.2263732082653714,7.245476844661014,8.423846449479237,1.1371570349900793,8242_8248,1.0,0.5,0.5,256,2,17,1,256,1,256,0,1,255,17,408,E West Expy E,E,Freeway,0.265859066452,0.0,8242,8248,S,3,65863,4,17,35500,65863,55,131,55.0,0.00437326939294,1,53832.48947368421,55.897949603929085,11.988993971114002,0.21723255618197757,7.015941210603227,8.227861530053204,1.1457547146434781,10.89363245744244,-1.3247889359759157,0
192,3,53141.16666666666,56.86610852917193,12.001738651183665,0.213831622354053,6.932463334310597,8.18910722113332,1.1532178243031668,54921.41111111111,54.4158985222099,12.44797877542658,0.2320254374413635,7.425464763102963,8.633887496155774,1.1378236877090278,8242_8248,2.5,2.0,0.5,256,2,17,1,256,1,256,0,1,255,17,408,E West Expy E,E,Freeway,0.265859066452,0.0,8242,8248,S,3,65863,4,17,35500,65863,55,131,55.0,0.00437326939294,1,54031.288888888885,55.64100352569092,12.224858713305123,0.22292852989770826,7.17896404870678,8.411497358644546,1.1455207560060972,10.897318581613531,-1.3247889359759157,0
193,4,55476.52127659576,58.192027031533044,10.056518934669624,0.17541513778207596,6.269842083230919,6.769334379221443,1.0501472094500857,57013.12765957447,55.78194770532375,10.654950424415821,0.19376961783464028,6.693575539175592,7.125912038016274,1.0407095351951914,8242_8248,0.5,0.5,0.0,256,2,17,1,256,1,256,0,1,255,17,408,E West Expy E,E,Freeway,0.265859066452,0.0,8242,8248,S,3,65863,4,17,35500,65863,55,131,55.0,0.00437326939294,1,56244.82446808512,56.9869873684284,10.355734679542723,0.18459237780835813,6.481708811203255,6.947623208618859,1.0454283723226385,10.937469306377272,-1.3247889359759157,0
194,5,41698.59782608696,62.99264202275342,3.052304635634961,0.04919533696630776,3.1286069670354584,2.041608132782056,0.6351968160816572,42105.934782608696,61.67498311748122,2.9150848426108285,0.04755245575656457,3.1910084554476565,1.8782372173490736,0.5820931267206453,8242_8248,0.5,0.5,0.0,256,2,17,1,256,1,256,0,1,255,17,408,E West Expy E,E,Freeway,0.265859066452,0.0,8242,8248,S,3,65863,4,17,35500,65863,55,131,55.0,0.00437326939294,1,41902.266304347824,62.33381257011732,2.9836947391228947,0.048373896361436165,3.1598077112415575,1.959922675065565,0.6086449714011513,10.64309519285676,-1.3247889359759157,0
195,6,32165.344827586207,64.18820761311962,2.5399828272025764,0.03981536776642869,2.2553699076890976,1.44958264219224,0.6398667856544727,32403.436781609194,62.94515139635281,2.8256868352422564,0.045069094138785175,2.3466008173957804,1.4401037531281249,0.6129714228648666,8242_8248,0.0,0.0,0.0,256,2,17,1,256,1,256,0,1,255,17,408,E West Expy E,E,Freeway,0.265859066452,0.0,8242,8248,S,3,65863,4,17,35500,65863,55,131,55.0,0.00437326939294,1,32284.3908045977,63.566679504736214,2.6828348312224164,0.042442230952606935,2.300985362542439,1.4448431976601825,0.6264191042596696,10.382339135580935,-1.3247889359759157,0
196,0,52162.936170212764,56.199328493147114,11.148461902133212,0.2005875155522312,6.4148862316273805,7.6020900685138475,1.157034466593296,27044.516129032258,56.133115322717245,11.395842333857631,0.2054448630010396,9.967560983953003,5.9990322542653525,0.8519227308646483,8248_8267,2.0,1.0,1.0,255,2,16,1,255,1,255,0,1,254,16,408,E West Expy E,E,Freeway,0.211098484251,0.0,8248,8267,E,2,65863,6,408,85500,65863,55,95,55.0,0.0034724618233600004,1,39603.72614962251,56.16622190793218,11.272152117995422,0.2030161892766354,8.191223607790192,6.8005611613896,1.0044785987289722,10.58667848750338,-1.555430504395232,1
197,1,53763.78125,54.88424808623316,12.237939353390287,0.2258731164091236,7.106475338000162,8.461864452288067,1.1644949181638231,28127.82291666667,54.81507452416675,12.393171112006586,0.2291833258739417,10.275729463107456,6.229515085059885,0.8491628619680555,8248_8267,3.5,2.5,1.0,255,2,16,1,255,1,255,0,1,254,16,408,E West Expy E,E,Freeway,0.211098484251,0.0,8248,8267,E,2,65863,6,408,85500,65863,55,95,55.0,0.0034724618233600004,1,40945.802083333336,54.84966130519995,12.315555232698436,0.22752822114153265,8.69110240055381,7.345689768673976,1.0068288900659392,10.620004570798862,-1.555430504395232,1
198,2,54669.042105263165,54.67702123673754,12.227823232672264,0.2263732082653714,7.245476844661014,8.423846449479237,1.1371570349900793,28611.642105263163,54.78244400766768,12.169921637753403,0.2254976736969108,10.191350595915404,6.254087857708571,0.8362195337926394,8248_8267,4.0,3.0,1.0,255,2,16,1,255,1,255,0,1,254,16,408,E West Expy E,E,Freeway,0.211098484251,0.0,8248,8267,E,2,65863,6,408,85500,65863,55,95,55.0,0.0034724618233600004,1,41640.34210526316,54.729732622202604,12.198872435212834,0.2259354409811411,8.71841372028821,7.338967153593904,0.9866882843913594,10.636824738479573,-1.555430504395232,1
199,3,54921.41111111111,54.4158985222099,12.44797877542658,0.2320254374413635,7.425464763102963,8.633887496155774,1.1378236877090278,29249.43333333333,54.757501010483026,12.138421220786086,0.22496651501043208,9.954487109770321,6.3143646914060545,0.8532275457666096,8248_8267,3.5,2.0,1.5,255,2,16,1,255,1,255,0,1,254,16,408,E West Expy E,E,Freeway,0.211098484251,0.0,8248,8267,E,2,65863,6,408,85500,65863,55,95,55.0,0.0034724618233600004,1,42085.42222222222,54.58669976634646,12.293199998106333,0.2284959762258978,8.689975936436642,7.474126093780914,0.9955256167378187,10.64745669420132,-1.555430504395232,1
200,4,57013.12765957447,55.78194770532375,10.654950424415821,0.19376961783464028,6.693575539175592,7.125912038016274,1.0407095351951914,29939.197802197803,56.09029809477345,10.898537135836346,0.1973956839744586,9.75219055871651,5.7886716421368165,0.8133557762736058,8248_8267,4.0,2.0,2.0,255,2,16,1,255,1,255,0,1,254,16,408,E West Expy E,E,Freeway,0.211098484251,0.0,8248,8267,E,2,65863,6,408,85500,65863,55,95,55.0,0.0034724618233600004,1,43476.162730886135,55.9361229000486,10.776743780126083,0.19558265090454946,8.222883048946052,6.457291840076545,0.9270326557343986,10.67996808368109,-1.555430504395232,1
201,5,42105.934782608696,61.67498311748122,2.9150848426108285,0.04755245575656457,3.1910084554476565,1.8782372173490736,0.5820931267206453,21240.477272727272,61.78177206463724,3.675402137872136,0.060356455039489325,8.113899261654637,3.151935380842233,0.4859573289555412,8248_8267,1.0,0.5,0.5,255,2,16,1,255,1,255,0,1,254,16,408,E West Expy E,E,Freeway,0.211098484251,0.0,8248,8267,E,2,65863,6,408,85500,65863,55,95,55.0,0.0034724618233600004,1,31673.206027667984,61.72837759105923,3.295243490241482,0.05395445539802694,5.652453858551147,2.5150862990956533,0.5340252278380933,10.363226366731995,-1.555430504395232,1
202,6,32403.436781609194,62.94515139635281,2.8256868352422564,0.045069094138785175,2.3466008173957804,1.4401037531281249,0.6129714228648666,16500.168674698794,62.48894649490518,3.879606100510731,0.06280638349142177,8.184045982811666,3.196630625485603,0.5107554885538728,8248_8267,0.0,0.0,0.0,255,2,16,1,255,1,255,0,1,254,16,408,E West Expy E,E,Freeway,0.211098484251,0.0,8248,8267,E,2,65863,6,408,85500,65863,55,95,55.0,0.0034724618233600004,1,24451.802728153994,62.717048945628996,3.352646467876494,0.05393773881510347,5.265323400103723,2.318367189306864,0.5618634557093697,10.104459223397848,-1.555430504395232,1
203,0,27044.516129032258,56.133115322717245,11.395842333857631,0.2054448630010396,9.967560983953003,5.9990322542653525,0.8519227308646483,64246.22580645161,53.50635753422276,11.83859958896747,0.2239309718286355,6.771661000455962,7.648658729711458,1.1159042722152368,8267_6679,3.5,2.5,1.0,254,2,15,1,254,1,254,0,1,253,15,408,E West Expy E,E,Freeway,0.226706669041,0.0,8267,6679,E,2,65863,6,408,87957,65863,55,79,55.0,0.00372922319199,1,45645.37096774194,54.81973642847,11.617220961412551,0.21468791741483756,8.369610992204482,6.823845491988405,0.9839135015399425,10.728657478203354,-1.48409830398781,1
204,1,28127.82291666667,54.81507452416675,12.393171112006586,0.2291833258739417,10.275729463107456,6.229515085059885,0.8491628619680555,66658.36458333331,51.995294153797204,12.695086167987855,0.24720646526228826,7.447710166221622,8.36066199982182,1.1005909915740768,8267_6679,4.5,3.5,1.0,254,2,15,1,254,1,254,0,1,253,15,408,E West Expy E,E,Freeway,0.226706669041,0.0,8267,6679,E,2,65863,6,408,87957,65863,55,79,55.0,0.00372922319199,1,47393.09374999999,53.405184338981975,12.54412863999722,0.23819489556811496,8.86171981466454,7.295088542440853,0.9748769267710662,10.766231795590883,-1.48409830398781,1
205,2,28611.642105263163,54.78244400766768,12.169921637753403,0.2254976736969108,10.191350595915404,6.254087857708571,0.8362195337926394,67319.08421052631,51.81068183780254,12.598699931947452,0.2459502572215535,7.454726096292317,8.25656867266776,1.0870281642940889,8267_6679,2.5,2.0,0.5,254,2,15,1,254,1,254,0,1,253,15,408,E West Expy E,E,Freeway,0.226706669041,0.0,8267,6679,E,2,65863,6,408,87957,65863,55,79,55.0,0.00372922319199,1,47965.36315789474,53.296562922735106,12.384310784850427,0.23572396545923213,8.82303834610386,7.255328265188165,0.9616238490433642,10.778234428533606,-1.48409830398781,1
206,3,29249.43333333333,54.757501010483026,12.138421220786086,0.22496651501043208,9.954487109770321,6.3143646914060545,0.8532275457666096,70347.83333333331,51.63608462387732,12.689079557485824,0.2490744666789161,7.618888351735634,8.298087111411089,1.0712412594480143,8267_6679,3.0,1.5,1.5,254,2,15,1,254,1,254,0,1,253,15,408,E West Expy E,E,Freeway,0.226706669041,0.0,8267,6679,E,2,65863,6,408,87957,65863,55,79,55.0,0.00372922319199,1,49798.633333333324,53.196792817180174,12.413750389135956,0.23702049084467408,8.786687730752977,7.306225901408572,0.962234402607312,10.815742819530419,-1.48409830398781,1
207,4,29939.197802197803,56.09029809477345,10.898537135836346,0.1973956839744586,9.75219055871651,5.7886716421368165,0.8133557762736058,69583.55319148938,52.855496402337344,11.722575920776679,0.22463421129682776,7.0256684503675855,7.457194296919424,1.041171421901606,8267_6679,3.0,1.0,2.0,254,2,15,1,254,1,254,0,1,253,15,408,E West Expy E,E,Freeway,0.226706669041,0.0,8267,6679,E,2,65863,6,408,87957,65863,55,79,55.0,0.00372922319199,1,49761.37549684359,54.4728972485554,11.310556528306513,0.21101494763564319,8.388929504542048,6.6229329695281205,0.9272635990876059,10.814994369652466,-1.48409830398781,1
208,5,21240.477272727272,61.78177206463724,3.675402137872136,0.060356455039489325,8.113899261654637,3.151935380842233,0.4859573289555412,47778.25274725275,60.018089180295064,3.3228552845061063,0.05585514055458874,3.1507613561290766,1.9366069827386747,0.5962515003769694,8267_6679,3.0,2.0,1.0,254,2,15,1,254,1,254,0,1,253,15,408,E West Expy E,E,Freeway,0.226706669041,0.0,8267,6679,E,2,65863,6,408,87957,65863,55,79,55.0,0.00372922319199,1,34509.36500999001,60.89993062246615,3.499128711189121,0.05810579779703903,5.6323303088918575,2.544271181790454,0.5411044146662554,10.448986015748611,-1.48409830398781,1
209,6,16500.168674698794,62.48894649490518,3.879606100510731,0.06280638349142177,8.184045982811666,3.196630625485603,0.5107554885538728,40673.44047619047,61.15215257975446,3.3315372099630767,0.054699242943468486,2.370443418188293,1.5810011339966896,0.6533684338924708,8267_6679,1.5,1.0,0.5,254,2,15,1,254,1,254,0,1,253,15,408,E West Expy E,E,Freeway,0.226706669041,0.0,8267,6679,E,2,65863,6,408,87957,65863,55,79,55.0,0.00372922319199,1,28586.804575444636,61.82054953732982,3.605571655236904,0.05875281321744513,5.277244700499979,2.3888158797411463,0.5820619612231718,10.260700511859186,-1.48409830398781,1
210,0,119676.08602150535,63.321385968829404,2.2924665131545483,0.036575065336400085,3.9307433357637613,2.5675412981702634,0.6497838275350142,36289.66666666666,63.38417304496091,3.1271659172134485,0.04971951269261353,1.9082449552080327,1.407801136519295,0.7370805442952314,8305_8315,4.0,3.0,1.0,265,2,26,1,265,1,265,0,1,264,26,408,E West Expy E,E,Freeway,0.4136987489,0.0,8305,8315,E,2,65863,9,408,93000,65863,55,135,55.0,0.00678774805983,1,77982.876344086,63.35277950689516,2.7098162151839986,0.043147289014506804,2.919494145485897,1.9876712173447793,0.6934321859151228,11.264244547520422,-0.8826172296914494,2
211,1,120729.67368421053,62.98302869535586,2.2908913057182376,0.03667137369473622,3.973644694521429,2.590118384163645,0.6484216000702789,37506.9375,63.162988478454025,3.328906716039722,0.05315181267948848,1.986509802264528,1.4868789038427028,0.7858951011453551,8305_8315,1.5,1.0,0.5,265,2,26,1,265,1,265,0,1,264,26,408,E West Expy E,E,Freeway,0.4136987489,0.0,8305,8315,E,2,65863,9,408,93000,65863,55,135,55.0,0.00678774805983,1,79118.30559210526,63.07300858690495,2.80989901087898,0.04491159318711235,2.9800772483929787,2.038498644003174,0.717158350607817,11.278699550396208,-0.8826172296914494,2
212,2,126018.52631578947,62.867247820768696,2.6267010193655844,0.042330886504504686,4.086076161092823,2.7368743620235425,0.6624031025039906,37667.88421052632,62.980667830675706,3.4554819236425622,0.055602529601596624,2.017199001231305,1.5524135010183795,0.7716491345294823,8305_8315,1.5,1.0,0.5,265,2,26,1,265,1,265,0,1,264,26,408,E West Expy E,E,Freeway,0.4136987489,0.0,8305,8315,E,2,65863,9,408,93000,65863,55,135,55.0,0.00678774805983,1,81843.2052631579,62.9239578257222,3.0410914715040733,0.04896670805305066,3.0516375811620637,2.144643931520961,0.7170261185167364,11.312560564853177,-0.8826172296914494,2
213,3,120782.40449438205,62.95710110152225,2.1804163154528418,0.0348906416044892,4.109944327857623,2.543042714765102,0.6188267235088508,39679.93333333333,63.16051040834657,2.799152292933875,0.04470260190031392,2.07097823393529,1.4292990886777517,0.7109915050815594,8305_8315,1.0,1.0,0.0,265,2,26,1,265,1,265,0,1,264,26,408,E West Expy E,E,Freeway,0.4136987489,0.0,8305,8315,E,2,65863,9,408,93000,65863,55,135,55.0,0.00678774805983,1,80231.16891385769,63.05880575493441,2.4897843041933583,0.03979662175240156,3.0904612808964567,1.9861709017214269,0.664909114295205,11.292667358177372,-0.8826172296914494,2
214,4,124341.86021505375,62.984576773112,2.378703413219102,0.038581811574480665,4.205918093944399,2.6142901629898736,0.6054082192005088,39406.57446808511,63.05124419882111,2.9412236516310686,0.04817234985241114,2.08694736776216,1.441443447072807,0.6858870699837555,8305_8315,1.0,1.0,0.0,265,2,26,1,265,1,265,0,1,264,26,408,E West Expy E,E,Freeway,0.4136987489,0.0,8305,8315,E,2,65863,9,408,93000,65863,55,135,55.0,0.00678774805983,1,81874.21734156943,63.01791048596655,2.659963532425085,0.0433770807134459,3.14643273085328,2.02786680503134,0.6456476445921322,11.312939413704925,-0.8826172296914494,2
215,5,102162.08888888887,64.34667637826377,1.781865342209811,0.02777626808672333,2.970913642042529,1.4457173106804886,0.4871403133588595,26723.626373626368,63.921161341106576,2.71734766780245,0.04278266464263482,1.2691231547069708,0.636491054656081,0.5294547778137896,8305_8315,1.0,0.5,0.5,265,2,26,1,265,1,265,0,1,264,26,408,E West Expy E,E,Freeway,0.4136987489,0.0,8305,8315,E,2,65863,9,408,93000,65863,55,135,55.0,0.00678774805983,1,64442.85763125762,64.13391885968517,2.2496065050061302,0.035279466364679074,2.12001839837475,1.0411041826682847,0.5082975455863246,11.073534181919989,-0.8826172296914494,2
216,6,87389.58823529411,64.9151684547414,2.0730776789178984,0.032114902146651574,2.4350986536661914,1.338437498311584,0.5486446649140558,22624.755813953485,64.08074470780095,3.136516549486557,0.04922216990473308,1.052638128710678,0.5922343336304405,0.6243189623146467,8305_8315,0.0,0.0,0.0,265,2,26,1,265,1,265,0,1,264,26,408,E West Expy E,E,Freeway,0.4136987489,0.0,8305,8315,E,2,65863,9,408,93000,65863,55,135,55.0,0.00678774805983,1,55007.1720246238,64.49795658127118,2.6047971142022277,0.04066853602569233,1.7438683911884347,0.9653359159710123,0.5864818136143513,10.915218856160914,-0.8826172296914494,2
217,0,72195.06382978724,61.955577920628,2.245669075405327,0.03648537712207001,4.594088585803969,2.9250102497464536,0.6361943002882813,119676.08602150535,63.321385968829404,2.2924665131545483,0.036575065336400085,3.9307433357637613,2.5675412981702634,0.6497838275350142,8307_8305,1.0,0.5,0.5,264,2,25,1,264,1,264,0,1,263,25,408,E West Expy E,E,Freeway,0.344094433515,0.0,8307,8305,E,2,65863,6,408,93000,65863,55,92,55.0,0.005659939656060001,1,95935.5749256463,62.6384819447287,2.2690677942799375,0.03653022122923505,4.262415960783866,2.7462757739583585,0.6429890639116478,11.471432150640728,-1.0668391432493936,1
218,1,74445.90625,61.51315699608472,2.4334086589822923,0.03999604050340591,4.705049809698842,3.05822830063992,0.6447902781896352,120729.67368421053,62.98302869535586,2.2908913057182376,0.03667137369473622,3.973644694521429,2.590118384163645,0.6484216000702789,8307_8305,0.5,0.5,0.0,264,2,25,1,264,1,264,0,1,263,25,408,E West Expy E,E,Freeway,0.344094433515,0.0,8307,8305,E,2,65863,6,408,93000,65863,55,92,55.0,0.005659939656060001,1,97587.78996710526,62.248092845720294,2.3621499823502647,0.038333707099071065,4.3393472521101355,2.8241733424017825,0.646605939129957,11.488507661779124,-1.0668391432493936,1
219,2,75190.51578947369,61.39253554023143,2.64065516973852,0.043410477713345004,4.816568695841653,3.1466520732937875,0.6479560828908371,126018.52631578947,62.867247820768696,2.6267010193655844,0.042330886504504686,4.086076161092823,2.7368743620235425,0.6624031025039906,8307_8305,0.5,0.5,0.0,264,2,25,1,264,1,264,0,1,263,25,408,E West Expy E,E,Freeway,0.344094433515,0.0,8307,8305,E,2,65863,6,408,93000,65863,55,92,55.0,0.005659939656060001,1,100604.52105263158,62.129891680500066,2.633678094552052,0.04287068210892485,4.451322428467238,2.941763217658665,0.6551795926974138,11.518952476518994,-1.0668391432493936,1
220,3,76284.85555555555,61.52622563056008,2.1655782801259282,0.03539365448145008,4.8211047659440975,2.9859753033336256,0.6180469309693827,120782.40449438205,62.95710110152225,2.1804163154528418,0.0348906416044892,4.109944327857623,2.543042714765102,0.6188267235088508,8307_8305,1.5,1.0,0.5,264,2,25,1,264,1,264,0,1,263,25,408,E West Expy E,E,Freeway,0.344094433515,0.0,8307,8305,E,2,65863,6,408,93000,65863,55,92,55.0,0.005659939656060001,1,98533.63002496879,62.241663366041166,2.1729972977893848,0.03514214804296964,4.465524546900861,2.764509009049364,0.6184368272391167,11.498153190462386,-1.0668391432493936,1
221,4,77909.40425531915,61.58615752647157,2.347047491985077,0.03855625839827547,4.905372020485382,2.955537712842891,0.5953787478981772,124341.86021505375,62.984576773112,2.378703413219102,0.038581811574480665,4.205918093944399,2.6142901629898736,0.6054082192005088,8307_8305,1.0,0.5,0.5,264,2,25,1,264,1,264,0,1,263,25,408,E West Expy E,E,Freeway,0.344094433515,0.0,8307,8305,E,2,65863,6,408,93000,65863,55,92,55.0,0.005659939656060001,1,101125.63223518645,62.28536714979178,2.3628754526020894,0.038569034986378065,4.555645057214891,2.7849139379163823,0.600393483549343,11.524118906357925,-1.0668391432493936,1
222,5,60607.62637362638,62.85277724709466,2.0236533031292883,0.0324338906126334,3.4896002184623227,1.6183296415426651,0.4654654456049145,102162.08888888887,64.34667637826377,1.781865342209811,0.02777626808672333,2.970913642042529,1.4457173106804886,0.4871403133588595,8307_8305,1.5,1.0,0.5,264,2,25,1,264,1,264,0,1,263,25,408,E West Expy E,E,Freeway,0.344094433515,0.0,8307,8305,E,2,65863,6,408,93000,65863,55,92,55.0,0.005659939656060001,1,81384.85763125762,63.59972681267921,1.9027593226695496,0.030105079349678366,3.230256930252426,1.532023476111577,0.476302879481887,11.306944510499962,-1.0668391432493936,1
223,6,50567.906976744176,63.538285996596784,2.09519563197819,0.033220493243558746,2.83534977432509,1.4840606709701896,0.5227768115010526,87389.58823529411,64.9151684547414,2.0730776789178984,0.032114902146651574,2.4350986536661914,1.338437498311584,0.5486446649140558,8307_8305,2.0,1.5,0.5,264,2,25,1,264,1,264,0,1,263,25,408,E West Expy E,E,Freeway,0.344094433515,0.0,8307,8305,E,2,65863,6,408,93000,65863,55,92,55.0,0.005659939656060001,1,68978.74760601914,64.2267272256691,2.0841366554480443,0.03266769769510516,2.6352242139956408,1.411249084640887,0.5357107382075542,11.141553730426027,-1.0668391432493936,1
224,0,77306.95744680849,64.15732730436801,2.3741500040161982,0.037331314690484806,3.664247529934946,2.595536887996204,0.7013426009726278,71327.76344086023,66.54605219144818,2.1803403596675395,0.03291712375455779,4.151757667506897,2.8817523769636244,0.6925988797752423,8311_6252,0.5,0.0,0.5,263,2,24,1,263,1,263,0,1,262,24,408,E West Expy E,E,Freeway,0.668274090403,0.0,8311,6252,E,2,65863,10,408,125797,65863,55,62,55.0,0.0109930859307,1,74317.36044383436,65.3516897479081,2.277245181841869,0.0351242192225213,3.9080025987209215,2.7386446324799145,0.696970740373935,11.216099856762208,-0.40305687462711004,2
225,1,80004.10416666669,63.91238533248986,2.4528693713187013,0.03871771672365195,3.7441316722928435,2.6473894281042907,0.7034417813419953,73071.32631578947,66.21227169820959,2.4623301628859875,0.03742376538432128,4.268285445178806,3.0476215487864486,0.7107208403414909,8311_6252,0.5,0.5,0.0,263,2,24,1,263,1,263,0,1,262,24,408,E West Expy E,E,Freeway,0.668274090403,0.0,8311,6252,E,2,65863,10,408,125797,65863,55,62,55.0,0.0109930859307,1,76537.71524122808,65.06232851534972,2.4575997671023444,0.03807074105398661,4.006208558735825,2.8475054884453694,0.7070813108417431,11.245538908014534,-0.40305687462711004,2
226,2,80444.87368421053,63.79978802461035,2.7077624691172564,0.0429866699186716,3.8646972175117673,2.8079256272350293,0.7159312034804681,73886.13829787233,66.07323004895566,2.653423396805198,0.04049672284721382,4.381016964817103,3.1315724133343723,0.7097361966542255,8311_6252,1.0,0.0,1.0,263,2,24,1,263,1,263,0,1,262,24,408,E West Expy E,E,Freeway,0.668274090403,0.0,8311,6252,E,2,65863,10,408,125797,65863,55,62,55.0,0.0109930859307,1,77165.50599104143,64.93650903678301,2.6805929329612272,0.041741696382942714,4.122857091164436,2.969749020284701,0.7128337000673468,11.253707822574386,-0.40305687462711004,2
227,3,81368.27777777777,63.96074377574821,2.1601891772094035,0.0340632251470934,3.870451149268335,2.6140599768256982,0.6717359363967016,74645.66292134831,66.23632425298105,2.164823041359848,0.03284806200930199,4.388285165132478,2.9608340694741297,0.6738941758080658,8311_6252,1.5,1.0,0.5,263,2,24,1,263,1,263,0,1,262,24,408,E West Expy E,E,Freeway,0.668274090403,0.0,8311,6252,E,2,65863,10,408,125797,65863,55,62,55.0,0.0109930859307,1,78006.97034956304,65.09853401436463,2.162506109284626,0.03345564357819769,4.129368157200407,2.787447023149914,0.6728150561023837,11.26455346513499,-0.40305687462711004,2
228,4,82576.40425531915,63.87935798704442,2.430613347166509,0.03963409826200714,3.961047875915408,2.5822885908759154,0.6379973533809231,75427.22340425532,66.41478470101387,2.193784966894809,0.03317016634850865,4.415409703678679,2.7959005537443784,0.63307874722486,8311_6252,1.0,1.0,0.0,263,2,24,1,263,1,263,0,1,262,24,408,E West Expy E,E,Freeway,0.668274090403,0.0,8311,6252,E,2,65863,10,408,125797,65863,55,62,55.0,0.0109930859307,1,79001.81382978724,65.14707134402914,2.3121991570306593,0.03640213230525789,4.188228789797043,2.6890945723101467,0.6355380503028916,11.27722609105631,-0.40305687462711004,2
229,5,63135.01098901099,65.24381042578298,1.892257602631123,0.029135065045584645,2.6681003166774366,1.3046238440041056,0.4893213330525242,57903.22826086957,67.69353386168504,2.3065906131779146,0.034150992736947924,3.026842395493666,1.491503545087199,0.4935583333793247,8311_6252,1.0,0.5,0.5,263,2,24,1,263,1,263,0,1,262,24,408,E West Expy E,E,Freeway,0.668274090403,0.0,8311,6252,E,2,65863,10,408,125797,65863,55,62,55.0,0.0109930859307,1,60519.11962494028,66.46867214373401,2.099424107904519,0.03164302889126629,2.8474713560855514,1.3980636945456522,0.49143983321592444,11.01071462095148,-0.40305687462711004,2
230,6,53371.0,65.64542032209232,2.062005495942676,0.03150493166805802,2.1685380926234146,1.1769302216109194,0.5421363560164401,49390.71264367816,68.06537510822972,2.4198114086000952,0.03560785395810535,2.490477118463679,1.3595807468216314,0.544795174336175,8311_6252,1.0,1.0,0.0,263,2,24,1,263,1,263,0,1,262,24,408,E West Expy E,E,Freeway,0.668274090403,0.0,8311,6252,E,2,65863,10,408,125797,65863,55,62,55.0,0.0109930859307,1,51380.85632183908,66.85539771516102,2.240908452271386,0.03355639281308168,2.329507605543547,1.2682554842162754,0.5434657651763075,10.847020936967947,-0.40305687462711004,2
231,0,36289.66666666666,63.38417304496091,3.1271659172134485,0.04971951269261353,1.9082449552080327,1.407801136519295,0.7370805442952314,77306.95744680849,64.15732730436801,2.3741500040161982,0.037331314690484806,3.664247529934946,2.595536887996204,0.7013426009726278,8315_8311,0.5,0.0,0.5,262,2,23,1,262,1,262,0,1,261,23,408,E West Expy E,E,Freeway,0.22320902867,0.0,8315,8311,E,2,65863,9,408,93000,65863,55,82,55.0,0.00366282338764,1,56798.31205673757,63.77075017466446,2.7506579606148236,0.043525413691549164,2.7862462425714893,2.0016690122577496,0.7192115726339297,10.947261886956717,-1.4996465982626361,2
232,1,37506.9375,63.162988478454025,3.328906716039722,0.05315181267948848,1.986509802264528,1.4868789038427028,0.7858951011453551,80004.10416666669,63.91238533248986,2.4528693713187013,0.03871771672365195,3.7441316722928435,2.6473894281042907,0.7034417813419953,8315_8311,0.5,0.5,0.0,262,2,23,1,262,1,262,0,1,261,23,408,E West Expy E,E,Freeway,0.22320902867,0.0,8315,8311,E,2,65863,9,408,93000,65863,55,82,55.0,0.00366282338764,1,58755.52083333334,63.53768690547194,2.8908880436792117,0.045934764701570215,2.8653207372786857,2.0671341659734965,0.7446684412436753,10.981140399222554,-1.4996465982626361,2
233,2,37667.88421052632,62.980667830675706,3.4554819236425622,0.055602529601596624,2.017199001231305,1.5524135010183795,0.7716491345294823,80444.87368421053,63.79978802461035,2.7077624691172564,0.0429866699186716,3.8646972175117673,2.8079256272350293,0.7159312034804681,8315_8311,1.0,0.0,1.0,262,2,23,1,262,1,262,0,1,261,23,408,E West Expy E,E,Freeway,0.22320902867,0.0,8315,8311,E,2,65863,9,408,93000,65863,55,82,55.0,0.00366282338764,1,59056.37894736842,63.390227927643025,3.081622196379909,0.04929459976013412,2.9409481093715364,2.1801695641267043,0.7437901690049752,10.986247841995475,-1.4996465982626361,2
234,3,39679.93333333333,63.16051040834657,2.799152292933875,0.04470260190031392,2.07097823393529,1.4292990886777517,0.7109915050815594,81368.27777777777,63.96074377574821,2.1601891772094035,0.0340632251470934,3.870451149268335,2.6140599768256982,0.6717359363967016,8315_8311,1.0,1.0,0.0,262,2,23,1,262,1,262,0,1,261,23,408,E West Expy E,E,Freeway,0.22320902867,0.0,8315,8311,E,2,65863,9,408,93000,65863,55,82,55.0,0.00366282338764,1,60524.10555555555,63.56062709204739,2.479670735071639,0.03938291352370366,2.9707146916018123,2.021679532751725,0.6913637207391305,11.010797003598022,-1.4996465982626361,2
235,4,39406.57446808511,63.05124419882111,2.9412236516310686,0.04817234985241114,2.08694736776216,1.441443447072807,0.6858870699837555,82576.40425531915,63.87935798704442,2.430613347166509,0.03963409826200714,3.961047875915408,2.5822885908759154,0.6379973533809231,8315_8311,2.0,1.0,1.0,262,2,23,1,262,1,262,0,1,261,23,408,E West Expy E,E,Freeway,0.22320902867,0.0,8315,8311,E,2,65863,9,408,93000,65863,55,82,55.0,0.00366282338764,1,60991.48936170213,63.46530109293276,2.685918499398789,0.04390322405720914,3.023997621838784,2.011866018974361,0.6619422116823392,11.018489614761194,-1.4996465982626361,2
236,5,26723.626373626368,63.921161341106576,2.71734766780245,0.04278266464263482,1.2691231547069708,0.636491054656081,0.5294547778137896,63135.01098901099,65.24381042578298,1.892257602631123,0.029135065045584645,2.6681003166774366,1.3046238440041056,0.4893213330525242,8315_8311,0.5,0.5,0.0,262,2,23,1,262,1,262,0,1,261,23,408,E West Expy E,E,Freeway,0.22320902867,0.0,8315,8311,E,2,65863,9,408,93000,65863,55,82,55.0,0.00366282338764,1,44929.31868131868,64.58248588344478,2.3048026352167863,0.035958864844109734,1.9686117356922037,0.9705574493300932,0.5093880554331569,10.71284583794564,-1.4996465982626361,2
237,6,22624.755813953485,64.08074470780095,3.136516549486557,0.04922216990473308,1.052638128710678,0.5922343336304405,0.6243189623146467,53371.0,65.64542032209232,2.062005495942676,0.03150493166805802,2.1685380926234146,1.1769302216109194,0.5421363560164401,8315_8311,1.5,0.0,1.5,262,2,23,1,262,1,262,0,1,261,23,408,E West Expy E,E,Freeway,0.22320902867,0.0,8315,8311,E,2,65863,9,408,93000,65863,55,82,55.0,0.00366282338764,1,37997.87790697674,64.86308251494663,2.5992610227146162,0.04036355078639555,1.6105881106670463,0.88458227762068,0.5832276591655434,10.545285592595913,-1.4996465982626361,2
238,0,72021.51063829787,63.35537689465646,2.371895651243296,0.03758132431300877,2.7807718940161763,2.134578473416733,0.7595176684459275,,,,,,,,8348_7102,1.0,0.5,0.5,269,2,30,1,269,1,269,0,1,268,30,408,E West Expy E,E,Freeway,0.313002872394,0.0,8348,7102,E,2,65863,7,408,133593,65863,65,53,65.0,0.0051300477358,1,72021.51063829787,63.35537689465646,2.371895651243296,0.03758132431300877,2.7807718940161763,2.134578473416733,0.7595176684459275,11.184720112243898,-1.1615429115064564,1
239,1,74033.88541666669,62.923419305328906,2.7715377301367226,0.04437752891992188,2.908940398668802,2.324966552362893,0.7843052863765042,,,,,,,,8348_7102,0.5,0.5,0.0,269,2,30,1,269,1,269,0,1,268,30,408,E West Expy E,E,Freeway,0.313002872394,0.0,8348,7102,E,2,65863,7,408,133593,65863,65,53,65.0,0.0051300477358,1,74033.88541666669,62.923419305328906,2.7715377301367226,0.04437752891992188,2.908940398668802,2.324966552362893,0.7843052863765042,11.21227817841308,-1.1615429115064564,1
240,2,74977.67368421053,62.94250161817462,2.5908684832155116,0.0414276874555922,2.9560748389078086,2.275031937746492,0.7586517010244509,,,,,,,,8348_7102,1.0,1.0,0.0,269,2,30,1,269,1,269,0,1,268,30,408,E West Expy E,E,Freeway,0.313002872394,0.0,8348,7102,E,2,65863,7,408,133593,65863,65,53,65.0,0.0051300477358,1,74977.67368421053,62.94250161817462,2.5908684832155116,0.0414276874555922,2.9560748389078086,2.275031937746492,0.7586517010244509,11.224945663991182,-1.1615429115064564,1
241,3,75621.96666666666,62.96572362614003,2.583361620576499,0.04128878332677257,2.983402526220144,2.2617504788908813,0.745504944426588,,,,,,,,8348_7102,0.0,0.0,0.0,269,2,30,1,269,1,269,0,1,268,30,408,E West Expy E,E,Freeway,0.313002872394,0.0,8348,7102,E,2,65863,7,408,133593,65863,65,53,65.0,0.0051300477358,1,75621.96666666666,62.96572362614003,2.583361620576499,0.04128878332677257,2.983402526220144,2.2617504788908813,0.745504944426588,11.23350208433587,-1.1615429115064564,1
242,4,76817.64893617021,63.1369656407141,2.189038722458815,0.03481554499291487,2.9417462228455684,1.9775337304354803,0.6682191753778578,,,,,,,,8348_7102,1.0,0.0,1.0,269,2,30,1,269,1,269,0,1,268,30,408,E West Expy E,E,Freeway,0.313002872394,0.0,8348,7102,E,2,65863,7,408,133593,65863,65,53,65.0,0.0051300477358,1,76817.64893617021,63.1369656407141,2.189038722458815,0.03481554499291487,2.9417462228455684,1.9775337304354803,0.6682191753778578,11.249189696591285,-1.1615429115064564,1
243,5,57824.30434782607,64.23656598626305,2.2893470321765537,0.035751434895696946,1.9802309883868683,1.0060821270451823,0.505046215629258,,,,,,,,8348_7102,0.0,0.0,0.0,269,2,30,1,269,1,269,0,1,268,30,408,E West Expy E,E,Freeway,0.313002872394,0.0,8348,7102,E,2,65863,7,408,133593,65863,65,53,65.0,0.0051300477358,1,57824.30434782607,64.23656598626305,2.2893470321765537,0.035751434895696946,1.9802309883868683,1.0060821270451823,0.505046215629258,10.965164456725953,-1.1615429115064564,1
244,6,48836.08045977012,64.65732677374035,2.4114635192292853,0.03742236614185402,1.5951496620192236,0.8835932603283684,0.5527173470510401,,,,,,,,8348_7102,0.5,0.5,0.0,269,2,30,1,269,1,269,0,1,268,30,408,E West Expy E,E,Freeway,0.313002872394,0.0,8348,7102,E,2,65863,7,408,133593,65863,65,53,65.0,0.0051300477358,1,48836.08045977012,64.65732677374035,2.4114635192292853,0.03742236614185402,1.5951496620192236,0.8835932603283684,0.5527173470510401,10.796224672337765,-1.1615429115064564,1
245,0,77971.24175824175,63.88326264141241,2.3629659723515086,0.03713229522368048,3.369770144134196,2.486750602368433,0.731341373334019,72021.51063829787,63.35537689465646,2.371895651243296,0.03758132431300877,2.7807718940161763,2.134578473416733,0.7595176684459275,8355_8348,3.5,2.5,1.0,268,2,29,1,268,1,268,0,1,267,29,408,E West Expy E,E,Freeway,0.483111091583,0.0,8355,8348,E,2,65863,10,408,139500,65863,55,52,55.0,0.00793195022125,1,74996.3761982698,63.61931976803443,2.3674308117974023,0.03735680976834463,3.075271019075186,2.310664537892583,0.7454295208899733,11.225195073994724,-0.7275086484988303,2
246,1,79724.42105263157,63.38761419778331,2.8215461877544343,0.044867780479077066,3.5594084376871065,2.7730925082902265,0.7665602544532724,74033.88541666669,62.923419305328906,2.7715377301367226,0.04437752891992188,2.908940398668802,2.324966552362893,0.7843052863765042,8355_8348,3.5,2.5,1.0,268,2,29,1,268,1,268,0,1,267,29,408,E West Expy E,E,Freeway,0.483111091583,0.0,8355,8348,E,2,65863,10,408,139500,65863,55,52,55.0,0.00793195022125,1,76879.15323464913,63.15551675155611,2.7965419589455784,0.04462265469949947,3.234174418177954,2.5490295303265595,0.7754327704148882,11.249990029466051,-0.7275086484988303,2
247,2,79986.34736842105,63.37951344790505,2.7579504003127444,0.04382834053273408,3.6145925788580073,2.7400029602889235,0.7465753139861686,74977.67368421053,62.94250161817462,2.5908684832155116,0.0414276874555922,2.9560748389078086,2.275031937746492,0.7586517010244509,8355_8348,2.5,2.5,0.0,268,2,29,1,268,1,268,0,1,267,29,408,E West Expy E,E,Freeway,0.483111091583,0.0,8355,8348,E,2,65863,10,408,139500,65863,55,52,55.0,0.00793195022125,1,77482.01052631579,63.161007533039836,2.674409441764128,0.04262801399416314,3.285333708882908,2.5075174490177075,0.7526135075053098,11.257801066155814,-0.7275086484988303,2
248,3,81307.10112359551,63.488787406067495,2.4801745506825688,0.03924556821264731,3.6180287788744576,2.6161730829574794,0.7155778641244318,75621.96666666666,62.96572362614003,2.583361620576499,0.04128878332677257,2.983402526220144,2.2617504788908813,0.745504944426588,8355_8348,1.0,1.0,0.0,268,2,29,1,268,1,268,0,1,267,29,408,E West Expy E,E,Freeway,0.483111091583,0.0,8355,8348,E,2,65863,10,408,139500,65863,55,52,55.0,0.00793195022125,1,78464.53389513108,63.22725551610377,2.531768085629534,0.04026717576970994,3.300715652547301,2.4389617809241804,0.7305414042755098,11.270402004164998,-0.7275086484988303,2
249,4,81801.27659574468,63.61780230850804,2.336117786416487,0.036908404618758536,3.5663110251944827,2.38699147265926,0.6667327748880744,76817.64893617021,63.1369656407141,2.189038722458815,0.03481554499291487,2.9417462228455684,1.9775337304354803,0.6682191753778578,8355_8348,1.0,1.0,0.0,268,2,29,1,268,1,268,0,1,267,29,408,E West Expy E,E,Freeway,0.483111091583,0.0,8355,8348,E,2,65863,10,408,139500,65863,55,52,55.0,0.00793195022125,1,79309.46276595745,63.37738397461107,2.262578254437651,0.03586197480583671,3.254028624020026,2.18226260154737,0.6674759751329661,11.281112729204434,-0.7275086484988303,2
250,5,63235.655555555546,64.89537813507982,1.9990888418145225,0.03086824966105117,2.4517147505468224,1.2232782283199608,0.4985845197990848,57824.30434782607,64.23656598626305,2.2893470321765537,0.035751434895696946,1.9802309883868683,1.0060821270451823,0.505046215629258,8355_8348,3.5,1.5,2.0,268,2,29,1,268,1,268,0,1,267,29,408,E West Expy E,E,Freeway,0.483111091583,0.0,8355,8348,E,2,65863,10,408,139500,65863,55,52,55.0,0.00793195022125,1,60529.97995169081,64.56597206067144,2.1442179369955383,0.03330984227837406,2.2159728694668455,1.1146801776825717,0.5018153677141715,11.010894057672905,-0.7275086484988303,2
251,6,53566.235294117636,65.4211754641321,2.0072088577512366,0.030731011412884618,1.9941727690784776,1.084821220929184,0.5438362674523254,48836.08045977012,64.65732677374035,2.4114635192292853,0.03742236614185402,1.5951496620192236,0.8835932603283684,0.5527173470510401,8355_8348,0.5,0.5,0.0,268,2,29,1,268,1,268,0,1,267,29,408,E West Expy E,E,Freeway,0.483111091583,0.0,8355,8348,E,2,65863,10,408,139500,65863,55,52,55.0,0.00793195022125,1,51201.15787694388,65.03925111893622,2.209336188490261,0.034076688777369316,1.7946612155488506,0.9842072406287763,0.5482768072516828,10.843517425555948,-0.7275086484988303,2
252,0,59469.5376344086,64.90636142337162,3.349933357077068,0.052022898226684,3.701465076685452,3.3258603776759736,0.8724841549363573,58429.239130434784,66.13460922272422,4.208239960525767,0.06432456791227044,3.733015890379404,3.5314332799051984,0.9168871020690506,8408_8412,2.0,2.0,0.0,277,2,38,1,277,1,277,0,1,276,38,408,E West Expy E,E,Freeway,0.565397634032,0.0,8408,8412,E,2,65863,8,408,128500,65863,65,70,65.0,0.00906487505768,1,58949.38838242169,65.52048532304792,3.7790866588014174,0.05817373306947722,3.7172404835324278,3.428646828790586,0.894685628502704,10.984434530719525,-0.5702260183228421,2
253,1,61269.042105263165,64.39085081428736,4.0192084199094715,0.06280138916637246,3.874569634019326,3.637694601891327,0.9166620574227572,60328.255319148935,65.57698152411284,5.033302875111634,0.07746393206559035,3.953086194952169,3.92271346427892,0.9651896837203412,8408_8412,5.5,5.5,0.0,277,2,38,1,277,1,277,0,1,276,38,408,E West Expy E,E,Freeway,0.565397634032,0.0,8408,8412,E,2,65863,8,408,128500,65863,65,70,65.0,0.00906487505768,1,60798.64871220605,64.9839161692001,4.526255647510553,0.0701326606159814,3.9138279144857475,3.7802040330851234,0.9409258705715492,11.015322842579087,-0.5702260183228421,2
254,2,62006.978723404245,64.417008746021,3.692953405316348,0.05772945568340195,3.9268835311451435,3.4504950031928976,0.8622352521902635,61341.117021276594,65.71580692221643,4.72045790437217,0.07238907833633186,4.010079077303799,3.743998474519531,0.9120664343354092,8408_8412,2.5,1.0,1.5,277,2,38,1,277,1,277,0,1,276,38,408,E West Expy E,E,Freeway,0.565397634032,0.0,8408,8412,E,2,65863,8,408,128500,65863,65,70,65.0,0.00906487505768,1,61674.04787234042,65.0664078341187,4.206705654844259,0.0650592670098669,3.968481304224471,3.5972467388562146,0.8871508432628363,11.029618503456591,-0.5702260183228421,2
255,3,62180.688888888886,64.45826267116443,3.8380419600610503,0.060054555706540814,3.993881031937084,3.5296477082425417,0.8646692167021756,61973.97727272727,65.58487318394222,5.303618611741833,0.08206511128259067,4.16235014904676,4.028003012982431,0.9324634492484359,8408_8412,4.5,3.0,1.5,277,2,38,1,277,1,277,0,1,276,38,408,E West Expy E,E,Freeway,0.565397634032,0.0,8408,8412,E,2,65863,8,408,128500,65863,65,70,65.0,0.00906487505768,1,62077.33308080808,65.02156792755332,4.570830285901442,0.07105983349456574,4.078115590491922,3.7788253606124864,0.8985663329753057,11.03613619454012,-0.5702260183228421,2
256,4,63357.585106382976,65.01703927646642,2.4886940717808397,0.03845692411711064,3.821124016124617,2.792303334592051,0.7255252127960573,64235.0652173913,66.43360644601402,3.035837064586482,0.046059099406733715,3.925425060043493,2.9605774911663207,0.7448615029434752,8408_8412,3.0,2.5,0.5,277,2,38,1,277,1,277,0,1,276,38,408,E West Expy E,E,Freeway,0.565397634032,0.0,8408,8412,E,2,65863,8,408,128500,65863,65,70,65.0,0.00906487505768,1,63796.325161887136,65.72532286124022,2.7622655681836608,0.042258011761922176,3.873274538084055,2.8764404128791856,0.7351933578697663,11.063450868330513,-0.5702260183228421,2
257,5,47370.391304347824,66.42251014169423,1.8978740467371968,0.02862678470026192,2.5185678898368904,1.2987230970992811,0.5156306069591939,48686.56179775281,68.03104959191778,1.811802424808586,0.026632271016162647,2.5962615892823493,1.4561471011312406,0.559387640023459,8408_8412,1.5,1.0,0.5,277,2,38,1,277,1,277,0,1,276,38,408,E West Expy E,E,Freeway,0.565397634032,0.0,8408,8412,E,2,65863,8,408,128500,65863,65,70,65.0,0.00906487505768,1,48028.47655105032,67.226779866806,1.8548382357728914,0.027629527858212283,2.55741473955962,1.3774350991152609,0.5375091234913265,10.77954937546022,-0.5702260183228421,2
258,6,39821.862068965514,66.80271485367182,2.0517602600018563,0.03079723803669938,2.02239887753385,1.1542621863092115,0.5709162128994115,39412.642857142855,68.45885254612979,1.9978968230058882,0.029208679803200945,2.0220778342203487,1.25734741602927,0.6210017086936995,8408_8412,1.0,1.0,0.0,277,2,38,1,277,1,277,0,1,276,38,408,E West Expy E,E,Freeway,0.565397634032,0.0,8408,8412,E,2,65863,8,408,128500,65863,65,70,65.0,0.00906487505768,1,39617.25246305419,67.6307836999008,2.0248285415038723,0.03000295891995016,2.022238355877099,1.2058048011692408,0.5959589607965555,10.587019970625656,-0.5702260183228421,2
259,0,58429.239130434784,66.13460922272422,4.208239960525767,0.06432456791227044,3.733015890379404,3.5314332799051984,0.9168871020690506,56528.655555555546,64.56192036749428,5.309424370246016,0.08264091764818035,4.010672749949987,4.4360979503453235,1.0716915753493357,8412_7015,3.5,2.5,1.0,276,2,37,1,276,1,276,0,1,275,37,408,E West Expy E,E,Freeway,1.09482016576,0.0,8412,7015,E,2,65863,8,408,128500,65863,65,57,65.0,0.0178687324645,1,57478.94734299516,65.34826479510926,4.758832165385892,0.0734827427802254,3.8718443201646955,3.983765615125261,0.9942893387091931,10.959174026577028,0.09059011759823415,2
260,1,60328.255319148935,65.57698152411284,5.033302875111634,0.07746393206559035,3.953086194952169,3.92271346427892,0.9651896837203412,58102.17204301075,63.91855624549015,5.957514667275922,0.09370006074835983,4.287280517457737,4.881861286832876,1.0972990425211728,8412_7015,7.0,5.0,2.0,276,2,37,1,276,1,276,0,1,275,37,408,E West Expy E,E,Freeway,1.09482016576,0.0,8412,7015,E,2,65863,8,408,128500,65863,65,57,65.0,0.0178687324645,1,59215.21368107984,64.7477688848015,5.4954087711937785,0.08558199640697509,4.120183356204953,4.402287375555899,1.031244363120757,10.988933775712452,0.09059011759823415,2
261,2,61341.117021276594,65.71580692221643,4.72045790437217,0.07238907833633186,4.010079077303799,3.743998474519531,0.9120664343354092,59344.890109890126,64.15131948606025,5.554913241845917,0.08697350138974398,4.221265741693069,4.589629547236103,1.056682006965859,8412_7015,3.5,2.0,1.5,276,2,37,1,276,1,276,0,1,275,37,408,E West Expy E,E,Freeway,1.09482016576,0.0,8412,7015,E,2,65863,8,408,128500,65863,65,57,65.0,0.0178687324645,1,60343.00356558336,64.93356320413834,5.137685573109043,0.07968128986303792,4.115672409498433,4.166814010877817,0.9843742206506341,11.007800288828914,0.09059011759823415,2
262,3,61973.97727272727,65.58487318394222,5.303618611741833,0.08206511128259067,4.16235014904676,4.028003012982431,0.9324634492484359,59903.73809523808,63.96629711305572,5.92967986353144,0.09314402609339556,4.382933468477636,4.883897724455589,1.0729144747696335,8412_7015,5.0,2.0,3.0,276,2,37,1,276,1,276,0,1,275,37,408,E West Expy E,E,Freeway,1.09482016576,0.0,8412,7015,E,2,65863,8,408,128500,65863,65,57,65.0,0.0178687324645,1,60938.85768398267,64.77558514849898,5.616649237636636,0.08760456868799311,4.272641808762198,4.4559503687190105,1.0026889620090347,11.017626307434288,0.09059011759823415,2
263,4,64235.0652173913,66.43360644601402,3.035837064586482,0.046059099406733715,3.925425060043493,2.9605774911663207,0.7448615029434752,60999.786516853936,64.83657191252713,4.1313597706163225,0.0640120233344508,4.059104293181673,3.528243207258277,0.8510277154614018,8412_7015,3.5,2.5,1.0,276,2,37,1,276,1,276,0,1,275,37,408,E West Expy E,E,Freeway,1.09482016576,0.0,8412,7015,E,2,65863,8,408,128500,65863,65,57,65.0,0.0178687324645,1,62617.42586712261,65.63508917927058,3.583598417601402,0.05503556137059226,3.9922646766125833,3.244410349212299,0.7979446092024385,11.04479888683526,0.09059011759823415,2
264,5,48686.56179775281,68.03104959191778,1.811802424808586,0.026632271016162647,2.5962615892823493,1.4561471011312406,0.559387640023459,45901.093023255824,67.11031229069961,2.023566481538344,0.03026833607900372,2.405811520179586,1.2449963222845557,0.5166114757360394,8412_7015,2.5,1.0,1.5,276,2,37,1,276,1,276,0,1,275,37,408,E West Expy E,E,Freeway,1.09482016576,0.0,8412,7015,E,2,65863,8,408,128500,65863,65,57,65.0,0.0178687324645,1,47293.82741050432,67.5706809413087,1.917684453173465,0.028450303547583183,2.501036554730968,1.3505717117078981,0.5379995578797492,10.764135067243487,0.09059011759823415,2
265,6,39412.642857142855,68.45885254612979,1.9978968230058882,0.029208679803200945,2.0220778342203487,1.25734741602927,0.6210017086936995,38128.06097560976,67.38663620054376,2.224906795171813,0.033105214454721345,1.9107752802312603,1.1319220543826989,0.5934988103805784,8412_7015,1.5,0.5,1.0,276,2,37,1,276,1,276,0,1,275,37,408,E West Expy E,E,Freeway,1.09482016576,0.0,8412,7015,E,2,65863,8,408,128500,65863,65,57,65.0,0.0178687324645,1,38770.35191637631,67.92274437333677,2.111401809088851,0.031156947128961145,1.9664265572258044,1.1946347352059843,0.607250259537139,10.565411107651798,0.09059011759823415,2
266,0,45229.6129032258,66.63161356349976,2.9121461087344414,0.04404530877986984,4.3815096464500725,3.6071175694623374,0.8173119936429223,44954.904255319154,64.75969240153118,2.7722213007270704,0.043143077438564006,2.7605770249901327,2.233180438825072,0.8015882232186926,5934_6489,0.5,0.0,0.5,307,2,14,1,307,1,307,0,1,306,14,408,E West Expy W,W,Freeway,0.378712948498,0.0,5934,6489,W,2,65863,6,408,66500,65863,65,86,65.0,0.0061146033158,1,45092.25857927248,65.69565298251547,2.842183704730756,0.043594193109216924,3.571043335720103,2.9201490041437044,0.8094501084308074,10.716465860630205,-0.9709767526916634,1
267,1,47153.92631578948,66.19184567516433,3.3948500782159936,0.05188058684079568,4.6037452500498315,3.894932992828152,0.8428152394557202,47027.125,64.50777307791081,3.1189072028981406,0.04880284540402538,2.8986894415229263,2.413348583772851,0.8291436882035601,5934_6489,0.5,0.0,0.5,307,2,14,1,307,1,307,0,1,306,14,408,E West Expy W,W,Freeway,0.378712948498,0.0,5934,6489,W,2,65863,6,408,66500,65863,65,86,65.0,0.0061146033158,1,47090.525657894745,65.34980937653756,3.2568786405570673,0.050341716122410535,3.7512173457863787,3.1541407883005013,0.8359794638296402,10.759827106010182,-0.9709767526916634,1
268,2,47954.0,66.2054865811492,3.1731992920151626,0.04839972353539105,4.718203981072093,3.8536152834882462,0.8124016685734549,47554.92631578948,64.47218521736902,3.0835958892568573,0.04844880451648023,2.9667459200691098,2.412995498448377,0.802828054228777,5934_6489,0.5,0.0,0.5,307,2,14,1,307,1,307,0,1,306,14,408,E West Expy W,W,Freeway,0.378712948498,0.0,5934,6489,W,2,65863,6,408,66500,65863,65,86,65.0,0.0061146033158,1,47754.463157894745,65.33883589925911,3.12839759063601,0.04842426402593564,3.842474950570601,3.1333053909683115,0.8076148614011159,10.773827810816178,-0.9709767526916634,1
269,3,47848.83333333334,66.15006999408179,3.4702310606564715,0.0530259948901943,4.815572767129731,4.018230355840252,0.8239325720011569,47873.63333333333,64.40733892404074,3.3339150180426538,0.052466681062888695,3.0330305583936177,2.5389904155398533,0.821939652913856,5934_6489,1.5,1.5,0.0,307,2,14,1,307,1,307,0,1,306,14,408,E West Expy W,W,Freeway,0.378712948498,0.0,5934,6489,W,2,65863,6,408,66500,65863,65,86,65.0,0.0061146033158,1,47861.23333333334,65.27870445906126,3.4020730393495624,0.0527463379765415,3.9243016627616742,3.278610385690053,0.8229361124575064,10.776061130736128,-0.9709767526916634,1
270,4,49957.478723404245,66.34273414123358,3.0121851331048863,0.04592468411114986,4.875794726132603,3.7173276009317218,0.7576942226032077,49796.20212765958,64.44919221092576,2.933196673216041,0.046136604475099895,3.031151775059944,2.266665822907856,0.7423423239193638,5934_6489,0.5,0.5,0.0,307,2,14,1,307,1,307,0,1,306,14,408,E West Expy W,W,Freeway,0.378712948498,0.0,5934,6489,W,2,65863,6,408,66500,65863,65,86,65.0,0.0061146033158,1,49876.84042553191,65.39596317607968,2.972690903160464,0.04603064429312488,3.9534732505962733,2.9919967119197888,0.7500182732612858,10.817312054273893,-0.9709767526916634,1
271,5,36427.913043478264,68.14034133222472,2.2760872612388856,0.033519987818658746,3.0727385991569127,1.8097101091576369,0.5851018616797717,36353.69565217391,65.77226069771646,2.3148541671192806,0.035364689547210684,1.9162224181041758,1.0874345614067564,0.5653753222500072,5934_6489,1.0,1.0,0.0,307,2,14,1,307,1,307,0,1,306,14,408,E West Expy W,W,Freeway,0.378712948498,0.0,5934,6489,W,2,65863,6,408,66500,65863,65,86,65.0,0.0061146033158,1,36390.80434782609,66.95630101497059,2.295470714179083,0.03444233868293471,2.494480508630544,1.4485723352821966,0.5752385919648895,10.502071393902076,-0.9709767526916634,1
272,6,28918.367816091963,68.44234613811174,2.6061317127283887,0.03825014703615998,2.3152973799116983,1.468051078259512,0.6334485988047975,28994.172413793105,66.08173028909832,2.4668900746249767,0.037585991307276835,1.457192928187775,0.9135320818340212,0.6256658915650498,5934_6489,1.0,0.5,0.5,307,2,14,1,307,1,307,0,1,306,14,408,E West Expy W,W,Freeway,0.378712948498,0.0,5934,6489,W,2,65863,6,408,66500,65863,65,86,65.0,0.0061146033158,1,28956.270114942534,67.26203821360502,2.5365108936766827,0.03791806917171841,1.8862451540497367,1.1907915800467666,0.6295572451849236,10.273542043831414,-0.9709767526916634,1
273,0,35837.17105263158,63.43329645123187,3.365954051127185,0.0536010968835289,3.344798016594205,2.563543575405898,0.7521822817690711,45042.34408602151,60.67599878368162,4.125727296769421,0.06925824790072342,1.9715116004002768,1.6599786963812748,1.1737025045486396,6045_6306,0.5,0.5,0.0,346,2,53,1,346,1,346,0,1,345,53,408,E West Expy W,W,Freeway,0.364528650905,0.0,6045,6306,W,2,65863,5,408,90000,65863,65,93,65.0,0.00599713404367,1,40439.757569326546,62.054647617456745,3.745840673948303,0.061429672392126156,2.658154808497241,2.1117611358935866,0.9629423931588553,10.607568678292663,-1.0091501273166037,1
274,1,37998.98684210527,63.2237378848045,3.8331515788813815,0.06147152690607063,3.5633606667531623,2.876008458200643,0.8010431138065148,45106.15789473683,60.391258140062206,4.391248090333972,0.07394452052830698,2.0768183582431043,1.8944693970445816,1.4561966258986525,6045_6306,1.5,0.5,1.0,346,2,53,1,346,1,346,0,1,345,53,408,E West Expy W,W,Freeway,0.364528650905,0.0,6045,6306,W,2,65863,5,408,90000,65863,65,93,65.0,0.00599713404367,1,41552.57236842105,61.807498012433356,4.112199834607677,0.0677080237171888,2.820089512498133,2.3852389276226122,1.1286198698525838,10.634714708557876,-1.0091501273166037,1
275,2,38707.94666666666,63.125194006856525,3.727533035711741,0.0595797081535511,3.64238539117158,2.8579627641031498,0.7775296288756818,47573.621052631584,60.33245232161178,4.4460728578317115,0.07533850261949465,2.0940855606914237,1.8046625869169053,1.2546862207971092,6045_6306,0.0,0.0,0.0,346,2,53,1,346,1,346,0,1,345,53,408,E West Expy W,W,Freeway,0.364528650905,0.0,6045,6306,W,2,65863,5,408,90000,65863,65,93,65.0,0.00599713404367,1,43140.78385964912,61.72882316423416,4.086802946771726,0.06745910538652287,2.8682354759315016,2.3313126755100275,1.0161079248363956,10.672224089913657,-1.0091501273166037,1
276,3,38384.35211267605,63.171838688487384,3.917017736140864,0.06245760845179112,3.693730391049781,2.9002344775882616,0.7715872203525609,45654.01111111111,60.51081926038235,4.305158117620267,0.07243873758025753,2.1469863271440865,1.8242908552690555,1.1727951168796715,6045_6306,1.0,0.5,0.5,346,2,53,1,346,1,346,0,1,345,53,408,E West Expy W,W,Freeway,0.364528650905,0.0,6045,6306,W,2,65863,5,408,90000,65863,65,93,65.0,0.00599713404367,1,42019.18161189358,61.841328974434866,4.111087926880566,0.06744817301602432,2.9203583590969338,2.3622626664286583,0.9721911686161162,10.645881498052583,-1.0091501273166037,1
277,4,40502.13698630137,63.67797399083321,2.8470071682915354,0.0449402443623026,3.6762570064263262,2.4313220233093755,0.6587217578603237,47329.89361702128,60.756301964151966,3.847070794713279,0.0652007892814845,2.0767302514249306,1.5908786136808222,1.0268782982840934,6045_6306,0.0,0.0,0.0,346,2,53,1,346,1,346,0,1,345,53,408,E West Expy W,W,Freeway,0.364528650905,0.0,6045,6306,W,2,65863,5,408,90000,65863,65,93,65.0,0.00599713404367,1,43916.01530166132,62.217137977492584,3.3470389815024073,0.05507051682189355,2.8764936289256284,2.0111003184950986,0.8428000280722086,10.690034345784778,-1.0091501273166037,1
278,5,32061.690140845072,65.40728598050167,2.267547540123055,0.03472410902037755,2.6566121604079327,1.5769709010243698,0.5934285147737381,37534.239130434784,61.67445356377542,3.4432028030458337,0.05750883675014135,1.4357732974464283,0.9873055917840176,1.0702451722069721,6045_6306,1.0,0.5,0.5,346,2,53,1,346,1,346,0,1,345,53,408,E West Expy W,W,Freeway,0.364528650905,0.0,6045,6306,W,2,65863,5,408,90000,65863,65,93,65.0,0.00599713404367,1,34797.96463563993,63.54086977213855,2.8553751715844444,0.046116472885259455,2.0461927289271804,1.2821382464041937,0.8318368434903551,10.457314176570495,-1.0091501273166037,1
279,6,24938.014492753624,65.90999421198512,2.5640265490818117,0.038977425889853146,2.0002712782489964,1.2896678543522735,0.6452705139314628,31185.712643678165,62.05346422397324,3.6654837777891074,0.06077844388122253,1.1194036233958926,0.8596465262751984,1.2711775157840717,6045_6306,0.0,0.0,0.0,346,2,53,1,346,1,346,0,1,345,53,408,E West Expy W,W,Freeway,0.364528650905,0.0,6045,6306,W,2,65863,5,408,90000,65863,65,93,65.0,0.00599713404367,1,28061.863568215893,63.98172921797918,3.1147551634354596,0.049877934885537836,1.5598374508224446,1.074657190313736,0.9582240148577672,10.242166765143814,-1.0091501273166037,1
280,0,75758.64893617021,66.36472315455515,5.75166093384078,0.08766779401579232,4.5422537242131815,4.585260267926758,0.968660194990986,80240.42391304347,62.048886388805066,6.423759707489968,0.10448702798464103,4.167318122387323,4.2660569502892765,0.9869655231801208,6177_8353,4.0,2.0,2.0,328,2,35,1,328,1,328,0,1,327,35,408,E West Expy W,W,Freeway,0.468851634629,0.0,6177,8353,W,2,65863,10,408,139500,65863,55,154,55.0,0.00771233397922,1,77999.53642460683,64.20680477168011,6.087710320665375,0.09607741100021668,4.354785923300252,4.425658609108018,0.9778128590855534,11.264458162379796,-0.7574689046578265,2
281,1,78501.86458333331,65.66175926311205,7.259297974654268,0.11142221769845644,4.9483980180584926,5.348460745102068,1.0466281754113065,84168.64210526316,61.26477641806942,7.837699660851794,0.12879528066659052,4.60685228431052,5.192454830593037,1.0950205018219032,6177_8353,5.5,4.5,1.0,328,2,35,1,328,1,328,0,1,327,35,408,E West Expy W,W,Freeway,0.468851634629,0.0,6177,8353,W,2,65863,10,408,139500,65863,55,154,55.0,0.00771233397922,1,81335.25334429824,63.46326784059073,7.548498817753031,0.12010874918252348,4.777625151184506,5.270457787847553,1.070824338616605,11.306334822020787,-0.7574689046578265,2
282,2,79288.43157894736,65.7681689287125,6.750232984769691,0.10342886168692884,4.972126943121324,5.059999345422876,0.9927853313521264,85434.08510638298,61.38112632221514,7.268798234904229,0.11911754673333512,4.561032588382312,4.808961017536553,1.0293003586585179,6177_8353,2.0,1.5,0.5,328,2,35,1,328,1,328,0,1,327,35,408,E West Expy W,W,Freeway,0.468851634629,0.0,6177,8353,W,2,65863,10,408,139500,65863,55,154,55.0,0.00771233397922,1,82361.25834266517,63.57464762546382,7.00951560983696,0.11127320421013198,4.766579765751818,4.934480181479715,1.0110428450053222,11.318870439590638,-0.7574689046578265,2
283,3,80009.65555555555,65.97344169943946,6.4471608408173084,0.09879934634872456,4.9754200486968765,4.9831557827567785,0.9632980769123748,85191.41573033707,61.56382450435621,7.179428514668123,0.1174375771088822,4.560822063075494,4.7033439783428745,1.001344268651386,6177_8353,2.5,2.0,0.5,328,2,35,1,328,1,328,0,1,327,35,408,E West Expy W,W,Freeway,0.468851634629,0.0,6177,8353,W,2,65863,10,408,139500,65863,55,154,55.0,0.00771233397922,1,82600.53564294631,63.768633101897834,6.813294677742716,0.10811846172880338,4.768121055886185,4.843249880549827,0.9823211727818804,11.321771444269476,-0.7574689046578265,2
284,4,83989.36170212767,66.67686744796188,4.505688528490836,0.06866474302715933,4.813153572996371,3.925300219357248,0.7872140142315686,89175.17204301074,62.1740253745718,5.326706073665086,0.08667145862801458,4.362495358796728,3.6409428482123634,0.8116832889721362,6177_8353,3.5,3.0,0.5,328,2,35,1,328,1,328,0,1,327,35,408,E West Expy W,W,Freeway,0.468851634629,0.0,6177,8353,W,2,65863,10,408,139500,65863,55,154,55.0,0.00771233397922,1,86582.2668725692,64.42544641126685,4.916197301077961,0.07766810082758696,4.587824465896549,3.7831215337848056,0.7994486516018524,11.368850303057576,-0.7574689046578265,2
285,5,64971.66304347825,68.89829659338108,2.091480996615843,0.030446387017632137,3.0877454371592314,1.7652940530312509,0.5716170272375746,69877.31460674157,64.78107147166945,2.090946887848002,0.03236692121020458,2.783375159827152,1.4952124525345465,0.5370072263914846,6177_8353,0.0,0.0,0.0,328,2,35,1,328,1,328,0,1,327,35,408,E West Expy W,W,Freeway,0.468851634629,0.0,6177,8353,W,2,65863,10,408,139500,65863,55,154,55.0,0.00771233397922,1,67424.4888251099,66.83968403252527,2.0912139422319225,0.03140665411391836,2.9355602984931917,1.6302532527828988,0.5543121268145296,11.118763566594096,-0.7574689046578265,2
286,6,52200.390804597686,69.30193637797356,2.3490470710440423,0.03400612274570131,2.3606739118460625,1.534211875544971,0.6429660685077926,56194.380952380954,65.44127094450954,2.314408309413152,0.035529666796038736,2.1869313032975364,1.3583725855075728,0.6113004310410014,6177_8353,1.0,1.0,0.0,328,2,35,1,328,1,328,0,1,327,35,408,E West Expy W,W,Freeway,0.468851634629,0.0,6177,8353,W,2,65863,10,408,139500,65863,55,154,55.0,0.00771233397922,1,54197.385878489324,67.37160366124155,2.331727690228597,0.03476789477087003,2.2738026075717994,1.446292230526272,0.627133249774397,10.900387955240403,-0.7574689046578265,2
287,0,70880.89361702128,63.88199378152468,4.715861670906252,0.07474968575659077,4.645471150082286,4.296347435779089,0.8885388603991609,75758.64893617021,66.36472315455515,5.75166093384078,0.08766779401579232,4.5422537242131815,4.585260267926758,0.968660194990986,6229_6177,0.0,0.0,0.0,325,2,32,1,325,1,325,0,1,324,32,408,E West Expy W,W,Freeway,0.315060560134,0.0,6229,6177,W,2,65863,7,408,139500,65863,55,88,55.0,0.00517066319789,1,73319.77127659574,65.12335846803991,5.233761302373516,0.08120873988619154,4.593862437147734,4.440803851852923,0.9285995276950734,11.202585582426076,-1.1549904042413608,1
288,1,73691.21875,63.333478968631255,5.821180162294168,0.09282182812657644,5.0182830073825215,4.9584021139813546,0.9558858813283676,78501.86458333331,65.66175926311205,7.259297974654268,0.11142221769845644,4.9483980180584926,5.348460745102068,1.0466281754113065,6229_6177,1.5,1.5,0.0,325,2,32,1,325,1,325,0,1,324,32,408,E West Expy W,W,Freeway,0.315060560134,0.0,6229,6177,W,2,65863,7,408,139500,65863,55,88,55.0,0.00517066319789,1,76096.54166666666,64.49761911587166,6.540239068474218,0.10212202291251643,4.983340512720507,5.153431429541712,1.001257028369837,11.23975809822669,-1.1549904042413608,1
289,2,75124.01052631579,63.40904745239509,5.389272554115387,0.08566728125565579,5.0353962889308175,4.6773850257781815,0.9053959870120776,79288.43157894736,65.7681689287125,6.750232984769691,0.10342886168692884,4.972126943121324,5.059999345422876,0.9927853313521264,6229_6177,1.5,1.0,0.5,325,2,32,1,325,1,325,0,1,324,32,408,E West Expy W,W,Freeway,0.315060560134,0.0,6229,6177,W,2,65863,7,408,139500,65863,55,88,55.0,0.00517066319789,1,77206.22105263158,64.5886081905538,6.069752769442539,0.09454807147129232,5.003761616026071,4.868692185600529,0.949090659182102,11.254235316349495,-1.1549904042413608,1
290,3,75053.1,63.46415536410442,5.3797804864986585,0.08599575756892247,5.1111683178730765,4.7311810524650895,0.8887165726517563,80009.65555555555,65.97344169943946,6.4471608408173084,0.09879934634872456,4.9754200486968765,4.9831557827567785,0.9632980769123748,6229_6177,1.0,1.0,0.0,325,2,32,1,325,1,325,0,1,324,32,408,E West Expy W,W,Freeway,0.315060560134,0.0,6229,6177,W,2,65863,7,408,139500,65863,55,88,55.0,0.00517066319789,1,77531.37777777779,64.71879853177194,5.913470663657984,0.09239755195882352,5.043294183284976,4.857168417610934,0.9260073247820655,11.258438007953824,-1.1549904042413608,1
291,4,78561.14893617021,64.0831570180028,3.6176203501424666,0.057322714756823975,4.9314100766591205,3.7336535200219183,0.7338054402701709,83989.36170212767,66.67686744796188,4.505688528490836,0.06866474302715933,4.813153572996371,3.925300219357248,0.7872140142315686,6229_6177,1.0,1.0,0.0,325,2,32,1,325,1,325,0,1,324,32,408,E West Expy W,W,Freeway,0.315060560134,0.0,6229,6177,W,2,65863,7,408,139500,65863,55,88,55.0,0.00517066319789,1,81275.25531914894,65.38001223298234,4.061654439316651,0.06299372889199165,4.872281824827746,3.829476869689583,0.7605097272508697,11.305596886590106,-1.1549904042413608,1
292,5,60118.05434782607,65.86734021730969,1.8689296527306951,0.02847478010570425,3.2453881227336656,1.8167754173081,0.5599540912033998,64971.66304347825,68.89829659338108,2.091480996615843,0.030446387017632137,3.0877454371592314,1.7652940530312509,0.5716170272375746,6229_6177,0.0,0.0,0.0,325,2,32,1,325,1,325,0,1,324,32,408,E West Expy W,W,Freeway,0.315060560134,0.0,6229,6177,W,2,65863,7,408,139500,65863,55,88,55.0,0.00517066319789,1,62544.85869565216,67.38281840534538,1.980205324673269,0.029460583561668193,3.1665667799464483,1.7910347351696756,0.5657855592204872,11.043639317403379,-1.1549904042413608,1
293,6,48128.7471264368,66.43411837183199,2.1422799421733174,0.032336898088574886,2.5127060440569235,1.6174236703526783,0.6371063413296979,52200.390804597686,69.30193637797356,2.3490470710440423,0.03400612274570131,2.3606739118460625,1.534211875544971,0.6429660685077926,6229_6177,0.0,0.0,0.0,325,2,32,1,325,1,325,0,1,324,32,408,E West Expy W,W,Freeway,0.315060560134,0.0,6229,6177,W,2,65863,7,408,139500,65863,55,88,55.0,0.00517066319789,1,50164.56896551725,67.86802737490277,2.24566350660868,0.0331715104171381,2.436689977951493,1.5758177729488247,0.6400362049187452,10.823064258987849,-1.1549904042413608,1
294,0,55043.49438202247,57.22532467905629,6.905059217570559,0.12177953486817955,7.789420029230218,6.0342609807400525,0.765489773911692,30328.60215053764,51.19106017607327,5.256118317400885,0.10349646345002483,7.478433598860584,5.405220537630519,0.7188801286207666,6230_8274,3.5,1.5,2.0,321,2,28,1,321,1,321,0,1,320,28,408,E West Expy W,W,Freeway,0.203469708857,0.0,6230,8274,W,3,65863,4,0,23980,65863,55,129,55.0,0.00333259954669,1,42686.04826628006,54.20819242756478,6.080588767485722,0.11263799915910219,7.633926814045401,5.719740759185285,0.7421849512662293,10.661627407331451,-1.5922381360044238,0
295,1,56275.90217391304,56.3602684648788,7.461692127383372,0.13359662483155213,8.181406686594501,6.398548634436175,0.773313733600146,31286.315789473683,50.52188436442239,5.575456620587449,0.11132306561632767,7.78153887637624,5.637675897651991,0.7161895418086411,6230_8274,3.0,2.5,0.5,321,2,28,1,321,1,321,0,1,320,28,408,E West Expy W,W,Freeway,0.203469708857,0.0,6230,8274,W,3,65863,4,0,23980,65863,55,129,55.0,0.00333259954669,1,43781.10898169336,53.441076414650595,6.518574373985411,0.1224598452239399,7.981472781485371,6.018112266044083,0.7447516377043936,10.686957701539345,-1.5922381360044238,0
296,2,57405.67391304348,55.90816429102779,7.965511213172157,0.14365293183883174,8.523096134731874,6.621835521811508,0.7703516627830456,31511.361702127666,50.2128108538169,5.665217314167334,0.11358581034631535,8.089505839638269,5.803551372640072,0.710879910058795,6230_8274,3.0,2.5,0.5,321,2,28,1,321,1,321,0,1,320,28,408,E West Expy W,W,Freeway,0.203469708857,0.0,6230,8274,W,3,65863,4,0,23980,65863,55,129,55.0,0.00333259954669,1,44458.51780758557,53.060487572422346,6.815364263669745,0.12861937109257354,8.306300987185072,6.21269344722579,0.7406157864209203,10.702311849301331,-1.5922381360044238,0
297,3,57832.56976744186,55.900128440995644,7.883490681066147,0.14254359067914635,8.617662262676882,6.586799772544794,0.7578418682444793,31622.01111111112,50.214454459302104,5.744904343841474,0.11517339398568473,8.163842135186734,5.7831513806999695,0.702744098080542,6230_8274,2.5,2.0,0.5,321,2,28,1,321,1,321,0,1,320,28,408,E West Expy W,W,Freeway,0.203469708857,0.0,6230,8274,W,3,65863,4,0,23980,65863,55,129,55.0,0.00333259954669,1,44727.29043927649,53.057291450148874,6.814197512453811,0.12885849233241553,8.390752198931807,6.1849755766223815,0.7302929831625107,10.708339118676081,-1.5922381360044238,0
298,4,60741.444444444445,55.946005022222224,7.924865962778928,0.14348381445733782,8.952351134420564,6.48855845864204,0.7189511297563539,33260.58064516129,49.91474154298519,5.98735478925634,0.12113371220787295,8.607701749762873,6.096229884202213,0.7022053099683461,6230_8274,6.0,5.0,1.0,321,2,28,1,321,1,321,0,1,320,28,408,E West Expy W,W,Freeway,0.203469708857,0.0,6230,8274,W,3,65863,4,0,23980,65863,55,129,55.0,0.00333259954669,1,47001.01254480287,52.93037328260371,6.956110376017634,0.13230876333260538,8.780026442091717,6.292394171422126,0.71057821986235,10.757924423966582,-1.5922381360044238,0
299,5,47803.73863636363,60.15177311309298,4.2270196244005005,0.07114179876827137,5.9328826923051,3.4763205395024843,0.5823436081136877,27116.522222222222,53.48778956431642,4.066845180613273,0.07706218129935785,5.694978312566682,3.433409177665125,0.5932282508239828,6230_8274,3.5,3.0,0.5,321,2,28,1,321,1,321,0,1,320,28,408,E West Expy W,W,Freeway,0.203469708857,0.0,6230,8274,W,3,65863,4,0,23980,65863,55,129,55.0,0.00333259954669,1,37460.13042929293,56.8197813387047,4.146932402506886,0.07410199003381461,5.813930502435891,3.4548648585838047,0.5877859294688352,10.531032457820446,-1.5922381360044238,0
300,6,38464.42682926828,61.57123542046587,3.181772550412891,0.05229308065527711,4.329027064731693,2.557484235450117,0.5897466525619229,21209.78823529412,55.101788617902926,3.3425893651553884,0.06138256122037401,4.1297264950431885,2.5195351291790846,0.6036692980939117,6230_8274,1.5,1.0,0.5,321,2,28,1,321,1,321,0,1,320,28,408,E West Expy W,W,Freeway,0.203469708857,0.0,6230,8274,W,3,65863,4,0,23980,65863,55,129,55.0,0.00333259954669,1,29837.107532281203,58.3365120191844,3.26218095778414,0.056837820937825564,4.22937677988744,2.5385096823146007,0.5967079753279173,10.303508117055129,-1.5922381360044238,0
301,0,59173.645161290326,65.26993539118631,2.6626057055688195,0.041004081755984544,3.4910218871176064,2.9128001880027834,0.8203465968783958,59273.755319148935,66.58266482464701,3.982464866577815,0.060434808004401014,3.7632939443691598,3.444166889771324,0.8858415595505483,6258_6879,0.0,0.0,0.0,341,2,48,1,341,1,341,0,1,340,48,408,E West Expy W,W,Freeway,0.209349816692,0.0,6258,6879,W,2,65863,5,408,74500,65863,65,55,65.0,0.0034235927301999995,1,59223.70024021963,65.92630010791666,3.3225352860733173,0.05071944488019278,3.627157915743383,3.1784835388870536,0.853094078214472,10.989077082652264,-1.5637486621228134,1
302,1,61362.46315789474,64.93128633574757,3.1321973170137296,0.04841190269529385,3.6622011789978255,3.120560024282792,0.8395263334698752,61316.48958333334,66.02982624579074,5.1177415134352815,0.0780047818343734,4.029823349251255,4.007212156950058,0.9668493374656766,6258_6879,0.0,0.0,0.0,341,2,48,1,341,1,341,0,1,340,48,408,E West Expy W,W,Freeway,0.209349816692,0.0,6258,6879,W,2,65863,5,408,74500,65863,65,55,65.0,0.0034235927301999995,1,61339.47637061404,65.48055629076916,4.1249694152245056,0.06320834226483363,3.84601226412454,3.563886090616425,0.9031878354677758,11.024178901124047,-1.5637486621228134,1
303,2,63035.79787234043,64.7949083415447,3.5079625029970316,0.05437886107181791,3.815615239706701,3.2917134796639638,0.8497526493722559,62299.315789473694,65.88079664305897,5.287178032750728,0.08070677816788821,4.14008853279938,4.027647642613533,0.9452411040982246,6258_6879,0.0,0.0,0.0,341,2,48,1,341,1,341,0,1,340,48,408,E West Expy W,W,Freeway,0.209349816692,0.0,6258,6879,W,2,65863,5,408,74500,65863,65,55,65.0,0.0034235927301999995,1,62667.556830907066,65.33785249230183,4.3975702678738795,0.06754281961985306,3.9778518862530405,3.6596805611387486,0.8974968767352403,11.045599157791607,-1.5637486621228134,1
304,3,62698.111111111124,64.72999683929665,3.6337707297228574,0.05692052749433672,3.914659334800677,3.409761862927285,0.8398099759180615,62959.14444444444,66.06689904326765,5.121112551659016,0.07797436987850424,4.1767404814419375,3.9774571588181233,0.9258860843625284,6258_6879,1.0,1.0,0.0,341,2,48,1,341,1,341,0,1,340,48,408,E West Expy W,W,Freeway,0.209349816692,0.0,6258,6879,W,2,65863,5,408,74500,65863,65,55,65.0,0.0034235927301999995,1,62828.62777777779,65.39844794128214,4.377441640690937,0.06744744868642048,4.045699908121307,3.693609510872704,0.882848030140295,11.048166104919398,-1.5637486621228134,1
305,4,66323.53191489361,65.39446600636033,1.9645292759424944,0.0300991077725215,3.8170743670043663,2.643313366274299,0.6898346818001494,65993.07446808509,66.82991310644603,3.0660040567516265,0.04624573717098363,4.0480348089924405,3.064026613326672,0.7476685040334249,6258_6879,1.0,0.5,0.5,341,2,48,1,341,1,341,0,1,340,48,408,E West Expy W,W,Freeway,0.209349816692,0.0,6258,6879,W,2,65863,5,408,74500,65863,65,55,65.0,0.0034235927301999995,1,66158.30319148935,66.11218955640318,2.5152666663470606,0.038172422471752565,3.9325545879984034,2.853669989800485,0.7187515929167871,11.09980568232348,-1.5637486621228134,1
306,5,50408.02197802199,66.5429496214426,2.053776085135961,0.031054501166568983,2.644063176461913,1.6690660502444248,0.6171622485549036,49561.04347826087,68.39598338819293,1.9372268938310235,0.02835724117832084,2.6856616029629685,1.5262182222252998,0.5642283081719963,6258_6879,0.5,0.5,0.0,341,2,48,1,341,1,341,0,1,340,48,408,E West Expy W,W,Freeway,0.209349816692,0.0,6258,6879,W,2,65863,5,408,74500,65863,65,55,65.0,0.0034235927301999995,1,49984.532728141436,67.46946650481777,1.9955014894834924,0.02970587117244491,2.664862389712441,1.5976421362348623,0.59069527836345,10.819468891115942,-1.5637486621228134,1
307,6,39852.651162790695,66.81273314574925,2.143963798587745,0.0321546721206669,1.9623638727123176,1.3026677718161432,0.6618273959269925,39716.34482758621,68.71752021480255,2.0823196591788213,0.030305699173930143,2.0592402774293244,1.301451610678517,0.6294138077981841,6258_6879,0.0,0.0,0.0,341,2,48,1,341,1,341,0,1,340,48,408,E West Expy W,W,Freeway,0.209349816692,0.0,6258,6879,W,2,65863,5,408,74500,65863,65,55,65.0,0.0034235927301999995,1,39784.49799518845,67.7651266802759,2.113141728883283,0.03123018564729852,2.010802075070821,1.3020596912473301,0.6456206018625883,10.591232617790302,-1.5637486621228134,1
308,0,39078.94382022472,66.3914792957426,3.7533291188975055,0.056955356259146474,3.2883613294211234,2.8348378272569006,0.8606863258814045,38688.01063829787,65.55001548560739,3.702642618852453,0.05673573258434756,2.3785514516808126,2.0670536547755773,0.8670524349935413,6300_8156,0.0,0.0,0.0,300,2,7,1,300,1,300,0,1,299,7,408,E West Expy W,W,Freeway,0.325558727708,0.0,6300,8156,W,2,65863,4,408,73500,65863,65,77,65.0,0.0053384668912700006,1,38883.47722926129,65.970747390675,3.7279858688749794,0.05684554442174702,2.833456390550968,2.450945741016239,0.8638693804374729,10.568324689484296,-1.1222124105417448,0
309,1,40737.516483516476,66.0116608626535,4.606280558321159,0.07021136568731216,3.5213431780077213,3.2344775771071266,0.9172858450079542,40512.442105263166,65.05037288043066,4.464066139400637,0.06898430841086058,2.532144229394201,2.392040881185745,0.9375911373450658,6300_8156,2.0,1.5,0.5,300,2,7,1,300,1,300,0,1,299,7,408,E West Expy W,W,Freeway,0.325558727708,0.0,6300,8156,W,2,65863,4,408,73500,65863,65,77,65.0,0.0053384668912700006,1,40624.97929438982,65.53101687154208,4.535173348860898,0.06959783704908637,3.0267437037009612,2.8132592291464356,0.92743849117651,10.612138409955351,-1.1222124105417448,0
310,2,40841.73333333333,66.0703224365374,4.329511120019114,0.0660523565240077,3.556004608333628,3.1511579678522,0.8761637069567031,40278.734042553195,65.13078884685703,3.960685248510562,0.061015516108337664,2.4942157168093,2.1690921726559385,0.8637074906639559,6300_8156,0.5,0.5,0.0,300,2,7,1,300,1,300,0,1,299,7,408,E West Expy W,W,Freeway,0.325558727708,0.0,6300,8156,W,2,65863,4,408,73500,65863,65,77,65.0,0.0053384668912700006,1,40560.23368794326,65.60055564169721,4.145098184264838,0.06353393631617268,3.025110162571464,2.660125070254069,0.8699355988103294,10.61054339978553,-1.1222124105417448,0
311,3,41406.67058823529,66.07798446376081,4.390545994713805,0.06675054766931203,3.6354126496315096,3.1865042775874373,0.8699783334681046,41713.47727272727,65.09229352532255,4.259549661895152,0.06546455274865197,2.629963399595123,2.37247412265232,0.8949675920463744,6300_8156,1.0,0.5,0.5,300,2,7,1,300,1,300,0,1,299,7,408,E West Expy W,W,Freeway,0.325558727708,0.0,6300,8156,W,2,65863,4,408,73500,65863,65,77,65.0,0.0053384668912700006,1,41560.07393048128,65.58513899454168,4.325047828304479,0.066107550208982,3.132688024613316,2.7794892001198788,0.8824729627572395,10.634895224097079,-1.1222124105417448,0
312,4,43111.08888888889,66.36405037621444,3.4911197760969137,0.052975737506257656,3.5799762369765333,2.783952642262937,0.777352650638661,43367.81720430108,65.4009715242304,3.4817137873381694,0.053465127468825306,2.612907139393784,2.0457212205862354,0.78222918523035,6300_8156,0.5,0.5,0.0,300,2,7,1,300,1,300,0,1,299,7,408,E West Expy W,W,Freeway,0.325558727708,0.0,6300,8156,W,2,65863,4,408,73500,65863,65,77,65.0,0.0053384668912700006,1,43239.45304659498,65.88251095022241,3.4864167817175415,0.05322043248754148,3.0964416881851586,2.414836931424586,0.7797909179345055,10.674508622426957,-1.1222124105417448,0
313,5,31848.636363636364,68.18643357351131,2.0983540632091326,0.031081845323750718,2.1838086596827937,1.2704889290290318,0.5808776537816316,31865.96703296704,67.29559815408332,2.1462347705872897,0.03205531696350677,1.5956545834751694,0.8973319566696357,0.5635354553529646,6300_8156,0.0,0.0,0.0,300,2,7,1,300,1,300,0,1,299,7,408,E West Expy W,W,Freeway,0.325558727708,0.0,6300,8156,W,2,65863,4,408,73500,65863,65,77,65.0,0.0053384668912700006,1,31857.3016983017,67.74101586379732,2.122294416898211,0.031568581143628746,1.8897316215789814,1.0839104428493338,0.5722065545672981,10.369021887419857,-1.1222124105417448,0
314,6,24884.493975903613,68.3822521927285,2.4723035566758043,0.03675779438902618,1.658669100012756,1.0926620618120069,0.6605248528688296,25126.18604651163,67.51189446026005,2.663955716529688,0.039933538282451324,1.2267372542217092,0.7870596040072112,0.6456481653915914,6300_8156,0.0,0.0,0.0,300,2,7,1,300,1,300,0,1,299,7,408,E West Expy W,W,Freeway,0.325558727708,0.0,6300,8156,W,2,65863,4,408,73500,65863,65,77,65.0,0.0053384668912700006,1,25005.34001120762,67.94707332649428,2.5681296366027464,0.03834566633573876,1.4427031771172327,0.939860832909609,0.6530865091302105,10.126844681489315,-1.1222124105417448,0
315,0,45042.34408602151,60.67599878368162,4.125727296769421,0.06925824790072342,1.9715116004002768,1.6599786963812748,1.1737025045486396,33103.914893617024,60.49186431123522,3.955425926320749,0.06581974799716417,3.421554187663141,2.8108980527664422,0.7985730518072972,6306_6308,0.0,0.0,0.0,345,2,52,1,345,1,345,0,1,344,52,408,E West Expy W,W,Freeway,0.383520670377,0.0,6306,6308,W,2,65863,4,408,90000,65863,65,113,65.0,0.00630951160561,1,39073.12948981927,60.58393154745842,4.0405766115450845,0.0675389979489438,2.696532894031709,2.2354383745738584,0.9861377781779683,10.573190284401576,-0.9583617603392051,0
316,1,45106.15789473683,60.391258140062206,4.391248090333972,0.07394452052830698,2.0768183582431043,1.8944693970445816,1.4561966258986525,34903.72631578947,60.338244580095164,4.348713850858669,0.07273840490219705,3.62918394788785,3.1146843422142085,0.8349679810433819,6306_6308,0.5,0.5,0.0,345,2,52,1,345,1,345,0,1,344,52,408,E West Expy W,W,Freeway,0.383520670377,0.0,6306,6308,W,2,65863,4,408,90000,65863,65,113,65.0,0.00630951160561,1,40004.94210526315,60.364751360078685,4.369980970596321,0.07334146271525202,2.853001153065477,2.5045768696293953,1.1455823034710173,10.596758278095654,-0.9583617603392051,0
317,2,47573.621052631584,60.33245232161178,4.4460728578317115,0.07533850261949465,2.0940855606914237,1.8046625869169053,1.2546862207971092,35242.98947368421,60.04125158833648,4.664596917198456,0.07863749016429601,3.7980783803615,3.3655635738551934,0.8490535708044409,6306_6308,0.0,0.0,0.0,345,2,52,1,345,1,345,0,1,344,52,408,E West Expy W,W,Freeway,0.383520670377,0.0,6306,6308,W,2,65863,4,408,90000,65863,65,113,65.0,0.00630951160561,1,41408.3052631579,60.18685195497413,4.555334887515084,0.07698799639189532,2.946081970526462,2.5851130803860496,1.051869895800775,10.631236749915072,-0.9583617603392051,0
318,3,45654.01111111111,60.51081926038235,4.305158117620267,0.07243873758025753,2.1469863271440865,1.8242908552690555,1.1727951168796715,35092.84444444445,60.21541964057447,4.485617067668096,0.07503877279535444,3.7958530142036353,3.2841508952587857,0.8294653319516411,6306_6308,0.0,0.0,0.0,345,2,52,1,345,1,345,0,1,344,52,408,E West Expy W,W,Freeway,0.383520670377,0.0,6306,6308,W,2,65863,4,408,90000,65863,65,113,65.0,0.00630951160561,1,40373.427777777775,60.36311945047841,4.395387592644182,0.07373875518780598,2.971419670673861,2.554220875263921,1.0011302244156564,10.605927119278281,-0.9583617603392051,0
319,4,47329.89361702128,60.756301964151966,3.847070794713279,0.0652007892814845,2.0767302514249306,1.5908786136808222,1.0268782982840934,36926.98936170213,60.42002779024249,3.523612984373936,0.058772057258337125,3.70448285256798,2.6874767188996627,0.7070959013353695,6306_6308,0.0,0.0,0.0,345,2,52,1,345,1,345,0,1,344,52,408,E West Expy W,W,Freeway,0.383520670377,0.0,6306,6308,W,2,65863,4,408,90000,65863,65,113,65.0,0.00630951160561,1,42128.44148936171,60.58816487719723,3.685341889543608,0.061986423269910815,2.890606551996455,2.1391776662902426,0.8669870998097314,10.648478361394474,-0.9583617603392051,0
320,5,37534.239130434784,61.67445356377542,3.4432028030458337,0.05750883675014135,1.4357732974464283,0.9873055917840176,1.0702451722069721,28897.206521739125,61.85109885057161,2.591336762956861,0.042121002799065936,2.6152058830336826,1.6221454267128816,0.6094894169648906,6306_6308,0.0,0.0,0.0,345,2,52,1,345,1,345,0,1,344,52,408,E West Expy W,W,Freeway,0.383520670377,0.0,6306,6308,W,2,65863,4,408,90000,65863,65,113,65.0,0.00630951160561,1,33215.72282608695,61.762776207173516,3.017269783001347,0.049814919774603644,2.0254895902400554,1.3047255092484495,0.8398672945859313,10.410778621900395,-0.9583617603392051,0
321,6,31185.712643678165,62.05346422397324,3.6654837777891074,0.06077844388122253,1.1194036233958926,0.8596465262751984,1.2711775157840717,23132.16279069768,62.539900065558776,2.8256957512267813,0.04535705451985634,1.9832710857935256,1.2916638073136577,0.6542764156992884,6306_6308,0.5,0.0,0.5,345,2,52,1,345,1,345,0,1,344,52,408,E West Expy W,W,Freeway,0.383520670377,0.0,6306,6308,W,2,65863,4,408,90000,65863,65,113,65.0,0.00630951160561,1,27158.937717187924,62.29668214476601,3.2455897645079443,0.05306774920053943,1.5513373545947091,1.075655166794428,0.96272696574168,10.209461468874892,-0.9583617603392051,0
322,0,7537.872340425533,54.3092551757396,3.1626046994292363,0.05838214532071576,0.4122286883790983,0.4769928267407255,1.0167066192591552,70880.89361702128,63.88199378152468,4.715861670906252,0.07474968575659077,4.645471150082286,4.296347435779089,0.8885388603991609,6307_6229,0.0,0.0,0.0,322,2,29,1,322,1,322,0,1,321,29,408,E West Expy W,W,Freeway,0.314179016856,0.0,6307,6229,W,2,65863,7,408,139500,65863,65,59,65.0,0.00515046464292,1,39209.382978723406,59.09562447863214,3.939233185167744,0.06656591553865326,2.528849919230692,2.3866701312599075,0.952622739829158,10.57667135883824,-1.1577923381532558,1
323,1,7752.729166666668,54.34162797975,3.214069516198676,0.05919940872267621,0.4045892458843627,0.4420364303976589,1.1022765390007614,73691.21875,63.333478968631255,5.821180162294168,0.09282182812657644,5.0182830073825215,4.9584021139813546,0.9558858813283676,6307_6229,0.5,0.5,0.0,322,2,29,1,322,1,322,0,1,321,29,408,E West Expy W,W,Freeway,0.314179016856,0.0,6307,6229,W,2,65863,7,408,139500,65863,65,59,65.0,0.00515046464292,1,40721.973958333336,58.83755347419063,4.517624839246422,0.07601061842462632,2.711436126633442,2.7002192721895066,1.0290812101645646,10.614523126432895,-1.1577923381532558,1
324,2,7714.436170212766,54.310198747305975,3.172470463334653,0.05842697326807996,0.39458626047903816,0.4179698171008167,1.0597452834604455,75124.01052631579,63.40904745239509,5.389272554115387,0.08566728125565579,5.0353962889308175,4.6773850257781815,0.9053959870120776,6307_6229,1.0,1.0,0.0,322,2,29,1,322,1,322,0,1,321,29,408,E West Expy W,W,Freeway,0.314179016856,0.0,6307,6229,W,2,65863,7,408,139500,65863,65,59,65.0,0.00515046464292,1,41419.22334826428,58.85962309985054,4.280871508725021,0.07204712726186788,2.7149912747049276,2.547677421439499,0.9825706352362615,10.631500384128302,-1.1577923381532558,1
325,3,7890.382022471909,54.346505925254284,3.1711750077058087,0.05837514377766419,0.41863436224496603,0.4514474547393295,1.051864633976977,75053.1,63.46415536410442,5.3797804864986585,0.08599575756892247,5.1111683178730765,4.7311810524650895,0.8887165726517563,6307_6229,1.5,1.5,0.0,322,2,29,1,322,1,322,0,1,321,29,408,E West Expy W,W,Freeway,0.314179016856,0.0,6307,6229,W,2,65863,7,408,139500,65863,65,59,65.0,0.00515046464292,1,41471.74101123596,58.90533064467935,4.275477747102234,0.07218545067329332,2.7649013400590214,2.5913142536022096,0.9702906033143667,10.632767534785907,-1.1577923381532558,1
326,4,8282.627659574468,54.47740356774885,3.0924616319867515,0.05679911887110878,0.41882380784821865,0.36579331715445007,0.8589517643505641,78561.14893617021,64.0831570180028,3.6176203501424666,0.057322714756823975,4.9314100766591205,3.7336535200219183,0.7338054402701709,6307_6229,0.0,0.0,0.0,322,2,29,1,322,1,322,0,1,321,29,408,E West Expy W,W,Freeway,0.314179016856,0.0,6307,6229,W,2,65863,7,408,139500,65863,65,59,65.0,0.00515046464292,1,43421.88829787234,59.28028029287582,3.355040991064609,0.05706091681396638,2.6751169422536694,2.0497234185881843,0.7963786023103675,10.678718931613151,-1.1577923381532558,1
327,5,6732.152173913043,54.53058038958872,2.918328045872795,0.05352991721028707,0.3269457389501464,0.23265813706747202,0.7338974754407562,60118.05434782607,65.86734021730969,1.8689296527306951,0.02847478010570425,3.2453881227336656,1.8167754173081,0.5599540912033998,6307_6229,0.0,0.0,0.0,322,2,29,1,322,1,322,0,1,321,29,408,E West Expy W,W,Freeway,0.314179016856,0.0,6307,6229,W,2,65863,7,408,139500,65863,65,59,65.0,0.00515046464292,1,33425.10326086956,60.198960303449205,2.393628849301745,0.04100234865799566,1.786166930841906,1.024716777187786,0.6469257833220781,10.4170624912958,-1.1577923381532558,1
328,6,5584.781609195402,54.44516540688698,3.0862763549550487,0.05669721705906086,0.26616527942914675,0.2219581242606692,0.8803003731969263,48128.7471264368,66.43411837183199,2.1422799421733174,0.032336898088574886,2.5127060440569235,1.6174236703526783,0.6371063413296979,6307_6229,0.0,0.0,0.0,322,2,29,1,322,1,322,0,1,321,29,408,E West Expy W,W,Freeway,0.314179016856,0.0,6307,6229,W,2,65863,7,408,139500,65863,65,59,65.0,0.00515046464292,1,26856.7643678161,60.43964188935948,2.614278148564183,0.044517057573817874,1.3894356617430352,0.9196908973066737,0.7587033572633122,10.198272999969772,-1.1577923381532558,1
329,0,33103.914893617024,60.49186431123522,3.955425926320749,0.06581974799716417,3.421554187663141,2.8108980527664422,0.7985730518072972,33078.36170212766,63.66922556637694,4.427494141785782,0.06986602586918438,3.8711884914370014,3.0135478474273025,0.7685055687867496,6308_8005,1.0,0.5,0.5,340,2,47,1,340,1,340,0,1,339,47,408,E West Expy W,W,Freeway,0.218825062291,0.0,6308,8005,W,2,65863,4,408,90000,65863,65,90,65.0,0.00359986760412,1,33091.13829787234,62.08054493880608,4.191460034053265,0.06784288693317428,3.646371339550071,2.912222950096872,0.7835393102970234,10.407020800380574,-1.519482670702417,0
330,1,34903.72631578947,60.338244580095164,4.348713850858669,0.07273840490219705,3.62918394788785,3.1146843422142085,0.8349679810433819,35048.36170212766,63.245903563708936,4.8020263150208855,0.07623382835232427,4.158542653741391,3.514624107729805,0.8166413393433349,6308_8005,1.5,1.5,0.0,340,2,47,1,340,1,340,0,1,339,47,408,E West Expy W,W,Freeway,0.218825062291,0.0,6308,8005,W,2,65863,4,408,90000,65863,65,90,65.0,0.00359986760412,1,34976.04400895856,61.79207407190205,4.575370082939777,0.07448611662726065,3.893863300814621,3.314654224972007,0.8258046601933584,10.462418649237097,-1.519482670702417,0
331,2,35242.98947368421,60.04125158833648,4.664596917198456,0.07863749016429601,3.7980783803615,3.3655635738551934,0.8490535708044409,35226.56842105263,63.14010420272274,5.007672085408778,0.08019965539184869,4.290163901870568,3.5931137777388416,0.8140563578851323,6308_8005,0.5,0.5,0.0,340,2,47,1,340,1,340,0,1,339,47,408,E West Expy W,W,Freeway,0.218825062291,0.0,6308,8005,W,2,65863,4,408,90000,65863,65,90,65.0,0.00359986760412,1,35234.778947368424,61.59067789552961,4.836134501303617,0.07941857277807235,4.044121141116034,3.4793386757970177,0.8315549643447866,10.469788912075158,-1.519482670702417,0
332,3,35092.84444444445,60.21541964057447,4.485617067668096,0.07503877279535444,3.7958530142036353,3.2841508952587857,0.8294653319516411,34941.26666666667,63.031185767735614,5.130897286967767,0.0821960938985225,4.282302656944879,3.4628176018873686,0.7920156526478696,6308_8005,0.0,0.0,0.0,340,2,47,1,340,1,340,0,1,339,47,408,E West Expy W,W,Freeway,0.218825062291,0.0,6308,8005,W,2,65863,4,408,90000,65863,65,90,65.0,0.00359986760412,1,35017.05555555556,61.62330270415504,4.808257177317932,0.07861743334693846,4.039077835574258,3.373484248573077,0.8107404922997553,10.463590523365992,-1.519482670702417,0
333,4,36926.98936170213,60.42002779024249,3.523612984373936,0.058772057258337125,3.70448285256798,2.6874767188996627,0.7070959013353695,37030.43617021277,63.51543366137275,4.141171883855339,0.06558488824547988,4.23279687237036,2.9148540864992207,0.6824684524610479,6308_8005,0.0,0.0,0.0,340,2,47,1,340,1,340,0,1,339,47,408,E West Expy W,W,Freeway,0.218825062291,0.0,6308,8005,W,2,65863,4,408,90000,65863,65,90,65.0,0.00359986760412,1,36978.71276595745,61.96773072580762,3.8323924341146376,0.062178472751908506,3.9686398624691703,2.801165402699442,0.6947821768982088,10.518097695410377,-1.519482670702417,0
334,5,28897.206521739125,61.85109885057161,2.591336762956861,0.042121002799065936,2.6152058830336826,1.6221454267128816,0.6094894169648906,28863.467391304344,65.75345076290593,2.9893687692268114,0.04558740803853355,3.0718019986195464,1.7893263222597695,0.5819744138155156,6308_8005,0.0,0.0,0.0,340,2,47,1,340,1,340,0,1,339,47,408,E West Expy W,W,Freeway,0.218825062291,0.0,6308,8005,W,2,65863,4,408,90000,65863,65,90,65.0,0.00359986760412,1,28880.336956521736,63.802274806738765,2.790352766091836,0.04385420541879974,2.8435039408266145,1.7057358744863256,0.5957319153902031,10.270916260408287,-1.519482670702417,0
335,6,23132.16279069768,62.539900065558776,2.8256957512267813,0.04535705451985634,1.9832710857935256,1.2916638073136577,0.6542764156992884,22994.674418604653,66.54472923080192,3.2012353168074275,0.04822038283974617,2.338510396860675,1.5067142406787033,0.6491297963358814,6308_8005,0.5,0.0,0.5,340,2,47,1,340,1,340,0,1,339,47,408,E West Expy W,W,Freeway,0.218825062291,0.0,6308,8005,W,2,65863,4,408,90000,65863,65,90,65.0,0.00359986760412,1,23063.418604651168,64.54231464818035,3.0134655340171044,0.04678871867980125,2.1608907413271004,1.3991890239961804,0.6517031060175849,10.04600303108563,-1.519482670702417,0
336,0,48103.74725274725,64.26330003022726,2.9265306072418333,0.04588413474858973,3.864289186309583,3.085361246442643,0.7899934437527999,45018.63218390805,64.71378291283564,2.6731182333373065,0.04184140014315282,3.516655498516388,2.6318736420403868,0.7488630504555888,6440_8239,1.5,1.0,0.5,314,2,21,1,314,1,314,0,1,313,21,408,E West Expy W,W,Freeway,0.108833365524,0.0,6440,8239,W,2,65863,6,408,66500,65863,65,52,65.0,0.0017901213663,1,46561.189718327645,64.48854147153145,2.79982442028957,0.043862767445871274,3.6904723424129857,2.858617444241515,0.7694282471041943,10.748522634448443,-2.2179373231543256,1
337,1,50098.87234042553,63.74677154332034,3.5323126958272852,0.055945160562720316,4.119481613151848,3.4463170575021658,0.8326128638526356,46277.19565217392,64.41173619260262,3.178792988645472,0.049994531531119435,3.6855461330295802,2.887041995845028,0.7879216045715864,6440_8239,1.0,1.0,0.0,314,2,21,1,314,1,314,0,1,313,21,408,E West Expy W,W,Freeway,0.108833365524,0.0,6440,8239,W,2,65863,6,408,66500,65863,65,52,65.0,0.0017901213663,1,48188.033996299724,64.07925386796148,3.3555528422363787,0.05296984604691987,3.9025138730907143,3.166679526673597,0.810267234212111,10.782866011879557,-2.2179373231543256,1
338,2,51090.655913978495,63.86843806667849,3.171031111048061,0.04997429738877728,4.140692325043102,3.3499092560756134,0.8007946118246982,47419.780219780216,64.57156200860258,2.840519143542312,0.044209790121629136,3.7307483809013178,2.7757290599076123,0.7485054411786342,6440_8239,0.5,0.5,0.0,314,2,21,1,314,1,314,0,1,313,21,408,E West Expy W,W,Freeway,0.108833365524,0.0,6440,8239,W,2,65863,6,408,66500,65863,65,52,65.0,0.0017901213663,1,49255.21806687936,64.22000003764055,3.0057751272951867,0.047092043755203206,3.93572035297221,3.062819157991613,0.7746500265016663,10.804770591584402,-2.2179373231543256,1
339,3,50860.70786516854,63.74004834727112,3.729527124770797,0.05924773822987368,4.299987626788991,3.655113496348589,0.8297134387563658,47121.57471264368,64.44925426543675,3.3614398753190096,0.05278282967078435,3.8058023721702736,3.015739795987136,0.7841439880504383,6440_8239,0.0,0.0,0.0,314,2,21,1,314,1,314,0,1,313,21,408,E West Expy W,W,Freeway,0.108833365524,0.0,6440,8239,W,2,65863,6,408,66500,65863,65,52,65.0,0.0017901213663,1,48991.14128890611,64.09465130635394,3.545483500044903,0.05601528395032901,4.052894999479633,3.3354266461678623,0.806928713403402,10.799394770725954,-2.2179373231543256,1
340,4,53146.358695652176,63.86531835412149,3.072287662748752,0.0487926146245003,4.297110152417514,3.14959890951132,0.7267995238223024,48736.571428571435,64.60382301820664,2.7641686339802845,0.04329354007476427,3.836376528562891,2.6453513093525487,0.6924300662196493,6440_8239,1.0,1.0,0.0,314,2,21,1,314,1,314,0,1,313,21,408,E West Expy W,W,Freeway,0.108833365524,0.0,6440,8239,W,2,65863,6,408,66500,65863,65,52,65.0,0.0017901213663,1,50941.465062111805,64.23457068616406,2.918228148364518,0.04604307734963228,4.066743340490202,2.8974751094319346,0.7096147950209759,10.83843250866388,-2.2179373231543256,1
341,5,38357.2,65.8239919163118,2.3521488319869515,0.03612942720012468,2.772167859407398,1.5767618782288284,0.565118038540859,36754.79518072289,66.26283511837441,2.2843899761420787,0.03484364318782361,2.418656688608164,1.3809553790010225,0.5700918782998472,6440_8239,0.0,0.0,0.0,314,2,21,1,314,1,314,0,1,313,21,408,E West Expy W,W,Freeway,0.108833365524,0.0,6440,8239,W,2,65863,6,408,66500,65863,65,52,65.0,0.0017901213663,1,37555.99759036144,66.04341351734311,2.318269404064515,0.03548653519397414,2.5954122740077814,1.4788586286149255,0.5676049584203531,10.533588367217222,-2.2179373231543256,1
342,6,30645.55294117647,66.60297539852914,2.335071498354864,0.035187079250453265,2.133874223813263,1.3225791894770662,0.6174010262848812,29615.39189189189,66.92344090795748,2.3351302428475025,0.03502836460612658,1.8538697451456103,1.1796838202954083,0.635281201764168,6440_8239,1.0,0.5,0.5,314,2,21,1,314,1,314,0,1,313,21,408,E West Expy W,W,Freeway,0.108833365524,0.0,6440,8239,W,2,65863,6,408,66500,65863,65,52,65.0,0.0017901213663,1,30130.47241653418,66.76320815324331,2.3351008706011833,0.035107721928289926,1.9938719844794366,1.2511315048862373,0.6263411140245246,10.313292311275713,-2.2179373231543256,1
343,0,59416.54255319149,61.50848723996301,7.625571018155129,0.12506200142459878,5.906060382117709,5.282363466398932,0.8746602450876165,55043.49438202247,57.22532467905629,6.905059217570559,0.12177953486817955,7.789420029230218,6.0342609807400525,0.765489773911692,6737_6230,4.0,3.0,1.0,320,2,27,1,320,1,320,0,1,319,27,408,E West Expy W,W,Freeway,0.312836275073,0.0,6737,6230,W,3,65863,4,0,23980,65863,55,145,55.0,0.005089346157529999,1,57230.01846760698,59.36690595950965,7.265315117862844,0.12342076814638916,6.847740205673963,5.658312223569492,0.8200750094996543,10.954833838094114,-1.162075308131402,0
344,1,61792.11458333334,60.72735941576979,8.535025322747536,0.1414242618005929,6.262125444404592,5.762003795943209,0.902620715382394,56275.90217391304,56.3602684648788,7.461692127383372,0.13359662483155213,8.181406686594501,6.398548634436175,0.773313733600146,6737_6230,6.5,4.0,2.5,320,2,27,1,320,1,320,0,1,319,27,408,E West Expy W,W,Freeway,0.312836275073,0.0,6737,6230,W,3,65863,4,0,23980,65863,55,145,55.0,0.005089346157529999,1,59034.00837862319,58.5438139403243,7.998358725065454,0.1375104433160725,7.221766065499547,6.080276215189691,0.8379672244912699,10.985868970022583,-1.162075308131402,0
345,2,62131.33684210527,60.60928394307293,8.683207390155152,0.14424876793449154,6.3902132635733935,5.819452057083037,0.8983241641911178,57405.67391304348,55.90816429102779,7.965511213172157,0.14365293183883174,8.523096134731874,6.621835521811508,0.7703516627830456,6737_6230,8.5,5.5,3.0,320,2,27,1,320,1,320,0,1,319,27,408,E West Expy W,W,Freeway,0.312836275073,0.0,6737,6230,W,3,65863,4,0,23980,65863,55,145,55.0,0.005089346157529999,1,59768.50537757437,58.25872411705036,8.324359301663655,0.14395084988666162,7.456654699152634,6.220643789447273,0.8343379134870816,10.998234135274659,-1.162075308131402,0
346,3,63260.01111111111,60.76387238659845,8.311809224908554,0.13794646110655595,6.424983609780033,5.599110815892208,0.8540904877163394,57832.56976744186,55.900128440995644,7.883490681066147,0.14254359067914635,8.617662262676882,6.586799772544794,0.7578418682444793,6737_6230,3.5,1.5,2.0,320,2,27,1,320,1,320,0,1,319,27,408,E West Expy W,W,Freeway,0.312836275073,0.0,6737,6230,W,3,65863,4,0,23980,65863,55,145,55.0,0.005089346157529999,1,60546.29043927649,58.33200041379705,8.09764995298735,0.14024502589285115,7.521322936228458,6.092955294218501,0.8059661779804094,11.011163482682969,-1.162075308131402,0
347,4,65957.1170212766,60.807945073329144,8.179286821425652,0.13612685059189578,6.587846500227183,5.445185302709451,0.8106926889942259,60741.444444444445,55.946005022222224,7.924865962778928,0.14348381445733782,8.952351134420564,6.48855845864204,0.7189511297563539,6737_6230,5.0,3.0,2.0,320,2,27,1,320,1,320,0,1,319,27,408,E West Expy W,W,Freeway,0.312836275073,0.0,6737,6230,W,3,65863,4,0,23980,65863,55,145,55.0,0.005089346157529999,1,63349.28073286053,58.37697504777569,8.05207639210229,0.1398053325246168,7.770098817323873,5.966871880675745,0.7648219093752899,11.056418831823118,-1.162075308131402,0
348,5,54596.69230769231,64.32104678170658,3.58770157039607,0.056841976029429975,4.438473793806646,2.6530918027280506,0.5793394787464401,47803.73863636363,60.15177311309298,4.2270196244005005,0.07114179876827137,5.9328826923051,3.4763205395024843,0.5823436081136877,6737_6230,4.0,3.5,0.5,320,2,27,1,320,1,320,0,1,319,27,408,E West Expy W,W,Freeway,0.312836275073,0.0,6737,6230,W,3,65863,4,0,23980,65863,55,145,55.0,0.005089346157529999,1,51200.21547202797,62.23640994739978,3.9073605973982852,0.06399188739885067,5.185678243055873,3.0647061711152674,0.5808415434300639,10.84349901945679,-1.162075308131402,0
349,6,43787.941860465115,65.24257277894041,2.76646822528202,0.04289046789212824,3.3605564809834947,1.982404781488161,0.5811383859326619,38464.42682926828,61.57123542046587,3.181772550412891,0.05229308065527711,4.329027064731693,2.557484235450117,0.5897466525619229,6737_6230,3.0,2.0,1.0,320,2,27,1,320,1,320,0,1,319,27,408,E West Expy W,W,Freeway,0.312836275073,0.0,6737,6230,W,3,65863,4,0,23980,65863,55,145,55.0,0.005089346157529999,1,41126.1843448667,63.40690409970314,2.9741203878474556,0.047591774273702675,3.8447917728575938,2.269944508469139,0.5854425192472924,10.624400286312373,-1.162075308131402,0
350,0,58883.34408602151,66.22190965479967,4.217392933998311,0.06418777950563649,3.3724537130086403,3.225975314243984,0.9255551306804946,59299.14893617021,63.40606602843246,5.0572152103797,0.08064376008687185,3.849194186725101,4.133295329111052,1.0327180396249884,6918_8406,1.0,1.0,0.0,332,2,39,1,332,1,332,0,1,331,39,408,E West Expy W,W,Freeway,0.517864622603,0.0,6918,8406,W,2,65863,8,408,128500,65863,65,115,65.0,0.00829181216929,1,59091.24651109586,64.81398784161607,4.637304072189005,0.07241576979625416,3.6108239498668704,3.6796353216775177,0.9791365851527415,10.986838079244922,-0.6580414172058112,2
351,1,60823.10638297872,65.69604656455381,5.063403614576668,0.0773139043618651,3.5645179663123674,3.603310996849152,0.9856083456222594,62342.29166666666,62.93259823186862,5.9868297254991845,0.0957618608796268,4.147532362716472,4.660010962350525,1.0908971515293855,6918_8406,5.0,3.5,1.5,332,2,39,1,332,1,332,0,1,331,39,408,E West Expy W,W,Freeway,0.517864622603,0.0,6918,8406,W,2,65863,8,408,128500,65863,65,115,65.0,0.00829181216929,1,61582.699024822694,64.31432239821122,5.525116670037926,0.08653788262074595,3.8560251645144197,4.131660979599839,1.0382527485758224,11.028136250086414,-0.6580414172058112,2
352,2,61681.436170212764,65.55339458845576,5.240232622953525,0.08038313460965289,3.7040575422243966,3.69720365896358,0.9741828025355004,63188.684210526306,62.822354202709896,6.188618956472068,0.09912144040081762,4.276721681804357,4.7355036653470775,1.0749545817033048,6918_8406,3.5,2.5,1.0,332,2,39,1,332,1,332,0,1,331,39,408,E West Expy W,W,Freeway,0.517864622603,0.0,6918,8406,W,2,65863,8,408,128500,65863,65,115,65.0,0.00829181216929,1,62435.060190369535,64.18787439558282,5.714425789712797,0.08975228750523526,3.990389612014377,4.216353662155329,1.0245686921194026,11.041882258597305,-0.6580414172058112,2
353,3,62085.70786516854,65.73773943119296,5.106366840846383,0.07814476661074755,3.7154566668364684,3.6531173709897335,0.95382069376264,63369.6,63.03882505112317,5.8980893269463435,0.09422177868585707,4.2448896841945025,4.589978688808031,1.0490713932737097,6918_8406,2.0,1.0,1.0,332,2,39,1,332,1,332,0,1,331,39,408,E West Expy W,W,Freeway,0.517864622603,0.0,6918,8406,W,2,65863,8,408,128500,65863,65,115,65.0,0.00829181216929,1,62727.65393258427,64.38828224115807,5.502228083896363,0.0861832726483023,3.9801731755154854,4.121548029898882,1.001446043518175,11.046557680942731,-0.6580414172058112,2
354,4,64581.98924731182,66.31389434619788,3.3965881527608834,0.05160071357625956,3.624267449616459,2.927641295875575,0.7887938166800066,66569.95744680849,63.8535935295831,3.632996322016785,0.05718226766792942,4.020390291942655,3.3677418369668635,0.8216041601983671,6918_8406,3.5,2.5,1.0,332,2,39,1,332,1,332,0,1,331,39,408,E West Expy W,W,Freeway,0.517864622603,0.0,6918,8406,W,2,65863,8,408,128500,65863,65,115,65.0,0.00829181216929,1,65575.97334706015,65.08374393789049,3.5147922373888343,0.05439149062209449,3.8223288707795566,3.1476915664212193,0.8051989884391868,11.09096464788927,-0.6580414172058112,2
355,5,48795.571428571435,68.0803534260558,1.8278816858210467,0.02688609229111812,2.3023530784861723,1.2787184656472124,0.5554038368078643,50210.0652173913,65.65056166720153,1.886309826876844,0.028783764255957925,2.607276453550147,1.6072110748504789,0.6162199900777425,6918_8406,1.0,0.0,1.0,332,2,39,1,332,1,332,0,1,331,39,408,E West Expy W,W,Freeway,0.517864622603,0.0,6918,8406,W,2,65863,8,408,128500,65863,65,115,65.0,0.00829181216929,1,49502.818322981366,66.86545754662866,1.8570957563489454,0.02783492827353802,2.45481476601816,1.4429647702488455,0.5858119134428035,10.809784882753805,-0.6580414172058112,2
356,6,39652.20930232558,68.44414912195191,2.0324769289032245,0.029724544272694636,1.7940306587928303,1.125533744539614,0.6252588876136683,39667.51724137931,65.93607832757885,2.146112911160333,0.032616457339175835,1.9759508474745104,1.3714024495930737,0.6931830626829567,6918_8406,2.5,1.5,1.0,332,2,39,1,332,1,332,0,1,331,39,408,E West Expy W,W,Freeway,0.517864622603,0.0,6918,8406,W,2,65863,8,408,128500,65863,65,115,65.0,0.00829181216929,1,39659.863271852446,67.19011372476538,2.0892949200317785,0.031170500805935236,1.8849907531336703,1.2484680970663438,0.6592209751483125,10.588094954560342,-0.6580414172058112,2
357,0,18668.43010752688,64.61662680377579,3.0097765018272966,0.04675645555365808,2.865131492219537,2.2714353425660425,0.7639915686100075,25531.723684210527,60.77508761561052,3.8906037905287807,0.06473920714885306,3.924327628957188,3.1312802486211986,0.7654833764061421,6921_8043,2.0,1.5,0.5,347,2,54,1,347,1,347,0,1,346,54,408,E West Expy W,W,Freeway,1.06838052112,0.0,6921,8043,W,2,65863,4,408,68419,65863,65,79,65.0,0.0173560081869,1,22100.076895868704,62.69585720969316,3.4501901461780387,0.05574783135125557,3.3947295605883623,2.7013577955936205,0.7647374725080748,10.003336366950863,0.06614397026417981,0
358,1,19671.43157894737,64.57974296241316,3.147221729210097,0.04891377592419647,2.9873936983302087,2.3381543676631047,0.7647529788527165,27378.381578947367,60.6704052569689,3.994836506093933,0.06671630352026643,4.128075674065755,3.2765607090976654,0.7687501231507933,6921_8043,2.0,1.5,0.5,347,2,54,1,347,1,347,0,1,346,54,408,E West Expy W,W,Freeway,1.06838052112,0.0,6921,8043,W,2,65863,4,408,68419,65863,65,79,65.0,0.0173560081869,1,23524.906578947368,62.62507410969103,3.5710291176520146,0.057815039722231454,3.557734686197982,2.8073575383803853,0.7667515510017548,10.06581499330637,0.06614397026417981,0
359,2,19808.01052631579,64.67547473698474,2.9277307527873777,0.04535990566095848,3.0201594099101414,2.215655980011321,0.7295014247216929,27472.226666666666,60.61525267101349,3.9650827831973774,0.06604565841002133,4.196715786702751,3.2091345633731887,0.75712698719549,6921_8043,1.0,0.5,0.5,347,2,54,1,347,1,347,0,1,346,54,408,E West Expy W,W,Freeway,1.06838052112,0.0,6921,8043,W,2,65863,4,408,68419,65863,65,79,65.0,0.0173560081869,1,23640.11859649123,62.64536370399911,3.4464067679923778,0.05570278203548991,3.6084375983064465,2.712395271692255,0.7433142059585914,10.070700488279499,0.06614397026417981,0
360,3,19482.233333333334,64.74821294727143,2.9705352538040057,0.045997739455801975,3.0383317914770784,2.346725084667828,0.7531966391258627,27842.436619718304,60.63903050827527,3.9371027814927215,0.06563650355102345,4.2918801742245964,3.346412802372234,0.7522885256989814,6921_8043,0.0,0.0,0.0,347,2,54,1,347,1,347,0,1,346,54,408,E West Expy W,W,Freeway,1.06838052112,0.0,6921,8043,W,2,65863,4,408,68419,65863,65,79,65.0,0.0173560081869,1,23662.334976525817,62.69362172777335,3.453819017648364,0.05581712150341271,3.6651059828508377,2.846568943520031,0.7527425824124221,10.07163982144258,0.06614397026417981,0
361,4,20340.627659574468,64.92194900572207,2.609950975644535,0.040260649387810835,3.0739036210068638,2.0058856942505248,0.6537484935608031,29841.41095890411,61.02404216640931,3.051594150731902,0.050275855834482006,4.418465582600055,2.7610276076264952,0.6274242614419516,6921_8043,0.5,0.0,0.5,347,2,54,1,347,1,347,0,1,346,54,408,E West Expy W,W,Freeway,1.06838052112,0.0,6921,8043,W,2,65863,4,408,68419,65863,65,79,65.0,0.0173560081869,1,25091.019309239287,62.97299558606569,2.8307725631882183,0.04526825261114642,3.746184601803459,2.38345665093851,0.6405863775013774,10.130265264650806,0.06614397026417981,0
362,5,15040.010989010989,65.2394657919,2.6820525427608644,0.04117290826998105,2.086433011614093,1.2571573161573946,0.6030327167912661,23967.81428571428,62.33823213353054,2.5348256614176226,0.0407801748129802,3.3800946268288588,2.138337455124611,0.6288248690993998,6921_8043,1.0,1.0,0.0,347,2,54,1,347,1,347,0,1,346,54,408,E West Expy W,W,Freeway,1.06838052112,0.0,6921,8043,W,2,65863,4,408,68419,65863,65,79,65.0,0.0173560081869,1,19503.912637362635,63.78884896271527,2.6084391020892435,0.04097654154148063,2.7332638192214755,1.6977473856410028,0.615928792945333,9.878370372494585,0.06614397026417981,0
363,6,12000.741176470588,65.18265287087532,2.8124124358760083,0.0431840753823607,1.603450130042514,1.0611736005518184,0.6628615384997204,18920.10447761194,62.915772944858865,2.664362570811384,0.0424426105750052,2.488731006695891,1.6653547833909008,0.6694892622312856,6921_8043,0.0,0.0,0.0,347,2,54,1,347,1,347,0,1,346,54,408,E West Expy W,W,Freeway,1.06838052112,0.0,6921,8043,W,2,65863,4,408,68419,65863,65,79,65.0,0.0173560081869,1,15460.422827041264,64.04921290786709,2.738387503343696,0.04281334297868295,2.0460905683692023,1.3632641919713597,0.6661754003655029,9.646038671511352,0.06614397026417981,0
364,0,34717.788888888885,68.45961466516813,4.163503318864061,0.062436210122248086,2.7376937040930907,2.7121751127376674,0.9344065868989976,40513.79787234042,67.09294019550018,3.889760555338455,0.05953162309039544,2.817023648367224,2.750290306264304,0.9177679411891334,6930_8210,0.0,0.0,0.0,305,2,12,1,305,1,305,0,1,304,12,408,E West Expy W,W,Freeway,0.252851879401,0.0,6930,8210,W,2,65863,6,408,73500,65863,65,68,65.0,0.00414314834347,1,37615.793380614654,67.77627743033415,4.026631937101258,0.06098391660632176,2.7773586762301576,2.7312327095009854,0.9260872640440655,10.535179277905733,-1.3749514186144784,1
365,1,36564.82795698925,68.27690808749719,4.347011428471599,0.06507802285982986,2.8704858818868546,2.828932891031091,0.9386315220423956,42155.489583333336,66.8140866880196,4.25804902692142,0.06537188202398694,2.9345173027862024,2.9097773891106082,0.9370636408621008,6930_8210,1.5,1.5,0.0,305,2,12,1,305,1,305,0,1,304,12,408,E West Expy W,W,Freeway,0.252851879401,0.0,6930,8210,W,2,65863,6,408,73500,65863,65,68,65.0,0.00414314834347,1,39360.15877016129,67.54549738775839,4.30253022769651,0.0652249524419084,2.9025015923365283,2.8693551400708497,0.9378475814522482,10.580509384952801,-1.3749514186144784,1
366,2,37202.54347826087,68.1327809033263,4.715629518252762,0.07095032922572572,2.9518541851325364,2.9525235039365443,0.94508564714765,42749.54736842105,66.73527440948371,4.3728625467607705,0.0671894206053013,3.0202620498065604,2.970605918760947,0.9255997027485846,6930_8210,0.0,0.0,0.0,305,2,12,1,305,1,305,0,1,304,12,408,E West Expy W,W,Freeway,0.252851879401,0.0,6930,8210,W,2,65863,6,408,73500,65863,65,68,65.0,0.00414314834347,1,39976.04542334096,67.43402765640501,4.544246032506766,0.0690698749155135,2.9860581174695486,2.9615647113487453,0.9353426749481173,10.596035689288678,-1.3749514186144784,1
367,3,37122.83908045977,68.17271036494313,4.602426246424332,0.06922418998300868,2.9601683768056506,2.9285141476386083,0.9311693733375576,43054.644444444435,66.72354729418511,4.413841681057283,0.06806208607197,3.078884252454261,3.0403782486529,0.9252285619195488,6930_8210,1.0,1.0,0.0,305,2,12,1,305,1,305,0,1,304,12,408,E West Expy W,W,Freeway,0.252851879401,0.0,6930,8210,W,2,65863,6,408,73500,65863,65,68,65.0,0.00414314834347,1,40088.741762452104,67.44812882956413,4.508133963740807,0.06864313802748934,3.019526314629956,2.984446198145754,0.9281989676285531,10.5988508198223,-1.3749514186144784,1
368,4,39252.96703296703,68.28815579148042,4.170734547998924,0.06292246774336893,3.0510720116218515,2.8038546980426875,0.8668184077467751,45235.65957446809,66.85106402247192,3.8989540210471465,0.060170538226584434,3.0978715263036865,2.78032033885568,0.8452692050587292,6930_8210,0.5,0.5,0.0,305,2,12,1,305,1,305,0,1,304,12,408,E West Expy W,W,Freeway,0.252851879401,0.0,6930,8210,W,2,65863,6,408,73500,65863,65,68,65.0,0.00414314834347,1,42244.31330371756,67.56960990697617,4.034844284523035,0.061546502984976686,3.074471768962769,2.7920875184491836,0.8560438064027521,10.651225027364703,-1.3749514186144784,1
369,5,28496.965909090908,70.42256557541108,2.558192326843085,0.03641515692612956,1.6477395816849283,0.9562828118289028,0.5814986567626991,33134.336956521736,68.86027971031378,2.1808969590161498,0.03174204949687333,1.8104603513086368,1.0036866129998925,0.5547518134228724,6930_8210,0.0,0.0,0.0,305,2,12,1,305,1,305,0,1,304,12,408,E West Expy W,W,Freeway,0.252851879401,0.0,6930,8210,W,2,65863,6,408,73500,65863,65,68,65.0,0.00414314834347,1,30815.65143280632,69.64142264286244,2.3695446429296174,0.03407860321150144,1.7290999664967825,0.9799847124143977,0.5681252350927857,10.335778003293171,-1.3749514186144784,1
370,6,22540.939024390245,70.70536320387373,2.697352762527418,0.03824535339690878,1.1996604965602822,0.7981900361629607,0.6672679769047011,26324.63218390804,69.12926185144559,2.4129884428412507,0.035017471354222104,1.3678857954647432,0.8560388192267524,0.6265522501335637,6930_8210,0.5,0.0,0.5,305,2,12,1,305,1,305,0,1,304,12,408,E West Expy W,W,Freeway,0.252851879401,0.0,6930,8210,W,2,65863,6,408,73500,65863,65,68,65.0,0.00414314834347,1,24432.785604149143,69.91731252765966,2.5551706026843344,0.03663141237556544,1.2837731460125128,0.8271144276948565,0.6469101135191324,10.103681181662694,-1.3749514186144784,1
371,0,31699.49333333333,63.9872728871766,3.427355552545642,0.05399378631546753,3.067487851230648,2.6363847254036994,0.8119189340747723,25225.92957746479,54.89267202023712,3.528808474198499,0.0647034940261276,3.609555505274108,2.87758506403981,0.7850434527440834,6946_8057,2.0,1.0,1.0,344,2,51,1,344,1,344,0,1,343,51,408,E West Expy W,W,Freeway,0.7051978777879999,0.0,6946,8057,W,2,65863,4,408,70000,65863,65,55,65.0,0.011580182401,1,28462.71145539906,59.43997245370686,3.4780820133720702,0.059348640170797565,3.338521678252378,2.7569848947217546,0.7984811934094278,10.25635013960743,-0.3492768378390137,0
372,1,33704.17333333333,63.931502569636365,3.5901161495682823,0.05665157450247382,3.258485899660907,2.7533557065288865,0.805298299970375,26409.027027027027,54.66854430932729,3.78418963986069,0.06955062965557916,3.85629065996015,3.1388567533794416,0.803579688368784,6946_8057,3.0,2.0,1.0,344,2,51,1,344,1,344,0,1,343,51,408,E West Expy W,W,Freeway,0.7051978777879999,0.0,6946,8057,W,2,65863,4,408,70000,65863,65,55,65.0,0.011580182401,1,30056.60018018018,59.300023439481826,3.687152894714486,0.0631011020790265,3.5573882798105285,2.946106229954164,0.8044389941695795,10.310837555785474,-0.3492768378390137,0
373,2,34339.75342465754,63.855575923104105,3.4870313648660627,0.05484284472060475,3.280331853127252,2.67182507042966,0.7982665324785164,28157.821917808218,55.08748830966861,3.4099957308208784,0.06207198507194014,3.954009162221873,3.0533480108297986,0.7737951931919826,6946_8057,1.5,1.5,0.0,344,2,51,1,344,1,344,0,1,343,51,408,E West Expy W,W,Freeway,0.7051978777879999,0.0,6946,8057,W,2,65863,4,408,70000,65863,65,55,65.0,0.011580182401,1,31248.78767123288,59.471532116386356,3.4485135478434703,0.058457414896272444,3.6171705076745626,2.8625865406297293,0.7860308628352495,10.349735859891473,-0.3492768378390137,0
374,3,34098.957746478874,63.827253779628116,3.7614685796929552,0.05940719353190145,3.3583303372977737,2.897317746379737,0.8170845007429329,27180.214285714286,54.93999826336242,3.3868132873493204,0.06161894684160672,3.973223431575582,3.0239382475158925,0.7596345234371451,6946_8057,1.5,1.0,0.5,344,2,51,1,344,1,344,0,1,343,51,408,E West Expy W,W,Freeway,0.7051978777879999,0.0,6946,8057,W,2,65863,4,408,70000,65863,65,55,65.0,0.011580182401,1,30639.586016096582,59.38362602149527,3.5741409335211376,0.06051307018675409,3.665776884436678,2.9606279969478146,0.7883595120900391,10.330048112539249,-0.3492768378390137,0
375,4,36567.15068493151,64.0790190314388,2.7691317200277807,0.043558454460035166,3.3673157324650096,2.2195369554652538,0.6579833469565656,27918.777777777777,55.0820363966355,2.959666606311228,0.05403783886041276,3.912585553797607,2.6903561738311392,0.6856562701121153,6946_8057,1.5,1.5,0.0,344,2,51,1,344,1,344,0,1,343,51,408,E West Expy W,W,Freeway,0.7051978777879999,0.0,6946,8057,W,2,65863,4,408,70000,65863,65,55,65.0,0.011580182401,1,32242.964231354643,59.58052771403715,2.8643991631695043,0.04879814666022396,3.639950643131308,2.4549465646481963,0.6718198085343404,10.38105513505398,-0.3492768378390137,0
376,5,28971.661971830985,65.27589660742835,2.197918215184601,0.033769532791840966,2.4286064302876897,1.5337477838595257,0.6295080318612357,21684.626865671642,56.07665123437911,2.61229363445792,0.04765943385694274,2.6690014132941493,1.6473194916777911,0.6302468478119447,6946_8057,0.5,0.5,0.0,344,2,51,1,344,1,344,0,1,343,51,408,E West Expy W,W,Freeway,0.7051978777879999,0.0,6946,8057,W,2,65863,4,408,70000,65863,65,55,65.0,0.011580182401,1,25328.14441875131,60.67627392090373,2.4051059248212603,0.040714483324391856,2.5488039217909195,1.5905336377686585,0.6298774398365903,10.13967148404513,-0.3492768378390137,0
377,6,22727.117647058818,65.78423543861219,2.4732806629660784,0.03764002166624912,1.8111145152789216,1.2411771405419398,0.6863750617552556,17752.69230769231,57.19887476496217,2.8516994522893304,0.05123547530360615,2.064640623229875,1.3948183788600423,0.6934898329857363,6946_8057,0.0,0.0,0.0,344,2,51,1,344,1,344,0,1,343,51,408,E West Expy W,W,Freeway,0.7051978777879999,0.0,6946,8057,W,2,65863,4,408,70000,65863,65,55,65.0,0.011580182401,1,20239.90497737556,61.49155510178718,2.6624900576277044,0.04443774848492764,1.9378775692543984,1.317997759700991,0.689932447370496,9.915411428596684,-0.3492768378390137,0
378,0,33078.36170212766,63.66922556637694,4.427494141785782,0.06986602586918438,3.8711884914370014,3.0135478474273025,0.7685055687867496,30227.468085106382,65.1926286046275,5.469214417333177,0.08531956424583394,5.139586149676903,4.028370452773956,0.7788082266608706,8005_8013,1.0,1.0,0.0,337,2,44,1,337,1,337,0,1,336,44,408,E West Expy W,W,Freeway,0.346659844981,0.0,8005,8013,W,2,65863,4,408,82724,65863,65,60,65.0,0.00570252184562,1,31652.91489361702,64.43092708550222,4.94835427955948,0.07759279505750916,4.505387320556952,3.520959150100629,0.7736568977238101,10.362585521076198,-1.0594112536478646,0
379,1,35048.36170212766,63.245903563708936,4.8020263150208855,0.07623382835232427,4.158542653741391,3.514624107729805,0.8166413393433349,31766.88541666667,64.47760698489606,5.739013598531767,0.0929298162539686,5.3304486276645475,4.161911973425111,0.7796536104228292,8005_8013,1.0,0.5,0.5,337,2,44,1,337,1,337,0,1,336,44,408,E West Expy W,W,Freeway,0.346659844981,0.0,8005,8013,W,2,65863,4,408,82724,65863,65,60,65.0,0.00570252184562,1,33407.623559397165,63.861755274302496,5.270519956776326,0.08458182230314643,4.7444956407029695,3.838268040577458,0.7981474748830821,10.416539403201012,-1.0594112536478646,0
380,2,35226.56842105263,63.14010420272274,5.007672085408778,0.08019965539184869,4.290163901870568,3.5931137777388416,0.8140563578851323,32344.16842105264,64.689094599721,5.949441216516695,0.092581269341165,5.545029623849169,4.4227028874285885,0.7927409795738208,8005_8013,0.5,0.5,0.0,337,2,44,1,337,1,337,0,1,336,44,408,E West Expy W,W,Freeway,0.346659844981,0.0,8005,8013,W,2,65863,4,408,82724,65863,65,60,65.0,0.00570252184562,1,33785.36842105263,63.91459940122187,5.478556650962737,0.08639046236650685,4.917596762859869,4.007908332583715,0.8033986687294765,10.4277831007974,-1.0594112536478646,0
381,3,34941.26666666667,63.031185767735614,5.130897286967767,0.0821960938985225,4.282302656944879,3.4628176018873686,0.7920156526478696,31292.7,64.56627494390666,5.662488385961297,0.08896395611940087,5.5261479772354996,4.312195633636595,0.7763314017338169,8005_8013,0.5,0.5,0.0,337,2,44,1,337,1,337,0,1,336,44,408,E West Expy W,W,Freeway,0.346659844981,0.0,8005,8013,W,2,65863,4,408,82724,65863,65,60,65.0,0.00570252184562,1,33116.98333333334,63.798730355821135,5.396692836464532,0.0855800250089617,4.904225317090189,3.8875066177619817,0.7841735271908432,10.407801521420136,-1.0594112536478646,0
382,4,37030.43617021277,63.51543366137275,4.141171883855339,0.06558488824547988,4.23279687237036,2.9148540864992207,0.6824684524610479,33225.063829787236,65.0734033482409,4.926543187944599,0.07757076988800952,5.613086367663665,3.8605137085424848,0.6941203126765036,8005_8013,1.0,1.0,0.0,337,2,44,1,337,1,337,0,1,336,44,408,E West Expy W,W,Freeway,0.346659844981,0.0,8005,8013,W,2,65863,4,408,82724,65863,65,60,65.0,0.00570252184562,1,35127.75,64.29441850480683,4.533857535899969,0.0715778290667447,4.922941620017013,3.3876838975208527,0.6882943825687757,10.46674669538635,-1.0594112536478646,0
383,5,28863.467391304344,65.75345076290593,2.9893687692268114,0.04558740803853355,3.0718019986195464,1.7893263222597695,0.5819744138155156,25810.10869565217,67.94640507704905,3.3020308804425955,0.0494968378031872,3.9286657502952127,2.433617239304788,0.6219420716224967,8005_8013,0.5,0.5,0.0,337,2,44,1,337,1,337,0,1,336,44,408,E West Expy W,W,Freeway,0.346659844981,0.0,8005,8013,W,2,65863,4,408,82724,65863,65,60,65.0,0.00570252184562,1,27336.788043478256,66.84992791997749,3.1456998248347032,0.04754212292086037,3.5002338744573795,2.1114717807822787,0.6019582427190062,10.215988621426076,-1.0594112536478646,0
384,6,22994.674418604653,66.54472923080192,3.2012353168074275,0.04822038283974617,2.338510396860675,1.5067142406787033,0.6491297963358814,20204.689655172413,68.35466880413877,3.575722318601197,0.05707219757192024,3.465055555278127,2.3016579078065464,0.6993391829154668,8005_8013,0.0,0.0,0.0,337,2,44,1,337,1,337,0,1,336,44,408,E West Expy W,W,Freeway,0.346659844981,0.0,8005,8013,W,2,65863,4,408,82724,65863,65,60,65.0,0.00570252184562,1,21599.68203688853,67.44969901747035,3.3884788177043124,0.0526462902058332,2.901782976069401,1.9041860742426249,0.6742344896256741,9.980433873049488,-1.0594112536478646,0
385,0,30227.468085106382,65.1926286046275,5.469214417333177,0.08531956424583394,5.139586149676903,4.028370452773956,0.7788082266608706,38731.69230769231,62.94560766007963,3.572068238939569,0.05779778902558486,4.17210075126396,3.620861106389302,0.8358049435911199,8013_8024,1.0,1.0,0.0,336,2,43,1,336,1,336,0,1,335,43,408,E West Expy W,W,Freeway,0.433746144336,0.0,8013,8024,W,2,65863,5,408,74500,65863,65,70,65.0,0.0071354529158,1,34479.58019639934,64.06911813235357,4.520641328136373,0.0715586766357094,4.655843450470432,3.824615779581629,0.8073065851259953,10.448122549425069,-0.8352958368994816,1
386,1,31766.88541666667,64.47760698489606,5.739013598531767,0.0929298162539686,5.3304486276645475,4.161911973425111,0.7796536104228292,44815.66666666666,62.97359114731077,3.38781432315283,0.054479382002506405,4.532433618175807,3.6391766508081047,0.8011823807997569,8013_8024,3.0,2.5,0.5,336,2,43,1,336,1,336,0,1,335,43,408,E West Expy W,W,Freeway,0.433746144336,0.0,8013,8024,W,2,65863,5,408,74500,65863,65,70,65.0,0.0071354529158,1,38291.276041666664,63.72559906610341,4.563413960842299,0.0737045991282375,4.931441122920177,3.900544312116608,0.7904179956112931,10.552977369632078,-0.8352958368994816,1
387,2,32344.16842105264,64.689094599721,5.949441216516695,0.092581269341165,5.545029623849169,4.4227028874285885,0.7927409795738208,45732.16666666666,62.68232866750662,3.6565813139388035,0.058627056746148674,4.6830606379217485,3.8838273290291663,0.8253646183375114,8013_8024,3.0,1.5,1.5,336,2,43,1,336,1,336,0,1,335,43,408,E West Expy W,W,Freeway,0.433746144336,0.0,8013,8024,W,2,65863,5,408,74500,65863,65,70,65.0,0.0071354529158,1,39038.16754385965,63.685711633613806,4.80301126522775,0.07560416304365684,5.114045130885459,4.153265108228878,0.8090527989556662,10.57229510151198,-0.8352958368994816,1
388,3,31292.7,64.56627494390666,5.662488385961297,0.08896395611940087,5.5261479772354996,4.312195633636595,0.7763314017338169,46014.41666666666,62.48966732132967,3.9135620110921696,0.06300934560983497,4.780088063139278,4.071867198851984,0.8428815590919735,8013_8024,2.5,2.5,0.0,336,2,43,1,336,1,336,0,1,335,43,408,E West Expy W,W,Freeway,0.433746144336,0.0,8013,8024,W,2,65863,5,408,74500,65863,65,70,65.0,0.0071354529158,1,38653.55833333333,63.52797113261816,4.788025198526734,0.07598665086461792,5.153118020187389,4.192031416244289,0.8096064804128952,10.56239411532329,-0.8352958368994816,1
389,4,33225.063829787236,65.0734033482409,4.926543187944599,0.07757076988800952,5.613086367663665,3.8605137085424848,0.6941203126765036,48104.41666666666,62.952139625099704,2.9160000743881036,0.04662387887736921,4.758835457880597,3.220559515953538,0.6771707330609784,8013_8024,2.5,2.0,0.5,336,2,43,1,336,1,336,0,1,335,43,408,E West Expy W,W,Freeway,0.433746144336,0.0,8013,8024,W,2,65863,5,408,74500,65863,65,70,65.0,0.0071354529158,1,40664.740248226946,64.0127714866703,3.921271631166351,0.06209732438268937,5.185960912772131,3.5405366122480113,0.685645522868741,10.613116662980007,-0.8352958368994816,1
390,5,25810.10869565217,67.94640507704905,3.3020308804425955,0.0494968378031872,3.9286657502952127,2.433617239304788,0.6219420716224967,37892.545454545456,64.90188939147272,2.025302184155021,0.03125844310816765,3.4069845243140686,2.109498475668632,0.6194458492856783,8013_8024,0.5,0.5,0.0,336,2,43,1,336,1,336,0,1,335,43,408,E West Expy W,W,Freeway,0.433746144336,0.0,8013,8024,W,2,65863,5,408,74500,65863,65,70,65.0,0.0071354529158,1,31851.327075098812,66.42414723426089,2.6636665322988082,0.040377640455677426,3.6678251373046407,2.2715578574867097,0.6206939604540875,10.368834326540414,-0.8352958368994816,1
391,6,20204.689655172413,68.35466880413877,3.575722318601197,0.05707219757192024,3.465055555278127,2.3016579078065464,0.6993391829154668,29509.7,65.30969139459742,2.649314561514996,0.04063704891719374,2.5235917966477297,1.7301092866094614,0.6864221281482878,8013_8024,0.5,0.5,0.0,336,2,43,1,336,1,336,0,1,335,43,408,E West Expy W,W,Freeway,0.433746144336,0.0,8013,8024,W,2,65863,5,408,74500,65863,65,70,65.0,0.0071354529158,1,24857.19482758621,66.83218009936809,3.1125184400580963,0.048854623244556986,2.9943236759629284,2.015883597208004,0.6928806555318774,10.12090251990413,-0.8352958368994816,1
392,0,38731.69230769231,62.94560766007963,3.572068238939569,0.05779778902558486,4.17210075126396,3.620861106389302,0.8358049435911199,29063.645161290322,65.29403343582031,3.6989544643896033,0.05704368340234552,4.186406113658982,3.43338897045646,0.8092379593286236,8024_6971,0.0,0.0,0.0,335,2,42,1,335,1,335,0,1,334,42,408,E West Expy W,W,Freeway,0.1860583606,0.0,8024,6971,W,2,65863,5,408,74500,65863,65,79,65.0,0.0030606097926500005,1,33897.668734491315,64.11982054794997,3.635511351664586,0.05742073621396519,4.17925343246147,3.5271250384228807,0.8225214514598718,10.431101522109792,-1.6816948878167355,1
393,1,44815.66666666666,62.97359114731077,3.38781432315283,0.054479382002506405,4.532433618175807,3.6391766508081047,0.8011823807997569,30225.61458333333,64.60680915544286,4.431572378811971,0.06950777107462601,4.486043512170816,3.731341254074758,0.8192195961494898,8024_6971,0.0,0.0,0.0,335,2,42,1,335,1,335,0,1,334,42,408,E West Expy W,W,Freeway,0.1860583606,0.0,8024,6971,W,2,65863,5,408,74500,65863,65,79,65.0,0.0030606097926500005,1,37520.64062499999,63.790200151376816,3.9096933509824003,0.06199357653856621,4.509238565173312,3.6852589524414316,0.8102009884746233,10.532646477201476,-1.6816948878167355,1
394,2,45732.16666666666,62.68232866750662,3.6565813139388035,0.058627056746148674,4.6830606379217485,3.8838273290291663,0.8253646183375114,30953.842105263164,64.41923560104138,4.886929011035371,0.07682319946691574,4.704729642737623,4.0796443656411805,0.8481620041591468,8024_6971,0.0,0.0,0.0,335,2,42,1,335,1,335,0,1,334,42,408,E West Expy W,W,Freeway,0.1860583606,0.0,8024,6971,W,2,65863,5,408,74500,65863,65,79,65.0,0.0030606097926500005,1,38343.00438596491,63.550782134274,4.2717551624870875,0.06772512810653221,4.693895140329685,3.981735847335173,0.836763311248329,10.554327375187448,-1.6816948878167355,1
395,3,46014.41666666666,62.48966732132967,3.9135620110921696,0.06300934560983497,4.780088063139278,4.071867198851984,0.8428815590919735,30652.28888888889,64.45457136337271,4.671512095274595,0.07329696473658424,4.703859631466211,3.78367471570172,0.7874438402086279,8024_6971,0.0,0.0,0.0,335,2,42,1,335,1,335,0,1,334,42,408,E West Expy W,W,Freeway,0.1860583606,0.0,8024,6971,W,2,65863,5,408,74500,65863,65,79,65.0,0.0030606097926500005,1,38333.35277777777,63.47211934235119,4.292537053183382,0.0681531551732096,4.741973847302745,3.927770957276852,0.8151626996503007,10.554075625923526,-1.6816948878167355,1
396,4,48104.41666666666,62.952139625099704,2.9160000743881036,0.04662387887736921,4.758835457880597,3.220559515953538,0.6771707330609784,32547.074468085102,64.9235079928048,3.708520888630609,0.05779928139433941,4.693838796498689,3.321469896889476,0.7010058676978451,8024_6971,0.0,0.0,0.0,335,2,42,1,335,1,335,0,1,334,42,408,E West Expy W,W,Freeway,0.1860583606,0.0,8024,6971,W,2,65863,5,408,74500,65863,65,79,65.0,0.0030606097926500005,1,40325.74556737588,63.93782380895225,3.312260481509356,0.05221158013585431,4.726337127189643,3.271014706421507,0.6890883003794117,10.604745391784075,-1.6816948878167355,1
397,5,37892.545454545456,64.90188939147272,2.025302184155021,0.03125844310816765,3.4069845243140686,2.109498475668632,0.6194458492856783,25799.989130434784,67.13300441131612,2.3875740582193643,0.03570511325097358,3.290605302095728,2.0788588327832067,0.6241745114447447,8024_6971,0.0,0.0,0.0,335,2,42,1,335,1,335,0,1,334,42,408,E West Expy W,W,Freeway,0.1860583606,0.0,8024,6971,W,2,65863,5,408,74500,65863,65,79,65.0,0.0030606097926500005,1,31846.26729249012,66.01744690139442,2.2064381211871926,0.03348177817957061,3.348794913204898,2.094178654225919,0.6218101803652114,10.36867545766414,-1.6816948878167355,1
398,6,29509.7,65.30969139459742,2.649314561514996,0.04063704891719374,2.5235917966477297,1.7301092866094614,0.6864221281482878,20446.44186046512,67.81585071596474,2.3706005579475544,0.035049221284318616,2.447257688481144,1.7046436525740842,0.6932765400188544,8024_6971,0.0,0.0,0.0,335,2,42,1,335,1,335,0,1,334,42,408,E West Expy W,W,Freeway,0.1860583606,0.0,8024,6971,W,2,65863,5,408,74500,65863,65,79,65.0,0.0030606097926500005,1,24978.07093023256,66.56277105528108,2.509957559731275,0.03784313510075618,2.4854247425644367,1.7173764695917728,0.6898493340835712,10.125753556127243,-1.6816948878167355,1
399,0,25531.723684210527,60.77508761561052,3.8906037905287807,0.06473920714885306,3.924327628957188,3.1312802486211986,0.7654833764061421,31699.49333333333,63.9872728871766,3.427355552545642,0.05399378631546753,3.067487851230648,2.6363847254036994,0.8119189340747723,8043_6946,0.5,0.5,0.0,343,2,50,1,343,1,343,0,1,342,50,408,E West Expy W,W,Freeway,0.10719335292000001,0.0,8043,6946,W,2,65863,4,408,68419,65863,65,53,65.0,0.00175663349943,1,28615.608508771926,62.38118025139356,3.658979671537211,0.059366496732160295,3.495907740093918,2.883832487012449,0.7887011552404573,10.261707599994415,-2.2331210386111917,0
400,1,27378.381578947367,60.6704052569689,3.994836506093933,0.06671630352026643,4.128075674065755,3.2765607090976654,0.7687501231507933,33704.17333333333,63.931502569636365,3.5901161495682823,0.05665157450247382,3.258485899660907,2.7533557065288865,0.805298299970375,8043_6946,0.0,0.0,0.0,343,2,50,1,343,1,343,0,1,342,50,408,E West Expy W,W,Freeway,0.10719335292000001,0.0,8043,6946,W,2,65863,4,408,68419,65863,65,53,65.0,0.00175663349943,1,30541.27745614035,62.300953913302635,3.7924763278311078,0.06168393901137013,3.693280786863331,3.014958207813276,0.7870242115605841,10.326834406848057,-2.2331210386111917,0
401,2,27472.226666666666,60.61525267101349,3.9650827831973774,0.06604565841002133,4.196715786702751,3.2091345633731887,0.75712698719549,34339.75342465754,63.855575923104105,3.4870313648660627,0.05484284472060475,3.280331853127252,2.67182507042966,0.7982665324785164,8043_6946,1.0,0.5,0.5,343,2,50,1,343,1,343,0,1,342,50,408,E West Expy W,W,Freeway,0.10719335292000001,0.0,8043,6946,W,2,65863,4,408,68419,65863,65,53,65.0,0.00175663349943,1,30905.990045662104,62.235414297058796,3.7260570740317203,0.06044425156531304,3.7385238199150015,2.9404798169014246,0.7776967598370033,10.338705296709271,-2.2331210386111917,0
402,3,27842.436619718304,60.63903050827527,3.9371027814927215,0.06563650355102345,4.2918801742245964,3.346412802372234,0.7522885256989814,34098.957746478874,63.827253779628116,3.7614685796929552,0.05940719353190145,3.3583303372977737,2.897317746379737,0.8170845007429329,8043_6946,0.0,0.0,0.0,343,2,50,1,343,1,343,0,1,342,50,408,E West Expy W,W,Freeway,0.10719335292000001,0.0,8043,6946,W,2,65863,4,408,68419,65863,65,53,65.0,0.00175663349943,1,30970.69718309859,62.233142143951696,3.849285680592838,0.06252184854146245,3.8251052557611853,3.1218652743759856,0.7846865132209572,10.340796784276625,-2.2331210386111917,0
403,4,29841.41095890411,61.02404216640931,3.051594150731902,0.050275855834482006,4.418465582600055,2.7610276076264952,0.6274242614419516,36567.15068493151,64.0790190314388,2.7691317200277807,0.043558454460035166,3.3673157324650096,2.2195369554652538,0.6579833469565656,8043_6946,1.0,0.5,0.5,343,2,50,1,343,1,343,0,1,342,50,408,E West Expy W,W,Freeway,0.10719335292000001,0.0,8043,6946,W,2,65863,4,408,68419,65863,65,53,65.0,0.00175663349943,1,33204.28082191781,62.55153059892406,2.9103629353798413,0.04691715514725858,3.892890657532532,2.4902822815458743,0.6427038041992585,10.410434087011689,-2.2331210386111917,0
404,5,23967.81428571428,62.33823213353054,2.5348256614176226,0.0407801748129802,3.3800946268288588,2.138337455124611,0.6288248690993998,28971.661971830985,65.27589660742835,2.197918215184601,0.033769532791840966,2.4286064302876897,1.5337477838595257,0.6295080318612357,8043_6946,0.0,0.0,0.0,343,2,50,1,343,1,343,0,1,342,50,408,E West Expy W,W,Freeway,0.10719335292000001,0.0,8043,6946,W,2,65863,4,408,68419,65863,65,53,65.0,0.00175663349943,1,26469.73812877263,63.807064370479445,2.3663719383011115,0.03727485380241058,2.9043505285582745,1.8360426194920683,0.6291664504803178,10.183757402039328,-2.2331210386111917,0
405,6,18920.10447761194,62.915772944858865,2.664362570811384,0.0424426105750052,2.488731006695891,1.6653547833909008,0.6694892622312856,22727.117647058818,65.78423543861219,2.4732806629660784,0.03764002166624912,1.8111145152789216,1.2411771405419398,0.6863750617552556,8043_6946,0.0,0.0,0.0,343,2,50,1,343,1,343,0,1,342,50,408,E West Expy W,W,Freeway,0.10719335292000001,0.0,8043,6946,W,2,65863,4,408,68419,65863,65,53,65.0,0.00175663349943,1,20823.61106233538,64.35000419173552,2.568821616888731,0.04004131612062716,2.1499227609874065,1.4532659619664203,0.6779321619932706,9.943842769124611,-2.2331210386111917,0
406,0,25225.92957746479,54.89267202023712,3.528808474198499,0.0647034940261276,3.609555505274108,2.87758506403981,0.7850434527440834,35837.17105263158,63.43329645123187,3.365954051127185,0.0536010968835289,3.344798016594205,2.563543575405898,0.7521822817690711,8057_6045,1.0,0.5,0.5,342,2,49,1,342,1,342,0,1,341,49,408,E West Expy W,W,Freeway,0.211793361359,0.0,8057,6045,W,2,65863,5,408,79495,65863,65,122,65.0,0.00348295188912,1,30531.550315048185,59.1629842357345,3.4473812626628417,0.05915229545482825,3.4771767609341566,2.720564319722854,0.7686128672565773,10.326515864493645,-1.5521441902201316,1
407,1,26409.027027027027,54.66854430932729,3.78418963986069,0.06955062965557916,3.85629065996015,3.1388567533794416,0.803579688368784,37998.98684210527,63.2237378848045,3.8331515788813815,0.06147152690607063,3.5633606667531623,2.876008458200643,0.8010431138065148,8057_6045,1.5,1.5,0.0,342,2,49,1,342,1,342,0,1,341,49,408,E West Expy W,W,Freeway,0.211793361359,0.0,8057,6045,W,2,65863,5,408,79495,65863,65,122,65.0,0.00348295188912,1,32204.006934566147,58.94614109706589,3.8086706093710356,0.06551107828082489,3.709825663356656,3.0074326057900422,0.8023114010876494,10.379846162752296,-1.5521441902201316,1
408,2,28157.821917808218,55.08748830966861,3.4099957308208784,0.06207198507194014,3.954009162221873,3.0533480108297986,0.7737951931919826,38707.94666666666,63.125194006856525,3.727533035711741,0.0595797081535511,3.64238539117158,2.8579627641031498,0.7775296288756818,8057_6045,1.0,0.5,0.5,342,2,49,1,342,1,342,0,1,341,49,408,E West Expy W,W,Freeway,0.211793361359,0.0,8057,6045,W,2,65863,5,408,79495,65863,65,122,65.0,0.00348295188912,1,33432.88429223744,59.106341158262566,3.5687643832663096,0.06082584661274562,3.7981972766967265,2.955655387466474,0.7756624110338322,10.417295254251664,-1.5521441902201316,1
409,3,27180.214285714286,54.93999826336242,3.3868132873493204,0.06161894684160672,3.973223431575582,3.0239382475158925,0.7596345234371451,38384.35211267605,63.171838688487384,3.917017736140864,0.06245760845179112,3.693730391049781,2.9002344775882616,0.7715872203525609,8057_6045,0.5,0.5,0.0,342,2,49,1,342,1,342,0,1,341,49,408,E West Expy W,W,Freeway,0.211793361359,0.0,8057,6045,W,2,65863,5,408,79495,65863,65,122,65.0,0.00348295188912,1,32782.28319919517,59.0559184759249,3.6519155117450923,0.06203827764669892,3.8334769113126814,2.962086362552077,0.765610871894853,10.397643502074633,-1.5521441902201316,1
410,4,27918.777777777777,55.0820363966355,2.959666606311228,0.05403783886041276,3.912585553797607,2.6903561738311392,0.6856562701121153,40502.13698630137,63.67797399083321,2.8470071682915354,0.0449402443623026,3.6762570064263262,2.4313220233093755,0.6587217578603237,8057_6045,0.0,0.0,0.0,342,2,49,1,342,1,342,0,1,341,49,408,E West Expy W,W,Freeway,0.211793361359,0.0,8057,6045,W,2,65863,5,408,79495,65863,65,122,65.0,0.00348295188912,1,34210.457382039574,59.380005193734355,2.9033368873013816,0.049489041611357684,3.7944212801119663,2.5608390985702574,0.6721890139862194,10.440286647716814,-1.5521441902201316,1
411,5,21684.626865671642,56.07665123437911,2.61229363445792,0.04765943385694274,2.6690014132941493,1.6473194916777911,0.6302468478119447,32061.690140845072,65.40728598050167,2.267547540123055,0.03472410902037755,2.6566121604079327,1.5769709010243698,0.5934285147737381,8057_6045,1.0,1.0,0.0,342,2,49,1,342,1,342,0,1,341,49,408,E West Expy W,W,Freeway,0.211793361359,0.0,8057,6045,W,2,65863,5,408,79495,65863,65,122,65.0,0.00348295188912,1,26873.158503258357,60.74196860744039,2.4399205872904877,0.041191771438660145,2.662806786851041,1.6121451963510804,0.6118376812928414,10.198883242273315,-1.5521441902201316,1
412,6,17752.69230769231,57.19887476496217,2.8516994522893304,0.05123547530360615,2.064640623229875,1.3948183788600423,0.6934898329857363,24938.014492753624,65.90999421198512,2.5640265490818117,0.038977425889853146,2.0002712782489964,1.2896678543522735,0.6452705139314628,8057_6045,0.0,0.0,0.0,342,2,49,1,342,1,342,0,1,341,49,408,E West Expy W,W,Freeway,0.211793361359,0.0,8057,6045,W,2,65863,5,408,79495,65863,65,122,65.0,0.00348295188912,1,21345.353400222964,61.554434488473646,2.7078630006855713,0.045106450596729644,2.0324559507394357,1.342243116606158,0.6693801734585996,9.968589355636075,-1.5521441902201316,1
413,0,38688.01063829787,65.55001548560739,3.702642618852453,0.05673573258434756,2.3785514516808126,2.0670536547755773,0.8670524349935413,39705.64893617021,64.4376116823681,4.311116105347335,0.06732694837706897,2.9430588521119567,2.8548977599394583,0.9402558507895924,8156_8150,1.5,1.0,0.5,298,2,5,1,298,1,298,0,1,297,5,408,E West Expy W,W,Freeway,0.460746220134,0.0,8156,8150,W,2,65863,6,408,67299,65863,65,62,65.0,0.00755594538579,1,39196.82978723404,64.99381358398774,4.006879362099894,0.06203134048070827,2.6608051518963847,2.460975707357518,0.9036541428915669,10.576351149733533,-0.7749078861902176,1
414,1,40512.442105263166,65.05037288043066,4.464066139400637,0.06898430841086058,2.532144229394201,2.392040881185745,0.9375911373450658,40978.95789473684,63.851095710179,5.453999109106111,0.08610844599952919,3.2023453848463053,3.374282815327464,1.018354350107799,8156_8150,3.0,1.0,2.0,298,2,5,1,298,1,298,0,1,297,5,408,E West Expy W,W,Freeway,0.460746220134,0.0,8156,8150,W,2,65863,6,408,67299,65863,65,62,65.0,0.00755594538579,1,40745.700000000004,64.45073429530483,4.959032624253374,0.07754637720519489,2.867244807120253,2.883161848256605,0.9779727437264324,10.615105591628835,-0.7749078861902176,1
415,2,40278.734042553195,65.13078884685703,3.960685248510562,0.061015516108337664,2.4942157168093,2.1690921726559385,0.8637074906639559,41762.44680851064,63.948092084331634,4.972245153082797,0.07862864346084175,3.21438419513416,3.2681274325311254,0.9806590248195454,8156_8150,1.0,1.0,0.0,298,2,5,1,298,1,298,0,1,297,5,408,E West Expy W,W,Freeway,0.460746220134,0.0,8156,8150,W,2,65863,6,408,67299,65863,65,62,65.0,0.00755594538579,1,41020.59042553192,64.53944046559434,4.46646520079668,0.06982207978458971,2.85429995597173,2.718609802593532,0.9221832577417506,10.621829425124245,-0.7749078861902176,1
416,3,41713.47727272727,65.09229352532255,4.259549661895152,0.06546455274865197,2.629963399595123,2.37247412265232,0.8949675920463744,41880.74444444444,64.01824277479203,5.272576900582784,0.08289471613679893,3.279033890534373,3.3418289075802736,0.9841182474902644,8156_8150,1.5,1.5,0.0,298,2,5,1,298,1,298,0,1,297,5,408,E West Expy W,W,Freeway,0.460746220134,0.0,8156,8150,W,2,65863,6,408,67299,65863,65,62,65.0,0.00755594538579,1,41797.11085858586,64.55526815005729,4.766063281238968,0.07417963444272545,2.954498645064748,2.8571515151162967,0.9395429197683194,10.640582497908424,-0.7749078861902176,1
417,4,43367.81720430108,65.4009715242304,3.4817137873381694,0.053465127468825306,2.612907139393784,2.0457212205862354,0.78222918523035,44219.574468085106,64.32935195871737,4.381737425510028,0.06877778279126676,3.2742459014716943,2.9517460522961785,0.8754699520090785,8156_8150,1.0,1.0,0.0,298,2,5,1,298,1,298,0,1,297,5,408,E West Expy W,W,Freeway,0.460746220134,0.0,8156,8150,W,2,65863,6,408,67299,65863,65,62,65.0,0.00755594538579,1,43793.69583619309,64.86516174147388,3.9317256064240986,0.061121455130046035,2.943576520432739,2.498733636441207,0.8288495686197143,10.687245155325,-0.7749078861902176,1
418,5,31865.96703296704,67.29559815408332,2.1462347705872897,0.03205531696350677,1.5956545834751694,0.8973319566696357,0.5635354553529646,33073.989130434784,66.2980336418872,1.8049985743248755,0.027324999586543285,1.9694967180179688,1.1530785563656918,0.5857150922322719,8156_8150,2.0,0.5,1.5,298,2,5,1,298,1,298,0,1,297,5,408,E West Expy W,W,Freeway,0.460746220134,0.0,8156,8150,W,2,65863,6,408,67299,65863,65,62,65.0,0.00755594538579,1,32469.978081700912,66.79681589798525,1.9756166724560826,0.029690158275025025,1.782575650746569,1.0252052565176637,0.5746252737926183,10.388071190064354,-0.7749078861902176,1
419,6,25126.18604651163,67.51189446026005,2.663955716529688,0.039933538282451324,1.2267372542217092,0.7870596040072112,0.6456481653915914,26541.08045977012,66.46925183706273,2.1667696003889536,0.03281131583238034,1.490872967131325,1.0213817952072668,0.6791508942035255,8156_8150,0.5,0.0,0.5,298,2,5,1,298,1,298,0,1,297,5,408,E West Expy W,W,Freeway,0.460746220134,0.0,8156,8150,W,2,65863,6,408,67299,65863,65,62,65.0,0.00755594538579,1,25833.633253140877,66.99057314866138,2.415362658459321,0.036372427057415835,1.358805110676517,0.904220699607239,0.6623995297975585,10.159432536404937,-0.7749078861902176,1
420,0,18635.84946236559,63.39061361936135,2.4921989725728544,0.03934084115368628,1.6675638802162098,1.245390850431615,0.7440527331827432,18668.43010752688,64.61662680377579,3.0097765018272966,0.04675645555365808,2.865131492219537,2.2714353425660425,0.7639915686100075,8178_6921,1.0,1.0,0.0,294,2,1,1,294,1,294,0,1,293,1,408,E West Expy W,W,Freeway,0.498662548024,0.0,8178,6921,W,2,65863,4,408,38500,65863,65,79,65.0,0.00727306453737,1,18652.139784946237,64.00362021156857,2.7509877372000755,0.043048648353672184,2.2663476862178733,1.7584130964988287,0.7540221508963754,9.833716152267824,-0.6958256684600929,0
421,1,19456.39583333333,63.38704485526828,2.548241910632719,0.04023037660640864,1.753944103314265,1.3136676500816828,0.7454008969772289,19671.43157894737,64.57974296241316,3.147221729210097,0.04891377592419647,2.9873936983302087,2.3381543676631047,0.7647529788527165,8178_6921,0.5,0.5,0.0,294,2,1,1,294,1,294,0,1,293,1,408,E West Expy W,W,Freeway,0.498662548024,0.0,8178,6921,W,2,65863,4,408,38500,65863,65,79,65.0,0.00727306453737,1,19563.91370614035,63.983393908840725,2.8477318199214077,0.04457207626530255,2.370668900822237,1.8259110088723938,0.7550769379149727,9.881442010800018,-0.6958256684600929,0
422,2,19580.610526315788,63.41751646941746,2.56807670640439,0.04054529955925009,1.7689887981451973,1.289697879705748,0.7348926493958481,19808.01052631579,64.67547473698474,2.9277307527873777,0.04535990566095848,3.0201594099101414,2.215655980011321,0.7295014247216929,8178_6921,0.5,0.0,0.5,294,2,1,1,294,1,294,0,1,293,1,408,E West Expy W,W,Freeway,0.498662548024,0.0,8178,6921,W,2,65863,4,408,38500,65863,65,79,65.0,0.00727306453737,1,19694.31052631579,64.0464956032011,2.747903729595884,0.042952602610104286,2.3945741040276696,1.7526769298585343,0.7321970370587705,9.88808506724289,-0.6958256684600929,0
423,3,19585.94382022472,63.40505026488037,2.5235604057508656,0.03985279422896223,1.779306425882489,1.3079511458401585,0.7335372855470932,19482.233333333334,64.74821294727143,2.9705352538040057,0.045997739455801975,3.0383317914770784,2.346725084667828,0.7531966391258627,8178_6921,0.0,0.0,0.0,294,2,1,1,294,1,294,0,1,293,1,408,E West Expy W,W,Freeway,0.498662548024,0.0,8178,6921,W,2,65863,4,408,38500,65863,65,79,65.0,0.00727306453737,1,19534.088576779024,64.07663160607589,2.7470478297774354,0.0429252668423821,2.4088191086797837,1.8273381152539931,0.7433669623364779,9.87991635048977,-0.6958256684600929,0
424,4,20212.89361702128,63.5083217252746,2.2768486618167008,0.035880709344755075,1.7992533207705468,1.1903294115659553,0.6630934393998571,20340.627659574468,64.92194900572207,2.609950975644535,0.040260649387810835,3.0739036210068638,2.0058856942505248,0.6537484935608031,8178_6921,0.5,0.5,0.0,294,2,1,1,294,1,294,0,1,293,1,408,E West Expy W,W,Freeway,0.498662548024,0.0,8178,6921,W,2,65863,4,408,38500,65863,65,79,65.0,0.00727306453737,1,20276.760638297874,64.21513536549833,2.443399818730618,0.03807067936628296,2.4365784708887053,1.59810755290824,0.6584209664803301,9.917230713107275,-0.6958256684600929,0
425,5,15075.76923076923,63.941326070510165,2.3188404737309654,0.036285641753798656,1.2078268192214665,0.7306201848694279,0.6076816174286035,15040.010989010989,65.2394657919,2.6820525427608644,0.04117290826998105,2.086433011614093,1.2571573161573946,0.6030327167912661,8178_6921,0.5,0.0,0.5,294,2,1,1,294,1,294,0,1,293,1,408,E West Expy W,W,Freeway,0.498662548024,0.0,8178,6921,W,2,65863,4,408,38500,65863,65,79,65.0,0.00727306453737,1,15057.89010989011,64.59039593120508,2.500446508245915,0.03872927501188986,1.6471299154177796,0.9938887505134113,0.6053571671099348,9.619657392594231,-0.6958256684600929,0
426,6,11965.802325581397,64.00463415244596,2.4689454165086366,0.03859448319241531,0.9315413429161884,0.6159017819039871,0.6665240286053445,12000.741176470588,65.18265287087532,2.8124124358760083,0.0431840753823607,1.603450130042514,1.0611736005518184,0.6628615384997204,8178_6921,0.5,0.5,0.0,294,2,1,1,294,1,294,0,1,293,1,408,E West Expy W,W,Freeway,0.498662548024,0.0,8178,6921,W,2,65863,4,408,38500,65863,65,79,65.0,0.00727306453737,1,11983.271751025994,64.59364351166064,2.6406789261923223,0.040889279287388,1.267495736479351,0.8385376912279028,0.6646927835525325,9.391266935471439,-0.6958256684600929,0
427,0,73762.34782608696,63.90701090065809,2.7673575991717034,0.04360773034389573,3.9914951261959817,3.057018139094832,0.7516095002309705,,,,,,,,8188_6226,2.0,2.0,0.0,324,2,31,1,324,1,324,0,1,323,31,408,E West Expy W,W,Freeway,0.4087770924750001,0.0,8188,6226,W,2,65863,7,408,139500,65863,65,56,65.0,0.00671932630058,1,73762.34782608696,63.90701090065809,2.7673575991717034,0.04360773034389573,3.9914951261959817,3.057018139094832,0.7516095002309705,11.208603688337869,-0.8945852776827773,1
428,1,76643.56842105264,63.71487870265583,3.066197850815804,0.048419357163780416,4.161828169281195,3.217006909949295,0.7627257383309529,,,,,,,,8188_6226,0.5,0.5,0.0,324,2,31,1,324,1,324,0,1,323,31,408,E West Expy W,W,Freeway,0.4087770924750001,0.0,8188,6226,W,2,65863,7,408,139500,65863,65,56,65.0,0.00671932630058,1,76643.56842105264,63.71487870265583,3.066197850815804,0.048419357163780416,4.161828169281195,3.217006909949295,0.7627257383309529,11.246920972378314,-0.8945852776827773,1
429,2,77752.41052631577,63.65965746549415,3.000549223270312,0.04735758579619122,4.222129446858181,3.1405122562984658,0.7371894336086139,,,,,,,,8188_6226,0.5,0.5,0.0,324,2,31,1,324,1,324,0,1,323,31,408,E West Expy W,W,Freeway,0.4087770924750001,0.0,8188,6226,W,2,65863,7,408,139500,65863,65,56,65.0,0.00671932630058,1,77752.41052631577,63.65965746549415,3.000549223270312,0.04735758579619122,4.222129446858181,3.1405122562984658,0.7371894336086139,11.26128483311478,-0.8945852776827773,1
430,3,78308.1,63.65514585996532,3.184001992911433,0.050405115996869775,4.306882185872596,3.25765461188649,0.7451338137948628,,,,,,,,8188_6226,1.5,1.5,0.0,324,2,31,1,324,1,324,0,1,323,31,408,E West Expy W,W,Freeway,0.4087770924750001,0.0,8188,6226,W,2,65863,7,408,139500,65863,65,56,65.0,0.00671932630058,1,78308.1,63.65514585996532,3.184001992911433,0.050405115996869775,4.306882185872596,3.25765461188649,0.7451338137948628,11.268406324904353,-0.8945852776827773,1
431,4,81574.64893617021,64.02463287958672,2.3495936675048097,0.036924542102322135,4.3389188620069445,2.9171252664448017,0.6668935471990016,,,,,,,,8188_6226,0.5,0.5,0.0,324,2,31,1,324,1,324,0,1,323,31,408,E West Expy W,W,Freeway,0.4087770924750001,0.0,8188,6226,W,2,65863,7,408,139500,65863,65,56,65.0,0.00671932630058,1,81574.64893617021,64.02463287958672,2.3495936675048097,0.036924542102322135,4.3389188620069445,2.9171252664448017,0.6668935471990016,11.309273817880948,-0.8945852776827773,1
432,5,63771.255555555574,65.382207655402,1.69433751994023,0.025968638165034082,3.0190987110837124,1.6759691129380014,0.5548825239253624,,,,,,,,8188_6226,1.5,0.5,1.0,324,2,31,1,324,1,324,0,1,323,31,408,E West Expy W,W,Freeway,0.4087770924750001,0.0,8188,6226,W,2,65863,7,408,139500,65863,65,56,65.0,0.00671932630058,1,63771.255555555574,65.382207655402,1.69433751994023,0.025968638165034082,3.0190987110837124,1.6759691129380014,0.5548825239253624,11.06305782792772,-0.8945852776827773,1
433,6,50987.235294117636,65.89213214824156,1.8518726471222835,0.028132703702911044,2.313719150197407,1.4082878005763522,0.6087999881525523,,,,,,,,8188_6226,1.0,0.5,0.5,324,2,31,1,324,1,324,0,1,323,31,408,E West Expy W,W,Freeway,0.4087770924750001,0.0,8188,6226,W,2,65863,7,408,139500,65863,65,56,65.0,0.00671932630058,1,50987.235294117636,65.89213214824156,1.8518726471222835,0.028132703702911044,2.313719150197407,1.4082878005763522,0.6087999881525523,10.839330592028471,-0.8945852776827773,1
434,0,41778.17204301075,65.20273509757541,3.5803340226125866,0.05590913463804702,2.973529205792004,2.8755718355230764,0.9265545422672792,40925.141304347824,63.92703559831826,3.756463546465047,0.060095634584969325,3.492494996560381,3.3291644470189534,0.9157036159112941,8201_8203,1.0,0.5,0.5,303,2,10,1,303,1,303,0,1,302,10,408,E West Expy W,W,Freeway,0.492661043524,0.0,8201,8203,W,2,65863,6,408,70075,65863,65,110,65.0,0.00802848761702,1,41351.65667367929,64.56488534794684,3.668398784538817,0.05800238461150817,3.2330121011761923,3.1023681412710147,0.9211290790892867,10.629867764308987,-0.7079338798932986,1
435,1,43752.757894736846,64.89586742157611,3.8374713305759056,0.06018777376812474,3.1115246888976547,3.0366577119707867,0.9397050806809952,42490.673684210524,63.69223583308755,3.945557146995292,0.06312677931137994,3.6710739181651717,3.499594614519605,0.9228768179094492,8201_8203,0.5,0.0,0.5,303,2,10,1,303,1,303,0,1,302,10,408,E West Expy W,W,Freeway,0.492661043524,0.0,8201,8203,W,2,65863,6,408,70075,65863,65,110,65.0,0.00802848761702,1,43121.71578947369,64.29405162733184,3.8915142387855988,0.06165727653975234,3.3912993035314134,3.2681261632451957,0.9312909492952222,10.671781995827269,-0.7079338798932986,1
436,2,44588.638297872334,64.85507877772865,3.8378832116566017,0.06045710892445445,3.1985361000538792,3.1134403203094325,0.9338229935453924,43415.72340425532,63.54516656810588,4.18132340699603,0.06714467138595695,3.77474382597131,3.6251278865882735,0.92602698901327,8201_8203,0.5,0.5,0.0,303,2,10,1,303,1,303,0,1,302,10,408,E West Expy W,W,Freeway,0.492661043524,0.0,8201,8203,W,2,65863,6,408,70075,65863,65,110,65.0,0.00802848761702,1,44002.18085106382,64.20012267291726,4.009603309326316,0.06380089015520571,3.4866399630125944,3.369284103448853,0.9299249912793313,10.69199447646901,-0.7079338798932986,1
437,3,44611.855555555565,64.89755965466797,4.080936650781253,0.06447393995400935,3.259721847783512,3.189654459848571,0.9327210805045624,43507.855555555565,63.660524060383175,4.108025202792796,0.06601270462502681,3.81314220972336,3.645985033444304,0.9160693048731388,8201_8203,0.0,0.0,0.0,303,2,10,1,303,1,303,0,1,302,10,408,E West Expy W,W,Freeway,0.492661043524,0.0,8201,8203,W,2,65863,6,408,70075,65863,65,110,65.0,0.00802848761702,1,44059.855555555565,64.27904185752557,4.094480926787025,0.06524332228951808,3.536432028753436,3.4178197466464377,0.9243951926888505,10.693304341993166,-0.7079338798932986,1
438,4,46406.36170212767,65.1344974210914,3.5347297558478084,0.05543417835017103,3.258577177031452,2.9338847485988637,0.8631813730585582,45677.287234042546,63.743768464893684,3.7923366834707952,0.060848151944966136,3.8709892791749416,3.4381029558472016,0.8546882660003521,8201_8203,1.0,1.0,0.0,303,2,10,1,303,1,303,0,1,302,10,408,E West Expy W,W,Freeway,0.492661043524,0.0,8201,8203,W,2,65863,6,408,70075,65863,65,110,65.0,0.00802848761702,1,46041.824468085106,64.43913294299254,3.6635332196593016,0.058141165147568584,3.564783228103197,3.1859938522230324,0.8589348195294552,10.737305489941296,-0.7079338798932986,1
439,5,33257.79347826087,66.87747742124961,2.159818075261037,0.03235103881673119,1.924944882681828,1.1432893394094523,0.594315780915603,33170.04347826087,65.74016480600291,1.9645596869142872,0.02998336158338607,2.3153792010227043,1.3685890209296712,0.589857514632326,8201_8203,0.5,0.0,0.5,303,2,10,1,303,1,303,0,1,302,10,408,E West Expy W,W,Freeway,0.492661043524,0.0,8201,8203,W,2,65863,6,408,70075,65863,65,110,65.0,0.00802848761702,1,33213.91847826087,66.30882111362627,2.0621888810876623,0.03116720020005863,2.120162041852266,1.2559391801695616,0.5920866477739646,10.41072429832462,-0.7079338798932986,1
440,6,26836.44186046512,67.06875829116811,2.459895606876477,0.03678939008044467,1.454178147626635,0.9794448527664747,0.6727031871583286,26543.48275862069,66.26030365994477,2.1190493809878985,0.03205444863872866,1.74267211841171,1.1438272550154596,0.6572956908539893,8201_8203,0.5,0.5,0.0,303,2,10,1,303,1,303,0,1,302,10,408,E West Expy W,W,Freeway,0.492661043524,0.0,8201,8203,W,2,65863,6,408,70075,65863,65,110,65.0,0.00802848761702,1,26689.962309542905,66.66453097555643,2.2894724939321875,0.03442191935958666,1.5984251330191726,1.0616360538909673,0.6649994390061589,10.19204283024107,-0.7079338798932986,1
441,0,40925.141304347824,63.92703559831826,3.756463546465047,0.060095634584969325,3.492494996560381,3.3291644470189534,0.9157036159112941,34717.788888888885,68.45961466516813,4.163503318864061,0.062436210122248086,2.7376937040930907,2.7121751127376674,0.9344065868989976,8203_6930,0.0,0.0,0.0,302,2,9,1,302,1,302,0,1,301,9,408,E West Expy W,W,Freeway,0.254236253283,0.0,8203,6930,W,2,65863,6,408,73500,65863,65,77,65.0,0.00417138399653,1,37821.465096618354,66.1933251317432,3.959983432664554,0.061265922353608705,3.1150943503267357,3.02066977987831,0.9250551014051458,10.540632080135271,-1.3694913132319937,1
442,1,42490.673684210524,63.69223583308755,3.945557146995292,0.06312677931137994,3.6710739181651717,3.499594614519605,0.9228768179094492,36564.82795698925,68.27690808749719,4.347011428471599,0.06507802285982986,2.8704858818868546,2.828932891031091,0.9386315220423956,8203_6930,1.0,0.5,0.5,302,2,9,1,302,1,302,0,1,301,9,408,E West Expy W,W,Freeway,0.254236253283,0.0,8203,6930,W,2,65863,6,408,73500,65863,65,77,65.0,0.00417138399653,1,39527.75082059989,65.98457196029237,4.146284287733446,0.0641024010856049,3.270779900026013,3.164263752775348,0.9307541699759224,10.58475825663504,-1.3694913132319937,1
443,2,43415.72340425532,63.54516656810588,4.18132340699603,0.06714467138595695,3.77474382597131,3.6251278865882735,0.92602698901327,37202.54347826087,68.1327809033263,4.715629518252762,0.07095032922572572,2.9518541851325364,2.9525235039365443,0.94508564714765,8203_6930,0.0,0.0,0.0,302,2,9,1,302,1,302,0,1,301,9,408,E West Expy W,W,Freeway,0.254236253283,0.0,8203,6930,W,2,65863,6,408,73500,65863,65,77,65.0,0.00417138399653,1,40309.13344125809,65.8389737357161,4.448476462624396,0.06904750030584134,3.363299005551923,3.2888256952624086,0.93555631808046,10.604333358516163,-1.3694913132319937,1
444,3,43507.855555555565,63.660524060383175,4.108025202792796,0.06601270462502681,3.81314220972336,3.645985033444304,0.9160693048731388,37122.83908045977,68.17271036494313,4.602426246424332,0.06922418998300868,2.9601683768056506,2.9285141476386083,0.9311693733375576,8203_6930,0.0,0.0,0.0,302,2,9,1,302,1,302,0,1,301,9,408,E West Expy W,W,Freeway,0.254236253283,0.0,8203,6930,W,2,65863,6,408,73500,65863,65,77,65.0,0.00417138399653,1,40315.34731800767,65.91661721266316,4.355225724608564,0.06761844730401775,3.3866552932645053,3.287249590541456,0.9236193391053482,10.604487502188242,-1.3694913132319937,1
445,4,45677.287234042546,63.743768464893684,3.7923366834707952,0.060848151944966136,3.8709892791749416,3.4381029558472016,0.8546882660003521,39252.96703296703,68.28815579148042,4.170734547998924,0.06292246774336893,3.0510720116218515,2.8038546980426875,0.8668184077467751,8203_6930,0.5,0.5,0.0,302,2,9,1,302,1,302,0,1,301,9,408,E West Expy W,W,Freeway,0.254236253283,0.0,8203,6930,W,2,65863,6,408,73500,65863,65,77,65.0,0.00417138399653,1,42465.12713350479,66.01596212818706,3.9815356157348596,0.061885309844167534,3.4610306453983966,3.1209788269449446,0.8607533368735636,10.656438480051728,-1.3694913132319937,1
446,5,33170.04347826087,65.74016480600291,1.9645596869142872,0.02998336158338607,2.3153792010227043,1.3685890209296712,0.589857514632326,28496.965909090908,70.42256557541108,2.558192326843085,0.03641515692612956,1.6477395816849283,0.9562828118289028,0.5814986567626991,8203_6930,0.0,0.0,0.0,302,2,9,1,302,1,302,0,1,301,9,408,E West Expy W,W,Freeway,0.254236253283,0.0,8203,6930,W,2,65863,6,408,73500,65863,65,77,65.0,0.00417138399653,1,30833.504693675888,68.081365190707,2.2613760068786863,0.033199259254757814,1.9815593913538163,1.162435916379287,0.5856780856975126,10.336357192449695,-1.3694913132319937,1
447,6,26543.48275862069,66.26030365994477,2.1190493809878985,0.03205444863872866,1.74267211841171,1.1438272550154596,0.6572956908539893,22540.939024390245,70.70536320387373,2.697352762527418,0.03824535339690878,1.1996604965602822,0.7981900361629607,0.6672679769047011,8203_6930,0.5,0.5,0.0,302,2,9,1,302,1,302,0,1,301,9,408,E West Expy W,W,Freeway,0.254236253283,0.0,8203,6930,W,2,65863,6,408,73500,65863,65,77,65.0,0.00417138399653,1,24542.210891505467,68.48283343190926,2.4082010717576585,0.035149901017818716,1.471166307485996,0.9710086455892102,0.6622818338793452,10.108149807585118,-1.3694913132319937,1
448,0,40513.79787234042,67.09294019550018,3.889760555338455,0.05953162309039544,2.817023648367224,2.750290306264304,0.9177679411891334,37806.62765957447,65.76197808909734,3.3389951986052515,0.05173661235438005,3.2066446515143765,2.779590572561196,0.857079552899942,8210_8148,0.0,0.0,0.0,297,2,4,1,297,1,297,0,1,296,4,408,E West Expy W,W,Freeway,0.792189706103,0.0,8210,8148,W,2,65863,4,408,73500,65863,65,49,65.0,0.013009075556999998,1,39160.21276595745,66.42745914229876,3.6143778769718535,0.055634117722387744,3.0118341499408006,2.76494043941275,0.8874237470445376,10.575416529876813,-0.2329543879421122,0
449,1,42155.489583333336,66.8140866880196,4.25804902692142,0.06537188202398694,2.9345173027862024,2.9097773891106082,0.9370636408621008,39376.375,65.51311075096133,3.717958663234712,0.05750990613054355,3.3775302126654316,3.0338532067673767,0.8831213650977293,8210_8148,1.0,1.0,0.0,297,2,4,1,297,1,297,0,1,296,4,408,E West Expy W,W,Freeway,0.792189706103,0.0,8210,8148,W,2,65863,4,408,73500,65863,65,49,65.0,0.013009075556999998,1,40765.93229166667,66.16359871949047,3.988003845078066,0.061440894077265246,3.156023757725817,2.9718152979389925,0.9100925029799151,10.615602018740237,-0.2329543879421122,0
450,2,42749.54736842105,66.73527440948371,4.3728625467607705,0.0671894206053013,3.0202620498065604,2.970605918760947,0.9255997027485846,39736.78947368421,65.3931024580212,3.7208553258029813,0.05802812063272916,3.4732182207595006,3.0252446516605938,0.8573299804620448,8210_8148,1.0,1.0,0.0,297,2,4,1,297,1,297,0,1,296,4,408,E West Expy W,W,Freeway,0.792189706103,0.0,8210,8148,W,2,65863,4,408,73500,65863,65,49,65.0,0.013009075556999998,1,41243.16842105263,66.06418843375246,4.046858936281875,0.06260877061901524,3.2467401352830305,2.99792528521077,0.8914648416053147,10.627240764012221,-0.2329543879421122,0
451,3,43054.644444444435,66.72354729418511,4.413841681057283,0.06806208607197,3.078884252454261,3.0403782486529,0.9252285619195488,39946.58888888889,65.31078325786818,4.023512553768708,0.06287775257547812,3.5264610799259355,3.096324700057243,0.8639379190399409,8210_8148,2.0,2.0,0.0,297,2,4,1,297,1,297,0,1,296,4,408,E West Expy W,W,Freeway,0.792189706103,0.0,8210,8148,W,2,65863,4,408,73500,65863,65,49,65.0,0.013009075556999998,1,41500.61666666666,66.01716527602665,4.218677117412996,0.06546991932372406,3.302672666190098,3.0683514743550715,0.8945832404797449,10.63346356554614,-0.2329543879421122,0
452,4,45235.65957446809,66.85106402247192,3.8989540210471465,0.060170538226584434,3.0978715263036865,2.78032033885568,0.8452692050587292,41990.63829787234,65.67325488690112,3.1737962596741363,0.04929630134353048,3.530047327362745,2.7703662809199976,0.7766004151335333,8210_8148,1.0,1.0,0.0,297,2,4,1,297,1,297,0,1,296,4,408,E West Expy W,W,Freeway,0.792189706103,0.0,8210,8148,W,2,65863,4,408,73500,65863,65,49,65.0,0.013009075556999998,1,43613.14893617021,66.26215945468653,3.5363751403606414,0.054733419785057455,3.3139594268332155,2.775343309887839,0.8109348100961312,10.683113964975506,-0.2329543879421122,0
453,5,33134.336956521736,68.86027971031378,2.1808969590161498,0.03174204949687333,1.8104603513086368,1.0036866129998925,0.5547518134228724,31290.83695652174,67.4279904116339,2.0923714741484813,0.03136579509487774,2.17844252147894,1.2648550825386422,0.5818136750361258,8210_8148,0.0,0.0,0.0,297,2,4,1,297,1,297,0,1,296,4,408,E West Expy W,W,Freeway,0.792189706103,0.0,8210,8148,W,2,65863,4,408,73500,65863,65,49,65.0,0.013009075556999998,1,32212.586956521736,68.14413506097384,2.1366342165823156,0.03155392229587553,1.9944514363937884,1.1342708477692673,0.5682827442294991,10.380112554422146,-0.2329543879421122,0
454,6,26324.63218390804,69.12926185144559,2.4129884428412507,0.035017471354222104,1.3678857954647432,0.8560388192267524,0.6265522501335637,24355.172413793105,67.55656110303238,2.2927665930794494,0.03421826826757916,1.664436676288157,1.0949363300030843,0.6559603969604875,8210_8148,1.5,0.5,1.0,297,2,4,1,297,1,297,0,1,296,4,408,E West Expy W,W,Freeway,0.792189706103,0.0,8210,8148,W,2,65863,4,408,73500,65863,65,49,65.0,0.013009075556999998,1,25339.902298850575,68.34291147723899,2.35287751796035,0.034617869810900634,1.5161612358764502,0.9754875746149183,0.6412563235470257,10.140135598258011,-0.2329543879421122,0
455,0,48576.63440860215,61.66322807430552,3.0018206246064483,0.04900013720447485,4.0422772695208975,3.176888468093268,0.7809039475932772,48103.74725274725,64.26330003022726,2.9265306072418333,0.04588413474858973,3.864289186309583,3.085361246442643,0.7899934437527999,8215_6440,0.5,0.0,0.5,313,2,20,1,313,1,313,0,1,312,20,408,E West Expy W,W,Freeway,0.25761408424000004,0.0,8215,6440,W,2,65863,6,408,66500,65863,65,129,65.0,0.00417989880851,1,48340.1908306747,62.96326405226639,2.964175615924141,0.047442135976532296,3.9532832279152403,3.1311248572679555,0.7854486956730385,10.786018601926031,-1.3562926114018328,1
456,1,50413.957894736835,61.365574781312674,3.2726711642590334,0.053662948100762636,4.224615544835149,3.4367423309939227,0.8104843747973649,50098.87234042553,63.74677154332034,3.5323126958272852,0.055945160562720316,4.119481613151848,3.4463170575021658,0.8326128638526356,8215_6440,1.5,1.0,0.5,313,2,20,1,313,1,313,0,1,312,20,408,E West Expy W,W,Freeway,0.25761408424000004,0.0,8215,6440,W,2,65863,6,408,66500,65863,65,129,65.0,0.00417989880851,1,50256.415117581186,62.55617316231651,3.4024919300431593,0.05480405433174147,4.172048578993499,3.441529694248044,0.8215486193250002,10.82489348180443,-1.3562926114018328,1
457,2,50997.255319148935,61.41128916811224,3.035218374552257,0.04967136888167355,4.306044828333772,3.373351472217806,0.7757773576114535,51090.655913978495,63.86843806667849,3.171031111048061,0.04997429738877728,4.140692325043102,3.3499092560756134,0.8007946118246982,8215_6440,0.5,0.0,0.5,313,2,20,1,313,1,313,0,1,312,20,408,E West Expy W,W,Freeway,0.25761408424000004,0.0,8215,6440,W,2,65863,6,408,66500,65863,65,129,65.0,0.00417989880851,1,51043.95561656372,62.63986361739536,3.1031247428001594,0.04982283313522541,4.223368576688437,3.36163036414671,0.7882859847180759,10.8404424153402,-1.3562926114018328,1
458,3,51388.606741573036,61.29798231104492,3.5269264663540314,0.05809163599217184,4.414429105248561,3.623814101823192,0.8048429790584741,50860.70786516854,63.74004834727112,3.729527124770797,0.05924773822987368,4.299987626788991,3.655113496348589,0.8297134387563658,8215_6440,1.5,1.5,0.0,313,2,20,1,313,1,313,0,1,312,20,408,E West Expy W,W,Freeway,0.25761408424000004,0.0,8215,6440,W,2,65863,6,408,66500,65863,65,129,65.0,0.00417989880851,1,51124.65730337078,62.51901532915802,3.628226795562414,0.05866968711102276,4.357208366018776,3.6394637990858905,0.81727820890742,10.842022190210084,-1.3562926114018328,1
459,4,53357.89361702128,61.38957536535517,2.9364075900720765,0.04829632339510757,4.449568824636923,3.2027936081789323,0.7163553370316706,53146.358695652176,63.86531835412149,3.072287662748752,0.0487926146245003,4.297110152417514,3.14959890951132,0.7267995238223024,8215_6440,1.0,0.5,0.5,313,2,20,1,313,1,313,0,1,312,20,408,E West Expy W,W,Freeway,0.25761408424000004,0.0,8215,6440,W,2,65863,6,408,66500,65863,65,129,65.0,0.00417989880851,1,53252.12615633673,62.62744685973833,3.0043476264104143,0.04854446900980393,4.373339488527218,3.1761962588451262,0.7215774304269865,10.882793010593108,-1.3562926114018328,1
460,5,38721.67391304348,63.24727994679093,2.3952883247406223,0.0380569645896139,2.792754715273825,1.5526767973906723,0.5548214338154149,38357.2,65.8239919163118,2.3521488319869515,0.03612942720012468,2.772167859407398,1.5767618782288284,0.565118038540859,8215_6440,0.5,0.5,0.0,313,2,20,1,313,1,313,0,1,312,20,408,E West Expy W,W,Freeway,0.25761408424000004,0.0,8215,6440,W,2,65863,6,408,66500,65863,65,129,65.0,0.00417989880851,1,38539.436956521735,64.53563593155137,2.373718578363787,0.037093195894869285,2.7824612873406114,1.5647193378097504,0.559969736178137,10.559437332534234,-1.3562926114018328,1
461,6,30233.48275862069,64.10062034936371,2.5373512207641737,0.039696511706368745,2.094416762493048,1.26885408104674,0.6031584044127666,30645.55294117647,66.60297539852914,2.335071498354864,0.035187079250453265,2.133874223813263,1.3225791894770662,0.6174010262848812,8215_6440,0.5,0.5,0.0,313,2,20,1,313,1,313,0,1,312,20,408,E West Expy W,W,Freeway,0.25761408424000004,0.0,8215,6440,W,2,65863,6,408,66500,65863,65,129,65.0,0.00417989880851,1,30439.517849898577,65.35179787394642,2.436211359559519,0.037441795478411005,2.1141454931531554,1.2957166352619032,0.610279715348824,10.323496972490736,-1.3562926114018328,1
462,0,45018.63218390805,64.71378291283564,2.6731182333373065,0.04184140014315282,3.516655498516388,2.6318736420403868,0.7488630504555888,45229.6129032258,66.63161356349976,2.9121461087344414,0.04404530877986984,4.3815096464500725,3.6071175694623374,0.8173119936429223,8239_5934,0.5,0.5,0.0,311,2,18,1,311,1,311,0,1,310,18,408,E West Expy W,W,Freeway,0.530374073551,0.0,8239,5934,W,2,65863,6,408,66500,65863,65,121,65.0,0.00871097460343,1,45124.122543566926,65.6726982381677,2.7926321710358737,0.04294335446151133,3.9490825724832304,3.119495605751362,0.7830875220492555,10.717172250428218,-0.634172722242225,1
463,1,46277.19565217392,64.41173619260262,3.178792988645472,0.049994531531119435,3.6855461330295802,2.887041995845028,0.7879216045715864,47153.92631578948,66.19184567516433,3.3948500782159936,0.05188058684079568,4.6037452500498315,3.894932992828152,0.8428152394557202,8239_5934,0.5,0.0,0.5,311,2,18,1,311,1,311,0,1,310,18,408,E West Expy W,W,Freeway,0.530374073551,0.0,8239,5934,W,2,65863,6,408,66500,65863,65,121,65.0,0.00871097460343,1,46715.560983981704,65.30179093388347,3.286821533430733,0.05093755918595756,4.144645691539706,3.3909874943365903,0.8153684220136533,10.751832599802746,-0.634172722242225,1
464,2,47419.780219780216,64.57156200860258,2.840519143542312,0.044209790121629136,3.7307483809013178,2.7757290599076123,0.7485054411786342,47954.0,66.2054865811492,3.1731992920151626,0.04839972353539105,4.718203981072093,3.8536152834882462,0.8124016685734549,8239_5934,0.0,0.0,0.0,311,2,18,1,311,1,311,0,1,310,18,408,E West Expy W,W,Freeway,0.530374073551,0.0,8239,5934,W,2,65863,6,408,66500,65863,65,121,65.0,0.00871097460343,1,47686.89010989011,65.3885242948759,3.006859217778737,0.046304756828510096,4.224476180986706,3.3146721716979295,0.7804535548760445,10.772411798637352,-0.634172722242225,1
465,3,47121.57471264368,64.44925426543675,3.3614398753190096,0.05278282967078435,3.8058023721702736,3.015739795987136,0.7841439880504383,47848.83333333334,66.15006999408179,3.4702310606564715,0.0530259948901943,4.815572767129731,4.018230355840252,0.8239325720011569,8239_5934,1.5,1.0,0.5,311,2,18,1,311,1,311,0,1,310,18,408,E West Expy W,W,Freeway,0.530374073551,0.0,8239,5934,W,2,65863,6,408,66500,65863,65,121,65.0,0.00871097460343,1,47485.20402298852,65.29966212975927,3.4158354679877405,0.052904412280489324,4.310687569650002,3.516985075913694,0.8040382800257976,10.768173447245447,-0.634172722242225,1
466,4,48736.571428571435,64.60382301820664,2.7641686339802845,0.04329354007476427,3.836376528562891,2.6453513093525487,0.6924300662196493,49957.478723404245,66.34273414123358,3.0121851331048863,0.04592468411114986,4.875794726132603,3.7173276009317218,0.7576942226032077,8239_5934,0.5,0.5,0.0,311,2,18,1,311,1,311,0,1,310,18,408,E West Expy W,W,Freeway,0.530374073551,0.0,8239,5934,W,2,65863,6,408,66500,65863,65,121,65.0,0.00871097460343,1,49347.02507598784,65.4732785797201,2.8881768835425854,0.044609112092957065,4.356085627347747,3.181339455142135,0.7250621444114285,10.806632760896417,-0.634172722242225,1
467,5,36754.79518072289,66.26283511837441,2.2843899761420787,0.03484364318782361,2.418656688608164,1.3809553790010225,0.5700918782998472,36427.913043478264,68.14034133222472,2.2760872612388856,0.033519987818658746,3.0727385991569127,1.8097101091576369,0.5851018616797717,8239_5934,1.0,0.5,0.5,311,2,18,1,311,1,311,0,1,310,18,408,E West Expy W,W,Freeway,0.530374073551,0.0,8239,5934,W,2,65863,6,408,66500,65863,65,121,65.0,0.00871097460343,1,36591.35411210058,67.20158822529956,2.280238618690482,0.034181815503241175,2.7456976438825382,1.5953327440793297,0.5775968699898095,10.507567265038256,-0.634172722242225,1
468,6,29615.39189189189,66.92344090795748,2.3351302428475025,0.03502836460612658,1.8538697451456103,1.1796838202954083,0.635281201764168,28918.367816091963,68.44234613811174,2.6061317127283887,0.03825014703615998,2.3152973799116983,1.468051078259512,0.6334485988047975,8239_5934,0.5,0.5,0.0,311,2,18,1,311,1,311,0,1,310,18,408,E West Expy W,W,Freeway,0.530374073551,0.0,8239,5934,W,2,65863,6,408,66500,65863,65,121,65.0,0.00871097460343,1,29266.879853991926,67.68289352303461,2.4706309777879456,0.03663925582114328,2.084583562528654,1.32386744927746,0.6343649002844828,10.284211775233532,-0.634172722242225,1
469,0,39342.784946236556,60.99598955702621,2.7502742242854064,0.04526724153513583,3.649086106561694,2.8305399070796162,0.7636054481178707,43147.05319148936,61.24929311104077,2.524211617846854,0.04136248615794527,4.3764062626452045,3.31476802573844,0.7596798823809708,8254_8252,0.5,0.5,0.0,308,2,15,1,308,1,308,0,1,307,15,408,E West Expy W,W,Freeway,0.265913166567,0.0,8254,8252,W,2,65863,6,408,85901,65863,55,162,55.0,0.00437412598084,1,41244.91906886296,61.12264133403349,2.63724292106613,0.043314863846540555,4.012746184603449,3.072653966409028,0.7616426652494208,10.627283210088105,-1.3245854649714992,1
470,1,41105.04255319149,60.5425662450965,3.1192051485776044,0.051708241317798005,3.812771926680981,3.07806075377548,0.799533528417131,45010.94791666666,60.91746381234665,2.788790577961395,0.04600015099812172,4.563155302702632,3.5129571426153654,0.7649258156543292,8254_8252,1.0,1.0,0.0,308,2,15,1,308,1,308,0,1,307,15,408,E West Expy W,W,Freeway,0.265913166567,0.0,8254,8252,W,2,65863,6,408,85901,65863,55,162,55.0,0.00437412598084,1,43057.99523492907,60.730015028721574,2.9539978632694996,0.04885419615795986,4.187963614691807,3.2955089481954225,0.78222967203573,10.670303212354936,-1.3245854649714992,1
471,2,41174.3870967742,60.44782283102994,3.024187377216633,0.05022288688984583,3.9857719408351375,3.2868632222004424,0.7844215677052382,45587.063157894736,60.85016388703498,2.798290348513228,0.046149911166926974,4.6481792839685765,3.5464252151142115,0.7578811303049675,8254_8252,0.0,0.0,0.0,308,2,15,1,308,1,308,0,1,307,15,408,E West Expy W,W,Freeway,0.265913166567,0.0,8254,8252,W,2,65863,6,408,85901,65863,55,162,55.0,0.00437412598084,1,43380.72512733447,60.64899335903246,2.9112388628649306,0.0481863990283864,4.316975612401857,3.4166442186573267,0.7711513490051028,10.677770499947348,-1.3245854649714992,1
472,3,40767.855555555565,60.372023445102215,3.4313323223440784,0.05717257093371283,3.9623113115853217,3.0996676607756903,0.7533774062375173,45894.64444444444,60.7173124714004,3.259035748608345,0.05405556294742682,4.777030607916543,3.745888434046311,0.7715612845335089,8254_8252,1.5,1.0,0.5,308,2,15,1,308,1,308,0,1,307,15,408,E West Expy W,W,Freeway,0.265913166567,0.0,8254,8252,W,2,65863,6,408,85901,65863,55,162,55.0,0.00437412598084,1,43331.25,60.54466795825131,3.345184035476212,0.05561406694056982,4.369670959750932,3.4227780474110006,0.7624693453855131,10.6766293626908,-1.3245854649714992,1
473,4,43410.04255319149,60.45340377868042,3.3341683975298846,0.05610153273436852,4.145419073962007,3.2831386158926024,0.760661202171275,47756.095744680846,60.751293802055905,2.9724505268300816,0.05005221725592201,4.935376951762025,3.694580542650768,0.7318373088678118,8254_8252,1.0,1.0,0.0,308,2,15,1,308,1,308,0,1,307,15,408,E West Expy W,W,Freeway,0.265913166567,0.0,8254,8252,W,2,65863,6,408,85901,65863,55,162,55.0,0.00437412598084,1,45583.06914893616,60.60234879036816,3.1533094621799833,0.05307687499514527,4.540398012862016,3.4888595792716854,0.7462492555195435,10.727291635963553,-1.3245854649714992,1
474,5,32591.847826086963,62.51469367795117,2.8800816208776787,0.046265030780862304,2.7801388225065384,1.8848856466139623,0.6583213736894011,34704.880434782615,62.6062274320979,2.570436198806622,0.041121017291259006,3.176706494315065,1.8952576101880647,0.5927932007574336,8254_8252,0.0,0.0,0.0,308,2,15,1,308,1,308,0,1,307,15,408,E West Expy W,W,Freeway,0.265913166567,0.0,8254,8252,W,2,65863,6,408,85901,65863,55,162,55.0,0.00437412598084,1,33648.36413043479,62.560460555024534,2.7252589098421502,0.04369302403606065,2.9784226584108016,1.8900716284010135,0.6255572872234174,10.423719719639596,-1.3245854649714992,1
475,6,26112.98850574713,63.26587951042244,2.8899557703748195,0.04599762438552669,2.2080024237517124,1.8939578144636715,0.7570179780638041,27150.7816091954,63.069367371958045,2.812972204642904,0.04482867639172013,2.3755297878253088,1.551429867314465,0.64704687187606,8254_8252,0.5,0.5,0.0,308,2,15,1,308,1,308,0,1,307,15,408,E West Expy W,W,Freeway,0.265913166567,0.0,8254,8252,W,2,65863,6,408,85901,65863,55,162,55.0,0.00437412598084,1,26631.885057471263,63.167623441190244,2.851463987508862,0.04541315038862341,2.2917661057885104,1.7226938408890682,0.7020324249699321,10.189864463289977,-1.3245854649714992,1
476,0,38823.58064516129,54.86964774246719,2.938443733830933,0.05377701207820517,5.464646960822047,4.0171814352082595,0.7361917459794484,39342.784946236556,60.99598955702621,2.7502742242854064,0.04526724153513583,3.649086106561694,2.8305399070796162,0.7636054481178707,8272_8254,3.5,1.5,2.0,319,2,26,1,319,1,319,0,1,318,26,408,E West Expy W,W,Freeway,0.523750841413,0.0,8272,8254,W,2,65863,6,408,85901,65863,55,67,55.0,0.00861528421267,1,39083.18279569892,57.9328186497467,2.8443589790581694,0.0495221268066705,4.556866533691871,3.423860671143938,0.7498985970486596,10.573447545923802,-0.6467392012306122,1
477,1,40234.708333333336,54.373648241691974,3.1723690317052387,0.05862008670641961,5.788067391713192,4.277815907757089,0.7342022841690877,41105.04255319149,60.5425662450965,3.1192051485776044,0.051708241317798005,3.812771926680981,3.07806075377548,0.799533528417131,8272_8254,3.0,1.5,1.5,319,2,26,1,319,1,319,0,1,318,26,408,E West Expy W,W,Freeway,0.523750841413,0.0,8272,8254,W,2,65863,6,408,85901,65863,55,67,55.0,0.00861528421267,1,40669.87544326241,57.45810724339424,3.1457870901414218,0.05516416401210881,4.800419659197087,3.6779383307662847,0.7668679062931094,10.613242936277018,-0.6467392012306122,1
478,2,40055.663157894734,54.272389186617964,3.0691122466951244,0.056848525448216926,5.805864356317749,4.207372158518052,0.7162905741304662,41174.3870967742,60.44782283102994,3.024187377216633,0.05022288688984583,3.9857719408351375,3.2868632222004424,0.7844215677052382,8272_8254,5.5,3.5,2.0,319,2,26,1,319,1,319,0,1,318,26,408,E West Expy W,W,Freeway,0.523750841413,0.0,8272,8254,W,2,65863,6,408,85901,65863,55,67,55.0,0.00861528421267,1,40615.02512733446,57.36010600882395,3.046649811955879,0.053535706169031375,4.895818148576444,3.7471176903592474,0.7503560709178522,10.611893354156154,-0.6467392012306122,1
479,3,40827.144444444435,54.200838161823185,3.276370485574604,0.060728568704121015,6.037801011978271,4.315750429382859,0.7136460896030086,40767.855555555565,60.372023445102215,3.4313323223440784,0.05717257093371283,3.9623113115853217,3.0996676607756903,0.7533774062375173,8272_8254,3.0,2.5,0.5,319,2,26,1,319,1,319,0,1,318,26,408,E West Expy W,W,Freeway,0.523750841413,0.0,8272,8254,W,2,65863,6,408,85901,65863,55,67,55.0,0.00861528421267,1,40797.5,57.2864308034627,3.3538514039593412,0.05895056981891692,5.000056161781796,3.7077090450792745,0.7335117479202629,10.61637608400509,-0.6467392012306122,1
480,4,42587.39361702128,54.25525487458042,3.320836687193473,0.0618599175099016,6.1513460848802906,4.4549829983506015,0.714714956025756,43410.04255319149,60.45340377868042,3.3341683975298846,0.05610153273436852,4.145419073962007,3.2831386158926024,0.760661202171275,8272_8254,3.5,2.5,1.0,319,2,26,1,319,1,319,0,1,318,26,408,E West Expy W,W,Freeway,0.523750841413,0.0,8272,8254,W,2,65863,6,408,85901,65863,55,67,55.0,0.00861528421267,1,42998.71808510638,57.35432932663042,3.327502542361679,0.058980725122135064,5.148382579421149,3.8690608071216017,0.7376880790985154,10.668925582257044,-0.6467392012306122,1
481,5,30236.725274725282,56.20968675583049,2.532975418737828,0.04525090574817945,3.7088234272598974,1.9989042464120024,0.5366023806426071,32591.847826086963,62.51469367795117,2.8800816208776787,0.046265030780862304,2.7801388225065384,1.8848856466139623,0.6583213736894011,8272_8254,4.0,3.0,1.0,319,2,26,1,319,1,319,0,1,318,26,408,E West Expy W,W,Freeway,0.523750841413,0.0,8272,8254,W,2,65863,6,408,85901,65863,55,67,55.0,0.00861528421267,1,31414.286550406123,59.36219021689083,2.7065285198077533,0.045757968264520874,3.244481124883218,1.9418949465129822,0.5974618771660041,10.355018054103468,-0.6467392012306122,1
482,6,23791.470588235294,57.02321756265769,2.6284924150030813,0.046319897994193206,2.7684281802436104,1.6541664491354582,0.5888028384113585,26112.98850574713,63.26587951042244,2.8899557703748195,0.04599762438552669,2.2080024237517124,1.8939578144636715,0.7570179780638041,8272_8254,2.5,2.0,0.5,319,2,26,1,319,1,319,0,1,318,26,408,E West Expy W,W,Freeway,0.523750841413,0.0,8272,8254,W,2,65863,6,408,85901,65863,55,67,55.0,0.00861528421267,1,24952.229546991213,60.144548536540064,2.7592240926889504,0.04615876118985995,2.4882153019976614,1.7740621317995648,0.6729104082375813,10.124718457788095,-0.6467392012306122,1
483,0,30328.60215053764,51.19106017607327,5.256118317400885,0.10349646345002483,7.478433598860584,5.405220537630519,0.7188801286207666,38823.58064516129,54.86964774246719,2.938443733830933,0.05377701207820517,5.464646960822047,4.0171814352082595,0.7361917459794484,8274_8272,2.5,1.5,1.0,318,2,25,1,318,1,318,0,1,317,25,408,E West Expy W,W,Freeway,0.301334366325,0.0,8274,8272,S,1,65863,7,4,144500,65863,55,0,55.0,0.00495680619726,1,34576.091397849465,53.03035395927023,4.097281025615909,0.078636737764115,6.4715402798413155,4.711200986419389,0.7275359373001075,10.450917722133081,-1.1995347791942559,1
484,1,31286.315789473683,50.52188436442239,5.575456620587449,0.11132306561632767,7.78153887637624,5.637675897651991,0.7161895418086411,40234.708333333336,54.373648241691974,3.1723690317052387,0.05862008670641961,5.788067391713192,4.277815907757089,0.7342022841690877,8274_8272,5.0,4.0,1.0,318,2,25,1,318,1,318,0,1,317,25,408,E West Expy W,W,Freeway,0.301334366325,0.0,8274,8272,S,1,65863,7,4,144500,65863,55,0,55.0,0.00495680619726,1,35760.51206140351,52.44776630305718,4.373912826146344,0.08497157616137364,6.784803134044717,4.95774590270454,0.7251959129888644,10.484599548575407,-1.1995347791942559,1
485,2,31511.361702127666,50.2128108538169,5.665217314167334,0.11358581034631535,8.089505839638269,5.803551372640072,0.710879910058795,40055.663157894734,54.272389186617964,3.0691122466951244,0.056848525448216926,5.805864356317749,4.207372158518052,0.7162905741304662,8274_8272,1.0,0.5,0.5,318,2,25,1,318,1,318,0,1,317,25,408,E West Expy W,W,Freeway,0.301334366325,0.0,8274,8272,S,1,65863,7,4,144500,65863,55,0,55.0,0.00495680619726,1,35783.5124300112,52.24260002021743,4.36716478043123,0.08521716789726613,6.94768509797801,5.005461765579062,0.7135852420946306,10.48524251965688,-1.1995347791942559,1
486,3,31622.01111111112,50.214454459302104,5.744904343841474,0.11517339398568473,8.163842135186734,5.7831513806999695,0.702744098080542,40827.144444444435,54.200838161823185,3.276370485574604,0.060728568704121015,6.037801011978271,4.315750429382859,0.7136460896030086,8274_8272,2.5,1.5,1.0,318,2,25,1,318,1,318,0,1,317,25,408,E West Expy W,W,Freeway,0.301334366325,0.0,8274,8272,S,1,65863,7,4,144500,65863,55,0,55.0,0.00495680619726,1,36224.57777777778,52.207646310562644,4.5106374147080395,0.08795098134490287,7.100821573582502,5.0494509050414145,0.7081950938417753,10.49749311157307,-1.1995347791942559,1
487,4,33260.58064516129,49.91474154298519,5.98735478925634,0.12113371220787295,8.607701749762873,6.096229884202213,0.7022053099683461,42587.39361702128,54.25525487458042,3.320836687193473,0.0618599175099016,6.1513460848802906,4.4549829983506015,0.714714956025756,8274_8272,5.0,2.5,2.5,318,2,25,1,318,1,318,0,1,317,25,408,E West Expy W,W,Freeway,0.301334366325,0.0,8274,8272,S,1,65863,7,4,144500,65863,55,0,55.0,0.00495680619726,1,37923.987131091286,52.08499820878281,4.654095738224907,0.09149681485888728,7.379523917321581,5.275606441276407,0.708460132997051,10.543339096703631,-1.1995347791942559,1
488,5,27116.522222222222,53.48778956431642,4.066845180613273,0.07706218129935785,5.694978312566682,3.433409177665125,0.5932282508239828,30236.725274725282,56.20968675583049,2.532975418737828,0.04525090574817945,3.7088234272598974,1.9989042464120024,0.5366023806426071,8274_8272,2.0,1.5,0.5,318,2,25,1,318,1,318,0,1,317,25,408,E West Expy W,W,Freeway,0.301334366325,0.0,8274,8272,S,1,65863,7,4,144500,65863,55,0,55.0,0.00495680619726,1,28676.62374847375,54.84873816007345,3.2999102996755503,0.06115654352376865,4.70190086991329,2.716156712038564,0.5649153157332949,10.263837566321978,-1.1995347791942559,1
489,6,21209.78823529412,55.101788617902926,3.3425893651553884,0.06138256122037401,4.1297264950431885,2.5195351291790846,0.6036692980939117,23791.470588235294,57.02321756265769,2.6284924150030813,0.046319897994193206,2.7684281802436104,1.6541664491354582,0.5888028384113585,8274_8272,2.5,2.0,0.5,318,2,25,1,318,1,318,0,1,317,25,408,E West Expy W,W,Freeway,0.301334366325,0.0,8274,8272,S,1,65863,7,4,144500,65863,55,0,55.0,0.00495680619726,1,22500.629411764705,56.06250309028031,2.9855408900792346,0.05385122960728361,3.4490773376433994,2.086850789157271,0.5962360682526351,10.02129856165746,-1.1995347791942559,1
490,0,82385.6170212766,62.21975844054804,5.871282881909102,0.09511816966892853,4.893457363211988,4.454178522653825,0.8849167947691904,76256.53260869565,61.837906187261886,7.379261598891357,0.12032472262182325,4.7117831347521095,4.7481381412237775,0.9797575482417566,8309_8313,4.5,3.5,1.0,317,2,24,1,317,1,317,0,1,316,24,408,E West Expy W,W,Freeway,0.396972045378,0.0,8309,8313,W,2,65863,9,408,93000,65863,55,136,55.0,0.00650433139267,1,79321.07481498612,62.028832313904964,6.625272240400229,0.10772144614537589,4.802620248982048,4.601158331938802,0.9323371715054736,11.28125913290736,-0.9238894154391629,2
491,1,85714.96875,61.692615332793615,6.58640048044304,0.10747942760592204,5.2069478686896975,4.946727523437231,0.9292940492914952,79041.0947368421,61.08525339323553,8.31128824336208,0.13695553394446222,5.044879200364662,5.259330896658616,1.0199994015279157,8309_8313,5.0,3.0,2.0,317,2,24,1,317,1,317,0,1,316,24,408,E West Expy W,W,Freeway,0.396972045378,0.0,8309,8313,W,2,65863,9,408,93000,65863,55,136,55.0,0.00650433139267,1,82378.03174342104,61.38893436301457,7.448844361902561,0.12221748077519212,5.12591353452718,5.103029210047923,0.9746467254097054,11.319074075296548,-0.9238894154391629,2
492,2,87234.81052631579,61.629721772625714,6.415010687167922,0.10493086040079674,5.278427708597845,4.782618707152573,0.8861786052663472,79927.72631578948,61.041376337659294,8.070284042652476,0.13339251715585307,5.103139622178071,5.210580045742958,0.997808611977016,8309_8313,3.5,3.0,0.5,317,2,24,1,317,1,317,0,1,316,24,408,E West Expy W,W,Freeway,0.396972045378,0.0,8309,8313,W,2,65863,9,408,93000,65863,55,136,55.0,0.00650433139267,1,83581.26842105263,61.33554905514251,7.2426473649102,0.1191616887783249,5.190783665387958,4.996599376447765,0.9419936086216816,11.333574712018033,-0.9238894154391629,2
493,3,87550.11111111111,61.85748301638535,5.996517917880214,0.09771847790748577,5.2347865402771605,4.545624382060594,0.8492008758983497,80385.67045454546,61.22040556925954,7.704760768501501,0.1270496592478625,5.059237221589692,4.973912657763722,0.9592705643168112,8309_8313,6.5,5.0,1.5,317,2,24,1,317,1,317,0,1,316,24,408,E West Expy W,W,Freeway,0.396972045378,0.0,8309,8313,W,2,65863,9,408,93000,65863,55,136,55.0,0.00650433139267,1,83967.89078282828,61.53894429282245,6.850639343190858,0.11238406857767413,5.147011880933427,4.759768519912158,0.9042357201075805,11.338189752162931,-0.9238894154391629,2
494,4,91860.06382978725,62.04498003118987,5.3361705135745865,0.08708008968482743,5.305670396221863,4.1624263087677695,0.7638402692455857,85489.92473118281,61.339743023618404,7.179236805669082,0.11849266580735494,5.147557911089352,4.714858561869447,0.8904585291401189,8309_8313,2.0,1.5,0.5,317,2,24,1,317,1,317,0,1,316,24,408,E West Expy W,W,Freeway,0.396972045378,0.0,8309,8313,W,2,65863,9,408,93000,65863,55,136,55.0,0.00650433139267,1,88674.99428048503,61.69236152740414,6.257703659621834,0.10278637774609119,5.226614153655608,4.4386424353186085,0.8271493991928522,11.392733215142075,-0.9238894154391629,2
495,5,72211.91304347826,64.54419375976069,2.3994670808432566,0.03732973927510934,3.5299354071183773,1.848459654599161,0.521707025760465,68391.3111111111,64.38755842423818,3.1827909863785147,0.05018212265579794,3.305788082601575,2.033775605210691,0.5935816492272602,8309_8313,3.0,2.0,1.0,317,2,24,1,317,1,317,0,1,316,24,408,E West Expy W,W,Freeway,0.396972045378,0.0,8309,8313,W,2,65863,9,408,93000,65863,55,136,55.0,0.00650433139267,1,70301.61207729467,64.46587609199943,2.7911290336108854,0.04375593096545364,3.417861744859976,1.9411176299049258,0.5576443374938627,11.160550008934052,-0.9238894154391629,2
496,6,58056.13793103449,65.21638939480121,2.464985191846914,0.03802754252475947,2.7565331647767475,1.587663665339748,0.573836253348299,54615.37209302326,65.4002128285615,2.6873652192483406,0.041429624568843484,2.491125312236072,1.5529659977711974,0.612818462374689,8309_8313,2.5,1.0,1.5,317,2,24,1,317,1,317,0,1,316,24,408,E West Expy W,W,Freeway,0.396972045378,0.0,8309,8313,W,2,65863,9,408,93000,65863,55,136,55.0,0.00650433139267,1,56335.75501202888,65.30830111168135,2.576175205547627,0.03972858354680148,2.62382923850641,1.5703148315554727,0.5933273578614939,10.939084692692338,-0.9238894154391629,2
497,0,82116.37234042553,61.06721158127056,5.268545882597875,0.08690369845501543,5.4250597337478865,4.462927382114305,0.8089068192832485,82385.6170212766,62.21975844054804,5.871282881909102,0.09511816966892853,4.893457363211988,4.454178522653825,0.8849167947691904,8318_8309,0.5,0.5,0.0,315,2,22,1,315,1,315,0,1,314,22,408,E West Expy W,W,Freeway,0.183840797773,0.0,8318,8309,W,2,65863,9,408,93000,65863,55,68,55.0,0.00302303734189,1,82250.99468085106,61.6434850109093,5.569914382253488,0.09101093406197197,5.159258548479937,4.458552952384065,0.8469118070262194,11.317530761938702,-1.693685125394806,2
498,1,85340.30208333331,60.679845252111065,5.787408772564018,0.09590768641120674,5.704651758728543,4.8056867475512295,0.8305317020369288,85714.96875,61.692615332793615,6.58640048044304,0.10747942760592204,5.2069478686896975,4.946727523437231,0.9292940492914952,8318_8309,1.0,1.0,0.0,315,2,22,1,315,1,315,0,1,314,22,408,E West Expy W,W,Freeway,0.183840797773,0.0,8318,8309,W,2,65863,9,408,93000,65863,55,68,55.0,0.00302303734189,1,85527.63541666666,61.186230292452336,6.186904626503529,0.10169355700856439,5.45579981370912,4.87620713549423,0.8799128756642121,11.356594823947681,-1.693685125394806,2
499,2,86940.87368421053,60.54524440013605,5.664473813986219,0.09423172959768963,5.81807826908026,4.750808769053489,0.8052082969213603,87234.81052631579,61.629721772625714,6.415010687167922,0.10493086040079674,5.278427708597845,4.782618707152573,0.8861786052663472,8318_8309,1.5,0.5,1.0,315,2,22,1,315,1,315,0,1,314,22,408,E West Expy W,W,Freeway,0.183840797773,0.0,8318,8309,W,2,65863,9,408,93000,65863,55,68,55.0,0.00302303734189,1,87087.84210526316,61.087483086380885,6.039742250577071,0.09958129499924319,5.548252988839053,4.7667137381030305,0.8456934510938537,11.374672567624193,-1.693685125394806,2
500,3,87329.85555555555,60.53727738111904,5.701636694208312,0.0951200825570206,5.906324720540612,4.7966080453301725,0.7966667721984473,87550.11111111111,61.85748301638535,5.996517917880214,0.09771847790748577,5.2347865402771605,4.545624382060594,0.8492008758983497,8318_8309,3.0,1.5,1.5,315,2,22,1,315,1,315,0,1,314,22,408,E West Expy W,W,Freeway,0.183840797773,0.0,8318,8309,W,2,65863,9,408,93000,65863,55,68,55.0,0.00302303734189,1,87439.98333333334,61.1973801987522,5.849077306044263,0.09641928023225319,5.570555630408887,4.671116213695383,0.8229338240483985,11.37870793224351,-1.693685125394806,2
501,4,91064.93617021275,60.72136923437088,4.922550854894489,0.08219602072868931,5.981998072828529,4.393038273362457,0.7207825012472812,91860.06382978725,62.04498003118987,5.3361705135745865,0.08708008968482743,5.305670396221863,4.1624263087677695,0.7638402692455857,8318_8309,3.0,2.0,1.0,315,2,22,1,315,1,315,0,1,314,22,408,E West Expy W,W,Freeway,0.183840797773,0.0,8318,8309,W,2,65863,9,408,93000,65863,55,68,55.0,0.00302303734189,1,91462.5,61.38317463278038,5.129360684234538,0.08463805520675838,5.643834234525196,4.277732291065114,0.7423113852464334,11.423684331192286,-1.693685125394806,2
502,5,72312.02197802198,63.25947663369646,2.349644132561505,0.037312470907954025,3.9658329051653998,2.1391068051089457,0.5389469462757351,72211.91304347826,64.54419375976069,2.3994670808432566,0.03732973927510934,3.5299354071183773,1.848459654599161,0.521707025760465,8318_8309,0.0,0.0,0.0,315,2,22,1,315,1,315,0,1,314,22,408,E West Expy W,W,Freeway,0.183840797773,0.0,8318,8309,W,2,65863,9,408,93000,65863,55,68,55.0,0.00302303734189,1,72261.96751075011,63.90183519672857,2.3745556067023808,0.03732110509153168,3.7478841561418887,1.9937832298540532,0.5303269860181001,11.18805323254504,-1.693685125394806,2
503,6,58273.558139534885,64.08193891906043,2.3678663007941223,0.03707164027680481,3.0373200777314566,1.8052555549168616,0.5941696866539441,58056.13793103449,65.21638939480121,2.464985191846914,0.03802754252475947,2.7565331647767475,1.587663665339748,0.573836253348299,8318_8309,2.0,1.5,0.5,315,2,22,1,315,1,315,0,1,314,22,408,E West Expy W,W,Freeway,0.183840797773,0.0,8318,8309,W,2,65863,9,408,93000,65863,55,68,55.0,0.00302303734189,1,58164.84803528469,64.64916415693082,2.416425746320518,0.03754959140078214,2.896926621254102,1.6964596101283047,0.5840029700011216,10.97103646559869,-1.693685125394806,2
504,0,80240.42391304347,62.048886388805066,6.423759707489968,0.10448702798464103,4.167318122387323,4.2660569502892765,0.9869655231801208,74231.25806451614,61.77694050833014,7.85548683352473,0.1281721718411682,5.733556861535997,6.096625068779894,1.034839150815924,8353_6185,3.5,1.0,2.5,323,2,30,1,323,1,323,0,1,322,30,408,E West Expy W,W,Freeway,0.42615895878,0.0,8353,6185,W,2,65863,10,408,137612,65863,55,163,55.0,0.00701033979363,1,77235.8409887798,61.91291344856761,7.139623270507349,0.11632959991290462,4.95043749196166,5.181341009534585,1.0109023369980223,11.254618889789526,-0.8529428596371252,2
505,1,84168.64210526316,61.26477641806942,7.837699660851794,0.12879528066659052,4.60685228431052,5.192454830593037,1.0950205018219032,76595.34736842105,60.91872126468532,9.204102303081998,0.1521386243066007,6.2404651143349685,6.960619133340046,1.0908100707429793,8353_6185,5.5,4.0,1.5,323,2,30,1,323,1,323,0,1,322,30,408,E West Expy W,W,Freeway,0.42615895878,0.0,8353,6185,W,2,65863,10,408,137612,65863,55,163,55.0,0.00701033979363,1,80381.99473684211,61.09174884137737,8.520900981966896,0.1404669524865956,5.423658699322744,6.076536981966541,1.0929152862824414,11.294545484028218,-0.8529428596371252,2
506,2,85434.08510638298,61.38112632221514,7.268798234904229,0.11911754673333512,4.561032588382312,4.808961017536553,1.0293003586585179,78046.73404255319,60.94454230353158,8.795100361769391,0.14538926684608192,6.291817068259921,6.728997057681007,1.0475427855698358,8353_6185,4.5,2.5,2.0,323,2,30,1,323,1,323,0,1,322,30,408,E West Expy W,W,Freeway,0.42615895878,0.0,8353,6185,W,2,65863,10,408,137612,65863,55,163,55.0,0.00701033979363,1,81740.40957446808,61.16283431287336,8.03194929833681,0.1322534067897085,5.4264248283211165,5.76897903760878,1.038421572114177,11.311303767803881,-0.8529428596371252,2
507,3,85191.41573033707,61.56382450435621,7.179428514668123,0.1174375771088822,4.560822063075494,4.7033439783428745,1.001344268651386,78270.98876404495,61.076873298059176,8.752202041999588,0.14457603590943088,6.319977089789864,6.657715113285836,1.028395575278423,8353_6185,2.5,1.5,1.0,323,2,30,1,323,1,323,0,1,322,30,408,E West Expy W,W,Freeway,0.42615895878,0.0,8353,6185,W,2,65863,10,408,137612,65863,55,163,55.0,0.00701033979363,1,81731.20224719102,61.320348901207694,7.965815278333856,0.13100680650915653,5.440399576432679,5.680529545814355,1.0148699219649044,11.311191120388417,-0.8529428596371252,2
508,4,89175.17204301074,62.1740253745718,5.326706073665086,0.08667145862801458,4.362495358796728,3.6409428482123634,0.8116832889721362,81983.18085106384,61.92465675233628,6.6755758452069545,0.10963085968759244,6.040285836450585,5.328321620267625,0.8580162826908085,8353_6185,4.5,4.0,0.5,323,2,30,1,323,1,323,0,1,322,30,408,E West Expy W,W,Freeway,0.42615895878,0.0,8353,6185,W,2,65863,10,408,137612,65863,55,163,55.0,0.00701033979363,1,85579.17644703729,62.04934106345404,6.00114095943602,0.09815115915780351,5.201390597623657,4.484632234239994,0.8348497858314723,11.35719726673027,-0.8529428596371252,2
509,5,69877.31460674157,64.78107147166945,2.090946887848002,0.03236692121020458,2.783375159827152,1.4952124525345465,0.5370072263914846,65116.09782608696,65.07959042303328,2.3070934797818223,0.03559015112513115,3.7958141050423535,2.0404008528431503,0.5368445958330831,8353_6185,3.0,2.0,1.0,323,2,30,1,323,1,323,0,1,322,30,408,E West Expy W,W,Freeway,0.42615895878,0.0,8353,6185,W,2,65863,10,408,137612,65863,55,163,55.0,0.00701033979363,1,67496.70621641426,64.93033094735137,2.199020183814912,0.03397853616766787,3.2895946324347527,1.7678066526888485,0.5369259111122838,11.119834078876156,-0.8529428596371252,2
510,6,56194.380952380954,65.44127094450954,2.314408309413152,0.035529666796038736,2.1869313032975364,1.3583725855075728,0.6113004310410014,52624.471264367814,65.56906624605612,2.6188592796491927,0.0401083735903706,3.012153362379315,1.8489023941041525,0.6075938760452662,8353_6185,2.0,1.0,1.0,323,2,30,1,323,1,323,0,1,322,30,408,E West Expy W,W,Freeway,0.42615895878,0.0,8353,6185,W,2,65863,10,408,137612,65863,55,163,55.0,0.00701033979363,1,54409.426108374384,65.50516859528284,2.4666337945311723,0.03781902019320467,2.5995423328384257,1.6036374898058625,0.6094471535431338,10.90429269188482,-0.8529428596371252,2
511,0,25540.606382978727,70.49175007431548,3.193212903143015,0.04534302401175644,3.235232343032266,2.04447515919806,0.6297462016747768,27277.966292134828,72.1473064043357,2.3385539408978127,0.03235726446121251,2.3861965645455547,1.7400354630437185,0.6918234314627676,11007_8480,0.5,0.5,0.0,20,2,20,1,20,1,20,21,1,19,21,417,FL-417 N,N,Freeway,0.282986482645,0.00462481575223,11007,8480,E,2,65863,4,417,47407,65863,70,0,70.0,0.00462481575223,1,26409.286337556776,71.31952823932559,2.765883422020414,0.038850144236484474,2.8107144537889104,1.892255311120889,0.6607848165687722,10.181470982493531,-1.2623561469849602,0
512,1,25832.875,70.15853216040082,3.2551922206987367,0.04663447832900792,3.2209592437932506,2.035943246652776,0.6290520300528321,27332.2,71.55832755312943,2.6995308840986048,0.039327022148238286,2.4777915408270803,1.8792146799307827,0.6847447345303728,11007_8480,1.0,0.0,1.0,20,2,20,1,20,1,20,21,1,19,21,417,FL-417 N,N,Freeway,0.282986482645,0.00462481575223,11007,8480,E,2,65863,4,417,47407,65863,70,0,70.0,0.00462481575223,1,26582.5375,70.85842985676513,2.977361552398671,0.042980750238623106,2.8493753923101655,1.9575789632917795,0.6568983822916024,10.188009794226776,-1.2623561469849602,0
513,2,26307.54736842105,70.11031161242963,3.1011307716719108,0.04425026918189179,3.2961166722031887,2.0351424682068813,0.6177153031220584,28163.375,71.532912505739,2.3577948932024597,0.033025091445246436,2.4920818141555467,1.7299524132629311,0.6777292365733227,11007_8480,0.0,0.0,0.0,20,2,20,1,20,1,20,21,1,19,21,417,FL-417 N,N,Freeway,0.282986482645,0.00462481575223,11007,8480,E,2,65863,4,417,47407,65863,70,0,70.0,0.00462481575223,1,27235.461184210522,70.82161205908432,2.7294628324371852,0.03863768031356911,2.894099243179368,1.882547440734906,0.6477222698476905,10.212275123186815,-1.2623561469849602,0
514,3,27263.393258426968,70.0668117226684,3.049682495341312,0.0435656562969482,3.4323939720731818,2.0777051490486027,0.6058088297059215,28856.11904761905,71.6185956235497,2.36307219786856,0.03292476708240736,2.5544530820624995,1.7244368891800128,0.6593535380216975,11007_8480,0.5,0.5,0.0,20,2,20,1,20,1,20,21,1,19,21,417,FL-417 N,N,Freeway,0.282986482645,0.00462481575223,11007,8480,E,2,65863,4,417,47407,65863,70,0,70.0,0.00462481575223,1,28059.75615302301,70.84270367310904,2.706377346604936,0.03824521168967778,2.993423527067841,1.9010710191143079,0.6325811838638096,10.24209166341994,-1.2623561469849602,0
515,4,29988.118279569888,70.32344416335036,3.032160269874893,0.04316592602233581,3.662064658105955,2.0834731474865453,0.5691166946648719,30390.898876404488,71.35851514285739,2.2939367082133457,0.03209204622699405,2.6499761590205644,1.7501263736317318,0.6164367272088254,11007_8480,0.0,0.0,0.0,20,2,20,1,20,1,20,21,1,19,21,417,FL-417 N,N,Freeway,0.282986482645,0.00462481575223,11007,8480,E,2,65863,4,417,47407,65863,70,0,70.0,0.00462481575223,1,30189.508577987188,70.84097965310387,2.6630484890441193,0.03762898612466493,3.1560204085632595,1.9167997605591385,0.5927767109368487,10.315249744926374,-1.2623561469849602,0
516,5,23903.10989010989,71.19400251619288,3.1262613037700997,0.043930151948008325,2.9769854875215267,1.6475163482947135,0.5535962586448974,27519.780487804877,72.8868043332523,2.2829201284645597,0.031335476420900184,2.1570374718866763,1.3289597491782588,0.6019493462244182,11007_8480,0.0,0.0,0.0,20,2,20,1,20,1,20,21,1,19,21,417,FL-417 N,N,Freeway,0.282986482645,0.00462481575223,11007,8480,E,2,65863,4,417,47407,65863,70,0,70.0,0.00462481575223,1,25711.445188957383,72.0404034247226,2.7045907161173295,0.03763281418445426,2.5670114797041013,1.4882380487364861,0.5777728024346578,10.154691509841461,-1.2623561469849602,0
517,6,18911.953488372088,71.67828830905586,3.480403342712236,0.048594046315092634,2.515652823036102,1.6214164570314893,0.6438876148959028,23774.402597402597,73.45514619918411,2.492484663256456,0.03399364995358898,1.7982069954109636,1.2693821210765943,0.7070996490559384,11007_8480,0.0,0.0,0.0,20,2,20,1,20,1,20,21,1,19,21,417,FL-417 N,N,Freeway,0.282986482645,0.00462481575223,11007,8480,E,2,65863,4,417,47407,65863,70,0,70.0,0.00462481575223,1,21343.178042887343,72.56671725412,2.9864440029843458,0.04129384813434081,2.156929909223533,1.4453992890540417,0.6754936319759206,9.968487437989157,-1.2623561469849602,0
518,0,9080.83695652174,44.52190109123375,2.8718834516147567,0.0645551728608727,3.547628151680804,2.7395095313745923,0.7635799367958217,42607.27173913043,67.12249965921916,4.148708146846934,0.06245825283531455,4.527630927193368,3.573148036698002,0.7785773857502063,2529_11876,0.0,0.0,0.0,50,2,50,1,50,1,50,51,1,49,51,417,FL-417 N,N,Freeway,0.155378793407,0.00240078685003,2529,11876,N,2,65863,6,417,71707,65863,70,0,70.0,0.00240078685003,1,25844.054347826088,55.82220037522646,3.5102957992308452,0.06350671284809363,4.037629539437086,3.1563287840362975,0.771078661273014,10.15983584759436,-1.861889314923145,1
519,1,9311.13829787234,44.49098833575953,2.9154080119386645,0.06556179401702354,3.618833020634753,2.7737486740188317,0.7611469817581961,43353.36170212766,66.4455425120786,4.535088433613213,0.06907354250778105,4.735806486662715,3.695923213603931,0.7698255524622133,2529_11876,1.0,1.0,0.0,50,2,50,1,50,1,50,51,1,49,51,417,FL-417 N,N,Freeway,0.155378793407,0.00240078685003,2529,11876,N,2,65863,6,417,71707,65863,70,0,70.0,0.00240078685003,1,26332.25,55.468265423919064,3.7252482227759387,0.06731766826240229,4.177319753648733,3.2348359438113814,0.7654862671102047,10.178549702694301,-1.861889314923145,1
520,2,9366.0,44.55625925396206,2.8533347035052152,0.06411576591568577,3.669999482789413,2.769017681687957,0.7501308521274451,44354.08602150538,66.26791161829004,4.524950215953214,0.06895093577550078,4.843143585688273,3.7209916737108513,0.7629716185339355,2529_11876,1.0,0.5,0.5,50,2,50,1,50,1,50,51,1,49,51,417,FL-417 N,N,Freeway,0.155378793407,0.00240078685003,2529,11876,N,2,65863,6,417,71707,65863,70,0,70.0,0.00240078685003,1,26860.04301075269,55.41208543612605,3.6891424597292146,0.06653335084559328,4.2565715342388435,3.245004677699404,0.7565512353306902,10.198395071369792,-1.861889314923145,1
521,3,9455.375,44.499563075742216,2.7270016983696705,0.06130752296600672,3.6952255928887423,2.709346768236358,0.7296025791010048,44867.629213483146,66.23080288307254,4.901106570652553,0.07489730888293909,4.998946631157144,3.869121391881497,0.7634276891642706,2529_11876,1.0,0.5,0.5,50,2,50,1,50,1,50,51,1,49,51,417,FL-417 N,N,Freeway,0.155378793407,0.00240078685003,2529,11876,N,2,65863,6,417,71707,65863,70,0,70.0,0.00240078685003,1,27161.502106741573,55.36518297940738,3.814054134511112,0.06810241592447291,4.347086112022943,3.2892340800589275,0.7465151341326377,10.209555885988003,-1.861889314923145,1
522,4,9726.268817204302,44.500340343075635,2.6821965949799007,0.06030778315274244,3.7843809424895927,2.496789556404769,0.6596958901693065,47475.021505376346,66.43774693962575,4.316939722234491,0.06593057338506372,5.101285844534787,3.5964422903833846,0.6996292501873316,2529_11876,0.0,0.0,0.0,50,2,50,1,50,1,50,51,1,49,51,417,FL-417 N,N,Freeway,0.155378793407,0.00240078685003,2529,11876,N,2,65863,6,417,71707,65863,70,0,70.0,0.00240078685003,1,28600.645161290326,55.469043641350694,3.499568158607196,0.06311917826890308,4.44283339351219,3.046615923394077,0.679662570178319,10.261184554640588,-1.861889314923145,1
523,5,7581.582417582417,44.92204596212635,2.775130468037738,0.06178741624226965,2.7195361570948573,1.6800949244546541,0.6189321549609794,34029.03296703297,69.54814638480532,2.6613484738707336,0.03865549753048282,2.941254549067265,1.7995475258528335,0.6083440176414964,2529_11876,0.5,0.0,0.5,50,2,50,1,50,1,50,51,1,49,51,417,FL-417 N,N,Freeway,0.155378793407,0.00240078685003,2529,11876,N,2,65863,6,417,71707,65863,70,0,70.0,0.00240078685003,1,20805.30769230769,57.235096173465834,2.718239470954236,0.050221456886376234,2.830395353081061,1.7398212251537437,0.6136380863012378,9.942963410651958,-1.861889314923145,1
524,6,6137.488372093022,45.0208536490464,3.0443968548807896,0.06769066270223295,2.1312774050682357,1.5735241407722862,0.7122424693711316,28207.674418604653,70.33170375632871,2.665127496946446,0.03808482641913796,2.27384369984126,1.5470462026504386,0.6773119166400652,2529_11876,1.0,0.5,0.5,50,2,50,1,50,1,50,51,1,49,51,417,FL-417 N,N,Freeway,0.155378793407,0.00240078685003,2529,11876,N,2,65863,6,417,71707,65863,70,0,70.0,0.00240078685003,1,17172.581395348836,57.676278702687554,2.854762175913618,0.05288774456068546,2.202560552454748,1.5602851717113624,0.6947771930055984,9.751069285942801,-1.861889314923145,1
525,0,48773.04255319149,67.85853276964761,5.3766690675757065,0.08019374907855459,3.666088575607897,3.472407254044122,0.9082707613755208,47711.904255319154,67.86559495176115,6.842967764596738,0.10213296798326582,5.731663902690016,4.814101662480854,0.8286331382974043,2531_6046,2.0,1.5,0.5,57,2,57,1,57,1,57,58,1,56,58,417,FL-417 N,N,Freeway,0.608960742813,0.00907390128016,2531,6046,N,2,65863,6,417,91500,65863,70,67,70.0,0.00907390128016,1,48242.47340425532,67.86206386070438,6.109818416086222,0.0911633585309102,4.698876239148957,4.143254458262488,0.8684519498364625,10.783995102977523,-0.4960014750691977,1
526,1,49530.28125,67.25332275071638,6.556423836776997,0.09844477583352518,3.879734993817017,3.9910592534252776,0.9902768956953156,48710.10416666666,67.12016592763908,8.08811099233072,0.12171694651101705,5.982487991611287,5.298687162026114,0.8770206871408339,2531_6046,0.0,0.0,0.0,57,2,57,1,57,1,57,58,1,56,58,417,FL-417 N,N,Freeway,0.608960742813,0.00907390128016,2531,6046,N,2,65863,6,417,91500,65863,70,67,70.0,0.00907390128016,1,49120.19270833333,67.18674433917772,7.322267414553858,0.11008086117227112,4.931111492714152,4.644873207725696,0.9336487914180748,10.802025486028583,-0.4960014750691977,1
527,2,50485.88421052632,66.87734689049546,7.3019778050238715,0.11004416242951363,4.107166879190716,4.3363354287398845,1.0251832410502988,49329.43157894737,66.85969897057845,8.461755346275616,0.12775762142810485,6.197518732028914,5.465006026071318,0.8739824419594938,2531_6046,1.5,1.0,0.5,57,2,57,1,57,1,57,58,1,56,58,417,FL-417 N,N,Freeway,0.608960742813,0.00907390128016,2531,6046,N,2,65863,6,417,91500,65863,70,67,70.0,0.00907390128016,1,49907.65789473684,66.86852293053695,7.8818665756497435,0.11890089192880923,5.152342805609814,4.900670727405601,0.9495828415048964,10.817929734789475,-0.4960014750691977,1
528,3,51221.855555555565,66.68284536216918,7.829802468335313,0.11878459659943195,4.3295523501279245,4.608821034859573,1.0272909387782962,50056.355555555565,66.59217110118891,9.349931692783763,0.14177715907846,6.567213123129513,5.83802742935079,0.8829285305439075,2531_6046,0.5,0.5,0.0,57,2,57,1,57,1,57,58,1,56,58,417,FL-417 N,N,Freeway,0.608960742813,0.00907390128016,2531,6046,N,2,65863,6,417,91500,65863,70,67,70.0,0.00907390128016,1,50639.105555555565,66.63750823167905,8.589867080559538,0.13028087783894599,5.448382736628719,5.223424232105181,0.9551097346611019,10.832479393857083,-0.4960014750691977,1
529,4,53902.968085106375,67.53544870003789,5.907501205785199,0.08847258903998957,4.042410865630371,3.6902023705695575,0.8799701913858271,52498.574468085106,67.50918011111672,7.467553082800015,0.11177544508329018,6.259390020995027,5.0393819044953805,0.7984344078868153,2531_6046,2.0,1.0,1.0,57,2,57,1,57,1,57,58,1,56,58,417,FL-417 N,N,Freeway,0.608960742813,0.00907390128016,2531,6046,N,2,65863,6,417,91500,65863,70,67,70.0,0.00907390128016,1,53200.77127659574,67.5223144055773,6.687527144292607,0.10012401706163987,5.150900443312699,4.3647921375324685,0.8392022996363212,10.881828172905017,-0.4960014750691977,1
530,5,39535.29347826087,69.908776600807,1.7262554321381254,0.02475441196762596,2.319552006055817,1.2479737610257875,0.5377673269452959,38448.391304347824,70.72523085623762,1.8659505754165493,0.02652782954536248,3.852958644612345,2.0179240028118186,0.5267625873434144,2531_6046,0.0,0.0,0.0,57,2,57,1,57,1,57,58,1,56,58,417,FL-417 N,N,Freeway,0.608960742813,0.00907390128016,2531,6046,N,2,65863,6,417,91500,65863,70,67,70.0,0.00907390128016,1,38991.84239130435,70.31700372852231,1.7961030037773373,0.025641120756494218,3.086255325334081,1.6329488819188032,0.5322649571443552,10.571107733779067,-0.4960014750691977,1
531,6,32799.471264367814,70.42657089821857,2.039814073666823,0.029065959958200268,1.8775561498999351,1.1398712823796522,0.6065957870797619,32412.379310344822,70.98828224756163,2.365982763886231,0.033722739834328025,3.1711819739477014,1.8956939537059767,0.5929112763962444,2531_6046,0.0,0.0,0.0,57,2,57,1,57,1,57,58,1,56,58,417,FL-417 N,N,Freeway,0.608960742813,0.00907390128016,2531,6046,N,2,65863,6,417,91500,65863,70,67,70.0,0.00907390128016,1,32605.925287356316,70.7074265728901,2.202898418776527,0.03139434989626415,2.524369061923818,1.5177826180428144,0.5997535317380032,10.392249308119814,-0.4960014750691977,1
532,0,31012.94623655913,73.0929826079673,2.3855164420548127,0.032678777497603166,3.926716112134797,2.881019451286796,0.732676961803076,31351.09574468085,68.52242154525246,2.30459618666534,0.03368035015959167,2.765900603985888,2.048235157957988,0.7390686678366124,5900_8512,0.5,0.0,0.5,28,2,28,1,28,1,28,29,1,27,29,417,FL-417 N,N,Freeway,0.349027857505,0.00533092606564,5900,8512,E,2,65863,4,417,45500,65863,70,0,70.0,0.00533092606564,1,31182.02099061999,70.80770207660987,2.345056314360076,0.03317956382859742,3.3463083580603428,2.4646273046223923,0.7358728148198441,10.347596957400917,-1.052603539033999,0
533,1,30943.70833333333,72.78406988723171,2.943798279179946,0.04061568661578919,4.008993150363689,3.113138158936372,0.7713329380654205,31551.97916666667,68.2690294134472,2.76462752196032,0.04064071767729583,2.8339321286623456,2.2664040357605377,0.7870403803892332,5900_8512,1.0,0.5,0.5,28,2,28,1,28,1,28,29,1,27,29,417,FL-417 N,N,Freeway,0.349027857505,0.00533092606564,5900,8512,E,2,65863,4,417,45500,65863,70,0,70.0,0.00533092606564,1,31247.84375,70.52654965033946,2.8542129005701327,0.04062820214654251,3.421462639513017,2.689771097348455,0.7791866592273269,10.349705652783937,-1.052603539033999,0
534,2,32283.810526315785,72.57823994959327,2.81784835207528,0.03893417099912065,4.169247505531102,3.115795070617375,0.7438850109429432,32401.494736842105,68.13139674686107,2.6265034748296823,0.03865278863262483,2.936583379612052,2.2471685193756303,0.7594231014781704,5900_8512,0.0,0.0,0.0,28,2,28,1,28,1,28,29,1,27,29,417,FL-417 N,N,Freeway,0.349027857505,0.00533092606564,5900,8512,E,2,65863,4,417,45500,65863,70,0,70.0,0.00533092606564,1,32342.652631578945,70.35481834822717,2.722175913452481,0.038793479815872736,3.552915442571577,2.6814817949965026,0.7516540562105568,10.384142153007295,-1.052603539033999,0
535,3,32875.166666666664,72.58595743506079,3.0949487479075124,0.042816121043717896,4.29601986381957,3.194274749402444,0.7399538736339111,33162.577777777784,68.09495904985117,2.906149438904728,0.0428832815575946,3.043960895146656,2.3608776459263208,0.7658064014214341,5900_8512,0.0,0.0,0.0,28,2,28,1,28,1,28,29,1,27,29,417,FL-417 N,N,Freeway,0.349027857505,0.00533092606564,5900,8512,E,2,65863,4,417,45500,65863,70,0,70.0,0.00533092606564,1,33018.87222222223,70.34045824245598,3.0005490934061205,0.04284970130065625,3.669990379483113,2.7775761976643825,0.7528801375276726,10.404834562506297,-1.052603539033999,0
536,4,35228.48936170213,72.632298237168,2.9749902402422834,0.041258359467861085,4.588064494893216,3.1987329937984077,0.6926287840880078,35804.765957446805,68.17427529710712,2.611367463785267,0.038612437288409705,3.2365393422086446,2.2739127577544656,0.6937954109104488,5900_8512,0.5,0.5,0.0,28,2,28,1,28,1,28,29,1,27,29,417,FL-417 N,N,Freeway,0.349027857505,0.00533092606564,5900,8512,E,2,65863,4,417,45500,65863,70,0,70.0,0.00533092606564,1,35516.62765957447,70.40328676713756,2.7931788520137752,0.039935398378135395,3.9123019185509307,2.7363228757764366,0.6932120974992283,10.477756250582344,-1.052603539033999,0
537,5,27919.85869565217,73.93799956856094,2.234786322580612,0.030268613259309005,3.2299185787921316,1.9690802524834763,0.6110349197028484,28956.478260869564,69.20324037808179,2.308871761363416,0.03340482898311704,2.2891819517000003,1.4123846808426412,0.6175767421196029,5900_8512,0.0,0.0,0.0,28,2,28,1,28,1,28,29,1,27,29,417,FL-417 N,N,Freeway,0.349027857505,0.00533092606564,5900,8512,E,2,65863,4,417,45500,65863,70,0,70.0,0.00533092606564,1,28438.168478260865,71.57061997332136,2.271829041972014,0.031836721121213024,2.759550265246066,1.6907324666630588,0.6143058309112257,10.255487482344877,-1.052603539033999,0
538,6,24330.011627906977,74.4605203349222,2.480176897517118,0.03345013598731233,2.6602252440014165,1.938526464850981,0.7199523548505289,24425.310344827587,69.73623236862798,2.4333605032126937,0.03492902318582946,1.8454710025539784,1.3234424055884677,0.7177252885148467,5900_8512,0.0,0.0,0.0,28,2,28,1,28,1,28,29,1,27,29,417,FL-417 N,N,Freeway,0.349027857505,0.00533092606564,5900,8512,E,2,65863,4,417,45500,65863,70,0,70.0,0.00533092606564,1,24377.660986367282,72.09837635177509,2.456768700364906,0.034189579586570894,2.2528481232776976,1.6309844352197245,0.7188388216826878,10.10142245857906,-1.052603539033999,0
539,0,46294.84269662921,69.11573308454426,2.7698584895721337,0.04038161475178972,3.952800113187089,3.035916343719589,0.7592340785774541,9080.83695652174,44.52190109123375,2.8718834516147567,0.0645551728608727,3.547628151680804,2.7395095313745923,0.7635799367958217,6035_2529,1.5,1.5,0.0,44,2,44,1,44,1,44,45,1,43,45,417,FL-417 N,N,Freeway,0.401925833537,0.00608920410172,6035,2529,N,2,65863,4,417,97500,65863,70,0,70.0,0.00608920410172,1,27687.839826575473,56.818817087889,2.820870970593445,0.05246839380633121,3.750214132433946,2.8877129375470907,0.7614070076866379,10.228748600358237,-0.9114877010732249,0
540,1,47339.329670329666,68.66962223102516,3.2651718733607162,0.04850864399255138,4.181043176816871,3.2947825853517654,0.7676557559608577,9311.13829787234,44.49098833575953,2.9154080119386645,0.06556179401702354,3.618833020634753,2.7737486740188317,0.7611469817581961,6035_2529,0.0,0.0,0.0,44,2,44,1,44,1,44,45,1,43,45,417,FL-417 N,N,Freeway,0.401925833537,0.00608920410172,6035,2529,N,2,65863,4,417,97500,65863,70,0,70.0,0.00608920410172,1,28325.233984101003,56.58030528339235,3.09028994264969,0.05703521900478746,3.899938098725812,3.0342656296852986,0.7644013688595268,10.251508346554091,-0.9114877010732249,0
541,2,48600.288888888885,68.77956460783635,2.90465036612043,0.04252156907611505,4.218461420880768,3.1519508346093907,0.7432990670465982,9366.0,44.55625925396206,2.8533347035052152,0.06411576591568577,3.669999482789413,2.769017681687957,0.7501308521274451,6035_2529,1.0,1.0,0.0,44,2,44,1,44,1,44,45,1,43,45,417,FL-417 N,N,Freeway,0.401925833537,0.00608920410172,6035,2529,N,2,65863,4,417,97500,65863,70,0,70.0,0.00608920410172,1,28983.144444444442,56.66791193089921,2.8789925348128227,0.053318667495900404,3.9442304518350904,2.960484258148674,0.7467149595870217,10.274469713937629,-0.9114877010732249,0
542,3,49783.48235294117,68.73379190005762,3.277242018541988,0.0480706931082354,4.3328615431441095,3.3645408755682458,0.7609024717956657,9455.375,44.499563075742216,2.7270016983696705,0.06130752296600672,3.6952255928887423,2.709346768236358,0.7296025791010048,6035_2529,0.0,0.0,0.0,44,2,44,1,44,1,44,45,1,43,45,417,FL-417 N,N,Freeway,0.401925833537,0.00608920410172,6035,2529,N,2,65863,4,417,97500,65863,70,0,70.0,0.00608920410172,1,29619.428676470587,56.61667748789992,3.0021218584558294,0.054689108037121056,4.014043568016426,3.0369438219023017,0.7452525254483353,10.296185799197906,-0.9114877010732249,0
543,4,52370.92134831461,69.03095934457286,2.4847699910457064,0.03638282563346254,4.4110476450443485,2.9763757435740827,0.6711562481047053,9726.268817204302,44.500340343075635,2.6821965949799007,0.06030778315274244,3.7843809424895927,2.496789556404769,0.6596958901693065,6035_2529,0.5,0.5,0.0,44,2,44,1,44,1,44,45,1,43,45,417,FL-417 N,N,Freeway,0.401925833537,0.00608920410172,6035,2529,N,2,65863,4,417,97500,65863,70,0,70.0,0.00608920410172,1,31048.595082759457,56.76564984382425,2.5834832930128035,0.04834530439310249,4.097714293766971,2.736582649989426,0.665426069137006,10.34330883940589,-0.9114877010732249,0
544,5,37635.96551724138,70.54429455484879,2.4808659378206523,0.03566428261408471,2.741324543094177,1.696313423148298,0.6095245011453646,7581.582417582417,44.92204596212635,2.775130468037738,0.06178741624226965,2.7195361570948573,1.6800949244546541,0.6189321549609794,6035_2529,1.5,1.0,0.5,44,2,44,1,44,1,44,45,1,43,45,417,FL-417 N,N,Freeway,0.401925833537,0.00608920410172,6035,2529,N,2,65863,4,417,97500,65863,70,0,70.0,0.00608920410172,1,22608.773967411897,57.73317025848757,2.627998202929195,0.048725849428177176,2.730430350094517,1.6882041738014761,0.614228328053172,10.02609333856568,-0.9114877010732249,0
545,6,31331.69512195122,71.14470733401377,2.3831096880255256,0.03358616772129108,2.1106014302040976,1.388599120621333,0.6575756696505689,6137.488372093022,45.0208536490464,3.0443968548807896,0.06769066270223295,2.1312774050682357,1.5735241407722862,0.7122424693711316,6035_2529,1.0,0.0,1.0,44,2,44,1,44,1,44,45,1,43,45,417,FL-417 N,N,Freeway,0.401925833537,0.00608920410172,6035,2529,N,2,65863,4,417,97500,65863,70,0,70.0,0.00608920410172,1,18734.59174702212,58.08278049153009,2.7137532714531574,0.05063841521176202,2.1209394176361664,1.4810616306968096,0.6849090695108502,9.838126920065468,-0.9114877010732249,0
546,0,47711.904255319154,67.86559495176115,6.842967764596738,0.10213296798326582,5.731663902690016,4.814101662480854,0.8286331382974043,47780.47311827957,64.44087079836878,5.714780451191701,0.08976491286631932,4.880192920899028,3.803440306242549,0.7679948037562847,6046_6317,1.0,1.0,0.0,56,2,56,1,56,1,56,57,1,55,57,417,FL-417 N,N,Freeway,0.347968123899,0.00529077781579,6046,6317,N,2,65863,4,417,91500,65863,70,43,70.0,0.00529077781579,1,47746.18868679936,66.15323287506496,6.27887410789422,0.09594894042479257,5.305928411794522,4.3087709843617015,0.7983139710268445,10.773654524645744,-1.0556444013943942,0
547,1,48710.10416666666,67.12016592763908,8.08811099233072,0.12171694651101705,5.982487991611287,5.298687162026114,0.8770206871408339,48922.9052631579,63.9260189989773,6.582584433666742,0.1040689273064374,5.079035357059039,4.105711535120558,0.7980291107297378,6046_6317,0.0,0.0,0.0,56,2,56,1,56,1,56,57,1,55,57,417,FL-417 N,N,Freeway,0.347968123899,0.00529077781579,6046,6317,N,2,65863,4,417,91500,65863,70,43,70.0,0.00529077781579,1,48816.504714912284,65.52309246330819,7.335347712998731,0.11289293690872723,5.530761674335164,4.702199348573336,0.8375248989352859,10.795823746031818,-1.0556444013943942,0
548,2,49329.43157894737,66.85969897057845,8.461755346275616,0.12775762142810485,6.197518732028914,5.465006026071318,0.8739824419594938,49753.83157894737,63.6722546005299,6.7902838171130835,0.10772236447974112,5.259152675575579,4.248409152570972,0.7960043859830341,6046_6317,2.0,2.0,0.0,56,2,56,1,56,1,56,57,1,55,57,417,FL-417 N,N,Freeway,0.347968123899,0.00529077781579,6046,6317,N,2,65863,4,417,91500,65863,70,43,70.0,0.00529077781579,1,49541.631578947374,65.26597678555417,7.62601958169435,0.11773999295392298,5.728335703802246,4.856707589321145,0.834993413971264,10.810568637078076,-1.0556444013943942,0
549,3,50056.355555555565,66.59217110118891,9.349931692783763,0.14177715907846,6.567213123129513,5.83802742935079,0.8829285305439075,50491.43820224719,63.52628830308189,7.329704952727656,0.11667816324043598,5.465084783216309,4.448422858026898,0.8024496879358809,6046_6317,2.0,2.0,0.0,56,2,56,1,56,1,56,57,1,55,57,417,FL-417 N,N,Freeway,0.347968123899,0.00529077781579,6046,6317,N,2,65863,4,417,91500,65863,70,43,70.0,0.00529077781579,1,50273.896878901374,65.0592297021354,8.33981832275571,0.129227661159448,6.016148953172911,5.143225143688844,0.8426891092398943,10.82524127265774,-1.0556444013943942,0
550,4,52498.574468085106,67.50918011111672,7.467553082800015,0.11177544508329018,6.259390020995027,5.0393819044953805,0.7984344078868153,52559.3085106383,64.0947544692958,5.962472202861544,0.09399134395985637,5.295537947092325,3.8483775308141364,0.7206021927976929,6046_6317,0.5,0.0,0.5,56,2,56,1,56,1,56,57,1,55,57,417,FL-417 N,N,Freeway,0.347968123899,0.00529077781579,6046,6317,N,2,65863,4,417,91500,65863,70,43,70.0,0.00529077781579,1,52528.94148936171,65.80196729020625,6.7150126428307795,0.10288339452157327,5.777463984043676,4.443879717654759,0.7595183003422541,10.869119563152209,-1.0556444013943942,0
551,5,38448.391304347824,70.72523085623762,1.8659505754165493,0.02652782954536248,3.852958644612345,2.0179240028118186,0.5267625873434144,38307.36263736264,66.85121141424135,2.3345044361272667,0.0350791015189827,3.340419937795824,1.6695216804053483,0.4954544424672832,6046_6317,0.5,0.5,0.0,56,2,56,1,56,1,56,57,1,55,57,417,FL-417 N,N,Freeway,0.347968123899,0.00529077781579,6046,6317,N,2,65863,4,417,91500,65863,70,43,70.0,0.00529077781579,1,38377.87697085523,68.78822113523948,2.100227505771908,0.03080346553217259,3.5966892912040844,1.8437228416085834,0.5111085149053488,10.55523645200396,-1.0556444013943942,0
552,6,32412.379310344822,70.98828224756163,2.365982763886231,0.033722739834328025,3.1711819739477014,1.8956939537059767,0.5929112763962444,32217.55813953488,67.2179026531211,2.5872807651518435,0.03897523492895568,2.8064024290668685,1.5305727406954839,0.5385392094645371,6046_6317,1.0,1.0,0.0,56,2,56,1,56,1,56,57,1,55,57,417,FL-417 N,N,Freeway,0.347968123899,0.00529077781579,6046,6317,N,2,65863,4,417,91500,65863,70,43,70.0,0.00529077781579,1,32314.968724939852,69.10309245034136,2.476631764519037,0.036348987381641856,2.9887922015072848,1.7131333472007304,0.5657252429303907,10.383285829877863,-1.0556444013943942,0
553,0,54071.17021276597,72.74675997517706,2.7085738023203034,0.0375772101700472,3.7514892127155455,2.734947428969653,0.7170165867450762,54031.531914893625,70.42496955722974,2.796732386132581,0.03984754063650245,3.4748002011155714,2.450468420973828,0.6997704502855295,6173_8544,4.0,3.0,1.0,36,2,36,1,36,1,36,37,1,35,37,417,FL-417 N,N,Freeway,1.1323705209,0.016793898701,6173,8544,N,2,65863,6,417,96500,65863,70,52,70.0,0.016793898701,1,54051.351063829796,71.5858647662034,2.752653094226442,0.038712375403274824,3.6131447069155582,2.592707924971741,0.7083935185153029,10.89768981931054,0.12431324150771561,1
554,1,55139.78125,72.56122255567689,2.7621097284379186,0.03850951266316637,3.84235062439084,2.8163279290625898,0.7191743351511423,55060.86458333334,70.18737875182627,2.8701054854715125,0.04109883960725647,3.562962904748923,2.526074135300422,0.7029724788938161,6173_8544,4.0,3.5,0.5,36,2,36,1,36,1,36,37,1,35,37,417,FL-417 N,N,Freeway,1.1323705209,0.016793898701,6173,8544,N,2,65863,6,417,96500,65863,70,52,70.0,0.016793898701,1,55100.32291666667,71.37430065375159,2.8161076069547155,0.03980417613521142,3.7026567645698814,2.671201032181506,0.7110734070224791,10.916910855680397,0.12431324150771561,1
555,2,56279.147368421065,72.36810069471561,2.999960124968776,0.042068945858225085,3.990213804619225,2.9751970163964243,0.7283260505806141,56150.53684210526,69.9625573877647,3.0629572949266173,0.04406849060541351,3.687611727684208,2.6460127136343026,0.7092359893001909,6173_8544,6.0,5.5,0.5,36,2,36,1,36,1,36,37,1,35,37,417,FL-417 N,N,Freeway,1.1323705209,0.016793898701,6173,8544,N,2,65863,6,417,96500,65863,70,52,70.0,0.016793898701,1,56214.84210526316,71.16532904124016,3.031458709947697,0.0430687182318193,3.8389127661517164,2.8106048650153634,0.7187810199404026,10.936936095414696,0.12431324150771561,1
556,3,57249.055555555555,72.44659816333366,2.9694544743607403,0.041283093677084916,4.024475950802152,2.8693511091069146,0.7056321245998213,56947.97777777777,69.97975647207615,3.139045795678042,0.045081688647188006,3.738026605960734,2.6164061243129497,0.6948829062431012,6173_8544,5.0,3.5,1.5,36,2,36,1,36,1,36,37,1,35,37,417,FL-417 N,N,Freeway,1.1323705209,0.016793898701,6173,8544,N,2,65863,6,417,96500,65863,70,52,70.0,0.016793898701,1,57098.51666666666,71.2131773177049,3.054250135019391,0.04318239116213646,3.881251278381443,2.742878616709932,0.7002575154214612,10.952533417489976,0.12431324150771561,1
557,4,59964.04255319149,72.79409877768535,2.4287205966952965,0.03348716845653221,4.112227485571649,2.6734756057618894,0.6471500266598872,59634.170212765974,70.15832898104068,2.754431185712263,0.03940602822880092,3.8432917422308868,2.4769228024925374,0.6421733416059331,6173_8544,1.0,1.0,0.0,36,2,36,1,36,1,36,37,1,35,37,417,FL-417 N,N,Freeway,1.1323705209,0.016793898701,6173,8544,N,2,65863,6,417,96500,65863,70,52,70.0,0.016793898701,1,59799.10638297873,71.47621387936302,2.59157589120378,0.036446598342666565,3.9777596139012683,2.5751992041272134,0.6446616841329101,10.99874599639862,0.12431324150771561,1
558,5,44398.586956521736,74.23824826915876,2.2191549484471467,0.02997347790419232,2.752285376273073,1.6056679490240133,0.5763544102560031,44312.619565217385,71.88180426434012,2.257366244311076,0.03149444174768418,2.5504200010138938,1.4139539821194345,0.5509295525478657,6173_8544,3.0,2.5,0.5,36,2,36,1,36,1,36,37,1,35,37,417,FL-417 N,N,Freeway,1.1323705209,0.016793898701,6173,8544,N,2,65863,6,417,96500,65863,70,52,70.0,0.016793898701,1,44355.60326086956,73.06002626674945,2.2382605963791113,0.030733959825938253,2.6513526886434833,1.5098109655717238,0.5636419814019344,10.699994321603254,0.12431324150771561,1
559,6,37149.89655172414,74.65705855066385,2.18991789916523,0.02937101035494685,2.2013161589712693,1.3685079780078575,0.6217069766958779,37073.19540229885,72.5181748478974,2.2615081021526358,0.031222292450814117,2.0474899394826607,1.2562345421515393,0.6138595309933754,6173_8544,1.0,0.5,0.5,36,2,36,1,36,1,36,37,1,35,37,417,FL-417 N,N,Freeway,1.1323705209,0.016793898701,6173,8544,N,2,65863,6,417,96500,65863,70,52,70.0,0.016793898701,1,37111.5459770115,73.58761669928063,2.225713000658933,0.030296651402880483,2.1244030492269648,1.3123712600796984,0.6177832538446266,10.521683412497387,0.12431324150771561,1
560,0,47780.47311827957,64.44087079836878,5.714780451191701,0.08976491286631932,4.880192920899028,3.803440306242549,0.7679948037562847,50616.478723404245,62.3068393520032,4.285801569548775,0.06943988237193209,3.7280804850464393,3.2893918627576366,0.8622631457360649,6317_6318,1.0,1.0,0.0,55,2,55,1,55,1,55,56,1,54,56,417,FL-417 N,N,Freeway,0.456139977588,0.006939068769350001,6317,6318,N,2,65863,4,417,91500,65863,70,52,70.0,0.006939068769350001,1,49198.47592084191,63.373855075185986,5.000291010370238,0.07960239761912571,4.304136702972734,3.546416084500093,0.8151289747461747,10.803617924781935,-0.7849555481781721,0
561,1,48922.9052631579,63.9260189989773,6.582584433666742,0.1040689273064374,5.079035357059039,4.105711535120558,0.7980291107297378,51646.91666666666,61.94424291992467,4.985139943658762,0.08100409422083123,3.9333599548684144,3.605553745868885,0.9020225182394718,6317_6318,1.0,0.5,0.5,55,2,55,1,55,1,55,56,1,54,56,417,FL-417 N,N,Freeway,0.456139977588,0.006939068769350001,6317,6318,N,2,65863,4,417,91500,65863,70,52,70.0,0.006939068769350001,1,50284.910964912284,62.93513095945099,5.783862188662752,0.09253651076363431,4.506197655963727,3.855632640494721,0.8500258144846048,10.825460330267731,-0.7849555481781721,0
562,2,49753.83157894737,63.6722546005299,6.7902838171130835,0.10772236447974112,5.259152675575579,4.248409152570972,0.7960043859830341,52460.46315789474,61.75082343228857,5.2213625435607005,0.0854004403087813,4.080181046595147,3.7683079135013418,0.9075020112154796,6317_6318,0.5,0.0,0.5,55,2,55,1,55,1,55,56,1,54,56,417,FL-417 N,N,Freeway,0.456139977588,0.006939068769350001,6317,6318,N,2,65863,4,417,91500,65863,70,52,70.0,0.006939068769350001,1,51107.14736842105,62.71153901640923,6.0058231803368916,0.09656140239426121,4.669666861085362,4.008358533036157,0.8517531985992568,10.841679636634373,-0.7849555481781721,0
563,3,50491.43820224719,63.52628830308189,7.329704952727656,0.11667816324043598,5.465084783216309,4.448422858026898,0.8024496879358809,52947.06666666666,61.552055694193704,5.613568494519756,0.09201461533988872,4.2891007426489205,3.9970986597014666,0.9153687727060328,6317_6318,2.0,1.5,0.5,55,2,55,1,55,1,55,56,1,54,56,417,FL-417 N,N,Freeway,0.456139977588,0.006939068769350001,6317,6318,N,2,65863,4,417,91500,65863,70,52,70.0,0.006939068769350001,1,51719.252434456925,62.5391719986378,6.471636723623706,0.10434638929016235,4.877092762932614,4.222760758864182,0.8589092303209569,10.853585378691172,-0.7849555481781721,0
564,4,52559.3085106383,64.0947544692958,5.962472202861544,0.09399134395985637,5.295537947092325,3.8483775308141364,0.7206021927976929,55595.60638297872,62.046369413126754,4.461379614757154,0.07236235083928241,4.070852699339924,3.3424159208349087,0.8099390235130456,6317_6318,0.5,0.5,0.0,55,2,55,1,55,1,55,56,1,54,56,417,FL-417 N,N,Freeway,0.456139977588,0.006939068769350001,6317,6318,N,2,65863,4,417,91500,65863,70,52,70.0,0.006939068769350001,1,54077.45744680851,63.070561941211274,5.211925908809349,0.08317684739956939,4.6831953232161245,3.5953967258245223,0.7652706081553693,10.89817269494462,-0.7849555481781721,0
565,5,38307.36263736264,66.85121141424135,2.3345044361272667,0.0350791015189827,3.340419937795824,1.6695216804053483,0.4954544424672832,41046.80434782609,63.841966905758845,2.050229174477073,0.032302123153536755,2.3867864045565392,1.2656609210669427,0.5306829996432864,6317_6318,0.0,0.0,0.0,55,2,55,1,55,1,55,56,1,54,56,417,FL-417 N,N,Freeway,0.456139977588,0.006939068769350001,6317,6318,N,2,65863,4,417,91500,65863,70,52,70.0,0.006939068769350001,1,39677.08349259436,65.3465891600001,2.1923668053021697,0.03369061233625972,2.8636031711761816,1.4675913007361454,0.5130687210552848,10.588529058006834,-0.7849555481781721,0
566,6,32217.55813953488,67.2179026531211,2.5872807651518435,0.03897523492895568,2.8064024290668685,1.5305727406954839,0.5385392094645371,34374.988505747126,64.26441918810679,2.373547627407961,0.03724066129557034,1.97731618494679,1.1831987788598304,0.5940531463787224,6317_6318,0.0,0.0,0.0,55,2,55,1,55,1,55,56,1,54,56,417,FL-417 N,N,Freeway,0.456139977588,0.006939068769350001,6317,6318,N,2,65863,4,417,91500,65863,70,52,70.0,0.006939068769350001,1,33296.273322641006,65.74116092061394,2.4804141962799022,0.03810794811226301,2.391859307006829,1.3568857597776571,0.5662961779216298,10.413200757472891,-0.7849555481781721,0
567,0,50616.478723404245,62.3068393520032,4.285801569548775,0.06943988237193209,3.7280804850464393,3.2893918627576366,0.8622631457360649,47221.87096774193,64.7960039584124,4.466619621349673,0.06945319603649239,2.959623519583233,2.604258419409136,0.8565025318031074,6318_8120,3.0,3.0,0.0,54,2,54,1,54,1,54,55,1,53,55,417,FL-417 N,N,Freeway,0.332452042552,0.005027195689810001,6318,8120,N,2,65863,5,417,91500,65863,70,39,70.0,0.005027195689810001,1,48919.174845573085,63.551421655207804,4.376210595449224,0.06944653920421223,3.3438520023148364,2.9468251410833863,0.8593828387695861,10.797924722233935,-1.1012596622151127,1
568,1,51646.91666666666,61.94424291992467,4.985139943658762,0.08100409422083123,3.9333599548684144,3.605553745868885,0.9020225182394718,48407.357894736844,64.46829494491972,5.085356437031775,0.07925934522675769,3.10536215731625,2.890276177541907,0.9132453539604368,6318_8120,2.0,2.0,0.0,54,2,54,1,54,1,54,55,1,53,55,417,FL-417 N,N,Freeway,0.332452042552,0.005027195689810001,6318,8120,N,2,65863,5,417,91500,65863,70,39,70.0,0.005027195689810001,1,50027.13728070175,63.20626893242219,5.035248190345269,0.08013171972379446,3.5193610560923325,3.247914961705396,0.9076339360999544,10.820320882791188,-1.1012596622151127,1
569,2,52460.46315789474,61.75082343228857,5.2213625435607005,0.0854004403087813,4.080181046595147,3.7683079135013418,0.9075020112154796,48787.11578947368,64.26657292999253,5.201724432615301,0.08133372940272622,3.2126215743294098,2.940637908514127,0.9004819521988021,6318_8120,2.0,1.5,0.5,54,2,54,1,54,1,54,55,1,53,55,417,FL-417 N,N,Freeway,0.332452042552,0.005027195689810001,6318,8120,N,2,65863,5,417,91500,65863,70,39,70.0,0.005027195689810001,1,50623.78947368421,63.00869818114055,5.211543488088001,0.08336708485575375,3.646401310462278,3.3544729110077345,0.9039919817071409,10.832176892492024,-1.1012596622151127,1
570,3,52947.06666666666,61.552055694193704,5.613568494519756,0.09201461533988872,4.2891007426489205,3.9970986597014666,0.9153687727060328,49367.14444444444,64.02792083346786,5.689521215337143,0.08957002338902499,3.4189056763107586,3.1667423554275853,0.9183352503085621,6318_8120,0.5,0.0,0.5,54,2,54,1,54,1,54,55,1,53,55,417,FL-417 N,N,Freeway,0.332452042552,0.005027195689810001,6318,8120,N,2,65863,5,417,91500,65863,70,39,70.0,0.005027195689810001,1,51157.10555555555,62.78998826383078,5.651544854928449,0.09079231936445686,3.8540032094798393,3.5819205075645257,0.9168520115072974,10.842656677773974,-1.1012596622151127,1
571,4,55595.60638297872,62.046369413126754,4.461379614757154,0.07236235083928241,4.070852699339924,3.3424159208349087,0.8099390235130456,51529.085106382976,64.53746628970798,4.5531625441048895,0.07091814435092761,3.2571871773461605,2.6633920520649754,0.8030988234188092,6318_8120,2.0,2.0,0.0,54,2,54,1,54,1,54,55,1,53,55,417,FL-417 N,N,Freeway,0.332452042552,0.005027195689810001,6318,8120,N,2,65863,5,417,91500,65863,70,39,70.0,0.005027195689810001,1,53562.345744680846,63.29191785141737,4.507271079431021,0.07164024759510501,3.664019938343042,3.002903986449942,0.8065189234659274,10.88860159542338,-1.1012596622151127,1
572,5,41046.80434782609,63.841966905758845,2.050229174477073,0.032302123153536755,2.3867864045565392,1.2656609210669427,0.5306829996432864,38645.318681318684,66.13959736523245,2.104161139341854,0.031967914416874715,1.995806009755519,0.9763677012613732,0.4900747439332458,6318_8120,0.5,0.5,0.0,54,2,54,1,54,1,54,55,1,53,55,417,FL-417 N,N,Freeway,0.332452042552,0.005027195689810001,6318,8120,N,2,65863,5,417,91500,65863,70,39,70.0,0.005027195689810001,1,39846.061514572386,64.99078213549565,2.0771951569094638,0.032135018785205735,2.191296207156029,1.121014311164158,0.510378871788266,10.592778846575547,-1.1012596622151127,1
573,6,34374.988505747126,64.26441918810679,2.373547627407961,0.03724066129557034,1.97731618494679,1.1831987788598304,0.5940531463787224,32413.29069767442,66.54672437927044,2.345400479634585,0.035356353919280555,1.6813825682232486,0.9151140886103908,0.5463375419997456,6318_8120,0.5,0.5,0.0,54,2,54,1,54,1,54,55,1,53,55,417,FL-417 N,N,Freeway,0.332452042552,0.005027195689810001,6318,8120,N,2,65863,5,417,91500,65863,70,39,70.0,0.005027195689810001,1,33394.139601710776,65.40557178368861,2.3594740535212733,0.03629850760742545,1.8293493765850193,1.0491564337351105,0.570195344189234,10.416135702543082,-1.1012596622151127,1
574,0,38189.6914893617,67.41038092404591,2.905733712969002,0.04321573794060329,4.029854884388181,2.5699079115380448,0.6374823693218539,25540.606382978727,70.49175007431548,3.193212903143015,0.04534302401175644,3.235232343032266,2.04447515919806,0.6297462016747768,6324_6854,1.0,1.0,0.0,17,2,17,1,17,1,17,18,1,16,18,417,FL-417 N,N,Freeway,0.514529769133,0.00844521123645,6324,6854,E,2,65863,4,417,49500,65863,70,0,70.0,0.00844521123645,1,31865.14893617021,68.95106549918069,3.0494733080560086,0.044279380976179866,3.632543613710223,2.3071915353680525,0.6336142854983153,10.369268181711117,-0.6645018650650639,0
575,1,37962.770833333336,67.41794242503582,2.7835132636998945,0.04133186209983875,3.97807743151411,2.5434876754243194,0.6405526627135314,25832.875,70.15853216040082,3.2551922206987367,0.04663447832900792,3.2209592437932506,2.035943246652776,0.6290520300528321,6324_6854,0.0,0.0,0.0,17,2,17,1,17,1,17,18,1,16,18,417,FL-417 N,N,Freeway,0.514529769133,0.00844521123645,6324,6854,E,2,65863,4,417,49500,65863,70,0,70.0,0.00844521123645,1,31897.822916666668,68.78823729271832,3.019352742199316,0.043983170214423335,3.5995183376536803,2.289715461038548,0.6348023463831818,10.370293039317557,-0.6645018650650639,0
576,2,38973.936842105264,67.27724460698745,2.8698482488316697,0.04274182659767733,4.166586947386008,2.657294783666833,0.6372542695903848,26307.54736842105,70.11031161242963,3.1011307716719108,0.04425026918189179,3.2961166722031887,2.0351424682068813,0.6177153031220584,6324_6854,1.0,1.0,0.0,17,2,17,1,17,1,17,18,1,16,18,417,FL-417 N,N,Freeway,0.514529769133,0.00844521123645,6324,6854,E,2,65863,4,417,49500,65863,70,0,70.0,0.00844521123645,1,32640.742105263154,68.69377810970855,2.9854895102517904,0.04349604788978456,3.7313518097945986,2.3462186259368574,0.6274847863562216,10.393316544887695,-0.6645018650650639,0
577,3,39625.66666666666,66.98767823658204,2.8664530375024757,0.04282768483740576,4.303369889227812,2.684456356423126,0.6215714018272341,27263.393258426968,70.0668117226684,3.049682495341312,0.0435656562969482,3.4323939720731818,2.0777051490486027,0.6058088297059215,6324_6854,0.0,0.0,0.0,17,2,17,1,17,1,17,18,1,16,18,417,FL-417 N,N,Freeway,0.514529769133,0.00844521123645,6324,6854,E,2,65863,4,417,49500,65863,70,0,70.0,0.00844521123645,1,33444.52996254681,68.52724497962522,2.9580677664218937,0.04319667056717698,3.867881930650497,2.3810807527358646,0.6136901157665778,10.417643523411197,-0.6645018650650639,0
578,4,43296.41935483871,66.89061687828818,2.8355158419507136,0.04248088566848302,4.581563112515132,2.649510744862572,0.5788638740130051,29988.118279569888,70.32344416335036,3.032160269874893,0.04316592602233581,3.662064658105955,2.0834731474865453,0.5691166946648719,6324_6854,1.0,0.5,0.5,17,2,17,1,17,1,17,18,1,16,18,417,FL-417 N,N,Freeway,0.514529769133,0.00844521123645,6324,6854,E,2,65863,4,417,49500,65863,70,0,70.0,0.00844521123645,1,36642.2688172043,68.60703052081928,2.933838055912803,0.04282340584540942,4.1218138853105435,2.3664919461745586,0.5739902843389385,10.508957738737916,-0.6645018650650639,0
579,5,37598.373626373635,67.53235748873675,2.5174157545459472,0.03736894651498002,3.645320400614833,2.0032297054174952,0.5498172853157984,23903.10989010989,71.19400251619288,3.1262613037700997,0.043930151948008325,2.9769854875215267,1.6475163482947135,0.5535962586448974,6324_6854,0.0,0.0,0.0,17,2,17,1,17,1,17,18,1,16,18,417,FL-417 N,N,Freeway,0.514529769133,0.00844521123645,6324,6854,E,2,65863,4,417,49500,65863,70,0,70.0,0.00844521123645,1,30750.741758241762,69.36318000246482,2.8218385291580237,0.04064954923149417,3.31115294406818,1.8253730268561044,0.5517067719803479,10.333669395162973,-0.6645018650650639,0
580,6,32663.116279069767,68.18739361753578,2.5049741602716056,0.03691257291178303,3.09785912405774,1.9279193446777048,0.6236036098327326,18911.953488372088,71.67828830905586,3.480403342712236,0.048594046315092634,2.515652823036102,1.6214164570314893,0.6438876148959028,6324_6854,0.5,0.5,0.0,17,2,17,1,17,1,17,18,1,16,18,417,FL-417 N,N,Freeway,0.514529769133,0.00844521123645,6324,6854,E,2,65863,4,417,49500,65863,70,0,70.0,0.00844521123645,1,25787.534883720928,69.93284096329582,2.9926887514919205,0.04275330961343783,2.806755973546921,1.7746679008545971,0.6337456123643177,10.157646510116194,-0.6645018650650639,0
581,0,37666.98936170213,71.67386178671156,3.9207582947664528,0.05517302358916641,5.63615574225883,4.450855995838876,0.7853682153181042,38309.406976744176,70.65759044070765,3.0740852473765465,0.043767671921608436,3.4265511680491563,2.6812129375960456,0.7808235895441336,6642_7993,1.0,0.5,0.5,35,2,35,1,35,1,35,36,1,34,36,417,FL-417 N,N,Freeway,0.464525947666,0.006760513474420001,6642,7993,N,2,65863,4,417,82000,65863,70,44,70.0,0.006760513474420001,1,37988.19816922315,71.16572611370961,3.4974217710714997,0.049470347755387424,4.531353455153993,3.566034466717461,0.7830959024311188,10.54503081597615,-0.7667378607900538,0
582,1,38719.32291666666,71.1956965985695,4.6572697848627636,0.06610666987712822,5.853709646223979,4.7817275160943185,0.8092287796671284,39180.60227272727,70.19479147343898,3.6906594012461698,0.053031815590626134,3.5849350215077744,2.9538919986561862,0.814408193337782,6642_7993,2.0,1.0,1.0,35,2,35,1,35,1,35,36,1,34,36,417,FL-417 N,N,Freeway,0.464525947666,0.006760513474420001,6642,7993,N,2,65863,4,417,82000,65863,70,44,70.0,0.006760513474420001,1,38949.96259469696,70.69524403600424,4.173964593054467,0.059569242733877176,4.719322333865876,3.8678097573752526,0.8118184865024551,10.570033090956892,-0.7667378607900538,0
583,2,39963.936842105264,71.01228109808068,4.4423946990358605,0.06326020176280936,6.0810156658600185,4.7794588317509215,0.7816038636443328,39652.03370786517,70.04212946205155,3.6233565770253717,0.05207049099123336,3.7122316866715033,2.9290551843425883,0.7857342007209684,6642_7993,0.5,0.5,0.0,35,2,35,1,35,1,35,36,1,34,36,417,FL-417 N,N,Freeway,0.464525947666,0.006760513474420001,6642,7993,N,2,65863,4,417,82000,65863,70,44,70.0,0.006760513474420001,1,39807.985274985214,70.52720528006611,4.032875638030616,0.057665346377021365,4.896623676265761,3.854257008046755,0.7836690321826506,10.59182280619789,-0.7667378607900538,0
584,3,39891.98888888889,70.92529079225199,4.751024576088604,0.0675982957952206,6.1561722436796025,4.837439117627684,0.7812193842155967,40825.15476190476,70.05090929609472,3.511652036066085,0.0504111436367377,3.7398876950533033,2.8958530521574923,0.7696773416690434,6642_7993,0.5,0.5,0.0,35,2,35,1,35,1,35,36,1,34,36,417,FL-417 N,N,Freeway,0.464525947666,0.006760513474420001,6642,7993,N,2,65863,4,417,82000,65863,70,44,70.0,0.006760513474420001,1,40358.57182539682,70.48810004417335,4.131338306077344,0.05900471971597915,4.948029969366453,3.8666460848925883,0.7754483629423201,10.605559087949398,-0.7667378607900538,0
585,4,43148.62765957447,71.01808671164349,4.30853291382843,0.06126137324168453,6.4822563368089074,4.6210711780111415,0.7109903277996178,42828.45977011494,69.92650474384158,3.5539207971025903,0.051542725316482206,3.970545320534003,2.9034421604693748,0.7228774387390675,6642_7993,0.5,0.5,0.0,35,2,35,1,35,1,35,36,1,34,36,417,FL-417 N,N,Freeway,0.464525947666,0.006760513474420001,6642,7993,N,2,65863,4,417,82000,65863,70,44,70.0,0.006760513474420001,1,42988.54371484471,70.47229572774253,3.9312268554655105,0.05640204927908336,5.226400828671455,3.762256669240258,0.7169338832693426,10.668688933942022,-0.7667378607900538,0
586,5,33814.489130434784,73.27251465301507,2.4468639812191784,0.03351821955843968,4.38701764497469,2.7692423548290708,0.6310239854077139,33954.119047619046,71.93011041745301,2.2906671775815965,0.03199192546699372,2.688401948304007,1.7518703567453195,0.6525191862050087,6642_7993,0.5,0.5,0.0,35,2,35,1,35,1,35,36,1,34,36,417,FL-417 N,N,Freeway,0.464525947666,0.006760513474420001,6642,7993,N,2,65863,4,417,82000,65863,70,44,70.0,0.006760513474420001,1,33884.30408902692,72.60131253523403,2.3687655794003875,0.0327550725127167,3.5377097966393487,2.260556355787195,0.6417715858063613,10.430707179924669,-0.7667378607900538,0
587,6,27801.804597701157,73.90045570541088,2.7117220507617446,0.036863936755668736,3.4732207195388507,2.4612663118381244,0.7060366858670735,27954.487179487183,72.52769575608741,2.474432238313128,0.034218650866507695,2.1012929515590817,1.5566751958522775,0.7409124582835632,6642_7993,0.5,0.5,0.0,35,2,35,1,35,1,35,36,1,34,36,417,FL-417 N,N,Freeway,0.464525947666,0.006760513474420001,6642,7993,N,2,65863,4,417,82000,65863,70,44,70.0,0.006760513474420001,1,27878.14588859417,73.21407573074914,2.5930771445374363,0.03554129381108821,2.787256835548966,2.008970753845201,0.7234745720753184,10.235598359384474,-0.7667378607900538,0
588,0,50814.574468085106,73.84841964287327,2.629565030601642,0.03573342841823445,5.167264035751544,3.7949584877689015,0.7303699189422379,46294.84269662921,69.11573308454426,2.7698584895721337,0.04038161475178972,3.952800113187089,3.035916343719589,0.7592340785774541,6689_11878,0.5,0.0,0.5,49,2,49,1,49,1,49,50,1,48,50,417,FL-417 N,N,Freeway,0.70811926113,0.0102989237466,6689,11878,N,2,65863,4,417,97500,65863,70,0,70.0,0.0102989237466,1,48554.708582357154,71.48207636370876,2.699711760086888,0.038057521585012084,4.560032074469317,3.415437415744245,0.744801998759846,10.790446453205421,-0.34514275155044694,0
589,1,51848.10416666666,73.34962111559054,2.9959270555375483,0.04150421852354697,5.3840402930526166,4.087033087622323,0.7461549808257791,47339.329670329666,68.66962223102516,3.2651718733607162,0.04850864399255138,4.181043176816871,3.2947825853517654,0.7676557559608577,6689_11878,2.0,2.0,0.0,49,2,49,1,49,1,49,50,1,48,50,417,FL-417 N,N,Freeway,0.70811926113,0.0102989237466,6689,11878,N,2,65863,4,417,97500,65863,70,0,70.0,0.0102989237466,1,49593.71691849816,71.00962167330785,3.1305494644491323,0.04500643125804918,4.782541734934744,3.6909078364870442,0.7569053683933185,10.81161942965878,-0.34514275155044694,0
590,2,52720.936842105264,73.44555354173752,2.6642585875443814,0.03640421153481332,5.4333348736878255,3.9483908224718753,0.7237800003203831,48600.288888888885,68.77956460783635,2.90465036612043,0.04252156907611505,4.218461420880768,3.1519508346093907,0.7432990670465982,6689_11878,0.5,0.0,0.5,49,2,49,1,49,1,49,50,1,48,50,417,FL-417 N,N,Freeway,0.70811926113,0.0102989237466,6689,11878,N,2,65863,4,417,97500,65863,70,0,70.0,0.0102989237466,1,50660.612865497074,71.11255907478693,2.7844544768324058,0.03946289030546418,4.825898147284297,3.550170828540633,0.7335395336834907,10.83290402110383,-0.34514275155044694,0
591,3,53516.57777777778,73.43401545121837,3.019230084534003,0.041371769544844235,5.590127589571256,4.097992180517015,0.7259746993829781,49783.48235294117,68.73379190005762,3.277242018541988,0.0480706931082354,4.3328615431441095,3.3645408755682458,0.7609024717956657,6689_11878,1.0,1.0,0.0,49,2,49,1,49,1,49,50,1,48,50,417,FL-417 N,N,Freeway,0.70811926113,0.0102989237466,6689,11878,N,2,65863,4,417,97500,65863,70,0,70.0,0.0102989237466,1,51650.030065359475,71.083903675638,3.148236051537996,0.044721231326539816,4.961494566357683,3.7312665280426307,0.743438585589322,10.852246056645573,-0.34514275155044694,0
592,4,56198.712765957454,73.76441132743024,2.507579829736072,0.03426433687158738,5.749675830879233,3.8679391033541033,0.6711496206470944,52370.92134831461,69.03095934457286,2.4847699910457064,0.03638282563346254,4.4110476450443485,2.9763757435740827,0.6711562481047053,6689_11878,1.5,1.0,0.5,49,2,49,1,49,1,49,50,1,48,50,417,FL-417 N,N,Freeway,0.70811926113,0.0102989237466,6689,11878,N,2,65863,4,417,97500,65863,70,0,70.0,0.0102989237466,1,54284.81705713603,71.39768533600156,2.4961749103908892,0.03532358125252496,5.080361737961791,3.422157423464093,0.6711529343758998,10.901999854615806,-0.34514275155044694,0
593,5,41090.19565217391,75.57335875136359,2.3378598724754487,0.0311687591698194,3.6416270107937794,2.1598219535016425,0.5883630210259354,37635.96551724138,70.54429455484879,2.4808659378206523,0.03566428261408471,2.741324543094177,1.696313423148298,0.6095245011453646,6689_11878,0.5,0.0,0.5,49,2,49,1,49,1,49,50,1,48,50,417,FL-417 N,N,Freeway,0.70811926113,0.0102989237466,6689,11878,N,2,65863,4,417,97500,65863,70,0,70.0,0.0102989237466,1,39363.08058470764,73.0588266531062,2.4093629051480505,0.03341652089195206,3.191475776943978,1.9280676883249703,0.5989437610856501,10.580583614991394,-0.34514275155044694,0
594,6,33805.8275862069,76.03896237736106,2.498246936992974,0.03292911591040647,2.828418197909609,1.8669730624709528,0.6554259081143501,31331.69512195122,71.14470733401377,2.3831096880255256,0.03358616772129108,2.1106014302040976,1.388599120621333,0.6575756696505689,6689_11878,2.5,0.5,2.0,49,2,49,1,49,1,49,50,1,48,50,417,FL-417 N,N,Freeway,0.70811926113,0.0102989237466,6689,11878,N,2,65863,4,417,97500,65863,70,0,70.0,0.0102989237466,1,32568.76135407906,73.59183485568741,2.4406783125092497,0.033257641815848775,2.4695098140568534,1.627786091546143,0.6565007888824594,10.39110886727628,-0.34514275155044694,0
595,0,52081.01075268816,75.15784941275876,2.3088920004201534,0.030792483229928495,4.026699230333159,2.9883685141293976,0.7404624565619974,31012.94623655913,73.0929826079673,2.3855164420548127,0.032678777497603166,3.926716112134797,2.881019451286796,0.732676961803076,6701_5900,0.0,0.0,0.0,25,2,25,1,25,1,25,26,1,24,26,417,FL-417 N,N,Freeway,0.619111197154,0.00942224609489,6701,5900,E,2,65863,4,417,45500,65863,70,0,70.0,0.00942224609489,1,41546.97849462365,74.12541601036304,2.347204221237483,0.03173563036376583,3.976707671233978,2.934693982708097,0.7365697091825367,10.63458007789507,-0.479470382440565,0
596,1,53109.54736842105,74.79248448266837,3.12226453181548,0.04206689846046459,4.129676856342088,3.3174259651095097,0.7934719552777337,30943.70833333333,72.78406988723171,2.943798279179946,0.04061568661578919,4.008993150363689,3.113138158936372,0.7713329380654205,6701_5900,0.0,0.0,0.0,25,2,25,1,25,1,25,26,1,24,26,417,FL-417 N,N,Freeway,0.619111197154,0.00942224609489,6701,5900,E,2,65863,4,417,45500,65863,70,0,70.0,0.00942224609489,1,42026.627850877194,73.78827718495003,3.033031405497713,0.04134129253812689,4.069335003352888,3.2152820620229408,0.7824024466715771,10.646058692824118,-0.479470382440565,0
597,2,54036.968085106375,74.58993747610603,3.0670551764185414,0.04144094958383653,4.3050020995313005,3.4060880373407123,0.7811898855774689,32283.810526315785,72.57823994959327,2.81784835207528,0.03893417099912065,4.169247505531102,3.115795070617375,0.7438850109429432,6701_5900,0.5,0.0,0.5,25,2,25,1,25,1,25,26,1,24,26,417,FL-417 N,N,Freeway,0.619111197154,0.00942224609489,6701,5900,E,2,65863,4,417,45500,65863,70,0,70.0,0.00942224609489,1,43160.38930571108,73.58408871284965,2.942451764246911,0.04018756029147859,4.237124802531201,3.260941553979044,0.7625374482602061,10.672678439389571,-0.479470382440565,0
598,3,54855.280898876386,74.6349015515905,3.2126066553276864,0.043300454445381616,4.427989903482475,3.417049812634792,0.765264772572306,32875.166666666664,72.58595743506079,3.0949487479075124,0.042816121043717896,4.29601986381957,3.194274749402444,0.7399538736339111,6701_5900,0.0,0.0,0.0,25,2,25,1,25,1,25,26,1,24,26,417,FL-417 N,N,Freeway,0.619111197154,0.00942224609489,6701,5900,E,2,65863,4,417,45500,65863,70,0,70.0,0.00942224609489,1,43865.22378277153,73.61042949332565,3.1537777016175994,0.043058287744549756,4.362004883651022,3.305662281018618,0.7526093231031086,10.688877116174263,-0.479470382440565,0
599,4,61028.645161290326,74.75332199728973,2.9338943255105665,0.039631375613493135,4.729265052370251,3.332252684466997,0.6993826624337904,35228.48936170213,72.632298237168,2.9749902402422834,0.041258359467861085,4.588064494893216,3.1987329937984077,0.6926287840880078,6701_5900,0.5,0.0,0.5,25,2,25,1,25,1,25,26,1,24,26,417,FL-417 N,N,Freeway,0.619111197154,0.00942224609489,6701,5900,E,2,65863,4,417,45500,65863,70,0,70.0,0.00942224609489,1,48128.567261496224,73.69281011722887,2.9544422828764247,0.04044486754067711,4.658664773631734,3.265492839132702,0.6960057232608992,10.781631193757176,-0.479470382440565,0
600,5,50272.37362637364,75.97933549798469,2.053245649687998,0.027060841944172388,3.345892739821552,2.0706198025983302,0.6192542526284517,27919.85869565217,73.93799956856094,2.234786322580612,0.030268613259309005,3.2299185787921316,1.9690802524834763,0.6110349197028484,6701_5900,0.5,0.5,0.0,25,2,25,1,25,1,25,26,1,24,26,417,FL-417 N,N,Freeway,0.619111197154,0.00942224609489,6701,5900,E,2,65863,4,417,45500,65863,70,0,70.0,0.00942224609489,1,39096.116161012906,74.95866753327282,2.1440159861343053,0.028664727601740696,3.287905659306842,2.0198500275409033,0.61514458616565,10.573778410119429,-0.479470382440565,0
601,6,41239.16279069767,76.45600049959349,2.24609372595581,0.02944729119161365,2.712133999944261,1.9713466503912973,0.7250224097894576,24330.011627906977,74.4605203349222,2.480176897517118,0.03345013598731233,2.6602252440014165,1.938526464850981,0.7199523548505289,6701_5900,0.5,0.0,0.5,25,2,25,1,25,1,25,26,1,24,26,417,FL-417 N,N,Freeway,0.619111197154,0.00942224609489,6701,5900,E,2,65863,4,417,45500,65863,70,0,70.0,0.00942224609489,1,32784.58720930232,75.45826041725783,2.363135311736464,0.03144871358946299,2.6861796219728387,1.954936557621139,0.7224873823199933,10.397713781778203,-0.479470382440565,0
602,0,39470.731182795695,62.4805664787445,8.557830465047893,0.1387805872103022,5.163256303064621,6.3650095950135634,1.1715487101742237,39892.32978723404,71.5403473169317,7.406683257411853,0.10450399934319923,6.577302023579764,5.697613550566485,0.8548567477569673,6916_6959,2.5,1.0,1.5,3,2,3,1,3,1,3,4,1,2,4,417,FL-417 N,N,Freeway,0.5583604258389999,0.00910996722065,6916,6959,E,2,45451,4,417,69500,45451,70,0,70.0,0.00910996722065,1,39681.53048501487,67.0104568978381,7.982256861229873,0.12164229327675072,5.870279163322193,6.031311572790024,1.0132027289655956,10.588641131345877,-0.5827506006775797,0
603,1,38073.15789473683,62.75151260935033,8.208299179306287,0.132450698450645,4.9121412307375145,6.244171031473421,1.1975019919475052,38474.32291666666,71.64868286213554,7.194892082260601,0.1013446743158619,6.313545473036839,5.6058275205986225,0.8738031020991702,6916_6959,0.0,0.0,0.0,3,2,3,1,3,1,3,4,1,2,4,417,FL-417 N,N,Freeway,0.5583604258389999,0.00910996722065,6916,6959,E,2,45451,4,417,69500,45451,70,0,70.0,0.00910996722065,1,38273.74040570174,67.20009773574293,7.701595630783444,0.11689768638325346,5.612843351887177,5.924999276036022,1.0356525470233378,10.552519310923671,-0.5827506006775797,0
604,2,39073.38947368421,62.0459008654442,9.803430490224423,0.15972512463315686,5.5058819347730745,7.3304486916747855,1.2853606155372828,39376.126315789465,71.1004573412803,7.9606811814626015,0.11278403309399565,6.694747120690546,5.955823582066804,0.8793421504334821,6916_6959,0.5,0.5,0.0,3,2,3,1,3,1,3,4,1,2,4,417,FL-417 N,N,Freeway,0.5583604258389999,0.00910996722065,6916,6959,E,2,45451,4,417,69500,45451,70,0,70.0,0.00910996722065,1,39224.75789473684,66.57317910336225,8.882055835843513,0.13625457886357625,6.10031452773181,6.643136136870795,1.0823513829853824,10.577063405363877,-0.5827506006775797,0
605,3,40240.45555555556,61.52953236889486,10.470498622253373,0.17195778916040594,5.8706968961149855,7.8741043476662815,1.302182074701859,40663.670454545456,70.57874228896054,8.712364550760642,0.124658989521115,7.08188177221921,6.3804596266675855,0.8893467299487795,6916_6959,0.5,0.5,0.0,3,2,3,1,3,1,3,4,1,2,4,417,FL-417 N,N,Freeway,0.5583604258389999,0.00910996722065,6916,6959,E,2,45451,4,417,69500,45451,70,0,70.0,0.00910996722065,1,40452.06300505051,66.05413732892771,9.591431586507007,0.14830838934076046,6.476289334167097,7.127281987166933,1.0957644023253192,10.607872922547065,-0.5827506006775797,0
606,4,43698.77659574468,60.698447718694496,10.83196539520648,0.18137720558911674,6.437019558831737,7.864175085946817,1.1817206096009751,44135.585106382976,69.72334580385218,9.604107217777113,0.1399153355638225,7.9852930843130006,6.747164106164846,0.8377332650432703,6916_6959,0.0,0.0,0.0,3,2,3,1,3,1,3,4,1,2,4,417,FL-417 N,N,Freeway,0.5583604258389999,0.00910996722065,6916,6959,E,2,45451,4,417,69500,45451,70,0,70.0,0.00910996722065,1,43917.18085106383,65.21089676127335,10.218036306491797,0.16064627057646963,7.211156321572369,7.305669596055832,1.0097269373221227,10.690060885850576,-0.5827506006775797,0
607,5,41672.87912087912,63.86809390834024,3.6118464089855,0.05726556492203415,3.960574910095055,2.821151294809988,0.6830469063057238,42092.858695652176,72.88520210112752,3.9393253524800858,0.05483102644486911,5.917686624481367,3.9849672186948815,0.6635226797152913,6916_6959,0.5,0.0,0.5,3,2,3,1,3,1,3,4,1,2,4,417,FL-417 N,N,Freeway,0.5583604258389999,0.00910996722065,6916,6959,E,2,45451,4,417,69500,45451,70,0,70.0,0.00910996722065,1,41882.86890826565,68.37664800473388,3.775585880732793,0.05604829568345163,4.939130767288211,3.4030592567524347,0.6732847930105076,10.64263216570094,-0.5827506006775797,0
608,6,39675.36046511628,63.77813176141325,4.870614660515831,0.07770032716374213,3.939769954927288,3.592892670671518,0.8658440832298865,40091.02298850575,72.8122899383953,5.453116739812267,0.07617642720693726,5.702701622734045,4.6621952379569445,0.8002952648946141,6916_6959,0.0,0.0,0.0,3,2,3,1,3,1,3,4,1,2,4,417,FL-417 N,N,Freeway,0.5583604258389999,0.00910996722065,6916,6959,E,2,45451,4,417,69500,45451,70,0,70.0,0.00910996722065,1,39883.19172681101,68.29521084990427,5.161865700164049,0.07693837718533969,4.821235788830666,4.127543954314231,0.8330696740622503,10.59371025414337,-0.5827506006775797,0
609,0,55000.04255319149,72.57473470857747,2.125685969985474,0.02934972073052435,3.6593116856707737,2.6732952749928733,0.7278543581865143,53856.14893617021,72.37341711111289,2.0671492246461933,0.028604203703920576,3.4446020300206315,2.4938294180804164,0.7218063704640574,6965_8557,1.5,1.5,0.0,41,2,41,1,41,1,41,42,1,40,42,417,FL-417 N,N,Freeway,1.0266303223200002,0.0150744143424,6965,8557,N,2,65863,6,417,96500,65863,70,52,70.0,0.0150744143424,1,54428.095744680846,72.47407590984517,2.096417597315834,0.028976962217222464,3.5519568578457026,2.583562346536645,0.7248303643252858,10.904635765416295,0.0262819073531045,1
610,1,56221.0,72.32097977562104,2.408383366526293,0.0335116255988634,3.8040517148101163,2.889736930503064,0.7506449142955453,54603.28125,72.05287772705788,2.5011660974711263,0.035047728976674616,3.571153422363791,2.7709793096705373,0.7618236318384165,6965_8557,4.5,4.0,0.5,41,2,41,1,41,1,41,42,1,40,42,417,FL-417 N,N,Freeway,1.0266303223200002,0.0150744143424,6965,8557,N,2,65863,6,417,96500,65863,70,52,70.0,0.0150744143424,1,55412.140625,72.18692875133945,2.4547747319987097,0.03427967728776901,3.6876025685869536,2.8303581200868004,0.7562342730669809,10.922553993582245,0.0262819073531045,1
611,2,57258.10526315789,72.29973893560927,2.1856800634878732,0.030309259391999382,3.883663761814648,2.8460471621753536,0.7287329064457315,56436.884210526325,72.00663707029975,2.3032849113147327,0.0321175927222634,3.7177034538886535,2.72665326399092,0.7232950399656001,6965_8557,2.5,2.0,0.5,41,2,41,1,41,1,41,42,1,40,42,417,FL-417 N,N,Freeway,1.0266303223200002,0.0150744143424,6965,8557,N,2,65863,6,417,96500,65863,70,52,70.0,0.0150744143424,1,56847.49473684211,72.15318800295451,2.244482487401303,0.031213426057131392,3.800683607851651,2.7863502130831366,0.7260139732056659,10.948127430254136,0.0262819073531045,1
612,3,58272.355555555565,72.31496579288364,2.1377916401733783,0.029615213303489988,3.9405580246524647,2.802589627482773,0.7083303391312115,57986.111111111124,72.07212860420778,2.316097170773081,0.0322057024972913,3.7917498197725696,2.9304650855549266,0.7272403789829983,6965_8557,1.5,1.5,0.0,41,2,41,1,41,1,41,42,1,40,42,417,FL-417 N,N,Freeway,1.0266303223200002,0.0150744143424,6965,8557,N,2,65863,6,417,96500,65863,70,52,70.0,0.0150744143424,1,58129.233333333344,72.1935471985457,2.2269444054732297,0.030910457900390646,3.866153922212517,2.8665273565188496,0.7177853590571048,10.970423971778787,0.0262819073531045,1
613,4,60910.659574468074,72.49287019181497,2.0607076087901297,0.028486261031661762,4.0733245822908435,2.7526693424891446,0.6740352614647538,61668.11827956989,72.25410703690812,2.1855258922510097,0.030368910499096582,3.8140400099078167,2.541066006713644,0.6658022883681335,6965_8557,1.0,0.5,0.5,41,2,41,1,41,1,41,42,1,40,42,417,FL-417 N,N,Freeway,1.0266303223200002,0.0150744143424,6965,8557,N,2,65863,6,417,96500,65863,70,52,70.0,0.0150744143424,1,61289.38892701898,72.37348861436155,2.1231167505205697,0.029427585765379172,3.94368229609933,2.6468676746013946,0.6699187749164437,11.02336200623949,0.0262819073531045,1
614,5,44746.79347826087,73.64281222204532,2.0148798514593422,0.027394152928909583,2.6159970329059683,1.5433488577144494,0.590873075205377,44442.20879120879,73.76532015150471,2.236617222058582,0.030339896317772223,2.4688910543748035,1.4318459545529199,0.5814706566195391,6965_8557,1.5,0.5,1.0,41,2,41,1,41,1,41,42,1,40,42,417,FL-417 N,N,Freeway,1.0266303223200002,0.0150744143424,6965,8557,N,2,65863,6,417,96500,65863,70,52,70.0,0.0150744143424,1,44594.50113473483,73.70406618677501,2.1257485367589624,0.028867024623340905,2.542444043640386,1.4875974061336845,0.5861718659124581,10.705365837463791,0.0262819073531045,1
615,6,37391.28735632184,74.00605118547631,2.2546120808129992,0.030517449732271662,2.0770673381000413,1.430529637737142,0.6831851465385056,36789.86046511628,74.13420479534696,2.5562748964066078,0.03454487878494969,1.942768193883148,1.2841485019703835,0.6635601534253046,6965_8557,2.5,2.0,0.5,41,2,41,1,41,1,41,42,1,40,42,417,FL-417 N,N,Freeway,1.0266303223200002,0.0150744143424,6965,8557,N,2,65863,6,417,96500,65863,70,52,70.0,0.0150744143424,1,37090.57391071906,74.07012799041163,2.4054434886098033,0.032531164258610676,2.0099177659915948,1.3573390698537628,0.673372649981905,10.521118143826287,0.0262819073531045,1
616,0,39622.085106382976,61.25994111174811,6.4991155887094685,0.10724080677716297,4.043313410828516,3.643209586431952,0.8681939548283779,39470.731182795695,62.4805664787445,8.557830465047893,0.1387805872103022,5.163256303064621,6.3650095950135634,1.1715487101742237,7010_6916,0.0,0.0,0.0,2,2,2,1,2,1,2,3,1,1,3,417,FL-417 N,N,Freeway,0.340712405056,0.00555858269248,7010,6916,E,2,45451,4,417,69500,45451,70,0,70.0,0.00555858269248,1,39546.40814458934,61.870253795246306,7.528473026878681,0.12301069699373259,4.603284856946568,5.0041095907227575,1.019871332501301,10.585230150982822,-1.0767165444820246,0
617,1,38020.69791666666,61.69460274510581,6.0557141553983245,0.09895453744006637,3.8577856149866254,3.4367050425995886,0.8636131984957861,38073.15789473683,62.75151260935033,8.208299179306287,0.132450698450645,4.9121412307375145,6.244171031473421,1.1975019919475052,7010_6916,1.5,1.5,0.0,2,2,2,1,2,1,2,3,1,1,3,417,FL-417 N,N,Freeway,0.340712405056,0.00555858269248,7010,6916,E,2,45451,4,417,69500,45451,70,0,70.0,0.00555858269248,1,38046.92790570174,62.22305767722807,7.1320066673523055,0.11570261794535569,4.38496342286207,4.840438037036504,1.0305575952216457,10.546575621678194,-1.0767165444820246,0
618,2,39442.73684210527,61.110251764115475,7.075532000176464,0.11685192491729746,4.244164176807608,4.007124884619346,0.9204396887789732,39073.38947368421,62.0459008654442,9.803430490224423,0.15972512463315686,5.5058819347730745,7.3304486916747855,1.2853606155372828,7010_6916,1.5,1.0,0.5,2,2,2,1,2,1,2,3,1,1,3,417,FL-417 N,N,Freeway,0.340712405056,0.00555858269248,7010,6916,E,2,45451,4,417,69500,45451,70,0,70.0,0.00555858269248,1,39258.063157894736,61.578076314779835,8.439481245200444,0.13828852477522716,4.875023055790342,5.668786788147066,1.1029001521581279,10.577912132886931,-1.0767165444820246,0
619,3,40497.444444444445,60.64658460393308,7.532715243540503,0.1252012237809668,4.411915956356413,4.223186351420678,0.9346741791678485,40240.45555555556,61.52953236889486,10.470498622253373,0.17195778916040594,5.8706968961149855,7.8741043476662815,1.302182074701859,7010_6916,1.0,1.0,0.0,2,2,2,1,2,1,2,3,1,1,3,417,FL-417 N,N,Freeway,0.340712405056,0.00555858269248,7010,6916,E,2,45451,4,417,69500,45451,70,0,70.0,0.00555858269248,1,40368.950000000004,61.08805848641397,9.001606932896937,0.14857950647068635,5.141306426235699,6.04864534954348,1.1184281269348537,10.605816204095806,-1.0767165444820246,0
620,4,44748.32978723403,59.6897410223291,7.987800948028085,0.13547266591367893,4.812978963012887,4.403549955708104,0.8940682062923442,43698.77659574468,60.698447718694496,10.83196539520648,0.18137720558911674,6.437019558831737,7.864175085946817,1.1817206096009751,7010_6916,2.0,2.0,0.0,2,2,2,1,2,1,2,3,1,1,3,417,FL-417 N,N,Freeway,0.340712405056,0.00555858269248,7010,6916,E,2,45451,4,417,69500,45451,70,0,70.0,0.00555858269248,1,44223.55319148936,60.1940943705118,9.409883171617283,0.15842493575139782,5.624999260922312,6.13386252082746,1.0378944079466597,10.697012803772427,-1.0767165444820246,0
621,5,41283.282608695656,61.33676576922193,3.9850497538760767,0.06548968602565823,3.3443936311909783,2.0488407603158643,0.5980309614934417,41672.87912087912,63.86809390834024,3.6118464089855,0.05726556492203415,3.960574910095055,2.821151294809988,0.6830469063057238,7010_6916,0.0,0.0,0.0,2,2,2,1,2,1,2,3,1,1,3,417,FL-417 N,N,Freeway,0.340712405056,0.00555858269248,7010,6916,E,2,45451,4,417,69500,45451,70,0,70.0,0.00555858269248,1,41478.08086478739,62.602429838781084,3.7984480814307884,0.06137762547384619,3.6524842706430167,2.434996027562926,0.6405389338995828,10.632920394754027,-1.0767165444820246,0
622,6,39319.24137931036,61.59163423419344,4.562577314132026,0.07489262354917013,3.251627925272404,2.4190598972904174,0.7275426212753469,39675.36046511628,63.77813176141325,4.870614660515831,0.07770032716374213,3.939769954927288,3.592892670671518,0.8658440832298865,7010_6916,1.5,1.5,0.0,2,2,2,1,2,1,2,3,1,1,3,417,FL-417 N,N,Freeway,0.340712405056,0.00555858269248,7010,6916,E,2,45451,4,417,69500,45451,70,0,70.0,0.00555858269248,1,39497.300922213326,62.68488299780334,4.716595987323929,0.07629647535645613,3.595698940099846,3.0059762839809676,0.7966933522526167,10.583987617471331,-1.0767165444820246,0
623,0,38309.406976744176,70.65759044070765,3.0740852473765465,0.043767671921608436,3.4265511680491563,2.6812129375960456,0.7808235895441336,28493.925531914894,74.54443847913313,2.9198771148538034,0.039429417309155834,3.6746783632198063,3.0853557905199085,0.8265008976142877,7993_7091,0.0,0.0,0.0,33,2,33,1,33,1,33,34,1,32,34,417,FL-417 N,N,Freeway,1.10901760213,0.016125636869600002,7993,7091,E,2,65863,4,528,73393,65863,70,76,70.0,0.016125636869600002,1,33401.66625432954,72.60101445992039,2.996981181115175,0.041598544615382135,3.5506147656344815,2.8832843640579773,0.8036622435792107,10.416361065574613,0.10347458031621044,0
624,1,39180.60227272727,70.19479147343898,3.6906594012461698,0.053031815590626134,3.5849350215077744,2.9538919986561862,0.814408193337782,29645.074468085102,74.25745679605026,3.1747637493625533,0.0432446290305277,3.847553671931076,3.297608186438763,0.8348433225945017,7993_7091,0.0,0.0,0.0,33,2,33,1,33,1,33,34,1,32,34,417,FL-417 N,N,Freeway,1.10901760213,0.016125636869600002,7993,7091,E,2,65863,4,528,73393,65863,70,76,70.0,0.016125636869600002,1,34412.838370406185,72.22612413474462,3.4327115753043618,0.04813822231057692,3.7162443467194253,3.1257500925474746,0.8246257579661418,10.446184982178583,0.10347458031621044,0
625,2,39652.03370786517,70.04212946205155,3.6233565770253717,0.05207049099123336,3.7122316866715033,2.9290551843425883,0.7857342007209684,30348.56989247312,74.02656070313783,3.3711921209446163,0.046167374088312015,4.011600784756205,3.4286679111492746,0.8328797150929911,7993_7091,5.0,2.5,2.5,33,2,33,1,33,1,33,34,1,32,34,417,FL-417 N,N,Freeway,1.10901760213,0.016125636869600002,7993,7091,E,2,65863,4,528,73393,65863,70,76,70.0,0.016125636869600002,1,35000.301800169145,72.03434508259468,3.497274348984994,0.04911893253977269,3.8619162357138546,3.1788615477459317,0.8093069579069798,10.463111963296349,0.10347458031621044,0
626,3,40825.15476190476,70.05090929609472,3.511652036066085,0.0504111436367377,3.7398876950533033,2.8958530521574923,0.7696773416690434,30734.068965517246,74.15727751966466,3.167431594290268,0.04295848387576918,4.028117690333796,3.2601593903892767,0.8034296826890177,7993_7091,1.0,1.0,0.0,33,2,33,1,33,1,33,34,1,32,34,417,FL-417 N,N,Freeway,1.10901760213,0.016125636869600002,7993,7091,E,2,65863,4,528,73393,65863,70,76,70.0,0.016125636869600002,1,35779.611863711005,72.10409340787969,3.3395418151781766,0.04668481375625344,3.88400269269355,3.0780062212733847,0.7865535121790306,10.485133509147834,0.10347458031621044,0
627,4,42828.45977011494,69.92650474384158,3.5539207971025903,0.051542725316482206,3.970545320534003,2.9034421604693748,0.7228774387390675,31924.22580645161,74.52072633883743,2.641964248538397,0.03555903980328988,4.137271625151449,3.0100848505036457,0.7258494883571047,7993_7091,1.0,0.5,0.5,33,2,33,1,33,1,33,34,1,32,34,417,FL-417 N,N,Freeway,1.10901760213,0.016125636869600002,7993,7091,E,2,65863,4,528,73393,65863,70,76,70.0,0.016125636869600002,1,37376.34278828328,72.22361554133951,3.0979425228204938,0.04355088255988604,4.053908472842726,2.95676350548651,0.7243634635480861,10.52879323749332,0.10347458031621044,0
628,5,33954.119047619046,71.93011041745301,2.2906671775815965,0.03199192546699372,2.688401948304007,1.7518703567453195,0.6525191862050087,24559.544444444444,75.89521260310721,2.170901008460489,0.02864921702434552,2.74109598698368,1.7816332024600583,0.6513971694970826,7993_7091,0.5,0.5,0.0,33,2,33,1,33,1,33,34,1,32,34,417,FL-417 N,N,Freeway,1.10901760213,0.016125636869600002,7993,7091,E,2,65863,4,528,73393,65863,70,76,70.0,0.016125636869600002,1,29256.831746031745,73.91266151028012,2.2307840930210427,0.03032057124566962,2.7147489676438434,1.7667517796026888,0.6519581778510457,10.283868389355083,0.10347458031621044,0
629,6,27954.487179487183,72.52769575608741,2.474432238313128,0.034218650866507695,2.1012929515590817,1.5566751958522775,0.7409124582835632,19859.214285714286,76.33340749153898,2.2978308319314054,0.03014916632532597,2.070998570725449,1.520005868655237,0.7343258766697,7993_7091,1.5,1.5,0.0,33,2,33,1,33,1,33,34,1,32,34,417,FL-417 N,N,Freeway,1.10901760213,0.016125636869600002,7993,7091,E,2,65863,4,528,73393,65863,70,76,70.0,0.016125636869600002,1,23906.850732600735,74.43055162381319,2.3861315351222667,0.032183908595916834,2.0861457611422654,1.5383405322537573,0.7376191674766316,10.081920338377179,0.10347458031621044,0
630,0,41677.43010752688,67.70416086628218,2.5390769825037567,0.03765554664914132,2.665710348581481,1.6794232277729406,0.6260289665096586,38191.02127659576,67.93042445494137,3.3253753436665217,0.04941877595450552,4.121573920946578,2.8644198507950724,0.6855061300989596,7997_8466,1.0,1.0,0.0,11,2,11,1,11,1,11,12,1,10,12,417,FL-417 N,N,Freeway,0.8013759665989999,0.0131463405758,7997,8466,E,2,45451,4,417,49500,45451,70,0,70.0,0.0131463405758,1,39934.22569206132,67.81729266061177,2.932226163085139,0.04353716130182342,3.3936421347640295,2.2719215392840066,0.6557675483043091,10.59498902195759,-0.22142507049980759,0
631,1,41015.515789473684,67.58627588668844,2.700888709369477,0.04016787284124936,2.6612488282290347,1.715120581073954,0.6331986278946472,38169.34375,67.8300914023019,3.1939857347996563,0.04745227621070853,4.074679622368297,2.8052007385585083,0.6787201377970633,7997_8466,2.0,1.0,1.0,11,2,11,1,11,1,11,12,1,10,12,417,FL-417 N,N,Freeway,0.8013759665989999,0.0131463405758,7997,8466,E,2,45451,4,417,49500,45451,70,0,70.0,0.0131463405758,1,39592.429769736846,67.70818364449516,2.9474372220845666,0.043810074525978945,3.3679642252986657,2.260160659816231,0.6559593828458552,10.586393211536862,-0.22142507049980759,0
632,2,42020.505263157895,67.43200402322171,2.656818517750411,0.03961105712890905,2.7589430797938737,1.7382547807518751,0.6216876461778013,39382.073684210525,67.48035603740989,3.7706157763171095,0.05651417741522679,4.303396970609359,3.0571098870934366,0.697829614976989,7997_8466,0.5,0.5,0.0,11,2,11,1,11,1,11,12,1,10,12,417,FL-417 N,N,Freeway,0.8013759665989999,0.0131463405758,7997,8466,E,2,45451,4,417,49500,45451,70,0,70.0,0.0131463405758,1,40701.28947368421,67.4561800303158,3.21371714703376,0.04806261727206792,3.5311700252016163,2.397682333922656,0.6597586305773951,10.614015053328913,-0.22142507049980759,0
633,3,43693.355555555565,67.19261019903642,2.903276648010296,0.04364829593624478,2.8899706645722314,1.8544308034572887,0.6284847861305775,40363.977777777785,67.30306435372087,4.257182644909785,0.06401158948111628,4.489441504335863,3.2553696656452424,0.7095017601443068,7997_8466,0.5,0.0,0.5,11,2,11,1,11,1,11,12,1,10,12,417,FL-417 N,N,Freeway,0.8013759665989999,0.0131463405758,7997,8466,E,2,45451,4,417,49500,45451,70,0,70.0,0.0131463405758,1,42028.66666666667,67.24783727637865,3.5802296464600407,0.05382994270868053,3.6897060844540475,2.5549002345512655,0.6689932731374422,10.646107204123771,-0.22142507049980759,0
634,4,48177.51063829787,67.05006722477567,2.9856545262180285,0.044825034182404966,3.096994167333515,1.871017243939877,0.5934100202629365,42956.244680851065,67.44778997095071,4.06172359133999,0.06089400462433815,4.717857892968889,3.1198686000093048,0.6507752767705736,7997_8466,1.5,1.5,0.0,11,2,11,1,11,1,11,12,1,10,12,417,FL-417 N,N,Freeway,0.8013759665989999,0.0131463405758,7997,8466,E,2,45451,4,417,49500,45451,70,0,70.0,0.0131463405758,1,45566.87765957447,67.2489285978632,3.5236890587790093,0.05285951940337156,3.9074260301512016,2.4954429219745906,0.622092648516755,10.726936364455474,-0.22142507049980759,0
635,5,42460.260869565216,67.941893473415,2.221690388989352,0.0327417779828074,2.504200005413664,1.3109997274893403,0.524831326408604,37561.835164835175,68.6749117133497,2.2596945739051657,0.03295115089225272,3.6539513707902818,2.025225997964777,0.5539705853688323,7997_8466,1.0,1.0,0.0,11,2,11,1,11,1,11,12,1,10,12,417,FL-417 N,N,Freeway,0.8013759665989999,0.0131463405758,7997,8466,E,2,45451,4,417,49500,45451,70,0,70.0,0.0131463405758,1,40011.0480172002,68.30840259338235,2.240692481447259,0.03284646443753006,3.079075688101973,1.6681128627270585,0.5394009558887181,10.596910895389762,-0.22142507049980759,0
636,6,36866.093023255824,68.49008163581827,2.347293339539433,0.034346381944211045,2.1374437503097186,1.2550510576684824,0.587986388208468,32648.63953488372,69.2593550087155,2.2504135038321134,0.03256699278808724,3.098037158925244,1.9135066937091485,0.6175653923546326,7997_8466,0.5,0.0,0.5,11,2,11,1,11,1,11,12,1,10,12,417,FL-417 N,N,Freeway,0.8013759665989999,0.0131463405758,7997,8466,E,2,45451,4,417,49500,45451,70,0,70.0,0.0131463405758,1,34757.36627906977,68.87471832226689,2.2988534216857732,0.03345668736614914,2.617740454617481,1.5842788756888155,0.6027758902815503,10.456146807782318,-0.22142507049980759,0
637,0,44342.5376344086,60.587026344644755,5.4300479390902,0.08970628939512437,4.419683929588246,2.720308888224793,0.6154512068377314,37938.32258064516,63.73310558050775,4.232705983822503,0.06669482180552225,3.7645233115414767,2.4251419002137884,0.6433277506246946,8017_6167,5.0,5.0,0.0,10,2,10,1,10,1,10,11,1,9,11,417,FL-417 N,N,Freeway,1.0480055445899998,0.017008943702,8017,6167,S,2,45451,4,91,95000,45451,70,0,70.0,0.017008943702,1,41140.43010752688,62.160065962576255,4.8313769614563515,0.07820055560032331,4.0921036205648615,2.5727253942192907,0.629389478731213,10.62474661788071,0.04688887652416786,0
638,1,43054.020833333336,60.616772270953284,5.208641147192735,0.08603782998236333,4.266467839177353,2.6258883980806664,0.6169693252154096,37233.378947368416,63.74631044950984,4.450716186968466,0.07007896519000499,3.716465936042431,2.467329607367198,0.6598618945067019,8017_6167,1.5,1.5,0.0,10,2,10,1,10,1,10,11,1,9,11,417,FL-417 N,N,Freeway,1.0480055445899998,0.017008943702,8017,6167,S,2,45451,4,91,95000,45451,70,0,70.0,0.017008943702,1,40143.69989035088,62.18154136023156,4.829678667080601,0.07805839758618416,3.991466887609892,2.5466090027239323,0.6384156098610557,10.600220792750013,0.04688887652416786,0
639,2,44250.515789473684,60.313611723617846,5.344539640846608,0.08876601056294957,4.41334722952317,2.7015248061622423,0.6132051172058487,38330.32978723404,63.39388185405993,4.226684548729781,0.06680432398016148,3.8440933864613283,2.403206296404852,0.6302515824720696,8017_6167,2.0,2.0,0.0,10,2,10,1,10,1,10,11,1,9,11,417,FL-417 N,N,Freeway,1.0480055445899998,0.017008943702,8017,6167,S,2,45451,4,91,95000,45451,70,0,70.0,0.017008943702,1,41290.42278835386,61.85374678883889,4.785612094788195,0.07778516727155552,4.128720307992249,2.5523655512835473,0.6217283498389592,10.628385858313154,0.04688887652416786,0
640,3,45536.10112359551,60.19749412994778,5.558278421685213,0.0925264789495516,4.558561864644607,2.797485679927468,0.6141237600933138,39302.375,63.43719476258706,4.360349910012925,0.0689669858927276,3.968014259292159,2.5001975435890365,0.6291334474190121,8017_6167,3.0,1.5,1.5,10,2,10,1,10,1,10,11,1,9,11,417,FL-417 N,N,Freeway,1.0480055445899998,0.017008943702,8017,6167,S,2,45451,4,91,95000,45451,70,0,70.0,0.017008943702,1,42419.238061797754,61.81734444626742,4.959314165849069,0.0807467324211396,4.263288061968383,2.648841611758252,0.6216286037561629,10.655357266189272,0.04688887652416786,0
641,4,49208.89361702128,59.68716882423782,5.581688062479532,0.09369683574694436,4.910812433486794,2.841893187390585,0.5776593530788429,42647.98924731183,62.956904000551404,4.346176925944944,0.06930320938549765,4.294296600392894,2.6106840774170164,0.6025038018998556,8017_6167,2.5,2.5,0.0,10,2,10,1,10,1,10,11,1,9,11,417,FL-417 N,N,Freeway,1.0480055445899998,0.017008943702,8017,6167,S,2,45451,4,91,95000,45451,70,0,70.0,0.017008943702,1,45928.44143216655,61.32203641239461,4.963932494212238,0.081500022566221,4.602554516939843,2.7262886324038007,0.5900815774893493,10.734839843196653,0.04688887652416786,0
642,5,45244.69230769231,61.17036171560986,4.868036708374866,0.07965794111856378,4.262725247920152,2.377684302098696,0.557502886770366,39091.36263736264,63.69188123345594,3.7285591476437214,0.05859521930491113,3.5032738841629456,2.0352584924964905,0.5808827929618913,8017_6167,0.0,0.0,0.0,10,2,10,1,10,1,10,11,1,9,11,417,FL-417 N,N,Freeway,1.0480055445899998,0.017008943702,8017,6167,S,2,45451,4,91,95000,45451,70,0,70.0,0.017008943702,1,42168.02747252748,62.4311214745329,4.298297928009294,0.06912658021173745,3.8829995660415486,2.2064713972975936,0.5691928398661286,10.64941757003662,0.04688887652416786,0
643,6,42268.906976744176,62.29135219972044,5.0468592606289695,0.08118027057979131,4.033056868758333,2.6095260999980816,0.6452120994019135,33773.41860465116,64.64580378742001,3.7194428038962615,0.057663713391765035,2.948182876708388,1.8836878739247984,0.6380816560898999,8017_6167,1.0,0.5,0.5,10,2,10,1,10,1,10,11,1,9,11,417,FL-417 N,N,Freeway,1.0480055445899998,0.017008943702,8017,6167,S,2,45451,4,91,95000,45451,70,0,70.0,0.017008943702,1,38021.162790697665,63.46857799357022,4.3831510322626155,0.06942199198577817,3.490619872733361,2.24660698696144,0.6416468777459067,10.545898199233289,0.04688887652416786,0
644,0,44234.17021276597,63.69799224890208,4.651421949560432,0.07386251900540576,4.4817181504619805,3.7366021637064826,0.8080931381564637,42265.62365591398,65.77269297791732,4.335529180270714,0.0666576035931696,4.472152982343424,2.9758976731389457,0.6689692692232497,8107_8280,3.5,2.5,1.0,7,2,7,1,7,1,7,8,1,6,8,417,FL-417 N,N,Freeway,0.540099996322,0.008847969303379999,8107,8280,E,2,45451,4,417,48500,45451,70,0,70.0,0.008847969303379999,1,43249.89693433997,64.7353426134097,4.493475564915573,0.07026006129928769,4.476935566402702,3.356249918422714,0.7385312036898567,10.674750129336145,-0.6160009781931417,0
645,1,43043.38541666666,63.609363025914746,5.1196256587592135,0.08133772978489177,4.42412152123836,3.9096040084218937,0.8580232582225218,40818.03157894737,65.72688277316422,5.491306983292979,0.08716013880713322,4.298826262260996,2.8755148651176663,0.6716839302027389,8107_8280,4.0,3.5,0.5,7,2,7,1,7,1,7,8,1,6,8,417,FL-417 N,N,Freeway,0.540099996322,0.008847969303379999,8107,8280,E,2,45451,4,417,48500,45451,70,0,70.0,0.008847969303379999,1,41930.70849780701,64.66812289953948,5.305466321026096,0.08424893429601249,4.361473891749679,3.39255943676978,0.7648535942126303,10.643773737179387,-0.6160009781931417,0
646,2,44351.768421052635,63.237086331533014,5.6589308043078805,0.09032397631086304,4.673216963476607,4.152105219744471,0.8676857632425401,41085.904255319154,65.4792558025105,4.429503828838767,0.06851424401255182,4.527251636173042,3.1249593047672404,0.6896765147639227,8107_8280,2.0,2.0,0.0,7,2,7,1,7,1,7,8,1,6,8,417,FL-417 N,N,Freeway,0.540099996322,0.008847969303379999,8107,8280,E,2,45451,4,417,48500,45451,70,0,70.0,0.008847969303379999,1,42718.836338185894,64.35817106702176,5.044217316573324,0.07941911016170744,4.600234299824825,3.638532262255856,0.7786811390032313,10.662395233988406,-0.6160009781931417,0
647,3,45313.9,62.98899603447028,6.273442991033131,0.10045245967497256,4.890638164002132,4.492181573329809,0.8965500193429975,42711.0,65.373893580947,4.556639540663425,0.07027891549750455,4.638405507933789,3.1101149503756647,0.6723886521274227,8107_8280,3.5,3.0,0.5,7,2,7,1,7,1,7,8,1,6,8,417,FL-417 N,N,Freeway,0.540099996322,0.008847969303379999,8107,8280,E,2,45451,4,417,48500,45451,70,0,70.0,0.008847969303379999,1,44012.45,64.18144480770864,5.415041265848278,0.08536568758623855,4.76452183596796,3.801148261852737,0.7844693357352102,10.692227827421766,-0.6160009781931417,0
648,4,49288.287234042546,63.2646024640825,4.737709561258441,0.07571764908647688,4.992281815472548,3.7353395484659417,0.7323361132577919,46344.85106382979,65.21392706482183,4.3305147144998815,0.06683998400208223,4.9857484402227294,3.0915601402864414,0.6237942696493282,8107_8280,5.5,5.5,0.0,7,2,7,1,7,1,7,8,1,6,8,417,FL-417 N,N,Freeway,0.540099996322,0.008847969303379999,8107,8280,E,2,45451,4,417,48500,45451,70,0,70.0,0.008847969303379999,1,47816.56914893616,64.23926476445217,4.534112137879161,0.07127881654427956,4.9890151278476385,3.4134498443761916,0.67806519145356,10.775127493330528,-0.6160009781931417,0
649,5,45472.358695652176,64.49952829397172,2.1886807804745727,0.0340431390489208,3.8953917904870186,2.3218666913854014,0.5950791493550563,43853.34782608696,66.47602975802565,5.56280871791718,0.09598509730370904,4.107185963542657,2.3372485376643906,0.5706288775913301,8107_8280,2.5,2.5,0.0,7,2,7,1,7,1,7,8,1,6,8,417,FL-417 N,N,Freeway,0.540099996322,0.008847969303379999,8107,8280,E,2,45451,4,417,48500,45451,70,0,70.0,0.008847969303379999,1,44662.85326086957,65.48777902599869,3.8757447491958765,0.06501411817631492,4.001288877014837,2.329557614524896,0.5828540134731932,10.706897411863656,-0.6160009781931417,0
650,6,42869.471264367814,64.806146796067,2.515901429465885,0.03895054103117106,3.5668362634137454,2.4959085025004684,0.6983486321719129,40925.34482758621,67.08850065498542,3.642784646364525,0.05458832853974598,3.8384294586070338,2.566414979637292,0.6680018926777848,8107_8280,3.0,2.0,1.0,7,2,7,1,7,1,7,8,1,6,8,417,FL-417 N,N,Freeway,0.540099996322,0.008847969303379999,8107,8280,E,2,45451,4,417,48500,45451,70,0,70.0,0.008847969303379999,1,41897.40804597701,65.94732372552622,3.079343037915205,0.046769434785458516,3.7026328610103896,2.53116174106888,0.6831752624248488,10.642979243518916,-0.6160009781931417,0
651,0,47221.87096774193,64.7960039584124,4.466619621349673,0.06945319603649239,2.959623519583233,2.604258419409136,0.8565025318031074,30895.72340425532,60.396143863449204,7.0941900933158575,0.11885855376772447,3.7341385533117246,3.9569682716715495,1.0240857734672144,8120_8585,0.5,0.0,0.5,53,2,53,1,53,1,53,54,1,52,54,417,FL-417 N,N,Freeway,0.300087360572,0.00437923500722,8120,8585,N,2,65863,5,417,86381,65863,70,46,70.0,0.00437923500722,1,39058.79718599863,62.5960739109308,5.7804048573327655,0.09415587490210843,3.3468810364474786,3.280613345540343,0.9402941526351609,10.572823409947272,-1.2036816448103154,1
652,1,48407.357894736844,64.46829494491972,5.085356437031775,0.07925934522675769,3.10536215731625,2.890276177541907,0.9132453539604368,31549.27083333333,59.845915624151246,8.102468099113631,0.13652798589534612,3.9903476828174513,4.423150512223963,1.0799883545366462,8120_8585,1.5,0.5,1.0,53,2,53,1,53,1,53,54,1,52,54,417,FL-417 N,N,Freeway,0.300087360572,0.00437923500722,8120,8585,N,2,65863,5,417,86381,65863,70,46,70.0,0.00437923500722,1,39978.31436403509,62.15710528453548,6.593912268072703,0.1078936655610519,3.5478549200668508,3.6567133448829354,0.9966168542485415,10.596092445185437,-1.2036816448103154,1
653,2,48787.11578947368,64.26657292999253,5.201724432615301,0.08133372940272622,3.2126215743294098,2.940637908514127,0.9004819521988021,32249.936170212764,59.577002150993394,8.264596599124557,0.13966859126991762,4.171672376701502,4.570455057885932,1.0701055385361058,8120_8585,1.0,1.0,0.0,53,2,53,1,53,1,53,54,1,52,54,417,FL-417 N,N,Freeway,0.300087360572,0.00437923500722,8120,8585,N,2,65863,5,417,86381,65863,70,46,70.0,0.00437923500722,1,40518.52597984322,61.921787540492964,6.73316051586993,0.11050116033632193,3.692146975515456,3.75554648320003,0.985293745367454,10.609514580105756,-1.2036816448103154,1
654,3,49367.14444444444,64.02792083346786,5.689521215337143,0.08957002338902499,3.4189056763107586,3.1667423554275853,0.9183352503085621,33114.63636363636,59.45836579417677,8.852265503722839,0.15005747743418435,4.4052478581993935,4.929637621344249,1.0956243752186607,8120_8585,2.0,1.5,0.5,53,2,53,1,53,1,53,54,1,52,54,417,FL-417 N,N,Freeway,0.300087360572,0.00437923500722,8120,8585,N,2,65863,5,417,86381,65863,70,46,70.0,0.00437923500722,1,41240.8904040404,61.743143313822316,7.270893359529991,0.11981375041160466,3.9120767672550762,4.048189988385918,1.0069798127636114,10.627185528684443,-1.2036816448103154,1
655,4,51529.085106382976,64.53746628970798,4.5531625441048895,0.07091814435092761,3.2571871773461605,2.6633920520649754,0.8030988234188092,34089.03191489362,60.04193575787029,7.210730936427572,0.12083988272187712,4.0979204074089886,3.9515938085505713,0.9448617308300916,8120_8585,2.5,2.0,0.5,53,2,53,1,53,1,53,54,1,52,54,417,FL-417 N,N,Freeway,0.300087360572,0.00437923500722,8120,8585,N,2,65863,5,417,86381,65863,70,46,70.0,0.00437923500722,1,42809.05851063829,62.289701023789135,5.881946740266231,0.09587901353640237,3.6775537923775747,3.3074929303077734,0.8739802771244505,10.664505006620548,-1.2036816448103154,1
656,5,38645.318681318684,66.13959736523245,2.104161139341854,0.031967914416874715,1.995806009755519,0.9763677012613732,0.4900747439332458,23615.478260869564,62.518283746605775,3.1614277127608563,0.05094227673835968,2.1885450151308774,1.236482444476786,0.5598398106410921,8120_8585,0.0,0.0,0.0,53,2,53,1,53,1,53,54,1,52,54,417,FL-417 N,N,Freeway,0.300087360572,0.00437923500722,8120,8585,N,2,65863,5,417,86381,65863,70,46,70.0,0.00437923500722,1,31130.398471094122,64.3289405559191,2.632794426051355,0.0414550955776172,2.092175512443198,1.1064250728690794,0.5249572772871689,10.345940063581619,-1.2036816448103154,1
657,6,32413.29069767442,66.54672437927044,2.345400479634585,0.035356353919280555,1.6813825682232486,0.9151140886103908,0.5463375419997456,19631.885057471263,63.15719344543005,3.294069015061066,0.05254040268504877,1.7743067299605149,1.0589812967400798,0.5986881052986894,8120_8585,1.0,0.5,0.5,53,2,53,1,53,1,53,54,1,52,54,417,FL-417 N,N,Freeway,0.300087360572,0.00437923500722,8120,8585,N,2,65863,5,417,86381,65863,70,46,70.0,0.00437923500722,1,26022.58787757284,64.85195891235026,2.819734747347826,0.043948378302164665,1.7278446490918817,0.9870476926752353,0.5725128236492175,10.166720204368179,-1.2036816448103154,1
658,0,39261.307692307695,68.2013408748345,4.254113032298099,0.06279651055132157,3.7464339814851297,2.664422615508752,0.7060493788350638,44234.17021276597,63.69799224890208,4.651421949560432,0.07386251900540576,4.4817181504619805,3.7366021637064826,0.8080931381564637,8287_8107,0.5,0.5,0.0,5,2,5,1,5,1,5,6,1,4,6,417,FL-417 N,N,Freeway,0.662737377642,0.0104717333826,8287,8107,S,3,45451,6,0,76000,45451,70,0,70.0,0.0104717333826,1,41747.738952536834,65.9496665618683,4.452767490929265,0.06832951477836366,4.114076065973555,3.200512389607617,0.7570712584957637,10.639400571987002,-0.41137647942326333,1
659,1,38117.87096774193,68.29993635011408,4.357347466444913,0.06414571477493834,3.619615424588964,2.7069487865287103,0.7393969656316061,43043.38541666666,63.609363025914746,5.1196256587592135,0.08133772978489177,4.42412152123836,3.9096040084218937,0.8580232582225218,8287_8107,2.0,0.5,1.5,5,2,5,1,5,1,5,6,1,4,6,417,FL-417 N,N,Freeway,0.662737377642,0.0104717333826,8287,8107,S,3,45451,6,0,76000,45451,70,0,70.0,0.0104717333826,1,40580.6281922043,65.95464968801441,4.738486562602063,0.07274172227991506,4.0218684729136625,3.3082763974753018,0.7987101119270639,10.611046093600162,-0.41137647942326333,1
660,2,38800.50537634409,68.05597135798125,4.3673759519920194,0.06449013634586734,3.743737497004143,2.669021806480376,0.7098024021986898,44351.768421052635,63.237086331533014,5.6589308043078805,0.09032397631086304,4.673216963476607,4.152105219744471,0.8676857632425401,8287_8107,2.5,1.0,1.5,5,2,5,1,5,1,5,6,1,4,6,417,FL-417 N,N,Freeway,0.662737377642,0.0104717333826,8287,8107,S,3,45451,6,0,76000,45451,70,0,70.0,0.0104717333826,1,41576.13689869836,65.64652884475713,5.0131533781499495,0.0774070563283652,4.208477230240375,3.4105635131124235,0.7887440827206149,10.635281649416607,-0.41137647942326333,1
661,3,40129.01149425288,67.90013911615286,4.673153504058655,0.06908706263976302,3.8938981049484567,2.7908014861984323,0.7144036186659933,45313.9,62.98899603447028,6.273442991033131,0.10045245967497256,4.890638164002132,4.492181573329809,0.8965500193429975,8287_8107,1.0,1.0,0.0,5,2,5,1,5,1,5,6,1,4,6,417,FL-417 N,N,Freeway,0.662737377642,0.0104717333826,8287,8107,S,3,45451,6,0,76000,45451,70,0,70.0,0.0104717333826,1,42721.45574712644,65.44456757531157,5.473298247545893,0.08476976115736778,4.3922681344752945,3.641491529764121,0.8054768190044954,10.662456549531166,-0.41137647942326333,1
662,4,44055.62222222221,67.48546079905994,4.605548094534559,0.06863693870303188,4.2131739223502285,2.7381258375454296,0.6473902492174792,49288.287234042546,63.2646024640825,4.737709561258441,0.07571764908647688,4.992281815472548,3.7353395484659417,0.7323361132577919,8287_8107,1.5,1.0,0.5,5,2,5,1,5,1,5,6,1,4,6,417,FL-417 N,N,Freeway,0.662737377642,0.0104717333826,8287,8107,S,3,45451,6,0,76000,45451,70,0,70.0,0.0104717333826,1,46671.954728132376,65.37503163157122,4.6716288278965,0.07217729389475439,4.602727868911389,3.2367326930056857,0.6898631812376356,10.75089872210644,-0.41137647942326333,1
663,5,41675.556818181816,68.70029200559848,3.2527765981405783,0.04750963612995915,3.5199029700173865,2.1488232509445857,0.6100141620184195,45472.358695652176,64.49952829397172,2.1886807804745727,0.0340431390489208,3.8953917904870186,2.3218666913854014,0.5950791493550563,8287_8107,1.0,1.0,0.0,5,2,5,1,5,1,5,6,1,4,6,417,FL-417 N,N,Freeway,0.662737377642,0.0104717333826,8287,8107,S,3,45451,6,0,76000,45451,70,0,70.0,0.0104717333826,1,43573.95775691699,66.5999101497851,2.7207286893075757,0.04077638758943997,3.7076473802522028,2.2353449711649933,0.6025466556867379,10.682214951729643,-0.41137647942326333,1
664,6,39633.25,68.98052514987279,3.406956929989899,0.04963104112094975,3.261230897214859,2.2860609548146007,0.7001452193541008,42869.471264367814,64.806146796067,2.515901429465885,0.03895054103117106,3.5668362634137454,2.4959085025004684,0.6983486321719129,8287_8107,1.5,1.0,0.5,5,2,5,1,5,1,5,6,1,4,6,417,FL-417 N,N,Freeway,0.662737377642,0.0104717333826,8287,8107,S,3,45451,6,0,76000,45451,70,0,70.0,0.0104717333826,1,41251.3606321839,66.8933359729699,2.961429179727892,0.044290791076060404,3.4140335803143023,2.3909847286575348,0.6992469257630068,10.627439376241473,-0.41137647942326333,1
665,0,55871.595744680846,70.13466972550627,2.885491169592348,0.04128699651659645,3.940609067060264,2.8729338906082345,0.7258309196191194,55235.82978723403,67.82848059404206,2.831279856007223,0.041900802265396914,3.626605355935809,2.51648661121146,0.6911415786425165,8386_6314,0.5,0.0,0.5,40,2,40,1,40,1,40,41,1,39,41,417,FL-417 N,N,Freeway,0.2435747542,0.00356276320136,8386,6314,N,2,65863,6,417,96500,65863,70,49,70.0,0.00356276320136,1,55553.71276595744,68.98157515977417,2.858385512799786,0.04159389939099668,3.7836072114980364,2.6947102509098473,0.7084862491308179,10.9251056293052,-1.4123313848060048,1
666,1,57045.625,69.83728062411258,3.117137390546493,0.044834944127135484,4.0724131090580045,3.0431408394267767,0.7409227761400587,56358.5625,67.77164836258936,2.989172284006468,0.04428863194853908,3.7742764853471287,2.666162853152815,0.7014301092126547,8386_6314,0.0,0.0,0.0,40,2,40,1,40,1,40,41,1,39,41,417,FL-417 N,N,Freeway,0.2435747542,0.00356276320136,8386,6314,N,2,65863,6,417,96500,65863,70,49,70.0,0.00356276320136,1,56702.09375,68.80446449335096,3.0531548372764803,0.04456178803783728,3.9233447972025663,2.854651846289796,0.7211764426763567,10.945566415841826,-1.4123313848060048,1
667,2,57861.72631578947,69.66892210247347,3.093530699148148,0.04457695552912164,4.188063525933121,3.059197194784435,0.7271960204867043,57493.484210526316,67.61775071087507,3.0161168959268636,0.04477644955328335,3.8776422475206163,2.682236038993622,0.6893240551972972,8386_6314,1.0,1.0,0.0,40,2,40,1,40,1,40,41,1,39,41,417,FL-417 N,N,Freeway,0.2435747542,0.00356276320136,8386,6314,N,2,65863,6,417,96500,65863,70,49,70.0,0.00356276320136,1,57677.60526315789,68.64333640667428,3.054823797537506,0.0446767025412025,4.032852886726868,2.8707166168890286,0.7082600378420008,10.962624253467926,-1.4123313848060048,1
668,3,59009.56666666666,69.53199813580902,3.4353798369246187,0.049632896589627454,4.284515692472585,3.1156676501839686,0.7231043282098669,58469.111111111124,67.40051529619622,3.2144037882290344,0.04791553916610048,3.9545991255763377,2.6868103769698455,0.6770473900309167,8386_6314,0.0,0.0,0.0,40,2,40,1,40,1,40,41,1,39,41,417,FL-417 N,N,Freeway,0.2435747542,0.00356276320136,8386,6314,N,2,65863,6,417,96500,65863,70,49,70.0,0.00356276320136,1,58739.33888888889,68.46625671600262,3.3248918125768263,0.04877421787786397,4.119557409024461,2.901239013576907,0.7000758591203918,10.98086494981847,-1.4123313848060048,1
669,4,61826.212765957454,69.75134183348779,3.0429954949594933,0.043801648669854816,4.395634996386418,2.9659919595303212,0.6737200702288015,61161.968085106375,67.44478549100403,2.9716669483884735,0.044243813449700416,3.9920873950862137,2.52052238028284,0.6310483774076244,8386_6314,0.0,0.0,0.0,40,2,40,1,40,1,40,41,1,39,41,417,FL-417 N,N,Freeway,0.2435747542,0.00356276320136,8386,6314,N,2,65863,6,417,96500,65863,70,49,70.0,0.00356276320136,1,61494.09042553192,68.5980636622459,3.0073312216739834,0.044022731059777616,4.193861195736316,2.7432571699065806,0.6523842238182129,11.026696358535851,-1.4123313848060048,1
670,5,45163.239130434784,71.60121573688092,2.0225729569875384,0.028338255767411592,2.8054434399904964,1.6101049858602503,0.5740804048254938,45082.80434782608,68.94285743795365,2.249980622009309,0.032778159176844616,2.5922132553856017,1.4067041252475356,0.5419923199004265,8386_6314,0.0,0.0,0.0,40,2,40,1,40,1,40,41,1,39,41,417,FL-417 N,N,Freeway,0.2435747542,0.00356276320136,8386,6314,N,2,65863,6,417,96500,65863,70,49,70.0,0.00356276320136,1,45123.02173913043,70.27203658741729,2.1362767894984236,0.030558207472128104,2.698828347688049,1.508404555553893,0.5580363623629602,10.717147855098142,-1.4123313848060048,1
671,6,37692.379310344826,72.31610847271568,2.093030791463576,0.02897289932898988,2.2429195027229074,1.4376769925663275,0.6404866930642048,37517.16091954023,69.66228671234822,2.245382899466464,0.032271398088804686,2.081412063062663,1.2517066072971823,0.6017847500106687,8386_6314,0.5,0.5,0.0,40,2,40,1,40,1,40,41,1,39,41,417,FL-417 N,N,Freeway,0.2435747542,0.00356276320136,8386,6314,N,2,65863,6,417,96500,65863,70,49,70.0,0.00356276320136,1,37604.77011494253,70.98919759253195,2.16920684546502,0.030622148708897283,2.162165782892785,1.344691799931755,0.6211357215374367,10.534886186090443,-1.4123313848060048,1
672,0,27277.966292134828,72.1473064043357,2.3385539408978127,0.03235726446121251,2.3861965645455547,1.7400354630437185,0.6918234314627676,31332.258426966288,68.6978404118811,2.4791715489861463,0.03611478836142856,1.9307292478975888,1.3121547413536194,0.6808531895482856,8480_11010,0.5,0.0,0.5,23,2,23,1,23,1,23,24,1,22,24,417,FL-417 N,N,Freeway,0.982668303486,0.016051321075,8480,11010,E,2,65863,4,417,47407,65863,70,0,70.0,0.016051321075,1,29305.112359550556,70.4225734081084,2.4088627449419793,0.034236026411320536,2.1584629062215717,1.5260951021986688,0.6863383105055265,10.285517263045836,-0.017483648651090655,0
673,1,27332.2,71.55832755312943,2.6995308840986048,0.039327022148238286,2.4777915408270803,1.8792146799307827,0.6847447345303728,31285.252747252747,68.57871193938287,2.5641412304653417,0.037454773692194784,1.9490434977470503,1.35233790624392,0.6937563021896993,8480_11010,0.5,0.5,0.0,23,2,23,1,23,1,23,24,1,22,24,417,FL-417 N,N,Freeway,0.982668303486,0.016051321075,8480,11010,E,2,65863,4,417,47407,65863,70,0,70.0,0.016051321075,1,29308.726373626374,70.06851974625616,2.6318360572819732,0.038390897920216535,2.2134175192870655,1.6157762930873514,0.689250518360036,10.285640579114482,-0.017483648651090655,0
674,2,28163.375,71.532912505739,2.3577948932024597,0.033025091445246436,2.4920818141555467,1.7299524132629311,0.6777292365733227,32100.822222222218,68.49316466357925,2.563517642875868,0.0374547416350482,1.9985815436102885,1.3471315822300634,0.6722841150088512,8480_11010,1.5,1.0,0.5,23,2,23,1,23,1,23,24,1,22,24,417,FL-417 N,N,Freeway,0.982668303486,0.016051321075,8480,11010,E,2,65863,4,417,47407,65863,70,0,70.0,0.016051321075,1,30132.09861111111,70.01303858465913,2.460656268039164,0.03523991654014732,2.2453316788829176,1.5385419977464974,0.675006675791087,10.313346281577662,-0.017483648651090655,0
675,3,28856.11904761905,71.6185956235497,2.36307219786856,0.03292476708240736,2.5544530820624995,1.7244368891800128,0.6593535380216975,33046.642857142855,68.54229230702582,2.470999641327228,0.036093517590347436,2.052474839448461,1.3679191152193733,0.659685088527745,8480_11010,1.0,0.5,0.5,23,2,23,1,23,1,23,24,1,22,24,417,FL-417 N,N,Freeway,0.982668303486,0.016051321075,8480,11010,E,2,65863,4,417,47407,65863,70,0,70.0,0.016051321075,1,30951.380952380954,70.08044396528776,2.417035919597894,0.0345091423363774,2.3034639607554803,1.5461780021996931,0.6595193132747212,10.340172895934185,-0.017483648651090655,0
676,4,30390.898876404488,71.35851514285739,2.2939367082133457,0.03209204622699405,2.6499761590205644,1.7501263736317318,0.6164367272088254,35912.146067415735,68.48057784099066,2.3822981566506867,0.03481307776045152,2.236168625992024,1.3446597150402804,0.603996041719427,8480_11010,0.5,0.0,0.5,23,2,23,1,23,1,23,24,1,22,24,417,FL-417 N,N,Freeway,0.982668303486,0.016051321075,8480,11010,E,2,65863,4,417,47407,65863,70,0,70.0,0.016051321075,1,33151.52247191011,69.91954649192402,2.338117432432016,0.03345256199372278,2.443072392506294,1.547393044336006,0.6102163844641262,10.40884392131386,-0.017483648651090655,0
677,5,27519.780487804877,72.8868043332523,2.2829201284645597,0.031335476420900184,2.1570374718866763,1.3289597491782588,0.6019493462244182,29677.488636363636,69.11268271768068,2.3911055792847806,0.03462750614100552,1.6954529022310738,1.0041093953271412,0.5933365935072981,8480_11010,1.0,0.5,0.5,23,2,23,1,23,1,23,24,1,22,24,417,FL-417 N,N,Freeway,0.982668303486,0.016051321075,8480,11010,E,2,65863,4,417,47407,65863,70,0,70.0,0.016051321075,1,28598.634562084255,70.9997435254665,2.33701285387467,0.03298149128095285,1.926245187058875,1.1665345722526999,0.5976429698658581,10.261114253083765,-0.017483648651090655,0
678,6,23774.402597402597,73.45514619918411,2.492484663256456,0.03399364995358898,1.7982069954109636,1.2693821210765943,0.7070996490559384,24930.243902439022,69.55458269009965,2.65683861695366,0.03828910719140731,1.3649515246802315,0.9999695707466226,0.7173688449122141,8480_11010,1.0,1.0,0.0,23,2,23,1,23,1,23,24,1,22,24,417,FL-417 N,N,Freeway,0.982668303486,0.016051321075,8480,11010,E,2,65863,4,417,47407,65863,70,0,70.0,0.016051321075,1,24352.32324992081,71.50486444464188,2.574661640105058,0.03614137857249815,1.5815792600455976,1.1346758459116084,0.7122342469840762,10.100382534633793,-0.017483648651090655,0
679,0,31230.957446808512,68.99733957473674,3.1069586706332286,0.04506947536516824,2.783371611412356,2.0001941178007274,0.7182222061714258,52081.01075268816,75.15784941275876,2.3088920004201534,0.030792483229928495,4.026699230333159,2.9883685141293976,0.7404624565619974,8502_6701,0.5,0.5,0.0,24,2,24,1,24,1,24,25,1,23,25,417,FL-417 N,N,Freeway,1.00889997689,0.016254247577,8502,6701,E,2,65863,4,417,45500,65863,70,0,70.0,0.016254247577,1,41655.98409974834,72.07759449374775,2.7079253355266912,0.037930979297548365,3.4050354208727573,2.4942813159650625,0.7293423313667116,10.637200313138907,0.008860605526060895,0
680,1,31602.20833333333,68.60500344437827,3.406895808654776,0.04981615116991694,2.8463946726898386,2.19198927854348,0.7609014603576675,53109.54736842105,74.79248448266837,3.12226453181548,0.04206689846046459,4.129676856342088,3.3174259651095097,0.7934719552777337,8502_6701,0.0,0.0,0.0,24,2,24,1,24,1,24,25,1,23,25,417,FL-417 N,N,Freeway,1.00889997689,0.016254247577,8502,6701,E,2,65863,4,417,45500,65863,70,0,70.0,0.016254247577,1,42355.877850877194,71.69874396352333,3.264580170235128,0.04594152481519076,3.4880357645159634,2.754707621826495,0.7771867078177006,10.653862482677955,0.008860605526060895,0
681,2,32450.778947368417,68.50584595198133,3.4038424802632483,0.04985359187700908,2.963011415520157,2.2767971197096117,0.7543443937874138,54036.968085106375,74.58993747610603,3.0670551764185414,0.04144094958383653,4.3050020995313005,3.4060880373407123,0.7811898855774689,8502_6701,0.5,0.5,0.0,24,2,24,1,24,1,24,25,1,23,25,417,FL-417 N,N,Freeway,1.00889997689,0.016254247577,8502,6701,E,2,65863,4,417,45500,65863,70,0,70.0,0.016254247577,1,43243.87351623739,71.54789171404369,3.235448828340895,0.04564727073042281,3.6340067575257287,2.841442578525162,0.7677671396824414,10.67461084952256,0.008860605526060895,0
682,3,33253.711111111115,68.42370209376952,3.4118465526866384,0.05001735059401116,3.0371678565864406,2.246601254918934,0.7322653166382657,54855.280898876386,74.6349015515905,3.2126066553276864,0.043300454445381616,4.427989903482475,3.417049812634792,0.765264772572306,8502_6701,0.0,0.0,0.0,24,2,24,1,24,1,24,25,1,23,25,417,FL-417 N,N,Freeway,1.00889997689,0.016254247577,8502,6701,E,2,65863,4,417,45500,65863,70,0,70.0,0.016254247577,1,44054.49600499375,71.52930182268001,3.3122266040071624,0.046658902519696385,3.732578880034458,2.831825533776863,0.7487650446052858,10.693182692103596,0.008860605526060895,0
683,4,35853.574468085106,68.41248342734251,3.3383813362396766,0.04896788788310304,3.2273659377075687,2.2021766234136595,0.6773848722501357,61028.645161290326,74.75332199728973,2.9338943255105665,0.039631375613493135,4.729265052370251,3.332252684466997,0.6993826624337904,8502_6701,1.0,1.0,0.0,24,2,24,1,24,1,24,25,1,23,25,417,FL-417 N,N,Freeway,1.00889997689,0.016254247577,8502,6701,E,2,65863,4,417,45500,65863,70,0,70.0,0.016254247577,1,48441.10981468772,71.58290271231613,3.1361378308751213,0.04429963174829808,3.9783154950389097,2.767214653940328,0.688383767341963,10.788104108525294,0.008860605526060895,0
684,5,29005.53260869565,69.78264296808626,2.657932902918527,0.03812683584316319,2.369864481058374,1.445628689882254,0.6101565162075984,50272.37362637364,75.97933549798469,2.053245649687998,0.027060841944172388,3.345892739821552,2.0706198025983302,0.6192542526284517,8502_6701,0.0,0.0,0.0,24,2,24,1,24,1,24,25,1,23,25,417,FL-417 N,N,Freeway,1.00889997689,0.016254247577,8502,6701,E,2,65863,4,417,45500,65863,70,0,70.0,0.016254247577,1,39638.95311753465,72.88098923303548,2.355589276303262,0.03259383889366779,2.857878610439963,1.7581242462402922,0.614705384418025,10.587567578345803,0.008860605526060895,0
685,6,24461.85057471264,70.58545544686912,2.6692542949672418,0.03785142057529983,1.9418228657018115,1.3537356634894007,0.6978734787300502,41239.16279069767,76.45600049959349,2.24609372595581,0.02944729119161365,2.712133999944261,1.9713466503912973,0.7250224097894576,8502_6701,1.0,1.0,0.0,24,2,24,1,24,1,24,25,1,23,25,417,FL-417 N,N,Freeway,1.00889997689,0.016254247577,8502,6701,E,2,65863,4,417,45500,65863,70,0,70.0,0.016254247577,1,32850.506682705156,73.5207279732313,2.457674010461526,0.033649355883456744,2.326978432823036,1.662541156940349,0.7114479442597539,10.39972244792486,0.008860605526060895,0
686,0,31351.09574468085,68.52242154525246,2.30459618666534,0.03368035015959167,2.765900603985888,2.048235157957988,0.7390686678366124,34502.265957446805,69.03663048977798,2.983490367510081,0.04340769720380152,3.03123694031308,2.483776803231504,0.8051187626173075,8512_8598,1.0,0.5,0.5,27,2,27,1,27,1,27,28,1,26,28,417,FL-417 N,N,Freeway,0.7037703588070001,0.0111834476126,8512,8598,S,3,65863,4,15,35500,65863,70,0,70.0,0.0111834476126,1,32926.68085106383,68.77952601751522,2.6440432770877105,0.0385440236816966,2.898568772149484,2.266005980594746,0.77209371522696,10.402038576213936,-0.35130317091363583,0
687,1,31551.97916666667,68.2690294134472,2.76462752196032,0.04064071767729583,2.8339321286623456,2.2664040357605377,0.7870403803892332,35217.989583333336,68.56905736964823,3.9369443943508564,0.05802961448132625,3.2186952395913067,2.9582432855996563,0.8795103192190261,8512_8598,0.5,0.5,0.0,27,2,27,1,27,1,27,28,1,26,28,417,FL-417 N,N,Freeway,0.7037703588070001,0.0111834476126,8512,8598,S,3,65863,4,15,35500,65863,70,0,70.0,0.0111834476126,1,33384.984375,68.41904339154772,3.350785958155588,0.049335166079311044,3.0263136841268263,2.6123236606800972,0.8332753498041297,10.415861508267298,-0.35130317091363583,0
688,2,32401.494736842105,68.13139674686107,2.6265034748296823,0.03865278863262483,2.936583379612052,2.2471685193756303,0.7594231014781704,36144.242105263154,68.38196976228232,3.937310183618953,0.05822806071920555,3.3395766868730643,2.992332356734773,0.8608382562387241,8512_8598,0.0,0.0,0.0,27,2,27,1,27,1,27,28,1,26,28,417,FL-417 N,N,Freeway,0.7037703588070001,0.0111834476126,8512,8598,S,3,65863,4,15,35500,65863,70,0,70.0,0.0111834476126,1,34272.868421052626,68.2566832545717,3.281906829224318,0.04844042467591519,3.1380800332425585,2.6197504380552017,0.8101306788584473,10.442109312009448,-0.35130317091363583,0
689,3,33162.577777777784,68.09495904985117,2.906149438904728,0.0428832815575946,3.043960895146656,2.3608776459263208,0.7658064014214341,36746.88888888888,68.29022763697519,4.414795289376476,0.06539101455990286,3.461376339876636,3.185085004287393,0.8840768488830077,8512_8598,1.0,1.0,0.0,27,2,27,1,27,1,27,28,1,26,28,417,FL-417 N,N,Freeway,0.7037703588070001,0.0111834476126,8512,8598,S,3,65863,4,15,35500,65863,70,0,70.0,0.0111834476126,1,34954.73333333334,68.19259334341318,3.6604723641406025,0.054137148058748724,3.252668617511646,2.7729813251068567,0.8249416251522209,10.461809170060837,-0.35130317091363583,0
690,4,35804.765957446805,68.17427529710712,2.611367463785267,0.038612437288409705,3.2365393422086446,2.2739127577544656,0.6937954109104488,39496.14893617021,68.46089188697957,3.6619398214051713,0.05439967688091666,3.587806434604465,2.863693776954225,0.767701044283491,8512_8598,1.5,1.0,0.5,27,2,27,1,27,1,27,28,1,26,28,417,FL-417 N,N,Freeway,0.7037703588070001,0.0111834476126,8512,8598,S,3,65863,4,15,35500,65863,70,0,70.0,0.0111834476126,1,37650.457446808505,68.31758359204335,3.136653642595219,0.04650605708466318,3.4121728884065545,2.5688032673543453,0.7307482275969699,10.536100383135862,-0.35130317091363583,0
691,5,28956.478260869564,69.20324037808179,2.308871761363416,0.03340482898311704,2.2891819517000003,1.4123846808426412,0.6175767421196029,31291.239130434784,69.91732787997981,2.0786165162475605,0.029747944754641206,2.3665460972197385,1.509831278267877,0.6387624393635575,8512_8598,2.0,1.5,0.5,27,2,27,1,27,1,27,28,1,26,28,417,FL-417 N,N,Freeway,0.7037703588070001,0.0111834476126,8512,8598,S,3,65863,4,15,35500,65863,70,0,70.0,0.0111834476126,1,30123.858695652176,69.5602841290308,2.1937441388054886,0.03157638686887912,2.3278640244598696,1.4611079795552593,0.6281695907415802,10.313072784453773,-0.35130317091363583,0
692,6,24425.310344827587,69.73623236862798,2.4333605032126937,0.03492902318582946,1.8454710025539784,1.3234424055884677,0.7177252885148467,25947.383720930233,70.50756459593495,2.2162198596164315,0.031502212893277044,1.8577247452840508,1.3825768411929449,0.7409460015564534,8512_8598,0.5,0.0,0.5,27,2,27,1,27,1,27,28,1,26,28,417,FL-417 N,N,Freeway,0.7037703588070001,0.0111834476126,8512,8598,S,3,65863,4,15,35500,65863,70,0,70.0,0.0111834476126,1,25186.34703287891,70.12189848228147,2.3247901814145626,0.03321561803955325,1.8515978739190146,1.3530096233907063,0.7293356450356501,10.134057342271744,-0.35130317091363583,0
693,0,31870.180851063837,71.03216087569062,2.4573492643138697,0.03461616841307584,2.8136457478682297,1.9489015365416664,0.6929833041916266,31230.957446808512,68.99733957473674,3.1069586706332286,0.04506947536516824,2.783371611412356,2.0001941178007274,0.7182222061714258,8520_8502,0.5,0.5,0.0,22,2,22,1,22,1,22,23,1,21,23,417,FL-417 N,N,Freeway,0.536463457053,0.00865953051307,8520,8502,E,2,65863,4,417,45500,65863,70,0,70.0,0.00865953051307,1,31550.569148936174,70.01475022521367,2.7821539674735494,0.03984282188912204,2.798508679640293,1.974547827171197,0.7056027551815263,10.359346907392581,-0.6227568328323388,0
694,1,32024.83333333333,70.87651227083781,2.7704857127137203,0.03914025795674727,2.83455546136142,2.0568040259318296,0.7223219813835317,31602.20833333333,68.60500344437827,3.406895808654776,0.04981615116991694,2.8463946726898386,2.19198927854348,0.7609014603576675,8520_8502,0.5,0.0,0.5,22,2,22,1,22,1,22,23,1,21,23,417,FL-417 N,N,Freeway,0.536463457053,0.00865953051307,8520,8502,E,2,65863,4,417,45500,65863,70,0,70.0,0.00865953051307,1,31813.52083333333,69.74075785760803,3.088690760684248,0.044478204563332104,2.840475067025629,2.124396652237655,0.7416117208705996,10.367646661841558,-0.6227568328323388,0
695,2,32935.378947368416,70.68709523842674,2.699859781946922,0.03828288481745839,2.9542403846525085,2.112545807614258,0.7105566707850768,32450.778947368417,68.50584595198133,3.4038424802632483,0.04985359187700908,2.963011415520157,2.2767971197096117,0.7543443937874138,8520_8502,1.0,1.0,0.0,22,2,22,1,22,1,22,23,1,21,23,417,FL-417 N,N,Freeway,0.536463457053,0.00865953051307,8520,8502,E,2,65863,4,417,45500,65863,70,0,70.0,0.00865953051307,1,32693.078947368416,69.59647059520404,3.051851131105085,0.04406823834723374,2.9586259000863326,2.194671463661935,0.7324505322862453,10.394918681498016,-0.6227568328323388,0
696,3,33698.211111111115,70.66177804392554,2.6712274380205114,0.037892669227566206,3.0370534808484333,2.117799441544705,0.6938871953589933,33253.711111111115,68.42370209376952,3.4118465526866384,0.05001735059401116,3.0371678565864406,2.246601254918934,0.7322653166382657,8520_8502,0.5,0.5,0.0,22,2,22,1,22,1,22,23,1,21,23,417,FL-417 N,N,Freeway,0.536463457053,0.00865953051307,8520,8502,E,2,65863,4,417,45500,65863,70,0,70.0,0.00865953051307,1,33475.961111111115,69.54274006884754,3.041536995353575,0.043955009910788684,3.037110668717437,2.1822003482318193,0.7130762559986294,10.418582881457477,-0.6227568328323388,0
697,4,36488.255319148935,70.55879846279153,2.7431914853369537,0.039057365018621414,3.248041431696273,2.0920477810432083,0.6420647215541931,35853.574468085106,68.41248342734251,3.3383813362396766,0.04896788788310304,3.2273659377075687,2.2021766234136595,0.6773848722501357,8520_8502,0.0,0.0,0.0,22,2,22,1,22,1,22,23,1,21,23,417,FL-417 N,N,Freeway,0.536463457053,0.00865953051307,8520,8502,E,2,65863,4,417,45500,65863,70,0,70.0,0.00865953051307,1,36170.914893617024,69.48564094506702,3.040786410788315,0.04401262645086222,3.2377036847019207,2.147112202228434,0.6597247969021645,10.496010618892686,-0.6227568328323388,0
698,5,30273.804347826088,71.54629084094496,2.4237498944004017,0.0339071149242617,2.434487356109272,1.460804268791967,0.6006591986310282,29005.53260869565,69.78264296808626,2.657932902918527,0.03812683584316319,2.369864481058374,1.445628689882254,0.6101565162075984,8520_8502,1.0,0.5,0.5,22,2,22,1,22,1,22,23,1,21,23,417,FL-417 N,N,Freeway,0.536463457053,0.00865953051307,8520,8502,E,2,65863,4,417,45500,65863,70,0,70.0,0.00865953051307,1,29639.668478260868,70.66446690451562,2.540841398659464,0.03601697538371244,2.402175918583823,1.4532164793371103,0.6054078574193134,10.296868894403506,-0.6227568328323388,0
699,6,25553.22988505747,72.17768865719717,2.599158289087633,0.03605284053599633,1.984799035347168,1.3853393410573884,0.6986035510770764,24461.85057471264,70.58545544686912,2.6692542949672418,0.03785142057529983,1.9418228657018115,1.3537356634894007,0.6978734787300502,8520_8502,0.5,0.5,0.0,22,2,22,1,22,1,22,23,1,21,23,417,FL-417 N,N,Freeway,0.536463457053,0.00865953051307,8520,8502,E,2,65863,4,417,45500,65863,70,0,70.0,0.00865953051307,1,25007.540229885053,71.38157205203314,2.6342062920274376,0.03695213055564808,1.9633109505244897,1.3695375022733947,0.6982385149035633,10.12693266757083,-0.6227568328323388,0
700,0,34532.53846153846,70.21723550482751,2.9315884803855434,0.04192057866481959,3.3232300461983164,2.4847891387367023,0.7441289514199709,36264.882978723406,67.11544720849497,4.765790545180747,0.07127924859296174,4.380777694128922,3.5494342972106163,0.8002555912581653,8531_8533,0.0,0.0,0.0,32,2,32,1,32,1,32,33,1,31,33,417,FL-417 N,N,Freeway,0.35100178586400005,0.00534659980385,8531,8533,N,2,65863,4,417,82000,65863,70,101,70.0,0.00534659980385,1,35398.71072013093,68.66634135666123,3.848689512783145,0.05659991362889066,3.8520038701636192,3.017111717973659,0.7721922713390681,10.474430678123346,-1.0469639675975906,0
701,1,34600.82105263158,69.72069617166778,3.915495265269208,0.0566163266759676,3.4615042562104983,2.826530287165635,0.8051728145555844,36982.47916666666,66.51752313214483,5.750243027783519,0.08707974234148386,4.615633373720836,4.068139528549192,0.8608611395361794,8531_8533,0.0,0.0,0.0,32,2,32,1,32,1,32,33,1,31,33,417,FL-417 N,N,Freeway,0.35100178586400005,0.00534659980385,8531,8533,N,2,65863,4,417,82000,65863,70,101,70.0,0.00534659980385,1,35791.65010964912,68.11910965190631,4.832869146526363,0.07184803450872573,4.038568814965667,3.447334907857414,0.833016977045882,10.485469908024136,-1.0469639675975906,0
702,2,36027.79787234042,69.48386207438426,3.8686633992217008,0.056268746465035435,3.602836874557124,2.8878300768081493,0.7857243063218955,37852.442105263166,66.27557385105277,5.6636558151555025,0.08628735108953035,4.798632718632743,4.119887062368587,0.8362129464801019,8531_8533,0.5,0.5,0.0,32,2,32,1,32,1,32,33,1,31,33,417,FL-417 N,N,Freeway,0.35100178586400005,0.00534659980385,8531,8533,N,2,65863,4,417,82000,65863,70,101,70.0,0.00534659980385,1,36940.119988801795,67.87971796271852,4.766159607188602,0.07127804877728289,4.200734796594934,3.503858569588368,0.8109686264009988,10.517053501955909,-1.0469639675975906,0
703,3,36335.75555555556,69.36766032485285,4.444167746646864,0.06472865396916823,3.736154572908297,3.051100934623645,0.8017158403951856,38323.03333333333,66.18609782050454,5.96995453583118,0.09101092280166838,4.920586901383778,4.215694338694092,0.8356856771623369,8531_8533,0.5,0.5,0.0,32,2,32,1,32,1,32,33,1,31,33,417,FL-417 N,N,Freeway,0.35100178586400005,0.00534659980385,8531,8533,N,2,65863,4,417,82000,65863,70,101,70.0,0.00534659980385,1,37329.39444444445,67.7768790726787,5.207061141239022,0.0778697883854183,4.328370737146038,3.6333976366588687,0.8187007587787613,10.527536350090596,-1.0469639675975906,0
704,4,39548.55434782609,69.76352456815881,3.282548016401144,0.04756237206947778,3.830889699691621,2.6870020097574465,0.6936888102956137,41179.70212765958,66.41710823456495,5.055158255410528,0.07668926839674156,5.0241725196452816,3.705213294349409,0.727483441526581,8531_8533,0.0,0.0,0.0,32,2,32,1,32,1,32,33,1,31,33,417,FL-417 N,N,Freeway,0.35100178586400005,0.00534659980385,8531,8533,N,2,65863,4,417,82000,65863,70,101,70.0,0.00534659980385,1,40364.12823774283,68.09031640136189,4.168853135905836,0.06212582023310967,4.427531109668451,3.1961076520534277,0.7105861259110973,10.605696754611946,-1.0469639675975906,0
705,5,31670.685393258427,71.22057815943455,2.2282791166169096,0.03131668638754078,2.7152785517109703,1.6839189017597418,0.6217213154622991,32304.706521739125,68.57266395224129,3.166428633803893,0.04619512605342336,3.5179752414249186,2.247692202673228,0.6371559419738443,8531_8533,0.0,0.0,0.0,32,2,32,1,32,1,32,33,1,31,33,417,FL-417 N,N,Freeway,0.35100178586400005,0.00534659980385,8531,8533,N,2,65863,4,417,82000,65863,70,101,70.0,0.00534659980385,1,31987.695957498778,69.89662105583793,2.6973538752104016,0.03875590622048207,3.1166268965679444,1.9658055522164848,0.6294386287180718,10.37310660651411,-1.0469639675975906,0
706,6,25792.714285714286,71.78647291488348,2.508623064588297,0.03505252357260375,2.1530377635699893,1.5572539917866424,0.7212738814144418,26510.7816091954,69.54933493508683,3.0990196610658463,0.04459681774070394,2.8193860719014245,2.0619448725566003,0.7285149763546986,8531_8533,0.0,0.0,0.0,32,2,32,1,32,1,32,33,1,31,33,417,FL-417 N,N,Freeway,0.35100178586400005,0.00534659980385,8531,8533,N,2,65863,4,417,82000,65863,70,101,70.0,0.00534659980385,1,26151.747947454845,70.66790392498515,2.8038213628270716,0.03982467065665385,2.486211917735707,1.8095994321716213,0.7248944288845702,10.171671310374075,-1.0469639675975906,0
707,0,36264.882978723406,67.11544720849497,4.765790545180747,0.07127924859296174,4.380777694128922,3.5494342972106163,0.8002555912581653,36941.010869565216,70.34285028274967,3.902293254209411,0.05591744320894576,4.141080352917453,3.314528076216702,0.7895939341477755,8533_8540,2.0,2.0,0.0,31,2,31,1,31,1,31,32,1,30,32,417,FL-417 N,N,Freeway,0.69521370128,0.0101795247672,8533,8540,N,2,65863,4,417,82000,65863,70,89,70.0,0.0101795247672,1,36602.946924144315,68.72914874562233,4.3340418996950785,0.06359834590095376,4.260929023523188,3.431981186713659,0.7949247627029703,10.507884033201258,-0.3635359968247024,0
708,1,36982.47916666666,66.51752313214483,5.750243027783519,0.08707974234148386,4.615633373720836,4.068139528549192,0.8608611395361794,37581.0625,69.78843368524176,4.992191595496314,0.07226722175383428,4.389092830546186,3.7974761115010565,0.8435396975557578,8533_8540,2.0,2.0,0.0,31,2,31,1,31,1,31,32,1,30,32,417,FL-417 N,N,Freeway,0.69521370128,0.0101795247672,8533,8540,N,2,65863,4,417,82000,65863,70,89,70.0,0.0101795247672,1,37281.77083333333,68.15297840869329,5.371217311639916,0.07967348204765906,4.502363102133511,3.9328078200251246,0.8522004185459686,10.52625976856553,-0.3635359968247024,0
709,2,37852.442105263166,66.27557385105277,5.6636558151555025,0.08628735108953035,4.798632718632743,4.119887062368587,0.8362129464801019,38716.45263157895,69.59933602204381,4.784436205377676,0.06968911425371084,4.5348729561580585,3.849788001799823,0.8218520515958274,8533_8540,3.5,2.5,1.0,31,2,31,1,31,1,31,32,1,30,32,417,FL-417 N,N,Freeway,0.69521370128,0.0101795247672,8533,8540,N,2,65863,4,417,82000,65863,70,89,70.0,0.0101795247672,1,38284.44736842105,67.93745493654829,5.224046010266589,0.0779882326716206,4.666752837395401,3.984837532084205,0.8290324990379647,10.552799018766827,-0.3635359968247024,0
710,3,38323.03333333333,66.18609782050454,5.96995453583118,0.09101092280166838,4.920586901383778,4.215694338694092,0.8356856771623369,39311.88888888888,69.48454911815968,5.340119311849226,0.07758773013691687,4.661145187277912,3.927654199467587,0.8265755805743051,8533_8540,3.0,1.5,1.5,31,2,31,1,31,1,31,32,1,30,32,417,FL-417 N,N,Freeway,0.69521370128,0.0101795247672,8533,8540,N,2,65863,4,417,82000,65863,70,89,70.0,0.0101795247672,1,38817.46111111111,67.83532346933211,5.655036923840203,0.08429932646929263,4.790866044330845,4.071674269080839,0.831130628868321,10.566625453015732,-0.3635359968247024,0
711,4,41179.70212765958,66.41710823456495,5.055158255410528,0.07668926839674156,5.0241725196452816,3.705213294349409,0.727483441526581,41663.70212765958,69.88410266800571,4.297235398821941,0.06216786007184307,4.759988765734903,3.4835757481821155,0.7211690012968697,8533_8540,3.5,3.5,0.0,31,2,31,1,31,1,31,32,1,30,32,417,FL-417 N,N,Freeway,0.69521370128,0.0101795247672,8533,8540,N,2,65863,4,417,82000,65863,70,89,70.0,0.0101795247672,1,41421.70212765958,68.15060545128533,4.676196827116234,0.06942856423429232,4.892080642690092,3.5943945212657624,0.7243262214117253,10.631560228447562,-0.3635359968247024,0
712,5,32304.706521739125,68.57266395224129,3.166428633803893,0.04619512605342336,3.5179752414249186,2.247692202673228,0.6371559419738443,32824.15555555555,71.72329597362398,2.314701640658397,0.032313365367696974,3.2597983137354536,1.9795356424525627,0.6075379585137751,8533_8540,0.5,0.5,0.0,31,2,31,1,31,1,31,32,1,30,32,417,FL-417 N,N,Freeway,0.69521370128,0.0101795247672,8533,8540,N,2,65863,4,417,82000,65863,70,89,70.0,0.0101795247672,1,32564.431038647337,70.14797996293262,2.740565137231145,0.039254245710560166,3.3888867775801863,2.1136139225628954,0.6223469502438097,10.390975899267834,-0.3635359968247024,0
713,6,26510.7816091954,69.54933493508683,3.0990196610658463,0.04459681774070394,2.8193860719014245,2.0619448725566003,0.7285149763546986,27178.95238095238,72.22718719005178,2.5789645402172328,0.035773275013026136,2.6359123324572784,1.7946079635648513,0.680195008969792,8533_8540,0.5,0.0,0.5,31,2,31,1,31,1,31,32,1,30,32,417,FL-417 N,N,Freeway,0.69521370128,0.0101795247672,8533,8540,N,2,65863,4,417,82000,65863,70,89,70.0,0.0101795247672,1,26844.86699507389,70.88826106256931,2.8389921006415397,0.04018504637686504,2.7276492021793515,1.928276418060726,0.7043549926622453,10.197829908293228,-0.3635359968247024,0
714,0,38444.101123595516,64.6009999814806,5.2445425526296345,0.08154249921420276,3.4360786867491377,2.7625989665756663,0.7917938056742079,37666.98936170213,71.67386178671156,3.9207582947664528,0.05517302358916641,5.63615574225883,4.450855995838876,0.7853682153181042,8538_6642,1.5,1.0,0.5,30,2,30,1,30,1,30,31,1,29,31,417,FL-417 N,N,Freeway,0.587651023412,0.00855207347379,8538,6642,N,2,65863,4,417,82000,65863,70,52,70.0,0.00855207347379,1,38055.54524264882,68.13743088409608,4.582650423698044,0.06835776140168459,4.536117214503983,3.606727481207271,0.788581010496156,10.546802088352072,-0.5316220048715647,0
715,1,39019.6404494382,64.17962568387573,5.8676661476330265,0.09202805453629244,3.5890373026980638,3.088040212079177,0.8407501563866598,38719.32291666666,71.1956965985695,4.6572697848627636,0.06610666987712822,5.853709646223979,4.7817275160943185,0.8092287796671284,8538_6642,1.5,1.0,0.5,30,2,30,1,30,1,30,31,1,29,31,417,FL-417 N,N,Freeway,0.587651023412,0.00855207347379,8538,6642,N,2,65863,4,417,82000,65863,70,52,70.0,0.00855207347379,1,38869.48168305243,67.6876611412226,5.262467966247895,0.07906736220671033,4.721373474461021,3.9348838640867476,0.8249894680268941,10.567964689130463,-0.5316220048715647,0
716,2,39147.24444444444,63.969964122328854,5.68354024439737,0.08945965664376801,3.722624124529125,3.042176400040306,0.8023878588968744,39963.936842105264,71.01228109808068,4.4423946990358605,0.06326020176280936,6.0810156658600185,4.7794588317509215,0.7816038636443328,8538_6642,1.0,0.5,0.5,30,2,30,1,30,1,30,31,1,29,31,417,FL-417 N,N,Freeway,0.587651023412,0.00855207347379,8538,6642,N,2,65863,4,417,82000,65863,70,52,70.0,0.00855207347379,1,39555.59064327485,67.49112261020477,5.062967471716615,0.07635992920328868,4.9018198951945715,3.910817615895614,0.7919958612706035,10.585462319546638,-0.5316220048715647,0
717,3,41010.761904761916,63.760882747986145,6.165224420407231,0.09731952829511048,3.865971549465703,3.1874431740059084,0.8148568417999574,39891.98888888889,70.92529079225199,4.751024576088604,0.0675982957952206,6.1561722436796025,4.837439117627684,0.7812193842155967,8538_6642,2.0,2.0,0.0,30,2,30,1,30,1,30,31,1,29,31,417,FL-417 N,N,Freeway,0.587651023412,0.00855207347379,8538,6642,N,2,65863,4,417,82000,65863,70,52,70.0,0.00855207347379,1,40451.3753968254,67.34308677011907,5.458124498247917,0.08245891204516553,5.011071896572653,4.012441145816796,0.798038113007777,10.607855924302275,-0.5316220048715647,0
718,4,43383.44827586207,63.925452011068465,5.4380577398099765,0.08557948562312398,3.910437185194079,2.8491459768267893,0.7192800571287598,43148.62765957447,71.01808671164349,4.30853291382843,0.06126137324168453,6.4822563368089074,4.6210711780111415,0.7109903277996178,8538_6642,1.5,1.0,0.5,30,2,30,1,30,1,30,31,1,29,31,417,FL-417 N,N,Freeway,0.587651023412,0.00855207347379,8538,6642,N,2,65863,4,417,82000,65863,70,52,70.0,0.00855207347379,1,43266.03796771827,67.47176936135598,4.873295326819203,0.07342042943240426,5.196346761001493,3.7351085774189654,0.7151351924641888,10.675123263686109,-0.5316220048715647,0
719,5,33853.98823529412,66.07133861581481,3.349818328682977,0.05071797450146366,2.6878456449447734,1.6188235867210734,0.6021092583733916,33814.489130434784,73.27251465301507,2.4468639812191784,0.03351821955843968,4.38701764497469,2.7692423548290708,0.6310239854077139,8538_6642,0.5,0.0,0.5,30,2,30,1,30,1,30,31,1,29,31,417,FL-417 N,N,Freeway,0.587651023412,0.00855207347379,8538,6642,N,2,65863,4,417,82000,65863,70,52,70.0,0.00855207347379,1,33834.23868286445,69.67192663441494,2.8983411549510776,0.04211809702995167,3.5374316449597316,2.194032970775072,0.6165666218905528,10.429228547537294,-0.5316220048715647,0
720,6,28028.530120481933,66.95736836835819,3.4470350736069286,0.05153768673667312,2.1469868816494557,1.4690681293682168,0.6832971557797615,27801.804597701157,73.90045570541088,2.7117220507617446,0.036863936755668736,3.4732207195388507,2.4612663118381244,0.7060366858670735,8538_6642,0.0,0.0,0.0,30,2,30,1,30,1,30,31,1,29,31,417,FL-417 N,N,Freeway,0.587651023412,0.00855207347379,8538,6642,N,2,65863,4,417,82000,65863,70,52,70.0,0.00855207347379,1,27915.167359091545,70.42891203688453,3.0793785621843366,0.04420081174617092,2.8101038005941534,1.9651672206031705,0.6946669208234175,10.236925453036951,-0.5316220048715647,0
721,0,36941.010869565216,70.34285028274967,3.902293254209411,0.05591744320894576,4.141080352917453,3.314528076216702,0.7895939341477755,38444.101123595516,64.6009999814806,5.2445425526296345,0.08154249921420276,3.4360786867491377,2.7625989665756663,0.7917938056742079,8540_8538,0.5,0.5,0.0,29,2,29,1,29,1,29,30,1,28,30,417,FL-417 N,N,Freeway,0.346143731086,0.00503746932208,8540,8538,N,2,65863,4,417,82000,65863,70,66,70.0,0.00503746932208,1,37692.55599658037,67.47192513211513,4.573417903419523,0.06872997121157426,3.7885795198332954,3.038563521396184,0.7906938699109917,10.537217900267951,-1.0609011824193244,0
722,1,37581.0625,69.78843368524176,4.992191595496314,0.07226722175383428,4.389092830546186,3.7974761115010565,0.8435396975557578,39019.6404494382,64.17962568387573,5.8676661476330265,0.09202805453629244,3.5890373026980638,3.088040212079177,0.8407501563866598,8540_8538,0.5,0.0,0.5,29,2,29,1,29,1,29,30,1,28,30,417,FL-417 N,N,Freeway,0.346143731086,0.00503746932208,8540,8538,N,2,65863,4,417,82000,65863,70,66,70.0,0.00503746932208,1,38300.3514747191,66.98402968455875,5.42992887156467,0.08214763814506336,3.989065066622125,3.442758161790117,0.8421449269712088,10.553214352012246,-1.0609011824193244,0
723,2,38716.45263157895,69.59933602204381,4.784436205377676,0.06968911425371084,4.5348729561580585,3.849788001799823,0.8218520515958274,39147.24444444444,63.969964122328854,5.68354024439737,0.08945965664376801,3.722624124529125,3.042176400040306,0.8023878588968744,8540_8538,1.5,1.0,0.5,29,2,29,1,29,1,29,30,1,28,30,417,FL-417 N,N,Freeway,0.346143731086,0.00503746932208,8540,8538,N,2,65863,4,417,82000,65863,70,66,70.0,0.00503746932208,1,38931.84853801169,66.78465007218634,5.233988224887523,0.07957438544873943,4.128748540343592,3.4459822009200645,0.8121199552463509,10.569567923114787,-1.0609011824193244,0
724,3,39311.88888888888,69.48454911815968,5.340119311849226,0.07758773013691687,4.661145187277912,3.927654199467587,0.8265755805743051,41010.761904761916,63.760882747986145,6.165224420407231,0.09731952829511048,3.865971549465703,3.1874431740059084,0.8148568417999574,8540_8538,0.0,0.0,0.0,29,2,29,1,29,1,29,30,1,28,30,417,FL-417 N,N,Freeway,0.346143731086,0.00503746932208,8540,8538,N,2,65863,4,417,82000,65863,70,66,70.0,0.00503746932208,1,40161.3253968254,66.62271593307291,5.752671866128228,0.08745362921601368,4.2635583683718075,3.5575486867367476,0.8207162111871313,10.600659756730026,-1.0609011824193244,0
725,4,41663.70212765958,69.88410266800571,4.297235398821941,0.06216786007184307,4.759988765734903,3.4835757481821155,0.7211690012968697,43383.44827586207,63.925452011068465,5.4380577398099765,0.08557948562312398,3.910437185194079,2.8491459768267893,0.7192800571287598,8540_8538,0.5,0.5,0.0,29,2,29,1,29,1,29,30,1,28,30,417,FL-417 N,N,Freeway,0.346143731086,0.00503746932208,8540,8538,N,2,65863,4,417,82000,65863,70,66,70.0,0.00503746932208,1,42523.575201760825,66.90477733953709,4.8676465693159585,0.07387367284748353,4.335212975464491,3.1663608625044524,0.7202245292128147,10.657813911747105,-1.0609011824193244,0
726,5,32824.15555555555,71.72329597362398,2.314701640658397,0.032313365367696974,3.2597983137354536,1.9795356424525627,0.6075379585137751,33853.98823529412,66.07133861581481,3.349818328682977,0.05071797450146366,2.6878456449447734,1.6188235867210734,0.6021092583733916,8540_8538,0.0,0.0,0.0,29,2,29,1,29,1,29,30,1,28,30,417,FL-417 N,N,Freeway,0.346143731086,0.00503746932208,8540,8538,N,2,65863,4,417,82000,65863,70,66,70.0,0.00503746932208,1,33339.07189542484,68.89731729471939,2.832259984670687,0.04151566993458032,2.9738219793401135,1.799179614586818,0.6048236084435834,10.414485318347571,-1.0609011824193244,0
727,6,27178.95238095238,72.22718719005178,2.5789645402172328,0.035773275013026136,2.6359123324572784,1.7946079635648513,0.680195008969792,28028.530120481933,66.95736836835819,3.4470350736069286,0.05153768673667312,2.1469868816494557,1.4690681293682168,0.6832971557797615,8540_8538,0.0,0.0,0.0,29,2,29,1,29,1,29,30,1,28,30,417,FL-417 N,N,Freeway,0.346143731086,0.00503746932208,8540,8538,N,2,65863,4,417,82000,65863,70,66,70.0,0.00503746932208,1,27603.741250717158,69.59227777920498,3.012999806912081,0.04365548087484963,2.3914496070533673,1.631838046466534,0.6817460823747767,10.22570659508104,-1.0609011824193244,0
728,0,53856.14893617021,72.37341711111289,2.0671492246461933,0.028604203703920576,3.4446020300206315,2.4938294180804164,0.7218063704640574,49845.904255319154,71.41503158403606,8.11679743295883,0.1246375339763583,3.7096930376562613,2.6839196503158083,0.7202202499515585,8557_8553,0.5,0.5,0.0,37,2,37,1,37,1,37,38,1,36,38,417,FL-417 N,N,Freeway,0.414658818261,0.00613950048481,8557,8553,N,2,65863,6,417,96944,65863,70,50,70.0,0.00613950048481,1,51851.02659574468,71.89422434757446,5.091973328802512,0.07662086884013944,3.5771475338384464,2.588874534198112,0.721013310207808,10.856130012801007,-0.8802992215535523,1
729,1,54603.28125,72.05287772705788,2.5011660974711263,0.035047728976674616,3.571153422363791,2.7709793096705373,0.7618236318384165,51900.66666666666,70.73936773048527,11.903280965155668,0.2093471444956337,3.868295646815103,2.9660299915225785,0.7525044966931599,8557_8553,0.0,0.0,0.0,37,2,37,1,37,1,37,38,1,36,38,417,FL-417 N,N,Freeway,0.414658818261,0.00613950048481,8557,8553,N,2,65863,6,417,96944,65863,70,50,70.0,0.00613950048481,1,53251.97395833333,71.39612272877157,7.202223531313397,0.12219743673615416,3.7197245345894467,2.8685046505965577,0.7571640642657882,10.882790152524672,-0.8802992215535523,1
730,2,56436.884210526325,72.00663707029975,2.3032849113147327,0.0321175927222634,3.7177034538886535,2.72665326399092,0.7232950399656001,52394.073684210525,70.36451285122781,12.030070739668574,0.4743867151480883,3.912624188636759,2.814493132951332,0.7159909112106816,8557_8553,1.0,1.0,0.0,37,2,37,1,37,1,37,38,1,36,38,417,FL-417 N,N,Freeway,0.414658818261,0.00613950048481,8557,8553,N,2,65863,6,417,96944,65863,70,50,70.0,0.00613950048481,1,54415.47894736842,71.18557496076377,7.166677825491654,0.25325215393517586,3.8151638212627064,2.770573198471126,0.7196429755881408,10.90440393184404,-0.8802992215535523,1
731,3,57986.111111111124,72.07212860420778,2.316097170773081,0.0322057024972913,3.7917498197725696,2.9304650855549266,0.7272403789829983,54740.544444444444,71.6278520841428,2.548769865980027,0.035690976848024664,4.008403806504076,2.8777563525475163,0.7122605700573204,8557_8553,0.0,0.0,0.0,37,2,37,1,37,1,37,38,1,36,38,417,FL-417 N,N,Freeway,0.414658818261,0.00613950048481,8557,8553,N,2,65863,6,417,96944,65863,70,50,70.0,0.00613950048481,1,56363.327777777784,71.8499903441753,2.4324335183765537,0.03394833967265798,3.900076813138323,2.9041107190512214,0.7197504745201593,10.939574009297521,-0.8802992215535523,1
732,4,61668.11827956989,72.25410703690812,2.1855258922510097,0.030368910499096582,3.8140400099078167,2.541066006713644,0.6658022883681335,57190.37234042553,71.30029081457266,7.34836297010817,0.11737316700243244,4.146854749118712,2.7342944675615604,0.6581434948976979,8557_8553,2.5,2.0,0.5,37,2,37,1,37,1,37,38,1,36,38,417,FL-417 N,N,Freeway,0.414658818261,0.00613950048481,8557,8553,N,2,65863,6,417,96944,65863,70,50,70.0,0.00613950048481,1,59429.245309997714,71.7771989257404,4.766944431179589,0.0738710387507645,3.980447379513264,2.6376802371376025,0.6619728916329157,10.99254172947472,-0.8802992215535523,1
733,5,44442.20879120879,73.76532015150471,2.236617222058582,0.030339896317772223,2.4688910543748035,1.4318459545529199,0.5814706566195391,41174.84782608696,72.72622847220096,5.0183178750996555,0.0808891893460451,2.6236929336923938,1.5131059697912042,0.5772663037471915,8557_8553,0.5,0.5,0.0,37,2,37,1,37,1,37,38,1,36,38,417,FL-417 N,N,Freeway,0.414658818261,0.00613950048481,8557,8553,N,2,65863,6,417,96944,65863,70,50,70.0,0.00613950048481,1,42808.528308647874,73.24577431185284,3.627467548579119,0.055614542831908656,2.5462919940335986,1.472475962172062,0.5793684801833653,10.664492621268188,-0.8802992215535523,1
734,6,36789.86046511628,74.13420479534696,2.5562748964066078,0.03454487878494969,1.942768193883148,1.2841485019703835,0.6635601534253046,34401.9540229885,73.21491358485973,4.932886576566894,0.08135809671121823,2.0468328387075,1.3464863997187724,0.6560497919317665,8557_8553,1.0,1.0,0.0,37,2,37,1,37,1,37,38,1,36,38,417,FL-417 N,N,Freeway,0.414658818261,0.00613950048481,8557,8553,N,2,65863,6,417,96944,65863,70,50,70.0,0.00613950048481,1,35595.90724405239,73.67455919010334,3.7445807364867507,0.05795148774808396,1.994800516295324,1.315317450844578,0.6598049726785356,10.479985945176425,-0.8802992215535523,1
735,0,50987.67021276597,66.23341762915659,2.2413694040996632,0.03411814967902878,2.751927281182121,2.117712341278857,0.7451105685333946,46575.138297872334,67.41463380228646,3.692655594961842,0.05604167815074927,3.592640366438032,3.027012308838676,0.8064524586564402,8570_6966,1.5,1.0,0.5,47,2,47,1,47,1,47,48,1,46,48,417,FL-417 N,N,Freeway,0.312125223583,0.00480051737589,8570,6966,N,2,65863,6,417,71707,65863,70,68,70.0,0.00480051737589,1,48781.404255319154,66.82402571572152,2.9670124995307523,0.045079913914889025,3.1722838238100763,2.5723623250587666,0.7757815135949174,10.795104458877477,-1.164350814057266,1
736,1,52010.375,65.98895540200401,2.469418205898478,0.0376078272271506,2.7893652373059457,2.1007226996592228,0.7428213734066383,49234.40625,67.05160636473497,4.523623704792033,0.06891084992776902,3.727185681401632,3.386526511321358,0.8757194926764326,8570_6966,1.0,0.5,0.5,47,2,47,1,47,1,47,48,1,46,48,417,FL-417 N,N,Freeway,0.312125223583,0.00480051737589,8570,6966,N,2,65863,6,417,71707,65863,70,68,70.0,0.00480051737589,1,50622.390625,66.52028088336948,3.4965209553452556,0.05325933857745981,3.258275459353789,2.7436246054902904,0.8092704330415355,10.832149259870567,-1.164350814057266,1
737,2,52941.10526315789,65.79494084484666,2.747407151583456,0.04199669921768148,2.9003337080537968,2.242844701738294,0.7571657723895543,50536.357894736844,66.55441504325059,7.399668241575378,0.13692665434958362,3.9305472558975674,3.8104745988846647,0.9262013963526622,8570_6966,0.5,0.5,0.0,47,2,47,1,47,1,47,48,1,46,48,417,FL-417 N,N,Freeway,0.312125223583,0.00480051737589,8570,6966,N,2,65863,6,417,71707,65863,70,68,70.0,0.00480051737589,1,51738.731578947365,66.17467794404863,5.073537696579416,0.08946167678363255,3.415440481975682,3.0266596503114793,0.8416835843711082,10.85396194015052,-1.164350814057266,1
738,3,53523.155555555546,65.60798359193791,3.4818563749505533,0.053783249983116406,3.1090065081033718,2.668000751168014,0.8177042575725527,51186.888888888876,65.82503586550284,10.563721890309347,1.8866070479380832,4.245986387332708,4.3788392610951545,0.9651690436733464,8570_6966,1.5,1.0,0.5,47,2,47,1,47,1,47,48,1,46,48,417,FL-417 N,N,Freeway,0.312125223583,0.00480051737589,8570,6966,N,2,65863,6,417,71707,65863,70,68,70.0,0.00480051737589,1,52355.02222222221,65.71650972872038,7.02278913262995,0.9701951489605998,3.67749644771804,3.5234200061315843,0.8914366506229496,10.865803147174192,-1.164350814057266,1
739,4,55954.86170212767,66.11171831722784,2.246703600584288,0.03432532788881877,3.008346478706189,2.108907581946372,0.6805985455915899,52186.585106382976,67.44249959274009,3.21703662992496,0.04830635265390727,3.9241106598122384,3.035510161034864,0.7465859989524741,8570_6966,1.0,0.0,1.0,47,2,47,1,47,1,47,48,1,46,48,417,FL-417 N,N,Freeway,0.312125223583,0.00480051737589,8570,6966,N,2,65863,6,417,71707,65863,70,68,70.0,0.00480051737589,1,54070.723404255325,66.77710895498396,2.7318701152546243,0.04131584027136302,3.4662285692592136,2.572208871490618,0.713592272272032,10.898048161318462,-1.164350814057266,1
740,5,41073.989130434784,67.20592998234653,1.885639129728848,0.02809115879481441,1.896466624751485,1.0015956439621705,0.5281295838457435,40012.52173913043,68.49467497945714,3.1055628294441266,0.04641973418832933,2.434180394769894,1.3382327356412664,0.5501915500916718,8570_6966,2.0,1.0,1.0,47,2,47,1,47,1,47,48,1,46,48,417,FL-417 N,N,Freeway,0.312125223583,0.00480051737589,8570,6966,N,2,65863,6,417,71707,65863,70,68,70.0,0.00480051737589,1,40543.25543478261,67.85030248090183,2.495600979586487,0.03725544649157187,2.1653235097606895,1.1699141898017185,0.5391605669687076,10.610124718577303,-1.164350814057266,1
741,6,34466.471264367814,67.55352443210084,2.139925256307246,0.03173578767950685,1.5164155504184205,0.8964415096843021,0.5917445161137683,32884.28735632184,68.70353635623782,2.6290805137478417,0.03849265132535069,1.9565723766392944,1.2460956424254013,0.6298478611192823,8570_6966,1.0,1.0,0.0,47,2,47,1,47,1,47,48,1,46,48,417,FL-417 N,N,Freeway,0.312125223583,0.00480051737589,8570,6966,N,2,65863,6,417,71707,65863,70,68,70.0,0.00480051737589,1,33675.379310344826,68.12853039416933,2.384502885027544,0.03511421950242877,1.7364939635288574,1.0712685760548517,0.6107961886165253,10.42452226507095,-1.164350814057266,1
742,0,79680.36559139784,63.921934469274674,5.265394036183335,0.08399974280780223,3.3922405440593333,3.8037482866049124,1.0174620656513391,39622.085106382976,61.25994111174811,6.4991155887094685,0.10724080677716297,4.043313410828516,3.643209586431952,0.8681939548283779,8581_7010,3.0,2.0,1.0,1,2,1,1,1,1,1,2,1,0,2,417,FL-417 N,N,Freeway,0.919987370544,0.0149705228431,8581,7010,E,2,45451,4,417,43569,45451,70,0,70.0,0.0149705228431,1,59651.22534889041,62.59093779051139,5.882254812446401,0.0956202747924826,3.7177769774439247,3.723478936518432,0.9428280102398585,10.99626996962673,-0.08339533670284155,0
743,1,77324.35789473684,64.14356996375861,4.815287491430358,0.07665854624873791,3.16440327929896,3.4938625087175104,1.0192008224581075,38020.69791666666,61.69460274510581,6.0557141553983245,0.09895453744006637,3.8577856149866254,3.4367050425995886,0.8636131984957861,8581_7010,0.0,0.0,0.0,1,2,1,1,1,1,1,2,1,0,2,417,FL-417 N,N,Freeway,0.919987370544,0.0149705228431,8581,7010,E,2,45451,4,417,43569,45451,70,0,70.0,0.0149705228431,1,57672.52790570175,62.91908635443221,5.435500823414341,0.08780654184440215,3.511094447142793,3.4652837756585493,0.9414070104769467,10.962536219630081,-0.08339533670284155,0
744,2,80123.53191489361,63.65532639451219,5.993532929288191,0.09584164541820046,3.489045217774858,4.120203366254311,1.0959914302894966,39442.73684210527,61.110251764115475,7.075532000176464,0.11685192491729746,4.244164176807608,4.007124884619346,0.9204396887789732,8581_7010,4.0,4.0,0.0,1,2,1,1,1,1,1,2,1,0,2,417,FL-417 N,N,Freeway,0.919987370544,0.0149705228431,8581,7010,E,2,45451,4,417,43569,45451,70,0,70.0,0.0149705228431,1,59783.13437849944,62.38278907931383,6.534532464732328,0.10634678516774895,3.8666046972912334,4.063664125436828,1.0082155595342348,10.998478866355352,-0.08339533670284155,0
745,3,82308.96629213484,63.26938448117213,7.013803942709307,0.11263256109505874,3.7586470621314447,4.752058949092079,1.1796483990768265,40497.444444444445,60.64658460393308,7.532715243540503,0.1252012237809668,4.411915956356413,4.223186351420678,0.9346741791678485,8581_7010,0.5,0.5,0.0,1,2,1,1,1,1,1,2,1,0,2,417,FL-417 N,N,Freeway,0.919987370544,0.0149705228431,8581,7010,E,2,45451,4,417,43569,45451,70,0,70.0,0.0149705228431,1,61403.20536828964,61.95798454255261,7.273259593124905,0.11891689243801276,4.085281509243929,4.4876226502563785,1.0571612891223374,11.025217317467886,-0.08339533670284155,0
746,4,91721.9247311828,63.0699956425705,6.643244980332844,0.10780161579730634,4.003940581173043,4.3289262237300425,1.0088411694599109,44748.32978723403,59.6897410223291,7.987800948028085,0.13547266591367893,4.812978963012887,4.403549955708104,0.8940682062923442,8581_7010,4.5,3.5,1.0,1,2,1,1,1,1,1,2,1,0,2,417,FL-417 N,N,Freeway,0.919987370544,0.0149705228431,8581,7010,E,2,45451,4,417,43569,45451,70,0,70.0,0.0149705228431,1,68235.12725920841,61.3798683324498,7.315522964180465,0.12163714085549263,4.408459772092965,4.366238089719073,0.9514546878761275,11.130714773684154,-0.08339533670284155,0
747,5,87935.34065934065,64.91045701456106,2.1068620135748817,0.0326404548837393,2.763182505833369,1.8276314608829047,0.6537535440172726,41283.282608695656,61.33676576922193,3.9850497538760767,0.06548968602565823,3.3443936311909783,2.0488407603158643,0.5980309614934417,8581_7010,1.5,1.5,0.0,1,2,1,1,1,1,1,2,1,0,2,417,FL-417 N,N,Freeway,0.919987370544,0.0149705228431,8581,7010,E,2,45451,4,417,43569,45451,70,0,70.0,0.0149705228431,1,64609.31163401816,63.123611391891494,3.045955883725479,0.04906507045469877,3.0537880685121737,1.9382361105993846,0.6258922527553572,11.076113822324555,-0.08339533670284155,0
748,6,78453.97674418606,64.94288481421708,2.5656214908779402,0.039882591875783684,2.5727742676104186,2.043564176833672,0.7785339583818306,39319.24137931036,61.59163423419344,4.562577314132026,0.07489262354917013,3.251627925272404,2.4190598972904174,0.7275426212753469,8581_7010,1.0,0.5,0.5,1,2,1,1,1,1,1,2,1,0,2,417,FL-417 N,N,Freeway,0.919987370544,0.0149705228431,8581,7010,E,2,45451,4,417,43569,45451,70,0,70.0,0.0149705228431,1,58886.60906174821,63.26725952420526,3.5640994025049832,0.057387607712476904,2.9122010964414113,2.231312037062045,0.7530382898285888,10.983368993396892,-0.08339533670284155,0
749,0,34502.265957446805,69.03663048977798,2.983490367510081,0.04340769720380152,3.03123694031308,2.483776803231504,0.8051187626173075,34532.53846153846,70.21723550482751,2.9315884803855434,0.04192057866481959,3.3232300461983164,2.4847891387367023,0.7441289514199709,8598_8531,1.0,0.5,0.5,26,2,26,1,26,1,26,27,1,25,27,417,FL-417 N,N,Freeway,0.517090858241,0.008198573946200001,8598,8531,E,2,65863,4,417,82000,65863,70,0,70.0,0.008198573946200001,1,34517.40220949263,69.62693299730275,2.957539423947812,0.04266413793431055,3.1772334932556983,2.4842829709841032,0.7746238570186392,10.4492188877159,-0.6595366786358674,0
750,1,35217.989583333336,68.56905736964823,3.9369443943508564,0.05802961448132625,3.2186952395913067,2.9582432855996563,0.8795103192190261,34600.82105263158,69.72069617166778,3.915495265269208,0.0566163266759676,3.4615042562104983,2.826530287165635,0.8051728145555844,8598_8531,1.5,1.0,0.5,26,2,26,1,26,1,26,27,1,25,27,417,FL-417 N,N,Freeway,0.517090858241,0.008198573946200001,8598,8531,E,2,65863,4,417,82000,65863,70,0,70.0,0.008198573946200001,1,34909.405317982455,69.14487677065802,3.926219829810032,0.05732297057864692,3.3400997479009025,2.8923867863826453,0.8423415668873053,10.46051156523564,-0.6595366786358674,0
751,2,36144.242105263154,68.38196976228232,3.937310183618953,0.05822806071920555,3.3395766868730643,2.992332356734773,0.8608382562387241,36027.79787234042,69.48386207438426,3.8686633992217008,0.056268746465035435,3.602836874557124,2.8878300768081493,0.7857243063218955,8598_8531,1.5,1.5,0.0,26,2,26,1,26,1,26,27,1,25,27,417,FL-417 N,N,Freeway,0.517090858241,0.008198573946200001,8598,8531,E,2,65863,4,417,82000,65863,70,0,70.0,0.008198573946200001,1,36086.01998880179,68.9329159183333,3.902986791420327,0.057248403592120495,3.471206780715094,2.9400812167714614,0.8232812812803099,10.493660811389327,-0.6595366786358674,0
752,3,36746.88888888888,68.29022763697519,4.414795289376476,0.06539101455990286,3.461376339876636,3.185085004287393,0.8840768488830077,36335.75555555556,69.36766032485285,4.444167746646864,0.06472865396916823,3.736154572908297,3.051100934623645,0.8017158403951856,8598_8531,1.0,0.5,0.5,26,2,26,1,26,1,26,27,1,25,27,417,FL-417 N,N,Freeway,0.517090858241,0.008198573946200001,8598,8531,E,2,65863,4,417,82000,65863,70,0,70.0,0.008198573946200001,1,36541.322222222225,68.82894398091402,4.42948151801167,0.06505983426453554,3.5987654563924663,3.1180929694555193,0.8428963446390967,10.506199014888212,-0.6595366786358674,0
753,4,39496.14893617021,68.46089188697957,3.6619398214051713,0.05439967688091666,3.587806434604465,2.863693776954225,0.767701044283491,39548.55434782609,69.76352456815881,3.282548016401144,0.04756237206947778,3.830889699691621,2.6870020097574465,0.6936888102956137,8598_8531,3.0,1.5,1.5,26,2,26,1,26,1,26,27,1,25,27,417,FL-417 N,N,Freeway,0.517090858241,0.008198573946200001,8598,8531,E,2,65863,4,417,82000,65863,70,0,70.0,0.008198573946200001,1,39522.351641998146,69.1122082275692,3.4722439189031578,0.05098102447519722,3.709348067148043,2.7753478933558355,0.7306949272895523,10.584621655202735,-0.6595366786358674,0
754,5,31291.239130434784,69.91732787997981,2.0786165162475605,0.029747944754641206,2.3665460972197385,1.509831278267877,0.6387624393635575,31670.685393258427,71.22057815943455,2.2282791166169096,0.03131668638754078,2.7152785517109703,1.6839189017597418,0.6217213154622991,8598_8531,0.0,0.0,0.0,26,2,26,1,26,1,26,27,1,25,27,417,FL-417 N,N,Freeway,0.517090858241,0.008198573946200001,8598,8531,E,2,65863,4,417,82000,65863,70,0,70.0,0.008198573946200001,1,31480.962261846606,70.56895301970718,2.153447816432235,0.03053231557109099,2.5409123244653546,1.5968750900138096,0.6302418774129284,10.357138269467171,-0.6595366786358674,0
755,6,25947.383720930233,70.50756459593495,2.2162198596164315,0.031502212893277044,1.8577247452840508,1.3825768411929449,0.7409460015564534,25792.714285714286,71.78647291488348,2.508623064588297,0.03505252357260375,2.1530377635699893,1.5572539917866424,0.7212738814144418,8598_8531,0.0,0.0,0.0,26,2,26,1,26,1,26,27,1,25,27,417,FL-417 N,N,Freeway,0.517090858241,0.008198573946200001,8598,8531,E,2,65863,4,417,82000,65863,70,0,70.0,0.008198573946200001,1,25870.04900332226,71.14701875540922,2.3624214621023643,0.0332773682329404,2.00538125442702,1.4699154164897936,0.7311099414854476,10.160841169392516,-0.6595366786358674,0
756,0,30716.574468085102,69.11057661887516,2.942094406647667,0.04264693343765083,2.4728950788439596,1.879430105419544,0.7567712476404141,30437.138297872334,70.27474737864391,2.9723715371596877,0.04250103131945877,2.6742210368253536,2.089167011191393,0.7709158154050421,11015_8482,3.0,2.5,0.5,75,2,18,1,75,1,75,0,1,74,18,417,FL-417 S,S,Freeway,0.785772859603,0.0,11015,8482,W,2,65863,4,417,47654,65863,70,0,70.0,0.012835521021,1,30576.856382978716,69.69266199875953,2.9572329719036774,0.042573982378554795,2.5735580578346564,1.9842985583054684,0.7638435315227281,10.327998674427006,-0.2410875110098594,0
757,1,31321.94791666667,68.96195021074382,3.2883211339674716,0.04789694632614255,2.5481161506634398,2.07459189256302,0.8000501317696522,31030.14583333333,69.80771300928502,3.6924366496535335,0.0533365866041127,2.803647753375145,2.308724492397477,0.8027098605218632,11015_8482,1.0,1.0,0.0,75,2,18,1,75,1,75,0,1,74,18,417,FL-417 S,S,Freeway,0.785772859603,0.0,11015,8482,W,2,65863,4,417,47654,65863,70,0,70.0,0.012835521021,1,31176.046875,69.38483161001443,3.4903788918105025,0.050616766465127624,2.6758819520192922,2.191658192480248,0.8013799961457577,10.347405350577846,-0.2410875110098594,0
758,2,31710.610526315788,68.82989961255214,3.2075648005672597,0.0467332668508803,2.582003034407139,1.98548320480346,0.766908861005235,31598.010526315786,69.57303748731167,4.082179531607846,0.05927279158791135,2.9181356529640547,2.4368609313613425,0.8139334987691496,11015_8482,2.5,2.0,0.5,75,2,18,1,75,1,75,0,1,74,18,417,FL-417 S,S,Freeway,0.785772859603,0.0,11015,8482,W,2,65863,4,417,47654,65863,70,0,70.0,0.012835521021,1,31654.310526315785,69.2014685499319,3.644872166087553,0.05300302921939583,2.750069343685597,2.2111720680824014,0.7904211798871923,10.3626296118633,-0.2410875110098594,0
759,3,32717.887640449437,68.72850459392416,3.545145819261353,0.05187931279962649,2.728245128616228,2.213354804294984,0.7969035469873414,32302.7,69.11721493898706,5.475988732463401,0.08041402718186264,3.1723225158055577,2.9240124651305424,0.8843751417802328,11015_8482,1.5,1.5,0.0,75,2,18,1,75,1,75,0,1,74,18,417,FL-417 S,S,Freeway,0.785772859603,0.0,11015,8482,W,2,65863,4,417,47654,65863,70,0,70.0,0.012835521021,1,32510.293820224717,68.92285976645562,4.510567275862377,0.06614666999074456,2.950283822210893,2.5686836347127633,0.8406393443837872,10.389312051098536,-0.2410875110098594,0
760,4,35081.20430107527,67.95360552099848,5.351539584248299,0.08006205994172047,3.211137104576647,3.015258625814333,0.8868085816278113,34833.27659574468,67.85696765148154,8.255249232297063,0.1238704059462068,3.7996011809992583,3.9095889883726738,0.9784862264707278,11015_8482,5.0,4.5,0.5,75,2,18,1,75,1,75,0,1,74,18,417,FL-417 S,S,Freeway,0.785772859603,0.0,11015,8482,W,2,65863,4,417,47654,65863,70,0,70.0,0.012835521021,1,34957.240448409975,67.90528658624001,6.8033944082726805,0.10196623294396363,3.5053691427879525,3.4624238070935034,0.9326474040492696,10.461880892111928,-0.2410875110098594,0
761,5,29819.48351648352,69.95395231219315,2.8337188257539263,0.04057968933403682,2.120389540403787,1.4744252696581193,0.6928125132071192,29872.25,71.17807523972705,2.4974620934685947,0.03522486769671293,2.3206725358418376,1.559860032112263,0.667694517193282,11015_8482,1.0,0.5,0.5,75,2,18,1,75,1,75,0,1,74,18,417,FL-417 S,S,Freeway,0.785772859603,0.0,11015,8482,W,2,65863,4,417,47654,65863,70,0,70.0,0.012835521021,1,29845.866758241762,70.5660137759601,2.6655904596112605,0.03790227851537488,2.2205310381228123,1.5171426508851913,0.6802535152002006,10.303801642172722,-0.2410875110098594,0
762,6,23250.36046511628,70.58713490164877,3.1554315330898848,0.04477430856458872,1.5505688839327336,1.1542084756029334,0.7436206090356877,23132.379310344822,71.95163243987406,2.5651697474237585,0.03569732598214979,1.6876614958515033,1.2549515631083683,0.7427279223163271,11015_8482,0.5,0.0,0.5,75,2,18,1,75,1,75,0,1,74,18,417,FL-417 S,S,Freeway,0.785772859603,0.0,11015,8482,W,2,65863,4,417,47654,65863,70,0,70.0,0.012835521021,1,23191.36988773055,71.26938367076141,2.8603006402568214,0.04023581727336925,1.6191151898921183,1.2045800193556508,0.7431742656760074,10.051535500852031,-0.2410875110098594,0
763,0,29622.880434782608,70.69690549031961,3.27811017765404,0.04678602919693743,4.220936851395331,3.0881252627981763,0.7253582291441318,,,,,,,,11875_6251,0.0,0.0,0.0,103,2,46,1,103,1,103,0,1,102,46,417,FL-417 S,S,Freeway,0.115234451698,0.0,11875,6251,S,2,65863,6,417,69354,65863,70,0,70.0,0.00178172535959,1,29622.880434782608,70.69690549031961,3.27811017765404,0.04678602919693743,4.220936851395331,3.0881252627981763,0.7253582291441318,10.296302329372631,-2.160786515551366,1
764,1,30105.127659574468,70.35390902296197,3.5976477668664306,0.051430809070736064,4.309717171529639,3.1260746509589525,0.7189328370667483,,,,,,,,11875_6251,0.5,0.5,0.0,103,2,46,1,103,1,103,0,1,102,46,417,FL-417 S,S,Freeway,0.115234451698,0.0,11875,6251,S,2,65863,6,417,69354,65863,70,0,70.0,0.00178172535959,1,30105.127659574468,70.35390902296197,3.5976477668664306,0.051430809070736064,4.309717171529639,3.1260746509589525,0.7189328370667483,10.312450790367036,-2.160786515551366,1
765,2,30576.7311827957,70.0775388410118,3.690053213898324,0.05334645406485178,4.461143828323066,3.0887292604685324,0.691952800068848,,,,,,,,11875_6251,0.0,0.0,0.0,103,2,46,1,103,1,103,0,1,102,46,417,FL-417 S,S,Freeway,0.115234451698,0.0,11875,6251,S,2,65863,6,417,69354,65863,70,0,70.0,0.00178172535959,1,30576.7311827957,70.0775388410118,3.690053213898324,0.05334645406485178,4.461143828323066,3.0887292604685324,0.691952800068848,10.327994579812511,-2.160786515551366,1
766,3,31376.617977528087,70.18592812986145,3.3855879576687267,0.04861350830516095,4.593643266025612,3.1632046869849177,0.6848638930755704,,,,,,,,11875_6251,0.0,0.0,0.0,103,2,46,1,103,1,103,0,1,102,46,417,FL-417 S,S,Freeway,0.115234451698,0.0,11875,6251,S,2,65863,6,417,69354,65863,70,0,70.0,0.00178172535959,1,31376.617977528087,70.18592812986145,3.3855879576687267,0.04861350830516095,4.593643266025612,3.1632046869849177,0.6848638930755704,10.353818244109329,-2.160786515551366,1
767,4,33299.87096774193,70.12373333788072,3.5196019303714934,0.05052763999327998,4.8036179098003045,3.2932553415960086,0.6812231633404968,,,,,,,,11875_6251,0.0,0.0,0.0,103,2,46,1,103,1,103,0,1,102,46,417,FL-417 S,S,Freeway,0.115234451698,0.0,11875,6251,S,2,65863,6,417,69354,65863,70,0,70.0,0.00178172535959,1,33299.87096774193,70.12373333788072,3.5196019303714934,0.05052763999327998,4.8036179098003045,3.2932553415960086,0.6812231633404968,10.413308801118443,-2.160786515551366,1
768,5,24227.747252747253,71.92703511079662,2.696831948961296,0.03764547147106877,3.0024186046945465,1.8488910461184345,0.6149660693226272,,,,,,,,11875_6251,0.0,0.0,0.0,103,2,46,1,103,1,103,0,1,102,46,417,FL-417 S,S,Freeway,0.115234451698,0.0,11875,6251,S,2,65863,6,417,69354,65863,70,0,70.0,0.00178172535959,1,24227.747252747253,71.92703511079662,2.696831948961296,0.03764547147106877,3.0024186046945465,1.8488910461184345,0.6149660693226272,10.095253836015189,-2.160786515551366,1
769,6,19419.674418604653,72.55362443720941,2.801021427928751,0.03872239825672085,2.2486700856338224,1.4950897100239162,0.665853554891672,,,,,,,,11875_6251,0.0,0.0,0.0,103,2,46,1,103,1,103,0,1,102,46,417,FL-417 S,S,Freeway,0.115234451698,0.0,11875,6251,S,2,65863,6,417,69354,65863,70,0,70.0,0.00178172535959,1,19419.674418604653,72.55362443720941,2.801021427928751,0.03872239825672085,2.2486700856338224,1.4950897100239162,0.665853554891672,9.8740419764424,-2.160786515551366,1
770,0,70906.36170212767,72.71329294901646,2.301234001341733,0.031788354639292325,3.7091293390991233,2.5866155638140653,0.6929856536045975,52998.063829787236,70.49253796823841,2.6573979285060267,0.03791941886929725,3.248126282254848,2.2042961624311816,0.6749407428292503,6030_6316,0.0,0.0,0.0,100,2,43,1,100,1,100,0,1,99,43,417,FL-417 S,S,Freeway,0.204291489822,0.0,6030,6316,S,2,65863,6,417,96500,65863,70,49,70.0,0.00297498721815,1,61952.212765957454,71.60291545862744,2.47931596492388,0.03485388675429479,3.4786278106769855,2.3954558631226233,0.6839631982169239,11.034118604998207,-1.5882074333271947,1
771,1,70554.92708333331,72.64496997286265,2.1829085228156013,0.03014555040308036,3.7853472125077934,2.613324969258416,0.6870944913406416,54833.0,70.49473238669839,2.5805939109351765,0.03681275018299141,3.3397552028178503,2.21830095963114,0.6630812093303146,6030_6316,0.0,0.0,0.0,100,2,43,1,100,1,100,0,1,99,43,417,FL-417 S,S,Freeway,0.204291489822,0.0,6030,6316,S,2,65863,6,417,96500,65863,70,49,70.0,0.00297498721815,1,62693.96354166666,71.56985117978053,2.381751216875389,0.033479150293035886,3.562551207662822,2.415812964444778,0.675087850335478,11.046020446733728,-1.5882074333271947,1
772,2,72892.69473684211,72.54825462265542,2.358828628043105,0.03263241270986363,3.875590235197048,2.6377645798221026,0.6783964253745304,55794.031578947375,70.36713121949225,2.732388384704516,0.039064202305559466,3.443988958342545,2.2992122612265917,0.6651674391895529,6030_6316,1.0,0.5,0.5,100,2,43,1,100,1,100,0,1,99,43,417,FL-417 S,S,Freeway,0.204291489822,0.0,6030,6316,S,2,65863,6,417,96500,65863,70,49,70.0,0.00297498721815,1,64343.36315789474,71.45769292107383,2.5456085063738105,0.03584830750771155,3.659789596769796,2.468488420524347,0.6717819322820416,11.071989071075873,-1.5882074333271947,1
773,3,76169.8111111111,72.49853743444515,2.4057633177597046,0.033340623371112973,3.9464070607602992,2.6745130227403777,0.6752750762094251,56873.86666666668,70.2146084951674,2.7951422522620595,0.040030913540477546,3.5059844043337103,2.3059444280006764,0.654866089127771,6030_6316,0.0,0.0,0.0,100,2,43,1,100,1,100,0,1,99,43,417,FL-417 S,S,Freeway,0.204291489822,0.0,6030,6316,S,2,65863,6,417,96500,65863,70,49,70.0,0.00297498721815,1,66521.83888888889,71.35657296480628,2.600452785010882,0.036685768455795256,3.726195732547005,2.4902287253705273,0.6650705826685981,11.105285577075236,-1.5882074333271947,1
774,4,79514.42553191491,72.49944058374618,2.3015913659953045,0.03186684360199157,4.124415199881684,2.719405336441408,0.6562769494267483,59806.12765957447,70.05301402917326,2.604813660684725,0.03735484147945623,3.5674106584122667,2.2440844569781,0.6277285172214688,6030_6316,0.5,0.0,0.5,100,2,43,1,100,1,100,0,1,99,43,417,FL-417 S,S,Freeway,0.204291489822,0.0,6030,6316,S,2,65863,6,417,96500,65863,70,49,70.0,0.00297498721815,1,69660.27659574468,71.27622730645972,2.453202513340015,0.0346108425407239,3.845912929146975,2.4817448967097544,0.6420027333241085,11.151385514565924,-1.5882074333271947,1
775,5,58715.84782608696,73.63628639262923,2.063777339255332,0.028076525458735773,2.73814449452354,1.5853136954720155,0.5783515804948615,44347.358695652176,71.2873607831321,2.231939084796271,0.031446965871836825,2.3631460175949752,1.2822869426636885,0.5435690352738807,6030_6316,0.0,0.0,0.0,100,2,43,1,100,1,100,0,1,99,43,417,FL-417 S,S,Freeway,0.204291489822,0.0,6030,6316,S,2,65863,6,417,96500,65863,70,49,70.0,0.00297498721815,1,51531.60326086957,72.46182358788067,2.1478582120258016,0.029761745665286297,2.5506452560592576,1.4338003190678519,0.560960307884371,10.849950553993118,-1.5882074333271947,1
776,6,45876.35632183909,74.00410730827303,2.2953165557903747,0.03109288127748517,2.1083208490816223,1.3736636804198477,0.6490614078328129,35032.89655172414,71.90718439816297,2.3717625273819025,0.033145222737129734,1.8142032829032155,1.0926188267206365,0.6043193341234007,6030_6316,0.5,0.5,0.0,100,2,43,1,100,1,100,0,1,99,43,417,FL-417 S,S,Freeway,0.204291489822,0.0,6030,6316,S,2,65863,6,417,96500,65863,70,49,70.0,0.00297498721815,1,40454.62643678162,72.955645853218,2.3335395415861386,0.032119052007307455,1.961262065992419,1.233141253570242,0.6266903709781068,10.607936290156088,-1.5882074333271947,1
777,0,37929.04255319149,65.55296415688393,9.45336992972625,0.14572329120224733,5.617404525887347,5.7506937597843875,1.0017199298451192,37825.84042553192,67.28131915729475,6.984020779481252,0.10446272207505987,6.199769146910421,5.37580501649643,0.8644507863264178,6052_8088,1.5,1.0,0.5,115,2,58,1,115,1,115,0,1,114,58,417,FL-417 S,S,Freeway,0.544818945526,0.0,6052,8088,S,2,65863,5,417,78149,65863,70,39,70.0,0.00817758693968,1,37877.44148936171,66.41714165708933,8.218695354603751,0.1250930066386536,5.908586836398884,5.563249388140409,0.9330853580857685,10.542111002499425,-0.6073017495569107,1
778,1,39446.239583333336,64.37468707463749,10.799058835627113,0.16955440789920892,6.045334553446898,6.474386149531847,1.047225463293826,38388.375,66.37054245704333,7.943744529636543,0.1207918883012782,6.544045399331889,5.8068217649648615,0.8816795635232261,6052_8088,2.0,1.5,0.5,115,2,58,1,115,1,115,0,1,114,58,417,FL-417 S,S,Freeway,0.544818945526,0.0,6052,8088,S,2,65863,5,417,78149,65863,70,39,70.0,0.00817758693968,1,38917.30729166667,65.37261476584041,9.371401682631827,0.14517314810024357,6.294689976389393,6.140603957248354,0.964452513408526,10.569194348183649,-0.6073017495569107,1
779,2,40279.294736842116,63.81679830251437,11.63392359316261,0.184121293516062,6.3503099971358665,6.829374373535629,1.0590173028038146,39342.57894736842,66.06660650232341,8.211853689456316,0.12540227028992146,6.837772981033227,5.985324548508874,0.8690373122520884,6052_8088,1.0,1.0,0.0,115,2,58,1,115,1,115,0,1,114,58,417,FL-417 S,S,Freeway,0.544818945526,0.0,6052,8088,S,2,65863,5,417,78149,65863,70,39,70.0,0.00817758693968,1,39810.936842105264,64.94170240241888,9.922888641309463,0.15476178190299172,6.594041489084547,6.4073494610222514,0.9640273075279515,10.591896948551062,-0.6073017495569107,1
780,3,40899.05555555556,63.691036508635904,11.715509096260517,0.18643669019226752,6.611386208656563,6.7852276674147705,1.0065854518467208,40052.9,65.86137487479884,8.54552374304397,0.13099743492554355,7.138970902188087,6.03394982538117,0.8423712743309343,6052_8088,0.5,0.5,0.0,115,2,58,1,115,1,115,0,1,114,58,417,FL-417 S,S,Freeway,0.544818945526,0.0,6052,8088,S,2,65863,5,417,78149,65863,70,39,70.0,0.00817758693968,1,40475.97777777778,64.77620569171737,10.130516419652244,0.15871706255890555,6.875178555422325,6.40958874639797,0.9244783630888276,10.608463935827308,-0.6073017495569107,1
781,4,42989.79787234042,64.12145581011714,10.610237693946797,0.16863310967328485,6.503574873755577,6.208091934728599,0.9334997053918582,42414.65957446808,65.95849434430329,8.210710198955503,0.12619535511581875,7.315678747924648,5.8705948460396025,0.7987004110163186,6052_8088,2.0,1.5,0.5,115,2,58,1,115,1,115,0,1,114,58,417,FL-417 S,S,Freeway,0.544818945526,0.0,6052,8088,S,2,65863,5,417,78149,65863,70,39,70.0,0.00817758693968,1,42702.22872340425,65.03997507721022,9.41047394645115,0.14741423239455181,6.909626810840113,6.039343390384101,0.8661000582040884,10.662006392782109,-0.6073017495569107,1
782,5,32169.695652173912,68.93444926353932,2.392324544940043,0.03479293273682218,3.5336552176148333,2.089750362756209,0.5896228586119312,31294.847826086963,70.44177549646875,2.3222912372578053,0.03307402894626541,4.083774862031562,2.584413056302,0.6390280352348809,6052_8088,1.0,1.0,0.0,115,2,58,1,115,1,115,0,1,114,58,417,FL-417 S,S,Freeway,0.544818945526,0.0,6052,8088,S,2,65863,5,417,78149,65863,70,39,70.0,0.00817758693968,1,31732.27173913044,69.68811238000404,2.357307891098924,0.033933480841543795,3.8087150398231975,2.3370817095291043,0.6143254469234061,10.365089477952932,-0.6073017495569107,1
783,6,25864.98850574713,69.5803711767535,2.593923099707174,0.03743230070850545,2.7989989677504274,1.8527104384165192,0.6619510452890485,25052.94252873563,71.00489506002675,2.6253388715818566,0.03720586736848597,3.0827397350981545,2.125401614248066,0.6994883294271407,6052_8088,0.5,0.5,0.0,115,2,58,1,115,1,115,0,1,114,58,417,FL-417 S,S,Freeway,0.544818945526,0.0,6052,8088,S,2,65863,5,417,78149,65863,70,39,70.0,0.00817758693968,1,25458.96551724138,70.29263311839013,2.6096309856445155,0.03731908403849571,2.9408693514242907,1.9890560263322925,0.6807196873580945,10.14482323959861,-0.6073017495569107,1
784,0,31644.967741935485,75.4121127315684,2.3642875343697893,0.031411020678800375,4.474966302335192,3.388479620335223,0.7545617074480464,31546.021276595744,69.09965037566504,2.6900671183306306,0.03897079916719313,2.6459453201357834,1.9733089006265148,0.7438468380467866,6170_8603,0.0,0.0,0.0,82,2,25,1,82,1,82,0,1,81,25,417,FL-417 S,S,Freeway,0.8435224530609999,0.0,6170,8603,W,2,65863,4,417,45500,65863,70,0,70.0,0.0136065154941,1,31595.494509265613,72.25588155361672,2.52717732635021,0.035190909922996755,3.560455811235488,2.6808942604808688,0.7492042727474165,10.360769810588968,-0.170168758428044,0
785,1,32303.010526315786,75.3518844055106,2.4963456014940366,0.03319401401663783,4.549640601856294,3.465269629989555,0.7591800919141661,32205.17708333333,68.99749282870293,2.82725350824115,0.04106437789817875,2.701706400226364,2.0621680479577984,0.7598583843132825,6170_8603,1.0,0.5,0.5,82,2,25,1,82,1,82,0,1,81,25,417,FL-417 S,S,Freeway,0.8435224530609999,0.0,6170,8603,W,2,65863,4,417,45500,65863,70,0,70.0,0.0136065154941,1,32254.09380482456,72.17468861710677,2.661799554867593,0.037129195957408295,3.6256735010413292,2.7637188389736767,0.7595192381137243,10.381400253852242,-0.170168758428044,0
786,2,32935.32978723404,75.27201282203563,2.5046271595097505,0.03334843485035605,4.6955003123305845,3.498835442930088,0.7437022356076529,32824.757894736846,68.84991920980255,2.7916452223198283,0.040609358028267616,2.7758555025351805,2.054149290319311,0.7385914076614211,6170_8603,1.0,0.5,0.5,82,2,25,1,82,1,82,0,1,81,25,417,FL-417 S,S,Freeway,0.8435224530609999,0.0,6170,8603,W,2,65863,4,417,45500,65863,70,0,70.0,0.0136065154941,1,32880.04384098544,72.06096601591909,2.6481361909147894,0.036978896439311834,3.7356779074328825,2.7764923666246997,0.7411468216345369,10.40062118253253,-0.170168758428044,0
787,3,33429.449438202246,75.1906390505933,2.6776791197285887,0.035885588573883284,4.8715129287778485,3.622048944314893,0.7380445266719573,33550.333333333336,68.87812813806663,2.750942834353768,0.040039559481000124,2.8471765069895767,2.059412376064856,0.722427229272553,6170_8603,1.0,0.5,0.5,82,2,25,1,82,1,82,0,1,81,25,417,FL-417 S,S,Freeway,0.8435224530609999,0.0,6170,8603,W,2,65863,4,417,45500,65863,70,0,70.0,0.0136065154941,1,33489.89138576779,72.03438359432997,2.7143109770411784,0.0379625740274417,3.8593447178837126,2.8407306601898745,0.7302358779722551,10.41899892259899,-0.170168758428044,0
788,4,36032.68817204301,75.18591815658138,2.6279150782584937,0.03513847510365421,5.194646985849956,3.6408789750594046,0.6969532895069327,35918.65957446808,68.77607130452947,2.978141423818722,0.043544528096473065,3.0867261557788157,2.230538413839059,0.7109169275128807,6170_8603,1.0,1.0,0.0,82,2,25,1,82,1,82,0,1,81,25,417,FL-417 S,S,Freeway,0.8435224530609999,0.0,6170,8603,W,2,65863,4,417,45500,65863,70,0,70.0,0.0136065154941,1,35975.673873255546,71.98099473055542,2.803028251038608,0.03934150160006364,4.140686570814386,2.935708694449232,0.7039351085099067,10.490598263289806,-0.170168758428044,0
789,5,29660.18681318681,76.33786703594448,2.1720747585557394,0.028511084955037583,3.799395721033108,2.466598499859985,0.6491837127154645,29578.92391304348,70.16743169217004,2.3966117562254685,0.034204971454368016,2.2783606644693224,1.4839997442234305,0.6519859726264952,6170_8603,2.5,2.0,0.5,82,2,25,1,82,1,82,0,1,81,25,417,FL-417 S,S,Freeway,0.8435224530609999,0.0,6170,8603,W,2,65863,4,417,45500,65863,70,0,70.0,0.0136065154941,1,29619.555363115145,73.25264936405726,2.2843432573906037,0.0313580282047028,3.0388781927512154,1.9752991220417075,0.6505848426709798,10.296190076335558,-0.170168758428044,0
790,6,23177.197674418603,76.65564521764607,2.446804798053501,0.0319749599695984,2.8313020018792514,1.957319359149521,0.6922304894931575,23112.344827586207,70.79008171699559,2.4830470730607463,0.03513332956161387,1.7139264481703738,1.1886445516856765,0.6955403249280288,6170_8603,0.0,0.0,0.0,82,2,25,1,82,1,82,0,1,81,25,417,FL-417 S,S,Freeway,0.8435224530609999,0.0,6170,8603,W,2,65863,4,417,45500,65863,70,0,70.0,0.0136065154941,1,23144.771251002407,73.72286346732082,2.4649259355571234,0.033554144765606135,2.2726142250248125,1.5729819554175988,0.6938854072105931,10.049524170115706,-0.170168758428044,0
791,0,34478.404255319154,71.19730491867993,4.463978168080751,0.0630975815219828,3.650962658189661,2.967794947353244,0.7984686196495769,34000.44086021505,67.83522925554152,4.830193708257019,0.07153794689132979,3.3118374874396097,2.9267355531864787,0.8720202522661181,6174_8596,1.0,1.0,0.0,89,2,32,1,89,1,89,0,1,88,32,417,FL-417 S,S,Freeway,0.7148514318989999,0.0,6174,8596,S,2,65863,4,417,82000,65863,70,0,70.0,0.011124147515100002,1,34239.4225577671,69.51626708711072,4.647085938168885,0.0673177642066563,3.481400072814635,2.9472652502698615,0.8352444359578475,10.441132965562275,-0.33568054543280035,0
792,1,35436.21875,70.8105636478184,5.100472061828643,0.07242538351458178,3.7913361414290656,3.1968980684376858,0.8283475074143682,35245.458333333336,67.60866916092873,5.335771258507315,0.07931355414008341,3.4519771997493813,3.150757779637123,0.8972926321156501,6174_8596,0.0,0.0,0.0,89,2,32,1,89,1,89,0,1,88,32,417,FL-417 S,S,Freeway,0.7148514318989999,0.0,6174,8596,S,2,65863,4,417,82000,65863,70,0,70.0,0.011124147515100002,1,35340.83854166667,69.20961640437356,5.218121660167979,0.07586946882733259,3.6216566705892235,3.173827924037404,0.8628200697650092,10.472794473426557,-0.33568054543280035,0
793,2,36131.915789473685,70.8085101769697,4.7923332954358875,0.06803698587413154,3.8627985214077416,3.1388956367762124,0.8010548267368758,35844.86315789474,67.53502125296365,4.996057279714548,0.07424371551066022,3.4898865473003604,3.0546511232329574,0.8654682368766312,6174_8596,0.5,0.5,0.0,89,2,32,1,89,1,89,0,1,88,32,417,FL-417 S,S,Freeway,0.7148514318989999,0.0,6174,8596,S,2,65863,4,417,82000,65863,70,0,70.0,0.011124147515100002,1,35988.38947368421,69.17176571496668,4.894195287575218,0.07114035069239588,3.676342534354051,3.096773380004585,0.8332615318067536,10.490951650799339,-0.33568054543280035,0
794,3,36544.32222222223,70.7571570117831,4.971444300341824,0.0707715109659206,3.9682338942458726,3.2422470456023365,0.8015027522102014,36556.898876404484,67.57301919280518,4.990863429594709,0.07423045011403577,3.5649829493232814,3.087145715422128,0.8543715026251151,6174_8596,0.5,0.0,0.5,89,2,32,1,89,1,89,0,1,88,32,417,FL-417 S,S,Freeway,0.7148514318989999,0.0,6174,8596,S,2,65863,4,417,82000,65863,70,0,70.0,0.011124147515100002,1,36550.61054931336,69.16508810229413,4.981153864968267,0.0725009805399782,3.7666084217845768,3.164696380512232,0.8279371274176582,10.506453169533984,-0.33568054543280035,0
795,4,39169.085106382976,70.96260231528788,3.7258469681696327,0.053182203919092376,4.084857205219033,2.9349029447436563,0.6988895227909108,39089.17391304348,67.91921562454638,3.8535848741120895,0.0574873842533427,3.650991096688325,2.7888934361436704,0.7506027095584875,6174_8596,1.0,0.5,0.5,89,2,32,1,89,1,89,0,1,88,32,417,FL-417 S,S,Freeway,0.7148514318989999,0.0,6174,8596,S,2,65863,4,417,82000,65863,70,0,70.0,0.011124147515100002,1,39129.129509713224,69.44090896991713,3.789715921140861,0.05533479408621754,3.8679241509536793,2.8618981904436636,0.7247461161746991,10.574622468846947,-0.33568054543280035,0
796,5,30868.804347826088,72.81199943691287,2.481383972650689,0.03410905615000969,2.841678052177288,1.6980735973532548,0.5978521544071742,30938.471910112363,69.86893421420548,2.2716689212648524,0.03257846898184868,2.4097583350081058,1.6026068515811676,0.6646619732788406,6174_8596,0.0,0.0,0.0,89,2,32,1,89,1,89,0,1,88,32,417,FL-417 S,S,Freeway,0.7148514318989999,0.0,6174,8596,S,2,65863,4,417,82000,65863,70,0,70.0,0.011124147515100002,1,30903.638128969225,71.34046682555918,2.3765264469577705,0.033343762565929184,2.625718193592697,1.6503402244672112,0.6312570638430074,10.338629194756761,-0.33568054543280035,0
797,6,23957.413793103453,73.37195496210072,2.756652423531357,0.03759875605385103,2.1618409283753475,1.4211647517040176,0.6582451089021067,23819.13095238096,70.40354406887059,2.561019996067212,0.03643783520623061,1.749008224346531,1.2842897356376208,0.7344454912912616,6174_8596,0.5,0.0,0.5,89,2,32,1,89,1,89,0,1,88,32,417,FL-417 S,S,Freeway,0.7148514318989999,0.0,6174,8596,S,2,65863,4,417,82000,65863,70,0,70.0,0.011124147515100002,1,23888.272372742205,71.88774951548565,2.6588362097992846,0.03701829563004082,1.9554245763609392,1.3527272436708193,0.6963453000966842,10.081142921787906,-0.33568054543280035,0
798,0,,,,,,,,49805.719101123614,66.63075598009027,2.430753032749186,0.03675069401977122,3.6895076595683713,2.7926277713621785,0.7443530852649678,6251_11709,2.5,2.0,0.5,107,2,50,1,107,1,107,0,1,106,50,417,FL-417 S,S,Freeway,0.434654958051,0.0,6251,11709,S,2,65863,4,417,97500,65863,70,0,70.0,0.006597289192380001,1,49805.719101123614,66.63075598009027,2.430753032749186,0.03675069401977122,3.6895076595683713,2.7926277713621785,0.7443530852649678,10.815885097807001,-0.833202762525689,0
799,1,,,,,,,,51227.74725274725,66.49922130129977,2.4799017143074225,0.0376595772349145,3.794805674380626,2.795787326272192,0.720196330055038,6251_11709,0.0,0.0,0.0,107,2,50,1,107,1,107,0,1,106,50,417,FL-417 S,S,Freeway,0.434654958051,0.0,6251,11709,S,2,65863,4,417,97500,65863,70,0,70.0,0.006597289192380001,1,51227.74725274725,66.49922130129977,2.4799017143074225,0.0376595772349145,3.794805674380626,2.795787326272192,0.720196330055038,10.844036602762168,-0.833202762525689,0
800,2,,,,,,,,52571.555555555555,66.34965140746182,2.5960132498772635,0.0394238643801688,3.9197314527126834,2.8179299781283524,0.7115638186905272,6251_11709,0.0,0.0,0.0,107,2,50,1,107,1,107,0,1,106,50,417,FL-417 S,S,Freeway,0.434654958051,0.0,6251,11709,S,2,65863,4,417,97500,65863,70,0,70.0,0.006597289192380001,1,52571.555555555555,66.34965140746182,2.5960132498772635,0.0394238643801688,3.9197314527126834,2.8179299781283524,0.7115638186905272,10.869930483551775,-0.833202762525689,0
801,3,,,,,,,,54140.152941176464,66.29860380248542,2.7501714212102386,0.0419584699326876,4.010508723563205,2.9340753094272567,0.7186209715731641,6251_11709,1.5,1.5,0.0,107,2,50,1,107,1,107,0,1,106,50,417,FL-417 S,S,Freeway,0.434654958051,0.0,6251,11709,S,2,65863,4,417,97500,65863,70,0,70.0,0.006597289192380001,1,54140.152941176464,66.29860380248542,2.7501714212102386,0.0419584699326876,4.010508723563205,2.9340753094272567,0.7186209715731641,10.899331388084443,-0.833202762525689,0
802,4,,,,,,,,56765.86516853933,66.28570356502333,2.6549998626148428,0.0404274501207946,4.179178651020165,2.986666203603113,0.7014655104116785,6251_11709,0.5,0.0,0.5,107,2,50,1,107,1,107,0,1,106,50,417,FL-417 S,S,Freeway,0.434654958051,0.0,6251,11709,S,2,65863,4,417,97500,65863,70,0,70.0,0.006597289192380001,1,56765.86516853933,66.28570356502333,2.6549998626148428,0.0404274501207946,4.179178651020165,2.986666203603113,0.7014655104116785,10.946690458714572,-0.833202762525689,0
803,5,,,,,,,,41272.63218390805,67.73592454090829,1.8718754298543128,0.027691111252943226,2.606105946070379,1.5273567211282748,0.5807948244788373,6251_11709,0.5,0.5,0.0,107,2,50,1,107,1,107,0,1,106,50,417,FL-417 S,S,Freeway,0.434654958051,0.0,6251,11709,S,2,65863,4,417,97500,65863,70,0,70.0,0.006597289192380001,1,41272.63218390805,67.73592454090829,1.8718754298543128,0.027691111252943226,2.606105946070379,1.5273567211282748,0.5807948244788373,10.627954900308339,-0.833202762525689,0
804,6,,,,,,,,33238.48780487805,68.18508761738931,2.123470841904385,0.031217449992794324,1.9786566892554136,1.2869248197032992,0.6503836792664945,6251_11709,0.0,0.0,0.0,107,2,50,1,107,1,107,0,1,106,50,417,FL-417 S,S,Freeway,0.434654958051,0.0,6251,11709,S,2,65863,4,417,97500,65863,70,0,70.0,0.006597289192380001,1,33238.48780487805,68.18508761738931,2.123470841904385,0.031217449992794324,1.9786566892554136,1.2869248197032992,0.6503836792664945,10.41146375469982,-0.833202762525689,0
805,0,40741.244680851065,64.45653573174171,5.245530362412302,0.08198984661984497,3.6729604709521855,2.9709617249628497,0.7862593219960708,40820.882978723406,65.25269233175723,6.979802603188384,0.10825242308801533,4.568408555933416,4.524820079880186,0.9415432245437321,6299_6323,0.0,0.0,0.0,74,2,17,1,74,1,74,0,1,73,17,417,FL-417 S,S,Freeway,0.400506023785,0.0,6299,6323,W,2,65863,4,417,49500,65863,70,0,70.0,0.00657305147509,1,40781.063829787236,64.85461403174946,6.112666482800343,0.09512113485393014,4.120684513442801,3.747890902421518,0.8639012732699014,10.615973130835444,-0.9150264719251598,0
806,1,40648.395833333336,64.34970513875572,5.501527457279664,0.08633523713986019,3.7711338147750086,3.1421431084231686,0.8060910697921938,40813.97916666666,65.31062457514805,6.892119511767403,0.1071556885512852,4.59419513064737,4.582657157440186,0.9424280872624621,6299_6323,1.0,0.5,0.5,74,2,17,1,74,1,74,0,1,73,17,417,FL-417 S,S,Freeway,0.400506023785,0.0,6299,6323,W,2,65863,4,417,49500,65863,70,0,70.0,0.00657305147509,1,40731.1875,64.83016485695188,6.1968234845235335,0.0967454628455727,4.182664472711189,3.8624001329316773,0.8742595785273279,10.614749355631147,-0.9150264719251598,0
807,2,41500.442105263166,63.81404642659091,6.426792451496941,0.10153691641986147,4.022575681108732,3.5769316819617134,0.8650436757402651,41418.336842105266,64.5108070493132,8.618152171040713,0.13508412251439425,5.0657990135542486,5.545562269100058,1.0459457036621511,6299_6323,0.0,0.0,0.0,74,2,17,1,74,1,74,0,1,73,17,417,FL-417 S,S,Freeway,0.400506023785,0.0,6299,6323,W,2,65863,4,417,49500,65863,70,0,70.0,0.00657305147509,1,41459.38947368422,64.16242673795206,7.522472311268826,0.11831051946712787,4.544187347331491,4.561246975530886,0.9554946897012081,10.63246966021044,-0.9150264719251598,0
808,3,42544.54444444445,63.17980300419786,7.2390211673609395,0.11581235134932613,4.307822557450323,3.9484571975941,0.8838508501551819,42746.38888888888,63.81951458431772,9.584994621677428,0.15239894278537794,5.565224999100057,6.277326940284407,1.0700651093077649,6299_6323,0.5,0.0,0.5,74,2,17,1,74,1,74,0,1,73,17,417,FL-417 S,S,Freeway,0.400506023785,0.0,6299,6323,W,2,65863,4,417,49500,65863,70,0,70.0,0.00657305147509,1,42645.46666666667,63.49965879425779,8.412007894519183,0.13410564706735204,4.936523778275189,5.112892068939254,0.9769579797314734,10.660676255750356,-0.9150264719251598,0
809,4,45809.94680851064,61.683411230167295,9.77042260442202,0.15991917467563135,5.1358482290514385,5.1957628206338295,0.9875815117822055,45875.82978723403,61.64186517471985,13.258526474380208,0.217754363564218,7.034720522859505,8.562105254384809,1.1804517702830108,6299_6323,1.0,1.0,0.0,74,2,17,1,74,1,74,0,1,73,17,417,FL-417 S,S,Freeway,0.400506023785,0.0,6299,6323,W,2,65863,4,417,49500,65863,70,0,70.0,0.00657305147509,1,45842.88829787234,61.662638202443574,11.514474539401114,0.1888367691199247,6.085284375955472,6.878934037509319,1.0840166410326082,10.732975357646973,-0.9150264719251598,0
810,5,39788.239130434784,65.16591798437686,3.787849318748087,0.05875406410614796,3.0104320758910985,1.8351582866214105,0.5863198590593188,39986.35164835165,66.77383551460504,3.3967412789746483,0.05150642382129352,3.6581266877152,2.4831466228269297,0.6348678690126336,6299_6323,0.0,0.0,0.0,74,2,17,1,74,1,74,0,1,73,17,417,FL-417 S,S,Freeway,0.400506023785,0.0,6299,6323,W,2,65863,4,417,49500,65863,70,0,70.0,0.00657305147509,1,39887.29538939321,65.96987674949095,3.5922952988613677,0.05513024396372074,3.3342793818031495,2.15915245472417,0.6105938640359763,10.593813140880913,-0.9150264719251598,0
811,6,32544.126436781607,66.04625474911143,3.2102646245767548,0.04895006220167245,2.348791219582904,1.3786099276018262,0.5879109037235816,32666.793103448275,67.53747263455979,2.8751009393511677,0.04276867895802085,2.7619875888203054,1.7178123777002436,0.621802865779405,6299_6323,0.5,0.5,0.0,74,2,17,1,74,1,74,0,1,73,17,417,FL-417 S,S,Freeway,0.400506023785,0.0,6299,6323,W,2,65863,4,417,49500,65863,70,0,70.0,0.00657305147509,1,32605.45977011494,66.7918636918356,3.0426827819639612,0.04585937057984665,2.5553894042016045,1.548211152651035,0.6048568847514932,10.392235030942878,-0.9150264719251598,0
812,0,52998.063829787236,70.49253796823841,2.6573979285060267,0.03791941886929725,3.248126282254848,2.2042961624311816,0.6749407428292503,53903.1914893617,69.87586568760972,2.6740959030417284,0.038436224044993327,3.860662079536296,2.7330112712867605,0.7027287055412123,6316_6895,0.0,0.0,0.0,99,2,42,1,99,1,99,0,1,98,42,417,FL-417 S,S,Freeway,0.384461451754,0.0,6316,6895,S,2,65863,6,417,96500,65863,70,46,70.0,0.0056234813884300005,1,53450.62765957447,70.18420182792406,2.6657469157738776,0.03817782145714529,3.5543941808955717,2.468653716858971,0.6888347241852313,10.886513659313607,-0.9559117505786136,1
813,1,54833.0,70.49473238669839,2.5805939109351765,0.03681275018299141,3.3397552028178503,2.21830095963114,0.6630812093303146,55273.59375,69.8298392342539,2.6601350529527013,0.0382667869272506,3.9590713375084654,2.767504146103976,0.6967918550831039,6316_6895,0.0,0.0,0.0,99,2,42,1,99,1,99,0,1,98,42,417,FL-417 S,S,Freeway,0.384461451754,0.0,6316,6895,S,2,65863,6,417,96500,65863,70,46,70.0,0.0056234813884300005,1,55053.296875,70.16228581047613,2.620364481943939,0.037539768555121006,3.6494132701631576,2.492902552867558,0.6799365322067092,10.916057029095079,-0.9559117505786136,1
814,2,55794.031578947375,70.36713121949225,2.732388384704516,0.039064202305559466,3.443988958342545,2.2992122612265917,0.6651674391895529,56239.72631578947,69.75249983669863,2.693900726716039,0.03876676000125651,4.079161947960771,2.8144968302796602,0.6878420380248406,6316_6895,0.0,0.0,0.0,99,2,42,1,99,1,99,0,1,98,42,417,FL-417 S,S,Freeway,0.384461451754,0.0,6316,6895,S,2,65863,6,417,96500,65863,70,46,70.0,0.0056234813884300005,1,56016.87894736842,70.05981552809544,2.7131445557102776,0.03891548115340799,3.761575453151658,2.5568545457531258,0.6765047386071967,10.933408334076923,-0.9559117505786136,1
815,3,56873.86666666668,70.2146084951674,2.7951422522620595,0.040030913540477546,3.5059844043337103,2.3059444280006764,0.654866089127771,57401.444444444445,69.55374825204926,2.935974412511661,0.04243778171355991,4.204620072900648,2.909129801734872,0.6875640826916477,6316_6895,0.0,0.0,0.0,99,2,42,1,99,1,99,0,1,98,42,417,FL-417 S,S,Freeway,0.384461451754,0.0,6316,6895,S,2,65863,6,417,96500,65863,70,46,70.0,0.0056234813884300005,1,57137.65555555557,69.88417837360834,2.8655583323868603,0.04123434762701873,3.8553022386171794,2.607537114867774,0.6712150859097094,10.953218645113749,-0.9559117505786136,1
816,4,59806.12765957447,70.05301402917326,2.604813660684725,0.03735484147945623,3.5674106584122667,2.2440844569781,0.6277285172214688,60375.170212765974,69.55508951866726,2.536288053352765,0.03659741844199784,4.355380373937492,2.871188808657517,0.6561815566526559,6316_6895,0.5,0.5,0.0,99,2,42,1,99,1,99,0,1,98,42,417,FL-417 S,S,Freeway,0.384461451754,0.0,6316,6895,S,2,65863,6,417,96500,65863,70,46,70.0,0.0056234813884300005,1,60090.648936170226,69.80405177392026,2.570550857018745,0.036976129960727036,3.9613955161748793,2.5576366328178084,0.6419550369370624,11.003609516673391,-0.9559117505786136,1
817,5,44347.358695652176,71.2873607831321,2.231939084796271,0.031446965871836825,2.3631460175949752,1.2822869426636885,0.5435690352738807,44567.34782608696,70.7917969040492,2.0795173448103754,0.02947505127432345,2.8426627139382994,1.642689829102304,0.5780034980862868,6316_6895,0.0,0.0,0.0,99,2,42,1,99,1,99,0,1,98,42,417,FL-417 S,S,Freeway,0.384461451754,0.0,6316,6895,S,2,65863,6,417,96500,65863,70,46,70.0,0.0056234813884300005,1,44457.35326086957,71.03957884359065,2.1557282148033234,0.030461008573080137,2.602904365766637,1.4624883858829962,0.5607862666800838,10.702285654951503,-0.9559117505786136,1
818,6,35032.89655172414,71.90718439816297,2.3717625273819025,0.033145222737129734,1.8142032829032155,1.0926188267206365,0.6043193341234007,35278.73563218391,71.36941494439706,2.2889997634124684,0.03220119757037368,2.130489656439782,1.3572866172282247,0.6380251592756204,6316_6895,0.0,0.0,0.0,99,2,42,1,99,1,99,0,1,98,42,417,FL-417 S,S,Freeway,0.384461451754,0.0,6316,6895,S,2,65863,6,417,96500,65863,70,46,70.0,0.0056234813884300005,1,35155.816091954024,71.63829967128001,2.3303811453971854,0.03267321015375171,1.9723464696714987,1.2249527219744305,0.6211722466995105,10.467545348471457,-0.9559117505786136,1
819,0,40815.563829787236,71.77941057835514,2.5499088779232304,0.03571401648906712,2.8336407780325485,1.975444893221072,0.6889284877301124,40741.244680851065,64.45653573174171,5.245530362412302,0.08198984661984497,3.6729604709521855,2.9709617249628497,0.7862593219960708,6618_6299,0.5,0.0,0.5,79,2,22,1,79,1,79,0,1,78,22,417,FL-417 S,S,Freeway,0.785759402068,0.0,6618,6299,W,2,65863,4,417,49500,65863,70,0,70.0,0.0128970603721,1,40778.404255319154,68.11797315504842,3.8977196201677664,0.05885193155445605,3.253300624492367,2.4732033090919607,0.7375939048630916,10.615907912791936,-0.24110463765158172,0
820,1,40897.59375,71.42518834834875,3.277035224448032,0.04623042563405098,2.9277920769647885,2.2516094643780407,0.7485649564864131,40648.395833333336,64.34970513875572,5.501527457279664,0.08633523713986019,3.7711338147750086,3.1421431084231686,0.8060910697921938,6618_6299,3.0,1.0,2.0,79,2,22,1,79,1,79,0,1,78,22,417,FL-417 S,S,Freeway,0.785759402068,0.0,6618,6299,W,2,65863,4,417,49500,65863,70,0,70.0,0.0128970603721,1,40772.99479166667,67.88744674355223,4.389281340863848,0.06628283138695558,3.349462945869899,2.6968762864006046,0.7773280131393034,10.615775248883686,-0.24110463765158172,0
821,2,41461.31578947369,71.25120513398103,3.6309844357982985,0.05148713416394027,3.0262395403455726,2.3489169740121927,0.7560577768433646,41500.442105263166,63.81404642659091,6.426792451496941,0.10153691641986147,4.022575681108732,3.5769316819617134,0.8650436757402651,6618_6299,1.5,1.0,0.5,79,2,22,1,79,1,79,0,1,78,22,417,FL-417 S,S,Freeway,0.785759402068,0.0,6618,6299,W,2,65863,4,417,49500,65863,70,0,70.0,0.0128970603721,1,41480.87894736843,67.53262578028597,5.02888844364762,0.07651202529190088,3.5244076107271525,2.9629243279869533,0.8105507262918148,10.632987851785515,-0.24110463765158172,0
822,3,42468.03333333333,70.97010287094146,4.654262678803409,0.06622130517383464,3.2730660487954437,2.7488818552348984,0.8105820933637499,42544.54444444445,63.17980300419786,7.2390211673609395,0.11581235134932613,4.307822557450323,3.9484571975941,0.8838508501551819,6618_6299,2.5,1.0,1.5,79,2,22,1,79,1,79,0,1,78,22,417,FL-417 S,S,Freeway,0.785759402068,0.0,6618,6299,W,2,65863,4,417,49500,65863,70,0,70.0,0.0128970603721,1,42506.28888888889,67.07495293756966,5.946641923082174,0.09101682826158039,3.790444303122883,3.348669526414499,0.8472164717594659,10.657407317821667,-0.24110463765158172,0
823,4,45841.063829787236,69.83432432840837,7.043840639798956,0.10215386126639504,3.9067878099704174,3.698047042069962,0.9097138479113088,45809.94680851064,61.683411230167295,9.77042260442202,0.15991917467563135,5.1358482290514385,5.1957628206338295,0.9875815117822055,6618_6299,2.5,2.0,0.5,79,2,22,1,79,1,79,0,1,78,22,417,FL-417 S,S,Freeway,0.785759402068,0.0,6618,6299,W,2,65863,4,417,49500,65863,70,0,70.0,0.0128970603721,1,45825.50531914894,65.75886777928784,8.407131622110487,0.1310365179710132,4.521318019510928,4.446904931351896,0.9486476798467571,10.732596099797112,-0.24110463765158172,0
824,5,39915.02173913043,72.31854179393194,2.160730624871304,0.02996837580757505,2.5044074320712446,1.5209993116903415,0.6035546403591185,39788.239130434784,65.16591798437686,3.787849318748087,0.05875406410614796,3.0104320758910985,1.8351582866214105,0.5863198590593188,6618_6299,0.0,0.0,0.0,79,2,22,1,79,1,79,0,1,78,22,417,FL-417 S,S,Freeway,0.785759402068,0.0,6618,6299,W,2,65863,4,417,49500,65863,70,0,70.0,0.0128970603721,1,39851.63043478261,68.7422298891544,2.9742899718096956,0.04436121995686151,2.7574197539811713,1.6780787991558759,0.5949372497092187,10.592918597679578,-0.24110463765158172,0
825,6,32616.011494252874,72.86898396745306,2.2216491469556456,0.030523989779446183,1.93412840094936,1.2241224804696489,0.6341850168002291,32544.126436781607,66.04625474911143,3.2102646245767548,0.04895006220167245,2.348791219582904,1.3786099276018262,0.5879109037235816,6618_6299,0.5,0.5,0.0,79,2,22,1,79,1,79,0,1,78,22,417,FL-417 S,S,Freeway,0.785759402068,0.0,6618,6299,W,2,65863,4,417,49500,65863,70,0,70.0,0.0128970603721,1,32580.06896551724,69.45761935828224,2.7159568857662,0.03973702599055932,2.141459810266132,1.3013662040357374,0.6110479602619053,10.391455998959113,-0.24110463765158172,0
826,0,49300.72826086957,70.9036835243297,2.4589192732208285,0.03489868477988115,4.5377913689427105,3.1997369120846013,0.7034848829180321,48785.414893617024,69.7981834058199,2.3571883512692366,0.03392181843458812,3.3607221271192933,2.3085572176512232,0.6852261838697313,6691_8563,0.0,0.0,0.0,113,2,56,1,113,1,113,0,1,112,56,417,FL-417 S,S,Freeway,0.435234167071,0.0,6691,8563,S,2,65863,6,417,91500,65863,70,46,70.0,0.00652750783436,1,49043.071577243296,70.3509334650748,2.408053812245033,0.03441025160723464,3.9492567480310017,2.7541470648679125,0.6943555333938818,10.800454202768627,-0.8318710776273052,1
827,1,50918.95744680851,70.72232204852774,2.641079335121316,0.037508357653587836,4.6746401149286685,3.3613717681650317,0.7158096309322359,50288.11458333334,69.7440241018973,2.42488105527142,0.03485198992134357,3.4464868348354667,2.4182654364512075,0.6980448486768241,6691_8563,0.0,0.0,0.0,113,2,56,1,113,1,113,0,1,112,56,417,FL-417 S,S,Freeway,0.435234167071,0.0,6691,8563,S,2,65863,6,417,91500,65863,70,46,70.0,0.00652750783436,1,50603.53601507093,70.23317307521252,2.5329801951963677,0.0361801737874657,4.060563474882068,2.88981860230812,0.7069272398045301,10.831776734554712,-0.8318710776273052,1
828,2,51674.817204301085,70.54727499636545,2.7853994960501858,0.03966823997402615,4.830872111908045,3.4026851064332897,0.7022419918972128,51257.442105263166,69.57628288662997,2.589349904607251,0.03734416206946197,3.5729125800979245,2.4615620310335844,0.6861590595984359,6691_8563,1.0,1.0,0.0,113,2,56,1,113,1,113,0,1,112,56,417,FL-417 S,S,Freeway,0.435234167071,0.0,6691,8563,S,2,65863,6,417,91500,65863,70,46,70.0,0.00652750783436,1,51466.129654782126,70.0617789414977,2.6873747003287183,0.03850620102174406,4.2018923460029844,2.932123568733437,0.6942005257478243,10.848679193681527,-0.8318710776273052,1
829,3,52422.954545454544,70.43426823265365,2.8813956384799537,0.04127956887461584,5.015148128693352,3.4270490142190964,0.681330098199258,52028.81111111112,69.40309088659555,2.6516895116666075,0.03850892037813837,3.6996907210258376,2.4618837172901067,0.6626066640888696,6691_8563,0.5,0.0,0.5,113,2,56,1,113,1,113,0,1,112,56,417,FL-417 S,S,Freeway,0.435234167071,0.0,6691,8563,S,2,65863,6,417,91500,65863,70,46,70.0,0.00652750783436,1,52225.88282828283,69.9186795596246,2.766542575073281,0.039894244626377105,4.357419424859595,2.9444663657546015,0.6719683811440638,10.86333349060516,-0.8318710776273052,1
830,4,55481.96739130434,70.33576668888665,3.1700628367473795,0.045842638615560635,5.274379550004562,3.6544088044270433,0.6818374365591847,55444.936170212764,69.38528584943775,2.8023258481364928,0.04081295998181512,3.859056707036674,2.591431165595133,0.6615980979318831,6691_8563,0.5,0.5,0.0,113,2,56,1,113,1,113,0,1,112,56,417,FL-417 S,S,Freeway,0.435234167071,0.0,6691,8563,S,2,65863,6,417,91500,65863,70,46,70.0,0.00652750783436,1,55463.45178075855,69.8605262691622,2.9861943424419364,0.04332779929868788,4.566718128520618,3.1229199850110883,0.6717177672455339,10.923479556337911,-0.8318710776273052,1
831,5,41068.48888888889,72.07423433166699,1.9926920490465967,0.027715898394909184,3.3675147667289282,2.023255522074265,0.6005999822202506,41003.40217391304,70.76063380992134,2.0931499132593,0.029636769895204813,2.5150759255285595,1.468913299603327,0.5842830120922343,6691_8563,0.0,0.0,0.0,113,2,56,1,113,1,113,0,1,112,56,417,FL-417 S,S,Freeway,0.435234167071,0.0,6691,8563,S,2,65863,6,417,91500,65863,70,46,70.0,0.00652750783436,1,41035.94553140097,71.41743407079417,2.0429209811529483,0.028676334145057,2.9412953461287437,1.746084410838796,0.5924414971562424,10.622203681869774,-0.8318710776273052,1
832,6,32809.16470588235,72.38617153072596,2.3062409524796896,0.03203984057704455,2.601542954309489,1.7033750546976991,0.6536347932193616,32400.183908045976,71.0703858744075,2.482660350765314,0.03514603483115289,1.9494051959452627,1.2617617393594318,0.6384190712049754,6691_8563,0.5,0.5,0.0,113,2,56,1,113,1,113,0,1,112,56,417,FL-417 S,S,Freeway,0.435234167071,0.0,6691,8563,S,2,65863,6,417,91500,65863,70,46,70.0,0.00652750783436,1,32604.674306964163,71.72827870256674,2.3944506516225017,0.03359293770409872,2.275474075127376,1.4825683970285655,0.6460269322121686,10.392210940725553,-0.8318710776273052,1
833,0,36482.914893617024,67.92560732347245,3.284797309093098,0.04861047766528629,2.870959198628968,1.7126192196145866,0.5974363336135556,35425.68085106384,64.84284752528288,2.5598241994846056,0.039600683585544125,3.149932097358344,1.9308062520732323,0.6138773649882721,6889_6071,0.5,0.5,0.0,61,2,3,1,61,1,61,0,1,60,3,417,FL-417 S,S,Freeway,0.341332374707,0.0,6889,6071,W,2,45451,4,417,69500,45451,70,0,70.0,0.0055685035959300005,1,35954.29787234043,66.38422742437766,2.922310754288852,0.04410558062541521,3.010445647993656,1.8217127358439096,0.6056568493009138,10.490003907389877,-1.0748985705303233,0
834,1,36195.739583333336,68.00485771826784,3.2739166969082727,0.048325373201113526,2.8727809493961893,1.6766024195297613,0.5864455194366592,35175.354166666664,64.9038945313949,2.5724985230526403,0.03977928055561091,3.130554577659556,1.9196233580402464,0.6102165976499501,6889_6071,0.0,0.0,0.0,61,2,3,1,61,1,61,0,1,60,3,417,FL-417 S,S,Freeway,0.341332374707,0.0,6889,6071,W,2,45451,4,417,69500,45451,70,0,70.0,0.0055685035959300005,1,35685.546875,66.45437612483137,2.9232076099804565,0.04405232687836222,3.0016677635278723,1.798112888785004,0.5983310585433046,10.482501036354295,-1.0748985705303233,0
835,2,37341.63157894737,67.8488714111656,3.243836609298977,0.047904031313328745,2.987257463950339,1.7364598883088391,0.5825679377751575,36030.74736842105,64.86761095896458,2.5576058351355813,0.03947613823803533,3.2438242640678068,1.9764981527045604,0.6078272502229063,6889_6071,0.0,0.0,0.0,61,2,3,1,61,1,61,0,1,60,3,417,FL-417 S,S,Freeway,0.341332374707,0.0,6889,6071,W,2,45451,4,417,69500,45451,70,0,70.0,0.0055685035959300005,1,36686.18947368421,66.35824118506508,2.900721222217279,0.043690084775682037,3.115540864009073,1.8564790205066997,0.5951975939990319,10.510155654601846,-1.0748985705303233,0
836,3,38693.944444444445,67.67584801588147,3.3700673062013937,0.04999228670657975,3.1067757435086825,1.7581894939903964,0.565820084979992,37448.922222222216,64.69454971256968,2.6832976321487325,0.04174348457269832,3.4242424468612964,2.0811174841235243,0.5949176458613948,6889_6071,0.0,0.0,0.0,61,2,3,1,61,1,61,0,1,60,3,417,FL-417 S,S,Freeway,0.341332374707,0.0,6889,6071,W,2,45451,4,417,69500,45451,70,0,70.0,0.0055685035959300005,1,38071.433333333334,66.18519886422558,3.0266824691750633,0.04586788563963903,3.2655090951849894,1.9196534890569603,0.5803688654206934,10.54721949861089,-1.0748985705303233,0
837,4,43898.3085106383,66.96566439463133,3.891658120048053,0.058361835676908926,3.4529033404520284,1.8562971358393927,0.5381631092539529,42628.44680851064,64.40795502506636,2.6950834268745507,0.04194650667847477,3.786350725601843,2.1094343244165885,0.5583574421747707,6889_6071,0.5,0.0,0.5,61,2,3,1,61,1,61,0,1,60,3,417,FL-417 S,S,Freeway,0.341332374707,0.0,6889,6071,W,2,45451,4,417,69500,45451,70,0,70.0,0.0055685035959300005,1,43263.37765957447,65.68680970984884,3.2933707734613016,0.050154171177691845,3.619627033026936,1.9828657301279906,0.5482602757143618,10.675061774581499,-1.0748985705303233,0
838,5,39852.67391304348,67.18892186993509,4.268466311938181,0.06381790637226567,2.9063409030854386,1.7329874842162731,0.5907691156743102,39290.03333333333,64.95997324478856,2.7300755201002445,0.042128432955033296,3.147261439403063,1.869352008661828,0.5939429085451597,6889_6071,0.0,0.0,0.0,61,2,3,1,61,1,61,0,1,60,3,417,FL-417 S,S,Freeway,0.341332374707,0.0,6889,6071,W,2,45451,4,417,69500,45451,70,0,70.0,0.0055685035959300005,1,39571.353623188406,66.07444755736182,3.4992709160192126,0.05297316966364948,3.0268011712442506,1.8011697464390506,0.592356012109735,10.58586074211352,-1.0748985705303233,0
839,6,32254.08045977012,68.31198261975055,3.562774055651192,0.05258889376726975,2.2289794550083784,1.3114364768375089,0.5889374502194333,32017.104651162783,65.54326975779806,2.657361983518108,0.04078266348948864,2.4582966260364087,1.5503065939279863,0.6310899835896321,6889_6071,0.0,0.0,0.0,61,2,3,1,61,1,61,0,1,60,3,417,FL-417 S,S,Freeway,0.341332374707,0.0,6889,6071,W,2,45451,4,417,69500,45451,70,0,70.0,0.0055685035959300005,1,32135.59255546645,66.9276261887743,3.1100680195846504,0.04668577862837919,2.3436380405223938,1.4308715353827477,0.6100137169045328,10.377719497201786,-1.0748985705303233,0
840,0,53903.1914893617,69.87586568760972,2.6740959030417284,0.038436224044993327,3.860662079536296,2.7330112712867605,0.7027287055412123,52157.776595744675,70.99659409680343,2.6840374450967985,0.03792446131970963,3.2404019997499125,2.24408512472987,0.6882711669375241,6895_8383,2.0,1.0,1.0,98,2,41,1,98,1,98,0,1,97,41,417,FL-417 S,S,Freeway,0.245820660608,0.0,6895,8383,S,2,65863,6,417,96500,65863,70,46,70.0,0.00359398865315,1,53030.48404255319,70.43622989220657,2.6790666740692632,0.03818034268235148,3.5505320396431044,2.4885481980083153,0.6954999362393681,10.878622197801251,-1.4031530308341749,1
841,1,55273.59375,69.8298392342539,2.6601350529527013,0.0382667869272506,3.9590713375084654,2.767504146103976,0.6967918550831039,53550.60416666666,70.86183434447592,2.576429311087186,0.03639321434107617,3.3098794482021487,2.250540932200616,0.6788399769435074,6895_8383,0.0,0.0,0.0,98,2,41,1,98,1,98,0,1,97,41,417,FL-417 S,S,Freeway,0.245820660608,0.0,6895,8383,S,2,65863,6,417,96500,65863,70,46,70.0,0.00359398865315,1,54412.09895833333,70.34583678936491,2.618282182019944,0.037330000634163384,3.634475392855307,2.509022539152296,0.6878159160133057,10.904341815437496,-1.4031530308341749,1
842,2,56239.72631578947,69.75249983669863,2.693900726716039,0.03876676000125651,4.079161947960771,2.8144968302796602,0.6878420380248406,54223.17894736842,70.75560473838723,2.762401654347763,0.03917799748742204,3.424050488370544,2.3214284739249607,0.6757137043376383,6895_8383,0.0,0.0,0.0,98,2,41,1,98,1,98,0,1,97,41,417,FL-417 S,S,Freeway,0.245820660608,0.0,6895,8383,S,2,65863,6,417,96500,65863,70,46,70.0,0.00359398865315,1,55231.45263157894,70.25405228754293,2.728151190531901,0.03897237874433927,3.7516062181656578,2.5679626521023105,0.6817778711812394,10.919287864044538,-1.4031530308341749,1
843,3,57401.444444444445,69.55374825204926,2.935974412511661,0.04243778171355991,4.204620072900648,2.909129801734872,0.6875640826916477,55581.155555555546,70.5289598557757,3.1450686128308014,0.045046823356040835,3.5321368401942435,2.4336889997109266,0.6804539018733686,6895_8383,0.5,0.5,0.0,98,2,41,1,98,1,98,0,1,97,41,417,FL-417 S,S,Freeway,0.245820660608,0.0,6895,8383,S,2,65863,6,417,96500,65863,70,46,70.0,0.00359398865315,1,56491.299999999996,70.04135405391247,3.0405215126712313,0.043742302534800374,3.868378456547446,2.671409400722899,0.6840089922825081,10.941841922977156,-1.4031530308341749,1
844,4,60375.170212765974,69.55508951866726,2.536288053352765,0.03659741844199784,4.355380373937492,2.871188808657517,0.6561815566526559,58516.170212765974,70.58897350492472,2.7001109135145938,0.03837250621937949,3.5978023544325364,2.3225548447822235,0.6431753956004861,6895_8383,0.0,0.0,0.0,98,2,41,1,98,1,98,0,1,97,41,417,FL-417 S,S,Freeway,0.245820660608,0.0,6895,8383,S,2,65863,6,417,96500,65863,70,46,70.0,0.00359398865315,1,59445.670212765974,70.07203151179598,2.6181994834336795,0.03748496233068867,3.976591364185014,2.5968718267198705,0.649678476126571,10.992818068730998,-1.4031530308341749,1
845,5,44567.34782608696,70.7917969040492,2.0795173448103754,0.02947505127432345,2.8426627139382994,1.642689829102304,0.5780034980862868,43181.27173913043,72.23124574049301,2.1591851377637363,0.029925344292365274,2.412890063673407,1.3876876054875225,0.5755881585187046,6895_8383,0.0,0.0,0.0,98,2,41,1,98,1,98,0,1,97,41,417,FL-417 S,S,Freeway,0.245820660608,0.0,6895,8383,S,2,65863,6,417,96500,65863,70,46,70.0,0.00359398865315,1,43874.309782608696,71.51152132227111,2.119351241287056,0.029700197783344363,2.627776388805853,1.5151887172949132,0.5767958283024957,10.689084229193913,-1.4031530308341749,1
846,6,35278.73563218391,71.36941494439706,2.2889997634124684,0.03220119757037368,2.130489656439782,1.3572866172282247,0.6380251592756204,34251.14942528736,72.90118483425347,2.357841436653415,0.03238772724422728,1.8471411874923989,1.1819721335940938,0.64107364517042,6895_8383,0.0,0.0,0.0,98,2,41,1,98,1,98,0,1,97,41,417,FL-417 S,S,Freeway,0.245820660608,0.0,6895,8383,S,2,65863,6,417,96500,65863,70,46,70.0,0.00359398865315,1,34764.942528735635,72.13529988932527,2.3234206000329416,0.03229446240730048,1.9888154219660903,1.2696293754111592,0.6395494022230201,10.456364759396001,-1.4031530308341749,1
847,0,49634.44680851064,131.8305791768043,3.3871146663112435,0.02580843374780046,4.817244638931747,3.32826761169874,0.6869632465332969,50063.276595744675,70.48715738389652,2.597455349762611,0.03692048078794395,3.3270562335006524,2.323622886216352,0.6948908897823353,6968_8555,2.0,1.5,0.5,104,2,47,1,104,1,104,0,1,103,47,417,FL-417 S,S,Freeway,1.05000682196,0.0,6968,8555,S,2,65863,4,417,97500,65863,70,43,70.0,0.015279000597600003,1,49848.86170212766,101.1588682803504,2.9922850080369274,0.03136445726787221,4.0721504362162,2.825945248957546,0.6909270681578161,10.816750940668445,0.04879666125308787,0
848,1,51080.59375,131.5051532871307,3.6219419648262816,0.02769781458061184,4.9472387053595455,3.4024263233462384,0.6850005254454051,51495.63541666666,70.35491063304903,2.6309619183232225,0.03747412810677229,3.4163847320927405,2.3899254949689355,0.6955661671870516,6968_8555,2.0,2.0,0.0,104,2,47,1,104,1,104,0,1,103,47,417,FL-417 S,S,Freeway,1.05000682196,0.0,6968,8555,S,2,65863,4,417,97500,65863,70,43,70.0,0.015279000597600003,1,51288.11458333333,100.93003196008986,3.126451941574752,0.032585971343692066,4.181811718726143,2.896175909157587,0.6902833463162283,10.84521431978044,0.04879666125308787,0
849,2,51763.47368421053,131.41079672100096,3.8946531968494345,0.02984613388238704,5.084789167120384,3.485001510485295,0.6826837798043093,52385.46315789474,70.19630083435861,2.6737066209907505,0.038220158141163335,3.516106294062531,2.4206076306287843,0.6846955221187797,6968_8555,4.5,2.0,2.5,104,2,47,1,104,1,104,0,1,103,47,417,FL-417 S,S,Freeway,1.05000682196,0.0,6968,8555,S,2,65863,4,417,97500,65863,70,43,70.0,0.015279000597600003,1,52074.46842105263,100.8035487776798,3.2841799089200925,0.034033146011775185,4.300447730591458,2.9528045705570394,0.6836896509615444,10.86043005812801,0.04879666125308787,0
850,3,52823.84444444445,131.32471511923669,4.17509103819281,0.03201383059861033,5.236311539977625,3.582209184727701,0.6783322146099947,53418.34444444445,70.1655491164339,2.7281393215453886,0.03898483718903938,3.5908089879678906,2.439283247065465,0.6757344584083473,6968_8555,0.5,0.5,0.0,104,2,47,1,104,1,104,0,1,103,47,417,FL-417 S,S,Freeway,1.05000682196,0.0,6968,8555,S,2,65863,4,417,97500,65863,70,43,70.0,0.015279000597600003,1,53121.09444444445,100.74513211783528,3.4516151798690995,0.035499333893824855,4.413560263972758,3.010746215896583,0.677033336509171,10.880329387184391,0.04879666125308787,0
851,4,55629.62765957447,131.2766695066102,4.2226004081056905,0.03275905058252464,5.495570100009699,3.722969113045639,0.6673345533447864,55948.60638297872,69.99738813647362,2.961046615572092,0.04294504849690827,3.827080566425366,2.6632947724463087,0.6733628152572275,6968_8555,2.5,2.0,0.5,104,2,47,1,104,1,104,0,1,103,47,417,FL-417 S,S,Freeway,1.05000682196,0.0,6968,8555,S,2,65863,4,417,97500,65863,70,43,70.0,0.015279000597600003,1,55789.1170212766,100.63702882154192,3.591823511838891,0.03785204953971645,4.661325333217532,3.193131942745974,0.6703486843010069,10.92933409388652,0.04879666125308787,0
852,5,39825.02173913043,133.2695136338776,2.565440146596921,0.019267369090479543,3.555530669288444,1.991022619539588,0.5596072723167331,41185.27173913043,71.59219803528791,2.1593155973279865,0.03017652181593668,2.4190411469627087,1.384953552749536,0.5723751356880746,6968_8555,0.5,0.5,0.0,104,2,47,1,104,1,104,0,1,103,47,417,FL-417 S,S,Freeway,1.05000682196,0.0,6968,8555,S,2,65863,4,417,97500,65863,70,43,70.0,0.015279000597600003,1,40505.14673913043,102.43085583458276,2.3623778719624537,0.024721945453208112,2.9872859081255765,1.687988086144562,0.5659912040024039,10.609184324999184,0.04879666125308787,0
853,6,30949.712643678165,133.53303876161374,2.832909347836181,0.021243873452430614,2.7272352210735136,1.6623046746828032,0.6097795323910865,32786.16091954023,72.13611723084924,2.3845063429198605,0.03308702489244611,1.8183244938184728,1.1471759070445116,0.6317746881803603,6968_8555,1.0,0.5,0.5,104,2,47,1,104,1,104,0,1,103,47,417,FL-417 S,S,Freeway,1.05000682196,0.0,6968,8555,S,2,65863,4,417,97500,65863,70,43,70.0,0.015279000597600003,1,31867.936781609198,102.83457799623149,2.608707845378021,0.027165449172438363,2.272779857445993,1.4047402908636575,0.6207771102857234,10.369355666740576,0.04879666125308787,0
854,0,36193.734042553195,73.4577259069282,2.7637671554774106,0.03795117731701225,5.347645580941401,3.4863373088868843,0.6478281402018995,36482.914893617024,67.92560732347245,3.284797309093098,0.04861047766528629,2.870959198628968,1.7126192196145866,0.5974363336135556,6975_6889,0.5,0.0,0.5,66,2,9,1,66,1,66,0,1,65,9,417,FL-417 S,S,Freeway,0.555496929504,0.0,6975,6889,W,2,45451,4,417,69500,45451,70,0,70.0,0.009061036913049998,1,36338.324468085106,70.69166661520032,3.0242822322852545,0.04328082749114927,4.109302389785184,2.5994782642507355,0.6226322369077275,10.500628233789925,-0.5878921973632734,0
855,1,35881.010416666664,73.46037882198594,2.6188580906183434,0.035725872915055384,5.27432884483114,3.3724914557676846,0.6390978494581677,36195.739583333336,68.00485771826784,3.2739166969082727,0.048325373201113526,2.8727809493961893,1.6766024195297613,0.5864455194366592,6975_6889,1.0,0.0,1.0,66,2,9,1,66,1,66,0,1,65,9,417,FL-417 S,S,Freeway,0.555496929504,0.0,6975,6889,W,2,45451,4,417,69500,45451,70,0,70.0,0.009061036913049998,1,36038.375,70.73261827012689,2.946387393763308,0.04202562305808445,4.073554897113665,2.524546937648723,0.6127716844474135,10.49233962191551,-0.5878921973632734,0
856,2,37058.88421052632,73.2745008457045,2.6989586574057967,0.03690309944966269,5.51419579645077,3.4747894359437628,0.6301966640264028,37341.63157894737,67.8488714111656,3.243836609298977,0.047904031313328745,2.987257463950339,1.7364598883088391,0.5825679377751575,6975_6889,0.0,0.0,0.0,66,2,9,1,66,1,66,0,1,65,9,417,FL-417 S,S,Freeway,0.555496929504,0.0,6975,6889,W,2,45451,4,417,69500,45451,70,0,70.0,0.009061036913049998,1,37200.257894736846,70.56168612843504,2.971397633352387,0.042403565381495714,4.250726630200555,2.605624662126301,0.6063823009007802,10.524070972891424,-0.5878921973632734,0
857,3,38377.833333333336,73.24666899329327,2.765639941110843,0.03788084096864268,5.74634479856673,3.52675901448682,0.6125416253148026,38693.944444444445,67.67584801588147,3.3700673062013937,0.04999228670657975,3.1067757435086825,1.7581894939903964,0.565820084979992,6975_6889,0.5,0.5,0.0,66,2,9,1,66,1,66,0,1,65,9,417,FL-417 S,S,Freeway,0.555496929504,0.0,6975,6889,W,2,45451,4,417,69500,45451,70,0,70.0,0.009061036913049998,1,38535.88888888889,70.46125850458736,3.0678536236561182,0.043936563837611214,4.426560271037706,2.642474254238608,0.5891808551473974,10.559345264999093,-0.5878921973632734,0
858,4,43517.57446808511,72.41389747408772,4.327817172358649,0.06020685195704587,6.682704848584724,4.131978523385039,0.6152224251570229,43898.3085106383,66.96566439463133,3.891658120048053,0.058361835676908926,3.4529033404520284,1.8562971358393927,0.5381631092539529,6975_6889,1.5,1.5,0.0,66,2,9,1,66,1,66,0,1,65,9,417,FL-417 S,S,Freeway,0.555496929504,0.0,6975,6889,W,2,45451,4,417,69500,45451,70,0,70.0,0.009061036913049998,1,43707.94148936171,69.68978093435953,4.109737646203351,0.0592843438169774,5.067804094518376,2.9941378296122156,0.5766927672054879,10.685285092018598,-0.5878921973632734,0
859,5,39596.413043478264,73.64406259265216,3.385341737932986,0.04622445835360589,5.473052331164876,3.4205964377698104,0.6194168583348653,39852.67391304348,67.18892186993509,4.268466311938181,0.06381790637226567,2.9063409030854386,1.7329874842162731,0.5907691156743102,6975_6889,0.5,0.0,0.5,66,2,9,1,66,1,66,0,1,65,9,417,FL-417 S,S,Freeway,0.555496929504,0.0,6975,6889,W,2,45451,4,417,69500,45451,70,0,70.0,0.009061036913049998,1,39724.54347826087,70.41649223129363,3.8269040249355837,0.05502118236293578,4.189696617125158,2.5767919609930416,0.6050929870045878,10.589724499287552,-0.5878921973632734,0
860,6,32100.8735632184,74.59095384712474,2.841102479420853,0.03824180918126202,4.166927522954516,2.6482425015432023,0.6343846574457858,32254.08045977012,68.31198261975055,3.562774055651192,0.05258889376726975,2.2289794550083784,1.3114364768375089,0.5889374502194333,6975_6889,0.0,0.0,0.0,66,2,9,1,66,1,66,0,1,65,9,417,FL-417 S,S,Freeway,0.555496929504,0.0,6975,6889,W,2,45451,4,417,69500,45451,70,0,70.0,0.009061036913049998,1,32177.47701149426,71.45146823343765,3.201938267536023,0.04541535147426588,3.1979534889814474,1.9798394891903555,0.6116610538326095,10.379022015095316,-0.5878921973632734,0
861,0,36414.95698924732,71.37295908038236,3.1775713171167053,0.044933357789861496,4.481399549783867,2.9220045500355294,0.6529242543697173,36284.77419354839,68.11693798602258,2.817174513362974,0.04139012627428183,3.158084026499305,1.9337445115788297,0.6140111045251988,7090_8283,0.5,0.5,0.0,70,2,13,1,70,1,70,0,1,69,13,417,FL-417 S,S,Freeway,0.99231920565,0.0,7090,8283,S,2,45451,4,91,95000,45451,70,0,70.0,0.0161079110914,1,36349.86559139786,69.74494853320246,2.99737291523984,0.04316174203207167,3.8197417881415863,2.4278745308071796,0.6334676794474581,10.50094578533166,-0.007710443568196631,0
862,1,35711.231578947365,71.35926539023663,3.2384480051779785,0.04580181724168395,4.415849185892051,2.897976937838352,0.6579590779747989,35838.50526315789,68.1273897705791,2.7989244215360896,0.04110876553220682,3.1139171873655243,1.940861215525691,0.6254181997325302,7090_8283,0.5,0.5,0.0,70,2,13,1,70,1,70,0,1,69,13,417,FL-417 S,S,Freeway,0.99231920565,0.0,7090,8283,S,2,45451,4,91,95000,45451,70,0,70.0,0.0161079110914,1,35774.868421052626,69.74332758040786,3.018686213357034,0.043455291386945386,3.7648831866287873,2.4194190766820216,0.6416886388536646,10.48500092645989,-0.007710443568196631,0
863,2,36832.904255319154,71.07656380017164,3.3647261823553944,0.047769877743518666,4.650339248819137,2.959720228892875,0.6426590167777976,36715.17894736842,67.91319836016723,2.9179956247050733,0.043011231314946656,3.2577254704596865,1.9764430877964008,0.6090512593306943,7090_8283,0.5,0.5,0.0,70,2,13,1,70,1,70,0,1,69,13,417,FL-417 S,S,Freeway,0.99231920565,0.0,7090,8283,S,2,45451,4,91,95000,45451,70,0,70.0,0.0161079110914,1,36774.041601343786,69.49488108016943,3.141360903530234,0.04539055452923266,3.9540323596394114,2.4680816583446377,0.6258551380542459,10.512547483983713,-0.007710443568196631,0
864,3,38201.13636363636,71.13475473363893,3.3438578028361827,0.04743945429393204,4.825980336879848,3.0892536540153475,0.6393020445020234,38134.011235955055,68.03058040870421,2.7977930952515857,0.041167410825171176,3.360294108944397,2.010693363205038,0.6018759034846549,7090_8283,0.0,0.0,0.0,70,2,13,1,70,1,70,0,1,69,13,417,FL-417 S,S,Freeway,0.99231920565,0.0,7090,8283,S,2,45451,4,91,95000,45451,70,0,70.0,0.0161079110914,1,38167.573799795704,69.58266757117157,3.070825449043884,0.0443034325595516,4.093137222912123,2.5499735086101927,0.6205889739933392,10.549741580706112,-0.007710443568196631,0
865,4,42698.74193548386,70.64465964739695,3.5721549084947326,0.050789181358139576,5.379135591073718,3.263604476369595,0.6071466187838717,42944.731182795695,67.81769558526912,3.29249590246664,0.048701566517498455,3.7492042930898846,2.215951493290672,0.5883413587630427,7090_8283,1.0,1.0,0.0,70,2,13,1,70,1,70,0,1,69,13,417,FL-417 S,S,Freeway,0.99231920565,0.0,7090,8283,S,2,45451,4,91,95000,45451,70,0,70.0,0.0161079110914,1,42821.736559139776,69.23117761633304,3.432325405480686,0.04974537393781901,4.564169942081801,2.739777984830133,0.5977439887734572,10.664801116182154,-0.007710443568196631,0
866,5,38595.4065934066,71.9705638457799,2.8489180571086345,0.039635644356136916,4.36454609854728,2.729072650800004,0.6247509330848939,38676.27472527473,68.58316163442879,2.904737938406208,0.042384416372371364,3.1176333104714398,1.846020633246937,0.5920630395735982,7090_8283,1.0,1.0,0.0,70,2,13,1,70,1,70,0,1,69,13,417,FL-417 S,S,Freeway,0.99231920565,0.0,7090,8283,S,2,45451,4,91,95000,45451,70,0,70.0,0.0161079110914,1,38635.84065934067,70.27686274010435,2.876827997757421,0.041010030364254144,3.74108970450936,2.2875466420234707,0.6084069863292461,10.561935639140684,-0.007710443568196631,0
867,6,31350.94186046512,72.74937974111101,2.9783998574409822,0.04107960959825245,3.3503803440692765,2.18067251660918,0.6513464739940775,31417.279069767446,69.1066218778369,2.989203872128136,0.04330776344554458,2.4844880658505906,1.5249997986949482,0.6144477464607757,7090_8283,0.0,0.0,0.0,70,2,13,1,70,1,70,0,1,69,13,417,FL-417 S,S,Freeway,0.99231920565,0.0,7090,8283,S,2,45451,4,91,95000,45451,70,0,70.0,0.0161079110914,1,31384.110465116282,70.92800080947396,2.983801864784559,0.04219368652189852,2.9174342049599336,1.852836157652064,0.6328971102274266,10.354057007674053,-0.007710443568196631,0
868,0,38318.47191011236,71.27832969394284,3.4325321472116928,0.04858294162570955,3.4298763530936545,2.8893446718632374,0.8252903769943951,37869.755319148935,71.99278404031884,4.3383534083867685,0.06056322720691824,3.737233961712575,2.941773514055475,0.7792456310254057,7999_8391,1.0,0.5,0.5,91,2,34,1,91,1,91,0,1,90,34,417,FL-417 S,S,Freeway,0.42654349412,0.0,7999,8391,S,2,65863,4,417,83057,65863,70,53,70.0,0.00620764730641,1,38094.11361463065,71.63555686713084,3.8854427777992306,0.054573084416313894,3.583555157403115,2.9155590929593562,0.8022680040099004,10.547815050875043,-0.8520409380705594,0
869,1,39420.333333333336,71.01377126283968,3.7069114477086056,0.0525465891372366,3.5592584300313246,3.0864804865550406,0.8461421695478247,39403.833333333336,71.68445556008312,4.635536035629609,0.06493889444638429,3.886061869978665,3.1157404504911703,0.7935117092892536,7999_8391,1.5,0.5,1.0,91,2,34,1,91,1,91,0,1,90,34,417,FL-417 S,S,Freeway,0.42654349412,0.0,7999,8391,S,2,65863,4,417,83057,65863,70,53,70.0,0.00620764730641,1,39412.083333333336,71.3491134114614,4.171223741669107,0.058742741791810445,3.7226601500049945,3.1011104685231055,0.8198269394185391,10.581827731855368,-0.8520409380705594,0
870,2,39993.87640449438,70.88311613584726,3.746103304483559,0.053371430729735284,3.685179322764913,3.121072045138692,0.828990687072268,40365.336842105266,71.54175544219555,4.513088060591461,0.06347838159716628,4.012774135055218,3.1396397766567117,0.7739820680651106,7999_8391,1.5,1.5,0.0,91,2,34,1,91,1,91,0,1,90,34,417,FL-417 S,S,Freeway,0.42654349412,0.0,7999,8391,S,2,65863,4,417,83057,65863,70,53,70.0,0.00620764730641,1,40179.60662329983,71.21243578902141,4.12959568253751,0.05842490616345078,3.848976728910065,3.130355910897702,0.8014863775686893,10.601114847960119,-0.8520409380705594,0
871,3,40840.611764705885,70.74661636763679,4.10256799116494,0.058623080859625774,3.8002264447543066,3.2925663204772966,0.8380764217280617,40268.37777777779,71.40777080346456,4.695723284360929,0.0661911848064919,4.063387238947376,3.183488730747622,0.7749341520301002,7999_8391,2.5,1.0,1.5,91,2,34,1,91,1,91,0,1,90,34,417,FL-417 S,S,Freeway,0.42654349412,0.0,7999,8391,S,2,65863,4,417,83057,65863,70,53,70.0,0.00620764730641,1,40554.494771241836,71.07719358555067,4.399145637762935,0.062407132833058834,3.9318068418508414,3.238027525612459,0.806505286879081,10.610401898560783,-0.8520409380705594,0
872,4,42578.70786516854,71.02431422809238,3.3495412684731942,0.0474611306285176,3.8736281816968168,2.9307929384732003,0.7503072686948464,43312.17021276596,71.43106795960004,4.251511687488152,0.059863548768159226,4.241168075504502,3.101502974433246,0.7244122967933669,7999_8391,1.5,1.0,0.5,91,2,34,1,91,1,91,0,1,90,34,417,FL-417 S,S,Freeway,0.42654349412,0.0,7999,8391,S,2,65863,4,417,83057,65863,70,53,70.0,0.00620764730641,1,42945.43903896725,71.2276910938462,3.800526477980673,0.05366233969833842,4.05739812860066,3.0161479564532234,0.7373597827441067,10.667685729432902,-0.8520409380705594,0
873,5,33801.488372093016,72.7452390844622,2.039868977160954,0.028092349120979118,2.599757164635859,1.6793440608942702,0.6467850279825788,33818.565217391304,73.59402439610247,2.7958393284307403,0.03803063615779189,2.901288059213258,1.7833490929667313,0.6147424219020674,7999_8391,0.5,0.5,0.0,91,2,34,1,91,1,91,0,1,90,34,417,FL-417 S,S,Freeway,0.42654349412,0.0,7999,8391,S,2,65863,4,417,83057,65863,70,53,70.0,0.00620764730641,1,33810.02679474216,73.16963174028234,2.4178541527958473,0.0330614926393855,2.7505226119245583,1.7313465769305008,0.630763724942323,10.428512688210999,-0.8520409380705594,0
874,6,26827.8625,73.0405561284577,2.4935219174843044,0.03424729077694531,1.9600380034964784,1.4294839253504787,0.7294885337413141,26359.55172413793,74.33371401919456,3.1857876535491347,0.04297828563847731,2.201424442889201,1.5219617817969695,0.6902851269930375,7999_8391,0.5,0.5,0.0,91,2,34,1,91,1,91,0,1,90,34,417,FL-417 S,S,Freeway,0.42654349412,0.0,7999,8391,S,2,65863,4,417,83057,65863,70,53,70.0,0.00620764730641,1,26593.707112068965,73.68713507382613,2.8396547855167196,0.038612788207711315,2.08073122319284,1.4757228535737241,0.7098868303671757,10.188429892047324,-0.8520409380705594,0
875,0,48823.397849462366,66.18070397826646,3.371398506802308,0.05123184365229177,4.644200660217484,3.2305691123779297,0.6904207003772593,47516.86170212767,67.10480576018804,4.093942388821754,0.06131358950488482,4.445034043649884,3.1393912144476297,0.7092293225663313,8118_8456,3.0,3.0,0.0,112,2,55,1,112,1,112,0,1,111,55,417,FL-417 S,S,Freeway,0.344674752021,0.0,8118,8456,S,2,65863,5,417,91500,65863,70,43,70.0,0.0052072627194,1,48170.12977579502,66.64275486922725,3.7326704478120307,0.056272716578588296,4.5446173519336845,3.1849801634127797,0.6998250114717953,10.782494393741356,-1.0651540543821632,1
876,1,50703.852631578935,65.8551244834217,3.8927752880169457,0.05969107736283285,4.853495368238981,3.540715676839685,0.7219582901132291,49177.44791666666,66.99197721670579,4.761243258337066,0.07137979771841392,4.6621555884695045,3.3771968167338184,0.73271462389632,8118_8456,0.5,0.5,0.0,112,2,55,1,112,1,112,0,1,111,55,417,FL-417 S,S,Freeway,0.344674752021,0.0,8118,8456,S,2,65863,5,417,91500,65863,70,43,70.0,0.0052072627194,1,49940.650274122796,66.42355085006375,4.327009273177006,0.06553543754062338,4.757825478354243,3.4589562467867516,0.7273364570047746,10.818590584856775,-1.0651540543821632,1
877,2,51227.13684210526,65.5514971406451,4.141494696214287,0.06381411779416805,5.054566970888028,3.5731298688111552,0.7036948419721256,49635.5052631579,66.48369092044797,5.0674819474314745,0.07669223857669172,4.791015723076513,3.413158900760908,0.7152730957627395,8118_8456,0.0,0.0,0.0,112,2,55,1,112,1,112,0,1,111,55,417,FL-417 S,S,Freeway,0.344674752021,0.0,8118,8456,S,2,65863,5,417,91500,65863,70,43,70.0,0.0052072627194,1,50431.32105263158,66.01759403054653,4.604488321822881,0.0702531781854299,4.922791346982271,3.4931443847860315,0.7094839688674326,10.828367710496686,-1.0651540543821632,1
878,3,51816.64444444444,65.36208756452385,4.297486797882736,0.06662619348465729,5.231749335994339,3.635282248625223,0.6925862231366977,49677.611111111124,66.26571946833236,5.024692711812588,0.07655415348093499,4.858179974317564,3.4282463758440227,0.7142383708927896,8118_8456,1.0,0.5,0.5,112,2,55,1,112,1,112,0,1,111,55,417,FL-417 S,S,Freeway,0.344674752021,0.0,8118,8456,S,2,65863,5,417,91500,65863,70,43,70.0,0.0052072627194,1,50747.12777777779,65.8139035164281,4.661089754847662,0.07159017348279614,5.044964655155951,3.531764312234623,0.7034122970147436,10.834610299790679,-1.0651540543821632,1
879,4,54675.36170212767,65.3888444740239,4.142724056018351,0.06405715151651728,5.344251558484698,3.62656220242207,0.673274280283468,53092.617021276594,66.20405068072485,4.95591173094941,0.07548405619850711,5.023612550218212,3.4578582224908665,0.6905460108840816,8118_8456,0.0,0.0,0.0,112,2,55,1,112,1,112,0,1,111,55,417,FL-417 S,S,Freeway,0.344674752021,0.0,8118,8456,S,2,65863,5,417,91500,65863,70,43,70.0,0.0052072627194,1,53883.98936170213,65.79644757737438,4.549317893483881,0.06977060385751219,5.183932054351455,3.5422102124564683,0.6819101455837748,10.894588669388815,-1.0651540543821632,1
880,5,41165.03296703297,67.30252145754292,2.1628568747723995,0.032194649528898715,3.50450546039492,2.0086260562777123,0.5731452600019898,39332.184782608696,68.72777582040736,2.5986469482784282,0.03778617330903704,3.3049141338058394,1.909217628700072,0.5846363999578706,8118_8456,0.0,0.0,0.0,112,2,55,1,112,1,112,0,1,111,55,417,FL-417 S,S,Freeway,0.344674752021,0.0,8118,8456,S,2,65863,5,417,91500,65863,70,43,70.0,0.0052072627194,1,40248.60887482083,68.01514863897515,2.380751911525414,0.03499041141896787,3.40470979710038,1.9589218424888921,0.5788908299799302,10.602830720133174,-1.0651540543821632,1
881,6,32634.197674418603,67.79660076899718,2.3320383596377496,0.03455409255362786,2.773198325780036,1.7169017463253908,0.6178108031977402,31542.05747126437,69.04907936841838,2.903221378778796,0.04242019626945713,2.5827315502503465,1.6287998788452895,0.64526831839821,8118_8456,0.0,0.0,0.0,112,2,55,1,112,1,112,0,1,111,55,417,FL-417 S,S,Freeway,0.344674752021,0.0,8118,8456,S,2,65863,5,417,91500,65863,70,43,70.0,0.0052072627194,1,32088.127572841484,68.42284006870779,2.617629869208273,0.038487144411542495,2.677964938015191,1.6728508125853403,0.631539560797975,10.376241383160057,-1.0651540543821632,1
882,0,36790.01063829787,65.82739520581795,2.389928096488453,0.036483156394159034,3.5531621156379978,2.144604112264559,0.6039103864847559,36490.595744680846,68.40962198411532,2.3130703363010943,0.03387574777554803,2.625143699858367,1.5545573936852397,0.5907482220260597,8277_8290,1.0,1.0,0.0,65,2,8,1,65,1,65,0,1,64,8,417,FL-417 S,S,Freeway,0.453181851131,0.0,8277,8290,W,2,45451,4,417,48500,45451,70,0,70.0,0.007427369034279999,1,36640.30319148936,67.11850859496664,2.3514992163947737,0.035179452084853534,3.0891529077481823,1.8495807529748993,0.5973293042554078,10.508904093630722,-0.7914617966782526,0
883,1,36598.98947368421,65.62345165042997,2.478468148922352,0.03794176366422178,3.5457287856302315,2.141324237889722,0.6025642022923741,36394.78125,68.34392754912187,2.298967633560411,0.033673022708351874,2.616702152781376,1.4947289305264648,0.5718031796332987,8277_8290,0.5,0.5,0.0,65,2,8,1,65,1,65,0,1,64,8,417,FL-417 S,S,Freeway,0.453181851131,0.0,8277,8290,W,2,45451,4,417,48500,45451,70,0,70.0,0.007427369034279999,1,36496.885361842105,66.98368959977591,2.388717891241382,0.035807393186286826,3.081215469205804,1.8180265842080936,0.5871836909628364,10.504982203377283,-0.7914617966782526,0
884,2,37012.515789473684,65.41535510109212,2.5019609036985435,0.038439086157384485,3.685109667823623,2.1701139176445388,0.5896675568677084,37681.88421052632,68.21102153343273,2.4356636106288305,0.03577576382754747,2.7189740506428284,1.5552763023209188,0.5708615746945612,8277_8290,1.0,1.0,0.0,65,2,8,1,65,1,65,0,1,64,8,417,FL-417 S,S,Freeway,0.453181851131,0.0,8277,8290,W,2,45451,4,417,48500,45451,70,0,70.0,0.007427369034279999,1,37347.2,66.81318831726242,2.468812257163687,0.03710742499246598,3.2020418592332254,1.8626951099827287,0.5802645657811348,10.528013221218034,-0.7914617966782526,0
885,3,39124.568181818184,65.57326430208435,2.3075754393111985,0.03534573850476904,3.8130788967525286,2.178817426724472,0.57189481097063,38979.26666666667,68.26711866852685,2.391258326119614,0.03508901547310378,2.8242304197246693,1.551537615480883,0.5497790470149526,8277_8290,0.5,0.0,0.5,65,2,8,1,65,1,65,0,1,64,8,417,FL-417 S,S,Freeway,0.453181851131,0.0,8277,8290,W,2,45451,4,417,48500,45451,70,0,70.0,0.007427369034279999,1,39051.91742424243,66.9201914853056,2.3494168827154063,0.035217376988936414,3.318654658238599,1.8651775211026775,0.5608369289927913,10.572647255835554,-0.7914617966782526,0
886,4,43540.712765957454,65.37590999038868,2.7633051968522,0.04248023459155829,4.302848976551759,2.4442566819869715,0.5655112857353289,43523.96808510638,67.92024544162545,2.9999515273208903,0.04440528747729145,3.206358838213489,1.856282000391308,0.5710834316719959,8277_8290,0.5,0.5,0.0,65,2,8,1,65,1,65,0,1,64,8,417,FL-417 S,S,Freeway,0.453181851131,0.0,8277,8290,W,2,45451,4,417,48500,45451,70,0,70.0,0.007427369034279999,1,43532.34042553192,66.64807771600707,2.8816283620865453,0.04344276103442487,3.7546039073826236,2.15026934118914,0.5682973587036624,10.681259398906938,-0.7914617966782526,0
887,5,39670.70652173913,66.59054244906446,2.3049960280723454,0.034646219737309525,3.4414291413248463,1.9798241093124112,0.5753132591687189,39496.92391304348,68.80523526616116,2.6922525639613437,0.03920597242368422,2.592706785566215,1.4766377816785512,0.5678008381112235,8277_8290,0.5,0.5,0.0,65,2,8,1,65,1,65,0,1,64,8,417,FL-417 S,S,Freeway,0.453181851131,0.0,8277,8290,W,2,45451,4,417,48500,45451,70,0,70.0,0.007427369034279999,1,39583.815217391304,67.69788885761281,2.4986242960168443,0.03692609608049687,3.0170679634455304,1.7282309454954812,0.5715570486399713,10.58617560706772,-0.7914617966782526,0
888,6,32232.98850574713,67.3192561392695,2.5165481150421005,0.037442105657679935,2.6837307408909234,1.650781342208537,0.6157094800816589,32052.0,69.40046733672085,2.6640915687014286,0.03843236492057797,2.027364104785383,1.2136054494042972,0.5991690713585637,8277_8290,0.0,0.0,0.0,65,2,8,1,65,1,65,0,1,64,8,417,FL-417 S,S,Freeway,0.453181851131,0.0,8277,8290,W,2,45451,4,417,48500,45451,70,0,70.0,0.007427369034279999,1,32142.494252873563,68.35986173799517,2.5903198418717643,0.03793723528912896,2.3555474228381534,1.432193395806417,0.6074392757201112,10.377934242156913,-0.7914617966782526,0
889,0,36284.77419354839,68.11693798602258,2.817174513362974,0.04139012627428183,3.158084026499305,1.9337445115788297,0.6140111045251988,36790.01063829787,65.82739520581795,2.389928096488453,0.036483156394159034,3.5531621156379978,2.144604112264559,0.6039103864847559,8283_8277,0.0,0.0,0.0,69,2,12,1,69,1,69,0,1,68,12,417,FL-417 S,S,Freeway,0.43647990356000005,0.0,8283,8277,W,2,45451,4,417,48687,45451,70,0,70.0,0.00705350357865,1,36537.392415923125,66.97216659592027,2.6035513049257135,0.03893664133422044,3.3556230710686514,2.0391743119216943,0.6089607455049774,10.506091464931366,-0.8290129447165322,0
890,1,35838.50526315789,68.1273897705791,2.7989244215360896,0.04110876553220682,3.1139171873655243,1.940861215525691,0.6254181997325302,36598.98947368421,65.62345165042997,2.478468148922352,0.03794176366422178,3.5457287856302315,2.141324237889722,0.6025642022923741,8283_8277,0.0,0.0,0.0,69,2,12,1,69,1,69,0,1,68,12,417,FL-417 S,S,Freeway,0.43647990356000005,0.0,8283,8277,W,2,45451,4,417,48687,45451,70,0,70.0,0.00705350357865,1,36218.74736842105,66.87542071050453,2.638696285229221,0.0395252645982143,3.329822986497878,2.0410927267077064,0.6139912010124522,10.497332146864242,-0.8290129447165322,0
891,2,36715.17894736842,67.91319836016723,2.9179956247050733,0.043011231314946656,3.2577254704596865,1.9764430877964008,0.6090512593306943,37012.515789473684,65.41535510109212,2.5019609036985435,0.038439086157384485,3.685109667823623,2.1701139176445388,0.5896675568677084,8283_8277,0.5,0.5,0.0,69,2,12,1,69,1,69,0,1,68,12,417,FL-417 S,S,Freeway,0.43647990356000005,0.0,8283,8277,W,2,45451,4,417,48687,45451,70,0,70.0,0.00705350357865,1,36863.84736842105,66.66427673062967,2.7099782642018084,0.04072515873616557,3.4714175691416544,2.07327850272047,0.5993594080992013,10.514986603650428,-0.8290129447165322,0
892,3,38134.011235955055,68.03058040870421,2.7977930952515857,0.041167410825171176,3.360294108944397,2.010693363205038,0.6018759034846549,39124.568181818184,65.57326430208435,2.3075754393111985,0.03534573850476904,3.8130788967525286,2.178817426724472,0.57189481097063,8283_8277,0.5,0.0,0.5,69,2,12,1,69,1,69,0,1,68,12,417,FL-417 S,S,Freeway,0.43647990356000005,0.0,8283,8277,W,2,45451,4,417,48687,45451,70,0,70.0,0.00705350357865,1,38629.289708886616,66.80192235539428,2.552684267281392,0.03825657466497011,3.5866865028484627,2.0947553949647553,0.5868853572276425,10.561766068457544,-0.8290129447165322,0
893,4,42944.731182795695,67.81769558526912,3.29249590246664,0.048701566517498455,3.7492042930898846,2.215951493290672,0.5883413587630427,43540.712765957454,65.37590999038868,2.7633051968522,0.04248023459155829,4.302848976551759,2.4442566819869715,0.5655112857353289,8283_8277,0.5,0.5,0.0,69,2,12,1,69,1,69,0,1,68,12,417,FL-417 S,S,Freeway,0.43647990356000005,0.0,8283,8277,W,2,45451,4,417,48687,45451,70,0,70.0,0.00705350357865,1,43242.721974376575,66.59680278782889,3.02790054965942,0.04559090055452837,4.026026634820822,2.330104087638822,0.5769263222491858,10.674584220150589,-0.8290129447165322,0
894,5,38676.27472527473,68.58316163442879,2.904737938406208,0.042384416372371364,3.1176333104714398,1.846020633246937,0.5920630395735982,39670.70652173913,66.59054244906446,2.3049960280723454,0.034646219737309525,3.4414291413248463,1.9798241093124112,0.5753132591687189,8283_8277,0.0,0.0,0.0,69,2,12,1,69,1,69,0,1,68,12,417,FL-417 S,S,Freeway,0.43647990356000005,0.0,8283,8277,W,2,45451,4,417,48687,45451,70,0,70.0,0.00705350357865,1,39173.49062350693,67.58685204174662,2.604866983239277,0.038515318054840444,3.2795312258981433,1.9129223712796741,0.5836881493711585,10.575755537407469,-0.8290129447165322,0
895,6,31417.279069767446,69.1066218778369,2.989203872128136,0.04330776344554458,2.4844880658505906,1.5249997986949482,0.6144477464607757,32232.98850574713,67.3192561392695,2.5165481150421005,0.037442105657679935,2.6837307408909234,1.650781342208537,0.6157094800816589,8283_8277,0.5,0.5,0.0,69,2,12,1,69,1,69,0,1,68,12,417,FL-417 S,S,Freeway,0.43647990356000005,0.0,8283,8277,W,2,45451,4,417,48687,45451,70,0,70.0,0.00705350357865,1,31825.133787757288,68.2129390085532,2.7528759935851186,0.04037493455161226,2.584109403370757,1.5878905704517425,0.6150786132712174,10.368011627274031,-0.8290129447165322,0
896,0,36490.595744680846,68.40962198411532,2.3130703363010943,0.03387574777554803,2.625143699858367,1.5545573936852397,0.5907482220260597,36274.82978723404,68.27472011364335,2.518732394750689,0.0371241076558815,3.4976168427414955,2.276994994663704,0.6421364213720991,8290_8292,0.0,0.0,0.0,64,2,7,1,64,1,64,0,1,63,7,417,FL-417 S,S,Freeway,0.904211933125,0.0,8290,8292,S,3,45451,6,0,76000,45451,70,0,70.0,0.014383935776,1,36382.71276595745,68.34217104887934,2.4159013655258916,0.035499927715714766,3.061380271299931,1.9157761941744718,0.6164423216990794,10.501849016800545,-0.10069150676899195,1
897,1,36394.78125,68.34392754912187,2.298967633560411,0.033673022708351874,2.616702152781376,1.4947289305264648,0.5718031796332987,35978.208333333336,68.30219905106878,2.1967509771738163,0.03221243093123241,3.4503719634361727,2.1227239692918443,0.6137284282506326,8290_8292,0.0,0.0,0.0,64,2,7,1,64,1,64,0,1,63,7,417,FL-417 S,S,Freeway,0.904211933125,0.0,8290,8292,S,3,45451,6,0,76000,45451,70,0,70.0,0.014383935776,1,36186.49479166667,68.32306330009533,2.247859305367114,0.03294272681979214,3.0335370581087746,1.8087264499091544,0.5927658039419657,10.496441256151764,-0.10069150676899195,1
898,2,37681.88421052632,68.21102153343273,2.4356636106288305,0.03577576382754747,2.7189740506428284,1.5552763023209188,0.5708615746945612,37109.2,68.16426197860079,2.33559427863416,0.03444612361740205,3.6027725061409663,2.2121394314052867,0.6101075882054564,8290_8292,0.5,0.5,0.0,64,2,7,1,64,1,64,0,1,63,7,417,FL-417 S,S,Freeway,0.904211933125,0.0,8290,8292,S,3,45451,6,0,76000,45451,70,0,70.0,0.014383935776,1,37395.54210526316,68.18764175601676,2.3856289446314953,0.03511094372247476,3.1608732783918976,1.8837078668631029,0.5904845814500088,10.52930678125189,-0.10069150676899195,1
899,3,38979.26666666667,68.26711866852685,2.391258326119614,0.03508901547310378,2.8242304197246693,1.551537615480883,0.5497790470149526,38472.46666666667,68.09988404119497,2.585135702516797,0.03829799250200745,3.783362947193816,2.3428358770902395,0.6067719875649584,8290_8292,0.5,0.0,0.5,64,2,7,1,64,1,64,0,1,63,7,417,FL-417 S,S,Freeway,0.904211933125,0.0,8290,8292,S,3,45451,6,0,76000,45451,70,0,70.0,0.014383935776,1,38725.86666666667,68.18350135486091,2.4881970143182057,0.036693503987555616,3.3037966834592427,1.9471867462855612,0.5782755172899555,10.564263045064767,-0.10069150676899195,1
900,4,43523.96808510638,67.92024544162545,2.9999515273208903,0.04440528747729145,3.206358838213489,1.856282000391308,0.5710834316719959,43701.563829787236,67.35908841140004,4.036061709115916,0.06075159887492933,4.417831856208382,2.930977837866305,0.6464655137815397,8290_8292,0.5,0.5,0.0,64,2,7,1,64,1,64,0,1,63,7,417,FL-417 S,S,Freeway,0.904211933125,0.0,8290,8292,S,3,45451,6,0,76000,45451,70,0,70.0,0.014383935776,1,43612.76595744681,67.63966692651275,3.5180066182184033,0.05257844317611039,3.812095347210936,2.3936299191288066,0.6087744727267679,10.683105183669541,-0.10069150676899195,1
901,5,39496.92391304348,68.80523526616116,2.6922525639613437,0.03920597242368422,2.592706785566215,1.4766377816785512,0.5678008381112235,39713.57608695652,68.37531340174418,2.770794808499576,0.040719524758391135,3.5304869970649104,2.178308677455766,0.6094831563114692,8290_8292,1.5,0.5,1.0,64,2,7,1,64,1,64,0,1,63,7,417,FL-417 S,S,Freeway,0.904211933125,0.0,8290,8292,S,3,45451,6,0,76000,45451,70,0,70.0,0.014383935776,1,39605.25,68.59027433395266,2.73152368623046,0.039962748591037676,3.0615968913155625,1.8274732295671585,0.5886419972113464,10.586716964212759,-0.10069150676899195,1
902,6,32052.0,69.40046733672085,2.6640915687014286,0.03843236492057797,2.027364104785383,1.2136054494042972,0.5991690713585637,32132.55172413793,69.03739270248339,2.312490936982985,0.03354243636574265,2.6843472695178683,1.6637744754733494,0.6195333909992199,8290_8292,0.5,0.5,0.0,64,2,7,1,64,1,64,0,1,63,7,417,FL-417 S,S,Freeway,0.904211933125,0.0,8290,8292,S,3,45451,6,0,76000,45451,70,0,70.0,0.014383935776,1,32092.275862068964,69.21893001960211,2.488291252842207,0.03598740064316031,2.3558556871516254,1.4386899624388234,0.6093512311788918,10.376370652812826,-0.10069150676899195,1
903,0,52157.776595744675,70.99659409680343,2.6840374450967985,0.03792446131970963,3.2404019997499125,2.24408512472987,0.6882711669375241,52964.744680851065,71.0163702839187,2.4311159129894566,0.0344005107435521,3.698276238326157,2.5565813425891286,0.6861183981376102,8383_8546,1.0,0.5,0.5,97,2,40,1,97,1,97,0,1,96,40,417,FL-417 S,S,Freeway,0.598281138529,0.0,8383,8546,S,2,65863,6,417,96500,65863,70,51,70.0,0.008748998254360001,1,52561.26063829787,71.00648219036107,2.5575766790431276,0.036162486031630865,3.4693391190380347,2.4003332336594996,0.6871947825375672,10.869734637617778,-0.5136945041892116,1
904,1,53550.60416666666,70.86183434447592,2.576429311087186,0.03639321434107617,3.3098794482021487,2.250540932200616,0.6788399769435074,54134.89583333334,70.89438161073821,2.3688105248545708,0.03350401801661697,3.782990838623473,2.6055078989205094,0.6861907700408433,8383_8546,0.5,0.5,0.0,97,2,40,1,97,1,97,0,1,96,40,417,FL-417 S,S,Freeway,0.598281138529,0.0,8383,8546,S,2,65863,6,417,96500,65863,70,51,70.0,0.008748998254360001,1,53842.75,70.87810797760707,2.4726199179708783,0.034948616178846564,3.546435143412811,2.4280244155605626,0.6825153734921754,10.893823040280184,-0.5136945041892116,1
905,2,54223.17894736842,70.75560473838723,2.762401654347763,0.03917799748742204,3.424050488370544,2.3214284739249607,0.6757137043376383,55547.85106382979,70.76529097374727,2.4526368192884402,0.03479796887479459,3.893034632934368,2.6450052353113294,0.6766410096695215,8383_8546,0.5,0.5,0.0,97,2,40,1,97,1,97,0,1,96,40,417,FL-417 S,S,Freeway,0.598281138529,0.0,8383,8546,S,2,65863,6,417,96500,65863,70,51,70.0,0.008748998254360001,1,54885.5150055991,70.76044785606726,2.607519236818102,0.03698798318110831,3.6585425606524558,2.483216854618145,0.6761773570035798,10.913004749435308,-0.5136945041892116,1
906,3,55581.155555555546,70.5289598557757,3.1450686128308014,0.045046823356040835,3.5321368401942435,2.4336889997109266,0.6804539018733686,56321.06666666666,70.6931189153869,2.63186381179616,0.03749569161015687,3.9972490694232032,2.715549799916108,0.6749977517138627,8383_8546,2.0,1.5,0.5,97,2,40,1,97,1,97,0,1,96,40,417,FL-417 S,S,Freeway,0.598281138529,0.0,8383,8546,S,2,65863,6,417,96500,65863,70,51,70.0,0.008748998254360001,1,55951.1111111111,70.61103938558131,2.8884662123134808,0.04127125748309885,3.7646929548087233,2.574619399813517,0.6777258267936157,10.932233572543977,-0.5136945041892116,1
907,4,58516.170212765974,70.58897350492472,2.7001109135145938,0.03837250621937949,3.5978023544325364,2.3225548447822235,0.6431753956004861,59287.659574468074,70.79202549123542,2.15218158794689,0.03044476107193288,4.1439093667182405,2.5910791933558937,0.6255707134301021,8383_8546,0.5,0.5,0.0,97,2,40,1,97,1,97,0,1,96,40,417,FL-417 S,S,Freeway,0.598281138529,0.0,8383,8546,S,2,65863,6,417,96500,65863,70,51,70.0,0.008748998254360001,1,58901.914893617024,70.69049949808007,2.426146250730742,0.03440863364565618,3.8708558605753884,2.4568170190690584,0.6343730545152941,10.983628880038493,-0.5136945041892116,1
908,5,43181.27173913043,72.23124574049301,2.1591851377637363,0.029925344292365274,2.412890063673407,1.3876876054875225,0.5755881585187046,44283.77173913043,72.24467345576066,1.9238162644215184,0.026657364228589376,2.7607755176509747,1.5558130291413037,0.56351259443157,8383_8546,0.5,0.5,0.0,97,2,40,1,97,1,97,0,1,96,40,417,FL-417 S,S,Freeway,0.598281138529,0.0,8383,8546,S,2,65863,6,417,96500,65863,70,51,70.0,0.008748998254360001,1,43732.52173913043,72.23795959812684,2.0415007010926276,0.028291354260477325,2.586832790662191,1.471750317314413,0.5695503764751373,10.685847308857545,-0.5136945041892116,1
909,6,34251.14942528736,72.90118483425347,2.357841436653415,0.03238772724422728,1.8471411874923989,1.1819721335940938,0.64107364517042,35111.63218390805,72.72884594364719,2.1165889350846334,0.029136933600194044,2.0915284337664137,1.2988939305050673,0.6218860816886598,8383_8546,0.5,0.5,0.0,97,2,40,1,97,1,97,0,1,96,40,417,FL-417 S,S,Freeway,0.598281138529,0.0,8383,8546,S,2,65863,6,417,96500,65863,70,51,70.0,0.008748998254360001,1,34681.3908045977,72.81501538895033,2.237215185869024,0.030762330422210663,1.9693348106294062,1.2404330320495807,0.6314798634295399,10.45395853402914,-0.5136945041892116,1
910,0,37869.755319148935,71.99278404031884,4.3383534083867685,0.06056322720691824,3.737233961712575,2.941773514055475,0.7792456310254057,37177.95698924732,66.92985916915508,5.006316140321903,0.07501269737759081,3.9901681435962564,2.9969965899724995,0.7467393865376721,8391_8516,0.0,0.0,0.0,90,2,33,1,90,1,90,0,1,89,33,417,FL-417 S,S,Freeway,0.389091424584,0.0,8391,8516,S,2,65863,4,417,82000,65863,70,52,70.0,0.00566226912227,1,37523.85615419813,69.46132160473695,4.672334774354336,0.06778796229225452,3.8637010526544158,2.9693850520139873,0.7629925087815389,10.532732173803842,-0.9439409383401223,0
911,1,39403.833333333336,71.68445556008312,4.635536035629609,0.06493889444638429,3.886061869978665,3.1157404504911703,0.7935117092892536,38312.242105263154,66.64250182434029,5.193355580438847,0.07810574477957054,4.127372799598631,3.1790793113345384,0.7632302096457262,8391_8516,0.5,0.5,0.0,90,2,33,1,90,1,90,0,1,89,33,417,FL-417 S,S,Freeway,0.389091424584,0.0,8391,8516,S,2,65863,4,417,82000,65863,70,52,70.0,0.00566226912227,1,38858.03771929824,69.1634786922117,4.914445808034228,0.07152231961297742,4.006717334788648,3.1474098809128543,0.7783709594674899,10.567670225498409,-0.9439409383401223,0
912,2,40365.336842105266,71.54175544219555,4.513088060591461,0.06347838159716628,4.012774135055218,3.1396397766567117,0.7739820680651106,38916.51063829787,66.53877864609849,5.158764206159487,0.07776121549736154,4.259163385657958,3.176591169004648,0.7399462568925457,8391_8516,1.0,1.0,0.0,90,2,33,1,90,1,90,0,1,89,33,417,FL-417 S,S,Freeway,0.389091424584,0.0,8391,8516,S,2,65863,4,417,82000,65863,70,52,70.0,0.00566226912227,1,39640.92374020157,69.04026704414701,4.835926133375475,0.07061979854726391,4.1359687603565884,3.15811547283068,0.7569641624788281,10.587617291406556,-0.9439409383401223,0
913,3,40268.37777777779,71.40777080346456,4.695723284360929,0.0661911848064919,4.063387238947376,3.183488730747622,0.7749341520301002,39587.22727272727,66.34504197231138,5.260471402245443,0.07951552806559373,4.369852071803634,3.2504494494043468,0.7388246720459211,8391_8516,0.5,0.5,0.0,90,2,33,1,90,1,90,0,1,89,33,417,FL-417 S,S,Freeway,0.389091424584,0.0,8391,8516,S,2,65863,4,417,82000,65863,70,52,70.0,0.00566226912227,1,39927.802525252526,68.87640638788797,4.978097343303186,0.07285335643604282,4.216619655375505,3.2169690900759846,0.7568794120380107,10.59482816536614,-0.9439409383401223,0
914,4,43312.17021276596,71.43106795960004,4.251511687488152,0.059863548768159226,4.241168075504502,3.101502974433246,0.7244122967933669,41895.04301075269,66.17204409145731,4.9406925766245475,0.07481569389167865,4.559545849834188,3.1713459005672604,0.6922489800052614,8391_8516,0.0,0.0,0.0,90,2,33,1,90,1,90,0,1,89,33,417,FL-417 S,S,Freeway,0.389091424584,0.0,8391,8516,S,2,65863,4,417,82000,65863,70,52,70.0,0.00566226912227,1,42603.60661175933,68.80155602552867,4.59610213205635,0.06733962132991894,4.4003569626693455,3.1364244375002532,0.7083306383993142,10.659694190921687,-0.9439409383401223,0
915,5,33818.565217391304,73.59402439610247,2.7958393284307403,0.03803063615779189,2.901288059213258,1.7833490929667313,0.6147424219020674,32981.857142857145,68.37763625312805,3.4971305690469494,0.05116792677021557,3.1744499069434764,1.925627834196435,0.606748335637962,8391_8516,0.0,0.0,0.0,90,2,33,1,90,1,90,0,1,89,33,417,FL-417 S,S,Freeway,0.389091424584,0.0,8391,8516,S,2,65863,4,417,82000,65863,70,52,70.0,0.00566226912227,1,33400.21118012423,70.98583032461525,3.146484948738845,0.04459928146400373,3.037868983078367,1.8544884635815833,0.6107453787700148,10.416317501703015,-0.9439409383401223,0
916,6,26359.55172413793,74.33371401919456,3.1857876535491347,0.04297828563847731,2.201424442889201,1.5219617817969695,0.6902851269930375,25624.275862068964,69.28908350788166,3.665043984768072,0.05308384608903897,2.440129031241444,1.740549724044291,0.6956192066723285,8391_8516,0.5,0.5,0.0,90,2,33,1,90,1,90,0,1,89,33,417,FL-417 S,S,Freeway,0.389091424584,0.0,8391,8516,S,2,65863,4,417,82000,65863,70,52,70.0,0.00566226912227,1,25991.91379310345,71.81139876353811,3.4254158191586033,0.04803106586375814,2.3207767370653225,1.6312557529206302,0.692952166832683,10.165540760673055,-0.9439409383401223,0
917,0,49717.65957446809,64.87937316502253,2.2517363169746702,0.03492864853747561,2.3518929479483752,1.681244033517287,0.7112376445069777,49558.712765957454,64.92549519491159,2.6990924703344925,0.04187870544917835,3.1945536910128083,2.259072283481752,0.7001204905943722,8453_8568,0.5,0.0,0.5,106,2,49,1,106,1,106,0,1,105,49,417,FL-417 S,S,Freeway,0.526801969099,0.0,8453,8568,S,2,65863,6,417,69354,65863,70,57,70.0,0.008114201248850001,1,49638.18617021277,64.90243417996706,2.4754143936545816,0.03840367699332698,2.773223319480592,1.9701581584995194,0.705679067550675,10.812515698969502,-0.6409305712707182,1
918,1,51314.60416666666,64.7666068582166,2.3989432962320083,0.0371848501686088,2.4308272150942325,1.7342218637382096,0.7104193470256267,51996.67708333334,64.56632722669254,3.034037922524357,0.04725733774309104,3.3132644736010115,2.351267908011854,0.7018643875439228,8453_8568,0.0,0.0,0.0,106,2,49,1,106,1,106,0,1,105,49,417,FL-417 S,S,Freeway,0.526801969099,0.0,8453,8568,S,2,65863,6,417,69354,65863,70,57,70.0,0.008114201248850001,1,51655.640625,64.66646704245457,2.716490609378183,0.042221093955849914,2.872045844347622,2.042744885875032,0.7061418672847748,10.85235467720064,-0.6409305712707182,1
919,2,52389.17894736842,64.62052276526046,2.4425033700942502,0.03804104875710946,2.5158399693516555,1.7605625572541137,0.6961210310706533,52647.61052631579,64.41214872808821,3.0158398424666752,0.04711609366505395,3.3875932513636378,2.3240800167612874,0.6846632138898644,8453_8568,0.0,0.0,0.0,106,2,49,1,106,1,106,0,1,105,49,417,FL-417 S,S,Freeway,0.526801969099,0.0,8453,8568,S,2,65863,6,417,69354,65863,70,57,70.0,0.008114201248850001,1,52518.39473684211,64.51633574667434,2.7291716062804627,0.0425785712110817,2.9517166103576464,2.0423212870077005,0.6903921224802588,10.86891876315225,-0.6409305712707182,1
920,3,52999.31111111112,64.57057764807321,2.342496539179903,0.036510861955114916,2.590945153973629,1.7689490323893966,0.6792238116933136,53645.27777777778,64.43210752618097,2.944756309597893,0.04602891770216129,3.5119996185629625,2.35922220576836,0.668555287201418,8453_8568,0.5,0.5,0.0,106,2,49,1,106,1,106,0,1,105,49,417,FL-417 S,S,Freeway,0.526801969099,0.0,8453,8568,S,2,65863,6,417,69354,65863,70,57,70.0,0.008114201248850001,1,53322.29444444445,64.50134258712708,2.643626424388898,0.04126988982863811,3.051472386268296,2.0640856190788783,0.6738895494473658,10.884109804958044,-0.6409305712707182,1
921,4,56206.936170212764,64.61829283358439,2.322920522752336,0.036066366849305184,2.680457270577069,1.8134366753909141,0.673239932734944,56963.414893617024,64.53888448417051,2.8587867330405143,0.04453897436029342,3.616212687386197,2.3771225235855105,0.6544911005169788,8453_8568,0.5,0.5,0.0,106,2,49,1,106,1,106,0,1,105,49,417,FL-417 S,S,Freeway,0.526801969099,0.0,8453,8568,S,2,65863,6,417,69354,65863,70,57,70.0,0.008114201248850001,1,56585.175531914894,64.57858865887745,2.590853627896425,0.04030267060479931,3.148334978981633,2.0952795994882125,0.6638655166259614,10.94350231348792,-0.6409305712707182,1
922,5,41464.45652173913,65.36203140215088,2.05665686895432,0.03159281420600706,1.7202759257036404,1.0695021480332407,0.6161492984923832,41120.369565217385,65.7021504932645,2.4779418530232498,0.03779594574525474,2.304550277712335,1.3644299722929791,0.5904828292645259,8453_8568,0.0,0.0,0.0,106,2,49,1,106,1,106,0,1,105,49,417,FL-417 S,S,Freeway,0.526801969099,0.0,8453,8568,S,2,65863,6,417,69354,65863,70,57,70.0,0.008114201248850001,1,41292.41304347826,65.53209094770769,2.267299360988785,0.0346943799756309,2.0124131017079874,1.2169660601631098,0.6033160638784545,10.62843405852582,-0.6409305712707182,1
923,6,32949.528735632186,65.60176842485684,2.2135943708498984,0.033813641419213954,1.2610143495485548,0.8397279662942977,0.6682627913261581,33415.36046511628,66.02240876283443,2.6377262979268368,0.04001104600520273,1.7576139821682804,1.1474254124669745,0.6544434565258981,8453_8568,1.0,0.0,1.0,106,2,49,1,106,1,106,0,1,105,49,417,FL-417 S,S,Freeway,0.526801969099,0.0,8453,8568,S,2,65863,6,417,69354,65863,70,57,70.0,0.008114201248850001,1,33182.444600374234,65.81208859384563,2.4256603343883674,0.03691234371220834,1.5093141658584175,0.9935766893806361,0.6613531239260281,10.409776237955507,-0.6409305712707182,1
924,0,32235.414893617017,67.20403442698748,2.9519095514151834,0.0439816086387288,3.475776788917058,2.5190734144589504,0.7212756715056003,31658.382978723403,73.90932931820923,2.854200679690495,0.03876351259590741,4.319096389503743,3.2664274907236432,0.7509851748956201,8478_6486,0.0,0.0,0.0,78,2,21,1,78,1,78,0,1,77,21,417,FL-417 S,S,Freeway,0.568842641784,0.0,8478,6486,W,2,65863,4,417,45500,65863,70,0,70.0,0.00918172382702,1,31946.89893617021,70.55668187259835,2.9030551155528395,0.0413725606173181,3.8974365892104004,2.892750452591297,0.7361304232006103,10.371830395194287,-0.5641514353283805,0
925,1,32572.22916666667,67.03350771747824,3.2001304632649696,0.04815250335454963,3.56126412588026,2.6788357643901257,0.7434258198385971,32311.82291666667,73.79260519367755,3.1370811011126443,0.04271264211218037,4.3792451777177215,3.411927244524806,0.7747221936008412,8478_6486,1.0,1.0,0.0,78,2,21,1,78,1,78,0,1,77,21,417,FL-417 S,S,Freeway,0.568842641784,0.0,8478,6486,W,2,65863,4,417,45500,65863,70,0,70.0,0.00918172382702,1,32442.02604166667,70.4130564555779,3.168605782188807,0.045432572733365,3.9702546517989905,3.045381504457466,0.7590740067197191,10.387209961324325,-0.5641514353283805,0
926,2,33230.58947368422,67.02090789506015,2.9930286651735867,0.04474792515230688,3.626100988900851,2.6026955711729785,0.7161268788274628,32860.13829787234,73.68306919382206,3.0139553796371987,0.04103797364753063,4.510280903301996,3.395890053586652,0.7515659919198339,8478_6486,0.0,0.0,0.0,78,2,21,1,78,1,78,0,1,77,21,417,FL-417 S,S,Freeway,0.568842641784,0.0,8478,6486,W,2,65863,4,417,45500,65863,70,0,70.0,0.00918172382702,1,33045.36388577828,70.3519885444411,3.0034920224053927,0.04289294939991876,4.068190946101423,2.9992928123798155,0.7338464353736484,10.405636559669563,-0.5641514353283805,0
927,3,34023.144444444435,66.99933599222575,2.9297379113397337,0.0437921536621038,3.713605839860372,2.6251034777876763,0.7054829200643423,33757.573033707864,73.68388901868144,2.998599202678705,0.040807878917030665,4.6396267275173875,3.3957706604270457,0.7308601087354658,8478_6486,0.5,0.5,0.0,78,2,21,1,78,1,78,0,1,77,21,417,FL-417 S,S,Freeway,0.568842641784,0.0,8478,6486,W,2,65863,4,417,45500,65863,70,0,70.0,0.00918172382702,1,33890.35873907615,70.3416125054536,2.964168557009219,0.042300016289567234,4.17661628368888,3.010437069107361,0.7181715143999041,10.430885849941241,-0.5641514353283805,0
928,4,36972.46808510638,66.61988747262238,3.9058490906060808,0.05913939302112992,4.113531174774286,3.12588252193461,0.7408178643571408,36320.01075268817,73.14091006887294,4.687765765638547,0.06498366631228164,5.184380620127537,4.062452337309531,0.7682854682363192,8478_6486,0.5,0.0,0.5,78,2,21,1,78,1,78,0,1,77,21,417,FL-417 S,S,Freeway,0.568842641784,0.0,8478,6486,W,2,65863,4,417,45500,65863,70,0,70.0,0.00918172382702,1,36646.239418897276,69.88039877074766,4.296807428122314,0.06206152966670578,4.648955897450911,3.5941674296220705,0.75455166629673,10.509066094107467,-0.5641514353283805,0
929,5,31088.065217391304,68.17640640024761,2.5408498339355954,0.03733241389260948,2.9754832957131567,1.9184383921686323,0.6428956223893136,30761.67032967033,75.19935180027343,2.450932531868446,0.03265986901646143,3.6967583629870013,2.50002619827245,0.6747225940294644,8478_6486,0.0,0.0,0.0,78,2,21,1,78,1,78,0,1,77,21,417,FL-417 S,S,Freeway,0.568842641784,0.0,8478,6486,W,2,65863,4,417,45500,65863,70,0,70.0,0.00918172382702,1,30924.867773530816,71.68787910026052,2.495891182902021,0.03499614145453546,3.336120829350079,2.2092322952205414,0.658809108209389,10.339315921537104,-0.5641514353283805,0
930,6,24375.57471264368,68.81910310368049,2.733388361888419,0.03994899953981787,2.2717725420254964,1.608999220065136,0.6914746043010308,23872.779069767446,75.67438093320246,2.8036960753136366,0.037496742377435374,2.7618398950221468,2.052268812700784,0.7267835474081202,8478_6486,0.5,0.0,0.5,78,2,21,1,78,1,78,0,1,77,21,417,FL-417 S,S,Freeway,0.568842641784,0.0,8478,6486,W,2,65863,4,417,45500,65863,70,0,70.0,0.00918172382702,1,24124.176891205563,72.24674201844147,2.768542218601028,0.03872287095862662,2.5168062185238216,1.8306340163829602,0.7091290758545755,10.090969807125886,-0.5641514353283805,0
931,0,30437.138297872334,70.27474737864391,2.9723715371596877,0.04250103131945877,2.6742210368253536,2.089167011191393,0.7709158154050421,40815.563829787236,71.77941057835514,2.5499088779232304,0.03571401648906712,2.8336407780325485,1.975444893221072,0.6889284877301124,8482_6618,0.0,0.0,0.0,77,2,20,1,77,1,77,0,1,76,20,417,FL-417 S,S,Freeway,0.245238290843,0.0,8482,6618,W,2,65863,4,417,47654,65863,70,0,70.0,0.00400776084026,1,35626.35106382979,71.02707897849953,2.761140207541459,0.03910752390426295,2.753930907428951,2.0323059522062326,0.7299221515675772,10.480840841450563,-1.4055249254358633,0
932,1,31030.14583333333,69.80771300928502,3.6924366496535335,0.0533365866041127,2.803647753375145,2.308724492397477,0.8027098605218632,40897.59375,71.42518834834875,3.277035224448032,0.04623042563405098,2.9277920769647885,2.2516094643780407,0.7485649564864131,8482_6618,1.0,0.5,0.5,77,2,20,1,77,1,77,0,1,76,20,417,FL-417 S,S,Freeway,0.245238290843,0.0,8482,6618,W,2,65863,4,417,47654,65863,70,0,70.0,0.00400776084026,1,35963.869791666664,70.61645067881689,3.4847359370507824,0.04978350611908184,2.865719915169967,2.2801669783877587,0.7756374085041382,10.490270096579442,-1.4055249254358633,0
933,2,31598.010526315786,69.57303748731167,4.082179531607846,0.05927279158791135,2.9181356529640547,2.4368609313613425,0.8139334987691496,41461.31578947369,71.25120513398103,3.6309844357982985,0.05148713416394027,3.0262395403455726,2.3489169740121927,0.7560577768433646,8482_6618,0.5,0.5,0.0,77,2,20,1,77,1,77,0,1,76,20,417,FL-417 S,S,Freeway,0.245238290843,0.0,8482,6618,W,2,65863,4,417,47654,65863,70,0,70.0,0.00400776084026,1,36529.663157894734,70.41212131064634,3.856581983703072,0.05537996287592581,2.9721875966548135,2.392888952686768,0.784995637806257,10.505879898774866,-1.4055249254358633,0
934,3,32302.7,69.11721493898706,5.475988732463401,0.08041402718186264,3.1723225158055577,2.9240124651305424,0.8843751417802328,42468.03333333333,70.97010287094146,4.654262678803409,0.06622130517383464,3.2730660487954437,2.7488818552348984,0.8105820933637499,8482_6618,1.5,0.5,1.0,77,2,20,1,77,1,77,0,1,76,20,417,FL-417 S,S,Freeway,0.245238290843,0.0,8482,6618,W,2,65863,4,417,47654,65863,70,0,70.0,0.00400776084026,1,37385.36666666667,70.04365890496426,5.065125705633405,0.07331766617784863,3.222694282300501,2.83644716018272,0.8474786175719913,10.52903464124112,-1.4055249254358633,0
935,4,34833.27659574468,67.85696765148154,8.255249232297063,0.1238704059462068,3.7996011809992583,3.9095889883726738,0.9784862264707278,45841.063829787236,69.83432432840837,7.043840639798956,0.10215386126639504,3.9067878099704174,3.698047042069962,0.9097138479113088,8482_6618,1.0,0.5,0.5,77,2,20,1,77,1,77,0,1,76,20,417,FL-417 S,S,Freeway,0.245238290843,0.0,8482,6618,W,2,65863,4,417,47654,65863,70,0,70.0,0.00400776084026,1,40337.17021276596,68.84564598994496,7.6495449360480094,0.11301213360630091,3.853194495484838,3.803818015221318,0.9441000371910183,10.6050286606284,-1.4055249254358633,0
936,5,29872.25,71.17807523972705,2.4974620934685947,0.03522486769671293,2.3206725358418376,1.559860032112263,0.667694517193282,39915.02173913043,72.31854179393194,2.160730624871304,0.02996837580757505,2.5044074320712446,1.5209993116903415,0.6035546403591185,8482_6618,0.5,0.0,0.5,77,2,20,1,77,1,77,0,1,76,20,417,FL-417 S,S,Freeway,0.245238290843,0.0,8482,6618,W,2,65863,4,417,47654,65863,70,0,70.0,0.00400776084026,1,34893.635869565216,71.7483085168295,2.3290963591699496,0.03259662175214399,2.412539983956541,1.5404296719013022,0.6356245787762003,10.460059738254545,-1.4055249254358633,0
937,6,23132.379310344822,71.95163243987406,2.5651697474237585,0.03569732598214979,1.6876614958515033,1.2549515631083683,0.7427279223163271,32616.011494252874,72.86898396745306,2.2216491469556456,0.030523989779446183,1.93412840094936,1.2241224804696489,0.6341850168002291,8482_6618,0.0,0.0,0.0,77,2,20,1,77,1,77,0,1,76,20,417,FL-417 S,S,Freeway,0.245238290843,0.0,8482,6618,W,2,65863,4,417,47654,65863,70,0,70.0,0.00400776084026,1,27874.19540229885,72.41030820366356,2.3934094471897023,0.033110657880797985,1.8108949484004317,1.2395370217890087,0.6884564695582781,10.235456643854311,-1.4055249254358633,0
938,0,40730.617021276594,68.08926047335136,3.508826906468754,0.05214898970500068,4.100461271492654,2.748779832995881,0.6674778347490511,46850.60638297872,63.203512115963285,2.973178380522312,0.04713807432153251,4.750211069666435,3.103453552925038,0.6544242450990573,8484_8486,0.0,0.0,0.0,71,2,14,1,71,1,71,0,1,70,14,417,FL-417 S,S,Freeway,0.643379383497,0.0,8484,8486,W,2,45451,4,417,49500,45451,70,0,70.0,0.0105520966534,1,43790.61170212766,65.64638629465732,3.2410026434955332,0.0496435320132666,4.425336170579545,2.9261166929604596,0.6609510399240541,10.687174728689147,-0.441020707747797,0
939,1,41087.51041666666,67.92832019527513,3.665372993144496,0.05466961305337782,4.114112836478302,2.8024547663546566,0.6808873348640899,47137.11458333334,63.114404296884786,2.9998923695757305,0.047623830630400134,4.772783506325495,3.1687917749877013,0.6646770070321001,8484_8486,1.0,1.0,0.0,71,2,14,1,71,1,71,0,1,70,14,417,FL-417 S,S,Freeway,0.643379383497,0.0,8484,8486,W,2,45451,4,417,49500,45451,70,0,70.0,0.0105520966534,1,44112.3125,65.52136224607996,3.3326326813601135,0.05114672184188898,4.443448171401899,2.985623270671179,0.672782170948095,10.694494217478601,-0.441020707747797,0
940,2,42146.26315789473,67.61210986868305,3.917549620579116,0.058855132894196666,4.28776452654223,2.905608555338714,0.6746579792843739,48410.52631578947,62.85017446353844,3.2320294405303707,0.05158622328289523,4.975797486950183,3.2753006768331074,0.6583747914524989,8484_8486,0.0,0.0,0.0,71,2,14,1,71,1,71,0,1,70,14,417,FL-417 S,S,Freeway,0.643379383497,0.0,8484,8486,W,2,45451,4,417,49500,45451,70,0,70.0,0.0105520966534,1,45278.39473684211,65.23114216611074,3.5747895305547432,0.055220678088545944,4.631781006746207,3.0904546160859105,0.6665163853684364,10.720585260323766,-0.441020707747797,0
941,3,43216.03333333333,67.68839264042842,3.8924920256371465,0.058009774690556064,4.391014035404038,2.8765177223796163,0.6535310124529512,49985.044444444444,62.83078168074788,3.024082795637324,0.048203376255649535,5.11244552290429,3.2374772171060555,0.6344762061190085,8484_8486,0.5,0.5,0.0,71,2,14,1,71,1,71,0,1,70,14,417,FL-417 S,S,Freeway,0.643379383497,0.0,8484,8486,W,2,45451,4,417,49500,45451,70,0,70.0,0.0105520966534,1,46600.538888888885,65.25958716058815,3.458287410637235,0.053106575473102796,4.751729779154164,3.0569974697428357,0.6440036092859798,10.749367384186119,-0.441020707747797,0
942,4,45649.89361702128,67.266992371348,4.461536219603247,0.06711149664988496,4.747080076258343,3.1607272478990267,0.6505913954705098,54798.18085106383,62.16936522769886,3.5937659698501205,0.05815505102974852,5.7047717359020576,3.566183698734372,0.6195578003187999,8484_8486,1.5,0.0,1.5,71,2,14,1,71,1,71,0,1,70,14,417,FL-417 S,S,Freeway,0.643379383497,0.0,8484,8486,W,2,45451,4,417,49500,45451,70,0,70.0,0.0105520966534,1,50224.03723404255,64.71817879952343,4.027651094726684,0.06263327383981673,5.2259259060802,3.3634554733166993,0.6350745978946548,10.82424902044102,-0.441020707747797,0
943,5,40153.86813186813,69.23641188477795,2.8927731699063406,0.04183297215759301,3.6537619837152833,2.231152782181131,0.6106818756327409,47742.67391304348,63.57049214115853,2.62771107825687,0.04137323281275605,4.424161668985013,2.6381024470455383,0.5963034440443252,8484_8486,2.0,2.0,0.0,71,2,14,1,71,1,71,0,1,70,14,417,FL-417 S,S,Freeway,0.643379383497,0.0,8484,8486,W,2,45451,4,417,49500,45451,70,0,70.0,0.0105520966534,1,43948.2710224558,66.40345201296824,2.7602421240816053,0.04160310248517453,4.038961826350148,2.4346276146133343,0.6034926598385331,10.690768562691167,-0.441020707747797,0
944,6,32868.906976744176,69.9127002171489,3.014057343905564,0.04336144207092907,2.8954844687308667,1.9016984925331624,0.6512526949436432,38384.67816091954,64.46485586370922,2.624452003367851,0.040814588798274834,3.3914886292247024,2.1321533478189103,0.6293060138680324,8484_8486,0.0,0.0,0.0,71,2,14,1,71,1,71,0,1,70,14,417,FL-417 S,S,Freeway,0.643379383497,0.0,8484,8486,W,2,45451,4,417,49500,45451,70,0,70.0,0.0105520966534,1,35626.79256883186,67.18877804042906,2.8192546736367072,0.04208801543460195,3.1434865489777843,2.0169259201760363,0.6402793544058378,10.480853234026654,-0.441020707747797,0
945,0,46850.60638297872,63.203512115963285,2.973178380522312,0.04713807432153251,4.750211069666435,3.103453552925038,0.6544242450990573,29068.712765957447,64.39285535908999,2.5184783405772797,0.03921217173738328,2.9326486865196286,1.7580351437721535,0.6008586980239325,8486_9176,1.0,1.0,0.0,68,2,11,1,68,1,68,0,1,67,11,417,FL-417 S,S,Freeway,0.502781157042,0.0,8486,9176,W,2,45451,4,417,49500,45451,70,0,70.0,0.008257142353640001,1,37959.65957446808,63.79818373752664,2.7458283605497957,0.0431751230294579,3.841429878093032,2.430744348348596,0.6276414715614949,10.544279284677016,-0.6876002790184087,0
946,1,47137.11458333334,63.114404296884786,2.9998923695757305,0.047623830630400134,4.772783506325495,3.1687917749877013,0.6646770070321001,29237.75,64.32916207505316,2.60234842428429,0.04059035335837584,2.9716120489462976,1.7858041846748252,0.6020076761487092,8486_9176,0.0,0.0,0.0,68,2,11,1,68,1,68,0,1,67,11,417,FL-417 S,S,Freeway,0.502781157042,0.0,8486,9176,W,2,45451,4,417,49500,45451,70,0,70.0,0.008257142353640001,1,38187.43229166667,63.721783185968974,2.8011203969300102,0.04410709199438799,3.872197777635896,2.4772979798312633,0.6333423415904047,10.550261742862734,-0.6876002790184087,0
947,2,48410.52631578947,62.85017446353844,3.2320294405303707,0.05158622328289523,4.975797486950183,3.2753006768331074,0.6583747914524989,29780.6,64.19709444455876,2.681646959437409,0.04191987995991304,3.0831314874498,1.8778753139858064,0.6061041037890649,8486_9176,0.5,0.0,0.5,68,2,11,1,68,1,68,0,1,67,11,417,FL-417 S,S,Freeway,0.502781157042,0.0,8486,9176,W,2,45451,4,417,49500,45451,70,0,70.0,0.008257142353640001,1,39095.563157894736,63.5236344540486,2.9568381999838897,0.04675305162140413,4.029464487199991,2.576587995409457,0.6322394476207819,10.57376426531213,-0.6876002790184087,0
948,3,49985.044444444444,62.83078168074788,3.024082795637324,0.048203376255649535,5.11244552290429,3.2374772171060555,0.6344762061190085,30415.63333333333,64.19966760623127,2.45413581322618,0.03833494903567275,3.1456845549558765,1.8241021888963047,0.5804049403585545,8486_9176,0.5,0.5,0.0,68,2,11,1,68,1,68,0,1,67,11,417,FL-417 S,S,Freeway,0.502781157042,0.0,8486,9176,W,2,45451,4,417,49500,45451,70,0,70.0,0.008257142353640001,1,40200.33888888889,63.515224643489574,2.739109304431752,0.04326916264566114,4.129065038930083,2.5307897030011803,0.6074405732387815,10.601630704643442,-0.6876002790184087,0
949,4,54798.18085106383,62.16936522769886,3.5937659698501205,0.05815505102974852,5.7047717359020576,3.566183698734372,0.6195578003187999,32867.17021276596,63.81051389897512,2.7639650577408053,0.0435427635724961,3.3911470911303967,1.925668345998421,0.5632162841092064,8486_9176,0.5,0.5,0.0,68,2,11,1,68,1,68,0,1,67,11,417,FL-417 S,S,Freeway,0.502781157042,0.0,8486,9176,W,2,45451,4,417,49500,45451,70,0,70.0,0.008257142353640001,1,43832.675531914894,62.98993956333699,3.178865513795463,0.050848907301122306,4.547959413516227,2.7459260223663966,0.5913870422140032,10.688134834942776,-0.6876002790184087,0
950,5,47742.67391304348,63.57049214115853,2.62771107825687,0.04137323281275605,4.424161668985013,2.6381024470455383,0.5963034440443252,28566.07608695652,64.8245663674335,2.44010896578126,0.037693843253155015,2.6136116231691524,1.3830358051227112,0.5296557653941588,8486_9176,0.0,0.0,0.0,68,2,11,1,68,1,68,0,1,67,11,417,FL-417 S,S,Freeway,0.502781157042,0.0,8486,9176,W,2,45451,4,417,49500,45451,70,0,70.0,0.008257142353640001,1,38154.375,64.19752925429601,2.533910022019065,0.039533538032955534,3.5188866460770827,2.0105691260841247,0.562979604719242,10.549395709036563,-0.6876002790184087,0
951,6,38384.67816091954,64.46485586370922,2.624452003367851,0.040814588798274834,3.3914886292247024,2.1321533478189103,0.6293060138680324,23590.137931034482,65.40829011562154,2.655227295161664,0.04065638337430028,2.085433095181405,1.1567157421739132,0.5555121422810251,8486_9176,1.5,1.0,0.5,68,2,11,1,68,1,68,0,1,67,11,417,FL-417 S,S,Freeway,0.502781157042,0.0,8486,9176,W,2,45451,4,417,49500,45451,70,0,70.0,0.008257142353640001,1,30987.408045977012,64.93657298966538,2.639839649264758,0.04073548608628756,2.7384608622030537,1.6444345449964117,0.5924090780745288,10.341336208883682,-0.6876002790184087,0
952,0,31659.20212765957,69.60828908172682,2.398087626687841,0.03448826254409612,2.7501847217901005,2.086136462639636,0.7569665604033811,31083.537634408603,72.52006839951946,2.505183279698201,0.03459186947909624,4.116603227979299,3.1739335431944435,0.7696645078799791,8510_6855,0.0,0.0,0.0,84,2,27,1,84,1,84,0,1,83,27,417,FL-417 S,S,Freeway,0.34140083265,0.0,8510,6855,W,2,65863,4,417,45500,65863,70,0,70.0,0.00520647354583,1,31371.369881034087,71.06417874062313,2.4516354531930213,0.03454006601159618,3.4333939748846998,2.63003500291704,0.7633155341416801,10.35365096873731,-1.0746980296968274,0
953,1,32325.14583333333,69.51106788837969,2.51647883278819,0.036273347406497285,2.8142188170564695,2.1811571427315486,0.770609037759944,31421.65625,72.41255682149179,2.658041330814688,0.036782705431231986,4.198720980809194,3.265037478480513,0.7753071998999471,8510_6855,0.0,0.0,0.0,84,2,27,1,84,1,84,0,1,83,27,417,FL-417 S,S,Freeway,0.34140083265,0.0,8510,6855,W,2,65863,4,417,45500,65863,70,0,70.0,0.00520647354583,1,31873.401041666664,70.96181235493574,2.587260081801439,0.036528026418864636,3.5064698989328313,2.7230973106060308,0.7729581188299456,10.369527117803809,-1.0746980296968274,0
954,2,32985.6,69.42648186958894,2.5836970403780777,0.037318045667263634,2.9004834925928122,2.2176041032509666,0.7600577646659222,32567.410526315787,72.27048373361227,2.7552385270454725,0.03823084331558935,4.353569629509199,3.3185029914552437,0.7601840342818789,8510_6855,0.5,0.5,0.0,84,2,27,1,84,1,84,0,1,83,27,417,FL-417 S,S,Freeway,0.34140083265,0.0,8510,6855,W,2,65863,4,417,45500,65863,70,0,70.0,0.00520647354583,1,32776.505263157895,70.8484828016006,2.669467783711775,0.03777444449142649,3.6270265610510055,2.768053547353105,0.7601208994739006,10.397467234752197,-1.0746980296968274,0
955,3,33639.48888888889,69.44389491455655,2.6545091618932144,0.03846804716865455,2.9991950153651397,2.3076879286622574,0.7594399957149817,33074.3,72.23348823492961,2.9024670968493123,0.04050485536752112,4.501448486297843,3.442766381724003,0.7576980906140469,8510_6855,0.0,0.0,0.0,84,2,27,1,84,1,84,0,1,83,27,417,FL-417 S,S,Freeway,0.34140083265,0.0,8510,6855,W,2,65863,4,417,45500,65863,70,0,70.0,0.00520647354583,1,33356.89444444445,70.83869157474308,2.7784881293712633,0.039486451268087835,3.750321750831491,2.87522715519313,0.7585690431645142,10.415019759946423,-1.0746980296968274,0
956,4,36271.32978723404,69.45474432537578,2.4215257100045364,0.034948788287857864,3.1742987000945293,2.2488283102525104,0.7056520998920423,35408.46808510638,72.25670085704145,2.675317109563702,0.037178152257353096,4.778237845600955,3.44326353289481,0.7166476940861999,8510_6855,0.5,0.5,0.0,84,2,27,1,84,1,84,0,1,83,27,417,FL-417 S,S,Freeway,0.34140083265,0.0,8510,6855,W,2,65863,4,417,45500,65863,70,0,70.0,0.00520647354583,1,35839.89893617021,70.85572259120862,2.548421409784119,0.03606347027260548,3.9762682728477423,2.84604592157366,0.711149896989121,10.48681704722357,-1.0746980296968274,0
957,5,29662.293478260868,70.47134068062006,2.2196103621948087,0.031560231954302964,2.2994337057997765,1.5143368550953302,0.6592013237697938,28515.130434782608,73.60455109851726,2.299059777880253,0.031304208750715656,3.4353070492615574,2.2769850878293063,0.6623306964850459,8510_6855,0.0,0.0,0.0,84,2,27,1,84,1,84,0,1,83,27,417,FL-417 S,S,Freeway,0.34140083265,0.0,8510,6855,W,2,65863,4,417,45500,65863,70,0,70.0,0.00520647354583,1,29088.711956521736,72.03794588956866,2.2593350700375305,0.03143222035250931,2.867370377530667,1.8956609714623183,0.6607660101274199,10.278105472630704,-1.0746980296968274,0
958,6,23154.275862068964,70.88537523280327,2.369057358208764,0.03344837683936529,1.6869615296030032,1.1946274338421343,0.7100412564226692,22994.767441860466,74.10858547206558,2.4353500875278216,0.032917323642020574,2.572922760842526,1.8171671645206269,0.7070515490111969,8510_6855,0.0,0.0,0.0,84,2,27,1,84,1,84,0,1,83,27,417,FL-417 S,S,Freeway,0.34140083265,0.0,8510,6855,W,2,65863,4,417,45500,65863,70,0,70.0,0.00520647354583,1,23074.521651964715,72.49698035243443,2.402203722868293,0.03318285024069293,2.1299421452227647,1.5058972991813806,0.708546402716933,10.046484329013806,-1.0746980296968274,0
959,0,36794.63829787234,73.78267658575506,3.5446469457475382,0.048175844541531135,3.609230063231055,2.781002403110369,0.7614386171329407,33591.904255319154,67.58968923656928,5.044750495415067,0.07495945428239913,3.8328998865164383,3.110799506609186,0.7982334329637109,8536_8514,1.5,1.0,0.5,86,2,29,1,86,1,86,0,1,85,29,417,FL-417 S,S,Freeway,0.306133055603,0.0,8536,8514,S,2,65863,4,417,82000,65863,70,52,70.0,0.00445169703092,1,35193.27127659575,70.68618291116218,4.2946987205813025,0.06156764941196513,3.7210649748737468,2.9459009548597774,0.7798360250483258,10.468610186398482,-1.1837354493055217,0
960,1,38158.114583333336,73.56014588888581,4.004780951530466,0.05463707599750231,3.739239180379918,2.992728210707132,0.7885653614225837,34409.354166666664,67.25713825600894,5.537455495364019,0.08270023254301262,3.966898254534439,3.3242640146984765,0.8243086976658339,8536_8514,0.5,0.0,0.5,86,2,29,1,86,1,86,0,1,85,29,417,FL-417 S,S,Freeway,0.306133055603,0.0,8536,8514,S,2,65863,4,417,82000,65863,70,52,70.0,0.00445169703092,1,36283.734375,70.40864207244738,4.7711182234472425,0.06866865427025746,3.8530687174571785,3.158496112702804,0.8064370295442088,10.499124830988162,-1.1837354493055217,0
961,2,38614.78947368421,73.55902553071303,3.7360289944105203,0.05098077228080506,3.8054624856908883,2.9218299460965813,0.76059231211788,35045.957894736835,67.10453525610772,5.375095575225314,0.08050327467200072,4.073807967894046,3.3024762821140654,0.7993325466521521,8536_8514,1.0,1.0,0.0,86,2,29,1,86,1,86,0,1,85,29,417,FL-417 S,S,Freeway,0.306133055603,0.0,8536,8514,S,2,65863,4,417,82000,65863,70,52,70.0,0.00445169703092,1,36830.37368421053,70.33178039341038,4.555562284817917,0.06574202347640289,3.9396352267924675,3.1121531141053236,0.779962429385016,10.51407815557853,-1.1837354493055217,0
962,3,39502.03370786517,73.39051152459842,4.001280706825395,0.05479592454601191,3.9243492889159817,3.038377814748873,0.7635798598065405,35603.444444444445,67.07975367061469,5.4753385154544425,0.08206756093878162,4.157201739513463,3.3445924523315904,0.7924878777823097,8536_8514,0.0,0.0,0.0,86,2,29,1,86,1,86,0,1,85,29,417,FL-417 S,S,Freeway,0.306133055603,0.0,8536,8514,S,2,65863,4,417,82000,65863,70,52,70.0,0.00445169703092,1,37552.73907615481,70.23513259760657,4.738309611139918,0.06843174274239677,4.040775514214722,3.1914851335402314,0.778033868794425,10.53350159930304,-1.1837354493055217,0
963,4,41907.79569892473,73.59269091889675,3.2663023566299945,0.04490519466247686,4.07353947459223,2.9210107506581564,0.7000392276697636,38031.51063829787,67.23256016740575,4.571206377354778,0.06866964951199629,4.3459617655127385,3.1593650118470475,0.7125561800713573,8536_8514,0.5,0.5,0.0,86,2,29,1,86,1,86,0,1,85,29,417,FL-417 S,S,Freeway,0.306133055603,0.0,8536,8514,S,2,65863,4,417,82000,65863,70,52,70.0,0.00445169703092,1,39969.6531686113,70.41262554315125,3.918754366992386,0.056787422087236576,4.209750620052484,3.040187881252602,0.7062977038705605,10.595875774375035,-1.1837354493055217,0
964,5,32508.0,75.06488929198542,2.6338913306241687,0.03511155284882608,2.8004569059028666,1.6643403105905443,0.5945113919869556,30141.695652173912,69.37273941701844,3.1618707547660843,0.04561467788789055,3.0454012566612727,1.9424974403422384,0.6381799301545534,8536_8514,0.0,0.0,0.0,86,2,29,1,86,1,86,0,1,85,29,417,FL-417 S,S,Freeway,0.306133055603,0.0,8536,8514,S,2,65863,4,417,82000,65863,70,52,70.0,0.00445169703092,1,31324.847826086956,72.21881435450193,2.8978810426951265,0.04036311536835832,2.92292908128207,1.8034188754663913,0.6163456610707545,10.352166921846226,-1.1837354493055217,0
965,6,25044.127906976744,75.33646444291395,3.0779287345667714,0.04090451533675079,2.108240103109346,1.3688950942174465,0.6505006530358148,23378.05747126437,70.07850789246788,3.273005689462692,0.046754598820905,2.2717189719259205,1.6005654705464365,0.7052657181468595,8536_8514,0.5,0.5,0.0,86,2,29,1,86,1,86,0,1,85,29,417,FL-417 S,S,Freeway,0.306133055603,0.0,8536,8514,S,2,65863,4,417,82000,65863,70,52,70.0,0.00445169703092,1,24211.092689120556,72.70748616769092,3.175467212014732,0.043829557078827894,2.189979537517633,1.4847302823819415,0.6778831855913372,10.094566182706275,-1.1837354493055217,0
966,0,52964.744680851065,71.0163702839187,2.4311159129894566,0.0344005107435521,3.698276238326157,2.5565813425891286,0.6861183981376102,52701.67021276597,72.5919310916712,2.6399381195541345,0.03685701756187714,3.4127130159206276,2.5440342640034093,0.7273149763457258,8546_7092,4.0,2.5,1.5,96,2,39,1,96,1,96,0,1,95,39,417,FL-417 S,S,Freeway,1.12851973566,0.0,8546,7092,S,2,65863,6,417,96500,65863,70,80,70.0,0.0167365149054,1,52833.20744680852,71.80415068779496,2.5355270162717956,0.03562876415271462,3.5554946271233923,2.5503078032962687,0.706716687241668,10.874895200918274,0.12090680552306479,1
967,1,54134.89583333334,70.89438161073821,2.3688105248545708,0.03350401801661697,3.782990838623473,2.6055078989205094,0.6861907700408433,54113.39583333334,72.43803318080205,2.680768296284397,0.03737291464071273,3.492185622136351,2.5716012855421337,0.7220926798282087,8546_7092,2.5,2.5,0.0,96,2,39,1,96,1,96,0,1,95,39,417,FL-417 S,S,Freeway,1.12851973566,0.0,8546,7092,S,2,65863,6,417,96500,65863,70,80,70.0,0.0167365149054,1,54124.14583333334,71.66620739577013,2.524789410569484,0.03543846632866485,3.637588230379912,2.5885545922313216,0.704141724934526,10.899035683809979,0.12090680552306479,1
968,2,55547.85106382979,70.76529097374727,2.4526368192884402,0.03479796887479459,3.893034632934368,2.6450052353113294,0.6766410096695215,55127.13684210526,72.40003511108891,2.6685426441348743,0.0371538870532048,3.584355351266028,2.5600464359671156,0.7088330292936046,8546_7092,4.0,2.5,1.5,96,2,39,1,96,1,96,0,1,95,39,417,FL-417 S,S,Freeway,1.12851973566,0.0,8546,7092,S,2,65863,6,417,96500,65863,70,80,70.0,0.0167365149054,1,55337.493952967525,71.58266304241809,2.5605897317116573,0.03597592796399969,3.738694992100198,2.6025258356392227,0.692737019481563,10.9212059677649,0.12090680552306479,1
969,3,56321.06666666666,70.6931189153869,2.63186381179616,0.03749569161015687,3.9972490694232032,2.715549799916108,0.6749977517138627,56229.288888888885,72.31698638815546,2.690992129341486,0.03764032141230023,3.6943012047472368,2.6222099642491505,0.6965305274741964,8546_7092,4.0,1.5,2.5,96,2,39,1,96,1,96,0,1,95,39,417,FL-417 S,S,Freeway,1.12851973566,0.0,8546,7092,S,2,65863,6,417,96500,65863,70,80,70.0,0.0167365149054,1,56275.177777777775,71.50505265177118,2.6614279705688233,0.03756800651122855,3.8457751370852202,2.668879882082629,0.6857641395940295,10.93800882485973,0.12090680552306479,1
970,4,59287.659574468074,70.79202549123542,2.15218158794689,0.03044476107193288,4.1439093667182405,2.5910791933558937,0.6255707134301021,59228.925531914894,72.4936098866558,2.0890175802510957,0.02893617243386368,3.7774682807051776,2.44075706665859,0.6441251733822669,8546_7092,2.0,1.5,0.5,96,2,39,1,96,1,96,0,1,95,39,417,FL-417 S,S,Freeway,1.12851973566,0.0,8546,7092,S,2,65863,6,417,96500,65863,70,80,70.0,0.0167365149054,1,59258.29255319148,71.64281768894561,2.1205995840989926,0.02969046675289828,3.960688823711709,2.5159181300072415,0.6348479434061844,10.989661007907726,0.12090680552306479,1
971,5,44283.77173913043,72.24467345576066,1.9238162644215184,0.026657364228589376,2.7607755176509747,1.5558130291413037,0.56351259443157,44119.380434782615,73.94829812629601,1.9579799296790608,0.026517417971551355,2.46081395526202,1.3987154787633564,0.5679784220674604,8546_7092,1.0,0.5,0.5,96,2,39,1,96,1,96,0,1,95,39,417,FL-417 S,S,Freeway,1.12851973566,0.0,8546,7092,S,2,65863,6,417,96500,65863,70,80,70.0,0.0167365149054,1,44201.57608695653,73.09648579102833,1.9408980970502896,0.026587391100070364,2.6107947364564974,1.4772642539523302,0.5657455082495152,10.696515725505995,0.12090680552306479,1
972,6,35111.63218390805,72.72884594364719,2.1165889350846334,0.029136933600194044,2.0915284337664137,1.2988939305050673,0.6218860816886598,35004.32183908046,74.27201713878975,2.2170379402379097,0.02990772558932717,1.8644864758276465,1.1943105161274346,0.6382274614593783,8546_7092,1.5,1.0,0.5,96,2,39,1,96,1,96,0,1,95,39,417,FL-417 S,S,Freeway,1.12851973566,0.0,8546,7092,S,2,65863,6,417,96500,65863,70,80,70.0,0.0167365149054,1,35057.97701149425,73.50043154121846,2.1668134376612715,0.02952232959476061,1.97800745479703,1.246602223316251,0.6300567715740191,10.464758456054462,0.12090680552306479,1
973,0,50063.276595744675,70.48715738389652,2.597455349762611,0.03692048078794395,3.3270562335006524,2.323622886216352,0.6948908897823353,95017.88372093023,73.33405913775077,2.2072424332906624,0.03017233894254238,3.2865742643483036,2.3586941091400684,0.7122477268012393,8555_8559,0.5,0.5,0.0,94,2,37,1,94,1,94,0,1,93,37,417,FL-417 S,S,Freeway,0.410911915983,0.0,8555,8559,S,2,65863,6,417,97034,65863,70,63,70.0,0.00608646651501,1,72540.58015833746,71.91060826082364,2.4023488915266364,0.03354640986524317,3.3068152489244778,2.3411584976782103,0.7035693082917873,11.191901410576312,-0.8893764037979974,1
974,1,51495.63541666666,70.35491063304903,2.6309619183232225,0.03747412810677229,3.4163847320927405,2.3899254949689355,0.6955661671870516,92123.34831460674,73.21197509138953,2.0643522317764242,0.02823664358601517,3.3656022646233463,2.355555324858663,0.6982796423047283,8555_8559,0.5,0.5,0.0,94,2,37,1,94,1,94,0,1,93,37,417,FL-417 S,S,Freeway,0.410911915983,0.0,8555,8559,S,2,65863,6,417,97034,65863,70,63,70.0,0.00608646651501,1,71809.4918656367,71.78344286221929,2.347657075049823,0.03285538584639373,3.3909934983580436,2.372740409913799,0.6969229047458899,11.181771944984588,-0.8893764037979974,1
975,2,52385.46315789474,70.19630083435861,2.6737066209907505,0.038220158141163335,3.516106294062531,2.4206076306287843,0.6846955221187797,98758.70454545453,73.06866460913706,2.1180598048367845,0.02905828941980745,3.5232959024487127,2.440703015075364,0.6906588352038254,8555_8559,0.5,0.5,0.0,94,2,37,1,94,1,94,0,1,93,37,417,FL-417 S,S,Freeway,0.410911915983,0.0,8555,8559,S,2,65863,6,417,97034,65863,70,63,70.0,0.00608646651501,1,75572.08385167463,71.63248272174783,2.3958832129137675,0.033639223780485394,3.519701098255622,2.430655322852074,0.6876771786613025,11.232842232752677,-0.8893764037979974,1
976,3,53418.34444444445,70.1655491164339,2.7281393215453886,0.03898483718903938,3.5908089879678906,2.439283247065465,0.6757344584083473,96737.67469879518,73.08788989950146,2.1783128153811844,0.029864934751827436,3.5814558930891964,2.4612011135286425,0.6836921892960874,8555_8559,0.5,0.5,0.0,94,2,37,1,94,1,94,0,1,93,37,417,FL-417 S,S,Freeway,0.410911915983,0.0,8555,8559,S,2,65863,6,417,97034,65863,70,63,70.0,0.00608646651501,1,75078.00957161981,71.62671950796768,2.4532260684632865,0.03442488597043341,3.5861324405285435,2.450242180297054,0.6797133238522174,11.22628297958211,-0.8893764037979974,1
977,4,55948.60638297872,69.99738813647362,2.961046615572092,0.04294504849690827,3.827080566425366,2.6632947724463087,0.6733628152572275,104649.45348837208,72.99016694589444,2.35005619419413,0.032614778484353624,3.753209433741023,2.572036823109608,0.6728660220133789,8555_8559,1.0,0.5,0.5,94,2,37,1,94,1,94,0,1,93,37,417,FL-417 S,S,Freeway,0.410911915983,0.0,8555,8559,S,2,65863,6,417,97034,65863,70,63,70.0,0.00608646651501,1,80299.0299356754,71.49377754118403,2.655551404883111,0.03777991349063095,3.7901450000831947,2.617665797777958,0.6731144186353032,11.293512819359709,-0.8893764037979974,1
978,5,41185.27173913043,71.59219803528791,2.1593155973279865,0.03017652181593668,2.4190411469627087,1.384953552749536,0.5723751356880746,79662.36904761905,74.40212102065627,1.8132054235274482,0.02438615325455447,2.3575177964598786,1.4007602774052519,0.5917271695917163,8555_8559,0.5,0.5,0.0,94,2,37,1,94,1,94,0,1,93,37,417,FL-417 S,S,Freeway,0.410911915983,0.0,8555,8559,S,2,65863,6,417,97034,65863,70,63,70.0,0.00608646651501,1,60423.82039337474,72.99715952797209,1.9862605104277173,0.027281337535245573,2.388279471711294,1.392856915077394,0.5820511526398955,11.009138683550344,-0.8893764037979974,1
979,6,32786.16091954023,72.13611723084924,2.3845063429198605,0.03308702489244611,1.8183244938184728,1.1471759070445116,0.6317746881803603,64732.0375,74.89315826976231,1.966474965886136,0.02627609442079284,1.7619978022688094,1.1529612028559757,0.654508112379732,8555_8559,0.0,0.0,0.0,94,2,37,1,94,1,94,0,1,93,37,417,FL-417 S,S,Freeway,0.410911915983,0.0,8555,8559,S,2,65863,6,417,97034,65863,70,63,70.0,0.00608646651501,1,48759.09920977011,73.51463775030578,2.1754906544029984,0.029681559656619477,1.7901611480436412,1.1500685549502436,0.6431414002800462,10.794647109465787,-0.8893764037979974,1
980,0,95017.88372093023,73.33405913775077,2.2072424332906624,0.03017233894254238,3.2865742643483036,2.3586941091400684,0.7122477268012393,70906.36170212767,72.71329294901646,2.301234001341733,0.031788354639292325,3.7091293390991233,2.5866155638140653,0.6929856536045975,8559_6030,1.5,1.0,0.5,95,2,38,1,95,1,95,0,1,94,38,417,FL-417 S,S,Freeway,1.0378994552299998,0.0,8559,6030,S,2,65863,6,417,97034,65863,70,63,70.0,0.015239944357700003,1,82962.12271152895,73.02367604338362,2.254238217316198,0.03098034679091735,3.4978518017237135,2.4726548364770666,0.7026166902029184,11.326139429744927,0.037198916111812544,1
981,1,92123.34831460674,73.21197509138953,2.0643522317764242,0.02823664358601517,3.3656022646233463,2.355555324858663,0.6982796423047283,70554.92708333331,72.64496997286265,2.1829085228156013,0.03014555040308036,3.7853472125077934,2.613324969258416,0.6870944913406416,8559_6030,0.5,0.5,0.0,95,2,38,1,95,1,95,0,1,94,38,417,FL-417 S,S,Freeway,1.0378994552299998,0.0,8559,6030,S,2,65863,6,417,97034,65863,70,63,70.0,0.015239944357700003,1,81339.13769897004,72.9284725321261,2.1236303772960126,0.029191096994547763,3.57547473856557,2.4844401470585398,0.692687066822685,11.306382578212128,0.037198916111812544,1
982,2,98758.70454545453,73.06866460913706,2.1180598048367845,0.02905828941980745,3.5232959024487127,2.440703015075364,0.6906588352038254,72892.69473684211,72.54825462265542,2.358828628043105,0.03263241270986363,3.875590235197048,2.6377645798221026,0.6783964253745304,8559_6030,2.0,1.5,0.5,95,2,38,1,95,1,95,0,1,94,38,417,FL-417 S,S,Freeway,1.0378994552299998,0.0,8559,6030,S,2,65863,6,417,97034,65863,70,63,70.0,0.015239944357700003,1,85825.69964114833,72.80845961589624,2.2384442164399445,0.03084535106483554,3.6994430688228803,2.539233797448733,0.6845276302891778,11.360073770243128,0.037198916111812544,1
983,3,96737.67469879518,73.08788989950146,2.1783128153811844,0.029864934751827436,3.5814558930891964,2.4612011135286425,0.6836921892960874,76169.8111111111,72.49853743444515,2.4057633177597046,0.033340623371112973,3.9464070607602992,2.6745130227403777,0.6752750762094251,8559_6030,0.5,0.5,0.0,95,2,38,1,95,1,95,0,1,94,38,417,FL-417 S,S,Freeway,1.0378994552299998,0.0,8559,6030,S,2,65863,6,417,97034,65863,70,63,70.0,0.015239944357700003,1,86453.74290495313,72.79321366697332,2.2920380665704445,0.0316027790614702,3.763931476924748,2.56785706813451,0.6794836327527563,11.367364785778063,0.037198916111812544,1
984,4,104649.45348837208,72.99016694589444,2.35005619419413,0.032614778484353624,3.753209433741023,2.572036823109608,0.6728660220133789,79514.42553191491,72.49944058374618,2.3015913659953045,0.03186684360199157,4.124415199881684,2.719405336441408,0.6562769494267483,8559_6030,2.0,1.0,1.0,95,2,38,1,95,1,95,0,1,94,38,417,FL-417 S,S,Freeway,1.0378994552299998,0.0,8559,6030,S,2,65863,6,417,97034,65863,70,63,70.0,0.015239944357700003,1,92081.9395101435,72.74480376482032,2.3258237800947175,0.0322408110431726,3.9388123168113536,2.645721079775508,0.6645714857200635,11.430434106490003,0.037198916111812544,1
985,5,79662.36904761905,74.40212102065627,1.8132054235274482,0.02438615325455447,2.3575177964598786,1.4007602774052519,0.5917271695917163,58715.84782608696,73.63628639262923,2.063777339255332,0.028076525458735773,2.73814449452354,1.5853136954720155,0.5783515804948615,8559_6030,0.0,0.0,0.0,95,2,38,1,95,1,95,0,1,94,38,417,FL-417 S,S,Freeway,1.0378994552299998,0.0,8559,6030,S,2,65863,6,417,97034,65863,70,63,70.0,0.015239944357700003,1,69189.10843685301,74.01920370664274,1.93849138139139,0.026231339356645123,2.5478311454917093,1.4930369864386337,0.585039375043289,11.14459873668723,0.037198916111812544,1
986,6,64732.0375,74.89315826976231,1.966474965886136,0.02627609442079284,1.7619978022688094,1.1529612028559757,0.654508112379732,45876.35632183909,74.00410730827303,2.2953165557903747,0.03109288127748517,2.1083208490816223,1.3736636804198477,0.6490614078328129,8559_6030,1.0,0.5,0.5,95,2,38,1,95,1,95,0,1,94,38,417,FL-417 S,S,Freeway,1.0378994552299998,0.0,8559,6030,S,2,65863,6,417,97034,65863,70,63,70.0,0.015239944357700003,1,55304.19691091955,74.44863278901767,2.1308957608382553,0.028684487849139004,1.9351593256752158,1.2633124416379116,0.6517847601062725,10.920604078137343,0.037198916111812544,1
987,0,48785.414893617024,69.7981834058199,2.3571883512692366,0.03392181843458812,3.3607221271192933,2.3085572176512232,0.6852261838697313,50566.161290322576,66.51246441123669,2.5070528311514315,0.03777242355066735,3.4741436755743407,2.4546349423620306,0.7049629771167428,8563_8572,0.5,0.0,0.5,110,2,53,1,110,1,110,0,1,109,53,417,FL-417 S,S,Freeway,0.319507970381,0.0,8563,8572,S,2,65863,6,417,91500,65863,70,67,70.0,0.00467276097257,1,49675.7880919698,68.15532390852829,2.4321205912103343,0.03584712099262774,3.417432901346817,2.381596080006627,0.6950945804932371,10.813272932255817,-1.140973059056299,1
988,1,50288.11458333334,69.7440241018973,2.42488105527142,0.03485198992134357,3.4464868348354667,2.4182654364512075,0.6980448486768241,51893.19791666666,66.32169518901723,2.5726743604924693,0.038842160452732,3.5888979217301915,2.56222184837173,0.7117758135575402,8563_8572,0.5,0.5,0.0,110,2,53,1,110,1,110,0,1,109,53,417,FL-417 S,S,Freeway,0.319507970381,0.0,8563,8572,S,2,65863,6,417,91500,65863,70,67,70.0,0.00467276097257,1,51090.65625,68.03285964545726,2.4987777078819446,0.03684707518703778,3.5176923782828293,2.4902436424114684,0.7049103311171822,10.841356907221796,-1.140973059056299,1
989,2,51257.442105263166,69.57628288662997,2.589349904607251,0.03734416206946197,3.5729125800979245,2.4615620310335844,0.6861590595984359,53101.621052631584,66.12337679021826,2.7122942454745167,0.04121575838657903,3.714433904783169,2.6124166015322072,0.7003505419448126,8563_8572,0.5,0.5,0.0,110,2,53,1,110,1,110,0,1,109,53,417,FL-417 S,S,Freeway,0.319507970381,0.0,8563,8572,S,2,65863,6,417,91500,65863,70,67,70.0,0.00467276097257,1,52179.531578947375,67.84982983842411,2.6508220750408835,0.0392799602280205,3.6436732424405465,2.536989316282896,0.6932548007716243,10.86244558162757,-1.140973059056299,1
990,3,52028.81111111112,69.40309088659555,2.6516895116666075,0.03850892037813837,3.6996907210258376,2.4618837172901067,0.6626066640888696,53660.977777777785,65.98193787222996,2.8017270090894333,0.042804074702459456,3.8272215916700207,2.6248183814440758,0.6832581965287471,8563_8572,1.0,0.5,0.5,110,2,53,1,110,1,110,0,1,109,53,417,FL-417 S,S,Freeway,0.319507970381,0.0,8563,8572,S,2,65863,6,417,91500,65863,70,67,70.0,0.00467276097257,1,52844.89444444445,67.69251437941276,2.7267082603780204,0.040656497540298916,3.763456156347929,2.543351049367091,0.6729324303088083,10.875116381985581,-1.140973059056299,1
991,4,55444.936170212764,69.38528584943775,2.8023258481364928,0.04081295998181512,3.859056707036674,2.591431165595133,0.6615980979318831,56793.20212765957,65.89904997713329,2.7808515609107207,0.04261854180805499,4.003523559126878,2.7054642329588567,0.6690070504993508,8563_8572,0.0,0.0,0.0,110,2,53,1,110,1,110,0,1,109,53,417,FL-417 S,S,Freeway,0.319507970381,0.0,8563,8572,S,2,65863,6,417,91500,65863,70,67,70.0,0.00467276097257,1,56119.06914893616,67.64216791328552,2.7915887045236065,0.04171575089493505,3.9312901330817756,2.648447699276995,0.6653025742156169,10.935230947281546,-1.140973059056299,1
992,5,41003.40217391304,70.76063380992134,2.0931499132593,0.029636769895204813,2.5150759255285595,1.468913299603327,0.5842830120922343,42317.95604395605,67.30132183008968,2.1946947677134143,0.0326843615350599,2.5674593509908568,1.5685552377215737,0.6109849255245722,8563_8572,0.5,0.5,0.0,110,2,53,1,110,1,110,0,1,109,53,417,FL-417 S,S,Freeway,0.319507970381,0.0,8563,8572,S,2,65863,6,417,91500,65863,70,67,70.0,0.00467276097257,1,41660.67910893455,69.03097782000552,2.143922340486357,0.031160565715132357,2.541267638259708,1.5187342686624503,0.5976339688084032,10.637313015904724,-1.140973059056299,1
993,6,32400.183908045976,71.0703858744075,2.482660350765314,0.03514603483115289,1.9494051959452627,1.2617617393594318,0.6384190712049754,33648.813953488374,67.9957986621161,2.5395577882472167,0.037451824179813735,1.9359651164670708,1.2903467991371966,0.6664778743065416,8563_8572,1.0,0.0,1.0,110,2,53,1,110,1,110,0,1,109,53,417,FL-417 S,S,Freeway,0.319507970381,0.0,8563,8572,S,2,65863,6,417,91500,65863,70,67,70.0,0.00467276097257,1,33024.49893076718,69.53309226826181,2.5111090695062654,0.036298929505483316,1.9426851562061667,1.276054269248314,0.6524484727557585,10.405004956853537,-1.140973059056299,1
994,0,40365.086956521736,65.34184164826678,4.676810571365265,0.07184336167974296,4.531833849355082,3.4430139599355885,0.7531997858370637,46000.255319148935,57.56169781344919,3.4805818224898446,0.06068475431162641,5.434461974615897,3.918219131432175,0.718351388063402,8565_8588,1.0,1.0,0.0,117,2,60,1,117,1,117,0,1,116,60,417,FL-417 S,S,Freeway,0.426625792594,0.0,8565,8588,S,2,65863,5,417,83459,65863,70,37,70.0,0.006423783708,1,43182.671137835336,61.45176973085799,4.078696196927555,0.06626405799568469,4.98314791198549,3.6806165456838817,0.7357755869502329,10.673194562688987,-0.8518480139333761,1
995,1,41098.92631578948,64.78318500932357,5.1640386151649,0.0802817814363537,4.7428486068337214,3.6466181110007465,0.7662837281665075,47313.25,57.06655960549318,3.8557996664908,0.06806811931621606,5.6690201464133025,4.19415131507905,0.7345217129714839,8565_8588,1.0,0.5,0.5,117,2,60,1,117,1,117,0,1,116,60,417,FL-417 S,S,Freeway,0.426625792594,0.0,8565,8588,S,2,65863,5,417,83459,65863,70,37,70.0,0.006423783708,1,44206.088157894745,60.92487230740838,4.50991914082785,0.07417495037628488,5.205934376623512,3.920384713039898,0.7504027205689957,10.696617799709191,-0.8518480139333761,1
996,2,41564.484210526316,64.54003344105621,5.397357614649256,0.08423200055412178,4.863962328226882,3.735960197168376,0.763160666638208,48297.35106382979,56.87333742996292,4.048054183503681,0.071733691842574,5.889473108592442,4.2634448704367465,0.7208111322820684,8565_8588,2.0,2.0,0.0,117,2,60,1,117,1,117,0,1,116,60,417,FL-417 S,S,Freeway,0.426625792594,0.0,8565,8588,S,2,65863,5,417,83459,65863,70,37,70.0,0.006423783708,1,44930.91763717805,60.70668543550957,4.722705899076469,0.07798284619834789,5.376717718409662,3.9997025338025614,0.7419858994601383,10.712881425563147,-0.8518480139333761,1
997,3,42962.144444444435,64.36975607726032,5.619650968263347,0.0879240790821346,5.068933974261224,3.784929629404429,0.7427839437920069,49144.86363636363,56.668448863194406,3.9968161230187023,0.0711348002426474,6.065702892947107,4.231635132189549,0.6960897006777608,8565_8588,0.5,0.5,0.0,117,2,60,1,117,1,117,0,1,116,60,417,FL-417 S,S,Freeway,0.426625792594,0.0,8565,8588,S,2,65863,5,417,83459,65863,70,37,70.0,0.006423783708,1,46053.504040404034,60.51910247022737,4.808233545641024,0.07952943966239101,5.567318433604166,4.008282380796989,0.7194368222348838,10.737559130871205,-0.8518480139333761,1
998,4,45558.93548387097,64.38681446217115,5.399480322236967,0.08473070629686312,5.248288232417228,3.7285004923168112,0.7044510362008685,51436.3085106383,56.63933200829307,4.024144518284826,0.0719355053465666,6.294857257201798,4.3121342371852664,0.6812552785484538,8565_8588,1.5,1.5,0.0,117,2,60,1,117,1,117,0,1,116,60,417,FL-417 S,S,Freeway,0.426625792594,0.0,8565,8588,S,2,65863,5,417,83459,65863,70,37,70.0,0.006423783708,1,48497.62199725464,60.513073235232106,4.711812420260896,0.07833310582171486,5.771572744809513,4.020317364751039,0.6928531573746611,10.789270044739077,-0.8518480139333761,1
999,5,34170.230769230766,67.43840909927334,2.4911055698509,0.03703566792281237,3.2500459983170558,1.961792024340968,0.6020616735063155,38476.75,58.59193350401756,2.3137391350788485,0.03955345521076704,4.01017499280278,2.434241900990552,0.6077088903635672,8565_8588,0.0,0.0,0.0,117,2,60,1,117,1,117,0,1,116,60,417,FL-417 S,S,Freeway,0.426625792594,0.0,8565,8588,S,2,65863,5,417,83459,65863,70,37,70.0,0.006423783708,1,36323.49038461538,63.01517130164545,2.4024223524648742,0.0382945615667897,3.6301104955599177,2.19801696266576,0.6048852819349413,10.500219928995834,-0.8518480139333761,1
1000,6,27300.918604651157,68.04149277944227,2.724344311022566,0.040244965768796284,2.498240566190084,1.6430689716833746,0.6565351585907601,30622.022988505752,59.02421173061549,2.50103030772671,0.042563148731960536,3.086120491512905,2.0286421357524067,0.6549179333626884,8565_8588,0.0,0.0,0.0,117,2,60,1,117,1,117,0,1,116,60,417,FL-417 S,S,Freeway,0.426625792594,0.0,8565,8588,S,2,65863,5,417,83459,65863,70,37,70.0,0.006423783708,1,28961.470796578455,63.53285225502888,2.612687309374638,0.04140405725037841,2.7921805288514943,1.8358555537178907,0.6557265459767243,10.273721632384698,-0.8518480139333761,1
1001,0,49558.712765957454,64.92549519491159,2.6990924703344925,0.04187870544917835,3.1945536910128083,2.259072283481752,0.7001204905943722,29622.880434782608,70.69690549031961,3.27811017765404,0.04678602919693743,4.220936851395331,3.0881252627981763,0.7253582291441318,8568_11875,0.0,0.0,0.0,105,2,48,1,105,1,105,0,1,104,48,417,FL-417 S,S,Freeway,0.460695843984,0.0,8568,11875,S,2,65863,6,417,69354,65863,65,64,65.0,0.00712393992797,1,39590.79660037003,67.81120034261559,2.988601323994266,0.04433236732305789,3.70774527120407,2.673598773139964,0.712739359869252,10.58635196114983,-0.7750172281706023,1
1002,1,51996.67708333334,64.56632722669254,3.034037922524357,0.04725733774309104,3.3132644736010115,2.351267908011854,0.7018643875439228,30105.127659574468,70.35390902296197,3.5976477668664306,0.051430809070736064,4.309717171529639,3.1260746509589525,0.7189328370667483,8568_11875,1.0,0.0,1.0,105,2,48,1,105,1,105,0,1,104,48,417,FL-417 S,S,Freeway,0.460695843984,0.0,8568,11875,S,2,65863,6,417,69354,65863,65,64,65.0,0.00712393992797,1,41050.90237145391,67.46011812482726,3.3158428446953936,0.04934407340691355,3.8114908225653252,2.7386712794854033,0.7103986123053355,10.622568096891195,-0.7750172281706023,1
1003,2,52647.61052631579,64.41214872808821,3.0158398424666752,0.04711609366505395,3.3875932513636378,2.3240800167612874,0.6846632138898644,30576.7311827957,70.0775388410118,3.690053213898324,0.05334645406485178,4.461143828323066,3.0887292604685324,0.691952800068848,8568_11875,1.0,0.0,1.0,105,2,48,1,105,1,105,0,1,104,48,417,FL-417 S,S,Freeway,0.460695843984,0.0,8568,11875,S,2,65863,6,417,69354,65863,65,64,65.0,0.00712393992797,1,41612.17085455574,67.24484378455,3.3529465281824997,0.050231273864952866,3.9243685398433517,2.70640463861491,0.6883080069793561,10.63614797207863,-0.7750172281706023,1
1004,3,53645.27777777778,64.43210752618097,2.944756309597893,0.04602891770216129,3.5119996185629625,2.35922220576836,0.668555287201418,31376.617977528087,70.18592812986145,3.3855879576687267,0.04861350830516095,4.593643266025612,3.1632046869849177,0.6848638930755704,8568_11875,0.5,0.5,0.0,105,2,48,1,105,1,105,0,1,104,48,417,FL-417 S,S,Freeway,0.460695843984,0.0,8568,11875,S,2,65863,6,417,69354,65863,65,64,65.0,0.00712393992797,1,42510.947877652936,67.30901782802121,3.16517213363331,0.04732121300366112,4.052821442294287,2.761213446376639,0.6767095901384942,10.657516918861312,-0.7750172281706023,1
1005,4,56963.414893617024,64.53888448417051,2.8587867330405143,0.04453897436029342,3.616212687386197,2.3771225235855105,0.6544911005169788,33299.87096774193,70.12373333788072,3.5196019303714934,0.05052763999327998,4.8036179098003045,3.2932553415960086,0.6812231633404968,8568_11875,2.0,1.5,0.5,105,2,48,1,105,1,105,0,1,104,48,417,FL-417 S,S,Freeway,0.460695843984,0.0,8568,11875,S,2,65863,6,417,69354,65863,65,64,65.0,0.00712393992797,1,45131.642930679474,67.33130891102562,3.1891943317060036,0.0475333071767867,4.20991529859325,2.8351889325907598,0.6678571319287379,10.717338896560804,-0.7750172281706023,1
1006,5,41120.369565217385,65.7021504932645,2.4779418530232498,0.03779594574525474,2.304550277712335,1.3644299722929791,0.5904828292645259,24227.747252747253,71.92703511079662,2.696831948961296,0.03764547147106877,3.0024186046945465,1.8488910461184345,0.6149660693226272,8568_11875,0.5,0.5,0.0,105,2,48,1,105,1,105,0,1,104,48,417,FL-417 S,S,Freeway,0.460695843984,0.0,8568,11875,S,2,65863,6,417,69354,65863,65,64,65.0,0.00712393992797,1,32674.058408982317,68.81459280203056,2.587386900992273,0.03772070860816175,2.6534844412034406,1.6066605092057067,0.6027244492935766,10.394336721213623,-0.7750172281706023,1
1007,6,33415.36046511628,66.02240876283443,2.6377262979268368,0.04001104600520273,1.7576139821682804,1.1474254124669745,0.6544434565258981,19419.674418604653,72.55362443720941,2.801021427928751,0.03872239825672085,2.2486700856338224,1.4950897100239162,0.665853554891672,8568_11875,1.0,0.5,0.5,105,2,48,1,105,1,105,0,1,104,48,417,FL-417 S,S,Freeway,0.460695843984,0.0,8568,11875,S,2,65863,6,417,69354,65863,65,64,65.0,0.00712393992797,1,26417.517441860466,69.28801660002192,2.719373862927794,0.03936672213096179,2.0031420339010513,1.3212575612454454,0.660148505708785,10.181782608553842,-0.7750172281706023,1
1008,0,46000.255319148935,57.56169781344919,3.4805818224898446,0.06068475431162641,5.434461974615897,3.918219131432175,0.718351388063402,48823.397849462366,66.18070397826646,3.371398506802308,0.05123184365229177,4.644200660217484,3.2305691123779297,0.6904207003772593,8588_8118,3.5,2.0,1.5,108,2,51,1,108,1,108,0,1,107,51,417,FL-417 S,S,Freeway,0.314190599054,0.0,8588,8118,S,2,65863,5,417,83459,65863,70,102,70.0,0.00458940847371,1,47411.82658430565,61.871200895857825,3.425990164646076,0.05595829898195909,5.039331317416691,3.574394121905052,0.7043860442203307,10.766626982559732,-1.1577554738692166,1
1009,1,47313.25,57.06655960549318,3.8557996664908,0.06806811931621606,5.6690201464133025,4.19415131507905,0.7345217129714839,50703.852631578935,65.8551244834217,3.8927752880169457,0.05969107736283285,4.853495368238981,3.540715676839685,0.7219582901132291,8588_8118,1.5,1.0,0.5,108,2,51,1,108,1,108,0,1,107,51,417,FL-417 S,S,Freeway,0.314190599054,0.0,8588,8118,S,2,65863,5,417,83459,65863,70,102,70.0,0.00458940847371,1,49008.55131578947,61.46084204445744,3.8742874772538727,0.06387959833952446,5.261257757326142,3.867433495959367,0.7282400015423565,10.79975007851527,-1.1577554738692166,1
1010,2,48297.35106382979,56.87333742996292,4.048054183503681,0.071733691842574,5.889473108592442,4.2634448704367465,0.7208111322820684,51227.13684210526,65.5514971406451,4.141494696214287,0.06381411779416805,5.054566970888028,3.5731298688111552,0.7036948419721256,8588_8118,2.5,2.0,0.5,108,2,51,1,108,1,108,0,1,107,51,417,FL-417 S,S,Freeway,0.314190599054,0.0,8588,8118,S,2,65863,5,417,83459,65863,70,102,70.0,0.00458940847371,1,49762.243952967525,61.212417285304014,4.094774439858984,0.06777390481837103,5.472020039740235,3.918287369623951,0.7122529871270971,10.815011821914124,-1.1577554738692166,1
1011,3,49144.86363636363,56.668448863194406,3.9968161230187023,0.0711348002426474,6.065702892947107,4.231635132189549,0.6960897006777608,51816.64444444444,65.36208756452385,4.297486797882736,0.06662619348465729,5.231749335994339,3.635282248625223,0.6925862231366977,8588_8118,3.0,2.5,0.5,108,2,51,1,108,1,108,0,1,107,51,417,FL-417 S,S,Freeway,0.314190599054,0.0,8588,8118,S,2,65863,5,417,83459,65863,70,102,70.0,0.00458940847371,1,50480.754040404034,61.01526821385913,4.147151460450719,0.06888049686365234,5.648726114470723,3.9334586904073863,0.6943379619072292,10.829347434512487,-1.1577554738692166,1
1012,4,51436.3085106383,56.63933200829307,4.024144518284826,0.0719355053465666,6.294857257201798,4.3121342371852664,0.6812552785484538,54675.36170212767,65.3888444740239,4.142724056018351,0.06405715151651728,5.344251558484698,3.62656220242207,0.673274280283468,8588_8118,3.0,2.5,0.5,108,2,51,1,108,1,108,0,1,107,51,417,FL-417 S,S,Freeway,0.314190599054,0.0,8588,8118,S,2,65863,5,417,83459,65863,70,102,70.0,0.00458940847371,1,53055.83510638299,61.01408824115848,4.083434287151588,0.06799632843154194,5.819554407843248,3.9693482198036683,0.677264779415961,10.879100130573653,-1.1577554738692166,1
1013,5,38476.75,58.59193350401756,2.3137391350788485,0.03955345521076704,4.01017499280278,2.434241900990552,0.6077088903635672,41165.03296703297,67.30252145754292,2.1628568747723995,0.032194649528898715,3.50450546039492,2.0086260562777123,0.5731452600019898,8588_8118,0.5,0.5,0.0,108,2,51,1,108,1,108,0,1,107,51,417,FL-417 S,S,Freeway,0.314190599054,0.0,8588,8118,S,2,65863,5,417,83459,65863,70,102,70.0,0.00458940847371,1,39820.89148351648,62.94722748078024,2.238298004925624,0.035874052369832876,3.75734022659885,2.221433978634132,0.5904270751827785,10.592146965200746,-1.1577554738692166,1
1014,6,30622.022988505752,59.02421173061549,2.50103030772671,0.042563148731960536,3.086120491512905,2.0286421357524067,0.6549179333626884,32634.197674418603,67.79660076899718,2.3320383596377496,0.03455409255362786,2.773198325780036,1.7169017463253908,0.6178108031977402,8588_8118,0.5,0.0,0.5,108,2,51,1,108,1,108,0,1,107,51,417,FL-417 S,S,Freeway,0.314190599054,0.0,8588,8118,S,2,65863,5,417,83459,65863,70,102,70.0,0.00458940847371,1,31628.11033146218,63.410406249806336,2.41653433368223,0.038558620642794195,2.9296594086464705,1.8727719410388988,0.6363643682802143,10.361801571595704,-1.1577554738692166,1
1015,0,34000.44086021505,67.83522925554152,4.830193708257019,0.07153794689132979,3.3118374874396097,2.9267355531864787,0.8720202522661181,31659.20212765957,69.60828908172682,2.398087626687841,0.03448826254409612,2.7501847217901005,2.086136462639636,0.7569665604033811,8596_8510,0.0,0.0,0.0,83,2,26,1,83,1,83,0,1,82,26,417,FL-417 S,S,Freeway,0.8656342291470001,0.0,8596,8510,S,3,65863,4,15,35500,65863,70,0,70.0,0.013751320828799998,1,32829.821493937314,68.72175916863418,3.61414066747243,0.05301310471771296,3.031011104614855,2.5064360079130577,0.8144934063347495,10.399092573195974,-0.14429282783280126,0
1016,1,35245.458333333336,67.60866916092873,5.335771258507315,0.07931355414008341,3.4519771997493813,3.150757779637123,0.8972926321156501,32325.14583333333,69.51106788837969,2.51647883278819,0.036273347406497285,2.8142188170564695,2.1811571427315486,0.770609037759944,8596_8510,0.5,0.0,0.5,83,2,26,1,83,1,83,0,1,82,26,417,FL-417 S,S,Freeway,0.8656342291470001,0.0,8596,8510,S,3,65863,4,15,35500,65863,70,0,70.0,0.013751320828799998,1,33785.30208333333,68.5598685246542,3.926125045647753,0.057793450773290345,3.1330980084029254,2.6659574611843357,0.8339508349377971,10.42778113729108,-0.14429282783280126,0
1017,2,35844.86315789474,67.53502125296365,4.996057279714548,0.07424371551066022,3.4898865473003604,3.0546511232329574,0.8654682368766312,32985.6,69.42648186958894,2.5836970403780777,0.037318045667263634,2.9004834925928122,2.2176041032509666,0.7600577646659222,8596_8510,1.0,0.5,0.5,83,2,26,1,83,1,83,0,1,82,26,417,FL-417 S,S,Freeway,0.8656342291470001,0.0,8596,8510,S,3,65863,4,15,35500,65863,70,0,70.0,0.013751320828799998,1,34415.231578947365,68.48075156127629,3.789877160046313,0.055780880588961926,3.195185019946586,2.636127613241962,0.8127630007712767,10.446254523821807,-0.14429282783280126,0
1018,3,36556.898876404484,67.57301919280518,4.990863429594709,0.07423045011403577,3.5649829493232814,3.087145715422128,0.8543715026251151,33639.48888888889,69.44389491455655,2.6545091618932144,0.03846804716865455,2.9991950153651397,2.3076879286622574,0.7594399957149817,8596_8510,0.5,0.0,0.5,83,2,26,1,83,1,83,0,1,82,26,417,FL-417 S,S,Freeway,0.8656342291470001,0.0,8596,8510,S,3,65863,4,15,35500,65863,70,0,70.0,0.013751320828799998,1,35098.19388264669,68.50845705368087,3.822686295743962,0.05634924864134516,3.2820889823442103,2.6974168220421926,0.8069057491700484,10.465904951795183,-0.14429282783280126,0
1019,4,39089.17391304348,67.91921562454638,3.8535848741120895,0.0574873842533427,3.650991096688325,2.7888934361436704,0.7506027095584875,36271.32978723404,69.45474432537578,2.4215257100045364,0.034948788287857864,3.1742987000945293,2.2488283102525104,0.7056520998920423,8596_8510,1.0,1.0,0.0,83,2,26,1,83,1,83,0,1,82,26,417,FL-417 S,S,Freeway,0.8656342291470001,0.0,8596,8510,S,3,65863,4,15,35500,65863,70,0,70.0,0.013751320828799998,1,37680.25185013876,68.68697997496108,3.137555292058313,0.046218086270600284,3.4126448983914273,2.5188608731980904,0.7281274047252648,10.536891412588842,-0.14429282783280126,0
1020,5,30938.471910112363,69.86893421420548,2.2716689212648524,0.03257846898184868,2.4097583350081058,1.6026068515811676,0.6646619732788406,29662.293478260868,70.47134068062006,2.2196103621948087,0.031560231954302964,2.2994337057997765,1.5143368550953302,0.6592013237697938,8596_8510,0.5,0.0,0.5,83,2,26,1,83,1,83,0,1,82,26,417,FL-417 S,S,Freeway,0.8656342291470001,0.0,8596,8510,S,3,65863,4,15,35500,65863,70,0,70.0,0.013751320828799998,1,30300.382694186614,70.17013744741277,2.2456396417298308,0.032069350468075825,2.354596020403941,1.558471853338249,0.6619316485243172,10.318915621588875,-0.14429282783280126,0
1021,6,23819.13095238096,70.40354406887059,2.561019996067212,0.03643783520623061,1.749008224346531,1.2842897356376208,0.7344454912912616,23154.275862068964,70.88537523280327,2.369057358208764,0.03344837683936529,1.6869615296030032,1.1946274338421343,0.7100412564226692,8596_8510,0.0,0.0,0.0,83,2,26,1,83,1,83,0,1,82,26,417,FL-417 S,S,Freeway,0.8656342291470001,0.0,8596,8510,S,3,65863,4,15,35500,65863,70,0,70.0,0.013751320828799998,1,23486.703407224963,70.64445965083692,2.465038677137988,0.034943106022797946,1.717984876974767,1.2394585847398776,0.7222433738569654,10.064189727541462,-0.14429282783280126,0
1022,0,29938.244444444445,68.73547328819643,2.720181198316152,0.039711535077722224,2.936071370195667,2.132445826025913,0.726250954342723,30716.574468085102,69.11057661887516,2.942094406647667,0.04264693343765083,2.4728950788439596,1.879430105419544,0.7567712476404141,8601_11015,0.5,0.0,0.5,76,2,19,1,76,1,76,0,1,75,19,417,FL-417 S,S,Freeway,0.233338325617,0.0,8601,11015,W,2,65863,4,417,47654,65863,70,0,70.0,0.00381091465916,1,30327.409456264773,68.92302495353579,2.8311378024819094,0.04117923425768653,2.704483224519813,2.0059379657227288,0.7415111009915686,10.319807185108173,-1.455265837334294,0
1023,1,30892.847826086963,68.67611054297683,2.9972499552749348,0.04379641374117069,3.0152719457529065,2.2822610912050267,0.7519129844657474,31321.94791666667,68.96195021074382,3.2883211339674716,0.04789694632614255,2.5481161506634398,2.07459189256302,0.8000501317696522,8601_11015,0.5,0.5,0.0,76,2,19,1,76,1,76,0,1,75,19,417,FL-417 S,S,Freeway,0.233338325617,0.0,8601,11015,W,2,65863,4,417,47654,65863,70,0,70.0,0.00381091465916,1,31107.397871376816,68.81903037686033,3.142785544621203,0.04584668003365662,2.7816940482081733,2.1784264918840233,0.7759815581176999,10.345200943557579,-1.455265837334294,0
1024,2,31308.41304347826,68.59956938905425,2.8759838531605584,0.04201573186618069,3.0864235092337067,2.222129763852041,0.7217978050248959,31710.610526315788,68.82989961255214,3.2075648005672597,0.0467332668508803,2.582003034407139,1.98548320480346,0.766908861005235,8601_11015,1.0,0.5,0.5,76,2,19,1,76,1,76,0,1,75,19,417,FL-417 S,S,Freeway,0.233338325617,0.0,8601,11015,W,2,65863,4,417,47654,65863,70,0,70.0,0.00381091465916,1,31509.511784897026,68.71473450080319,3.041774326863909,0.044374499358530495,2.834213271820423,2.1038064843277504,0.7443533330150655,10.358044740657851,-1.455265837334294,0
1025,3,31551.344827586207,68.43110180129331,3.096655682304,0.04542186435027033,3.2189948649967284,2.2807524542858952,0.7149450373228048,32717.887640449437,68.72850459392416,3.545145819261353,0.05187931279962649,2.728245128616228,2.213354804294984,0.7969035469873414,8601_11015,0.5,0.0,0.5,76,2,19,1,76,1,76,0,1,75,19,417,FL-417 S,S,Freeway,0.233338325617,0.0,8601,11015,W,2,65863,4,417,47654,65863,70,0,70.0,0.00381091465916,1,32134.61623401782,68.57980319760873,3.320900750782677,0.04865058857494841,2.9736199968064785,2.2470536292904395,0.7559242921550731,10.377689115428733,-1.455265837334294,0
1026,4,33595.434782608696,67.83086281893986,4.62431286744259,0.06922461281949903,3.6002382672441886,2.892780394090486,0.7834520655586767,35081.20430107527,67.95360552099848,5.351539584248299,0.08006205994172047,3.211137104576647,3.015258625814333,0.8868085816278113,8601_11015,1.5,1.0,0.5,76,2,19,1,76,1,76,0,1,75,19,417,FL-417 S,S,Freeway,0.233338325617,0.0,8601,11015,W,2,65863,4,417,47654,65863,70,0,70.0,0.00381091465916,1,34338.31954184198,67.89223416996917,4.987926225845445,0.07464333638060974,3.4056876859104177,2.95401950995241,0.835130323593244,10.444017197372936,-1.455265837334294,0
1027,5,28776.685393258427,69.89556001297866,2.4867575519215124,0.035645099754889144,2.622272562011516,1.686512377015367,0.6483319951630239,29819.48351648352,69.95395231219315,2.8337188257539263,0.04057968933403682,2.120389540403787,1.4744252696581193,0.6928125132071192,8601_11015,0.0,0.0,0.0,76,2,19,1,76,1,76,0,1,75,19,417,FL-417 S,S,Freeway,0.233338325617,0.0,8601,11015,W,2,65863,4,417,47654,65863,70,0,70.0,0.00381091465916,1,29298.084454870972,69.92475616258591,2.6602381888377193,0.03811239454446298,2.3713310512076515,1.580468823336743,0.6705722541850716,10.285277415901131,-1.455265837334294,0
1028,6,22661.04761904762,70.39187180035267,2.7431873483052067,0.03911131570536691,1.954065683854666,1.3585342374696123,0.6925097956073349,23250.36046511628,70.58713490164877,3.1554315330898848,0.04477430856458872,1.5505688839327336,1.1542084756029334,0.7436206090356877,8601_11015,0.0,0.0,0.0,76,2,19,1,76,1,76,0,1,75,19,417,FL-417 S,S,Freeway,0.233338325617,0.0,8601,11015,W,2,65863,4,417,47654,65863,70,0,70.0,0.00381091465916,1,22955.704042081947,70.48950335100072,2.9493094406975455,0.04194281213497782,1.7523172838936998,1.2563713565362729,0.7180652023215113,10.041321726745858,-1.455265837334294,0
1029,0,31546.021276595744,69.09965037566504,2.6900671183306306,0.03897079916719313,2.6459453201357834,1.9733089006265148,0.7438468380467866,32235.414893617017,67.20403442698748,2.9519095514151834,0.0439816086387288,3.475776788917058,2.5190734144589504,0.7212756715056003,8603_8478,1.0,1.0,0.0,81,2,24,1,81,1,81,0,1,80,24,417,FL-417 S,S,Freeway,0.663497519079,0.0,8603,8478,W,2,65863,4,417,45500,65863,70,0,70.0,0.0107101926905,1,31890.718085106382,68.15184240132626,2.820988334872907,0.04147620390296096,3.0608610545264208,2.2461911575427327,0.7325612547761935,10.370070277314287,-0.410230164359292,0
1030,1,32205.17708333333,68.99749282870293,2.82725350824115,0.04106437789817875,2.701706400226364,2.0621680479577984,0.7598583843132825,32572.22916666667,67.03350771747824,3.2001304632649696,0.04815250335454963,3.56126412588026,2.6788357643901257,0.7434258198385971,8603_8478,0.0,0.0,0.0,81,2,24,1,81,1,81,0,1,80,24,417,FL-417 S,S,Freeway,0.663497519079,0.0,8603,8478,W,2,65863,4,417,45500,65863,70,0,70.0,0.0107101926905,1,32388.703125,68.0155002730906,3.0136919857530597,0.044608440626364196,3.131485263053312,2.370501906173962,0.7516421020759398,10.385564971999777,-0.410230164359292,0
1031,2,32824.757894736846,68.84991920980255,2.7916452223198283,0.040609358028267616,2.7758555025351805,2.054149290319311,0.7385914076614211,33230.58947368422,67.02090789506015,2.9930286651735867,0.04474792515230688,3.626100988900851,2.6026955711729785,0.7161268788274628,8603_8478,1.0,0.5,0.5,81,2,24,1,81,1,81,0,1,80,24,417,FL-417 S,S,Freeway,0.663497519079,0.0,8603,8478,W,2,65863,4,417,45500,65863,70,0,70.0,0.0107101926905,1,33027.67368421053,67.93541355243136,2.8923369437467077,0.04267864159028725,3.200978245718016,2.3284224307461447,0.727359143244442,10.405101085514264,-0.410230164359292,0
1032,3,33550.333333333336,68.87812813806663,2.750942834353768,0.040039559481000124,2.8471765069895767,2.059412376064856,0.722427229272553,34023.144444444435,66.99933599222575,2.9297379113397337,0.0437921536621038,3.713605839860372,2.6251034777876763,0.7054829200643423,8603_8478,0.5,0.0,0.5,81,2,24,1,81,1,81,0,1,80,24,417,FL-417 S,S,Freeway,0.663497519079,0.0,8603,8478,W,2,65863,4,417,45500,65863,70,0,70.0,0.0107101926905,1,33786.73888888888,67.93873206514618,2.840340372846751,0.04191585657155196,3.2803911734249747,2.3422579269262664,0.7139550746684477,10.427823663919996,-0.410230164359292,0
1033,4,35918.65957446808,68.77607130452947,2.978141423818722,0.043544528096473065,3.0867261557788157,2.230538413839059,0.7109169275128807,36972.46808510638,66.61988747262238,3.9058490906060808,0.05913939302112992,4.113531174774286,3.12588252193461,0.7408178643571408,8603_8478,0.5,0.0,0.5,81,2,24,1,81,1,81,0,1,80,24,417,FL-417 S,S,Freeway,0.663497519079,0.0,8603,8478,W,2,65863,4,417,45500,65863,70,0,70.0,0.0107101926905,1,36445.563829787236,67.69797938857593,3.441995257212401,0.0513419605588015,3.600128665276551,2.6782104678868346,0.7258673959350108,10.503575024400094,-0.410230164359292,0
1034,5,29578.92391304348,70.16743169217004,2.3966117562254685,0.034204971454368016,2.2783606644693224,1.4839997442234305,0.6519859726264952,31088.065217391304,68.17640640024761,2.5408498339355954,0.03733241389260948,2.9754832957131567,1.9184383921686323,0.6428956223893136,8603_8478,1.0,0.5,0.5,81,2,24,1,81,1,81,0,1,80,24,417,FL-417 S,S,Freeway,0.663497519079,0.0,8603,8478,W,2,65863,4,417,45500,65863,70,0,70.0,0.0107101926905,1,30333.494565217392,69.17191904620883,2.468730795080532,0.03576869267348875,2.6269219800912396,1.7012190681960315,0.6474407975079044,10.320007812153587,-0.410230164359292,0
1035,6,23112.344827586207,70.79008171699559,2.4830470730607463,0.03513332956161387,1.7139264481703738,1.1886445516856765,0.6955403249280288,24375.57471264368,68.81910310368049,2.733388361888419,0.03994899953981787,2.2717725420254964,1.608999220065136,0.6914746043010308,8603_8478,0.5,0.5,0.0,81,2,24,1,81,1,81,0,1,80,24,417,FL-417 S,S,Freeway,0.663497519079,0.0,8603,8478,W,2,65863,4,417,45500,65863,70,0,70.0,0.0107101926905,1,23743.959770114943,69.80459241033805,2.6082177174745826,0.03754116455071587,1.9928494950979352,1.3988218858754062,0.6935074646145298,10.075083451647735,-0.410230164359292,0
1036,0,29068.712765957447,64.39285535908999,2.5184783405772797,0.03921217173738328,2.9326486865196286,1.7580351437721535,0.6008586980239325,36414.95698924732,71.37295908038236,3.1775713171167053,0.044933357789861496,4.481399549783867,2.9220045500355294,0.6529242543697173,9176_7090,0.0,0.0,0.0,67,2,10,1,67,1,67,0,1,66,10,417,FL-417 S,S,Freeway,0.546637497002,0.0,9176,7090,W,2,45451,4,417,49500,45451,70,0,70.0,0.008977531572120001,1,32741.834877602385,67.88290721973618,2.8480248288469925,0.042072764763622386,3.7070241181517476,2.3400198469038416,0.626891476196825,10.396408893264388,-0.6039694073983352,0
1037,1,29237.75,64.32916207505316,2.60234842428429,0.04059035335837584,2.9716120489462976,1.7858041846748252,0.6020076761487092,35711.231578947365,71.35926539023663,3.2384480051779785,0.04580181724168395,4.415849185892051,2.897976937838352,0.6579590779747989,9176_7090,0.0,0.0,0.0,67,2,10,1,67,1,67,0,1,66,10,417,FL-417 S,S,Freeway,0.546637497002,0.0,9176,7090,W,2,45451,4,417,49500,45451,70,0,70.0,0.008977531572120001,1,32474.490789473683,67.8442137326449,2.9203982147311343,0.0431960853000299,3.693730617419174,2.3418905612565886,0.629983377061754,10.388210161338074,-0.6039694073983352,0
1038,2,29780.6,64.19709444455876,2.681646959437409,0.04191987995991304,3.0831314874498,1.8778753139858064,0.6061041037890649,36832.904255319154,71.07656380017164,3.3647261823553944,0.047769877743518666,4.650339248819137,2.959720228892875,0.6426590167777976,9176_7090,1.0,1.0,0.0,67,2,10,1,67,1,67,0,1,66,10,417,FL-417 S,S,Freeway,0.546637497002,0.0,9176,7090,W,2,45451,4,417,49500,45451,70,0,70.0,0.008977531572120001,1,33306.75212765958,67.6368291223652,3.0231865708964016,0.044844878851715855,3.866735368134468,2.4187977714393405,0.6243815602834313,10.413515422010551,-0.6039694073983352,0
1039,3,30415.63333333333,64.19966760623127,2.45413581322618,0.03833494903567275,3.1456845549558765,1.8241021888963047,0.5804049403585545,38201.13636363636,71.13475473363893,3.3438578028361827,0.04743945429393204,4.825980336879848,3.0892536540153475,0.6393020445020234,9176_7090,0.5,0.5,0.0,67,2,10,1,67,1,67,0,1,66,10,417,FL-417 S,S,Freeway,0.546637497002,0.0,9176,7090,W,2,45451,4,417,49500,45451,70,0,70.0,0.008977531572120001,1,34308.38484848484,67.6672111699351,2.8989968080311814,0.042887201664802393,3.985832445917862,2.4566779214558263,0.609853492430289,10.443145059503525,-0.6039694073983352,0
1040,4,32867.17021276596,63.81051389897512,2.7639650577408053,0.0435427635724961,3.3911470911303967,1.925668345998421,0.5632162841092064,42698.74193548386,70.64465964739695,3.5721549084947326,0.050789181358139576,5.379135591073718,3.263604476369595,0.6071466187838717,9176_7090,1.0,0.0,1.0,67,2,10,1,67,1,67,0,1,66,10,417,FL-417 S,S,Freeway,0.546637497002,0.0,9176,7090,W,2,45451,4,417,49500,45451,70,0,70.0,0.008977531572120001,1,37782.95607412491,67.22758677318603,3.168059983117769,0.04716597246531784,4.385141341102058,2.594636411184008,0.585181451446539,10.539613382412906,-0.6039694073983352,0
1041,5,28566.07608695652,64.8245663674335,2.44010896578126,0.037693843253155015,2.6136116231691524,1.3830358051227112,0.5296557653941588,38595.4065934066,71.9705638457799,2.8489180571086345,0.039635644356136916,4.36454609854728,2.729072650800004,0.6247509330848939,9176_7090,0.0,0.0,0.0,67,2,10,1,67,1,67,0,1,66,10,417,FL-417 S,S,Freeway,0.546637497002,0.0,9176,7090,W,2,45451,4,417,49500,45451,70,0,70.0,0.008977531572120001,1,33580.74134018156,68.3975651066067,2.644513511444947,0.03866474380464596,3.4890788608582164,2.056054227961358,0.5772033492395263,10.421708007224696,-0.6039694073983352,0
1042,6,23590.137931034482,65.40829011562154,2.655227295161664,0.04065638337430028,2.085433095181405,1.1567157421739132,0.5555121422810251,31350.94186046512,72.74937974111101,2.9783998574409822,0.04107960959825245,3.3503803440692765,2.18067251660918,0.6513464739940775,9176_7090,0.5,0.5,0.0,67,2,10,1,67,1,67,0,1,66,10,417,FL-417 S,S,Freeway,0.546637497002,0.0,9176,7090,W,2,45451,4,417,49500,45451,70,0,70.0,0.008977531572120001,1,27470.5398957498,69.07883492836628,2.816813576301323,0.04086799648627637,2.717906719625341,1.6686941293915465,0.6034293081375512,10.220869432909645,-0.6039694073983352,0
1043,0,16831.702127659573,76.75173013215523,2.841941576830052,0.03706760524392685,1.5606454196915809,1.289339930875343,0.8243337270590749,,,,,,,,5881_6875,0.5,0.0,0.5,148,2,32,1,148,1,148,0,1,147,32,429,FL-429 N,N,Freeway,0.7017932169140001,0.0,5881,6875,N,2,65863,6,429,38500,65863,70,55,70.0,0.0104243210886,1,16831.702127659573,76.75173013215523,2.841941576830052,0.03706760524392685,1.5606454196915809,1.289339930875343,0.8243337270590749,9.731019418592561,-0.3541164811490387,1
1044,1,17775.8125,76.65527626512723,2.851707038363132,0.03722412979852003,1.6231636377034986,1.3169623550187222,0.8100135165982528,,,,,,,,5881_6875,0.5,0.5,0.0,148,2,32,1,148,1,148,0,1,147,32,429,FL-429 N,N,Freeway,0.7017932169140001,0.0,5881,6875,N,2,65863,6,429,38500,65863,70,55,70.0,0.0104243210886,1,17775.8125,76.65527626512723,2.851707038363132,0.03722412979852003,1.6231636377034986,1.3169623550187222,0.8100135165982528,9.785593963893989,-0.3541164811490387,1
1045,2,17914.505263157895,76.65778543097468,2.8220375703019687,0.03683672458681357,1.647635637282894,1.3209224330672868,0.7990144487597676,,,,,,,,5881_6875,1.0,1.0,0.0,148,2,32,1,148,1,148,0,1,147,32,429,FL-429 N,N,Freeway,0.7017932169140001,0.0,5881,6875,N,2,65863,6,429,38500,65863,70,55,70.0,0.0104243210886,1,17914.505263157895,76.65778543097468,2.8220375703019687,0.03683672458681357,1.647635637282894,1.3209224330672868,0.7990144487597676,9.793366013569727,-0.3541164811490387,1
1046,3,18117.722222222223,76.7541284803181,2.7955725617818583,0.03648338776106051,1.6711390203390084,1.3281922793766856,0.7937028308457139,,,,,,,,5881_6875,0.0,0.0,0.0,148,2,32,1,148,1,148,0,1,147,32,429,FL-429 N,N,Freeway,0.7017932169140001,0.0,5881,6875,N,2,65863,6,429,38500,65863,70,55,70.0,0.0104243210886,1,18117.722222222223,76.7541284803181,2.7955725617818583,0.03648338776106051,1.6711390203390084,1.3281922793766856,0.7937028308457139,9.804645866520039,-0.3541164811490387,1
1047,4,18854.05319148936,76.98411359870114,2.6971554844913315,0.035047445906726184,1.714659927528879,1.284238288050742,0.7489564795639759,,,,,,,,5881_6875,0.0,0.0,0.0,148,2,32,1,148,1,148,0,1,147,32,429,FL-429 N,N,Freeway,0.7017932169140001,0.0,5881,6875,N,2,65863,6,429,38500,65863,70,55,70.0,0.0104243210886,1,18854.05319148936,76.98411359870114,2.6971554844913315,0.035047445906726184,1.714659927528879,1.284238288050742,0.7489564795639759,9.844483193183121,-0.3541164811490387,1
1048,5,13952.869565217392,77.80851239996669,2.914832824297561,0.037487896332532224,1.0793151047506233,0.651963919561217,0.6065196442094978,,,,,,,,5881_6875,0.5,0.0,0.5,148,2,32,1,148,1,148,0,1,147,32,429,FL-429 N,N,Freeway,0.7017932169140001,0.0,5881,6875,N,2,65863,6,429,38500,65863,70,55,70.0,0.0104243210886,1,13952.869565217392,77.80851239996669,2.914832824297561,0.037487896332532224,1.0793151047506233,0.651963919561217,0.6065196442094978,9.54344046969524,-0.3541164811490387,1
1049,6,11115.127906976742,77.8428943015507,3.1083444486817995,0.039949154631486,0.7864864850934883,0.532639450260647,0.6846252909068564,,,,,,,,5881_6875,0.0,0.0,0.0,148,2,32,1,148,1,148,0,1,147,32,429,FL-429 N,N,Freeway,0.7017932169140001,0.0,5881,6875,N,2,65863,6,429,38500,65863,70,55,70.0,0.0104243210886,1,11115.127906976742,77.8428943015507,3.1083444486817995,0.039949154631486,0.7864864850934883,0.532639450260647,0.6846252909068564,9.316062333932331,-0.3541164811490387,1
1050,0,34849.12765957447,75.09841134307246,5.247012919973863,0.07051393910772791,5.472160594660854,4.757758913997956,0.8522491641982178,33138.712765957454,74.07488630367618,3.5558573413384686,0.04809198045190101,5.264171832662559,4.305748137867838,0.8118012624283112,6089_6220,2.0,0.5,1.5,141,2,25,1,141,1,141,0,1,140,25,429,FL-429 N,N,Freeway,1.21795466539,0.0,6089,6220,N,2,65863,4,429,64500,65863,70,118,70.0,0.0180384803813,1,33993.92021276597,74.58664882337432,4.401435130656166,0.05930295977981446,5.368166213661706,4.531753525932897,0.8320252133132645,10.433936970336994,0.19717294806134225,0
1051,1,36145.84375,74.67899935092049,5.5242741447793415,0.07444511990689974,5.666192000411174,4.83961096325448,0.8448057468857093,34659.447916666664,73.8849445180726,3.5183132241533466,0.04773497627726631,5.459083265598049,4.415553672839606,0.8042466457407262,6089_6220,0.5,0.5,0.0,141,2,25,1,141,1,141,0,1,140,25,429,FL-429 N,N,Freeway,1.21795466539,0.0,6089,6220,N,2,65863,4,429,64500,65863,70,118,70.0,0.0180384803813,1,35402.64583333333,74.28197193449654,4.521293684466344,0.06109004809208303,5.562637633004611,4.627582318047043,0.8245261963132178,10.474541837383507,0.19717294806134225,0
1052,2,36651.6947368421,74.4277649868376,5.899262476350418,0.07990122771358436,5.864187043450691,5.036701361598592,0.8454814634267007,34899.16842105263,73.67118971345013,3.8042545983663456,0.051649328502073495,5.622239352667863,4.5642444518008265,0.8068419479429435,6089_6220,2.0,1.5,0.5,141,2,25,1,141,1,141,0,1,140,25,429,FL-429 N,N,Freeway,1.21795466539,0.0,6089,6220,N,2,65863,4,429,64500,65863,70,118,70.0,0.0180384803813,1,35775.43157894736,74.04947735014386,4.851758537358382,0.06577527810782893,5.743213198059277,4.800472906699709,0.8261617056848221,10.485016668054119,0.19717294806134225,0
1053,3,37081.81111111112,74.26788038009539,6.320624519918106,0.08615585655122557,6.056996498225366,5.288724868328007,0.8530265847427281,35622.144444444435,73.4591225247259,4.173304005993147,0.05706947360489451,5.799213843295412,4.7149758855994515,0.8046973955313367,6089_6220,2.0,1.0,1.0,141,2,25,1,141,1,141,0,1,140,25,429,FL-429 N,N,Freeway,1.21795466539,0.0,6089,6220,N,2,65863,4,429,64500,65863,70,118,70.0,0.0180384803813,1,36351.97777777778,73.86350145241065,5.246964262955627,0.07161266507806004,5.928105170760389,5.001850376963729,0.8288619901370324,10.501003890773907,0.19717294806134225,0
1054,4,38764.02127659576,74.17605612330254,6.5602117204251265,0.08988624172709682,6.311009459114102,5.271119136407827,0.8144084565419699,37376.13829787234,73.39966737007339,4.5573545606879735,0.0627827441106168,6.062937313028495,4.803812771137753,0.7811774742806391,6089_6220,2.5,1.0,1.5,141,2,25,1,141,1,141,0,1,140,25,429,FL-429 N,N,Freeway,1.21795466539,0.0,6089,6220,N,2,65863,4,429,64500,65863,70,118,70.0,0.0180384803813,1,38070.07978723405,73.78786174668797,5.5587831405565495,0.0763344929188568,6.1869733860712985,5.03746595377279,0.7977929654113045,10.54718394517771,0.19717294806134225,0
1055,5,29395.08695652174,77.62014582516944,2.1052419235855413,0.027162415606540414,3.731531313406241,2.189355491456657,0.5871508231560572,28502.217391304344,75.76993853601036,2.1795469677467465,0.028765815903691525,3.7694419300246857,2.3340596526979267,0.6185835667625244,6089_6220,1.0,1.0,0.0,141,2,25,1,141,1,141,0,1,140,25,429,FL-429 N,N,Freeway,1.21795466539,0.0,6089,6220,N,2,65863,4,429,64500,65863,70,118,70.0,0.0180384803813,1,28948.65217391304,76.6950421805899,2.142394445666144,0.027964115755115967,3.7504866217154635,2.2617075720772917,0.6028671949592908,10.273278924884965,0.19717294806134225,0
1056,6,23730.413793103453,78.31925066333531,2.5218619369302653,0.032406144287811765,2.8720516726574212,1.951040981728544,0.6638463373919445,23103.310344827587,76.31456122117841,2.531864695659892,0.033221907492361126,2.8913128674160924,1.9841133172406409,0.6832204284776195,6089_6220,1.5,1.0,0.5,141,2,25,1,141,1,141,0,1,140,25,429,FL-429 N,N,Freeway,1.21795466539,0.0,6089,6220,N,2,65863,4,429,64500,65863,70,118,70.0,0.0180384803813,1,23416.86206896552,77.31690594225685,2.5268633162950787,0.032814025890086446,2.881682270036757,1.9675771494845924,0.673533382934782,10.061211643075223,0.19717294806134225,0
1057,0,22040.612903225807,71.13679509029309,3.001922500242238,0.0425822276730999,3.002218850534707,2.3280084807732755,0.7604078891463529,23112.813186813182,75.49337424702863,2.6474995624307938,0.035305066960207486,3.628592528735208,2.7421303810090043,0.7369125820435622,6186_6858,1.0,1.0,0.0,128,2,12,1,128,1,128,0,1,127,12,429,FL-429 N,N,Freeway,1.2393606740099998,0.0,6186,6858,N,2,65863,4,429,25600,65863,70,68,70.0,0.0192109896313,1,22576.713045019496,73.31508466866086,2.824711031336516,0.038943647316653694,3.3154056896349573,2.5350694308911397,0.7486602355949576,10.024674257799154,0.21459566118124404,0
1058,1,22264.4375,71.10588146649845,2.884333768572061,0.040671998090973306,3.0187701948414087,2.2680789666213585,0.7487505369246071,23351.1935483871,75.28034993942948,2.715930239096235,0.03631662250835625,3.655911635483237,2.7466788619263536,0.7392334729947786,6186_6858,0.5,0.0,0.5,128,2,12,1,128,1,128,0,1,127,12,429,FL-429 N,N,Freeway,1.2393606740099998,0.0,6186,6858,N,2,65863,4,429,25600,65863,70,68,70.0,0.0192109896313,1,22807.81552419355,73.19311570296396,2.8001320038341477,0.03849431029966478,3.337340915162323,2.507378914273856,0.7439920049596929,10.034858542353623,0.21459566118124404,0
1059,2,22974.86315789473,70.9336657339193,3.0707776499493136,0.043550291593729855,3.128425312198748,2.4270239789423838,0.7605920148225714,24015.445652173912,75.1695148460412,2.9098367146828177,0.03892449495722623,3.798338021599864,2.9006240934943706,0.7489365477699954,6186_6858,1.5,1.5,0.0,128,2,12,1,128,1,128,0,1,127,12,429,FL-429 N,N,Freeway,1.2393606740099998,0.0,6186,6858,N,2,65863,4,429,25600,65863,70,68,70.0,0.0192109896313,1,23495.154405034322,73.05159028998025,2.990307182316066,0.04123739327547804,3.463381666899306,2.663824036218377,0.7547642812962834,10.064549483340574,0.21459566118124404,0
1060,3,23324.988888888893,70.71047237314609,3.1707851622378933,0.04704375777029806,3.3015613843165763,2.5603579871570075,0.7510417150561526,24545.372093023256,75.05170053820036,2.8487331045295177,0.04053213744221744,4.065262223342964,3.103221531592025,0.7293957797871284,6186_6858,1.5,1.0,0.5,128,2,12,1,128,1,128,0,1,127,12,429,FL-429 N,N,Freeway,1.2393606740099998,0.0,6186,6858,N,2,65863,4,429,25600,65863,70,68,70.0,0.0192109896313,1,23935.180490956074,72.88108645567323,3.0097591333837057,0.043787947606257746,3.6834118038297703,2.8317897593745163,0.7402187474216405,10.083104642677895,0.21459566118124404,0
1061,4,25483.64893617021,70.67252172813704,3.1449140834442812,0.044781583395783135,3.345301614455851,2.4641798513441744,0.7272248521604723,26793.86813186813,75.3384690070311,2.7427183124675065,0.036596119217813854,4.1583588341403015,2.9122268652050125,0.6964287308193089,6186_6858,2.0,2.0,0.0,128,2,12,1,128,1,128,0,1,127,12,429,FL-429 N,N,Freeway,1.2393606740099998,0.0,6186,6858,N,2,65863,4,429,25600,65863,70,68,70.0,0.0192109896313,1,26138.758534019173,73.00549536758407,2.943816197955894,0.040688851306798494,3.751830224298076,2.6882033582745937,0.7118267914898906,10.17117449309014,0.21459566118124404,0
1062,5,21042.467391304348,71.46923635657923,2.663970962862288,0.037442371815956624,2.405911356973584,1.5542511890516817,0.6484676915293851,22365.94382022472,76.40042685286465,2.33323835491388,0.030562683321072318,3.037770555742913,1.8857576463391887,0.6214835215805669,6186_6858,0.0,0.0,0.0,128,2,12,1,128,1,128,0,1,127,12,429,FL-429 N,N,Freeway,1.2393606740099998,0.0,6186,6858,N,2,65863,4,429,25600,65863,70,68,70.0,0.0192109896313,1,21704.20560576453,73.93483160472195,2.498604658888084,0.03400252756851447,2.721840956358249,1.7200044176954352,0.634975606554976,9.985261327467715,0.21459566118124404,0
1063,6,16747.802325581397,71.98585121190287,3.013287825736612,0.04215043646568952,1.839659790618964,1.4077284642491004,0.764937839094207,17850.916666666668,76.60775544613477,2.5547496213417933,0.0333796081175124,2.393865920943397,1.665071475087182,0.6986670113878665,6186_6858,0.5,0.5,0.0,128,2,12,1,128,1,128,0,1,127,12,429,FL-429 N,N,Freeway,1.2393606740099998,0.0,6186,6858,N,2,65863,4,429,25600,65863,70,68,70.0,0.0192109896313,1,17299.35949612403,74.29680332901881,2.7840187235392024,0.03776502229160096,2.1167628557811806,1.5363999696681412,0.7318024252410367,9.758424756455058,0.21459566118124404,0
1064,0,19261.957446808512,75.72479649313212,2.8849646363519086,0.03827196522691029,2.8814723470086507,2.2770348501676203,0.7781590306581406,19321.063829787243,72.12552196794134,2.5692244630258108,0.0358306709225311,2.0307134299492744,1.5160066172224549,0.7368697336466813,6236_8048,0.5,0.5,0.0,123,2,7,1,123,1,123,0,1,122,7,429,FL-429 N,N,Freeway,0.878892742994,0.0,6236,8048,N,2,65863,4,429,25600,65863,70,79,70.0,0.0131808307116,1,19291.510638297877,73.92515923053674,2.72709454968886,0.037051318074720695,2.4560928884789623,1.8965207336950376,0.757514382152411,9.86742041482411,-0.12909241036450195,0
1065,1,19418.604166666668,75.50250763369051,2.7922888086285496,0.03699413397702345,2.8797040335746686,2.2489022197482607,0.7791210486885871,19405.604166666668,71.90200193863222,2.6108096594236625,0.03633910916180662,2.0386396909280307,1.485774808523353,0.7278580008356058,6236_8048,0.5,0.5,0.0,123,2,7,1,123,1,123,0,1,122,7,429,FL-429 N,N,Freeway,0.878892742994,0.0,6236,8048,N,2,65863,4,429,25600,65863,70,79,70.0,0.0131808307116,1,19412.104166666668,73.70225478616138,2.701549234026106,0.03666662156941503,2.45917186225135,1.867338514135807,0.7534895247620965,9.873652076607282,-0.12909241036450195,0
1066,2,20051.621052631577,75.43407203501995,2.777936958360086,0.03686633931610074,2.993578827064425,2.3136426869305398,0.7713828800147517,19963.797872340427,71.90538093748903,2.478604342022844,0.03454102396515229,2.0999523909734643,1.5056268709625489,0.7166068856442519,6236_8048,0.0,0.0,0.0,123,2,7,1,123,1,123,0,1,122,7,429,FL-429 N,N,Freeway,0.878892742994,0.0,6236,8048,N,2,65863,4,429,25600,65863,70,79,70.0,0.0131808307116,1,20007.709462486004,73.66972648625449,2.6282706501914648,0.03570368164062651,2.5467656090189443,1.9096347789465442,0.7439948828295018,9.90387295138475,-0.12909241036450195,0
1067,3,20501.94444444444,75.49061560847494,2.73161798026408,0.03620825838644422,3.0449101862680266,2.3017743872533702,0.7546252790578423,20338.977528089887,71.98881173830068,2.4634362997875465,0.034253338173266965,2.1316859827168324,1.5394759963514626,0.721896753659645,6236_8048,1.5,1.0,0.5,123,2,7,1,123,1,123,0,1,122,7,429,FL-429 N,N,Freeway,0.878892742994,0.0,6236,8048,N,2,65863,4,429,25600,65863,70,79,70.0,0.0131808307116,1,20420.460986267164,73.73971367338781,2.5975271400258135,0.03523079827985559,2.5882980844924295,1.9206251918024164,0.7382610163587436,9.924292666697296,-0.12909241036450195,0
1068,4,22651.468085106382,75.54146866568425,2.663116698921812,0.03527816911473064,3.344102926231648,2.4436955837806726,0.7322375183327027,22630.191489361703,71.90606400967923,2.4526114015180016,0.034145017207974145,2.3568690573971804,1.6201307067602757,0.6858363310690174,6236_8048,0.0,0.0,0.0,123,2,7,1,123,1,123,0,1,122,7,429,FL-429 N,N,Freeway,0.878892742994,0.0,6236,8048,N,2,65863,4,429,25600,65863,70,79,70.0,0.0131808307116,1,22640.82978723404,73.72376633768174,2.557864050219907,0.03471159316135239,2.8504859918144145,2.031913145270474,0.7090369247008601,10.02751018302507,-0.12909241036450195,0
1069,5,19592.956043956045,76.82984587554141,2.3370901083802607,0.03042918276693835,2.4401387460785995,1.6212803425077795,0.6635001773088579,19554.510869565216,72.80927883412264,2.600202798646211,0.03583934191360329,1.7646517037446643,1.1821275224672434,0.6525588106374741,6236_8048,0.5,0.5,0.0,123,2,7,1,123,1,123,0,1,122,7,429,FL-429 N,N,Freeway,0.878892742994,0.0,6236,8048,N,2,65863,4,429,25600,65863,70,79,70.0,0.0131808307116,1,19573.73345676063,74.81956235483202,2.4686464535132355,0.033134262340270816,2.102395224911632,1.4017039324875116,0.658029493973166,9.88194381668454,-0.12909241036450195,0
1070,6,15972.244186046511,77.19019478540666,2.807620685695312,0.036487299724369184,1.930516480488176,1.5927108077495775,0.8161400943594636,16033.643678160917,73.17744621513253,2.83450593062552,0.03879853501741058,1.3645377092239674,1.0371793420829885,0.7597135771666619,6236_8048,0.0,0.0,0.0,123,2,7,1,123,1,123,0,1,122,7,429,FL-429 N,N,Freeway,0.878892742994,0.0,6236,8048,N,2,65863,4,429,25600,65863,70,79,70.0,0.0131808307116,1,16002.943932103713,75.1838205002696,2.821063308160416,0.037642917370889886,1.6475270948560716,1.314945074916283,0.7879268357630627,9.680527980053258,-0.12909241036450195,0
1071,0,16944.936170212764,72.54783815704603,2.311519174062512,0.03187013389675545,2.428948580621621,1.8079423504778416,0.7452809607997298,16622.945652173912,69.74799100087401,2.4636109957372607,0.03533819913753227,1.7860769387002209,1.2727977530141228,0.71686897651929,6244_9706,1.0,1.0,0.0,119,2,3,1,119,1,119,0,1,118,3,429,FL-429 N,N,Freeway,1.6095307445200002,0.0,6244,9706,N,2,65863,4,429,25600,65863,70,90,70.0,0.0238020576051,1,16783.94091119334,71.14791457896001,2.3875650848998866,0.03360416651714386,2.107512759660921,1.5403700517459822,0.7310749686595099,9.728177810086109,0.4759426734817115,0
1072,1,17106.979166666668,72.38874791910726,2.4522485955069406,0.033885088103374025,2.4594419269922345,1.8547339302018115,0.7543156345611735,16924.01052631579,69.59067205558053,2.5283552786604093,0.036342315794729865,1.8040932687262232,1.3054294406865734,0.7248889665826341,6244_9706,1.0,0.5,0.5,119,2,3,1,119,1,119,0,1,118,3,429,FL-429 N,N,Freeway,1.6095307445200002,0.0,6244,9706,N,2,65863,4,429,25600,65863,70,90,70.0,0.0238020576051,1,17015.49484649123,70.9897099873439,2.490301937083675,0.035113701949051945,2.1317675978592288,1.5800816854441924,0.7396023005719038,9.741879669467805,0.4759426734817115,0
1073,2,17576.4,72.35537895586043,2.4030389451965246,0.0332284026276544,2.5460875153490745,1.919169226762457,0.751770450628545,17205.336842105262,69.55676926221628,2.4954153717530345,0.035891474917008594,1.8474219591180576,1.3406538410585342,0.7237393907137244,6244_9706,1.0,1.0,0.0,119,2,3,1,119,1,119,0,1,118,3,429,FL-429 N,N,Freeway,1.6095307445200002,0.0,6244,9706,N,2,65863,4,429,25600,65863,70,90,70.0,0.0238020576051,1,17390.868421052633,70.95607410903835,2.4492271584747796,0.034559938772331496,2.196754737233566,1.6299115339104957,0.7377549206711347,9.763700544057343,0.4759426734817115,0
1074,3,18110.9,72.35694240131923,2.4075967300273926,0.03328923644388141,2.6170708866065056,1.9539236311913508,0.7456207624224468,17964.26966292135,69.55825754358375,2.498894959632004,0.035948062331647754,1.9053565078866088,1.3686554472553571,0.7168542573735398,6244_9706,1.5,1.0,0.5,119,2,3,1,119,1,119,0,1,118,3,429,FL-429 N,N,Freeway,1.6095307445200002,0.0,6244,9706,N,2,65863,4,429,25600,65863,70,90,70.0,0.0238020576051,1,18037.584831460677,70.95759997245149,2.4532458448296985,0.034618649387764586,2.261213697246557,1.661289539223354,0.7312375098979933,9.80021290613195,0.4759426734817115,0
1075,4,20316.64893617021,72.2979060951789,2.3052187030049374,0.03189886480880685,2.8984049902758016,2.044068753863597,0.7051797005290891,20112.03191489361,69.45743307049734,2.462737600659666,0.035476088304420464,2.1155350092825893,1.4474651840696142,0.6859220612696513,6244_9706,1.0,1.0,0.0,119,2,3,1,119,1,119,0,1,118,3,429,FL-429 N,N,Freeway,1.6095307445200002,0.0,6244,9706,N,2,65863,4,429,25600,65863,70,90,70.0,0.0238020576051,1,20214.34042553191,70.87766958283812,2.3839781518323018,0.03368747655661365,2.506969999779195,1.7457669689666058,0.6955508808993702,9.914147553569869,0.4759426734817115,0
1076,5,17531.445652173912,73.04626164470629,2.308388955054032,0.031620421657959044,2.1537266606869,1.3739726681969489,0.6385409384492086,17415.0,70.20008220860086,2.625705779855619,0.03745256771366828,1.5718291375352866,1.0487188606222801,0.657663290546106,6244_9706,0.0,0.0,0.0,119,2,3,1,119,1,119,0,1,118,3,429,FL-429 N,N,Freeway,1.6095307445200002,0.0,6244,9706,N,2,65863,4,429,25600,65863,70,90,70.0,0.0238020576051,1,17473.222826086956,71.62317192665358,2.4670473674548257,0.034536494685813664,1.8627778991110935,1.2113457644096144,0.6481021144976573,9.768424863852411,0.4759426734817115,0
1077,6,14563.172413793103,73.33824366327408,2.7043772801837886,0.03691021303885983,1.693822813429095,1.254018037377063,0.740173463497416,14317.552941176473,70.44195937377852,2.8865235708426646,0.04104414642008189,1.2245461375668738,0.9229727920431836,0.7526631146411259,6244_9706,1.0,1.0,0.0,119,2,3,1,119,1,119,0,1,118,3,429,FL-429 N,N,Freeway,1.6095307445200002,0.0,6244,9706,N,2,65863,4,429,25600,65863,70,90,70.0,0.0238020576051,1,14440.362677484787,71.89010151852631,2.7954504255132266,0.03897717972947086,1.4591844754979844,1.0884954147101233,0.746418289069271,9.577782528300718,0.4759426734817115,0
1078,0,29989.64893617021,70.04955423932222,3.4079474516502466,0.04908954465994657,3.2572002735458847,2.501707532958468,0.7516189179562852,29944.627659574468,71.17555039735339,2.55598704840414,0.03613167881676315,2.866341007728093,2.238401286105613,0.7638865639754417,6295_8444,0.5,0.5,0.0,146,2,30,1,146,1,146,0,1,145,30,429,FL-429 N,N,Freeway,0.940974073356,0.0,6295,8444,N,2,65863,4,429,81000,65863,70,66,70.0,0.01383611209,1,29967.13829787234,70.6125523183378,2.981967250027193,0.042610611738354856,3.061770640636989,2.370054409532041,0.7577527409658635,10.307856670195195,-0.06083969200161916,0
1079,1,30976.64583333333,70.12127656247989,3.2332972640099924,0.04626476838456196,3.34320526915926,2.4437242314296084,0.7268393797555309,31305.3125,71.04635248226701,2.4736877872958183,0.034861751841624065,2.933373680747413,2.1792140219624008,0.7406250353491849,6295_8444,0.5,0.5,0.0,146,2,30,1,146,1,146,0,1,145,30,429,FL-429 N,N,Freeway,0.940974073356,0.0,6295,8444,N,2,65863,4,429,81000,65863,70,66,70.0,0.01383611209,1,31140.979166666664,70.58381452237344,2.8534925256529053,0.04056326011309301,3.1382894749533365,2.3114691266960046,0.7337322075523579,10.346279888909907,-0.06083969200161916,0
1080,2,31479.326315789483,69.9264550103441,3.3873669762815783,0.04877055667873981,3.455181005147226,2.5067183806397453,0.7186294634712835,31656.28421052632,70.95215817644352,2.5188172553600063,0.03556155162268041,2.9978289733016337,2.2062057282014287,0.7328767680859747,6295_8444,0.5,0.5,0.0,146,2,30,1,146,1,146,0,1,145,30,429,FL-429 N,N,Freeway,0.940974073356,0.0,6295,8444,N,2,65863,4,429,81000,65863,70,66,70.0,0.01383611209,1,31567.8052631579,70.43930659339381,2.9530921158207923,0.042166054150710106,3.2265049892244297,2.3564620544205868,0.7257531157786291,10.359893059438184,-0.06083969200161916,0
1081,3,32075.766666666666,70.0176688656887,3.397885324620892,0.048707124385243335,3.395148309957515,2.4752723141102626,0.7205569594854466,31932.177777777782,70.99370130245609,2.4968985557041217,0.03526336118669023,3.0487955597259515,2.2382613567106904,0.7325877363708713,6295_8444,0.0,0.0,0.0,146,2,30,1,146,1,146,0,1,145,30,429,FL-429 N,N,Freeway,0.940974073356,0.0,6295,8444,N,2,65863,4,429,81000,65863,70,66,70.0,0.01383611209,1,32003.972222222226,70.5056850840724,2.9473919401625066,0.041985242785966784,3.2219719348417333,2.3567668354104763,0.726572347928159,10.373615306022575,-0.06083969200161916,0
1082,4,33598.0,69.76219731419441,3.3929459993729654,0.04876691679059901,3.48589919281381,2.402471521162794,0.6832146269535969,33681.215053763444,70.98007247520744,2.5381634676023066,0.035859532442569154,3.1912532762746517,2.2404040096997195,0.6974492503506802,6295_8444,0.5,0.5,0.0,146,2,30,1,146,1,146,0,1,145,30,429,FL-429 N,N,Freeway,0.940974073356,0.0,6295,8444,N,2,65863,4,429,81000,65863,70,66,70.0,0.01383611209,1,33639.60752688172,70.37113489470093,2.965554733487636,0.042313224616584086,3.338576234544231,2.3214377654312566,0.6903319386521385,10.423459447160376,-0.06083969200161916,0
1083,5,25051.804347826088,70.56369900803567,2.847946235109504,0.040698901925598864,2.3522037258884394,1.4437482010368492,0.5926022315080887,25197.065934065933,72.40340969140485,2.3648685109335705,0.03269958133804249,2.042709707719653,1.2036071779866648,0.5899177287302747,6295_8444,2.0,0.5,1.5,146,2,30,1,146,1,146,0,1,145,30,429,FL-429 N,N,Freeway,0.940974073356,0.0,6295,8444,N,2,65863,4,429,81000,65863,70,66,70.0,0.01383611209,1,25124.43514094601,71.48355434972027,2.606407373021537,0.03669924163182067,2.197456716804046,1.323677689511757,0.5912599801191817,10.131596163156257,-0.06083969200161916,0
1084,6,20057.58620689655,71.2973705113103,2.8858061294881154,0.04055762841132045,1.7639309899640148,1.115875714374011,0.6362297736628244,20216.310344827587,72.9114455100584,2.7358722693701307,0.037567700957346434,1.5527158739793336,1.022079141324182,0.6590666732970106,6295_8444,0.0,0.0,0.0,146,2,30,1,146,1,146,0,1,145,30,429,FL-429 N,N,Freeway,0.940974073356,0.0,6295,8444,N,2,65863,4,429,81000,65863,70,66,70.0,0.01383611209,1,20136.94827586207,72.10440801068435,2.810839199429123,0.03906266468433344,1.6583234319716742,1.0689774278490964,0.6476482234799175,9.910311629263202,-0.06083969200161916,0
1085,0,28042.265957446813,71.6696465638829,2.2068154186352262,0.030917606354222107,2.9222738376953385,2.206535936463071,0.7457810487738721,28221.5,70.50595340767018,2.433629752356125,0.03455234066033332,1.861347732825224,1.450945602990959,0.7786854497852927,6652_8320,0.5,0.0,0.5,142,2,26,1,142,1,142,0,1,141,26,429,FL-429 N,N,Freeway,0.41478697259,0.0,6652,8320,N,2,65863,4,429,21000,65863,70,67,70.0,0.0060614931065,1,28131.882978723406,71.08779998577654,2.3202225854956757,0.03273497350727771,2.3918107852602812,1.8287407697270148,0.7622332492795825,10.244658837698065,-0.8799902096050117,0
1086,1,29532.41666666667,71.62682479624084,2.1285457876621696,0.02975906005508878,2.9923379408582487,2.2016955038659103,0.7338399345125505,29590.01041666667,70.47371268988304,2.361761943886229,0.03355220245523511,1.929534227155672,1.489175203489241,0.7703715031940712,6652_8320,0.0,0.0,0.0,142,2,26,1,142,1,142,0,1,141,26,429,FL-429 N,N,Freeway,0.41478697259,0.0,6652,8320,N,2,65863,4,429,21000,65863,70,67,70.0,0.0060614931065,1,29561.21354166667,71.05026874306193,2.245153865774199,0.031655631255161944,2.4609360840069603,1.8454353536775756,0.7521057188533109,10.294218427726458,-0.8799902096050117,0
1087,2,29937.778947368417,71.53850042027791,2.093903466301813,0.02929455440956578,3.0684115956002582,2.235055939798724,0.7259329097866051,29713.43157894737,70.41835062393163,2.2810121095430302,0.03242246128431131,1.9616843246267368,1.4964963788081946,0.7616360649624089,6652_8320,1.0,1.0,0.0,142,2,26,1,142,1,142,0,1,141,26,429,FL-429 N,N,Freeway,0.41478697259,0.0,6652,8320,N,2,65863,4,429,21000,65863,70,67,70.0,0.0060614931065,1,29825.605263157893,70.97842552210477,2.1874577879224217,0.030858507846938547,2.5150479601134976,1.8657761593034594,0.743784487374507,10.303122540579409,-0.8799902096050117,0
1088,3,30356.21111111111,71.53318544700345,2.265043262845093,0.03187639751264716,3.1487769680594804,2.372193996121183,0.7420039418366533,30292.65555555556,70.32825195821563,2.5161141644421967,0.036170498770610564,2.0600508424776907,1.6396623727895252,0.7734053419381122,6652_8320,0.5,0.5,0.0,142,2,26,1,142,1,142,0,1,141,26,429,FL-429 N,N,Freeway,0.41478697259,0.0,6652,8320,N,2,65863,4,429,21000,65863,70,67,70.0,0.0060614931065,1,30324.433333333334,70.93071870260954,2.390578713643645,0.03402344814162886,2.6044139052685855,2.005928184455354,0.7577046418873827,10.319709047185334,-0.8799902096050117,0
1089,4,31678.40425531915,71.55826808591267,2.1389782978987832,0.029935688861906944,3.225984342696785,2.200930560760128,0.681745763809668,31604.414893617017,70.35271764441096,2.3686878920963146,0.03371051671993578,2.0974860375955844,1.4974327922482915,0.7142420370574512,6652_8320,0.0,0.0,0.0,142,2,26,1,142,1,142,0,1,141,26,429,FL-429 N,N,Freeway,0.41478697259,0.0,6652,8320,N,2,65863,4,429,21000,65863,70,67,70.0,0.0060614931065,1,31641.40957446808,70.95549286516182,2.2538330949975487,0.03182310279092136,2.6617351901461848,1.8491816765042097,0.6979939004335596,10.362221971283311,-0.8799902096050117,0
1090,5,23556.593406593398,72.43807374926462,2.16449859023946,0.02991954614216925,2.0784817187483067,1.212774617491529,0.5839277990034581,23418.494505494502,71.07336983862899,2.6385286012496145,0.03716538299239657,1.2941628370834928,0.8109856534127731,0.6293471550490946,6652_8320,0.5,0.5,0.0,142,2,26,1,142,1,142,0,1,141,26,429,FL-429 N,N,Freeway,0.41478697259,0.0,6652,8320,N,2,65863,4,429,21000,65863,70,67,70.0,0.0060614931065,1,23487.543956043948,71.7557217939468,2.4015135957445373,0.03354246456728291,1.6863222779158997,1.011880135452151,0.6066374770262764,10.064225515185385,-0.8799902096050117,0
1091,6,18978.86904761905,72.66904793651712,2.487661036920332,0.034281259803603345,1.5574412201978776,1.0028301591180426,0.6447104285199584,18894.046511627912,71.3897130244039,3.000633859968788,0.042077809346285175,0.9586940150094856,0.6721881401599441,0.7063944069764091,6652_8320,0.0,0.0,0.0,142,2,26,1,142,1,142,0,1,141,26,429,FL-429 N,N,Freeway,0.41478697259,0.0,6652,8320,N,2,65863,4,429,21000,65863,70,67,70.0,0.0060614931065,1,18936.45777962348,72.0293804804605,2.7441474484445596,0.03817953457494426,1.2580676176036816,0.8375091496389934,0.6755524177481838,9.848844325997904,-0.8799902096050117,0
1092,0,17739.32967032967,67.4832492236571,4.134735612732262,0.061625309823510464,1.9879926608361893,1.443714351083916,0.7185711493667688,22040.612903225807,71.13679509029309,3.001922500242238,0.0425822276730999,3.002218850534707,2.3280084807732755,0.7604078891463529,6763_6186,1.0,0.0,1.0,125,2,9,1,125,1,125,0,1,124,9,429,FL-429 N,N,Freeway,0.454262428776,0.0,6763,6186,N,2,65863,4,429,25600,65863,70,84,70.0,0.006913219719829999,1,19889.971286777738,69.3100221569751,3.56832905648725,0.05210376874830518,2.495105755685448,1.8858614159285958,0.7394895192565609,9.897970928246059,-0.7890802109882546,0
1093,1,17589.6,67.40144220273896,4.244680107320495,0.06314453137294215,2.012197147447583,1.3814904401084924,0.6883739199279715,22264.4375,71.10588146649845,2.884333768572061,0.040671998090973306,3.0187701948414087,2.2680789666213585,0.7487505369246071,6763_6186,0.5,0.5,0.0,125,2,9,1,125,1,125,0,1,124,9,429,FL-429 N,N,Freeway,0.454262428776,0.0,6763,6186,N,2,65863,4,429,25600,65863,70,84,70.0,0.006913219719829999,1,19927.01875,69.2536618346187,3.564506937946278,0.051908264731957726,2.515483671144496,1.8247847033649256,0.7185622284262894,9.899831815966552,-0.7890802109882546,0
1094,2,18569.67021276596,67.34698153847387,4.258852251847622,0.0633470694270945,2.0653617768766885,1.4462454326376446,0.6992287203242008,22974.86315789473,70.9336657339193,3.0707776499493136,0.043550291593729855,3.128425312198748,2.4270239789423838,0.7605920148225714,6763_6186,0.5,0.5,0.0,125,2,9,1,125,1,125,0,1,124,9,429,FL-429 N,N,Freeway,0.454262428776,0.0,6763,6186,N,2,65863,4,429,25600,65863,70,84,70.0,0.006913219719829999,1,20772.266685330345,69.14032363619658,3.6648149508984678,0.05344868051041218,2.5968935445377186,1.9366347057900142,0.7299103675733861,9.941374043574763,-0.7890802109882546,0
1095,3,18559.966666666667,66.27165897791194,13.020747633781856,-1.0410380846367828,2.0849346846944363,1.4724911005752814,0.7027635112804471,23324.988888888893,70.71047237314609,3.1707851622378933,0.04704375777029806,3.3015613843165763,2.5603579871570075,0.7510417150561526,6763_6186,1.5,1.0,0.5,125,2,9,1,125,1,125,0,1,124,9,429,FL-429 N,N,Freeway,0.454262428776,0.0,6763,6186,N,2,65863,4,429,25600,65863,70,84,70.0,0.006913219719829999,1,20942.477777777778,68.49106567552901,8.095766398009875,-0.4969971634332424,2.6932480345055065,2.0164245438661443,0.7269026131682998,9.949534804920933,-0.7890802109882546,0
1096,4,20630.537634408603,66.8457541495782,4.236314333651906,0.06358342372781559,2.1236455496104263,1.4761629611781588,0.6923267053298466,25483.64893617021,70.67252172813704,3.1449140834442812,0.044781583395783135,3.345301614455851,2.4641798513441744,0.7272248521604723,6763_6186,0.0,0.0,0.0,125,2,9,1,125,1,125,0,1,124,9,429,FL-429 N,N,Freeway,0.454262428776,0.0,6763,6186,N,2,65863,4,429,25600,65863,70,84,70.0,0.006913219719829999,1,23057.093285289408,68.75913793885762,3.6906142085480935,0.054182503561799364,2.7344735820331385,1.9701714062611666,0.7097757787451595,10.045728735803891,-0.7890802109882546,0
1097,5,16424.261363636364,66.95841629322372,3.9898108224936153,0.05975662688087523,1.5200315102458453,0.9910086146132856,0.66118350477499,21042.467391304348,71.46923635657923,2.663970962862288,0.037442371815956624,2.405911356973584,1.5542511890516817,0.6484676915293851,6763_6186,1.0,0.5,0.5,125,2,9,1,125,1,125,0,1,124,9,429,FL-429 N,N,Freeway,0.454262428776,0.0,6763,6186,N,2,65863,4,429,25600,65863,70,84,70.0,0.006913219719829999,1,18733.364377470356,69.21382632490148,3.3268908926779517,0.048599499348415925,1.9629714336097148,1.2726299018324836,0.6548255981521875,9.838061404372638,-0.7890802109882546,0
1098,6,12939.780487804876,67.42714682861728,4.58777021920259,0.0683947629069839,1.2149797006527474,0.8814478161217348,0.7286770173231594,16747.802325581397,71.98585121190287,3.013287825736612,0.04215043646568952,1.839659790618964,1.4077284642491004,0.764937839094207,6763_6186,0.5,0.0,0.5,125,2,9,1,125,1,125,0,1,124,9,429,FL-429 N,N,Freeway,0.454262428776,0.0,6763,6186,N,2,65863,4,429,25600,65863,70,84,70.0,0.006913219719829999,1,14843.791406693137,69.70649902026008,3.8005290224696013,0.055272599686336715,1.5273197456358556,1.1445881401854177,0.7468074282086832,9.6053369697167,-0.7890802109882546,0
1099,0,19321.063829787243,72.12552196794134,2.5692244630258108,0.0358306709225311,2.0307134299492744,1.5160066172224549,0.7368697336466813,23059.457446808512,69.0378586283792,2.576362590813592,0.037422883164817206,2.564070668453146,1.97730248572636,0.7626239463610209,8048_8037,0.0,0.0,0.0,121,2,5,1,121,1,121,0,1,120,5,429,FL-429 N,N,Freeway,0.703296480051,0.0,8048,8037,N,2,65863,4,429,25600,65863,70,76,70.0,0.0102174904463,1,21190.260638297877,70.58169029816027,2.5727935269197015,0.036626777043674154,2.29739204920121,1.7466545514744074,0.7497468400038512,9.961296951247949,-0.35197674058471295,0
1100,1,19405.604166666668,71.90200193863222,2.6108096594236625,0.03633910916180662,2.0386396909280307,1.485774808523353,0.7278580008356058,23431.84375,68.84164801822807,2.6336097377329053,0.038337930246533695,2.5954597209388544,1.955716816529789,0.7476268654615476,8048_8037,0.5,0.0,0.5,121,2,5,1,121,1,121,0,1,120,5,429,FL-429 N,N,Freeway,0.703296480051,0.0,8048,8037,N,2,65863,4,429,25600,65863,70,76,70.0,0.0102174904463,1,21418.723958333336,70.37182497843014,2.622209698578284,0.03733851970417015,2.3170497059334423,1.7207458125265709,0.7377424331485767,9.972020769787145,-0.35197674058471295,0
1101,2,19963.797872340427,71.90538093748903,2.478604342022844,0.03454102396515229,2.0999523909734643,1.5056268709625489,0.7166068856442519,24062.968085106382,68.88822691583462,2.358270164952486,0.03425137475530988,2.659106399842082,1.9309655373503136,0.7236291418234545,8048_8037,0.0,0.0,0.0,121,2,5,1,121,1,121,0,1,120,5,429,FL-429 N,N,Freeway,0.703296480051,0.0,8048,8037,N,2,65863,4,429,25600,65863,70,76,70.0,0.0102174904463,1,22013.382978723406,70.39680392666182,2.418437253487665,0.03439619936023108,2.379529395407773,1.7182962041564314,0.7201180137338532,9.999405864605238,-0.35197674058471295,0
1102,3,20338.977528089887,71.98881173830068,2.4634362997875465,0.034253338173266965,2.1316859827168324,1.5394759963514626,0.721896753659645,24580.85393258427,68.80578582910626,2.646754896893897,0.03868469322399788,2.748911178034917,2.10951690547838,0.7508433279994776,8048_8037,1.0,1.0,0.0,121,2,5,1,121,1,121,0,1,120,5,429,FL-429 N,N,Freeway,0.703296480051,0.0,8048,8037,N,2,65863,4,429,25600,65863,70,76,70.0,0.0102174904463,1,22459.915730337078,70.39729878370346,2.5550955983407215,0.03646901569863242,2.4402985803758748,1.8244964509149213,0.7363700408295613,10.019487476296842,-0.35197674058471295,0
1103,4,22630.191489361703,71.90606400967923,2.4526114015180016,0.034145017207974145,2.3568690573971804,1.6201307067602757,0.6858363310690174,26722.531914893618,68.83701817801206,2.599283813641156,0.03787031451721386,2.9100552214877955,2.079692139553942,0.7073489885106454,8048_8037,1.0,0.5,0.5,121,2,5,1,121,1,121,0,1,120,5,429,FL-429 N,N,Freeway,0.703296480051,0.0,8048,8037,N,2,65863,4,429,25600,65863,70,76,70.0,0.0102174904463,1,24676.36170212766,70.37154109384565,2.525947607579579,0.036007665862594004,2.633462139442488,1.8499114231571088,0.6965926597898314,10.11360104827558,-0.35197674058471295,0
1104,5,19554.510869565216,72.80927883412264,2.600202798646211,0.03583934191360329,1.7646517037446643,1.1821275224672434,0.6525588106374741,22702.538461538457,69.77176151329448,2.2517989113180925,0.032290643577573434,2.0896708617553132,1.3342328748996393,0.6383876305479037,8048_8037,0.5,0.5,0.0,121,2,5,1,121,1,121,0,1,120,5,429,FL-429 N,N,Freeway,0.703296480051,0.0,8048,8037,N,2,65863,4,429,25600,65863,70,76,70.0,0.0102174904463,1,21128.524665551835,71.29052017370856,2.426000854982152,0.03406499274558836,1.9271612827499887,1.2581801986834413,0.645473220592689,9.958379286381243,-0.35197674058471295,0
1105,6,16033.643678160917,73.17744621513253,2.83450593062552,0.03879853501741058,1.3645377092239674,1.0371793420829885,0.7597135771666619,18258.046511627912,70.15915180737129,2.5639971329510387,0.036600875575140905,1.5831251860591549,1.1583361077915637,0.7313792676148566,8048_8037,1.0,0.5,0.5,121,2,5,1,121,1,121,0,1,120,5,429,FL-429 N,N,Freeway,0.703296480051,0.0,8048,8037,N,2,65863,4,429,25600,65863,70,76,70.0,0.0102174904463,1,17145.845094894416,71.66829901125192,2.6992515317882795,0.03769970529627574,1.4738314476415613,1.097757724937276,0.7455464223907593,9.749511154723052,-0.35197674058471295,0
1106,0,34839.784946236556,69.01425896868962,3.014611057852939,0.04381320304664047,3.4800433840874176,2.7419633076532213,0.7825542982085767,30045.914893617017,70.33276714575341,3.2118692122394648,0.04580796710621687,3.3139765456241106,2.457332906474845,0.7357367354392157,8389_8460,0.0,0.0,0.0,139,2,23,1,139,1,139,0,1,138,23,429,FL-429 N,N,Freeway,0.6971669140819999,0.0,8389,8460,N,2,65863,4,429,81000,65863,70,53,70.0,0.0111911207397,1,32442.849919926786,69.67351305722151,3.113240135046202,0.04481058507642867,3.397009964855764,2.5996481070640334,0.7591455168238962,10.387235356402854,-0.3607304218811334,0
1107,1,35931.916666666664,68.7680296591642,3.1659039782194944,0.0461348792865602,3.621109080772103,2.8042756461535205,0.7704993492496333,31294.69791666667,70.16400566983334,3.1811316298912704,0.045408428939142605,3.4169745010476804,2.454093100316331,0.7169442163309202,8389_8460,0.0,0.0,0.0,139,2,23,1,139,1,139,0,1,138,23,429,FL-429 N,N,Freeway,0.6971669140819999,0.0,8389,8460,N,2,65863,4,429,81000,65863,70,53,70.0,0.0111911207397,1,33613.30729166667,69.46601766449876,3.1735178040553826,0.045771654112851404,3.519041790909892,2.629184373234926,0.7437217827902767,10.422677317891281,-0.3607304218811334,0
1108,2,36670.01052631579,68.59163594140595,3.2727657455474866,0.04781604241119455,3.7154798987769744,2.834255361863188,0.7599439585538977,31687.621052631577,70.01736701962629,3.2830498867723565,0.04699647432484298,3.4997999051337416,2.4991370798669097,0.7117502630057811,8389_8460,0.5,0.5,0.0,139,2,23,1,139,1,139,0,1,138,23,429,FL-429 N,N,Freeway,0.6971669140819999,0.0,8389,8460,N,2,65863,4,429,81000,65863,70,53,70.0,0.0111911207397,1,34178.81578947368,69.30450148051612,3.2779078161599218,0.04740625836801876,3.607639901955358,2.666696220865049,0.7358471107798394,10.439361309769609,-0.3607304218811334,0
1109,3,37073.522222222215,68.46080295976607,3.515990336221308,0.05157680804281598,3.789950039551293,2.9478255347092133,0.7723287096046375,31901.444444444438,69.95658738783094,3.2861075893131915,0.04710417911006761,3.5478579350316566,2.535718728791708,0.7121576521629671,8389_8460,0.5,0.5,0.0,139,2,23,1,139,1,139,0,1,138,23,429,FL-429 N,N,Freeway,0.6971669140819999,0.0,8389,8460,N,2,65863,4,429,81000,65863,70,53,70.0,0.0111911207397,1,34487.48333333332,69.2086951737985,3.4010489627672498,0.049340493576441796,3.6689039872914746,2.7417721317504604,0.7422431808838024,10.44835173525854,-0.3607304218811334,0
1110,4,38338.117021276594,68.40866994207872,3.5239437678690964,0.05171503721115329,3.8934831476663723,2.8185238922635936,0.7225305716315071,33344.34042553192,69.85252797487293,3.1870700276386166,0.045713306128848434,3.6618464933349664,2.4611524710052715,0.6696640345771452,8389_8460,0.5,0.5,0.0,139,2,23,1,139,1,139,0,1,138,23,429,FL-429 N,N,Freeway,0.6971669140819999,0.0,8389,8460,N,2,65863,4,429,81000,65863,70,53,70.0,0.0111911207397,1,35841.22872340426,69.13059895847582,3.3555068977538562,0.04871417167000086,3.7776648205006693,2.6398381816344325,0.6960973031043262,10.486854150078326,-0.3607304218811334,0
1111,5,29457.571428571428,70.3520761074417,2.0682031349588823,0.02943712611961701,2.4784444252012983,1.4733172206837055,0.5950451205221993,25185.77173913044,71.11450168618754,2.5163168665565263,0.035458553099634534,2.4151812368424768,1.3720573779847711,0.5689721224702435,8389_8460,0.0,0.0,0.0,139,2,23,1,139,1,139,0,1,138,23,429,FL-429 N,N,Freeway,0.6971669140819999,0.0,8389,8460,N,2,65863,4,429,81000,65863,70,53,70.0,0.0111911207397,1,27321.671583850934,70.73328889681463,2.2922600007577043,0.03244783960962577,2.4468128310218873,1.4226872993342383,0.5820086214962215,10.215435497166235,-0.3607304218811334,0
1112,6,23783.43023255814,71.01269813801692,2.364037526083212,0.033346160827639394,1.8751447244346842,1.25228648233902,0.6674703117704575,20197.816091954024,71.82318703062926,2.6111831449589054,0.036394888197634825,1.8428244641901024,1.174316520479511,0.6377998693360384,8389_8460,0.0,0.0,0.0,139,2,23,1,139,1,139,0,1,138,23,429,FL-429 N,N,Freeway,0.6971669140819999,0.0,8389,8460,N,2,65863,4,429,81000,65863,70,53,70.0,0.0111911207397,1,21990.62316225608,71.41794258432309,2.4876103355210586,0.03487052451263711,1.8589845943123933,1.2133015014092656,0.6526350905532479,9.998371421585484,-0.3607304218811334,0
1113,0,34869.12765957447,70.06642027015677,5.439753924000888,0.07826355053137922,3.633878085818163,3.2255080612009626,0.8639113178926984,34849.12765957447,75.09841134307246,5.247012919973863,0.07051393910772791,5.472160594660854,4.757758913997956,0.8522491641982178,8425_6089,0.0,0.0,0.0,137,2,21,1,137,1,137,0,1,136,21,429,FL-429 N,N,Freeway,0.280633475566,0.0,8425,6089,N,2,65863,4,429,64500,65863,70,50,70.0,0.004077348790340001,1,34859.12765957447,72.58241580661462,5.343383421987376,0.07438874481955357,4.5530193402395085,3.9916334875994597,0.8580802410454581,10.459070294652312,-1.2707058184793427,0
1114,1,36247.97916666666,69.62909059589563,5.884524820509747,0.08511762757093476,3.793023930853384,3.383697079446897,0.873791204238692,36145.84375,74.67899935092049,5.5242741447793415,0.07444511990689974,5.666192000411174,4.83961096325448,0.8448057468857093,8425_6089,0.0,0.0,0.0,137,2,21,1,137,1,137,0,1,136,21,429,FL-429 N,N,Freeway,0.280633475566,0.0,8425,6089,N,2,65863,4,429,64500,65863,70,50,70.0,0.004077348790340001,1,36196.91145833333,72.15404497340806,5.704399482644544,0.07978137373891725,4.729607965632279,4.111654021350688,0.8592984755622006,10.496729075343433,-1.2707058184793427,0
1115,2,36563.357894736844,69.43217420761835,6.082420115363072,0.08830368448665887,3.9111662004818415,3.5018999276849536,0.8738923788691886,36651.6947368421,74.4277649868376,5.899262476350418,0.07990122771358436,5.864187043450691,5.036701361598592,0.8454814634267007,8425_6089,0.0,0.0,0.0,137,2,21,1,137,1,137,0,1,136,21,429,FL-429 N,N,Freeway,0.280633475566,0.0,8425,6089,N,2,65863,4,429,64500,65863,70,50,70.0,0.004077348790340001,1,36607.52631578947,71.92996959722797,5.990841295856745,0.08410245610012163,4.887676621966266,4.269300644641772,0.8596869211479446,10.508009135292488,-1.2707058184793427,0
1116,3,37164.20224719101,69.15980839792546,6.691411147822628,0.09787836698027468,4.083982543461378,3.778353170280208,0.8976971337400368,37081.81111111112,74.26788038009539,6.320624519918106,0.08615585655122557,6.056996498225366,5.288724868328007,0.8530265847427281,8425_6089,0.0,0.0,0.0,137,2,21,1,137,1,137,0,1,136,21,429,FL-429 N,N,Freeway,0.280633475566,0.0,8425,6089,N,2,65863,4,429,64500,65863,70,50,70.0,0.004077348790340001,1,37123.00667915106,71.71384438901043,6.506017833870367,0.09201711176575011,5.070489520843372,4.533539019304108,0.8753618592413824,10.521992182519448,-1.2707058184793427,0
1117,4,38752.5,69.13592896232318,6.595726929447897,0.09680778919140404,4.232573961838094,3.7284832684835294,0.8480461626167589,38764.02127659576,74.17605612330254,6.5602117204251265,0.08988624172709682,6.311009459114102,5.271119136407827,0.8144084565419699,8425_6089,0.0,0.0,0.0,137,2,21,1,137,1,137,0,1,136,21,429,FL-429 N,N,Freeway,0.280633475566,0.0,8425,6089,N,2,65863,4,429,64500,65863,70,50,70.0,0.004077348790340001,1,38758.260638297885,71.65599254281287,6.577969324936512,0.09334701545925042,5.271791710476098,4.499801202445678,0.8312273095793644,10.565099189824869,-1.2707058184793427,0
1118,5,29443.77173913044,72.35089141563068,2.3091587187740474,0.03205319741628593,2.4699037206205823,1.4036330534621877,0.5588874888980534,29395.08695652174,77.62014582516944,2.1052419235855413,0.027162415606540414,3.731531313406241,2.189355491456657,0.5871508231560572,8425_6089,0.0,0.0,0.0,137,2,21,1,137,1,137,0,1,136,21,429,FL-429 N,N,Freeway,0.280633475566,0.0,8425,6089,N,2,65863,4,429,64500,65863,70,50,70.0,0.004077348790340001,1,29419.429347826088,74.98551862040006,2.207200321179794,0.02960780651141317,3.1007175170134116,1.7964942724594224,0.5730191560270552,10.289410597224483,-1.2707058184793427,0
1119,6,23772.195402298847,73.34064646647847,2.5262560146440687,0.03457896696735215,1.9399355696642318,1.2368865496931891,0.6203001121536075,23730.413793103453,78.31925066333531,2.5218619369302653,0.032406144287811765,2.8720516726574212,1.951040981728544,0.6638463373919445,8425_6089,0.0,0.0,0.0,137,2,21,1,137,1,137,0,1,136,21,429,FL-429 N,N,Freeway,0.280633475566,0.0,8425,6089,N,2,65863,4,429,64500,65863,70,50,70.0,0.004077348790340001,1,23751.30459770115,75.82994856490689,2.5240589757871668,0.03349255562758196,2.4059936211608264,1.5939637657108665,0.6420732247727761,10.07539273838369,-1.2707058184793427,0
1120,0,28125.106382978727,67.15995759607257,2.776065394790516,0.041502322349795256,3.1354146008201504,2.330684145252824,0.7327577203688272,28042.265957446813,71.6696465638829,2.2068154186352262,0.030917606354222107,2.9222738376953385,2.206535936463071,0.7457810487738721,8441_6652,0.0,0.0,0.0,145,2,29,1,145,1,145,0,1,144,29,429,FL-429 N,N,Freeway,0.200197714159,0.0,8441,6652,N,2,65863,4,429,81000,65863,70,49,70.0,0.00291586334777,1,28083.68617021277,69.41480207997773,2.4914404067128713,0.03620996435200868,3.0288442192577447,2.2686100408579475,0.7392693845713496,10.242944123392064,-1.6084498299534131,0
1121,1,29519.3125,67.0603401204463,2.682962301892731,0.04002898416415331,3.209820927164352,2.316029272556169,0.7197987530703839,29532.41666666667,71.62682479624084,2.1285457876621696,0.02975906005508878,2.9923379408582487,2.2016955038659103,0.7338399345125505,8441_6652,0.5,0.0,0.5,145,2,29,1,145,1,145,0,1,144,29,429,FL-429 N,N,Freeway,0.200197714159,0.0,8441,6652,N,2,65863,4,429,81000,65863,70,49,70.0,0.00291586334777,1,29525.864583333336,69.34358245834358,2.40575404477745,0.034894022109621045,3.1010794340113,2.25886238821104,0.7268193437914672,10.293021923730246,-1.6084498299534131,0
1122,2,29861.031578947368,66.94949381614285,2.691833665962758,0.04022905973492887,3.276205064659296,2.3305498198839234,0.7095397444305341,29937.778947368417,71.53850042027791,2.093903466301813,0.02929455440956578,3.0684115956002582,2.235055939798724,0.7259329097866051,8441_6652,0.0,0.0,0.0,145,2,29,1,145,1,145,0,1,144,29,429,FL-429 N,N,Freeway,0.200197714159,0.0,8441,6652,N,2,65863,4,429,81000,65863,70,49,70.0,0.00291586334777,1,29899.405263157892,69.24399711821039,2.3928685661322855,0.034761807072247325,3.172308330129777,2.2828028798413236,0.7177363271085696,10.305593868316667,-1.6084498299534131,0
1123,3,30149.95555555556,66.93446307509089,2.7688239655255584,0.04148802128429284,3.346020507024403,2.3893328385055037,0.7109908835782038,30356.21111111111,71.53318544700345,2.265043262845093,0.03187639751264716,3.1487769680594804,2.372193996121183,0.7420039418366533,8441_6652,0.0,0.0,0.0,145,2,29,1,145,1,145,0,1,144,29,429,FL-429 N,N,Freeway,0.200197714159,0.0,8441,6652,N,2,65863,4,429,81000,65863,70,49,70.0,0.00291586334777,1,30253.083333333336,69.23382426104718,2.5169336141853256,0.03668220939847,3.2473987375419417,2.3807634173133434,0.7264974127074286,10.317353386639299,-1.6084498299534131,0
1124,4,31749.25806451613,66.83396987753113,2.7906584654201336,0.04182067249794422,3.4848190967191535,2.3272303124619453,0.6683557773326885,31678.40425531915,71.55826808591267,2.1389782978987832,0.029935688861906944,3.225984342696785,2.200930560760128,0.681745763809668,8441_6652,0.0,0.0,0.0,145,2,29,1,145,1,145,0,1,144,29,429,FL-429 N,N,Freeway,0.200197714159,0.0,8441,6652,N,2,65863,4,429,81000,65863,70,49,70.0,0.00291586334777,1,31713.831159917638,69.1961189817219,2.4648183816594584,0.035878180679925584,3.3554017197079693,2.264080436611037,0.6750507705711782,10.364508178900998,-1.6084498299534131,0
1125,5,23692.35164835165,68.09331912975404,2.4461624564677016,0.03595196351694427,2.3166429526286394,1.3419900762909178,0.5796592813765583,23556.593406593398,72.43807374926462,2.16449859023946,0.02991954614216925,2.0784817187483067,1.212774617491529,0.5839277990034581,8441_6652,0.5,0.0,0.5,145,2,29,1,145,1,145,0,1,144,29,429,FL-429 N,N,Freeway,0.200197714159,0.0,8441,6652,N,2,65863,4,429,81000,65863,70,49,70.0,0.00291586334777,1,23624.472527472524,70.26569643950933,2.3053305233535806,0.03293575482955676,2.197562335688473,1.2773823468912235,0.5817935401900083,10.070038425233225,-1.6084498299534131,0
1126,6,19012.42528735632,68.63860196087886,2.638954022196868,0.03847346410722281,1.792706263554409,1.1607246995377267,0.6472415902426433,18978.86904761905,72.66904793651712,2.487661036920332,0.034281259803603345,1.5574412201978776,1.0028301591180426,0.6447104285199584,8441_6652,0.0,0.0,0.0,145,2,29,1,145,1,145,0,1,144,29,429,FL-429 N,N,Freeway,0.200197714159,0.0,8441,6652,N,2,65863,4,429,81000,65863,70,49,70.0,0.00291586334777,1,18995.647167487685,70.65382494869799,2.5633075295585996,0.03637736195541308,1.6750737418761434,1.0817774293278846,0.6459760093813008,9.85196513545396,-1.6084498299534131,0
1127,0,29944.627659574468,71.17555039735339,2.55598704840414,0.03613167881676315,2.866341007728093,2.238401286105613,0.7638865639754417,28125.106382978727,67.15995759607257,2.776065394790516,0.041502322349795256,3.1354146008201504,2.330684145252824,0.7327577203688272,8444_8441,1.0,0.0,1.0,144,2,28,1,144,1,144,0,1,143,28,429,FL-429 N,N,Freeway,0.545558459424,0.0,8444,8441,N,2,65863,4,429,81000,65863,70,82,70.0,0.008174562705720001,1,29034.867021276597,69.16775399671297,2.6660262215973276,0.03881700058327921,3.000877804274122,2.2845427156792186,0.7483221421721344,10.276252697849962,-0.6059453127708399,0
1128,1,31305.3125,71.04635248226701,2.4736877872958183,0.034861751841624065,2.933373680747413,2.1792140219624008,0.7406250353491849,29519.3125,67.0603401204463,2.682962301892731,0.04002898416415331,3.209820927164352,2.316029272556169,0.7197987530703839,8444_8441,0.5,0.5,0.0,144,2,28,1,144,1,144,0,1,143,28,429,FL-429 N,N,Freeway,0.545558459424,0.0,8444,8441,N,2,65863,4,429,81000,65863,70,82,70.0,0.008174562705720001,1,30412.3125,69.05334630135665,2.5783250445942745,0.03744536800288869,3.0715973039558824,2.247621647259285,0.7302118942097844,10.32260282184466,-0.6059453127708399,0
1129,2,31656.28421052632,70.95215817644352,2.5188172553600063,0.03556155162268041,2.9978289733016337,2.2062057282014287,0.7328767680859747,29861.031578947368,66.94949381614285,2.691833665962758,0.04022905973492887,3.276205064659296,2.3305498198839234,0.7095397444305341,8444_8441,1.0,1.0,0.0,144,2,28,1,144,1,144,0,1,143,28,429,FL-429 N,N,Freeway,0.545558459424,0.0,8444,8441,N,2,65863,4,429,81000,65863,70,82,70.0,0.008174562705720001,1,30758.657894736843,68.95082599629319,2.6053254606613825,0.03789530567880464,3.137017018980465,2.2683777740426763,0.7212082562582545,10.333926791157193,-0.6059453127708399,0
1130,3,31932.177777777782,70.99370130245609,2.4968985557041217,0.03526336118669023,3.0487955597259515,2.2382613567106904,0.7325877363708713,30149.95555555556,66.93446307509089,2.7688239655255584,0.04148802128429284,3.346020507024403,2.3893328385055037,0.7109908835782038,8444_8441,0.5,0.0,0.5,144,2,28,1,144,1,144,0,1,143,28,429,FL-429 N,N,Freeway,0.545558459424,0.0,8444,8441,N,2,65863,4,429,81000,65863,70,82,70.0,0.008174562705720001,1,31041.066666666673,68.96408218877349,2.63286126061484,0.03837569123549153,3.1974080333751775,2.313797097608097,0.7217893099745376,10.343066337967885,-0.6059453127708399,0
1131,4,33681.215053763444,70.98007247520744,2.5381634676023066,0.035859532442569154,3.1912532762746517,2.2404040096997195,0.6974492503506802,31749.25806451613,66.83396987753113,2.7906584654201336,0.04182067249794422,3.4848190967191535,2.3272303124619453,0.6683557773326885,8444_8441,0.0,0.0,0.0,144,2,28,1,144,1,144,0,1,143,28,429,FL-429 N,N,Freeway,0.545558459424,0.0,8444,8441,N,2,65863,4,429,81000,65863,70,82,70.0,0.008174562705720001,1,32715.236559139787,68.90702117636928,2.66441096651122,0.03884010247025668,3.3380361864969026,2.283817161080832,0.6829025138416843,10.395596198185224,-0.6059453127708399,0
1132,5,25197.065934065933,72.40340969140485,2.3648685109335705,0.03269958133804249,2.042709707719653,1.2036071779866648,0.5899177287302747,23692.35164835165,68.09331912975404,2.4461624564677016,0.03595196351694427,2.3166429526286394,1.3419900762909178,0.5796592813765583,8444_8441,0.0,0.0,0.0,144,2,28,1,144,1,144,0,1,143,28,429,FL-429 N,N,Freeway,0.545558459424,0.0,8444,8441,N,2,65863,4,429,81000,65863,70,82,70.0,0.008174562705720001,1,24444.70879120879,70.24836441057944,2.4055154837006363,0.03432577242749338,2.1796763301741464,1.2727986271387914,0.5847885050534165,10.10416906212562,-0.6059453127708399,0
1133,6,20216.310344827587,72.9114455100584,2.7358722693701307,0.037567700957346434,1.5527158739793336,1.022079141324182,0.6590666732970106,19012.42528735632,68.63860196087886,2.638954022196868,0.03847346410722281,1.792706263554409,1.1607246995377267,0.6472415902426433,8444_8441,0.0,0.0,0.0,144,2,28,1,144,1,144,0,1,143,28,429,FL-429 N,N,Freeway,0.545558459424,0.0,8444,8441,N,2,65863,4,429,81000,65863,70,82,70.0,0.008174562705720001,1,19614.36781609195,70.77502373546864,2.6874131457834993,0.03802058253228462,1.6727110687668714,1.0914019204309544,0.653154131769827,9.884017628508767,-0.6059453127708399,0
1134,0,30045.914893617017,70.33276714575341,3.2118692122394648,0.04580796710621687,3.3139765456241106,2.457332906474845,0.7357367354392157,34198.602150537634,70.51132715224966,3.0420555809666103,0.04360097360553737,2.8911545765023154,2.1646247921097794,0.7392252785664032,8460_6069,0.5,0.5,0.0,143,2,27,1,143,1,143,0,1,142,27,429,FL-429 N,N,Freeway,0.604044548781,0.0,8460,6069,N,2,65863,4,429,81000,65863,70,44,70.0,0.00884222110143,1,32122.258522077325,70.42204714900154,3.1269623966030373,0.044704470355877116,3.102565561063213,2.3109788492923125,0.7374810070028095,10.377304480721872,-0.5041073275072475,0
1135,1,31294.69791666667,70.16400566983334,3.1811316298912704,0.045408428939142605,3.4169745010476804,2.454093100316331,0.7169442163309202,34046.2,70.59281993914256,2.8488544858540723,0.04064113327319986,3.0155411879419547,2.163626872713353,0.713084677494435,8460_6069,0.5,0.5,0.0,143,2,27,1,143,1,143,0,1,142,27,429,FL-429 N,N,Freeway,0.604044548781,0.0,8460,6069,N,2,65863,4,429,81000,65863,70,44,70.0,0.00884222110143,1,32670.448958333334,70.37841280448795,3.0149930578726716,0.043024781106171237,3.2162578444948178,2.3088599865148423,0.7150144469126776,10.394226246720875,-0.5041073275072475,0
1136,2,31687.621052631577,70.01736701962629,3.2830498867723565,0.04699647432484298,3.4997999051337416,2.4991370798669097,0.7117502630057811,35936.414893617024,70.38865282563222,3.0104763408457016,0.04314175639318351,3.0839980705094265,2.206337190835252,0.7105614458970511,8460_6069,0.5,0.5,0.0,143,2,27,1,143,1,143,0,1,142,27,429,FL-429 N,N,Freeway,0.604044548781,0.0,8460,6069,N,2,65863,4,429,81000,65863,70,44,70.0,0.00884222110143,1,33812.0179731243,70.20300992262926,3.146763113809029,0.04506911535901324,3.2918989878215843,2.352737135351081,0.711155854451416,10.428571579609196,-0.5041073275072475,0
1137,3,31901.444444444438,69.95658738783094,3.2861075893131915,0.04710417911006761,3.5478579350316566,2.535718728791708,0.7121576521629671,36096.79775280899,70.46128306971019,3.0822299546616105,0.04394616036147135,3.060941950335201,2.2207235030969565,0.7202351268873456,8460_6069,0.5,0.5,0.0,143,2,27,1,143,1,143,0,1,142,27,429,FL-429 N,N,Freeway,0.604044548781,0.0,8460,6069,N,2,65863,4,429,81000,65863,70,44,70.0,0.00884222110143,1,33999.12109862671,70.20893522877057,3.184168771987401,0.04552516973576948,3.3043999426834287,2.3782211159443323,0.7161963895251564,10.43408995322379,-0.5041073275072475,0
1138,4,33344.34042553192,69.85252797487293,3.1870700276386166,0.045713306128848434,3.6618464933349664,2.4611524710052715,0.6696640345771452,37973.77659574468,69.99931164793253,3.1959670801784195,0.04594393746392236,3.1507140305413013,2.1529680965415228,0.6731699838767499,8460_6069,2.5,1.5,1.0,143,2,27,1,143,1,143,0,1,142,27,429,FL-429 N,N,Freeway,0.604044548781,0.0,8460,6069,N,2,65863,4,429,81000,65863,70,44,70.0,0.00884222110143,1,35659.0585106383,69.92591981140274,3.191518553908518,0.0458286217963854,3.406280261938134,2.307060283773397,0.6714170092269476,10.481758489235684,-0.5041073275072475,0
1139,5,25185.77173913044,71.11450168618754,2.5163168665565263,0.035458553099634534,2.4151812368424768,1.3720573779847711,0.5689721224702435,28474.891304347828,70.93334519246419,2.576812501564565,0.03653976837051792,1.9996324992952563,1.148363324329752,0.5718962056644656,8460_6069,0.5,0.5,0.0,143,2,27,1,143,1,143,0,1,142,27,429,FL-429 N,N,Freeway,0.604044548781,0.0,8460,6069,N,2,65863,4,429,81000,65863,70,44,70.0,0.00884222110143,1,26830.331521739135,71.02392343932587,2.5465646840605456,0.035999160735076224,2.2074068680688663,1.2602103511572615,0.5704341640673546,10.197288299725706,-0.5041073275072475,0
1140,6,20197.816091954024,71.82318703062926,2.6111831449589054,0.036394888197634825,1.8428244641901024,1.174316520479511,0.6377998693360384,23020.94252873563,71.6307416798185,2.7135151274383227,0.0379859863469638,1.5255943359846569,0.9583406334044045,0.6307576784566401,8460_6069,1.0,1.0,0.0,143,2,27,1,143,1,143,0,1,142,27,429,FL-429 N,N,Freeway,0.604044548781,0.0,8460,6069,N,2,65863,4,429,81000,65863,70,44,70.0,0.00884222110143,1,21609.379310344826,71.72696435522388,2.662349136198614,0.037190437272299315,1.6842094000873797,1.0663285769419577,0.6342787738963392,9.98088272675363,-0.5041073275072475,0
1141,0,33463.720430107525,68.84440416722518,3.5971741809448488,0.0527669479036901,3.69662008043332,3.121656936049916,0.828239038684732,34471.095744680846,67.41258566952835,4.462625546326849,0.0668235941395465,5.543974772067768,4.721417189684527,0.8365921891403247,8462_6231,1.5,1.5,0.0,129,2,13,1,129,1,129,0,1,128,13,429,FL-429 N,N,Freeway,0.556776556083,0.0,8462,6231,E,2,65863,4,429,51670,65863,70,77,70.0,0.00880474694335,1,33967.408087394186,68.12849491837676,4.0298998636358485,0.0597952710216183,4.620297426250544,3.9215370628672215,0.8324156139125284,10.433156758196361,-0.5855912755843478,0
1142,1,34059.98947368421,68.22646508927963,5.9732775759248025,0.09476381013794316,3.940963961902897,3.6148197325771236,0.8813181457860368,35028.645833333336,66.89199325059134,5.549228928913176,0.08409972212829149,5.820034753143731,5.311772590429995,0.8870009039196135,8462_6231,1.5,1.0,0.5,129,2,13,1,129,1,129,0,1,128,13,429,FL-429 N,N,Freeway,0.556776556083,0.0,8462,6231,E,2,65863,4,429,51670,65863,70,77,70.0,0.00880474694335,1,34544.31765350877,67.55922916993549,5.761253252418989,0.08943176613311732,4.880499357523314,4.46329616150356,0.8841595248528251,10.449998348332642,-0.5855912755843478,0
1143,2,34665.0,68.0891510800547,4.681771054819081,0.07052576322362339,4.10275775028459,3.7359825597327374,0.8689311173292397,35706.905263157896,66.731582651167,5.377358316183206,0.08149319223296198,5.9439515840866575,5.214481766715521,0.8602807477655603,8462_6231,4.0,2.0,2.0,129,2,13,1,129,1,129,0,1,128,13,429,FL-429 N,N,Freeway,0.556776556083,0.0,8462,6231,E,2,65863,4,429,51670,65863,70,77,70.0,0.00880474694335,1,35185.95263157895,67.41036686561085,5.0295646855011436,0.07600947772829268,5.0233546671856235,4.475232163224129,0.8646059325474,10.468402208968874,-0.5855912755843478,0
1144,3,35014.84269662922,68.22468635946682,4.015703798365732,0.05996249851194576,4.0559074086888565,3.4348412337914698,0.8226880000410641,35865.02247191011,66.73826039265917,5.211846845714642,0.0790169668497014,6.057670667247463,5.227396311506007,0.8440124931095112,8462_6231,2.0,2.0,0.0,129,2,13,1,129,1,129,0,1,128,13,429,FL-429 N,N,Freeway,0.556776556083,0.0,8462,6231,E,2,65863,4,429,51670,65863,70,77,70.0,0.00880474694335,1,35439.93258426966,67.481473376063,4.613775322040187,0.06948973268082358,5.05678903796816,4.331118772648739,0.8333502465752877,10.47559450246748,-0.5855912755843478,0
1145,4,37646.755319148935,68.25935786534221,4.435507357835352,0.06615344735429439,4.341038605298476,3.644424300138157,0.8145448722053625,38848.382978723406,66.81796305904352,4.749045436031788,0.0720687840206674,6.318857714838568,4.999376099598483,0.7770083483544453,8462_6231,0.5,0.5,0.0,129,2,13,1,129,1,129,0,1,128,13,429,FL-429 N,N,Freeway,0.556776556083,0.0,8462,6231,E,2,65863,4,429,51670,65863,70,77,70.0,0.00880474694335,1,38247.56914893617,67.53866046219287,4.5922763969335705,0.06911111568748089,5.329948160068522,4.32190019986832,0.795776610279904,10.55183528557339,-0.5855912755843478,0
1146,5,30806.516483516483,70.42392505026805,2.7740303685282823,0.04071349635528882,2.8273287349596665,1.8396535967747183,0.6506730483415539,31904.934782608696,69.03169966966075,2.1339740873539568,0.03100769071973208,4.2456890222699215,2.725186517845124,0.6411042920174592,8462_6231,0.0,0.0,0.0,129,2,13,1,129,1,129,0,1,128,13,429,FL-429 N,N,Freeway,0.556776556083,0.0,8462,6231,E,2,65863,4,429,51670,65863,70,77,70.0,0.00880474694335,1,31355.72563306259,69.7278123599644,2.4540022279411193,0.03586059353751045,3.536508878614794,2.2824200573099214,0.6458886701795066,10.353152165208543,-0.5855912755843478,0
1147,6,24820.90697674419,70.82810021225397,2.4158075467941016,0.03433369131489241,2.139107256810424,1.6166991744754575,0.7467742662197815,25547.310344827587,69.48317208276761,2.4803347731301124,0.03591113596251419,3.2674825572906347,2.435532991267604,0.7385735392363886,8462_6231,0.5,0.5,0.0,129,2,13,1,129,1,129,0,1,128,13,429,FL-429 N,N,Freeway,0.556776556083,0.0,8462,6231,E,2,65863,4,429,51670,65863,70,77,70.0,0.00880474694335,1,25184.10866078589,70.15563614751079,2.4480711599621072,0.035122413638703304,2.7032949070505294,2.0261160828715306,0.7426739027280851,10.133968465883246,-0.5855912755843478,0
1148,0,35038.89361702128,65.2635541253414,4.461197381589399,0.06860640308659781,3.899766846568277,3.281725278303365,0.8382604663927297,34422.758241758245,66.03674503325098,2.6093842441383357,0.03955761756621293,2.908370602337802,2.2264797657030746,0.7647943265758728,8470_6274,0.5,0.0,0.5,133,2,17,1,133,1,133,0,1,132,17,429,FL-429 N,N,Freeway,0.243090348749,0.0,8470,6274,N,2,65863,4,429,64000,65863,70,66,70.0,0.00353328083952,1,34730.82592938976,65.6501495792962,3.535290812863867,0.05408201032640537,3.4040687244530394,2.75410252200322,0.8015273964843013,10.455382926894728,-1.4143220991927044,0
1149,1,35522.46875,64.97533584067246,4.885914836249866,0.07551754518548957,4.037967752043047,3.5247900686253737,0.8617468904107333,34849.563829787236,65.85209486315343,2.8412900423990886,0.04325001172147775,3.065133188498018,2.3947349680325134,0.7756555348962961,8470_6274,1.0,0.0,1.0,133,2,17,1,133,1,133,0,1,132,17,429,FL-429 N,N,Freeway,0.243090348749,0.0,8470,6274,N,2,65863,4,429,64000,65863,70,66,70.0,0.00353328083952,1,35186.01628989362,65.41371535191294,3.8636024393244774,0.059383778453483665,3.5515504702705325,2.9597625183289438,0.8187012126535147,10.468404018164087,-1.4143220991927044,0
1150,2,36374.27368421053,64.8340451430376,4.9232825935289135,0.07622194851358739,4.151830181589085,3.5521120363098846,0.8474215684790741,35911.34065934066,65.76379699292083,2.815545991800448,0.0429045282777786,3.1209080268037592,2.4237214775167497,0.7687234467755684,8470_6274,0.0,0.0,0.0,133,2,17,1,133,1,133,0,1,132,17,429,FL-429 N,N,Freeway,0.243090348749,0.0,8470,6274,N,2,65863,4,429,64000,65863,70,66,70.0,0.00353328083952,1,36142.807171775596,65.29892106797922,3.869414292664681,0.059563238395683,3.636369104196422,2.987916756913317,0.8080725076273212,10.495233236054293,-1.4143220991927044,0
1151,3,36819.31111111112,64.80449988394896,4.758224048044921,0.07365461206531625,4.202050718039271,3.489688606421782,0.8258510288299324,36589.56976744186,65.78355514296551,2.696195212389773,0.041040014574852665,3.1418566849098246,2.3551658580086747,0.7464922063512542,8470_6274,0.5,0.5,0.0,133,2,17,1,133,1,133,0,1,132,17,429,FL-429 N,N,Freeway,0.243090348749,0.0,8470,6274,N,2,65863,4,429,64000,65863,70,66,70.0,0.00353328083952,1,36704.44043927649,65.29402751345724,3.727209630217347,0.057347313320084456,3.671953701474548,2.9224272322152283,0.7861716175905933,10.51065301961943,-1.4143220991927044,0
1152,4,39513.585106382976,64.54272740651288,4.355651651719754,0.06780735924471606,4.421839471499158,3.3527248853617,0.7549088643015007,38172.913978494624,65.5396751250343,2.7309864080249064,0.04211428233661015,3.3735535743734038,2.4223807992332897,0.7089504581377083,8470_6274,0.0,0.0,0.0,133,2,17,1,133,1,133,0,1,132,17,429,FL-429 N,N,Freeway,0.243090348749,0.0,8470,6274,N,2,65863,4,429,64000,65863,70,66,70.0,0.00353328083952,1,38843.2495424388,65.0412012657736,3.54331902987233,0.05496082079066311,3.8976965229362808,2.887552842297495,0.7319296612196045,10.567289583746923,-1.4143220991927044,0
1153,5,32261.152173913037,66.33952990045178,2.823436188321569,0.04268403107968479,3.0094387348654683,2.0448974076629183,0.6769866936478637,31968.213483146068,66.64309718366955,2.268030823001047,0.03406167838745852,2.3342003160006035,1.4978337310458534,0.6425543684930266,8470_6274,0.0,0.0,0.0,133,2,17,1,133,1,133,0,1,132,17,429,FL-429 N,N,Freeway,0.243090348749,0.0,8470,6274,N,2,65863,4,429,64000,65863,70,66,70.0,0.00353328083952,1,32114.682828529552,66.49131354206067,2.5457335056613077,0.03837285473357166,2.671819525433036,1.7713655693543857,0.6597705310704451,10.377068613526964,-1.4143220991927044,0
1154,6,25776.091954022988,67.18728028961817,2.763854311450361,0.04128701183015738,2.2683072105256388,1.72392476647257,0.7558497415893066,25444.809523809527,67.15476644968719,2.465699386244992,0.036766410292291364,1.753081119393586,1.2445776473961128,0.7102564485039127,8470_6274,0.0,0.0,0.0,133,2,17,1,133,1,133,0,1,132,17,429,FL-429 N,N,Freeway,0.243090348749,0.0,8470,6274,N,2,65863,4,429,64000,65863,70,66,70.0,0.00353328083952,1,25610.450738916257,67.17102336965269,2.6147768488476766,0.03902671106122437,2.010694164959612,1.4842512069343414,0.7330530950466096,10.150755779152563,-1.4143220991927044,0
1155,0,16876.22340425532,68.11317886795379,3.655612955025288,0.05382721772967726,1.697426547887953,1.4840635426827786,0.8250773814624784,37685.443181818184,74.15057591594051,4.274330054892565,0.05829203833573113,2.9865338201898535,2.803086480924444,0.9032604844007668,8498_8500,0.5,0.5,0.0,132,2,16,1,132,1,132,0,1,131,16,429,FL-429 N,N,Freeway,0.448090903793,0.0,8498,8500,N,2,65863,4,429,70235,65863,70,46,70.0,0.00652162488391,1,27280.833293036754,71.13187739194714,3.9649715049589265,0.056059628032704194,2.341980184038903,2.143575011803611,0.8641689329316227,10.213939657423314,-0.8027591568984207,0
1156,1,17597.489583333332,67.62169342635805,4.4558144481626085,0.0664137512194743,1.8830760884069384,1.9967569609667242,0.9615861195483246,39118.98901098901,73.09722208497487,6.852290690946868,0.09529121346632333,3.429611522103248,3.8963331791811346,1.0637249817823893,8498_8500,3.0,2.5,0.5,132,2,16,1,132,1,132,0,1,131,16,429,FL-429 N,N,Freeway,0.448090903793,0.0,8498,8500,N,2,65863,4,429,70235,65863,70,46,70.0,0.00652162488391,1,28358.23929716117,70.35945775566645,5.654052569554738,0.08085248234289882,2.6563438052550934,2.9465450700739293,1.012655550665357,10.252672894697655,-0.8027591568984207,0
1157,2,17765.978947368418,67.52812354885988,4.465699699468307,0.0666245288504398,1.944861139551332,2.071220705595345,0.9593675811248698,39633.573033707864,73.21691892433915,6.249426851596503,0.08658646343599459,3.4268911846033845,3.6978361298422615,1.0157346864128,8498_8500,1.0,1.0,0.0,132,2,16,1,132,1,132,0,1,131,16,429,FL-429 N,N,Freeway,0.448090903793,0.0,8498,8500,N,2,65863,4,429,70235,65863,70,46,70.0,0.00652162488391,1,28699.77599053814,70.37252123659951,5.357563275532405,0.0766054961432172,2.685876162077358,2.884528417718803,0.987551133768835,10.264644596509521,-0.8027591568984207,0
1158,3,18020.55555555556,67.32786298916294,5.102219386189629,0.07664714658637524,2.103061286328727,2.4908838089526544,1.0225707476058614,39890.16279069767,72.76245596559205,7.565564666619292,0.10603419280532987,3.6806551973508186,4.256368938358602,1.076156901190925,8498_8500,2.0,1.5,0.5,132,2,16,1,132,1,132,0,1,131,16,429,FL-429 N,N,Freeway,0.448090903793,0.0,8498,8500,N,2,65863,4,429,70235,65863,70,46,70.0,0.00652162488391,1,28955.359173126613,70.0451594773775,6.3338920264044605,0.09134066969585256,2.8918582418397727,3.373626373655628,1.0493638243983932,10.27351058411159,-0.8027591568984207,0
1159,4,19222.81914893617,67.5349525062114,4.271421229283573,0.06397741629843952,2.0768792098252864,2.062738325087199,0.8680270765225101,42016.09090909091,73.46687919669516,5.5022091108670255,0.07674472324219751,3.5475038515413586,3.4641182180495846,0.9073311425277484,8498_8500,1.0,1.0,0.0,132,2,16,1,132,1,132,0,1,131,16,429,FL-429 N,N,Freeway,0.448090903793,0.0,8498,8500,N,2,65863,4,429,70235,65863,70,46,70.0,0.00652162488391,1,30619.45502901354,70.50091585145327,4.886815170075299,0.07036106977031852,2.8121915306833225,2.763428271568392,0.8876791095251293,10.329390871176528,-0.8027591568984207,0
1160,5,14576.467391304348,68.92525968229619,3.1941184788205965,0.046365450974451015,1.1698208280549405,0.7482288049163819,0.6424383356958502,32011.744186046515,75.70358242650113,2.097650190187143,0.02774491986733747,2.0110318937313547,1.1708424756993159,0.5828866684257547,8498_8500,0.0,0.0,0.0,132,2,16,1,132,1,132,0,1,131,16,429,FL-429 N,N,Freeway,0.448090903793,0.0,8498,8500,N,2,65863,4,429,70235,65863,70,46,70.0,0.00652162488391,1,23294.10578867543,72.31442105439865,2.6458843345038696,0.03705518542089424,1.5904263608931477,0.9595356403078489,0.6126625020608024,10.055955637108257,-0.8027591568984207,0
1161,6,11664.37931034483,69.50144780784295,3.448126911845207,0.04963795668303568,0.8614820079403095,0.6264299623626198,0.7327674999016071,25732.03703703704,76.2082109412884,2.4305607835285334,0.03193996944237081,1.4863871535472986,0.9639509010856684,0.6499528794409751,8498_8500,0.0,0.0,0.0,132,2,16,1,132,1,132,0,1,131,16,429,FL-429 N,N,Freeway,0.448090903793,0.0,8498,8500,N,2,65863,4,429,70235,65863,70,46,70.0,0.00652162488391,1,18698.208173690935,72.85482937456567,2.93934384768687,0.04078896306270324,1.173934580743804,0.795190431724144,0.6913601896712911,9.836182978662968,-0.8027591568984207,0
1162,0,37685.443181818184,74.15057591594051,4.274330054892565,0.05829203833573113,2.9865338201898535,2.803086480924444,0.9032604844007668,37590.02127659576,67.86305814651094,4.651359575711633,0.06916814658710843,2.687320022820196,2.8434202132500785,0.9954355827710566,8500_8421,0.5,0.5,0.0,131,2,15,1,131,1,131,0,1,130,15,429,FL-429 N,N,Freeway,0.348546973,0.0,8500,8421,N,2,65863,4,429,70235,65863,70,51,70.0,0.00511615488768,1,37637.73222920697,71.00681703122572,4.462844815302099,0.06373009246141978,2.836926921505025,2.8232533470872614,0.9493480335859117,10.535762342925905,-1.05398227163772,0
1163,1,39118.98901098901,73.09722208497487,6.852290690946868,0.09529121346632333,3.429611522103248,3.8963331791811346,1.0637249817823893,39262.915789473685,67.18291232605591,6.096291434177525,0.09168374009623224,3.030783554891892,3.616867195690233,1.1216977353058677,8500_8421,1.5,1.0,0.5,131,2,15,1,131,1,131,0,1,130,15,429,FL-429 N,N,Freeway,0.348546973,0.0,8500,8421,N,2,65863,4,429,70235,65863,70,51,70.0,0.00511615488768,1,39190.95240023135,70.1400672055154,6.474291062562196,0.09348747678127778,3.23019753849757,3.7566001874356836,1.0927113585441286,10.576201193022175,-1.05398227163772,0
1164,2,39633.573033707864,73.21691892433915,6.249426851596503,0.08658646343599459,3.4268911846033845,3.6978361298422615,1.0157346864128,39203.234042553195,67.14359237551011,5.807833408214654,0.08746738304973585,3.035436948522856,3.493023523742369,1.0742287424077217,8500_8421,3.5,2.5,1.0,131,2,15,1,131,1,131,0,1,130,15,429,FL-429 N,N,Freeway,0.348546973,0.0,8500,8421,N,2,65863,4,429,70235,65863,70,51,70.0,0.00511615488768,1,39418.40353813053,70.18025564992463,6.0286301299055784,0.08702692324286522,3.23116406656312,3.5954298267923153,1.0449817144102609,10.58198808110758,-1.05398227163772,0
1165,3,39890.16279069767,72.76245596559205,7.565564666619292,0.10603419280532987,3.6806551973508186,4.256368938358602,1.076156901190925,39824.05617977528,66.64500313766024,6.9642697145468775,0.10597612783838004,3.351357632330052,4.155497685263306,1.1576900629852531,8500_8421,4.5,3.0,1.5,131,2,15,1,131,1,131,0,1,130,15,429,FL-429 N,N,Freeway,0.348546973,0.0,8500,8421,N,2,65863,4,429,70235,65863,70,51,70.0,0.00511615488768,1,39857.10948523648,69.70372955162614,7.264917190583085,0.10600516032185495,3.5160064148404353,4.205933311810954,1.1169234820880891,10.593056074459865,-1.05398227163772,0
1166,4,42016.09090909091,73.46687919669516,5.5022091108670255,0.07674472324219751,3.5475038515413586,3.4641182180495846,0.9073311425277484,42000.93617021277,67.21217944664754,5.358660446501488,0.08130643153580837,3.1531565784403264,3.2761207186251866,0.9513167076604092,8500_8421,2.0,1.5,0.5,131,2,15,1,131,1,131,0,1,130,15,429,FL-429 N,N,Freeway,0.348546973,0.0,8500,8421,N,2,65863,4,429,70235,65863,70,51,70.0,0.00511615488768,1,42008.513539651845,70.33952932167135,5.430434778684257,0.07902557738900294,3.3503302149908425,3.3701194683373856,0.9293239250940788,10.645627580049005,-1.05398227163772,0
1167,5,32011.744186046515,75.70358242650113,2.097650190187143,0.02774491986733747,2.0110318937313547,1.1708424756993159,0.5828866684257547,32115.760869565216,69.40351278462249,2.072273590637354,0.02989896242725825,1.70842430101585,0.9372207583414688,0.5496652995600081,8500_8421,0.5,0.5,0.0,131,2,15,1,131,1,131,0,1,130,15,429,FL-429 N,N,Freeway,0.348546973,0.0,8500,8421,N,2,65863,4,429,70235,65863,70,51,70.0,0.00511615488768,1,32063.752527805867,72.55354760556182,2.0849618904122487,0.028821941147297858,1.8597280973736023,1.0540316170203923,0.5662759839928814,10.375481466344825,-1.05398227163772,0
1168,6,25732.03703703704,76.2082109412884,2.4305607835285334,0.03193996944237081,1.4863871535472986,0.9639509010856684,0.6499528794409751,25869.586206896547,70.00356240666743,2.4095192178211158,0.03448782023924584,1.3341483584932998,0.8033214984589617,0.6041420798377505,8500_8421,0.5,0.0,0.5,131,2,15,1,131,1,131,0,1,130,15,429,FL-429 N,N,Freeway,0.348546973,0.0,8500,8421,N,2,65863,4,429,70235,65863,70,51,70.0,0.00511615488768,1,25800.811621966794,73.10588667397792,2.420040000674825,0.033213894840808326,1.4102677560202992,0.883636199772315,0.6270474796393628,10.158161228630677,-1.05398227163772,0
1169,0,15961.172043010753,69.69227853364067,2.990610154042013,0.04294073814506066,1.403235079684914,1.1224817307073354,0.7923014796857141,16876.22340425532,68.11317886795379,3.655612955025288,0.05382721772967726,1.697426547887953,1.4840635426827786,0.8250773814624784,8522_8498,0.5,0.5,0.0,130,2,14,1,130,1,130,0,1,129,14,429,FL-429 N,N,Freeway,0.432996428543,0.0,8522,8498,W,3,65863,4,50,47500,65863,70,47,70.0,0.006314991494109999,1,16418.697723633035,68.90272870079724,3.3231115545336505,0.048383977937368955,1.5503308137864336,1.3032726366950569,0.8086894305740963,9.70617606948561,-0.8370257991822547,0
1170,1,16522.72340425532,69.45398387238885,3.171960726603875,0.04576267157452176,1.4736829158872449,1.2230890491444977,0.8112428423958542,17597.489583333332,67.62169342635805,4.4558144481626085,0.0664137512194743,1.8830760884069384,1.9967569609667242,0.9615861195483246,8522_8498,0.0,0.0,0.0,130,2,14,1,130,1,130,0,1,129,14,429,FL-429 N,N,Freeway,0.432996428543,0.0,8522,8498,W,3,65863,4,50,47500,65863,70,47,70.0,0.006314991494109999,1,17060.106493794327,68.53783864937344,3.813887587383242,0.05608821139699803,1.6783795021470915,1.6099230050556108,0.8864144809720894,9.74449806333535,-0.8370257991822547,0
1171,2,16864.505376344085,69.30673945781497,3.2625043243207545,0.04730673844787387,1.5333896757619916,1.2832601845408589,0.7964210018563362,17765.978947368418,67.52812354885988,4.465699699468307,0.0666245288504398,1.944861139551332,2.071220705595345,0.9593675811248698,8522_8498,1.5,0.5,1.0,130,2,14,1,130,1,130,0,1,129,14,429,FL-429 N,N,Freeway,0.432996428543,0.0,8522,8498,W,3,65863,4,50,47500,65863,70,47,70.0,0.006314991494109999,1,17315.24216185625,68.41743150333743,3.8641020118945306,0.05696563364915684,1.7391254076566618,1.677240445068102,0.8778942914906029,9.759342442407581,-0.8370257991822547,0
1172,3,16894.75,69.33923777755693,3.3134378031903866,0.04799044465997188,1.5590610736437251,1.3767071948457599,0.8255897099651144,18020.55555555556,67.32786298916294,5.102219386189629,0.07664714658637524,2.103061286328727,2.4908838089526544,1.0225707476058614,8522_8498,0.5,0.0,0.5,130,2,14,1,130,1,130,0,1,129,14,429,FL-429 N,N,Freeway,0.432996428543,0.0,8522,8498,W,3,65863,4,50,47500,65863,70,47,70.0,0.006314991494109999,1,17457.65277777778,68.33355038335993,4.207828594690008,0.062318795623173565,1.831061179986226,1.933795501899207,0.9240802287854879,9.767533386094057,-0.8370257991822547,0
1173,4,17869.204301075268,69.36324630368135,3.223561900906288,0.04661334135233711,1.619501343636238,1.2930987783892591,0.7645267515743964,19222.81914893617,67.5349525062114,4.271421229283573,0.06397741629843952,2.0768792098252864,2.062738325087199,0.8680270765225101,8522_8498,1.0,1.0,0.0,130,2,14,1,130,1,130,0,1,129,14,429,FL-429 N,N,Freeway,0.432996428543,0.0,8522,8498,W,3,65863,4,50,47500,65863,70,47,70.0,0.006314991494109999,1,18546.01172500572,68.44909940494637,3.74749156509493,0.05529537882538832,1.848190276730762,1.677918551738229,0.8162769140484533,9.828010043572078,-0.8370257991822547,0
1174,5,14071.54945054945,70.29255547188504,3.069880234675983,0.04369888214386975,1.0197775491758467,0.6595800151291933,0.6506047894403328,14576.467391304348,68.92525968229619,3.1941184788205965,0.046365450974451015,1.1698208280549405,0.7482288049163819,0.6424383356958502,8522_8498,0.0,0.0,0.0,130,2,14,1,130,1,130,0,1,129,14,429,FL-429 N,N,Freeway,0.432996428543,0.0,8522,8498,W,3,65863,4,50,47500,65863,70,47,70.0,0.006314991494109999,1,14324.008420926899,69.6089075770906,3.13199935674829,0.04503216655916038,1.0947991886153936,0.7039044100227876,0.6465215625680916,9.56969231900749,-0.8370257991822547,0
1175,6,11166.43023255814,70.83799178437866,3.3384843056081395,0.047164902636814436,0.7606619543144699,0.5744656479865166,0.7608073435057746,11664.37931034483,69.50144780784295,3.448126911845207,0.04963795668303568,0.8614820079403095,0.6264299623626198,0.7327674999016071,8522_8498,0.0,0.0,0.0,130,2,14,1,130,1,130,0,1,129,14,429,FL-429 N,N,Freeway,0.432996428543,0.0,8522,8498,W,3,65863,4,50,47500,65863,70,47,70.0,0.006314991494109999,1,11415.404771451485,70.1697197961108,3.3933056087266733,0.048401429659925055,0.8110719811273897,0.6004478051745682,0.7467874217036908,9.34271901794551,-0.8370257991822547,0
1176,0,16622.945652173912,69.74799100087401,2.4636109957372607,0.03533819913753227,1.7860769387002209,1.2727977530141228,0.71686897651929,19266.82978723404,73.3322681840998,3.1697324981859905,0.043276119071618456,1.9659690974406645,1.3901514072965646,0.7058686845617815,9706_9710,0.5,0.5,0.0,118,2,2,1,118,1,118,0,1,117,2,429,FL-429 N,N,Freeway,0.823554797869,0.0,9706,9710,N,2,65863,4,429,25600,65863,70,44,70.0,0.0120668193331,1,17944.887719703976,71.5401295924869,2.8166717469616254,0.039307159104575363,1.8760230180704427,1.3314745801553438,0.7113688305405358,9.795060546649566,-0.19412518893228264,0
1177,1,16924.01052631579,69.59067205558053,2.5283552786604093,0.036342315794729865,1.8040932687262232,1.3054294406865734,0.7248889665826341,19481.34736842105,73.15426443982344,3.0994307205503766,0.04237803395119144,1.983931358325581,1.3909251465773464,0.7014474909761728,9706_9710,0.0,0.0,0.0,118,2,2,1,118,1,118,0,1,117,2,429,FL-429 N,N,Freeway,0.823554797869,0.0,9706,9710,N,2,65863,4,429,25600,65863,70,44,70.0,0.0120668193331,1,18202.67894736842,71.37246824770199,2.813892999605393,0.03936017487296065,1.8940123135259022,1.3481772936319598,0.7131682287794034,9.809324057143131,-0.19412518893228264,0
1178,2,17205.336842105262,69.55676926221628,2.4954153717530345,0.035891474917008594,1.8474219591180576,1.3406538410585342,0.7237393907137244,19953.252631578947,73.0211877641304,3.13601162606608,0.042958175761655504,2.0613387663890084,1.4317735007253107,0.6930267717225886,9706_9710,0.0,0.0,0.0,118,2,2,1,118,1,118,0,1,117,2,429,FL-429 N,N,Freeway,0.823554797869,0.0,9706,9710,N,2,65863,4,429,25600,65863,70,44,70.0,0.0120668193331,1,18579.294736842105,71.28897851317333,2.8157134989095574,0.039424825339332045,1.954380362753533,1.3862136708919226,0.7083830812181565,9.829803053458061,-0.19412518893228264,0
1179,3,17964.26966292135,69.55825754358375,2.498894959632004,0.035948062331647754,1.9053565078866088,1.3686554472553571,0.7168542573735398,20489.355555555558,73.09444988580348,3.0827337256443665,0.04219324054549392,2.094143100257545,1.4551697646541462,0.6943930888352097,9706_9710,0.0,0.0,0.0,118,2,2,1,118,1,118,0,1,117,2,429,FL-429 N,N,Freeway,0.823554797869,0.0,9706,9710,N,2,65863,4,429,25600,65863,70,44,70.0,0.0120668193331,1,19226.812609238455,71.32635371469362,2.7908143426381855,0.03907065143857084,1.999749804072077,1.4119126059547518,0.7056236731043748,9.86406107389498,-0.19412518893228264,0
1180,4,20112.03191489361,69.45743307049734,2.462737600659666,0.035476088304420464,2.1155350092825893,1.4474651840696142,0.6859220612696513,22849.106382978727,73.0537194383173,3.026369552772279,0.041443123030771314,2.2870492468297234,1.5138164733848338,0.6620107572235446,9706_9710,0.0,0.0,0.0,118,2,2,1,118,1,118,0,1,117,2,429,FL-429 N,N,Freeway,0.823554797869,0.0,9706,9710,N,2,65863,4,429,25600,65863,70,44,70.0,0.0120668193331,1,21480.56914893617,71.25557625440732,2.7445535767159726,0.03845960566759589,2.2012921280561564,1.480640828727224,0.673966409246598,9.974904044963399,-0.19412518893228264,0
1181,5,17415.0,70.20008220860086,2.625705779855619,0.03745256771366828,1.5718291375352866,1.0487188606222801,0.657663290546106,19489.82608695652,74.23682351148031,2.6752306431432875,0.03605500163540155,1.696767254241157,1.0278245579193734,0.6065141886953727,9706_9710,1.5,0.5,1.0,118,2,2,1,118,1,118,0,1,117,2,429,FL-429 N,N,Freeway,0.823554797869,0.0,9706,9710,N,2,65863,4,429,25600,65863,70,44,70.0,0.0120668193331,1,18452.41304347826,72.21845286004059,2.6504682114994536,0.03675378467453491,1.634298195888222,1.038271709270827,0.6320887396207393,9.822950429181038,-0.19412518893228264,0
1182,6,14317.552941176473,70.44195937377852,2.8865235708426646,0.04104414642008189,1.2245461375668738,0.9229727920431836,0.7526631146411259,15994.540229885057,74.853128111292,2.9202955860359596,0.03906980724797938,1.3456178091428086,0.9524933854479336,0.7074139947069215,9706_9710,0.0,0.0,0.0,118,2,2,1,118,1,118,0,1,117,2,429,FL-429 N,N,Freeway,0.823554797869,0.0,9706,9710,N,2,65863,4,429,25600,65863,70,44,70.0,0.0120668193331,1,15156.046585530765,72.64754374253525,2.9034095784393124,0.04005697683403063,1.285081973354841,0.9377330887455586,0.7300385546740237,9.626154845868973,-0.19412518893228264,0
1183,0,16559.563829787236,76.03532820322256,2.915326107499027,0.03835636218173502,1.3686089629580118,1.1648242938908404,0.8496821276499601,16633.77659574468,73.73556972140067,2.9490559200731137,0.04002283488105316,1.4635688997518796,1.2359812637021788,0.8426337476944993,5880_6221,0.5,0.0,0.5,184,2,32,1,184,1,184,0,1,183,32,429,FL-429 S,S,Freeway,1.02912303418,0.0,5880,6221,S,2,65863,6,429,38500,65863,70,60,70.0,0.0152358627716,1,16596.67021276596,74.88544896231161,2.9321910137860705,0.03918959853139409,1.4160889313549458,1.2004027787965095,0.8461579376722297,9.716957364631439,0.028707016448791107,1
1184,1,17466.854166666668,75.99365124101861,3.0460161480658736,0.04030925649697723,1.4650518791969833,1.3555008397774946,0.875497104842225,17561.885416666668,73.78850513937472,2.8561357139886643,0.03873466652132823,1.5219494946142669,1.2974752945907138,0.8507002927957732,5880_6221,0.5,0.5,0.0,184,2,32,1,184,1,184,0,1,183,32,429,FL-429 S,S,Freeway,1.02912303418,0.0,5880,6221,S,2,65863,6,429,38500,65863,70,60,70.0,0.0152358627716,1,17514.369791666668,74.89107819019667,2.951075931027269,0.03952196150915273,1.493500686905625,1.3264880671841042,0.863098698818999,9.770776953920404,0.028707016448791107,1
1185,2,17605.336842105262,76.06053963417338,2.958585747618208,0.03893331312039165,1.4432754754469757,1.22875680612065,0.8478599657606963,17673.842105263157,73.7992133369178,2.8897963711290755,0.03919593837292811,1.5388502197979164,1.293184326015831,0.8375452025479106,5880_6221,0.0,0.0,0.0,184,2,32,1,184,1,184,0,1,183,32,429,FL-429 S,S,Freeway,1.02912303418,0.0,5880,6221,S,2,65863,6,429,38500,65863,70,60,70.0,0.0152358627716,1,17639.58947368421,74.92987648554559,2.9241910593736415,0.03906462574665988,1.491062847622446,1.2609705660682407,0.8427025841543034,9.777901056823092,0.028707016448791107,1
1186,3,17596.588888888888,76.03113223254414,3.0408426416139744,0.0405396589960377,1.5004574968577546,1.3372957999610753,0.8515417971841258,17736.4,73.82330176128652,2.7340224866752223,0.03707609725606572,1.5500342035823511,1.2774703195646595,0.8231794390078313,5880_6221,0.5,0.5,0.0,184,2,32,1,184,1,184,0,1,183,32,429,FL-429 S,S,Freeway,1.02912303418,0.0,5880,6221,S,2,65863,6,429,38500,65863,70,60,70.0,0.0152358627716,1,17666.494444444445,74.92721699691532,2.887432564144598,0.038807878126051715,1.525245850220053,1.3073830597628673,0.8373606180959785,9.77942515539096,0.028707016448791107,1
1187,4,18330.44680851064,76.30345662261082,2.7199187086489416,0.03565870271464455,1.4786286010447536,1.1356162799202645,0.7693563695072428,18411.063829787243,73.92086595757294,2.758791780124396,0.03734450070113831,1.5853546973335064,1.208969622943721,0.7636015602503401,5880_6221,0.5,0.5,0.0,184,2,32,1,184,1,184,0,1,183,32,429,FL-429 S,S,Freeway,1.02912303418,0.0,5880,6221,S,2,65863,6,429,38500,65863,70,60,70.0,0.0152358627716,1,18370.755319148942,75.11216129009188,2.739355244386669,0.036501601707891435,1.5319916491891301,1.1722929514319929,0.7664789648787915,9.818515294356212,0.028707016448791107,1
1188,5,13850.684782608696,76.94190113265391,2.8897304236333143,0.03757554590183308,0.9668956292126768,0.6357583349499201,0.6613601789878762,13899.5,74.33527679669034,2.8608209897448766,0.03853152930626215,1.0512213203297842,0.6877552666765598,0.657047760237535,5880_6221,0.0,0.0,0.0,184,2,32,1,184,1,184,0,1,183,32,429,FL-429 S,S,Freeway,1.02912303418,0.0,5880,6221,S,2,65863,6,429,38500,65863,70,60,70.0,0.0152358627716,1,13875.092391304348,75.63858896467212,2.8752757066890955,0.038053537604047616,1.0090584747712306,0.66175680081324,0.6592039696127057,9.53785059742521,0.028707016448791107,1
1189,6,11052.348837209302,76.96710757808971,3.202242104136776,0.04162895695577279,0.730758608386143,0.5612482233280172,0.7764131643646932,11085.127906976742,74.19318662444684,3.187976844563312,0.043003692798477086,0.7970486915704218,0.5992220657708057,0.7590214741466912,5880_6221,0.0,0.0,0.0,184,2,32,1,184,1,184,0,1,183,32,429,FL-429 S,S,Freeway,1.02912303418,0.0,5880,6221,S,2,65863,6,429,38500,65863,70,60,70.0,0.0152358627716,1,11068.738372093023,75.58014710126827,3.195109474350044,0.04231632487712494,0.7639036499782824,0.5802351445494114,0.7677173192556922,9.311880051013869,0.028707016448791107,1
1190,0,16319.521276595744,70.51574033766127,2.991231646002945,0.04244880553704418,1.2348903955790322,0.9918441645805128,0.8078767686330341,28442.170212765963,69.45600683039149,2.195922436587528,0.03172142857751866,1.905023306901631,1.4722201159778447,0.7664853628001953,5990_8339,0.5,0.5,0.0,183,2,31,1,183,1,183,0,1,182,31,429,FL-429 S,S,Freeway,0.945777286024,0.0,5990,8339,S,2,65863,4,429,21000,65863,70,59,70.0,0.0141008014659,1,22380.845744680853,69.98587358402638,2.5935770412952364,0.037085117057281416,1.5699568512403315,1.2320321402791787,0.7871810657166147,10.015960771352102,-0.055748164683494535,0
1191,1,17523.189473684208,70.54714840560455,2.9557828795849757,0.041926362922161,1.286122809730713,1.0485327977065884,0.815664154843852,29718.59375,69.45782217279131,2.321625225482756,0.03349089891233165,1.9732272024634827,1.5615522850123174,0.7820986130059011,5990_8339,0.0,0.0,0.0,183,2,31,1,183,1,183,0,1,182,31,429,FL-429 S,S,Freeway,0.945777286024,0.0,5990,8339,S,2,65863,4,429,21000,65863,70,59,70.0,0.0141008014659,1,23620.891611842104,70.00248528919792,2.638704052533866,0.03770863091724633,1.6296750060970977,1.3050425413594529,0.7988813839248765,10.069886837211733,-0.055748164683494535,0
1192,2,17654.73404255319,70.53435279498089,2.9643810466549816,0.042066776145405285,1.3057711497416646,1.0481649350969129,0.8011545763908315,29908.663157894738,69.44118773479218,2.5095534974938865,0.036389803391115146,2.0504708677535155,1.7177685071003803,0.8056781141868983,5990_8339,1.5,1.5,0.0,183,2,31,1,183,1,183,0,1,182,31,429,FL-429 S,S,Freeway,0.945777286024,0.0,5990,8339,S,2,65863,4,429,21000,65863,70,59,70.0,0.0141008014659,1,23781.698600223965,69.98777026488654,2.736967272074434,0.03922828976826022,1.6781210087475902,1.3829667210986467,0.803416345288865,10.076671597476125,-0.055748164683494535,0
1193,3,17568.022222222222,70.53930924726177,2.856175637291081,0.04053252100192453,1.3135731692037682,1.0310861224033137,0.7858338399285488,30461.7,69.45770786011846,2.1979458036352018,0.031746980817647506,2.0637208248302583,1.582518613232124,0.7572434549956832,5990_8339,0.0,0.0,0.0,183,2,31,1,183,1,183,0,1,182,31,429,FL-429 S,S,Freeway,0.945777286024,0.0,5990,8339,S,2,65863,4,429,21000,65863,70,59,70.0,0.0141008014659,1,24014.86111111111,69.99850855369012,2.5270607204631412,0.03613975090978602,1.6886469970170133,1.3068023678177187,0.771538647462116,10.086428130659803,-0.055748164683494535,0
1194,4,18358.968085106386,70.54272228572809,2.8871988054954425,0.04094969931608479,1.3520088317438503,0.9831521107780308,0.7296107689644732,32615.234042553187,69.28019587589338,2.500453402461376,0.036498814988628885,2.2473703997722074,1.7745149368632591,0.7493219069023875,5990_8339,0.5,0.5,0.0,183,2,31,1,183,1,183,0,1,182,31,429,FL-429 S,S,Freeway,0.945777286024,0.0,5990,8339,S,2,65863,4,429,21000,65863,70,59,70.0,0.0141008014659,1,25487.10106382979,69.91145908081074,2.6938261039784095,0.038724257152356834,1.7996896157580289,1.3788335238206448,0.7394663379334303,10.145927762531858,-0.055748164683494535,0
1195,5,13791.131868131868,70.84711758695444,2.9996235724110782,0.0423694310930209,0.9249455416269567,0.5938102205651469,0.6469341754622924,24892.9010989011,70.05874613288277,2.226572167482812,0.03189193928784585,1.410218272980988,0.9648632815400404,0.6830260775867812,5990_8339,0.0,0.0,0.0,183,2,31,1,183,1,183,0,1,182,31,429,FL-429 S,S,Freeway,0.945777286024,0.0,5990,8339,S,2,65863,4,429,21000,65863,70,59,70.0,0.0141008014659,1,19342.016483516483,70.4529318599186,2.6130978699469454,0.037130685190433374,1.1675819073039724,0.7793367510525937,0.6649801265245368,9.870035028490198,-0.055748164683494535,0
1196,6,11075.142857142857,70.90855564412325,3.325423506147071,0.046935972958947296,0.7186664893857201,0.5296362688796133,0.7465604754039433,19387.406976744187,70.15838952131269,2.402031870383538,0.0342745018600522,1.0259775702959095,0.7858401618804328,0.7710260895926974,5990_8339,1.0,1.0,0.0,183,2,31,1,183,1,183,0,1,182,31,429,FL-429 S,S,Freeway,0.945777286024,0.0,5990,8339,S,2,65863,4,429,21000,65863,70,59,70.0,0.0141008014659,1,15231.274916943523,70.53347258271796,2.8637276882653047,0.04060523740949975,0.8723220298408147,0.6577382153800231,0.7587932824983203,9.631106153281477,-0.055748164683494535,0
1197,0,35111.36170212766,70.39058372800919,4.311339094756715,0.061522284706198326,4.963369516253789,4.1079214397087815,0.8199685782954028,34865.72340425532,68.48098802436473,3.695667836621056,0.054192491917975885,3.5142620083628007,2.678343394784225,0.7555659692903977,5993_8395,0.0,0.0,0.0,174,2,22,1,174,1,174,0,1,173,22,429,FL-429 S,S,Freeway,0.202626820516,0.0,5993,8395,S,2,65863,4,429,64500,65863,70,50,70.0,0.00294394231547,1,34988.54255319149,69.43578587618697,4.003503465688885,0.0578573883120871,4.238815762308295,3.393132417246503,0.7877672737929002,10.462775931255901,-1.5963893143102736,0
1198,1,36281.63157894737,70.04135173806513,5.034637342095649,0.0722067167082959,5.198513861733405,4.449772776097416,0.8481301755339586,36079.38541666666,68.22881289951967,4.1868381357386735,0.06160458710181545,3.6615254579573913,2.8964019852456135,0.7827325385355918,5993_8395,1.0,0.5,0.5,174,2,22,1,174,1,174,0,1,173,22,429,FL-429 S,S,Freeway,0.202626820516,0.0,5993,8395,S,2,65863,4,429,64500,65863,70,50,70.0,0.00294394231547,1,36180.50849780701,69.1350823187924,4.610737738917161,0.06690565190505568,4.430019659845398,3.6730873806715145,0.8154313570347752,10.496275813516275,-1.5963893143102736,0
1199,2,36802.231578947365,69.95342890405139,4.9833055193457545,0.07160762594455315,5.304085195987043,4.461279512973719,0.8333924135771031,36459.673684210524,68.11968295709097,4.226414113677059,0.06231588420952864,3.7454690889905673,2.9302848670334822,0.7740199433529605,5993_8395,0.5,0.5,0.0,174,2,22,1,174,1,174,0,1,173,22,429,FL-429 S,S,Freeway,0.202626820516,0.0,5993,8395,S,2,65863,4,429,64500,65863,70,50,70.0,0.00294394231547,1,36630.95263157894,69.03655593057118,4.604859816511407,0.0669617550770409,4.524777142488805,3.6957821900036008,0.8037061784650319,10.508648862302799,-1.5963893143102736,0
1200,3,37433.48888888889,69.88212513993415,4.827945266645574,0.06940076079439919,5.377496551687691,4.436177160562617,0.8183458736811997,37039.213483146064,68.04413739331999,4.113124808590165,0.060758316383924614,3.8055293044058542,2.8924359450194306,0.7530976351739836,5993_8395,0.5,0.0,0.5,174,2,22,1,174,1,174,0,1,173,22,429,FL-429 S,S,Freeway,0.202626820516,0.0,5993,8395,S,2,65863,4,429,64500,65863,70,50,70.0,0.00294394231547,1,37236.35118601748,68.96313126662707,4.47053503761787,0.0650795385891619,4.591512928046773,3.664306552791024,0.7857217544275916,10.525040745549127,-1.5963893143102736,0
1201,4,40029.72340425532,69.73651397764448,4.668020770577448,0.06731568578209887,5.639445498457763,4.2902654982610855,0.7567279417582568,39481.617021276594,67.86617718737635,3.861832916377901,0.057130931431069176,3.967145036933617,2.775770697864223,0.6964417054370923,5993_8395,2.0,2.0,0.0,174,2,22,1,174,1,174,0,1,173,22,429,FL-429 S,S,Freeway,0.202626820516,0.0,5993,8395,S,2,65863,4,429,64500,65863,70,50,70.0,0.00294394231547,1,39755.67021276595,68.80134558251041,4.264926843477674,0.062223308606584024,4.80329526769569,3.533018098062654,0.7265848235976745,10.590507756771418,-1.5963893143102736,0
1202,5,30839.565217391304,72.15367408927558,2.3821538230395034,0.03334406405803415,3.5670920950258966,2.3885570370716143,0.6550444938473593,30714.402173913037,69.77947430009738,2.4927161765027868,0.03588700423572814,2.640535447446531,1.6209487549786654,0.6140059558271023,5993_8395,0.5,0.0,0.5,174,2,22,1,174,1,174,0,1,173,22,429,FL-429 S,S,Freeway,0.202626820516,0.0,5993,8395,S,2,65863,4,429,64500,65863,70,50,70.0,0.00294394231547,1,30776.98369565217,70.96657419468647,2.437434999771145,0.03461553414688114,3.1038137712362137,2.0047528960251397,0.6345252248372308,10.334522406998142,-1.5963893143102736,0
1203,6,24130.94252873563,72.64208597771037,2.537314791926885,0.03499813854821078,2.590547422977432,1.8702821444363649,0.7221668500535544,24072.62068965517,70.69290153808586,2.7169914462249523,0.03850190769302512,2.0352978397324413,1.3810474844393077,0.6791342813069504,5993_8395,0.0,0.0,0.0,174,2,22,1,174,1,174,0,1,173,22,429,FL-429 S,S,Freeway,0.202626820516,0.0,5993,8395,S,2,65863,4,429,64500,65863,70,50,70.0,0.00294394231547,1,24101.7816091954,71.66749375789811,2.6271531190759188,0.03675002312061795,2.3129226313549367,1.6256648144378363,0.7006505656802524,10.090041042439132,-1.5963893143102736,0
1204,0,16633.77659574468,73.73556972140067,2.9490559200731137,0.04002283488105316,1.4635688997518796,1.2359812637021788,0.8426337476944993,16319.521276595744,70.51574033766127,2.991231646002945,0.04244880553704418,1.2348903955790322,0.9918441645805128,0.8078767686330341,6221_5990,0.0,0.0,0.0,182,2,30,1,182,1,182,0,1,181,30,429,FL-429 S,S,Freeway,0.632137811457,0.0,6221,5990,E,2,65863,4,414,38500,65863,70,47,70.0,0.009576818847,1,16476.64893617021,72.12565502953098,2.9701437830380293,0.041235820209048674,1.349229647665456,1.1139127141413458,0.8252552581637667,9.70969944153502,-0.45864785250320805,0
1205,1,17561.885416666668,73.78850513937472,2.8561357139886643,0.03873466652132823,1.5219494946142669,1.2974752945907138,0.8507002927957732,17523.189473684208,70.54714840560455,2.9557828795849757,0.041926362922161,1.286122809730713,1.0485327977065884,0.815664154843852,6221_5990,0.0,0.0,0.0,182,2,30,1,182,1,182,0,1,181,30,429,FL-429 S,S,Freeway,0.632137811457,0.0,6221,5990,E,2,65863,4,414,38500,65863,70,47,70.0,0.009576818847,1,17542.53744517544,72.16782677248963,2.90595929678682,0.04033051472174462,1.4040361521724898,1.173004046148651,0.8331822238198126,9.772383921664593,-0.45864785250320805,0
1206,2,17673.842105263157,73.7992133369178,2.8897963711290755,0.03919593837292811,1.5388502197979164,1.293184326015831,0.8375452025479106,17654.73404255319,70.53435279498089,2.9643810466549816,0.042066776145405285,1.3057711497416646,1.0481649350969129,0.8011545763908315,6221_5990,0.0,0.0,0.0,182,2,30,1,182,1,182,0,1,181,30,429,FL-429 S,S,Freeway,0.632137811457,0.0,6221,5990,E,2,65863,4,414,38500,65863,70,47,70.0,0.009576818847,1,17664.288073908174,72.16678306594935,2.9270887088920285,0.040631357259166695,1.4223106847697906,1.170674630556372,0.8193498894693712,9.779300257475779,-0.45864785250320805,0
1207,3,17736.4,73.82330176128652,2.7340224866752223,0.03707609725606572,1.5500342035823511,1.2774703195646595,0.8231794390078313,17568.022222222222,70.53930924726177,2.856175637291081,0.04053252100192453,1.3135731692037682,1.0310861224033137,0.7858338399285488,6221_5990,0.5,0.5,0.0,182,2,30,1,182,1,182,0,1,181,30,429,FL-429 S,S,Freeway,0.632137811457,0.0,6221,5990,E,2,65863,4,414,38500,65863,70,47,70.0,0.009576818847,1,17652.21111111111,72.18130550427415,2.7950990619831515,0.03880430912899513,1.4318036863930597,1.1542782209839866,0.8045066394681901,9.778616329932193,-0.45864785250320805,0
1208,4,18411.063829787243,73.92086595757294,2.758791780124396,0.03734450070113831,1.5853546973335064,1.208969622943721,0.7636015602503401,18358.968085106386,70.54272228572809,2.8871988054954425,0.04094969931608479,1.3520088317438503,0.9831521107780308,0.7296107689644732,6221_5990,0.5,0.5,0.0,182,2,30,1,182,1,182,0,1,181,30,429,FL-429 S,S,Freeway,0.632137811457,0.0,6221,5990,E,2,65863,4,414,38500,65863,70,47,70.0,0.009576818847,1,18385.015957446813,72.23179412165052,2.822995292809919,0.039147100008611546,1.4686817645386783,1.096060866860876,0.7466061646074067,9.819291261695117,-0.45864785250320805,0
1209,5,13899.5,74.33527679669034,2.8608209897448766,0.03853152930626215,1.0512213203297842,0.6877552666765598,0.657047760237535,13791.131868131868,70.84711758695444,2.9996235724110782,0.0423694310930209,0.9249455416269567,0.5938102205651469,0.6469341754622924,6221_5990,0.0,0.0,0.0,182,2,30,1,182,1,182,0,1,181,30,429,FL-429 S,S,Freeway,0.632137811457,0.0,6221,5990,E,2,65863,4,414,38500,65863,70,47,70.0,0.009576818847,1,13845.315934065933,72.59119719182239,2.9302222810779774,0.04045048019964152,0.9880834309783705,0.6407827436208533,0.6519909678499136,9.535702254706635,-0.45864785250320805,0
1210,6,11085.127906976742,74.19318662444684,3.187976844563312,0.043003692798477086,0.7970486915704218,0.5992220657708057,0.7590214741466912,11075.142857142857,70.90855564412325,3.325423506147071,0.046935972958947296,0.7186664893857201,0.5296362688796133,0.7465604754039433,6221_5990,0.0,0.0,0.0,182,2,30,1,182,1,182,0,1,181,30,429,FL-429 S,S,Freeway,0.632137811457,0.0,6221,5990,E,2,65863,4,414,38500,65863,70,47,70.0,0.009576818847,1,11080.1353820598,72.55087113428505,3.2567001753551916,0.04496983287871219,0.7578575904780709,0.5644291673252095,0.7527909747753172,9.312909178824084,-0.45864785250320805,0
1211,0,23263.43956043956,73.79130538971954,2.259853083253145,0.03065102625610372,3.2277455213419812,2.3010011306357945,0.7147468441071866,23277.21505376344,69.2414065915921,2.771600719014472,0.040068939907113806,2.101040500860643,1.4170843062226424,0.6769584429625587,6233_6759,0.0,0.0,0.0,164,2,12,1,164,1,164,0,1,163,12,429,FL-429 S,S,Freeway,1.2837906166700002,0.0,6233,6759,S,2,65863,4,429,25600,65863,70,76,70.0,0.0198887840322,1,23270.3273071015,71.51635599065582,2.5157269011338084,0.03535998308160876,2.6643930111013123,1.8590427184292184,0.6958526435348726,10.054934321822751,0.24981712084094382,0
1212,1,23568.075268817203,73.64316332664094,2.45871165429027,0.033468415789056793,3.290080705163988,2.363155485917692,0.7182383008338219,23500.625,69.48864964062973,2.92845899661709,0.04222767407555261,2.197892862845356,1.4747408805126645,0.6727787591864933,6233_6759,0.0,0.0,0.0,164,2,12,1,164,1,164,0,1,163,12,429,FL-429 S,S,Freeway,1.2837906166700002,0.0,6233,6759,S,2,65863,4,429,25600,65863,70,76,70.0,0.0198887840322,1,23534.350134408603,71.56590648363533,2.69358532545368,0.0378480449323047,2.7439867840046723,1.9189481832151785,0.6955085300101576,10.066216340724393,0.24981712084094382,0
1213,2,24296.09782608696,73.53930073075311,2.5626703057116558,0.03508851309125061,3.4505633111377416,2.4952682224642477,0.7145247866705554,24347.663157894738,69.27526043818845,2.9552403212685405,0.042752692764625434,2.257504132752585,1.5022174930186891,0.6640669049743548,6233_6759,0.5,0.5,0.0,164,2,12,1,164,1,164,0,1,163,12,429,FL-429 S,S,Freeway,1.2837906166700002,0.0,6233,6759,S,2,65863,4,429,25600,65863,70,76,70.0,0.0198887840322,1,24321.88049199085,71.40728058447078,2.758955313490098,0.038920602927938024,2.8540337219451635,1.9987428577414685,0.6892958458224552,10.099131655952311,0.24981712084094382,0
1214,3,25123.20930232558,73.66266845022467,2.275103033289777,0.030941467150835025,3.5234243035920496,2.4677986524726023,0.6989711473640043,25149.322222222218,68.87887450110703,3.0100013964791583,0.044014324551256506,2.294767043080564,1.5300552263931428,0.6627414104378501,6233_6759,0.5,0.5,0.0,164,2,12,1,164,1,164,0,1,163,12,429,FL-429 S,S,Freeway,1.2837906166700002,0.0,6233,6759,S,2,65863,4,429,25600,65863,70,76,70.0,0.0198887840322,1,25136.2657622739,71.27077147566585,2.642552214884468,0.037477895851045766,2.9090956733363065,1.9989269394328726,0.6808562789009271,10.132066933413487,0.24981712084094382,0
1215,4,28559.582417582416,73.44751170781655,2.708432725535345,0.037283410253537916,4.031020148893297,2.8633600049069314,0.7039382755599374,28697.680851063837,68.19777903883839,3.267618380965303,0.048100009441554924,2.4469816283993144,1.6157454434076897,0.6569534829637347,6233_6759,0.5,0.5,0.0,164,2,12,1,164,1,164,0,1,163,12,429,FL-429 S,S,Freeway,1.2837906166700002,0.0,6233,6759,S,2,65863,4,429,25600,65863,70,76,70.0,0.0198887840322,1,28628.631634323126,70.82264537332748,2.988025553250324,0.042691709847546416,3.2390008886463058,2.2395527241573108,0.680445879261836,10.26216260213064,0.24981712084094382,0
1216,5,23605.49438202248,74.65803703489283,2.4519363126180296,0.03309027602892562,2.8676619599233826,2.047124442210297,0.6993017272177607,23535.52173913044,68.65036333257282,3.176380748574726,0.047614266974966166,1.7743438320827376,1.1935235885087287,0.6417413670655626,6233_6759,1.0,0.5,0.5,164,2,12,1,164,1,164,0,1,163,12,429,FL-429 S,S,Freeway,1.2837906166700002,0.0,6233,6759,S,2,65863,4,429,25600,65863,70,76,70.0,0.0198887840322,1,23570.50806057646,71.65420018373283,2.814158530596378,0.0403522715019459,2.32100289600306,1.6203240153595129,0.6705215471416617,10.067751551089312,0.24981712084094382,0
1217,6,17729.5,74.94370888128738,2.7809793011353903,0.037215481578091285,2.0409131435036327,1.6614290668451253,0.8075542824226344,17430.081395348836,69.4544038541264,3.55404359715603,0.052283179689554565,1.2876952845637828,1.004965968671394,0.7372804667675709,6233_6759,1.0,1.0,0.0,164,2,12,1,164,1,164,0,1,163,12,429,FL-429 S,S,Freeway,1.2837906166700002,0.0,6233,6759,S,2,65863,4,429,25600,65863,70,76,70.0,0.0198887840322,1,17579.79069767442,72.19905636770689,3.16751144914571,0.04474933063382293,1.6643042140337077,1.3331975177582596,0.7724173745951026,9.774505265461492,0.24981712084094382,0
1218,0,35637.53191489362,71.16598166019395,5.9586911707275725,0.0846419294661692,6.18735318107634,5.872827553531418,0.9253742567681428,35111.36170212766,70.39058372800919,4.311339094756715,0.061522284706198326,4.963369516253789,4.1079214397087815,0.8199685782954028,6248_5993,1.5,1.5,0.0,173,2,21,1,173,1,173,0,1,172,21,429,FL-429 S,S,Freeway,1.23787216517,0.0,6248,5993,S,2,65863,4,429,64500,65863,70,89,70.0,0.018341342997400003,1,35374.446808510635,70.77828269410156,5.135015132742144,0.07308210708618376,5.575361348665064,4.9903744966201,0.8726714175317728,10.473744996901305,0.21339390977895326,0
1219,1,36820.270833333336,70.59019659148592,7.365532441814422,0.10525276524989513,6.626907871580743,6.677362775662826,0.9872900340562304,36281.63157894737,70.04135173806513,5.034637342095649,0.0722067167082959,5.198513861733405,4.449772776097416,0.8481301755339586,6248_5993,1.5,1.0,0.5,173,2,21,1,173,1,173,0,1,172,21,429,FL-429 S,S,Freeway,1.23787216517,0.0,6248,5993,S,2,65863,4,429,64500,65863,70,89,70.0,0.018341342997400003,1,36550.95120614035,70.31577416477552,6.2000848919550355,0.08872974097909551,5.912710866657074,5.563567775880121,0.9177101047950945,10.506462489631087,0.21339390977895326,0
1220,2,37359.0,70.47716244071016,7.41732548563544,0.10633922220181807,6.776549181490202,6.7013375671521525,0.9686098530516783,36802.231578947365,69.95342890405139,4.9833055193457545,0.07160762594455315,5.304085195987043,4.461279512973719,0.8333924135771031,6248_5993,0.0,0.0,0.0,173,2,21,1,173,1,173,0,1,172,21,429,FL-429 S,S,Freeway,1.23787216517,0.0,6248,5993,S,2,65863,4,429,64500,65863,70,89,70.0,0.018341342997400003,1,37080.61578947368,70.21529567238078,6.200315502490597,0.08897342407318562,6.040317188738623,5.581308540062936,0.9010011333143908,10.520849626593506,0.21339390977895326,0
1221,3,37808.31111111112,70.57429367736106,7.2383305001614335,0.1034745994041162,6.79824858767455,6.568312406171306,0.9490060933155604,37433.48888888889,69.88212513993415,4.827945266645574,0.06940076079439919,5.377496551687691,4.436177160562617,0.8183458736811997,6248_5993,1.0,1.0,0.0,173,2,21,1,173,1,173,0,1,172,21,429,FL-429 S,S,Freeway,1.23787216517,0.0,6248,5993,S,2,65863,4,429,64500,65863,70,89,70.0,0.018341342997400003,1,37620.90000000001,70.2282094086476,6.033137883403503,0.0864376800992577,6.087872569681121,5.502244783366962,0.8836759834983801,10.535315026013837,0.21339390977895326,0
1222,4,40421.8085106383,70.78601890070964,6.096894959014609,0.08720742040398784,6.943342331734852,5.9125568748266195,0.8367444479542768,40029.72340425532,69.73651397764448,4.668020770577448,0.06731568578209887,5.639445498457763,4.2902654982610855,0.7567279417582568,6248_5993,1.5,1.0,0.5,173,2,21,1,173,1,173,0,1,172,21,429,FL-429 S,S,Freeway,1.23787216517,0.0,6248,5993,S,2,65863,4,429,64500,65863,70,89,70.0,0.018341342997400003,1,40225.76595744681,70.26126643917706,5.382457864796029,0.07726155309304336,6.291393915096307,5.101411186543853,0.7967361948562668,10.60226301350519,0.21339390977895326,0
1223,5,31405.934782608696,73.20343958477639,2.4610085439393568,0.03390736823394193,4.303810231028511,2.8285680191951332,0.6477476671507992,30839.565217391304,72.15367408927558,2.3821538230395034,0.03334406405803415,3.5670920950258966,2.3885570370716143,0.6550444938473593,6248_5993,1.0,1.0,0.0,173,2,21,1,173,1,173,0,1,172,21,429,FL-429 S,S,Freeway,1.23787216517,0.0,6248,5993,S,2,65863,4,429,64500,65863,70,89,70.0,0.018341342997400003,1,31122.75,72.67855683702598,2.42158118348943,0.03362571614598804,3.9354511630272038,2.6085625281333735,0.6513960804990793,10.345694341997396,0.21339390977895326,0
1224,6,24647.563218390806,73.49602830525038,2.849506746545336,0.03907786747185834,3.2035573639308237,2.3448744707092137,0.7236431866916803,24130.94252873563,72.64208597771037,2.537314791926885,0.03499813854821078,2.590547422977432,1.8702821444363649,0.7221668500535544,6248_5993,0.5,0.5,0.0,173,2,21,1,173,1,173,0,1,172,21,429,FL-429 S,S,Freeway,1.23787216517,0.0,6248,5993,S,2,65863,4,429,64500,65863,70,89,70.0,0.018341342997400003,1,24389.25287356322,73.06905714148037,2.6934107692361104,0.037038003010034556,2.897052393454128,2.107578307572789,0.7229050183726173,10.101897858250549,0.21339390977895326,0
1225,0,17390.72340425532,75.21997330309422,2.473237721501325,0.03289490398901166,2.4123483900546105,1.7591565282898811,0.7320900954311852,17555.010638297874,74.57471387801179,2.8651669482382665,0.038441237187835695,2.5674077256397903,1.8902885217982743,0.7391627303170737,6253_6224,0.0,0.0,0.0,155,2,2,1,155,1,155,0,1,154,2,429,FL-429 S,S,Freeway,0.523487256664,0.0,6253,6224,S,2,65863,4,429,25600,65863,70,67,70.0,0.00771558428782,1,17472.867021276597,74.897343590553,2.6692023348697957,0.03566807058842368,2.4898780578472004,1.8247225250440777,0.7356264128741294,9.768404500783928,-0.6472425915389864,0
1226,1,17733.395833333332,75.01458756972978,2.727855138492691,0.03641568410844229,2.478948644540588,1.8708476415729651,0.7474299020136833,17885.385416666668,74.36326967523163,3.050331239382752,0.041083623060773664,2.639024745515812,2.022324864052384,0.7569470248483662,6253_6224,0.5,0.5,0.0,155,2,2,1,155,1,155,0,1,154,2,429,FL-429 S,S,Freeway,0.523487256664,0.0,6253,6224,S,2,65863,4,429,25600,65863,70,67,70.0,0.00771558428782,1,17809.390625,74.68892862248072,2.8890931889377214,0.038749653584607975,2.5589866950282,1.9465862528126747,0.7521884634310247,9.787481160369882,-0.6472425915389864,0
1227,2,18325.578947368416,75.07089974469713,2.6973343994588483,0.035996314456089605,2.5788288294610644,1.935847761632372,0.7408989482345913,18489.38947368421,74.41878555648391,2.986743667938194,0.040166127234356766,2.735828052727783,2.01452688009808,0.7328838044836953,6253_6224,0.0,0.0,0.0,155,2,2,1,155,1,155,0,1,154,2,429,FL-429 S,S,Freeway,0.523487256664,0.0,6253,6224,S,2,65863,4,429,25600,65863,70,67,70.0,0.00771558428782,1,18407.484210526312,74.74484265059053,2.842039033698521,0.03808122084522318,2.657328441094424,1.975187320865226,0.7368913763591434,9.82051261146857,-0.6472425915389864,0
1228,3,19088.711111111108,75.0676971176632,2.562290447332916,0.03417695277617532,2.6774486979251293,1.9226751680005127,0.7165515297284859,19259.83333333333,74.35718691951062,2.982558153659165,0.04016417467445592,2.859871892404533,2.083763732635009,0.7261195851574163,6253_6224,0.0,0.0,0.0,155,2,2,1,155,1,155,0,1,154,2,429,FL-429 S,S,Freeway,0.523487256664,0.0,6253,6224,S,2,65863,4,429,25600,65863,70,67,70.0,0.00771558428782,1,19174.27222222222,74.71244201858691,2.7724243004960405,0.03717056372531562,2.768660295164831,2.003219450317761,0.7213355574429511,9.861324671002635,-0.6472425915389864,0
1229,4,22498.55319148936,75.079904085735,2.5536598022677564,0.03406439586901025,3.0948968883140004,2.175953533552664,0.7026288118464931,22653.861702127666,74.41110130383967,2.8564561192771087,0.038448577404547615,3.309130388396992,2.372489511491901,0.7146735952531816,6253_6224,0.0,0.0,0.0,155,2,2,1,155,1,155,0,1,154,2,429,FL-429 S,S,Freeway,0.523487256664,0.0,6253,6224,S,2,65863,4,429,25600,65863,70,67,70.0,0.00771558428782,1,22576.207446808512,74.74550269478733,2.7050579607724323,0.03625648663677893,3.2020136383554965,2.2742215225222826,0.7086512035498373,10.02465186287074,-0.6472425915389864,0
1230,5,18626.57608695652,76.00316591071608,2.7100949807831127,0.035690066681397487,2.2250763785689585,1.5553035787825182,0.6971672377997316,18788.28260869565,75.5103246201898,3.0449061937601987,0.04035806344732131,2.370263123153906,1.6730588350596398,0.7031540735880114,6253_6224,0.0,0.0,0.0,155,2,2,1,155,1,155,0,1,154,2,429,FL-429 S,S,Freeway,0.523487256664,0.0,6253,6224,S,2,65863,4,429,25600,65863,70,67,70.0,0.00771558428782,1,18707.429347826084,75.75674526545293,2.8775005872716557,0.0380240650643594,2.2976697508614325,1.614181206921079,0.7001606556938715,9.836676015270973,-0.6472425915389864,0
1231,6,13926.908045977012,76.16852286366297,3.0514553524637216,0.04011520323341817,1.5864581907661208,1.2165017935809554,0.7672181108222796,14041.206896551723,75.77222762344503,3.38867935731212,0.04476548032431375,1.6964779060547506,1.32873725077398,0.7844500189740569,6253_6224,0.0,0.0,0.0,155,2,2,1,155,1,155,0,1,154,2,429,FL-429 S,S,Freeway,0.523487256664,0.0,6253,6224,S,2,65863,4,429,25600,65863,70,67,70.0,0.00771558428782,1,13984.057471264368,75.970375243554,3.220067354887921,0.042440341778865964,1.6414680484104358,1.2726195221774677,0.7758340648981683,9.545673207674083,-0.6472425915389864,0
1232,0,28185.627659574468,72.67392701844881,2.426742102003148,0.03355535517351604,2.1659977079800696,1.6095721830051208,0.7324932276520965,28247.670212765963,66.18552399723632,3.3555477128316165,0.05086432481911233,3.0381187306997823,2.3198378030583355,0.7483907677723756,6255_8434,0.0,0.0,0.0,181,2,29,1,181,1,181,0,1,180,29,429,FL-429 S,S,Freeway,0.227420345353,0.0,6255,8434,S,2,65863,4,429,73457,65863,70,51,70.0,0.00331523216594,1,28216.648936170215,69.42972550784256,2.8911449074173823,0.04220983999631418,2.602058219339926,1.9647049930317282,0.7404419977122361,10.247667470523343,-1.480955232217546,0
1233,1,29559.51041666667,72.64731206296119,2.8033304441435423,0.03872582256358215,2.2611638297794774,1.7640008107318188,0.7674601293581458,29486.1875,66.06169865712539,3.873505737724788,0.05885419346208634,3.191923626241173,2.6613882274391494,0.8143154036381427,6255_8434,0.5,0.0,0.5,181,2,29,1,181,1,181,0,1,180,29,429,FL-429 S,S,Freeway,0.227420345353,0.0,6255,8434,S,2,65863,4,429,73457,65863,70,51,70.0,0.00331523216594,1,29522.848958333336,69.35450536004329,3.338418090934165,0.04879000801283424,2.7265437280103253,2.212694519085484,0.7908877664981442,10.29291978348631,-1.480955232217546,0
1234,2,29690.073684210518,72.62388980607307,2.8752751050856884,0.03993080080654966,2.3423955116381956,1.8852292984560663,0.7709009388425399,29847.43157894737,66.04057738839951,3.790514968660549,0.05777774304986881,3.2867600367447656,2.7373476376285644,0.7955756857945329,6255_8434,0.0,0.0,0.0,181,2,29,1,181,1,181,0,1,180,29,429,FL-429 S,S,Freeway,0.227420345353,0.0,6255,8434,S,2,65863,4,429,73457,65863,70,51,70.0,0.00331523216594,1,29768.752631578944,69.3322335972363,3.3328950368731185,0.048854271928209236,2.8145777741914806,2.3112884680423154,0.7832383123185364,10.301214552949887,-1.480955232217546,0
1235,3,30486.044943820223,72.65058456088705,2.6021127538192945,0.03599591255543758,2.3434372383993183,1.7722669823942034,0.7401674579712885,30240.16666666667,66.0427762516794,3.6127297293216234,0.05494089870759825,3.318449205810305,2.608139390117127,0.7649888574501263,6255_8434,0.0,0.0,0.0,181,2,29,1,181,1,181,0,1,180,29,429,FL-429 S,S,Freeway,0.227420345353,0.0,6255,8434,S,2,65863,4,429,73457,65863,70,51,70.0,0.00331523216594,1,30363.105805243446,69.34668040628323,3.107421241570459,0.04546840563151792,2.8309432221048114,2.1902031862556655,0.7525781577107074,10.320983525527797,-1.480955232217546,0
1236,4,32492.308510638297,72.43893642716831,2.9195957232626317,0.04091188608146897,2.5519874172574326,1.9849824163815384,0.7305248478024575,32529.62365591398,65.73996396585707,3.791846029489062,0.058283130948625125,3.5729969723720467,2.7866943627910006,0.7375593289792598,6255_8434,0.5,0.0,0.5,181,2,29,1,181,1,181,0,1,180,29,429,FL-429 S,S,Freeway,0.227420345353,0.0,6255,8434,S,2,65863,4,429,73457,65863,70,51,70.0,0.00331523216594,1,32510.966083276136,69.0894501965127,3.355720876375847,0.049597508515047045,3.0624921948147397,2.3858383895862696,0.7340420883908587,10.389332729352153,-1.480955232217546,0
1237,5,24961.835164835167,73.24226447343453,2.4539249956171347,0.03377018231405026,1.689026099414206,1.1656007043651728,0.6494632423931185,24964.725274725282,66.69939421317271,3.1403602908953823,0.04728106400233677,2.374321239378757,1.5687885287157088,0.6392493892682297,6255_8434,0.5,0.5,0.0,181,2,29,1,181,1,181,0,1,180,29,429,FL-429 S,S,Freeway,0.227420345353,0.0,6255,8434,S,2,65863,4,429,73457,65863,70,51,70.0,0.00331523216594,1,24963.280219780223,69.97082934330362,2.7971426432562585,0.04052562315819351,2.0316736693964814,1.367194616540441,0.6443563158306741,10.125161232910344,-1.480955232217546,0
1238,6,19521.809523809523,73.35186840826906,2.6259255257666756,0.03584699630592415,1.2229799058729511,0.8845192026934269,0.7233687540241909,19439.436781609198,67.24344307982521,3.2310793770688293,0.0480958500566956,1.7628083588970265,1.2537580873176108,0.704999635258921,6255_8434,0.0,0.0,0.0,181,2,29,1,181,1,181,0,1,180,29,429,FL-429 S,S,Freeway,0.227420345353,0.0,6255,8434,S,2,65863,4,429,73457,65863,70,51,70.0,0.00331523216594,1,19480.623152709362,70.29765574404713,2.9285024514177525,0.04197142318130988,1.492894132384989,1.069138645005519,0.7141841946415559,9.877175566043674,-1.480955232217546,0
1239,0,30547.89361702128,66.53829428735554,3.799800739755944,0.05791319607843805,3.2284255934327213,2.5653788501219497,0.7726668392469818,57437.870967741925,67.46991462637288,4.444662961909169,0.06693169275514327,4.263959371374337,3.4760341954327005,0.7981058886329276,6296_7012,0.0,0.0,0.0,180,2,28,1,180,1,180,0,1,179,28,429,FL-429 S,S,Freeway,0.33280695705,0.0,6296,7012,S,2,65863,4,429,81000,65863,70,72,70.0,0.00483789568771,1,43992.882292381604,67.00410445686421,4.122231850832557,0.06242244441679066,3.7461924824035293,3.020706522777325,0.7853863639399548,10.691783133732619,-1.1001926656562258,0
1240,1,31502.375,66.52045694706705,4.479406998889613,0.06804936867269347,3.4305162378262097,2.8650104433358994,0.8156292054134601,59268.978723404245,67.30737697726458,5.262555611181168,0.0791755403236701,4.506876754653085,3.943987152482401,0.8593216090598094,6296_7012,0.0,0.0,0.0,180,2,28,1,180,1,180,0,1,179,28,429,FL-429 S,S,Freeway,0.33280695705,0.0,6296,7012,S,2,65863,4,429,81000,65863,70,72,70.0,0.00483789568771,1,45385.67686170212,66.91391696216581,4.87098130503539,0.07361245449818178,3.968696496239647,3.40449879790915,0.8374754072366347,10.722951846625042,-1.1001926656562258,0
1241,2,31894.91578947368,66.25956508512597,4.628518059566913,0.07074056755662761,3.5193139582208084,2.902776452116557,0.8000551920147821,60347.52127659576,67.03977935105216,5.501029886929071,0.08308217420251429,4.6409013703822195,3.98147645552682,0.8383534274574964,6296_7012,0.0,0.0,0.0,180,2,28,1,180,1,180,0,1,179,28,429,FL-429 S,S,Freeway,0.33280695705,0.0,6296,7012,S,2,65863,4,429,81000,65863,70,72,70.0,0.00483789568771,1,46121.21853303472,66.64967221808907,5.064773973247991,0.07691137087957095,4.080107664301514,3.4421264538216887,0.8192043097361392,10.7390283949584,-1.1001926656562258,0
1242,3,32420.811111111117,66.33715727356797,4.217872147134844,0.06402103296680542,3.448811383356337,2.6957532509184507,0.7668801744360505,60141.57303370785,67.38266192586603,4.887304767367431,0.07323414994342707,4.51406251154353,3.6752929965115153,0.806456401905509,6296_7012,0.0,0.0,0.0,180,2,28,1,180,1,180,0,1,179,28,429,FL-429 S,S,Freeway,0.33280695705,0.0,6296,7012,S,2,65863,4,429,81000,65863,70,72,70.0,0.00483789568771,1,46281.19207240948,66.859909599717,4.5525884572511375,0.06862759145511624,3.9814369474499336,3.185523123714983,0.7866682881707798,10.742490938806688,-1.1001926656562258,0
1243,4,34672.27659574468,65.82175836401207,4.1243253187549005,0.06328103184393448,3.5224807900324424,2.6103049202003725,0.7234554600052154,66936.21505376344,67.03943576269131,4.426247005667575,0.06668264468426968,4.646373405737153,3.4301526245871696,0.7291881896769408,6296_7012,0.5,0.5,0.0,180,2,28,1,180,1,180,0,1,179,28,429,FL-429 S,S,Freeway,0.33280695705,0.0,6296,7012,S,2,65863,4,429,81000,65863,70,72,70.0,0.00483789568771,1,50804.24582475406,66.43059706335168,4.275286162211238,0.06498183826410209,4.084427097884798,3.020228772393771,0.7263218248410781,10.835735209301466,-1.1001926656562258,0
1244,5,26569.380434782608,66.76044816946883,3.0939322808165817,0.04689243147976225,2.3101073847360682,1.4771924684233562,0.6210678953142182,51921.79120879121,68.19915827222331,3.2652514321507824,0.04864300341617732,3.073407752499966,1.9334500057391977,0.6279014247311218,6296_7012,0.0,0.0,0.0,180,2,28,1,180,1,180,0,1,179,28,429,FL-429 S,S,Freeway,0.33280695705,0.0,6296,7012,S,2,65863,4,429,81000,65863,70,72,70.0,0.00483789568771,1,39245.58582178691,67.47980322084607,3.179591856483682,0.04776771744796979,2.691757568618017,1.705321237081277,0.62448466002267,10.577594253746915,-1.1001926656562258,0
1245,6,20719.735632183907,67.55994673003248,3.0445962083964297,0.04519452067089852,1.7125561366304058,1.1704351682719774,0.6833193227113751,39335.058139534885,69.03561347743565,3.3950898800704152,0.04956672453957851,2.2928944409785785,1.6040731824919372,0.705151080439715,6296_7012,0.0,0.0,0.0,180,2,28,1,180,1,180,0,1,179,28,429,FL-429 S,S,Freeway,0.33280695705,0.0,6296,7012,S,2,65863,4,429,81000,65863,70,72,70.0,0.00483789568771,1,30027.396885859394,68.29778010373406,3.2198430442334223,0.047380622605238516,2.002725288804492,1.3872541753819574,0.6942352015755451,10.309865473432554,-1.1001926656562258,0
1246,0,23277.21505376344,69.2414065915921,2.771600719014472,0.040068939907113806,2.101040500860643,1.4170843062226424,0.6769584429625587,21659.456521739132,68.24046206723858,6.598060514820746,-1.4557283909337146,2.4151362678576698,1.682292091714855,0.7000155045704816,6759_6969,0.0,0.0,0.0,163,2,11,1,163,1,163,0,1,162,11,429,FL-429 S,S,Freeway,0.41400408576,0.0,6759,6969,S,2,65863,4,429,25600,65863,70,84,70.0,0.006300891171499999,1,22468.335787751286,68.74093432941534,4.684830616917609,-0.7078297255133004,2.2580883843591564,1.5496881989687488,0.6884869737665201,10.019862298696035,-0.8818794362200136,0
1247,1,23500.625,69.48864964062973,2.92845899661709,0.04222767407555261,2.197892862845356,1.4747408805126645,0.6727787591864933,22614.62365591398,68.39926836921697,9.930232505708855,0.24648287404111066,2.488584626973439,1.7445457364470796,0.7014019142695853,6759_6969,1.0,0.5,0.5,163,2,11,1,163,1,163,0,1,162,11,429,FL-429 S,S,Freeway,0.41400408576,0.0,6759,6969,S,2,65863,4,429,25600,65863,70,84,70.0,0.006300891171499999,1,23057.62432795699,68.94395900492336,6.429345751162972,0.14435527405833165,2.3432387449093977,1.609643308479872,0.6870903367280393,10.045751767178476,-0.8818794362200136,0
1248,2,24347.663157894738,69.27526043818845,2.9552403212685405,0.042752692764625434,2.257504132752585,1.5022174930186891,0.6640669049743548,23868.89247311828,68.99067972686726,2.4667882017096967,0.035853544359840166,2.5497572156142274,1.7343194289448909,0.6785074415707231,6759_6969,0.0,0.0,0.0,163,2,11,1,163,1,163,0,1,162,11,429,FL-429 S,S,Freeway,0.41400408576,0.0,6759,6969,S,2,65863,4,429,25600,65863,70,84,70.0,0.006300891171499999,1,24108.27781550651,69.13297008252786,2.711014261489119,0.0393031185622328,2.403630674183406,1.6182684609817901,0.671287173272539,10.09031053832559,-0.8818794362200136,0
1249,3,25149.322222222218,68.87887450110703,3.0100013964791583,0.044014324551256506,2.294767043080564,1.5300552263931428,0.6627414104378501,24460.61797752809,68.79561203168528,2.4560759171196582,0.03585728726071361,2.648855569295089,1.8058587134818327,0.6792445677459922,6759_6969,0.5,0.5,0.0,163,2,11,1,163,1,163,0,1,162,11,429,FL-429 S,S,Freeway,0.41400408576,0.0,6759,6969,S,2,65863,4,429,25600,65863,70,84,70.0,0.006300891171499999,1,24804.970099875154,68.83724326639616,2.7330386567994083,0.039935805905985056,2.4718113061878264,1.6679569699374879,0.6709929890919211,10.118799319327254,-0.8818794362200136,0
1250,4,28697.680851063837,68.19777903883839,3.267618380965303,0.048100009441554924,2.4469816283993144,1.6157454434076897,0.6569534829637347,27774.36559139785,68.56938731660107,2.6010948319464675,0.03802874320012355,2.9403960285422563,2.0451537605675,0.6897124440920914,6759_6969,0.0,0.0,0.0,163,2,11,1,163,1,163,0,1,162,11,429,FL-429 S,S,Freeway,0.41400408576,0.0,6759,6969,S,2,65863,4,429,25600,65863,70,84,70.0,0.006300891171499999,1,28236.023221230844,68.38358317771973,2.9343566064558853,0.04306437632083924,2.693688828470785,1.8304496019875949,0.673332963527913,10.248353860913056,-0.8818794362200136,0
1251,5,23535.52173913044,68.65036333257282,3.176380748574726,0.047614266974966166,1.7743438320827376,1.1935235885087287,0.6417413670655626,22565.444444444438,67.643673130147,7.565019789474916,-0.025211311725727808,2.1514999509426658,1.4500344612272689,0.6715683923424772,6759_6969,0.0,0.0,0.0,163,2,11,1,163,1,163,0,1,162,11,429,FL-429 S,S,Freeway,0.41400408576,0.0,6759,6969,S,2,65863,4,429,25600,65863,70,84,70.0,0.006300891171499999,1,23050.48309178744,68.14701823135991,5.370700269024821,0.011201477624619179,1.9629218915127016,1.3217790248679988,0.6566548797040199,10.045442006634126,-0.8818794362200136,0
1252,6,17430.081395348836,69.4544038541264,3.55404359715603,0.052283179689554565,1.2876952845637828,1.004965968671394,0.7372804667675709,17028.731707317074,69.91843201135372,2.8074669864825674,0.04035284893986442,1.5266234818048203,1.1851746761647266,0.7730470644438073,6759_6969,0.5,0.5,0.0,163,2,11,1,163,1,163,0,1,162,11,429,FL-429 S,S,Freeway,0.41400408576,0.0,6759,6969,S,2,65863,4,429,25600,65863,70,84,70.0,0.006300891171499999,1,17229.406551332955,69.68641793274006,3.180755291819299,0.04631801431470949,1.4071593831843017,1.0950703224180605,0.7551637656056891,9.754372886173902,-0.8818794362200136,0
1253,0,21659.456521739132,68.24046206723858,6.598060514820746,-1.4557283909337146,2.4151362678576698,1.682292091714855,0.7000155045704816,23161.01063829788,73.68444469544269,2.318359506689323,0.031493232676756126,3.1388101149146874,2.223225008357355,0.7103281887256286,6969_6859,0.0,0.0,0.0,162,2,10,1,162,1,162,0,1,161,10,429,FL-429 S,S,Freeway,0.62979724156,0.0,6969,6859,S,2,65863,4,429,25600,65863,70,62,70.0,0.00958776727525,1,22410.233580018506,70.96245338134064,4.458210010755034,-0.7121175791284793,2.776973191386179,1.9527585500361049,0.7051718466480551,10.017272989766914,-0.46235735019142865,0
1254,1,22614.62365591398,68.39926836921697,9.930232505708855,0.24648287404111066,2.488584626973439,1.7445457364470796,0.7014019142695853,23474.3125,73.49893768514656,2.4604372722669883,0.033505917216811634,3.1889239794479654,2.2520655165368737,0.7072017516197372,6969_6859,0.0,0.0,0.0,162,2,10,1,162,1,162,0,1,161,10,429,FL-429 S,S,Freeway,0.62979724156,0.0,6969,6859,S,2,65863,4,429,25600,65863,70,62,70.0,0.00958776727525,1,23044.46807795699,70.94910302718176,6.195334888987921,0.13999439562896115,2.838754303210702,1.9983056264919767,0.7043018329446613,10.04518102300308,-0.46235735019142865,0
1255,2,23868.89247311828,68.99067972686726,2.4667882017096967,0.035853544359840166,2.5497572156142274,1.7343194289448909,0.6785074415707231,24247.436170212764,73.57300873475981,2.326342127927912,0.03165157174272063,3.2979446257540905,2.297564758663229,0.6954494311049008,6969_6859,0.5,0.5,0.0,162,2,10,1,162,1,162,0,1,161,10,429,FL-429 S,S,Freeway,0.62979724156,0.0,6969,6859,S,2,65863,4,429,25600,65863,70,62,70.0,0.00958776727525,1,24058.16432166552,71.28184423081353,2.3965651648188047,0.0337525580512804,2.923850920684159,2.01594209380406,0.686978436337812,10.088229690760366,-0.46235735019142865,0
1256,3,24460.61797752809,68.79561203168528,2.4560759171196582,0.03585728726071361,2.648855569295089,1.8058587134818327,0.6792445677459922,25076.89887640449,73.60596356581856,2.2721550414357883,0.03090037643261687,3.4158745356993934,2.3584572054634303,0.6904084425467908,6969_6859,0.0,0.0,0.0,162,2,10,1,162,1,162,0,1,161,10,429,FL-429 S,S,Freeway,0.62979724156,0.0,6969,6859,S,2,65863,4,429,25600,65863,70,62,70.0,0.00958776727525,1,24768.75842696629,71.20078779875192,2.3641154792777233,0.03337883184666524,3.032365052497241,2.0821579594726316,0.6848265051463915,10.117338397164428,-0.46235735019142865,0
1257,4,27774.36559139785,68.56938731660107,2.6010948319464675,0.03802874320012355,2.9403960285422563,2.0451537605675,0.6897124440920914,28568.301075268817,73.46084722960617,2.616736684428907,0.03575222030271988,3.880301404276103,2.749987505596866,0.7019909987554854,6969_6859,0.0,0.0,0.0,162,2,10,1,162,1,162,0,1,161,10,429,FL-429 S,S,Freeway,0.62979724156,0.0,6969,6859,S,2,65863,4,429,25600,65863,70,62,70.0,0.00958776727525,1,28171.333333333336,71.01511727310361,2.6089157581876874,0.03689048175142172,3.41034871640918,2.397570633082183,0.6958517214237885,10.246060191427034,-0.46235735019142865,0
1258,5,22565.444444444438,67.643673130147,7.565019789474916,-0.025211311725727808,2.1514999509426658,1.4500344612272689,0.6715683923424772,23411.08695652174,74.79845812002984,2.3011048049103446,0.030786620421293924,2.74453549676034,1.8475065307015528,0.6745277162258388,6969_6859,0.0,0.0,0.0,162,2,10,1,162,1,162,0,1,161,10,429,FL-429 S,S,Freeway,0.62979724156,0.0,6969,6859,S,2,65863,4,429,25600,65863,70,62,70.0,0.00958776727525,1,22988.26570048309,71.22106562508841,4.93306229719263,0.002787654347783058,2.448017723851503,1.6487704959644107,0.673048054284158,10.042739177786132,-0.46235735019142865,0
1259,6,17028.731707317074,69.91843201135372,2.8074669864825674,0.04035284893986442,1.5266234818048203,1.1851746761647266,0.7730470644438073,17559.666666666668,75.09519835916424,2.6473966286786554,0.03531595818514164,1.9419944285286288,1.5002168482659866,0.7733133087642451,6969_6859,0.0,0.0,0.0,162,2,10,1,162,1,162,0,1,161,10,429,FL-429 S,S,Freeway,0.62979724156,0.0,6969,6859,S,2,65863,4,429,25600,65863,70,62,70.0,0.00958776727525,1,17294.19918699187,72.50681518525897,2.7274318075806114,0.03783440356250303,1.7343089551667246,1.3426957622153566,0.7731801866040262,9.758126417147576,-0.46235735019142865,0
1260,0,33838.043010752684,72.28733723059145,5.274363885481876,0.07342479602058014,5.04729485312199,3.9875094296190574,0.778859081784118,33734.79569892473,66.10828086438195,3.5206984469211107,0.05338442195640509,3.761554069557069,3.1078989694029526,0.8176154199193677,6989_8464,1.5,1.5,0.0,170,2,18,1,170,1,170,0,1,169,18,429,FL-429 S,S,Freeway,0.848413117917,0.0,6989,8464,W,2,65863,4,429,53390,65863,70,58,70.0,0.013541189352799998,1,33786.41935483871,69.1978090474867,4.397531166201493,0.06340460898849261,4.404424461339529,3.547704199511005,0.7982372508517428,10.427814206494636,-0.16438759446277093,0
1261,1,34442.16842105263,71.84132151483124,6.249154143927322,0.08776498113882357,5.266801945569315,4.3360733188911595,0.8087177256446711,34328.57894736842,65.72780267478676,4.228216633796803,0.06459143682340841,4.025724756441776,3.55564018250424,0.8711394279513506,6989_8464,2.0,2.0,0.0,170,2,18,1,170,1,170,0,1,169,18,429,FL-429 S,S,Freeway,0.848413117917,0.0,6989,8464,W,2,65863,4,429,53390,65863,70,58,70.0,0.013541189352799998,1,34385.37368421053,68.78456209480899,5.238685388862063,0.07617820898111599,4.646263351005546,3.9458567506976996,0.8399285767980109,10.445386569346782,-0.16438759446277093,0
1262,2,35285.484210526316,71.59681826844984,6.413943084710403,0.09021889490889773,5.460288117716746,4.3936759516805335,0.7927601271084861,35262.34042553192,65.71459246731212,4.146322165981543,0.06328602978040437,4.103500289084324,3.525956514375056,0.8508848747274341,6989_8464,0.5,0.0,0.5,170,2,18,1,170,1,170,0,1,169,18,429,FL-429 S,S,Freeway,0.848413117917,0.0,6989,8464,W,2,65863,4,429,53390,65863,70,58,70.0,0.013541189352799998,1,35273.91231802912,68.65570536788098,5.280132625345972,0.07675246234465105,4.781894203400535,3.959816233027795,0.82182250091796,10.47089894188784,-0.16438759446277093,0
1263,3,35721.61111111112,71.69168365105261,6.129373368284807,0.08589098831150689,5.472756280075274,4.205553937413564,0.7644695408173454,35745.37078651685,65.70342101662156,4.034282750765737,0.06164008614450089,4.16730224947412,3.4992915990059075,0.8302233745376618,6989_8464,2.5,2.0,0.5,170,2,18,1,170,1,170,0,1,169,18,429,FL-429 S,S,Freeway,0.848413117917,0.0,6989,8464,W,2,65863,4,429,53390,65863,70,58,70.0,0.013541189352799998,1,35733.49094881398,68.69755233383708,5.081828059525272,0.07376553722800389,4.820029264774696,3.8524227682097356,0.7973464576775036,10.48384364982199,-0.16438759446277093,0
1264,4,39120.65957446808,70.47783605225253,7.811739308214229,0.1113143112984016,6.116650628133002,4.677194670176132,0.7614111181491138,39254.79787234042,65.78441014841914,3.4988204345062686,0.0534660667619452,4.265552821708188,3.192445338348596,0.7416375416235793,6989_8464,2.0,2.0,0.0,170,2,18,1,170,1,170,0,1,169,18,429,FL-429 S,S,Freeway,0.848413117917,0.0,6989,8464,W,2,65863,4,429,53390,65863,70,58,70.0,0.013541189352799998,1,39187.72872340425,68.13112310033583,5.655279871360248,0.0823901890301734,5.191101724920595,3.934820004262364,0.7515243298863465,10.576118934000139,-0.16438759446277093,0
1265,5,32689.13186813187,73.98805698138038,3.0756383248075307,0.04217218089257728,4.1356000649238265,2.792394995519638,0.6642126868290666,32767.153846153848,67.52063117868015,2.41515583920387,0.035825222410179214,2.9461663063508965,1.9850540466976407,0.6713867214956791,6989_8464,1.0,1.0,0.0,170,2,18,1,170,1,170,0,1,169,18,429,FL-429 S,S,Freeway,0.848413117917,0.0,6989,8464,W,2,65863,4,429,53390,65863,70,58,70.0,0.013541189352799998,1,32728.14285714286,70.75434408003026,2.7453970820057005,0.03899870165137825,3.5408831856373615,2.3887245211086396,0.6677997041623729,10.395990624582074,-0.16438759446277093,0
1266,6,25135.755813953485,74.93688577586704,2.738274244682576,0.03664160965905265,2.9786781121277888,2.1928109258061013,0.7351687924000605,25228.697674418603,68.04200154084617,2.6774059231526945,0.039401661699993935,2.1453046518180687,1.6239131301736192,0.7570274017275284,6989_8464,0.0,0.0,0.0,170,2,18,1,170,1,170,0,1,169,18,429,FL-429 S,S,Freeway,0.848413117917,0.0,6989,8464,W,2,65863,4,429,53390,65863,70,58,70.0,0.013541189352799998,1,25182.226744186046,71.4894436583566,2.7078400839176355,0.0380216356795233,2.5619913819729287,1.90836202798986,0.7460980970637945,10.133893736737852,-0.16438759446277093,0
1267,0,57437.870967741925,67.46991462637288,4.444662961909169,0.06693169275514327,4.263959371374337,3.4760341954327005,0.7981058886329276,30595.75531914893,69.38441864283782,4.220816056726247,0.0615139671476003,4.0793552510002264,3.672768859616243,0.866528194601223,7012_8458,0.5,0.0,0.5,179,2,27,1,179,1,179,0,1,178,27,429,FL-429 S,S,Freeway,0.592448460444,0.0,7012,8458,S,2,65863,4,429,81000,65863,70,44,70.0,0.0086708397753,1,44016.813143445426,68.42716663460536,4.332739509317708,0.06422282995137178,4.171657311187282,3.574401527524472,0.8323170416170753,10.692326956808817,-0.5234913963488089,0
1268,1,59268.978723404245,67.30737697726458,5.262555611181168,0.0791755403236701,4.506876754653085,3.943987152482401,0.8593216090598094,31643.07291666667,68.89343659746241,5.541853767276167,0.08129085333196187,4.4047858170070775,4.413726015976391,0.966603784914982,7012_8458,1.5,1.5,0.0,179,2,27,1,179,1,179,0,1,178,27,429,FL-429 S,S,Freeway,0.592448460444,0.0,7012,8458,S,2,65863,4,429,81000,65863,70,44,70.0,0.0086708397753,1,45456.02582003546,68.1004067873635,5.402204689228667,0.08023319682781599,4.455831285830081,4.178856584229396,0.9129626969873956,10.724500672116411,-0.5234913963488089,0
1269,2,60347.52127659576,67.03977935105216,5.501029886929071,0.08308217420251429,4.6409013703822195,3.98147645552682,0.8383534274574964,32047.473684210527,68.82142117740558,5.481033354485084,0.08049367525574443,4.4875653103210595,4.360965896568687,0.9366634248369132,7012_8458,3.5,2.5,1.0,179,2,27,1,179,1,179,0,1,178,27,429,FL-429 S,S,Freeway,0.592448460444,0.0,7012,8458,S,2,65863,4,429,81000,65863,70,44,70.0,0.0086708397753,1,46197.497480403144,67.93060026422887,5.491031620707077,0.08178792472912935,4.56423334035164,4.171221176047753,0.8875084261472048,10.7406809085119,-0.5234913963488089,0
1270,3,60141.57303370785,67.38266192586603,4.887304767367431,0.07323414994342707,4.51406251154353,3.6752929965115153,0.806456401905509,32395.122222222217,69.01463230047297,5.0507433830251465,0.07387298683361011,4.481728831997558,4.195882122853211,0.9056861585627494,7012_8458,1.0,0.5,0.5,179,2,27,1,179,1,179,0,1,178,27,429,FL-429 S,S,Freeway,0.592448460444,0.0,7012,8458,S,2,65863,4,429,81000,65863,70,44,70.0,0.0086708397753,1,46268.347627965035,68.1986471131695,4.969024075196289,0.07355356838851859,4.497895671770545,3.9355875596823635,0.8560712802341293,10.742213369743276,-0.5234913963488089,0
1271,4,66936.21505376344,67.03943576269131,4.426247005667575,0.06668264468426968,4.646373405737153,3.4301526245871696,0.7291881896769408,34550.22340425532,69.17790850191493,4.083571896340743,0.05984608935572906,4.489848320789246,3.5887438893391663,0.7750409214033132,7012_8458,0.5,0.5,0.0,179,2,27,1,179,1,179,0,1,178,27,429,FL-429 S,S,Freeway,0.592448460444,0.0,7012,8458,S,2,65863,4,429,81000,65863,70,44,70.0,0.0086708397753,1,50743.21922900938,68.10867213230313,4.254909451004159,0.06326436701999938,4.5681108632631995,3.509448256963168,0.752114555540127,10.834533276726209,-0.5234913963488089,0
1272,5,51921.79120879121,68.19915827222331,3.2652514321507824,0.04864300341617732,3.073407752499966,1.9334500057391977,0.6279014247311218,26638.880434782608,70.50765561921862,2.0538195092432607,0.02932714344704424,2.9373152868664065,1.883964530978557,0.6187880076180862,7012_8458,0.0,0.0,0.0,179,2,27,1,179,1,179,0,1,178,27,429,FL-429 S,S,Freeway,0.592448460444,0.0,7012,8458,S,2,65863,4,429,81000,65863,70,44,70.0,0.0086708397753,1,39280.33582178691,69.35340694572096,2.659535470697022,0.03898507343161078,3.005361519683186,1.9087072683588775,0.623344716174604,10.57847931186635,-0.5234913963488089,0
1273,6,39335.058139534885,69.03561347743565,3.3950898800704152,0.04956672453957851,2.2928944409785785,1.6040731824919372,0.705151080439715,20764.83908045977,70.78258711571182,2.218070171515342,0.031399163832027684,2.195194868727784,1.5289055493474455,0.6932309570641545,7012_8458,1.5,1.5,0.0,179,2,27,1,179,1,179,0,1,178,27,429,FL-429 S,S,Freeway,0.592448460444,0.0,7012,8458,S,2,65863,4,429,81000,65863,70,44,70.0,0.0086708397753,1,30049.94860999733,69.90910029657374,2.8065800257928784,0.0404829441858031,2.244044654853181,1.5664893659196912,0.6991910187519348,10.310616229812052,-0.5234913963488089,0
1274,0,18537.31182795699,73.68167457515554,2.980928841157821,0.04045604849806305,2.6528135976979383,1.7119866799906642,0.6470489396458525,19305.23404255319,69.38769747248921,2.6340810143208837,0.03799606104388779,1.85308345594321,1.2972497477856335,0.7035788318666968,8035_9704,0.5,0.0,0.5,159,2,7,1,159,1,159,0,1,158,7,429,FL-429 S,S,Freeway,1.24378829138,0.0,8035,9704,S,2,65863,4,429,25600,65863,70,65,70.0,0.0187304846288,1,18921.27293525509,71.53468602382237,2.8075049277393527,0.03922605477097542,2.2529485268205742,1.5046182138881488,0.6753138857562746,9.848042120218741,0.21816179605595032,0
1275,1,18823.55789473684,73.44360892909465,3.055102884915516,0.0415928185887808,2.7042716609686592,1.7451401061257588,0.6467102620245629,19772.191489361703,69.2580492417372,2.668510987092481,0.038529053488243314,1.8883341120617243,1.3229647631739756,0.7021653370197077,8035_9704,0.0,0.0,0.0,159,2,7,1,159,1,159,0,1,158,7,429,FL-429 S,S,Freeway,1.24378829138,0.0,8035,9704,S,2,65863,4,429,25600,65863,70,65,70.0,0.0187304846288,1,19297.87469204927,71.35082908541592,2.8618069360039984,0.04006093603851206,2.2963028865151918,1.5340524346498672,0.6744377995221353,9.86775024924643,0.21816179605595032,0
1276,2,19342.127659574468,73.59182846670517,2.9690997558244243,0.04035087104370146,2.7909960468102284,1.7726580470852171,0.6343747657971849,20234.421052631584,69.27481870992787,2.5598161645461546,0.036963202701843806,1.9550532958573037,1.3396241855992213,0.684364221996517,8035_9704,0.0,0.0,0.0,159,2,7,1,159,1,159,0,1,158,7,429,FL-429 S,S,Freeway,1.24378829138,0.0,8035,9704,S,2,65863,4,429,25600,65863,70,65,70.0,0.0187304846288,1,19788.274356103026,71.43332358831651,2.7644579601852897,0.03865703687277264,2.373024671333766,1.5561411163422192,0.659369493896851,9.892844837023215,0.21816179605595032,0
1277,3,20180.38202247191,73.58356927376934,2.89934776673723,0.039401621530289706,2.8968641533274817,1.8241440305538248,0.6311206431147167,21137.577777777777,69.31687513361521,2.5664055574224385,0.03706293645755738,2.0343311333529,1.389789213391276,0.6825463009679221,8035_9704,0.0,0.0,0.0,159,2,7,1,159,1,159,0,1,158,7,429,FL-429 S,S,Freeway,1.24378829138,0.0,8035,9704,S,2,65863,4,429,25600,65863,70,65,70.0,0.0187304846288,1,20658.979900124843,71.45022220369228,2.732876662079834,0.03823227899392354,2.4655976433401907,1.6069666219725502,0.6568334720413194,9.935905365855623,0.21816179605595032,0
1278,4,23330.021276595744,73.5066079198008,2.837451262217661,0.03860083949348359,3.2544271672500784,2.0145331553268666,0.6201432796589371,24692.563829787247,69.15706076471669,2.529414586416573,0.03660189102923928,2.320397338446236,1.5432023086149256,0.6668899203253281,8035_9704,0.0,0.0,0.0,159,2,7,1,159,1,159,0,1,158,7,429,FL-429 S,S,Freeway,1.24378829138,0.0,8035,9704,S,2,65863,4,429,25600,65863,70,65,70.0,0.0187304846288,1,24011.292553191495,71.33183434225874,2.683432924317117,0.03760136526136144,2.7874122528481573,1.778867731970896,0.6435165999921326,10.086279521718469,0.21816179605595032,0
1279,5,19319.285714285714,74.35924187290486,2.948104063150344,0.03964649615302869,2.401169136289804,1.4695495989743594,0.6108262971164442,20351.717391304348,70.1364006904024,2.723363909071321,0.03885304819349878,1.6625377876550445,1.1089809204398569,0.667428109265214,8035_9704,0.0,0.0,0.0,159,2,7,1,159,1,159,0,1,158,7,429,FL-429 S,S,Freeway,1.24378829138,0.0,8035,9704,S,2,65863,4,429,25600,65863,70,65,70.0,0.0187304846288,1,19835.50155279503,72.24782128165363,2.8357339861108324,0.03924977217326374,2.0318534619724242,1.2892652597071081,0.639127203190829,9.895228618880063,0.21816179605595032,0
1280,6,14151.779069767445,74.48036970244767,3.384867952673829,0.04545704480870046,1.7502608373087425,1.2043980270393622,0.6876122919808202,15123.459770114943,70.71286268613959,3.2709110214989137,0.046326142248044856,1.204693274649674,0.9026716136246896,0.7514963036823186,8035_9704,1.0,0.5,0.5,159,2,7,1,159,1,159,0,1,158,7,429,FL-429 S,S,Freeway,1.24378829138,0.0,8035,9704,S,2,65863,4,429,25600,65863,70,65,70.0,0.0187304846288,1,14637.619419941195,72.59661619429363,3.327889487086371,0.04589159352837266,1.4774770559792083,1.0535348203320258,0.7195542978315694,9.591350166365686,0.21816179605595032,0
1281,0,28442.170212765963,69.45600683039149,2.195922436587528,0.03172142857751866,1.905023306901631,1.4722201159778447,0.7664853628001953,28185.627659574468,72.67392701844881,2.426742102003148,0.03355535517351604,2.1659977079800696,1.6095721830051208,0.7324932276520965,8339_6255,0.0,0.0,0.0,185,2,33,1,185,1,185,0,1,184,33,429,FL-429 S,S,Freeway,0.252299707485,0.0,8339,6255,S,2,65863,4,451,13600,65863,70,50,70.0,0.00369409810363,1,28313.898936170215,71.06496692442015,2.311332269295338,0.03263839187551735,2.03551050744085,1.5408961494914828,0.7494892952261458,10.251108091553787,-1.3771375827293761,0
1282,1,29718.59375,69.45782217279131,2.321625225482756,0.03349089891233165,1.9732272024634827,1.5615522850123174,0.7820986130059011,29559.51041666667,72.64731206296119,2.8033304441435423,0.03872582256358215,2.2611638297794774,1.7640008107318188,0.7674601293581458,8339_6255,1.0,1.0,0.0,185,2,33,1,185,1,185,0,1,184,33,429,FL-429 S,S,Freeway,0.252299707485,0.0,8339,6255,S,2,65863,4,451,13600,65863,70,50,70.0,0.00369409810363,1,29639.052083333336,71.05256711787625,2.562477834813149,0.0361083607379569,2.11719551612148,1.6627765478720682,0.7747793711820234,10.29684809790447,-1.3771375827293761,0
1283,2,29908.663157894738,69.44118773479218,2.5095534974938865,0.036389803391115146,2.0504708677535155,1.7177685071003803,0.8056781141868983,29690.073684210518,72.62388980607307,2.8752751050856884,0.03993080080654966,2.3423955116381956,1.8852292984560663,0.7709009388425399,8339_6255,0.0,0.0,0.0,185,2,33,1,185,1,185,0,1,184,33,429,FL-429 S,S,Freeway,0.252299707485,0.0,8339,6255,S,2,65863,4,451,13600,65863,70,50,70.0,0.00369409810363,1,29799.368421052626,71.03253877043262,2.692414301289787,0.03816030209883241,2.1964331896958553,1.8014989027782233,0.7882895265147191,10.302242478344493,-1.3771375827293761,0
1284,3,30461.7,69.45770786011846,2.1979458036352018,0.031746980817647506,2.0637208248302583,1.582518613232124,0.7572434549956832,30486.044943820223,72.65058456088705,2.6021127538192945,0.03599591255543758,2.3434372383993183,1.7722669823942034,0.7401674579712885,8339_6255,0.0,0.0,0.0,185,2,33,1,185,1,185,0,1,184,33,429,FL-429 S,S,Freeway,0.252299707485,0.0,8339,6255,S,2,65863,4,451,13600,65863,70,50,70.0,0.00369409810363,1,30473.872471910112,71.05414621050275,2.4000292787272484,0.033871446686542545,2.2035790316147885,1.6773927978131637,0.7487054564834859,10.32462495520431,-1.3771375827293761,0
1285,4,32615.234042553187,69.28019587589338,2.500453402461376,0.036498814988628885,2.2473703997722074,1.7745149368632591,0.7493219069023875,32492.308510638297,72.43893642716831,2.9195957232626317,0.04091188608146897,2.5519874172574326,1.9849824163815384,0.7305248478024575,8339_6255,0.0,0.0,0.0,185,2,33,1,185,1,185,0,1,184,33,429,FL-429 S,S,Freeway,0.252299707485,0.0,8339,6255,S,2,65863,4,451,13600,65863,70,50,70.0,0.00369409810363,1,32553.77127659574,70.85956615153086,2.710024562862004,0.03870535053504893,2.39967890851482,1.8797486766223988,0.7399233773524225,10.390648501957472,-1.3771375827293761,0
1286,5,24892.9010989011,70.05874613288277,2.226572167482812,0.03189193928784585,1.410218272980988,0.9648632815400404,0.6830260775867812,24961.835164835167,73.24226447343453,2.4539249956171347,0.03377018231405026,1.689026099414206,1.1656007043651728,0.6494632423931185,8339_6255,0.0,0.0,0.0,185,2,33,1,185,1,185,0,1,184,33,429,FL-429 S,S,Freeway,0.252299707485,0.0,8339,6255,S,2,65863,4,451,13600,65863,70,50,70.0,0.00369409810363,1,24927.368131868134,71.65050530315865,2.3402485815499734,0.03283106080094805,1.549622186197597,1.0652319929526066,0.6662446599899499,10.123721600622488,-1.3771375827293761,0
1287,6,19387.406976744187,70.15838952131269,2.402031870383538,0.0342745018600522,1.0259775702959095,0.7858401618804328,0.7710260895926974,19521.809523809523,73.35186840826906,2.6259255257666756,0.03584699630592415,1.2229799058729511,0.8845192026934269,0.7233687540241909,8339_6255,0.0,0.0,0.0,185,2,33,1,185,1,185,0,1,184,33,429,FL-429 S,S,Freeway,0.252299707485,0.0,8339,6255,S,2,65863,4,451,13600,65863,70,50,70.0,0.00369409810363,1,19454.608250276855,71.75512896479087,2.513978698075107,0.035060749082988174,1.1244787380844303,0.8351796822869298,0.7471974218084441,9.875839249018378,-1.3771375827293761,0
1288,0,34865.72340425532,68.48098802436473,3.695667836621056,0.054192491917975885,3.5142620083628007,2.678343394784225,0.7555659692903977,36596.81111111112,58.7940669397657,4.770343166869804,0.08126415096070297,4.370682479327607,3.262431569813944,0.7412454824613357,8395_8429,1.0,0.5,0.5,175,2,23,1,175,1,175,0,1,174,23,429,FL-429 S,S,Freeway,0.373292190617,0.0,8395,8429,S,2,65863,4,429,64500,65863,70,98,70.0,0.00542352822207,1,35731.26725768322,63.63752748206522,4.2330055017454296,0.06772832143933943,3.942472243845204,2.9703874822990843,0.7484057258758667,10.483781417997877,-0.9853938131384453,0
1289,1,36079.38541666666,68.22881289951967,4.1868381357386735,0.06160458710181545,3.6615254579573913,2.8964019852456135,0.7827325385355918,36798.37634408602,57.67570177245443,13.807112404109676,-0.2842110700711978,4.598921295091481,3.602123910080588,0.7755720558248568,8395_8429,0.5,0.5,0.0,175,2,23,1,175,1,175,0,1,174,23,429,FL-429 S,S,Freeway,0.373292190617,0.0,8395,8429,S,2,65863,4,429,64500,65863,70,98,70.0,0.00542352822207,1,36438.88088037634,62.95225733598705,8.996975269924175,-0.11130324148469117,4.130223376524436,3.2492629476631008,0.7791522971802243,10.503391639606363,-0.9853938131384453,0
1290,2,36459.673684210524,68.11968295709097,4.226414113677059,0.06231588420952864,3.7454690889905673,2.9302848670334822,0.7740199433529605,37899.70652173913,58.18994287084404,7.3703700778321695,0.15690277771384287,4.677746574906916,3.59592308111008,0.7612832461883482,8395_8429,0.0,0.0,0.0,175,2,23,1,175,1,175,0,1,174,23,429,FL-429 S,S,Freeway,0.373292190617,0.0,8395,8429,S,2,65863,4,429,64500,65863,70,98,70.0,0.00542352822207,1,37179.690102974826,63.154812913967504,5.798392095754615,0.10960933096168575,4.211607831948742,3.263103974071781,0.7676515947706544,10.523517926194298,-0.9853938131384453,0
1291,3,37039.213483146064,68.04413739331999,4.113124808590165,0.060758316383924614,3.8055293044058542,2.8924359450194306,0.7530976351739836,37307.57647058823,57.24130365566062,11.916978105566898,-0.09077813160835983,4.792421964845058,3.668154253488828,0.76062801821906,8395_8429,1.0,1.0,0.0,175,2,23,1,175,1,175,0,1,174,23,429,FL-429 S,S,Freeway,0.373292190617,0.0,8395,8429,S,2,65863,4,429,64500,65863,70,98,70.0,0.00542352822207,1,37173.394976867145,62.6427205244903,8.015051457078531,-0.01500990761221761,4.298975634625457,3.280295099254129,0.7568628266965218,10.523348595597835,-0.9853938131384453,0
1292,4,39481.617021276594,67.86617718737635,3.861832916377901,0.057130931431069176,3.967145036933617,2.775770697864223,0.6964417054370923,38187.53333333333,57.67511560822895,8.341891588763371,0.27079012476495146,4.957017971563187,3.3711329047767937,0.6799695567547893,8395_8429,0.0,0.0,0.0,175,2,23,1,175,1,175,0,1,174,23,429,FL-429 S,S,Freeway,0.373292190617,0.0,8395,8429,S,2,65863,4,429,64500,65863,70,98,70.0,0.00542352822207,1,38834.57517730496,62.77064639780265,6.101862252570636,0.16396052809801032,4.462081504248402,3.073451801320508,0.6882056310959408,10.567066241623191,-0.9853938131384453,0
1293,5,30714.402173913037,69.77947430009738,2.4927161765027868,0.03588700423572814,2.640535447446531,1.6209487549786654,0.6140059558271023,32035.44827586207,59.849875279361115,3.8569582488182728,0.06457280919188417,3.2481901078614026,1.9443627687320504,0.5943859009898546,8395_8429,0.0,0.0,0.0,175,2,23,1,175,1,175,0,1,174,23,429,FL-429 S,S,Freeway,0.373292190617,0.0,8395,8429,S,2,65863,4,429,64500,65863,70,98,70.0,0.00542352822207,1,31374.925224887553,64.81467478972925,3.1748372126605298,0.05022990671380616,2.944362777653967,1.782655761855358,0.6041959284084784,10.35376429316073,-0.9853938131384453,0
1294,6,24072.62068965517,70.69290153808586,2.7169914462249523,0.03850190769302512,2.0352978397324413,1.3810474844393077,0.6791342813069504,24472.878048780487,61.05812799366354,4.4659810487697404,0.07317088182133318,2.4409465845956038,1.6122695492731045,0.6576536881998671,8395_8429,0.0,0.0,0.0,175,2,23,1,175,1,175,0,1,174,23,429,FL-429 S,S,Freeway,0.373292190617,0.0,8395,8429,S,2,65863,4,429,64500,65863,70,98,70.0,0.00542352822207,1,24272.74936921783,65.8755147658747,3.5914862474973464,0.05583639475717915,2.2381222121640225,1.496658516856206,0.6683939847534088,10.09710957492591,-0.9853938131384453,0
1295,0,37220.170731707316,69.42520123072828,2.834813029760185,0.04089195259494957,3.831498400800008,2.833303068639037,0.7354207299474659,32859.62765957447,68.50134032557057,3.4953915013505914,0.05112154664866034,2.6164297622696275,2.304631563014324,0.8659594115543494,8423_8507,0.0,0.0,0.0,169,2,17,1,169,1,169,0,1,168,17,429,FL-429 S,S,Freeway,0.580105995913,0.0,8423,8507,S,2,65863,4,429,70581,65863,70,102,70.0,0.0084475048407,1,35039.89919564089,68.96327077814942,3.1651022655553884,0.046006749621804954,3.2239640815348176,2.5689673158266806,0.8006900707509077,10.464242668209458,-0.5445444405645687,0
1296,1,38332.15476190476,69.06208323955677,3.2385808767691184,0.0472983425215644,3.994296423005712,2.9743404316765982,0.7424837824315639,33916.677083333336,68.3708615895802,3.6565437454339813,0.05369871569532849,2.7337372704192404,2.495037290265386,0.8890898757072634,8423_8507,1.0,0.5,0.5,169,2,17,1,169,1,169,0,1,168,17,429,FL-429 S,S,Freeway,0.580105995913,0.0,8423,8507,S,2,65863,4,429,70581,65863,70,102,70.0,0.0084475048407,1,36124.41592261905,68.71647241456849,3.44756231110155,0.05049852910844645,3.3640168467124765,2.734688860970992,0.8157868290694137,10.494724257052027,-0.5445444405645687,0
1297,2,38188.75903614458,68.33112540884206,3.127113571718144,0.045328281137218485,5.0979007601067305,3.0061315267208397,0.7375275410227553,34411.378947368416,68.27514152329199,3.8376352608616884,0.05635690632396281,2.82328460971623,2.6274879143643903,0.9115180833624128,8423_8507,1.5,1.5,0.0,169,2,17,1,169,1,169,0,1,168,17,429,FL-429 S,S,Freeway,0.580105995913,0.0,8423,8507,S,2,65863,4,429,70581,65863,70,102,70.0,0.0084475048407,1,36300.068991756496,68.30313346606702,3.4823744162899164,0.05084259373059065,3.9605926849114805,2.816809720542615,0.824522812192584,10.499574920850488,-0.5445444405645687,0
1298,3,38272.54878048781,69.1022492781968,3.2519143896154947,0.04716385964842119,4.064064677677509,2.9755736844470286,0.7202200510017246,34789.95555555556,68.30779627874307,3.589392550358553,0.052723067473160086,2.830277240584828,2.50849138496815,0.8691257724249315,8423_8507,2.0,1.0,1.0,169,2,17,1,169,1,169,0,1,168,17,429,FL-429 S,S,Freeway,0.580105995913,0.0,8423,8507,S,2,65863,4,429,70581,65863,70,102,70.0,0.0084475048407,1,36531.25216802169,68.70502277846992,3.420653469987024,0.04994346356079064,3.4471709591311686,2.7420325347075893,0.794672911713328,10.50592339700152,-0.5445444405645687,0
1299,4,41548.170731707316,69.03760370525846,2.8868739664077525,0.041887735471496886,4.287007528938502,2.9754162996720117,0.7057634797875046,37500.5,68.3132842730799,3.2706598507060947,0.04809500339655184,2.921243551633864,2.2459776564596083,0.7536974092657878,8423_8507,2.0,1.0,1.0,169,2,17,1,169,1,169,0,1,168,17,429,FL-429 S,S,Freeway,0.580105995913,0.0,8423,8507,S,2,65863,4,429,70581,65863,70,102,70.0,0.0084475048407,1,39524.33536585366,68.67544398916918,3.078766908556924,0.04499136943402436,3.6041255402861827,2.61069697806581,0.7297304445266461,10.584671846398116,-0.5445444405645687,0
1300,5,32963.6582278481,70.48417818448935,2.7235226708895754,0.03882014047563361,2.939295879969446,1.7801588817885816,0.6022147405490573,29455.53846153846,69.3004034458525,3.1132259319426687,0.044965974950842834,1.8951441219761047,1.1757039274926224,0.6213921841103747,8423_8507,2.0,1.5,0.5,169,2,17,1,169,1,169,0,1,168,17,429,FL-429 S,S,Freeway,0.580105995913,0.0,8423,8507,S,2,65863,4,429,70581,65863,70,102,70.0,0.0084475048407,1,31209.59834469328,69.89229081517092,2.9183743014161223,0.04189305771323822,2.4172200009727756,1.477931404640602,0.6118034623297159,10.348480965739311,-0.5445444405645687,0
1301,6,25557.24,71.02967115111555,3.2532531557850115,0.045832940331426514,2.27191223996333,1.7096004576986197,0.6893410276381059,22857.63218390804,69.38550194087871,3.5360196677606126,0.051005406922905984,1.4106573888082277,0.9959011467504608,0.7075937898452576,8423_8507,1.0,0.5,0.5,169,2,17,1,169,1,169,0,1,168,17,429,FL-429 S,S,Freeway,0.580105995913,0.0,8423,8507,S,2,65863,4,429,70581,65863,70,102,70.0,0.0084475048407,1,24207.43609195402,70.20758654599713,3.394636411772812,0.048419173627166245,1.8412848143857787,1.3527508022245402,0.6984674087416818,10.09441514147204,-0.5445444405645687,0
1302,0,30595.75531914893,69.38441864283782,4.220816056726247,0.0615139671476003,4.0793552510002264,3.672768859616243,0.866528194601223,35236.021505376346,67.8922698076887,5.1583182524704325,0.07691021537511357,3.7241541038389885,3.7895940267428414,0.9702793577747432,8458_8393,0.5,0.0,0.5,176,2,24,1,176,1,176,0,1,175,24,429,FL-429 S,S,Freeway,0.671556703433,0.0,8458,8393,W,2,65863,4,429,72601,65863,70,42,70.0,0.010776328713,1,32915.88841226264,68.63834422526327,4.68956715459834,0.06921209126135694,3.9017546774196075,3.7311814431795423,0.9184037761879831,10.401710750643986,-0.39815682364575095,0
1303,1,31643.07291666667,68.89343659746241,5.541853767276167,0.08129085333196187,4.4047858170070775,4.413726015976391,0.966603784914982,36113.302083333336,67.39860315440771,6.4776701146214855,0.09695863024978824,4.031185940235444,4.423757370680346,1.05810187652934,8458_8393,2.0,1.0,1.0,176,2,24,1,176,1,176,0,1,175,24,429,FL-429 S,S,Freeway,0.671556703433,0.0,8458,8393,W,2,65863,4,429,72601,65863,70,42,70.0,0.010776328713,1,33878.1875,68.14601987593505,6.009761940948826,0.08912474179087505,4.217985878621261,4.418741693328369,1.012352830722161,10.430526649696215,-0.39815682364575095,0
1304,2,32047.473684210527,68.82142117740558,5.481033354485084,0.08049367525574443,4.4875653103210595,4.360965896568687,0.9366634248369132,36896.47368421053,67.271985275894,6.615375905031914,0.0994465021958906,4.14862862211541,4.524216973680013,1.0470995430996417,8458_8393,0.5,0.5,0.0,176,2,24,1,176,1,176,0,1,175,24,429,FL-429 S,S,Freeway,0.671556703433,0.0,8458,8393,W,2,65863,4,429,72601,65863,70,42,70.0,0.010776328713,1,34471.97368421053,68.04670322664978,6.048204629758499,0.08997008872581752,4.318096966218235,4.44259143512435,0.9918814839682775,10.447901915899308,-0.39815682364575095,0
1305,3,32395.122222222217,69.01463230047297,5.0507433830251465,0.07387298683361011,4.481728831997558,4.195882122853211,0.9056861585627494,37404.08888888889,67.42640711340081,6.2566553994011525,0.0936514158018283,4.11970723520419,4.353830799276423,1.0175980110368728,8458_8393,1.0,1.0,0.0,176,2,24,1,176,1,176,0,1,175,24,429,FL-429 S,S,Freeway,0.671556703433,0.0,8458,8393,W,2,65863,4,429,72601,65863,70,42,70.0,0.010776328713,1,34899.60555555555,68.2205197069369,5.6536993912131495,0.0837622013177192,4.300718033600875,4.274856461064817,0.9616420847998111,10.46023080599357,-0.39815682364575095,0
1306,4,34550.22340425532,69.17790850191493,4.083571896340743,0.05984608935572906,4.489848320789246,3.5887438893391663,0.7750409214033132,39691.13829787234,67.65823847840865,5.206077892028512,0.07803897312773922,4.160690204054004,3.7952304854919783,0.877909171448764,8458_8393,0.5,0.5,0.0,176,2,24,1,176,1,176,0,1,175,24,429,FL-429 S,S,Freeway,0.671556703433,0.0,8458,8393,W,2,65863,4,429,72601,65863,70,42,70.0,0.010776328713,1,37120.68085106383,68.41807349016179,4.6448248941846275,0.06894253124173413,4.3252692624216245,3.691987187415572,0.8264750464260386,10.52192952862481,-0.39815682364575095,0
1307,5,26638.880434782608,70.50765561921862,2.0538195092432607,0.02932714344704424,2.9373152868664065,1.883964530978557,0.6187880076180862,30937.24175824176,69.68971936257144,2.013618432617354,0.02897379623063072,2.501150506260936,1.6129630235910828,0.6439079123537438,8458_8393,0.5,0.5,0.0,176,2,24,1,176,1,176,0,1,175,24,429,FL-429 S,S,Freeway,0.671556703433,0.0,8458,8393,W,2,65863,4,429,72601,65863,70,42,70.0,0.010776328713,1,28788.06109651218,70.09868749089503,2.033718970930307,0.029150469838837477,2.719232896563671,1.74846377728482,0.631347959985915,10.267716034916404,-0.39815682364575095,0
1308,6,20764.83908045977,70.78258711571182,2.218070171515342,0.031399163832027684,2.195194868727784,1.5289055493474455,0.6932309570641545,24205.63953488372,69.88980680565405,2.3262806831219627,0.03340169333124439,1.8577847831800856,1.367295261115569,0.7317403224866594,8458_8393,0.0,0.0,0.0,176,2,24,1,176,1,176,0,1,175,24,429,FL-429 S,S,Freeway,0.671556703433,0.0,8458,8393,W,2,65863,4,429,72601,65863,70,42,70.0,0.010776328713,1,22485.239307671745,70.33619696068294,2.2721754273186523,0.03240042858163604,2.026489825953935,1.4481004052315072,0.7124856397754069,10.020614342140021,-0.39815682364575095,0
1309,0,33734.79569892473,66.10828086438195,3.5206984469211107,0.05338442195640509,3.761554069557069,3.1078989694029526,0.8176154199193677,19224.8023255814,73.43976377154735,3.449513817324955,0.0787596951436217,2.4277751926397664,1.8184607551330203,0.83899817782834,8464_8492,0.5,0.0,0.5,165,2,13,1,165,1,165,0,1,164,13,429,FL-429 S,S,Freeway,0.967510003583,0.0,8464,8492,W,2,65863,4,429,25600,65863,70,86,70.0,0.015481832621799996,1,26479.79901225307,69.77402231796465,3.4851061321230326,0.0660720585500134,3.094664631098418,2.4631798622679866,0.8283067988738538,10.184137419850428,-0.033029514510981864,0
1310,1,34328.57894736842,65.72780267478676,4.228216633796803,0.06459143682340841,4.025724756441776,3.55564018250424,0.8711394279513506,19506.875,73.49503554946735,3.471382956176868,0.0643853763446503,2.7686287960395144,2.018414714737548,0.8547784676910507,8464_8492,1.0,0.0,1.0,165,2,13,1,165,1,165,0,1,164,13,429,FL-429 S,S,Freeway,0.967510003583,0.0,8464,8492,W,2,65863,4,429,25600,65863,70,86,70.0,0.015481832621799996,1,26917.72697368421,69.61141911212705,3.8497997949868354,0.06448840658402935,3.397176776240645,2.7870274486208944,0.8629589478212006,10.200540343852118,-0.033029514510981864,0
1311,2,35262.34042553192,65.71459246731212,4.146322165981543,0.06328602978040437,4.103500289084324,3.525956514375056,0.8508848747274341,19952.93023255814,73.54392056871949,3.3567004199455144,0.058780206425938376,2.6897199440106903,1.9769957379414247,0.8055781984266919,8464_8492,0.0,0.0,0.0,165,2,13,1,165,1,165,0,1,164,13,429,FL-429 S,S,Freeway,0.967510003583,0.0,8464,8492,W,2,65863,4,429,25600,65863,70,86,70.0,0.015481832621799996,1,27607.635329045028,69.62925651801581,3.751511292963529,0.06103311810317137,3.396610116547507,2.7514761261582406,0.8282315365770629,10.225847655803504,-0.033029514510981864,0
1312,3,35745.37078651685,65.70342101662156,4.034282750765737,0.06164008614450089,4.16730224947412,3.4992915990059075,0.8302233745376618,20513.85185185185,72.67017502649664,3.0451752574494138,0.05666053420076261,4.171094214739465,1.639100815734463,0.8155559298496508,8464_8492,0.5,0.0,0.5,165,2,13,1,165,1,165,0,1,164,13,429,FL-429 S,S,Freeway,0.967510003583,0.0,8464,8492,W,2,65863,4,429,25600,65863,70,86,70.0,0.015481832621799996,1,28129.611319184347,69.1867980215591,3.539729004107575,0.059150310172631754,4.169198232106792,2.5691962073701853,0.8228896521936563,10.244578084082518,-0.033029514510981864,0
1313,4,39254.79787234042,65.78441014841914,3.4988204345062686,0.0534660667619452,4.265552821708188,3.192445338348596,0.7416375416235793,23415.107142857134,73.62637680012772,3.724562153074975,0.06201775250229341,3.2253294334432887,1.91805993821766,0.8517168603863745,8464_8492,1.0,0.5,0.5,165,2,13,1,165,1,165,0,1,164,13,429,FL-429 S,S,Freeway,0.967510003583,0.0,8464,8492,W,2,65863,4,429,25600,65863,70,86,70.0,0.015481832621799996,1,31334.952507598777,69.70539347427342,3.6116912937906216,0.05774190963211931,3.7454411275757384,2.555252638283128,0.796677201004977,10.352489447023313,-0.033029514510981864,0
1314,5,32767.153846153848,67.52063117868015,2.41515583920387,0.035825222410179214,2.9461663063508965,1.9850540466976407,0.6713867214956791,19069.73809523809,72.16977050789812,3.6851439820205862,0.0960829228752963,4.544378785556726,2.162791727004484,0.7876373512041221,8464_8492,1.0,1.0,0.0,165,2,13,1,165,1,165,0,1,164,13,429,FL-429 S,S,Freeway,0.967510003583,0.0,8464,8492,W,2,65863,4,429,25600,65863,70,86,70.0,0.015481832621799996,1,25918.445970695968,69.84520084328913,3.050149910612228,0.06595407264273775,3.7452725459538114,2.0739228868510624,0.7295120363499006,10.162710193834588,-0.033029514510981864,0
1315,6,25228.697674418603,68.04200154084617,2.6774059231526945,0.039401661699993935,2.1453046518180687,1.6239131301736192,0.7570274017275284,14603.085365853658,72.45031406526654,3.5237714847037624,0.09879768633361656,2.978017592155404,1.9925285033627955,0.8166532271077881,8464_8492,0.0,0.0,0.0,165,2,13,1,165,1,165,0,1,164,13,429,FL-429 S,S,Freeway,0.967510003583,0.0,8464,8492,W,2,65863,4,429,25600,65863,70,86,70.0,0.015481832621799996,1,19915.89152013613,70.24615780305635,3.1005887039282287,0.06909967401680525,2.5616611219867362,1.8082208167682072,0.7868403144176582,9.899273260877191,-0.033029514510981864,0
1316,0,19224.8023255814,73.43976377154735,3.449513817324955,0.0787596951436217,2.4277751926397664,1.8184607551330203,0.83899817782834,23263.43956043956,73.79130538971954,2.259853083253145,0.03065102625610372,3.2277455213419812,2.3010011306357945,0.7147468441071866,8492_6233,0.5,0.0,0.5,161,2,9,1,161,1,161,0,1,160,9,429,FL-429 S,S,Freeway,0.427864777443,0.0,8492,6233,S,2,65863,4,429,25600,65863,70,61,70.0,0.007005944767229999,1,21244.12094301048,73.61553458063344,2.85468345028905,0.05470536069986271,2.827760356990874,2.0597309428844075,0.7768725109677632,9.963835474569319,-0.84894807387381,0
1317,1,19506.875,73.49503554946735,3.471382956176868,0.0643853763446503,2.7686287960395144,2.018414714737548,0.8547784676910507,23568.075268817203,73.64316332664094,2.45871165429027,0.033468415789056793,3.290080705163988,2.363155485917692,0.7182383008338219,8492_6233,0.0,0.0,0.0,161,2,9,1,161,1,161,0,1,160,9,429,FL-429 S,S,Freeway,0.427864777443,0.0,8492,6233,S,2,65863,4,429,25600,65863,70,61,70.0,0.007005944767229999,1,21537.475134408603,73.56909943805414,2.9650473052335693,0.04892689606685355,3.029354750601751,2.19078510032762,0.7865083842624363,9.977549726310091,-0.84894807387381,0
1318,2,19952.93023255814,73.54392056871949,3.3567004199455144,0.058780206425938376,2.6897199440106903,1.9769957379414247,0.8055781984266919,24296.09782608696,73.53930073075311,2.5626703057116558,0.03508851309125061,3.4505633111377416,2.4952682224642477,0.7145247866705554,8492_6233,0.5,0.0,0.5,161,2,9,1,161,1,161,0,1,160,9,429,FL-429 S,S,Freeway,0.427864777443,0.0,8492,6233,S,2,65863,4,429,25600,65863,70,61,70.0,0.007005944767229999,1,22124.51402932255,73.5416106497363,2.9596853628285853,0.046934359758594495,3.070141627574216,2.236131980202836,0.7600514925486237,10.00444150485852,-0.84894807387381,0
1319,3,20513.85185185185,72.67017502649664,3.0451752574494138,0.05666053420076261,4.171094214739465,1.639100815734463,0.8155559298496508,25123.20930232558,73.66266845022467,2.275103033289777,0.030941467150835025,3.5234243035920496,2.4677986524726023,0.6989711473640043,8492_6233,0.5,0.5,0.0,161,2,9,1,161,1,161,0,1,160,9,429,FL-429 S,S,Freeway,0.427864777443,0.0,8492,6233,S,2,65863,4,429,25600,65863,70,61,70.0,0.007005944767229999,1,22818.530577088713,73.16642173836065,2.6601391453695955,0.04380100067579882,3.8472592591657575,2.0534497341035327,0.7572635386068276,10.035328229453631,-0.84894807387381,0
1320,4,23415.107142857134,73.62637680012772,3.724562153074975,0.06201775250229341,3.2253294334432887,1.91805993821766,0.8517168603863745,28559.582417582416,73.44751170781655,2.708432725535345,0.037283410253537916,4.031020148893297,2.8633600049069314,0.7039382755599374,8492_6233,0.5,0.0,0.5,161,2,9,1,161,1,161,0,1,160,9,429,FL-429 S,S,Freeway,0.427864777443,0.0,8492,6233,S,2,65863,4,429,25600,65863,70,61,70.0,0.007005944767229999,1,25987.344780219777,73.53694425397214,3.2164974393051597,0.04965058137791566,3.6281747911682927,2.3907099715622957,0.7778275679731559,10.165364959285315,-0.84894807387381,0
1321,5,19069.73809523809,72.16977050789812,3.6851439820205862,0.0960829228752963,4.544378785556726,2.162791727004484,0.7876373512041221,23605.49438202248,74.65803703489283,2.4519363126180296,0.03309027602892562,2.8676619599233826,2.047124442210297,0.6993017272177607,8492_6233,1.0,1.0,0.0,161,2,9,1,161,1,161,0,1,160,9,429,FL-429 S,S,Freeway,0.427864777443,0.0,8492,6233,S,2,65863,4,429,25600,65863,70,61,70.0,0.007005944767229999,1,21337.616238630286,73.41390377139547,3.068540147319308,0.06458659945211095,3.7060203727400545,2.1049580846073903,0.7434695392109414,9.968226814709665,-0.84894807387381,0
1322,6,14603.085365853658,72.45031406526654,3.5237714847037624,0.09879768633361656,2.978017592155404,1.9925285033627955,0.8166532271077881,17729.5,74.94370888128738,2.7809793011353903,0.037215481578091285,2.0409131435036327,1.6614290668451253,0.8075542824226344,8492_6233,0.0,0.0,0.0,161,2,9,1,161,1,161,0,1,160,9,429,FL-429 S,S,Freeway,0.427864777443,0.0,8492,6233,S,2,65863,4,429,25600,65863,70,61,70.0,0.007005944767229999,1,16166.292682926829,73.69701147327696,3.152375392919576,0.06800658395585392,2.5094653678295185,1.8269787851039605,0.8121037547652112,9.690683654975057,-0.84894807387381,0
1323,0,32859.62765957447,68.50134032557057,3.4953915013505914,0.05112154664866034,2.6164297622696275,2.304631563014324,0.8659594115543494,15488.288888888888,68.0402597271024,3.8327083209040222,0.05646998175438948,1.5986717768451653,1.2607873049656928,0.7681911672388995,8507_8529,1.0,0.5,0.5,168,2,16,1,168,1,168,0,1,167,16,429,FL-429 S,S,Freeway,0.299953468587,0.0,8507,8529,W,3,65863,4,50,47500,65863,70,47,70.0,0.00437397327582,1,24173.958274231678,68.27080002633647,3.664049911127307,0.053795764201524904,2.1075507695573963,1.7827094339900085,0.8170752893966244,10.093031228358166,-1.2041279210659155,0
1324,1,33916.677083333336,68.3708615895802,3.6565437454339813,0.05369871569532849,2.7337372704192404,2.495037290265386,0.8890898757072634,16065.548387096775,67.87915428122712,3.7713406422099967,0.05569902726515727,1.640908647945417,1.2457979102504189,0.7441469666283332,8507_8529,0.0,0.0,0.0,168,2,16,1,168,1,168,0,1,167,16,429,FL-429 S,S,Freeway,0.299953468587,0.0,8507,8529,W,3,65863,4,50,47500,65863,70,47,70.0,0.00437397327582,1,24991.112735215054,68.12500793540366,3.713942193821989,0.05469887148024288,2.1873229591823287,1.8704176002579023,0.8166184211677983,10.12627555005718,-1.2041279210659155,0
1325,2,34411.378947368416,68.27514152329199,3.8376352608616884,0.05635690632396281,2.82328460971623,2.6274879143643903,0.9115180833624128,16550.032608695652,67.81692674317298,3.6734495536703218,0.054215134766928685,1.679480753030003,1.229913206038883,0.7287293741655432,8507_8529,0.0,0.0,0.0,168,2,16,1,168,1,168,0,1,167,16,429,FL-429 S,S,Freeway,0.299953468587,0.0,8507,8529,W,3,65863,4,50,47500,65863,70,47,70.0,0.00437397327582,1,25480.705778032032,68.0460341332325,3.755542407266005,0.05528602054544575,2.2513826813731166,1.9287005602016367,0.820123728763978,10.145676808597303,-1.2041279210659155,0
1326,3,34789.95555555556,68.30779627874307,3.589392550358553,0.052723067473160086,2.830277240584828,2.50849138496815,0.8691257724249315,16679.81395348837,67.78347207883594,3.6889230380852265,0.05452437757025397,1.7173494938241791,1.2783993775156721,0.732087188649389,8507_8529,0.0,0.0,0.0,168,2,16,1,168,1,168,0,1,167,16,429,FL-429 S,S,Freeway,0.299953468587,0.0,8507,8529,W,3,65863,4,50,47500,65863,70,47,70.0,0.00437397327582,1,25734.88475452197,68.0456341787895,3.63915779422189,0.053623722521707023,2.2738133672045038,1.8934453812419112,0.8006064805371602,10.155602733915645,-1.2041279210659155,0
1327,4,37500.5,68.3132842730799,3.2706598507060947,0.04809500339655184,2.921243551633864,2.2459776564596083,0.7536974092657878,18271.384615384617,67.59804372553496,3.9573201723190374,0.05887818195459101,1.9574359793877905,1.6698317556709346,0.786438700285805,8507_8529,0.0,0.0,0.0,168,2,16,1,168,1,168,0,1,167,16,429,FL-429 S,S,Freeway,0.299953468587,0.0,8507,8529,W,3,65863,4,50,47500,65863,70,47,70.0,0.00437397327582,1,27885.94230769231,67.95566399930743,3.6139900115125663,0.053486592675571425,2.439339765510827,1.9579047060652714,0.7700680547757963,10.235877980890038,-1.2041279210659155,0
1328,5,29455.53846153846,69.3004034458525,3.1132259319426687,0.044965974950842834,1.8951441219761047,1.1757039274926224,0.6213921841103747,14466.227272727272,69.02480282838701,3.435862643742043,0.049800626261277986,1.1944287223827563,0.8010693310534919,0.6732789262540199,8507_8529,0.0,0.0,0.0,168,2,16,1,168,1,168,0,1,167,16,429,FL-429 S,S,Freeway,0.299953468587,0.0,8507,8529,W,3,65863,4,50,47500,65863,70,47,70.0,0.00437397327582,1,21960.882867132867,69.16260313711976,3.274544287842356,0.04738330060606041,1.5447864221794305,0.9883866292730572,0.6473355551821973,9.997018098236682,-1.2041279210659155,0
1329,6,22857.63218390804,69.38550194087871,3.5360196677606126,0.051005406922905984,1.4106573888082277,0.9959011467504608,0.7075937898452576,10818.554216867471,69.80708082129975,3.7200373242174094,0.053322132997581866,0.8337075292969366,0.6666788164312867,0.8062852293882908,8507_8529,0.0,0.0,0.0,168,2,16,1,168,1,168,0,1,167,16,429,FL-429 S,S,Freeway,0.299953468587,0.0,8507,8529,W,3,65863,4,50,47500,65863,70,47,70.0,0.00437397327582,1,16838.093200387757,69.59629138108923,3.6280284959890112,0.052163769960243925,1.1221824590525822,0.8312899815908737,0.7569395096167741,9.7313990510045,-1.2041279210659155,0
1330,0,33524.62222222221,68.34496591792484,4.4469678182117365,0.06590147718104948,3.725261064244811,3.3244648191088224,0.8564984927517909,33838.043010752684,72.28733723059145,5.274363885481876,0.07342479602058014,5.04729485312199,3.9875094296190574,0.778859081784118,8524_6989,2.5,2.5,0.0,167,2,15,1,167,1,167,0,1,166,15,429,FL-429 S,S,Freeway,1.23110504284,0.0,8524,6989,W,2,65863,4,429,53390,65863,70,44,70.0,0.0189019296271,1,33681.332616487445,70.31615157425814,4.860665851846806,0.0696631366008148,4.386277958683401,3.65598712436394,0.8176787872679545,10.424699034571356,0.20791217486968736,0
1331,1,34172.913043478264,68.11426376338278,4.75781321809164,0.07072999569412454,3.8506772032592886,3.422725548541267,0.8537891092846601,34442.16842105263,71.84132151483124,6.249154143927322,0.08776498113882357,5.266801945569315,4.3360733188911595,0.8087177256446711,8524_6989,1.5,0.5,1.0,167,2,15,1,167,1,167,0,1,166,15,429,FL-429 S,S,Freeway,1.23110504284,0.0,8524,6989,W,2,65863,4,429,53390,65863,70,44,70.0,0.0189019296271,1,34307.54073226545,69.97779263910701,5.503483681009481,0.07924748841647405,4.558739574414302,3.8793994337162134,0.8312534174646656,10.443120455413082,0.20791217486968736,0
1332,2,35149.522222222215,67.87613571627688,5.2556459196915135,0.07843761973817431,4.03626140558451,3.692231917205413,0.8788489949931413,35285.484210526316,71.59681826844984,6.413943084710403,0.09021889490889773,5.460288117716746,4.3936759516805335,0.7927601271084861,8524_6989,1.5,1.0,0.5,167,2,15,1,167,1,167,0,1,166,15,429,FL-429 S,S,Freeway,1.23110504284,0.0,8524,6989,W,2,65863,4,429,53390,65863,70,44,70.0,0.0189019296271,1,35217.503216374265,69.73647699236335,5.834794502200959,0.08432825732353602,4.748274761650627,4.0429539344429735,0.8358045610508137,10.469298488463322,0.20791217486968736,0
1333,3,36371.20238095238,67.57518051764788,5.98609906803949,0.0896048289942028,4.226617822996912,3.995201294495657,0.9137479634940342,35721.61111111112,71.69168365105261,6.129373368284807,0.08589098831150689,5.472756280075274,4.205553937413564,0.7644695408173454,8524_6989,3.5,3.5,0.0,167,2,15,1,167,1,167,0,1,166,15,429,FL-429 S,S,Freeway,1.23110504284,0.0,8524,6989,W,2,65863,4,429,53390,65863,70,44,70.0,0.0189019296271,1,36046.406746031746,69.63343208435025,6.057736218162148,0.08774790865285484,4.849687051536092,4.10037761595461,0.8391087521556898,10.492562463571417,0.20791217486968736,0
1334,4,38336.586956521736,65.40365971352101,10.512501532643446,0.1626748590645342,5.507991028384764,6.361994095907647,1.1116074328655268,39120.65957446808,70.47783605225253,7.811739308214229,0.1113143112984016,6.116650628133002,4.677194670176132,0.7614111181491138,8524_6989,3.0,3.0,0.0,167,2,15,1,167,1,167,0,1,166,15,429,FL-429 S,S,Freeway,1.23110504284,0.0,8524,6989,W,2,65863,4,429,53390,65863,70,44,70.0,0.0189019296271,1,38728.62326549491,67.94074788288677,9.162120420428838,0.1369945851814679,5.812320828258883,5.519594383041889,0.9365092755073203,10.564334224897772,0.20791217486968736,0
1335,5,32840.63636363636,69.84647636276566,2.531486670269334,0.03644148402432989,3.0009768488486963,2.0627196821810134,0.6758917301366293,32689.13186813187,73.98805698138038,3.0756383248075307,0.04217218089257728,4.1356000649238265,2.792394995519638,0.6642126868290666,8524_6989,0.5,0.0,0.5,167,2,15,1,167,1,167,0,1,166,15,429,FL-429 S,S,Freeway,1.23110504284,0.0,8524,6989,W,2,65863,4,429,53390,65863,70,44,70.0,0.0189019296271,1,32764.884115884117,71.91726667207303,2.803562497538432,0.03930683245845358,3.568288456886261,2.4275573388503258,0.670052208482848,10.397112614640976,0.20791217486968736,0
1336,6,25052.31325301205,70.56759680173191,2.4854958256896644,0.035279860207068275,2.1673761546133217,1.617292120370155,0.7461727716647457,25135.755813953485,74.93688577586704,2.738274244682576,0.03664160965905265,2.9786781121277888,2.1928109258061013,0.7351687924000605,8524_6989,1.0,1.0,0.0,167,2,15,1,167,1,167,0,1,166,15,429,FL-429 S,S,Freeway,1.23110504284,0.0,8524,6989,W,2,65863,4,429,53390,65863,70,44,70.0,0.0189019296271,1,25094.034533482765,72.75224128879947,2.6118850351861203,0.03596073493306046,2.573027133370555,1.9050515230881282,0.7406707820324031,10.13038542888363,0.20791217486968736,0
1337,0,15488.288888888888,68.0402597271024,3.8327083209040222,0.05646998175438948,1.5986717768451653,1.2607873049656928,0.7681911672388995,33524.62222222221,68.34496591792484,4.4469678182117365,0.06590147718104948,3.725261064244811,3.3244648191088224,0.8564984927517909,8529_8524,1.0,0.5,0.5,166,2,14,1,166,1,166,0,1,165,14,429,FL-429 S,S,Freeway,0.464191004704,0.0,8529,8524,S,2,65863,4,429,64000,65863,70,64,70.0,0.0067659728614,1,24506.45555555555,68.19261282251361,4.13983806955788,0.06118572946771948,2.661966420544988,2.2926260620372574,0.8123448299953452,10.106691853888373,-0.7674591633907379,0
1338,1,16065.548387096775,67.87915428122712,3.7713406422099967,0.05569902726515727,1.640908647945417,1.2457979102504189,0.7441469666283332,34172.913043478264,68.11426376338278,4.75781321809164,0.07072999569412454,3.8506772032592886,3.422725548541267,0.8537891092846601,8529_8524,0.5,0.5,0.0,166,2,14,1,166,1,166,0,1,165,14,429,FL-429 S,S,Freeway,0.464191004704,0.0,8529,8524,S,2,65863,4,429,64000,65863,70,64,70.0,0.0067659728614,1,25119.23071528752,67.99670902230494,4.2645769301508185,0.06321451147964091,2.7457929256023528,2.334261729395843,0.7989680379564967,10.131388995721778,-0.7674591633907379,0
1339,2,16550.032608695652,67.81692674317298,3.6734495536703218,0.054215134766928685,1.679480753030003,1.229913206038883,0.7287293741655432,35149.522222222215,67.87613571627688,5.2556459196915135,0.07843761973817431,4.03626140558451,3.692231917205413,0.8788489949931413,8529_8524,1.0,0.5,0.5,166,2,14,1,166,1,166,0,1,165,14,429,FL-429 S,S,Freeway,0.464191004704,0.0,8529,8524,S,2,65863,4,429,64000,65863,70,64,70.0,0.0067659728614,1,25849.777415458935,67.84653122972493,4.464547736680918,0.0663263772525515,2.857871079307256,2.461072561622148,0.8037891845793422,10.16005726927896,-0.7674591633907379,0
1340,3,16679.81395348837,67.78347207883594,3.6889230380852265,0.05452437757025397,1.7173494938241791,1.2783993775156721,0.732087188649389,36371.20238095238,67.57518051764788,5.98609906803949,0.0896048289942028,4.226617822996912,3.995201294495657,0.9137479634940342,8529_8524,1.5,1.5,0.0,166,2,14,1,166,1,166,0,1,165,14,429,FL-429 S,S,Freeway,0.464191004704,0.0,8529,8524,S,2,65863,4,429,64000,65863,70,64,70.0,0.0067659728614,1,26525.508167220374,67.6793262982419,4.837511053062358,0.07206460328222838,2.9719836584105455,2.6368003360056647,0.8229175760717116,10.185862121346565,-0.7674591633907379,0
1341,4,18271.384615384617,67.59804372553496,3.9573201723190374,0.05887818195459101,1.9574359793877905,1.6698317556709346,0.786438700285805,38336.586956521736,65.40365971352101,10.512501532643446,0.1626748590645342,5.507991028384764,6.361994095907647,1.1116074328655268,8529_8524,1.0,1.0,0.0,166,2,14,1,166,1,166,0,1,165,14,429,FL-429 S,S,Freeway,0.464191004704,0.0,8529,8524,S,2,65863,4,429,64000,65863,70,64,70.0,0.0067659728614,1,28303.985785953177,66.50085171952799,7.234910852481242,0.1107765205095626,3.7327135038862775,4.015912925789291,0.9490230665756658,10.250757914207282,-0.7674591633907379,0
1342,5,14466.227272727272,69.02480282838701,3.435862643742043,0.049800626261277986,1.1944287223827563,0.8010693310534919,0.6732789262540199,32840.63636363636,69.84647636276566,2.531486670269334,0.03644148402432989,3.0009768488486963,2.0627196821810134,0.6758917301366293,8529_8524,0.0,0.0,0.0,166,2,14,1,166,1,166,0,1,165,14,429,FL-429 S,S,Freeway,0.464191004704,0.0,8529,8524,S,2,65863,4,429,64000,65863,70,64,70.0,0.0067659728614,1,23653.431818181816,69.43563959557633,2.9836746570056887,0.04312105514280394,2.097702785615726,1.4318945066172526,0.6745853281953246,10.071263491984043,-0.7674591633907379,0
1343,6,10818.554216867471,69.80708082129975,3.7200373242174094,0.053322132997581866,0.8337075292969366,0.6666788164312867,0.8062852293882908,25052.31325301205,70.56759680173191,2.4854958256896644,0.035279860207068275,2.1673761546133217,1.617292120370155,0.7461727716647457,8529_8524,0.0,0.0,0.0,166,2,14,1,166,1,166,0,1,165,14,429,FL-429 S,S,Freeway,0.464191004704,0.0,8529,8524,S,2,65863,4,429,64000,65863,70,64,70.0,0.0067659728614,1,17935.43373493976,70.18733881151583,3.102766574953537,0.044300996602325074,1.500541841955129,1.141985468400721,0.7762290005265182,9.794533573389588,-0.7674591633907379,0
1344,0,19305.23404255319,69.38769747248921,2.6340810143208837,0.03799606104388779,1.85308345594321,1.2972497477856335,0.7035788318666968,17280.393617021276,75.72468151798385,2.6734695187808906,0.035314169104611916,1.9598212751193889,1.3966089752234847,0.7170926873174036,9704_9708,0.0,0.0,0.0,157,2,5,1,157,1,157,0,1,156,5,429,FL-429 S,S,Freeway,0.6361188168330001,0.0,9704,9708,S,2,65863,4,429,25600,65863,70,46,70.0,0.00929921511649,1,18292.813829787236,72.55618949523654,2.653775266550887,0.03665511507424985,1.9064523655312993,1.346929361504559,0.7103357595920502,9.81426357481095,-0.45236991417068473,0
1345,1,19772.191489361703,69.2580492417372,2.668510987092481,0.038529053488243314,1.8883341120617243,1.3229647631739756,0.7021653370197077,17618.5625,75.5277463086976,2.802011650810417,0.03711013476630536,1.9905121618847281,1.4335187893682662,0.7205045149047224,9704_9708,0.0,0.0,0.0,157,2,5,1,157,1,157,0,1,156,5,429,FL-429 S,S,Freeway,0.6361188168330001,0.0,9704,9708,S,2,65863,4,429,25600,65863,70,46,70.0,0.00929921511649,1,18695.376994680853,72.39289777521739,2.7352613189514488,0.03781959412727434,1.9394231369732262,1.3782417762711208,0.711334925962215,9.836031552743108,-0.45236991417068473,0
1346,2,20234.421052631584,69.27481870992787,2.5598161645461546,0.036963202701843806,1.9550532958573037,1.3396241855992213,0.684364221996517,18207.936842105264,75.54812390448919,2.7281478020332903,0.036129753362313576,2.0658031277490045,1.4497094051779182,0.7014176195702047,9704_9708,0.5,0.5,0.0,157,2,5,1,157,1,157,0,1,156,5,429,FL-429 S,S,Freeway,0.6361188168330001,0.0,9704,9708,S,2,65863,4,429,25600,65863,70,46,70.0,0.00929921511649,1,19221.178947368426,72.41147130720853,2.6439819832897227,0.036546478032078694,2.0104282118031542,1.3946667953885696,0.6928909207833609,9.863768020256428,-0.45236991417068473,0
1347,3,21137.577777777777,69.31687513361521,2.5664055574224385,0.03706293645755738,2.0343311333529,1.389789213391276,0.6825463009679221,18943.988888888893,75.47967073792086,2.8114170860156134,0.037294682838193566,2.1708672924251715,1.5680577575070431,0.7131222284767254,9704_9708,0.0,0.0,0.0,157,2,5,1,157,1,157,0,1,156,5,429,FL-429 S,S,Freeway,0.6361188168330001,0.0,9704,9708,S,2,65863,4,429,25600,65863,70,46,70.0,0.00929921511649,1,20040.783333333333,72.39827293576803,2.6889113217190257,0.03717880964787547,2.102599212889036,1.4789234854491595,0.6978342647223237,9.905524642924552,-0.45236991417068473,0
1348,4,24692.563829787247,69.15706076471669,2.529414586416573,0.03660189102923928,2.320397338446236,1.5432023086149256,0.6668899203253281,22391.712765957447,75.4736730458824,2.6574777120412376,0.035229410828436517,2.4947702184636458,1.7191436740356856,0.6911307242266427,9704_9708,0.0,0.0,0.0,157,2,5,1,157,1,157,0,1,156,5,429,FL-429 S,S,Freeway,0.6361188168330001,0.0,9704,9708,S,2,65863,4,429,25600,65863,70,46,70.0,0.00929921511649,1,23542.13829787235,72.31536690529956,2.5934461492289054,0.0359156509288379,2.407583778454941,1.6311729913253057,0.6790103222759853,10.06654721347188,-0.45236991417068473,0
1349,5,20351.717391304348,70.1364006904024,2.723363909071321,0.03885304819349878,1.6625377876550445,1.1089809204398569,0.667428109265214,18544.91304347826,76.49425290188472,2.676607972954749,0.035009997360677864,1.807139925443653,1.264220327047244,0.6995546085574863,9704_9708,0.0,0.0,0.0,157,2,5,1,157,1,157,0,1,156,5,429,FL-429 S,S,Freeway,0.6361188168330001,0.0,9704,9708,S,2,65863,4,429,25600,65863,70,46,70.0,0.00929921511649,1,19448.315217391304,73.31532679614355,2.699985941013035,0.03693152277708832,1.7348388565493487,1.1866006237435505,0.6834913589113502,9.875515724080943,-0.45236991417068473,0
1350,6,15123.459770114943,70.71286268613959,3.2709110214989137,0.046326142248044856,1.204693274649674,0.9026716136246896,0.7514963036823186,13843.459770114943,76.82479583000304,3.0012739886156394,0.03910267987818217,1.2841909151766069,1.0038585848872985,0.7833128378568952,9704_9708,0.5,0.0,0.5,157,2,5,1,157,1,157,0,1,156,5,429,FL-429 S,S,Freeway,0.6361188168330001,0.0,9704,9708,S,2,65863,4,429,25600,65863,70,46,70.0,0.00929921511649,1,14483.459770114943,73.76882925807132,3.1360925050572765,0.04271441106311351,1.2444420949131403,0.9532650992559941,0.7674045707696069,9.580762571799633,-0.45236991417068473,0
1351,0,17280.393617021276,75.72468151798385,2.6734695187808906,0.035314169104611916,1.9598212751193889,1.3966089752234847,0.7170926873174036,17390.72340425532,75.21997330309422,2.473237721501325,0.03289490398901166,2.4123483900546105,1.7591565282898811,0.7320900954311852,9708_6253,0.0,0.0,0.0,156,2,4,1,156,1,156,0,1,155,4,429,FL-429 S,S,Freeway,1.27751302979,0.0,9708,6253,S,2,65863,4,429,25600,65863,70,101,70.0,0.018911674683400003,1,17335.5585106383,75.47232741053904,2.573353620141108,0.03410453654681179,2.1860848325869995,1.577882751756683,0.7245913913742944,9.760515076269758,0.24491524248793542,0
1352,1,17618.5625,75.5277463086976,2.802011650810417,0.03711013476630536,1.9905121618847281,1.4335187893682662,0.7205045149047224,17733.395833333332,75.01458756972978,2.727855138492691,0.03641568410844229,2.478948644540588,1.8708476415729651,0.7474299020136833,9708_6253,0.0,0.0,0.0,156,2,4,1,156,1,156,0,1,155,4,429,FL-429 S,S,Freeway,1.27751302979,0.0,9708,6253,S,2,65863,4,429,25600,65863,70,101,70.0,0.018911674683400003,1,17675.979166666664,75.27116693921369,2.764933394651554,0.03676290943737383,2.234730403212658,1.6521832154706155,0.7339672084592028,9.779961887627321,0.24491524248793542,0
1353,2,18207.936842105264,75.54812390448919,2.7281478020332903,0.036129753362313576,2.0658031277490045,1.4497094051779182,0.7014176195702047,18325.578947368416,75.07089974469713,2.6973343994588483,0.035996314456089605,2.5788288294610644,1.935847761632372,0.7408989482345913,9708_6253,0.0,0.0,0.0,156,2,4,1,156,1,156,0,1,155,4,429,FL-429 S,S,Freeway,1.27751302979,0.0,9708,6253,S,2,65863,4,429,25600,65863,70,101,70.0,0.018911674683400003,1,18266.75789473684,75.30951182459316,2.7127411007460696,0.03606303390920159,2.3223159786050345,1.6927785834051452,0.721158283902398,9.812838178492944,0.24491524248793542,0
1354,3,18943.988888888893,75.47967073792086,2.8114170860156134,0.037294682838193566,2.1708672924251715,1.5680577575070431,0.7131222284767254,19088.711111111108,75.0676971176632,2.562290447332916,0.03417695277617532,2.6774486979251293,1.9226751680005127,0.7165515297284859,9708_6253,0.5,0.0,0.5,156,2,4,1,156,1,156,0,1,155,4,429,FL-429 S,S,Freeway,1.27751302979,0.0,9708,6253,S,2,65863,4,429,25600,65863,70,101,70.0,0.018911674683400003,1,19016.35,75.27368392779204,2.6868537666742647,0.03573581780718445,2.4241579951751504,1.745366462753778,0.7148368791026056,9.853054414423868,0.24491524248793542,0
1355,4,22391.712765957447,75.4736730458824,2.6574777120412376,0.035229410828436517,2.4947702184636458,1.7191436740356856,0.6911307242266427,22498.55319148936,75.079904085735,2.5536598022677564,0.03406439586901025,3.0948968883140004,2.175953533552664,0.7026288118464931,9708_6253,0.5,0.0,0.5,156,2,4,1,156,1,156,0,1,155,4,429,FL-429 S,S,Freeway,1.27751302979,0.0,9708,6253,S,2,65863,4,429,25600,65863,70,101,70.0,0.018911674683400003,1,22445.132978723406,75.2767885658087,2.605568757154497,0.03464690334872338,2.7948335533888233,1.947548603794175,0.6968797680365679,10.018829075846439,0.24491524248793542,0
1356,5,18544.91304347826,76.49425290188472,2.676607972954749,0.035009997360677864,1.807139925443653,1.264220327047244,0.6995546085574863,18626.57608695652,76.00316591071608,2.7100949807831127,0.035690066681397487,2.2250763785689585,1.5553035787825182,0.6971672377997316,9708_6253,0.0,0.0,0.0,156,2,4,1,156,1,156,0,1,155,4,429,FL-429 S,S,Freeway,1.27751302979,0.0,9708,6253,S,2,65863,4,429,25600,65863,70,101,70.0,0.018911674683400003,1,18585.744565217392,76.2487094063004,2.693351476868931,0.035350032021037675,2.0161081520063058,1.4097619529148813,0.698360923178609,9.830150144625522,0.24491524248793542,0
1357,6,13843.459770114943,76.82479583000304,3.0012739886156394,0.03910267987818217,1.2841909151766069,1.0038585848872985,0.7833128378568952,13926.908045977012,76.16852286366297,3.0514553524637216,0.04011520323341817,1.5864581907661208,1.2165017935809554,0.7672181108222796,9708_6253,0.0,0.0,0.0,156,2,4,1,156,1,156,0,1,155,4,429,FL-429 S,S,Freeway,1.27751302979,0.0,9708,6253,S,2,65863,4,429,25600,65863,70,101,70.0,0.018911674683400003,1,13885.183908045978,76.49665934683301,3.0263646705396807,0.039608941555800165,1.4353245529713639,1.110180189234127,0.7752654743395875,9.53857764474112,0.24491524248793542,0
1358,0,51252.904255319154,70.10031129227457,4.6861392927732775,0.06743951935204541,4.063731609700741,3.37064258669842,0.8036959112606206,51113.925531914894,65.88867331009726,4.751688116318045,0.07272139449996555,3.220948145916643,2.8553479423839883,0.8589824829093544,6156_8052,4.5,3.0,1.5,225,2,12,1,225,1,225,0,1,224,12,528,FL-528 E,E,Freeway,0.330283548486,0.0,6156,8052,E,2,65863,6,528,89199,65863,70,57,70.0,0.005428500371100001,1,51183.414893617024,67.99449230118591,4.7189137045456615,0.07008045692600548,3.642339877808692,3.1129952645412042,0.8313391970849875,10.843170830692594,-1.1078037556187579,1
1359,1,50693.57291666666,70.06147643877632,4.0542771296020845,0.05856151993917987,3.96229728599033,3.128718863722366,0.7639024169174089,50601.21875,65.83998982960637,4.245809907817423,0.06527461422654479,3.1435658223503995,2.6470102680114884,0.8093156903848272,6156_8052,1.5,1.5,0.0,225,2,12,1,225,1,225,0,1,224,12,528,FL-528 E,E,Freeway,0.330283548486,0.0,6156,8052,E,2,65863,6,528,89199,65863,70,57,70.0,0.005428500371100001,1,50647.39583333333,67.95073313419135,4.150043518709754,0.061918067082862335,3.5529315541703648,2.887864565866927,0.7866090536511181,10.83264309341591,-1.1078037556187579,1
1360,2,51131.02105263158,69.96749435378662,4.120298067400517,0.059564077063312036,4.038866571557526,3.182716425654584,0.7632759308873684,50990.36842105263,65.76231830532251,4.2235554205048365,0.06500244630921577,3.192457230103804,2.6644812697062283,0.8034378679834759,6156_8052,3.0,3.0,0.0,225,2,12,1,225,1,225,0,1,224,12,528,FL-528 E,E,Freeway,0.330283548486,0.0,6156,8052,E,2,65863,6,528,89199,65863,70,57,70.0,0.005428500371100001,1,51060.69473684211,67.86490632955457,4.171926743952676,0.0622832616862639,3.6156619008306654,2.923598847680406,0.7833568994354222,10.84077029698654,-1.1078037556187579,1
1361,3,52376.155555555546,69.45591451298411,5.527618031133679,0.08073586502691063,4.341797152069237,3.7346867913650175,0.8272620584113748,51928.022222222215,65.28923499943936,5.4579892092581215,0.08480562321869678,3.468934179489444,3.221239398703605,0.8889285816770199,6156_8052,1.5,1.0,0.5,225,2,12,1,225,1,225,0,1,224,12,528,FL-528 E,E,Freeway,0.330283548486,0.0,6156,8052,E,2,65863,6,528,89199,65863,70,57,70.0,0.005428500371100001,1,52152.08888888888,67.37257475621173,5.4928036201959,0.0827707441228037,3.9053656657793407,3.477963095034311,0.8580953200441974,10.861919515022482,-1.1078037556187579,1
1362,4,55101.287234042546,70.27826236743705,3.6764728219092495,0.0528186849823338,4.227382282521306,2.9656345555606864,0.6857599103624182,54801.5,66.00890330699812,3.813235254179639,0.058358778446322576,3.344438903804022,2.482055474981812,0.7204526406995456,6156_8052,3.5,3.0,0.5,225,2,12,1,225,1,225,0,1,224,12,528,FL-528 E,E,Freeway,0.330283548486,0.0,6156,8052,E,2,65863,6,528,89199,65863,70,57,70.0,0.005428500371100001,1,54951.39361702127,68.1435828372176,3.744854038044444,0.05558873171432819,3.785910593162664,2.723845015271249,0.7031062755309819,10.914204321057417,-1.1078037556187579,1
1363,5,43053.608695652176,71.96006288210458,1.9050007379186118,0.02650113574737911,2.8152324165073623,1.3329316107974618,0.4738195822630757,42950.0,67.59590258710111,1.730035051223932,0.025627475257046683,2.1837383858961372,1.00549718665756,0.4612024078429688,6156_8052,2.0,1.5,0.5,225,2,12,1,225,1,225,0,1,224,12,528,FL-528 E,E,Freeway,0.330283548486,0.0,6156,8052,E,2,65863,6,528,89199,65863,70,57,70.0,0.005428500371100001,1,43001.80434782609,69.77798273460284,1.8175178945712718,0.026064305502212896,2.49948540120175,1.1692143987275108,0.46751099505302224,10.668997355372689,-1.1078037556187579,1
1364,6,38833.16091954023,72.15286855726565,2.108779960926773,0.029271470655137143,2.453917061124624,1.3626127566551591,0.5563542150156814,38791.26436781609,67.86011468772668,1.913565546717791,0.028246405252490295,1.906145432879114,1.0402249527687104,0.5475392378411095,6156_8052,0.5,0.5,0.0,225,2,12,1,225,1,225,0,1,224,12,528,FL-528 E,E,Freeway,0.330283548486,0.0,6156,8052,E,2,65863,6,528,89199,65863,70,57,70.0,0.005428500371100001,1,38812.212643678155,70.00649162249616,2.011172753822282,0.02875893795381372,2.1800312470018692,1.2014188547119349,0.5519467264283955,10.566490234942872,-1.1078037556187579,1
1365,0,26215.13333333333,69.97137009452538,2.9597406123202625,0.042885420088099965,2.2876560535343184,1.3763120712637695,0.6267684407920702,26013.51724137931,68.77515951434805,2.403032093952944,0.035261721829432484,2.472168321020489,1.549408374766584,0.6139913598441713,6321_7008,0.5,0.0,0.5,237,2,24,1,237,1,237,0,1,236,24,528,FL-528 E,E,Freeway,0.46645608311000003,0.0,6321,7008,E,2,99999,4,528,51210,99999,70,73,70.0,0.00766699433359,0,26114.32528735632,69.37326480443672,2.6813863531366033,0.03907357095876622,2.3799121872774034,1.4628602230151768,0.6203799003181207,10.170239304325891,-0.7625914043696046,0
1366,1,24719.33333333333,70.11787069651936,2.8924569427967803,0.041805979452898885,2.19607930295535,1.292347490490847,0.6020829808135946,24521.153846153848,68.81111106720206,2.529054416425573,0.03729727039535957,2.3293448135098322,1.4436469916521195,0.5935671953117911,6321_7008,0.0,0.0,0.0,237,2,24,1,237,1,237,0,1,236,24,528,FL-528 E,E,Freeway,0.46645608311000003,0.0,6321,7008,E,2,99999,4,528,51210,99999,70,73,70.0,0.00766699433359,0,24620.243589743586,69.46449088186071,2.710755679611177,0.039551624924129225,2.262712058232591,1.3679972410714831,0.5978250880626929,10.111324293667712,-0.7625914043696046,0
1367,2,25441.28260869565,70.07488466962938,2.894277309991165,0.04168451526773996,2.257188227610144,1.3195438089739122,0.6023587596326566,25244.922222222223,68.82495975492371,2.5905178382435183,0.03820888375589897,2.392443811974104,1.533213908579064,0.6176651192176104,6321_7008,0.5,0.5,0.0,237,2,24,1,237,1,237,0,1,236,24,528,FL-528 E,E,Freeway,0.46645608311000003,0.0,6321,7008,E,2,99999,4,528,51210,99999,70,73,70.0,0.00766699433359,0,25343.102415458936,69.44992221227655,2.7423975741173416,0.039946699511819464,2.3248160197921237,1.426378858776488,0.6100119394251335,10.140261877930287,-0.7625914043696046,0
1368,3,26560.75862068966,70.16049643145,2.643368121358427,0.03789448833308066,2.301538039782787,1.2641727661739346,0.5778809860429241,26280.023255813954,68.95972145491872,2.2660774890954496,0.03301462886159134,2.468550272688444,1.4594019043202104,0.5893114230883304,6321_7008,0.0,0.0,0.0,237,2,24,1,237,1,237,0,1,236,24,528,FL-528 E,E,Freeway,0.46645608311000003,0.0,6321,7008,E,2,99999,4,528,51210,99999,70,73,70.0,0.00766699433359,0,26420.390938251807,69.56010894318436,2.4547228052269383,0.035454558597336,2.3850441562356153,1.3617873352470724,0.5835962045656273,10.181891375024064,-0.7625914043696046,0
1369,4,30166.880434782608,69.9079327735858,2.725641203715484,0.039267486104397634,2.564680956956848,1.3948801555969517,0.5643944889791565,29562.417582417584,68.80397373408069,2.372987683130843,0.0348949150750105,2.7410853366512784,1.6750887963530652,0.5998343751198422,6321_7008,0.5,0.5,0.0,237,2,24,1,237,1,237,0,1,236,24,528,FL-528 E,E,Freeway,0.46645608311000003,0.0,6321,7008,E,2,99999,4,528,51210,99999,70,73,70.0,0.00766699433359,0,29864.649008600096,69.35595325383323,2.549314443423164,0.03708120058970407,2.6528831468040632,1.5349844759750084,0.5821144320494993,10.304430752497314,-0.7625914043696046,0
1370,5,27733.588888888888,70.39988105347348,2.8217798242712893,0.0402972331615808,2.119088069809693,1.1634340188717476,0.5655892458358335,27682.720930232557,69.38985781123915,2.2286090316202616,0.032338217974718315,2.2301802383939786,1.329181879282973,0.5935031150684063,6321_7008,0.0,0.0,0.0,237,2,24,1,237,1,237,0,1,236,24,528,FL-528 E,E,Freeway,0.46645608311000003,0.0,6321,7008,E,2,99999,4,528,51210,99999,70,73,70.0,0.00766699433359,0,27708.154909560722,69.89486943235632,2.5251944279457756,0.03631772556814956,2.174634154101836,1.2463079490773603,0.5795461804521198,10.229482049915113,-0.7625914043696046,0
1371,6,25558.376470588242,70.70550208916872,3.069443922283241,0.04373639122757768,1.9173750180421736,1.227623259526222,0.6662788397897793,25723.827160493827,69.65325224348862,2.547530290439876,0.036788142033059294,2.016039075891363,1.4439472700363691,0.7127106955351518,6321_7008,0.5,0.5,0.0,237,2,24,1,237,1,237,0,1,236,24,528,FL-528 E,E,Freeway,0.46645608311000003,0.0,6321,7008,E,2,99999,4,528,51210,99999,70,73,70.0,0.00766699433359,0,25641.101815541035,70.17937716632866,2.8084871063615586,0.04026226663031848,1.9667070469667682,1.3357852647812956,0.6894947676624655,10.151951882636315,-0.7625914043696046,0
1372,0,29471.311111111117,73.42033468663759,3.674521802723498,0.051407491325307336,4.306443745998007,2.8883578519884674,0.6483580975544788,28816.925531914894,69.86201778960647,3.7122427214648335,0.05408728674561125,3.1503801552536608,2.0411804844017114,0.6204621392151597,6488_8109,1.5,1.5,0.0,235,2,22,1,235,1,235,0,1,234,22,528,FL-528 E,E,Freeway,0.34529106027900003,0.0,6488,8109,E,2,99999,4,528,51210,99999,70,51,70.0,0.00567532054912,0,29144.118321513008,71.64117623812203,3.6933822620941656,0.052747389035459294,3.728411950625834,2.4647691681950894,0.6344101183848192,10.280008398572864,-1.0633675646433158,0
1373,1,27147.382978723403,73.54955681064149,3.2456791738722317,0.04506856746738522,3.839371987762525,2.286932911829288,0.5986385452261095,27650.875,69.74237294932766,3.3620332401037776,0.04862167453996991,2.893709906124065,1.6471250182843604,0.5713047081457313,6488_8109,2.0,2.0,0.0,235,2,22,1,235,1,235,0,1,234,22,528,FL-528 E,E,Freeway,0.34529106027900003,0.0,6488,8109,E,2,99999,4,528,51210,99999,70,51,70.0,0.00567532054912,0,27399.1289893617,71.64596487998458,3.3038562069880046,0.04684512100367756,3.366540946943295,1.9670289650568242,0.5849716266859204,10.218266503161463,-1.0633675646433158,0
1374,2,27720.67391304348,73.5475914934466,2.9385380573925413,0.04082096943936056,3.9554186985246953,2.3606187557382845,0.5978950244969888,28176.842105263164,69.88339043548332,3.1186997682016684,0.044975306786191466,2.9538767454772885,1.7062060361496931,0.5769559930072822,6488_8109,0.0,0.0,0.0,235,2,22,1,235,1,235,0,1,234,22,528,FL-528 E,E,Freeway,0.34529106027900003,0.0,6488,8109,E,2,99999,4,528,51210,99999,70,51,70.0,0.00567532054912,0,27948.758009153324,71.71549096446496,3.028618912797105,0.04289813811277601,3.454647722000992,2.033412395943989,0.5874255087521355,10.23812804142968,-1.0633675646433158,0
1375,3,29012.395348837214,73.69766470677449,2.832024994293836,0.039005492714427104,4.148517739736417,2.406103337891339,0.5834691162300355,29339.85555555556,69.65441050155619,3.4144708039163985,0.05209816707556414,3.21173361441964,1.9130269966862383,0.5807624404613084,6488_8109,0.0,0.0,0.0,235,2,22,1,235,1,235,0,1,234,22,528,FL-528 E,E,Freeway,0.34529106027900003,0.0,6488,8109,E,2,99999,4,528,51210,99999,70,51,70.0,0.00567532054912,0,29176.125452196386,71.67603760416534,3.123247899105117,0.04555182989499562,3.6801256770780286,2.159565167288789,0.582115778345672,10.281106032321484,-1.0633675646433158,0
1376,4,32850.47826086957,73.64152344480331,3.2186072397062877,0.04436007809928485,4.645220056131566,2.7843681512621163,0.5959779422156141,32960.595744680846,69.8591604854605,3.2539634726618987,0.047246183032822985,3.458428117101898,1.9861743055057897,0.5716429396850451,6488_8109,1.5,1.0,0.5,235,2,22,1,235,1,235,0,1,234,22,528,FL-528 E,E,Freeway,0.34529106027900003,0.0,6488,8109,E,2,99999,4,528,51210,99999,70,51,70.0,0.00567532054912,0,32905.53700277521,71.75034196513191,3.2362853561840934,0.045803130566053916,4.051824086616732,2.385271228383953,0.5838104409503295,10.401396220549644,-1.0633675646433158,0
1377,5,29554.6170212766,75.27119117751195,2.4188863501693083,0.03230542464755517,3.6521669207160232,2.27431563737286,0.6106308242030565,29881.869565217392,71.45451915151823,2.8400735956962446,0.03987894685683384,2.814766587953288,1.6606766726770563,0.583098417831616,6488_8109,1.0,0.5,0.5,235,2,22,1,235,1,235,0,1,234,22,528,FL-528 E,E,Freeway,0.34529106027900003,0.0,6488,8109,E,2,99999,4,528,51210,99999,70,51,70.0,0.00567532054912,0,29718.243293246996,73.36285516451508,2.6294799729327765,0.0360921857521945,3.2334667543346556,1.9674961550249581,0.5968646210173363,10.299516388512945,-1.0633675646433158,0
1378,6,26719.54761904762,75.19873619595027,3.5459714472253294,0.04786932491969883,3.317519495899397,2.403950570847442,0.7058895376103951,27566.459770114947,71.89925561534929,3.7552383190533742,0.052705559680106526,2.6504085263101063,1.8930028723511696,0.693819327427065,6488_8109,1.0,1.0,0.0,235,2,22,1,235,1,235,0,1,234,22,528,FL-528 E,E,Freeway,0.34529106027900003,0.0,6488,8109,E,2,99999,4,528,51210,99999,70,51,70.0,0.00567532054912,0,27143.003694581283,73.54899590564978,3.650604883139352,0.050287442299902674,2.9839640111047516,2.1484767215993057,0.69985443251873,10.208874601346782,-1.0633675646433158,0
1379,0,41048.57333333333,70.98407527809233,4.131061617657928,0.058356040931433824,6.392933504093023,4.2444560857993165,0.6618988186204379,40710.93617021277,68.22937075218735,2.125148214795943,0.03127445763165592,2.9082320925895377,1.8680185860244936,0.6424389691647556,6666_8074,2.5,2.0,0.5,228,2,15,1,228,1,228,0,1,227,15,528,FL-528 E,E,Freeway,0.508568576953,0.0,6666,8074,E,2,65863,4,528,77500,65863,70,69,70.0,0.00835693292534,1,40879.75475177305,69.60672301513983,3.1281049162269357,0.04481524928154487,4.65058279834128,3.056237335911905,0.6521688938925967,10.618390225636817,-0.6761552113219819,0
1380,1,40151.896103896106,71.02284810367439,3.9461471852292487,0.0557930605093719,6.258334523804552,4.17800989695834,0.663400029110774,40072.9375,68.05309148923145,2.2616189403303,0.03346339442621277,2.8922753511651926,1.9138180834025729,0.6570918901117823,6666_8074,2.0,1.5,0.5,228,2,15,1,228,1,228,0,1,227,15,528,FL-528 E,E,Freeway,0.508568576953,0.0,6666,8074,E,2,65863,4,528,77500,65863,70,69,70.0,0.00835693292534,1,40112.41680194806,69.53796979645293,3.1038830627797744,0.04462822746779233,4.575304937484873,3.0459139901804564,0.6602459596112782,10.59944121129812,-0.6761552113219819,0
1381,2,40409.97368421053,70.7826097562337,4.107741668943418,0.058306302648914426,6.396935557249275,4.310632433707968,0.6714287601659343,40408.05263157895,67.95521766270622,2.346352041682309,0.03468692192640778,2.9540580837623103,1.9872949336319283,0.6676591849666597,6666_8074,1.5,1.5,0.0,228,2,15,1,228,1,228,0,1,227,15,528,FL-528 E,E,Freeway,0.508568576953,0.0,6666,8074,E,2,65863,4,528,77500,65863,70,69,70.0,0.00835693292534,1,40409.01315789473,69.36891370946995,3.2270468553128637,0.0464966122876611,4.675496820505793,3.1489636836699484,0.669543972566297,10.606808137034282,-0.6761552113219819,0
1382,3,41478.66197183099,70.43894915070645,4.373398754459408,0.062498690728379186,6.633114131833946,4.319057144168123,0.6465038520576869,41591.46666666667,67.93525545687943,2.186484077747596,0.03229089285056053,3.0281202320483303,1.90168795049116,0.627289559579723,6666_8074,1.5,1.5,0.0,228,2,15,1,228,1,228,0,1,227,15,528,FL-528 E,E,Freeway,0.508568576953,0.0,6666,8074,E,2,65863,4,528,77500,65863,70,69,70.0,0.00835693292534,1,41535.06431924883,69.18710230379294,3.279941416103502,0.047394791789469856,4.830617181941138,3.110372547329641,0.636896705818705,10.63429327282738,-0.6761552113219819,0
1383,4,43932.14666666667,70.71187213356174,3.831147682903695,0.05461544996101629,6.832252553461638,4.147195945347163,0.6056165431395302,43865.563829787236,68.12884741687738,1.8860596246474528,0.027734202118449208,3.1276128212419314,1.8584362162914507,0.5944831412621697,6666_8074,0.5,0.0,0.5,228,2,15,1,228,1,228,0,1,227,15,528,FL-528 E,E,Freeway,0.508568576953,0.0,6666,8074,E,2,65863,4,528,77500,65863,70,69,70.0,0.00835693292534,1,43898.85524822695,69.42035977521957,2.8586036537755737,0.04117482603973275,4.979932687351784,3.002816080819307,0.60004984220085,10.689643522373085,-0.6761552113219819,0
1384,5,33700.21052631579,72.96790908245694,2.011369971301388,0.027687274395792383,4.505264318708275,2.1041714914887617,0.4663770408378845,33655.77173913043,69.3895920313214,1.8684022900600201,0.02697764957936576,2.077845309028021,1.0315889156541116,0.4969725663358439,6666_8074,2.5,1.0,1.5,228,2,15,1,228,1,228,0,1,227,15,528,FL-528 E,E,Freeway,0.508568576953,0.0,6666,8074,E,2,65863,4,528,77500,65863,70,69,70.0,0.00835693292534,1,33677.99113272311,71.17875055688917,1.939886130680704,0.02733246198757907,3.291554813868148,1.5678802035714368,0.4816748035868642,10.424599820874391,-0.6761552113219819,0
1385,6,30828.571428571428,73.3154807714612,2.2686922153398323,0.031109016491955,3.9874761507903744,2.2365390437473285,0.5580889170108436,30470.908045977012,69.67447593095584,2.2653731624045386,0.032665200428665435,1.8196438307982998,1.0906957914423114,0.598955307518078,6666_8074,2.5,2.0,0.5,228,2,15,1,228,1,228,0,1,227,15,528,FL-528 E,E,Freeway,0.508568576953,0.0,6666,8074,E,2,65863,4,528,77500,65863,70,69,70.0,0.00835693292534,1,30649.73973727422,71.49497835120852,2.2670326888721855,0.03188710846031022,2.9035599907943372,1.66361741759482,0.5785221122644608,10.330379449885376,-0.6761552113219819,0
1386,0,20693.65957446808,67.60281314554156,2.494648229362284,0.03704918316975001,1.4227834080581419,0.9448093981405912,0.6609708411139993,,,,,,,,6945_8095,1.0,1.0,0.0,230,2,17,1,230,1,230,0,1,229,17,528,FL-528 E,E,Freeway,2.31964253346,0.0,6945,8095,E,2,99999,4,528,67500,99999,70,57,70.0,0.0381275313939,0,20693.65957446808,67.60281314554156,2.494648229362284,0.03704918316975001,1.4227834080581419,0.9448093981405912,0.6609708411139993,9.93758263158347,0.8414130934014411,0
1387,1,20114.17708333333,67.56719707018657,2.4954124915113383,0.03723587616591538,1.419000514949049,0.9110455436861736,0.6303652722869348,,,,,,,,6945_8095,0.5,0.5,0.0,230,2,17,1,230,1,230,0,1,229,17,528,FL-528 E,E,Freeway,2.31964253346,0.0,6945,8095,E,2,99999,4,528,67500,99999,70,57,70.0,0.0381275313939,0,20114.17708333333,67.56719707018657,2.4954124915113383,0.03723587616591538,1.419000514949049,0.9110455436861736,0.6303652722869348,9.909180172949629,0.8414130934014411,0
1388,2,20126.936842105264,67.52220252777694,2.44385097766906,0.03624832891957384,1.433926390782556,0.8928387600077219,0.6319014997412186,,,,,,,,6945_8095,2.5,1.5,1.0,230,2,17,1,230,1,230,0,1,229,17,528,FL-528 E,E,Freeway,2.31964253346,0.0,6945,8095,E,2,99999,4,528,67500,99999,70,57,70.0,0.0381275313939,0,20126.936842105264,67.52220252777694,2.44385097766906,0.03624832891957384,1.433926390782556,0.8928387600077219,0.6319014997412186,9.909814338257439,0.8414130934014411,0
1389,3,20866.19101123596,67.36957492354732,2.7945693373235154,0.04209049737983202,1.5256390630259489,1.1184137048955562,0.6888063099819742,,,,,,,,6945_8095,1.0,0.5,0.5,230,2,17,1,230,1,230,0,1,229,17,528,FL-528 E,E,Freeway,2.31964253346,0.0,6945,8095,E,2,99999,4,528,67500,99999,70,57,70.0,0.0381275313939,0,20866.19101123596,67.36957492354732,2.7945693373235154,0.04209049737983202,1.5256390630259489,1.1184137048955562,0.6888063099819742,9.945885473171579,0.8414130934014411,0
1390,4,22363.50537634408,67.54466748534331,2.3033167858226173,0.034173624704677566,1.4946026314847036,0.8632562001249795,0.5979261275576735,,,,,,,,6945_8095,1.5,1.5,0.0,230,2,17,1,230,1,230,0,1,229,17,528,FL-528 E,E,Freeway,2.31964253346,0.0,6945,8095,E,2,99999,4,528,67500,99999,70,57,70.0,0.0381275313939,0,22363.50537634408,67.54466748534331,2.3033167858226173,0.034173624704677566,1.4946026314847036,0.8632562001249795,0.5979261275576735,10.01518568494363,0.8414130934014411,0
1391,5,20531.07608695652,67.97920747901881,2.388702902911964,0.03530762376268893,1.227953801233865,0.7632856918662441,0.6131874875846666,,,,,,,,6945_8095,1.5,1.5,0.0,230,2,17,1,230,1,230,0,1,229,17,528,FL-528 E,E,Freeway,2.31964253346,0.0,6945,8095,E,2,99999,4,528,67500,99999,70,57,70.0,0.0381275313939,0,20531.07608695652,67.97920747901881,2.388702902911964,0.03530762376268893,1.227953801233865,0.7632856918662441,0.6131874875846666,9.929694923980625,0.8414130934014411,0
1392,6,19390.220930232557,68.34343203924804,2.405108247733849,0.03524329677019703,1.0958691210078997,0.6886066912186377,0.6443448605189852,,,,,,,,6945_8095,0.5,0.5,0.0,230,2,17,1,230,1,230,0,1,229,17,528,FL-528 E,E,Freeway,2.31964253346,0.0,6945,8095,E,2,99999,4,528,67500,99999,70,57,70.0,0.0381275313939,0,19390.220930232557,68.34343203924804,2.405108247733849,0.03524329677019703,1.0958691210078997,0.6886066912186377,0.6443448605189852,9.872524142201314,0.8414130934014411,0
1393,0,26013.51724137931,68.77515951434805,2.403032093952944,0.035261721829432484,2.472168321020489,1.549408374766584,0.6139913598441713,25412.085106382983,75.29849732178077,2.685147429794672,0.03605167324682101,3.4394258224914624,2.2307239205551954,0.6433037772651733,7008_7061,1.5,1.5,0.0,236,2,23,1,236,1,236,0,1,235,23,528,FL-528 E,E,Freeway,2.26116329901,0.0,7008,7061,E,2,99999,4,528,51210,99999,70,43,70.0,0.0371663520612,0,25712.801173881147,72.0368284180644,2.544089761873808,0.035656697538126746,2.955797071755976,1.8900661476608898,0.6286475685546723,10.154744247023627,0.815879414929274,0
1394,1,24521.153846153848,68.81111106720206,2.529054416425573,0.03729727039535957,2.3293448135098322,1.4436469916521195,0.5935671953117911,24103.89583333333,75.08603387942563,2.7117564881854865,0.03671047717188952,3.229242739943444,1.9403211067571624,0.6034573673295389,7008_7061,1.5,1.5,0.0,236,2,23,1,236,1,236,0,1,235,23,528,FL-528 E,E,Freeway,2.26116329901,0.0,7008,7061,E,2,99999,4,528,51210,99999,70,43,70.0,0.0371663520612,0,24312.524839743586,71.94857247331385,2.62040545230553,0.03700387378362455,2.779293776726638,1.691984049204641,0.598512281320665,10.098746922046391,0.815879414929274,0
1395,2,25244.922222222223,68.82495975492371,2.5905178382435183,0.03820888375589897,2.392443811974104,1.533213908579064,0.6176651192176104,24552.21052631579,75.02808660961351,2.70307213045126,0.036686668463644635,3.3440816653616703,2.022316096996604,0.6029754017368998,7008_7061,2.5,2.0,0.5,236,2,23,1,236,1,236,0,1,235,23,528,FL-528 E,E,Freeway,2.26116329901,0.0,7008,7061,E,2,99999,4,528,51210,99999,70,43,70.0,0.0371663520612,0,24898.56637426901,71.92652318226861,2.6467949843473892,0.037447776109771805,2.8682627386678874,1.777765002787834,0.6103202604772551,10.122565505464713,0.815879414929274,0
1396,3,26280.023255813954,68.95972145491872,2.2660774890954496,0.03301462886159134,2.468550272688444,1.4594019043202104,0.5893114230883304,25504.63333333333,75.00394288345893,2.7638195266722327,0.03781060115906683,3.5447849552172315,2.1793039225485544,0.604481231416648,7008_7061,0.5,0.5,0.0,236,2,23,1,236,1,236,0,1,235,23,528,FL-528 E,E,Freeway,2.26116329901,0.0,7008,7061,E,2,99999,4,528,51210,99999,70,43,70.0,0.0371663520612,0,25892.328294573643,71.98183216918883,2.514948507883841,0.03541261501032908,3.0066676139528377,1.8193529134343824,0.5968963272524892,10.161701998967594,0.815879414929274,0
1397,4,29562.417582417584,68.80397373408069,2.372987683130843,0.0348949150750105,2.7410853366512784,1.6750887963530652,0.5998343751198422,29094.563829787247,75.08241332520569,2.799065876088408,0.038467592536389865,3.985483082051048,2.5468829060679417,0.6220746778907319,7008_7061,4.0,2.5,1.5,236,2,23,1,236,1,236,0,1,235,23,528,FL-528 E,E,Freeway,2.26116329901,0.0,7008,7061,E,2,99999,4,528,51210,99999,70,43,70.0,0.0371663520612,0,29328.490706102413,71.9431935296432,2.5860267796096257,0.036681253805700184,3.3632842093511632,2.1109858512105033,0.610954526505287,10.28631470159876,0.815879414929274,0
1398,5,27682.720930232557,69.38985781123915,2.2286090316202616,0.032338217974718315,2.2301802383939786,1.329181879282973,0.5935031150684063,26802.956521739125,76.39797118609295,2.342961779996345,0.03081599731283328,3.1739387038425098,1.9408599301766798,0.6094300094383985,7008_7061,1.5,1.5,0.0,236,2,23,1,236,1,236,0,1,235,23,528,FL-528 E,E,Freeway,2.26116329901,0.0,7008,7061,E,2,99999,4,528,51210,99999,70,43,70.0,0.0371663520612,0,27242.838725985843,72.89391449866605,2.285785405808303,0.0315771076437758,2.702059471118244,1.6350209047298265,0.6014665622534023,10.212545966507278,0.815879414929274,0
1399,6,25723.827160493827,69.65325224348862,2.547530290439876,0.036788142033059294,2.016039075891363,1.4439472700363691,0.7127106955351518,24955.55172413793,76.57957666423776,2.746518196651933,0.03633466479485747,2.95124797328695,2.269090791979754,0.7333779290557706,7008_7061,1.0,1.0,0.0,236,2,23,1,236,1,236,0,1,235,23,528,FL-528 E,E,Freeway,2.26116329901,0.0,7008,7061,E,2,99999,4,528,51210,99999,70,43,70.0,0.0371663520612,0,25339.68944231588,73.1164144538632,2.6470242435459044,0.03656140341395838,2.483643524589157,1.8565190310080615,0.7230443122954612,10.140127198169242,0.815879414929274,0
1400,0,25412.085106382983,75.29849732178077,2.685147429794672,0.03605167324682101,3.4394258224914624,2.2307239205551954,0.6433037772651733,26102.032258064515,70.71639370374265,3.0558860438295663,0.04418116197014589,2.506154356525496,1.5250491352227271,0.606386310907776,7061_8083,1.0,0.0,1.0,238,2,25,1,238,1,238,0,1,237,25,528,FL-528 E,E,Freeway,2.01129198425,0.0,7061,8083,E,2,99999,4,528,51210,99999,70,51,70.0,0.0330598741889,0,25757.05868222375,73.0074455127617,2.870516736812119,0.040116417608483446,2.972790089508479,1.8778865278889612,0.6248450440864746,10.156463992108383,0.6987772938113679,0
1401,1,24103.89583333333,75.08603387942563,2.7117564881854865,0.03671047717188952,3.229242739943444,1.9403211067571624,0.6034573673295389,24558.263157894737,70.80036885285519,2.780867863772802,0.03989679080245735,2.3184598870187068,1.3737530616276679,0.5946526190666163,7061_8083,1.0,1.0,0.0,238,2,25,1,238,1,238,0,1,237,25,528,FL-528 E,E,Freeway,2.01129198425,0.0,7061,8083,E,2,99999,4,528,51210,99999,70,51,70.0,0.0330598741889,0,24331.07949561403,72.94320136614041,2.7463121759791442,0.03830363398717344,2.7738513134810754,1.6570370841924151,0.5990549931980775,10.099509803704684,0.6987772938113679,0
1402,2,24552.21052631579,75.02808660961351,2.70307213045126,0.036686668463644635,3.3440816653616703,2.022316096996604,0.6029754017368998,25226.085106382983,70.79881678768999,2.7996255506584005,0.04004864335552552,2.4057323818052643,1.3957123299661498,0.5812775515935019,7061_8083,1.0,0.5,0.5,238,2,25,1,238,1,238,0,1,237,25,528,FL-528 E,E,Freeway,2.01129198425,0.0,7061,8083,E,2,99999,4,528,51210,99999,70,51,70.0,0.0330598741889,0,24889.14781634939,72.91345169865176,2.7513488405548303,0.038367655909585074,2.874907023583467,1.7090142134813768,0.5921264766652008,10.12218715678231,0.6987772938113679,0
1403,3,25504.63333333333,75.00394288345893,2.7638195266722327,0.03781060115906683,3.5447849552172315,2.1793039225485544,0.604481231416648,26302.58426966292,70.93865820447762,2.634193969209208,0.03751134079853494,2.5040583605942297,1.4863468917266032,0.5949626840914912,7061_8083,1.5,1.0,0.5,238,2,25,1,238,1,238,0,1,237,25,528,FL-528 E,E,Freeway,2.01129198425,0.0,7061,8083,E,2,99999,4,528,51210,99999,70,51,70.0,0.0330598741889,0,25903.608801498125,72.97130054396828,2.6990067479407203,0.03766097097880088,3.0244216579057306,1.832825407137579,0.5997219577540696,10.162137573946454,0.6987772938113679,0
1404,4,29094.563829787247,75.08241332520569,2.799065876088408,0.038467592536389865,3.985483082051048,2.5468829060679417,0.6220746778907319,29917.8064516129,70.99870819076675,2.5099204018318235,0.0357580177556024,2.7955999091572763,1.6305049419313795,0.5844511282572611,7061_8083,3.5,3.0,0.5,238,2,25,1,238,1,238,0,1,237,25,528,FL-528 E,E,Freeway,2.01129198425,0.0,7061,8083,E,2,99999,4,528,51210,99999,70,51,70.0,0.0330598741889,0,29506.185140700072,73.04056075798621,2.654493138960116,0.03711280514599613,3.390541495604162,2.0886939239996605,0.6032629030739964,10.292355186137556,0.6987772938113679,0
1405,5,26802.956521739125,76.39797118609295,2.342961779996345,0.03081599731283328,3.1739387038425098,1.9408599301766798,0.6094300094383985,27237.846153846152,72.12971918564745,2.3970018320934576,0.03348051481288338,2.2637746510632404,1.3667342934079674,0.6023793741845633,7061_8083,1.5,1.0,0.5,238,2,25,1,238,1,238,0,1,237,25,528,FL-528 E,E,Freeway,2.01129198425,0.0,7061,8083,E,2,99999,4,528,51210,99999,70,51,70.0,0.0330598741889,0,27020.40133779264,74.2638451858702,2.369981806044901,0.03214825606285833,2.718856677452875,1.6537971117923236,0.605904691811481,10.204347464764082,0.6987772938113679,0
1406,6,24955.55172413793,76.57957666423776,2.746518196651933,0.03633466479485747,2.95124797328695,2.269090791979754,0.7333779290557706,25250.4,72.20700098841134,3.101054820818576,0.04353299794910173,2.0941953247319187,1.494265236031953,0.7008441289892505,7061_8083,1.5,1.0,0.5,238,2,25,1,238,1,238,0,1,237,25,528,FL-528 E,E,Freeway,2.01129198425,0.0,7061,8083,E,2,99999,4,528,51210,99999,70,51,70.0,0.0330598741889,0,25102.975862068968,74.39328882632455,2.9237865087352546,0.0399338313719796,2.5227216490094344,1.8816780140058535,0.7171110290225106,10.130741678333957,0.6987772938113679,0
1407,0,40710.93617021277,68.22937075218735,2.125148214795943,0.03127445763165592,2.9082320925895377,1.8680185860244936,0.6424389691647556,32800.47311827957,66.17540987660644,2.220291997100328,0.033630209659157036,3.5173177475002237,1.9748113135884435,0.5624379609286889,8074_8019,0.5,0.5,0.0,226,2,13,1,226,1,226,0,1,225,13,528,FL-528 E,E,Freeway,0.888061025934,0.0,8074,8019,E,2,65863,4,528,73393,65863,70,82,70.0,0.0145967958229,1,36755.70464424617,67.2023903143969,2.1727201059481356,0.03245233364540648,3.2127749200448807,1.9214149498064685,0.6024384650467223,10.51204872100916,-0.1187148154526285,0
1408,1,40072.9375,68.05309148923145,2.2616189403303,0.03346339442621277,2.8922753511651926,1.9138180834025729,0.6570918901117823,31903.0,66.10433843529475,2.3397674407908053,0.03557959224725677,3.4228744385915006,1.9307248979200144,0.5612704088740988,8074_8019,1.5,1.0,0.5,226,2,13,1,226,1,226,0,1,225,13,528,FL-528 E,E,Freeway,0.888061025934,0.0,8074,8019,E,2,65863,4,528,73393,65863,70,82,70.0,0.0145967958229,1,35987.96875,67.07871496226309,2.300693190560553,0.034521493336734765,3.157574894878347,1.9222714906612937,0.6091811494929406,10.490939960191628,-0.1187148154526285,0
1409,2,40408.05263157895,67.95521766270622,2.346352041682309,0.03468692192640778,2.9540580837623103,1.9872949336319283,0.6676591849666597,32113.752688172044,66.05235865128222,2.2233627618022838,0.03376642342115722,3.4891782511955545,1.937075733822496,0.5559880696240819,8074_8019,1.5,1.5,0.0,226,2,13,1,226,1,226,0,1,225,13,528,FL-528 E,E,Freeway,0.888061025934,0.0,8074,8019,E,2,65863,4,528,73393,65863,70,82,70.0,0.0145967958229,1,36260.90265987549,67.00378815699422,2.2848574017422965,0.0342266726737825,3.2216181674789324,1.9621853337272122,0.6118236272953708,10.498495378093736,-0.1187148154526285,0
1410,3,41591.46666666667,67.93525545687943,2.186484077747596,0.03229089285056053,3.0281202320483303,1.90168795049116,0.627289559579723,33366.27272727273,65.91559928772232,2.328140219604573,0.03557742465035443,3.647564241660771,2.067523725853821,0.5669607538448078,8074_8019,0.5,0.0,0.5,226,2,13,1,226,1,226,0,1,225,13,528,FL-528 E,E,Freeway,0.888061025934,0.0,8074,8019,E,2,65863,4,528,73393,65863,70,82,70.0,0.0145967958229,1,37478.8696969697,66.92542737230087,2.2573121486760845,0.03393415875045748,3.3378422368545504,1.9846058381724905,0.5971251567122654,10.53153257839947,-0.1187148154526285,0
1411,4,43865.563829787236,68.12884741687738,1.8860596246474528,0.027734202118449208,3.1276128212419314,1.8584362162914507,0.5944831412621697,36464.358695652176,65.98773546577131,2.0481372653533625,0.03115040681527332,3.962093570344817,2.170288443377811,0.5490480571606372,8074_8019,1.0,0.5,0.5,226,2,13,1,226,1,226,0,1,225,13,528,FL-528 E,E,Freeway,0.888061025934,0.0,8074,8019,E,2,65863,4,528,73393,65863,70,82,70.0,0.0145967958229,1,40164.961262719706,67.05829144132434,1.9670984450004076,0.029442304466861264,3.544853195793374,2.014362329834631,0.5717655992114035,10.600750284153811,-0.1187148154526285,0
1412,5,33655.77173913043,69.3895920313214,1.8684022900600201,0.02697764957936576,2.077845309028021,1.0315889156541116,0.4969725663358439,32316.9,66.65442780290363,1.9712689627584845,0.02967501560651862,3.2502752208620715,1.7682038250446015,0.5425350221790998,8074_8019,0.5,0.5,0.0,226,2,13,1,226,1,226,0,1,225,13,528,FL-528 E,E,Freeway,0.888061025934,0.0,8074,8019,E,2,65863,4,528,73393,65863,70,82,70.0,0.0145967958229,1,32986.33586956521,68.02200991711251,1.9198356264092524,0.02832633259294219,2.6640602649450464,1.3998963703493565,0.5197537942574718,10.403848690141587,-0.1187148154526285,0
1413,6,30470.908045977012,69.67447593095584,2.2653731624045386,0.032665200428665435,1.8196438307982998,1.0906957914423114,0.598955307518078,29700.058823529413,66.89743015284559,2.1617556875839687,0.032427408010105734,2.90873462216018,1.8366089800643428,0.6308194681574683,8074_8019,0.0,0.0,0.0,226,2,13,1,226,1,226,0,1,225,13,528,FL-528 E,E,Freeway,0.888061025934,0.0,8074,8019,E,2,65863,4,528,73393,65863,70,82,70.0,0.0145967958229,1,30085.483434753212,68.28595304190071,2.213564424994254,0.032546304219385584,2.36418922647924,1.4636523857533272,0.6148873878377732,10.311798056488392,-0.1187148154526285,0
1414,0,,,,,,,,27086.954545454544,72.7784722818183,3.6881564192221163,0.05163018286726909,3.5755056133621737,2.1295170657968856,0.599527734080056,8095_8101,1.0,1.0,0.0,233,2,20,1,233,1,233,0,1,232,20,528,FL-528 E,E,Freeway,0.6635559599759999,0.0,8095,8101,E,2,99999,4,528,58498,99999,70,59,70.0,0.0109067643923,0,27086.954545454544,72.7784722818183,3.6881564192221163,0.05163018286726909,3.5755056133621737,2.1295170657968856,0.599527734080056,10.20680750887969,-0.4101420881845785,0
1415,1,,,,,,,,27455.0,72.12604072064299,4.384640316965971,0.06356759195912168,3.7536001149874254,2.593656661636042,0.6406265812492213,8095_8101,1.0,0.5,0.5,233,2,20,1,233,1,233,0,1,232,20,528,FL-528 E,E,Freeway,0.6635559599759999,0.0,8095,8101,E,2,99999,4,528,58498,99999,70,59,70.0,0.0109067643923,0,27455.0,72.12604072064299,4.384640316965971,0.06356759195912168,3.7536001149874254,2.593656661636042,0.6406265812492213,10.220303579712972,-0.4101420881845785,0
1416,2,,,,,,,,27453.136363636364,72.60926224847624,4.151578502977731,0.05811527283367009,3.618463623530167,2.45238634821615,0.6613373932497226,8095_8101,0.0,0.0,0.0,233,2,20,1,233,1,233,0,1,232,20,528,FL-528 E,E,Freeway,0.6635559599759999,0.0,8095,8101,E,2,99999,4,528,58498,99999,70,59,70.0,0.0109067643923,0,27453.136363636364,72.60926224847624,4.151578502977731,0.05811527283367009,3.618463623530167,2.45238634821615,0.6613373932497226,10.220235697738177,-0.4101420881845785,0
1417,3,,,,,,,,29929.318181818184,72.73799126894595,3.3319176773133923,0.047169226799769474,3.788849597494409,2.120684806272464,0.559335729120249,8095_8101,1.0,1.0,0.0,233,2,20,1,233,1,233,0,1,232,20,528,FL-528 E,E,Freeway,0.6635559599759999,0.0,8095,8101,E,2,99999,4,528,58498,99999,70,59,70.0,0.0109067643923,0,29929.318181818184,72.73799126894595,3.3319176773133923,0.047169226799769474,3.788849597494409,2.120684806272464,0.559335729120249,10.30659382016021,-0.4101420881845785,0
1418,4,,,,,,,,31907.727272727272,73.12842984223188,2.9945109251322632,0.04200983674108323,4.074219618278794,2.3957084718673127,0.5880765589335101,8095_8101,0.5,0.5,0.0,233,2,20,1,233,1,233,0,1,232,20,528,FL-528 E,E,Freeway,0.6635559599759999,0.0,8095,8101,E,2,99999,4,528,58498,99999,70,59,70.0,0.0109067643923,0,31907.727272727272,73.12842984223188,2.9945109251322632,0.04200983674108323,4.074219618278794,2.3957084718673127,0.5880765589335101,10.370603493693729,-0.4101420881845785,0
1419,5,,,,,,,,29940.555555555562,74.01948114310673,2.8198801222164334,0.03880470881234584,3.47281939114983,2.0635536859262777,0.5887039520178309,8095_8101,0.5,0.5,0.0,233,2,20,1,233,1,233,0,1,232,20,528,FL-528 E,E,Freeway,0.6635559599759999,0.0,8095,8101,E,2,99999,4,528,58498,99999,70,59,70.0,0.0109067643923,0,29940.555555555562,74.01948114310673,2.8198801222164334,0.03880470881234584,3.47281939114983,2.0635536859262777,0.5887039520178309,10.306969213431245,-0.4101420881845785,0
1420,6,,,,,,,,26722.21052631579,74.73398269895398,2.998788182521745,0.040597386716747626,3.067373985121053,2.0622426343162625,0.669190863006931,8095_8101,0.0,0.0,0.0,233,2,20,1,233,1,233,0,1,232,20,528,FL-528 E,E,Freeway,0.6635559599759999,0.0,8095,8101,E,2,99999,4,528,58498,99999,70,59,70.0,0.0109067643923,0,26722.21052631579,74.73398269895398,2.998788182521745,0.040597386716747626,3.067373985121053,2.0622426343162625,0.669190863006931,10.19325035350699,-0.4101420881845785,0
1421,0,27086.954545454544,72.7784722818183,3.6881564192221163,0.05163018286726909,3.5755056133621737,2.1295170657968856,0.599527734080056,29471.311111111117,73.42033468663759,3.674521802723498,0.051407491325307336,4.306443745998007,2.8883578519884674,0.6483580975544788,8101_6488,4.5,3.0,1.5,232,2,19,1,232,1,232,0,1,231,19,528,FL-528 E,E,Freeway,3.04418050116,0.0,8101,6488,E,2,99999,4,528,51210,99999,70,44,70.0,0.050036772779,0,28279.132828282833,73.09940348422793,3.6813391109728073,0.05151883709628821,3.9409746796800906,2.5089374588926763,0.6239429158172674,10.249879455759702,1.113231735600159,0
1422,1,27455.0,72.12604072064299,4.384640316965971,0.06356759195912168,3.7536001149874254,2.593656661636042,0.6406265812492213,27147.382978723403,73.54955681064149,3.2456791738722317,0.04506856746738522,3.839371987762525,2.286932911829288,0.5986385452261095,8101_6488,1.5,1.0,0.5,232,2,19,1,232,1,232,0,1,231,19,528,FL-528 E,E,Freeway,3.04418050116,0.0,8101,6488,E,2,99999,4,528,51210,99999,70,44,70.0,0.050036772779,0,27301.1914893617,72.83779876564225,3.815159745419101,0.05431807971325345,3.796486051374975,2.440294786732665,0.6196325632376654,10.21468562451963,1.113231735600159,0
1423,2,27453.136363636364,72.60926224847624,4.151578502977731,0.05811527283367009,3.618463623530167,2.45238634821615,0.6613373932497226,27720.67391304348,73.5475914934466,2.9385380573925413,0.04082096943936056,3.9554186985246953,2.3606187557382845,0.5978950244969888,8101_6488,2.0,1.0,1.0,232,2,19,1,232,1,232,0,1,231,19,528,FL-528 E,E,Freeway,3.04418050116,0.0,8101,6488,E,2,99999,4,528,51210,99999,70,44,70.0,0.050036772779,0,27586.90513833992,73.07842687096142,3.5450582801851365,0.049468121136515324,3.786941161027431,2.4065025519772174,0.6296162088733557,10.225096487608088,1.113231735600159,0
1424,3,29929.318181818184,72.73799126894595,3.3319176773133923,0.047169226799769474,3.788849597494409,2.120684806272464,0.559335729120249,29012.395348837214,73.69766470677449,2.832024994293836,0.039005492714427104,4.148517739736417,2.406103337891339,0.5834691162300355,8101_6488,3.5,3.0,0.5,232,2,19,1,232,1,232,0,1,231,19,528,FL-528 E,E,Freeway,3.04418050116,0.0,8101,6488,E,2,99999,4,528,51210,99999,70,44,70.0,0.050036772779,0,29470.8567653277,73.21782798786022,3.081971335803614,0.04308735975709829,3.968683668615413,2.2633940720819012,0.5714024226751422,10.291157147766821,1.113231735600159,0
1425,4,31907.727272727272,73.12842984223188,2.9945109251322632,0.04200983674108323,4.074219618278794,2.3957084718673127,0.5880765589335101,32850.47826086957,73.64152344480331,3.2186072397062877,0.04436007809928485,4.645220056131566,2.7843681512621163,0.5959779422156141,8101_6488,1.5,1.5,0.0,232,2,19,1,232,1,232,0,1,231,19,528,FL-528 E,E,Freeway,3.04418050116,0.0,8101,6488,E,2,99999,4,528,51210,99999,70,44,70.0,0.050036772779,0,32379.10276679842,73.3849766435176,3.1065590824192757,0.043184957420184036,4.35971983720518,2.5900383115647143,0.5920272505745621,10.385268517360325,1.113231735600159,0
1426,5,29940.555555555562,74.01948114310673,2.8198801222164334,0.03880470881234584,3.47281939114983,2.0635536859262777,0.5887039520178309,29554.6170212766,75.27119117751195,2.4188863501693083,0.03230542464755517,3.6521669207160232,2.27431563737286,0.6106308242030565,8101_6488,1.5,1.0,0.5,232,2,19,1,232,1,232,0,1,231,19,528,FL-528 E,E,Freeway,3.04418050116,0.0,8101,6488,E,2,99999,4,528,51210,99999,70,44,70.0,0.050036772779,0,29747.58628841608,74.64533616030934,2.6193832361928706,0.0355550667299505,3.562493155932927,2.168934661649569,0.5996673881104437,10.300503274519818,1.113231735600159,0
1427,6,26722.21052631579,74.73398269895398,2.998788182521745,0.040597386716747626,3.067373985121053,2.0622426343162625,0.669190863006931,26719.54761904762,75.19873619595027,3.5459714472253294,0.04786932491969883,3.317519495899397,2.403950570847442,0.7058895376103951,8101_6488,2.0,1.5,0.5,232,2,19,1,232,1,232,0,1,231,19,528,FL-528 E,E,Freeway,3.04418050116,0.0,8101,6488,E,2,99999,4,528,51210,99999,70,44,70.0,0.050036772779,0,26720.879072681702,74.96635944745213,3.2723798148735375,0.04423335581822323,3.192446740510225,2.233096602581852,0.687540200308663,10.193200526536119,1.113231735600159,0
1428,0,28816.925531914894,69.86201778960647,3.7122427214648335,0.05408728674561125,3.1503801552536608,2.0411804844017114,0.6204621392151597,26215.13333333333,69.97137009452538,2.9597406123202625,0.042885420088099965,2.2876560535343184,1.3763120712637695,0.6267684407920702,8109_6321,4.0,2.0,2.0,234,2,21,1,234,1,234,0,1,233,21,528,FL-528 E,E,Freeway,2.31793492149,0.0,8109,6321,E,2,99999,4,528,51210,99999,70,56,70.0,0.0380991691531,0,27516.029432624113,69.91669394206593,3.3359916668925482,0.04848635341685561,2.7190181043939896,1.7087462778327405,0.6236152900036149,10.22252400230023,0.8406766692387135,0
1429,1,27650.875,69.74237294932766,3.3620332401037776,0.04862167453996991,2.893709906124065,1.6471250182843604,0.5713047081457313,24719.33333333333,70.11787069651936,2.8924569427967803,0.041805979452898885,2.19607930295535,1.292347490490847,0.6020829808135946,8109_6321,2.5,1.5,1.0,234,2,21,1,234,1,234,0,1,233,21,528,FL-528 E,E,Freeway,2.31793492149,0.0,8109,6321,E,2,99999,4,528,51210,99999,70,56,70.0,0.0380991691531,0,26185.104166666664,69.93012182292351,3.1272450914502787,0.0452138269964344,2.5448946045397074,1.4697362543876036,0.586693844479663,10.172945984810188,0.8406766692387135,0
1430,2,28176.842105263164,69.88339043548332,3.1186997682016684,0.044975306786191466,2.9538767454772885,1.7062060361496931,0.5769559930072822,25441.28260869565,70.07488466962938,2.894277309991165,0.04168451526773996,2.257188227610144,1.3195438089739122,0.6023587596326566,8109_6321,1.5,1.0,0.5,234,2,21,1,234,1,234,0,1,233,21,528,FL-528 E,E,Freeway,2.31793492149,0.0,8109,6321,E,2,99999,4,528,51210,99999,70,56,70.0,0.0380991691531,0,26809.062356979404,69.97913755255635,3.0064885390964164,0.04332991102696571,2.605532486543716,1.5128749225618026,0.5896573763199694,10.196495256988403,0.8406766692387135,0
1431,3,29339.85555555556,69.65441050155619,3.4144708039163985,0.05209816707556414,3.21173361441964,1.9130269966862383,0.5807624404613084,26560.75862068966,70.16049643145,2.643368121358427,0.03789448833308066,2.301538039782787,1.2641727661739346,0.5778809860429241,8109_6321,1.5,0.0,1.5,234,2,21,1,234,1,234,0,1,233,21,528,FL-528 E,E,Freeway,2.31793492149,0.0,8109,6321,E,2,99999,4,528,51210,99999,70,56,70.0,0.0380991691531,0,27950.30708812261,69.90745346650309,3.028919462637413,0.044996327704322395,2.7566358271012135,1.5885998814300866,0.5793217132521162,10.238183465575576,0.8406766692387135,0
1432,4,32960.595744680846,69.8591604854605,3.2539634726618987,0.047246183032822985,3.458428117101898,1.9861743055057897,0.5716429396850451,30166.880434782608,69.9079327735858,2.725641203715484,0.039267486104397634,2.564680956956848,1.3948801555969517,0.5643944889791565,8109_6321,4.0,3.0,1.0,234,2,21,1,234,1,234,0,1,233,21,528,FL-528 E,E,Freeway,2.31793492149,0.0,8109,6321,E,2,99999,4,528,51210,99999,70,56,70.0,0.0380991691531,0,31563.738089731727,69.88354662952315,2.9898023381886913,0.043256834568610306,3.0115545370293733,1.6905272305513708,0.5680187143321007,10.359764211853735,0.8406766692387135,0
1433,5,29881.869565217392,71.45451915151823,2.8400735956962446,0.03987894685683384,2.814766587953288,1.6606766726770563,0.583098417831616,27733.588888888888,70.39988105347348,2.8217798242712893,0.0402972331615808,2.119088069809693,1.1634340188717476,0.5655892458358335,8109_6321,0.5,0.5,0.0,234,2,21,1,234,1,234,0,1,233,21,528,FL-528 E,E,Freeway,2.31793492149,0.0,8109,6321,E,2,99999,4,528,51210,99999,70,56,70.0,0.0380991691531,0,28807.72922705314,70.92720010249585,2.8309267099837667,0.04008809000920732,2.4669273288814906,1.412055345774402,0.5743438318337247,10.268399006057003,0.8406766692387135,0
1434,6,27566.459770114947,71.89925561534929,3.7552383190533742,0.052705559680106526,2.6504085263101063,1.8930028723511696,0.693819327427065,25558.376470588242,70.70550208916872,3.069443922283241,0.04373639122757768,1.9173750180421736,1.227623259526222,0.6662788397897793,8109_6321,2.5,2.0,0.5,234,2,21,1,234,1,234,0,1,233,21,528,FL-528 E,E,Freeway,2.31793492149,0.0,8109,6321,E,2,99999,4,528,51210,99999,70,56,70.0,0.0380991691531,0,26562.418120351595,71.30237885225901,3.412341120668308,0.0482209754538421,2.28389177217614,1.5603130659386957,0.6800490836084221,10.187252643134082,0.8406766692387135,0
1435,0,47101.3085106383,66.01378020423678,2.6043792846963143,0.0395902733147518,3.3537330886836254,2.1099662754028867,0.6207819800239154,51135.914893617024,64.93648225670057,3.5205752511056567,0.054709550183747006,3.8796824944486334,2.833270266341801,0.7159428724433611,8186_8176,0.5,0.5,0.0,222,2,9,1,222,1,222,0,1,221,9,528,FL-528 E,E,Freeway,0.783069502972,0.0,8186,8176,E,2,65863,7,528,89199,65863,70,44,65.0,0.0128341107641,1,49118.61170212766,65.47513123046868,3.0624772679009853,0.0471499117492494,3.6167077915661294,2.4716182708723435,0.6683624262336383,10.80199329902844,-0.2445338219600851,1
1436,1,46614.28125,65.93806502230014,2.6193309713698922,0.03993970155734724,3.3137982781414053,2.118862017119112,0.6301648814315958,50561.89583333334,64.89323960886041,3.1315795649131526,0.04873395993878963,3.797821151174584,2.6981582638255763,0.6963574489531664,8186_8176,0.0,0.0,0.0,222,2,9,1,222,1,222,0,1,221,9,528,FL-528 E,E,Freeway,0.783069502972,0.0,8186,8176,E,2,65863,7,528,89199,65863,70,44,65.0,0.0128341107641,1,48588.08854166667,65.41565231558027,2.8754552681415224,0.044336830748068434,3.5558097146579946,2.408510140472344,0.6632611651923811,10.791133688113444,-0.2445338219600851,1
1437,2,47175.073684210525,65.83206227700005,2.6444578083207038,0.040492530456710855,3.4186011354595887,2.177511732741459,0.6227412838373515,51046.357894736844,64.7803883651824,3.1602643533195103,0.049211875930327324,3.869306112742165,2.708388445676192,0.6884201727725158,8186_8176,0.5,0.5,0.0,222,2,9,1,222,1,222,0,1,221,9,528,FL-528 E,E,Freeway,0.783069502972,0.0,8186,8176,E,2,65863,7,528,89199,65863,70,44,65.0,0.0128341107641,1,49110.71578947369,65.30622532109123,2.902361080820107,0.04485220319351909,3.6439536241008765,2.442950089208826,0.6555807283049336,10.801832534155615,-0.2445338219600851,1
1438,3,48569.23333333333,65.63821693853842,3.1108077708420963,0.04786689730026932,3.5848201043497427,2.3658559808364794,0.6385026993822063,52287.0,64.3690333631301,4.287823920195247,0.06758002758803297,4.133408582169453,3.1646595511496503,0.7401707225255391,8186_8176,2.0,1.5,0.5,222,2,9,1,222,1,222,0,1,221,9,528,FL-528 E,E,Freeway,0.783069502972,0.0,8186,8176,E,2,65863,7,528,89199,65863,70,44,65.0,0.0128341107641,1,50428.11666666667,65.00362515083427,3.6993158455186714,0.05772346244415115,3.859114343259598,2.7652577659930646,0.6893367109538726,10.828304168878004,-0.2445338219600851,1
1439,4,51111.17021276597,66.0322992492319,2.291177770199191,0.034789556112555964,3.5711898386861707,1.9848197433816508,0.5531413227354883,54933.98936170213,65.0160646699774,2.824430041172004,0.04378285623355856,4.073471227297764,2.567564812786696,0.6221648778883699,8186_8176,0.0,0.0,0.0,222,2,9,1,222,1,222,0,1,221,9,528,FL-528 E,E,Freeway,0.783069502972,0.0,8186,8176,E,2,65863,7,528,89199,65863,70,44,65.0,0.0128341107641,1,53022.57978723405,65.52418195960465,2.5578039056855975,0.03928620617305727,3.8223305329919675,2.2761922780841735,0.5876531003119292,10.878473135529058,-0.2445338219600851,1
1440,5,40942.55434782609,67.25164767503715,1.888575622983668,0.028114381019398484,2.5622411605059177,1.1283875503012557,0.4404394828071912,42974.434782608696,66.40857546297424,1.8169627748623225,0.027395138038453296,2.80326459726772,1.2771358487609266,0.4556636962045971,8186_8176,0.0,0.0,0.0,222,2,9,1,222,1,222,0,1,221,9,528,FL-528 E,E,Freeway,0.783069502972,0.0,8186,8176,E,2,65863,7,528,89199,65863,70,44,65.0,0.0128341107641,1,41958.49456521739,66.8301115690057,1.8527691989229953,0.02775475952892589,2.682752878886819,1.202761699531091,0.4480515895058942,10.644436184011923,-0.2445338219600851,1
1441,6,36839.77011494253,67.48549512164479,2.0448163841330858,0.030342090554010867,2.243619286901347,1.182750205693151,0.5284103549049135,38822.24137931036,66.66785533437385,2.007200786561277,0.030164331874894763,2.4549056064864296,1.3142137183947795,0.5364617559546507,8186_8176,0.0,0.0,0.0,222,2,9,1,222,1,222,0,1,221,9,528,FL-528 E,E,Freeway,0.783069502972,0.0,8186,8176,E,2,65863,7,528,89199,65863,70,44,65.0,0.0128341107641,1,37831.005747126444,67.07667522800932,2.0260085853471814,0.030253211214452815,2.3492624466938885,1.2484819620439653,0.5324360554297821,10.540884303240539,-0.2445338219600851,1
1442,0,48449.8085106383,60.29406650950033,3.7208712025336097,0.0619200467279158,5.210600763436977,3.4932031250836437,0.6659214806824175,47101.3085106383,66.01378020423678,2.6043792846963143,0.0395902733147518,3.3537330886836254,2.1099662754028867,0.6207819800239154,8190_8186,0.0,0.0,0.0,221,2,8,1,221,1,221,0,1,220,8,528,FL-528 E,E,Freeway,0.420730895759,0.0,8190,8186,E,2,65863,6,528,89199,65863,65,47,65.0,0.00689468015209,1,47775.5585106383,63.15392335686856,3.1626252436149622,0.0507551600213338,4.2821669260603015,2.8015847002432652,0.6433517303531664,10.774269459477363,-0.865761852149437,1
1443,1,47922.41666666666,60.22577568142085,3.901177132565618,0.06496840413917429,5.121997233109789,3.5164523320379133,0.6820836002672434,46614.28125,65.93806502230014,2.6193309713698922,0.03993970155734724,3.3137982781414053,2.118862017119112,0.6301648814315958,8190_8186,0.5,0.5,0.0,221,2,8,1,221,1,221,0,1,220,8,528,FL-528 E,E,Freeway,0.420730895759,0.0,8190,8186,E,2,65863,6,528,89199,65863,65,47,65.0,0.00689468015209,1,47268.34895833333,63.08192035186049,3.260254051967755,0.05245405284826077,4.2178977556255965,2.8176571745785126,0.6561242408494196,10.763596195280808,-0.865761852149437,1
1444,2,48437.3052631579,60.148853300344655,3.835193389271156,0.06390877588221268,5.2013368502236705,3.4984746017534762,0.6701574255658042,47175.073684210525,65.83206227700005,2.6444578083207038,0.040492530456710855,3.4186011354595887,2.177511732741459,0.6227412838373515,8190_8186,0.5,0.0,0.5,221,2,8,1,221,1,221,0,1,220,8,528,FL-528 E,E,Freeway,0.420730895759,0.0,8190,8186,E,2,65863,6,528,89199,65863,65,47,65.0,0.00689468015209,1,47806.18947368421,62.99045778867235,3.23982559879593,0.052200653169461764,4.30996899284163,2.8379931672474674,0.6464493547015778,10.774910396994002,-0.865761852149437,1
1445,3,49751.155555555546,59.993150217805045,4.15267994974791,0.06959570467595798,5.439315210848348,3.7109914774506136,0.6731668439813613,48569.23333333333,65.63821693853842,3.1108077708420963,0.04786689730026932,3.5848201043497427,2.3658559808364794,0.6385026993822063,8190_8186,0.5,0.0,0.5,221,2,8,1,221,1,221,0,1,220,8,528,FL-528 E,E,Freeway,0.420730895759,0.0,8190,8186,E,2,65863,6,528,89199,65863,65,47,65.0,0.00689468015209,1,49160.19444444444,62.81568357817173,3.631743860295003,0.05873130098811365,4.5120676575990455,3.0384237291435463,0.6558347716817838,10.802839519010726,-0.865761852149437,1
1446,4,52532.638297872334,60.24662845854555,3.466551353078652,0.057718079750232326,5.525837429881173,3.3579502177435776,0.6059487503741161,51111.17021276597,66.0322992492319,2.291177770199191,0.034789556112555964,3.5711898386861707,1.9848197433816508,0.5531413227354883,8190_8186,0.0,0.0,0.0,221,2,8,1,221,1,221,0,1,220,8,528,FL-528 E,E,Freeway,0.420730895759,0.0,8190,8186,E,2,65863,6,528,89199,65863,65,47,65.0,0.00689468015209,1,51821.904255319154,63.13946385388873,2.8788645616389212,0.046253817931394145,4.5485136342836725,2.671384980562614,0.5795450365548023,10.855568200938404,-0.865761852149437,1
1447,5,41904.67391304348,61.92199927786582,1.8019193122510717,0.029218436621505695,3.8654152854127664,1.8619469116731044,0.4712534889549265,40942.55434782609,67.25164767503715,1.888575622983668,0.028114381019398484,2.5622411605059177,1.1283875503012557,0.4404394828071912,8190_8186,0.0,0.0,0.0,221,2,8,1,221,1,221,0,1,220,8,528,FL-528 E,E,Freeway,0.420730895759,0.0,8190,8186,E,2,65863,6,528,89199,65863,65,47,65.0,0.00689468015209,1,41423.614130434784,64.58682347645149,1.8452474676173698,0.02866640882045209,3.213828222959342,1.49516723098718,0.45584648588105886,10.631606386827103,-0.865761852149437,1
1448,6,37840.9540229885,62.222502612077434,1.8509367791186002,0.0297866068584578,3.3855511919725494,1.8196751336153307,0.5381121597455693,36839.77011494253,67.48549512164479,2.0448163841330858,0.030342090554010867,2.243619286901347,1.182750205693151,0.5284103549049135,8190_8186,0.0,0.0,0.0,221,2,8,1,221,1,221,0,1,220,8,528,FL-528 E,E,Freeway,0.420730895759,0.0,8190,8186,E,2,65863,6,528,89199,65863,65,47,65.0,0.00689468015209,1,37340.362068965514,64.8539988668611,1.947876581625843,0.030064348706234333,2.814585239436948,1.5012126696542407,0.5332612573252413,10.527830113593039,-0.865761852149437,1
1449,0,36278.516483516476,58.29392821741673,6.295055698498106,0.1086133817308897,5.755701367894456,5.318558936820223,0.9078607494095924,48449.8085106383,60.29406650950033,3.7208712025336097,0.0619200467279158,5.210600763436977,3.4932031250836437,0.6659214806824175,8296_8190,1.0,0.5,0.5,220,2,7,1,220,1,220,0,1,219,7,528,FL-528 E,E,Freeway,0.7367734431499999,0.0,8296,8190,E,2,65863,6,528,89199,65863,55,62,55.0,0.0121089209274,1,42364.162497077385,59.29399736345853,5.007963450515858,0.08526671422940275,5.483151065665717,4.405881030951933,0.786891115046005,10.6540580596912,-0.3054748381895368,1
1450,1,37093.43010752688,58.14123246134624,6.753295905864986,0.11665735953468807,5.897235379244944,5.564591081259255,0.9278116922514223,47922.41666666666,60.22577568142085,3.901177132565618,0.06496840413917429,5.121997233109789,3.5164523320379133,0.6820836002672434,8296_8190,1.5,0.5,1.0,220,2,7,1,220,1,220,0,1,219,7,528,FL-528 E,E,Freeway,0.7367734431499999,0.0,8296,8190,E,2,65863,6,528,89199,65863,55,62,55.0,0.0121089209274,1,42507.92338709677,59.183504071383545,5.327236519215302,0.09081288183693118,5.509616306177366,4.540521706648584,0.8049476462593328,10.657445770173675,-0.3054748381895368,1
1451,2,37960.119565217385,58.029342997799475,6.8041007350477125,0.11780134610981045,6.037671369651519,5.6268299714308885,0.918298623462339,48437.3052631579,60.148853300344655,3.835193389271156,0.06390877588221268,5.2013368502236705,3.4984746017534762,0.6701574255658042,8296_8190,1.0,0.0,1.0,220,2,7,1,220,1,220,0,1,219,7,528,FL-528 E,E,Freeway,0.7367734431499999,0.0,8296,8190,E,2,65863,6,528,89199,65863,55,62,55.0,0.0121089209274,1,43198.71241418764,59.089098149072065,5.319647062159435,0.09085506099601157,5.619504109937594,4.562652286592183,0.7942280245140716,10.67356596856088,-0.3054748381895368,1
1452,3,38219.11494252874,57.963128776777324,6.89191751118276,0.11962038714457188,6.12000206380682,5.6331025095793645,0.9025034072237984,49751.155555555546,59.993150217805045,4.15267994974791,0.06959570467595798,5.439315210848348,3.7109914774506136,0.6731668439813613,8296_8190,2.5,2.5,0.0,220,2,7,1,220,1,220,0,1,219,7,528,FL-528 E,E,Freeway,0.7367734431499999,0.0,8296,8190,E,2,65863,6,528,89199,65863,55,62,55.0,0.0121089209274,1,43985.13524904214,58.97813949729118,5.5222987304653355,0.09460804591026492,5.779658637327584,4.672046993514989,0.7878351256025798,10.691607020572173,-0.3054748381895368,1
1453,4,40338.769230769234,58.4539519512148,5.663060230704698,0.09747185984144202,6.090432293184173,4.809345417414819,0.7773925910303919,52532.638297872334,60.24662845854555,3.466551353078652,0.057718079750232326,5.525837429881173,3.3579502177435776,0.6059487503741161,8296_8190,1.5,0.5,1.0,220,2,7,1,220,1,220,0,1,219,7,528,FL-528 E,E,Freeway,0.7367734431499999,0.0,8296,8190,E,2,65863,6,528,89199,65863,55,62,55.0,0.0121089209274,1,46435.70376432079,59.350290204880174,4.564805791891675,0.07759496979583717,5.8081348615326736,4.083647817579198,0.691670670702254,10.745823919997505,-0.3054748381895368,1
1454,5,31439.022727272728,60.632309047174274,2.2230133738860047,0.03676635977640845,3.960451460952021,1.920965710164248,0.4782754290098261,41904.67391304348,61.92199927786582,1.8019193122510717,0.029218436621505695,3.8654152854127664,1.8619469116731044,0.4712534889549265,8296_8190,0.0,0.0,0.0,220,2,7,1,220,1,220,0,1,219,7,528,FL-528 E,E,Freeway,0.7367734431499999,0.0,8296,8190,E,2,65863,6,528,89199,65863,55,62,55.0,0.0121089209274,1,36671.848320158104,61.27715416252005,2.0124663430685383,0.03299239819895707,3.9129333731823936,1.8914563109186764,0.4747644589823763,10.509764663944514,-0.3054748381895368,1
1455,6,26154.66666666667,60.969920337185954,2.3130734838782616,0.03799071810167046,3.2070028001114044,1.766640899664326,0.5502437401839354,37840.9540229885,62.222502612077434,1.8509367791186002,0.0297866068584578,3.3855511919725494,1.8196751336153307,0.5381121597455693,8296_8190,0.5,0.5,0.0,220,2,7,1,220,1,220,0,1,219,7,528,FL-528 E,E,Freeway,0.7367734431499999,0.0,8296,8190,E,2,65863,6,528,89199,65863,55,62,55.0,0.0121089209274,1,31997.810344827587,61.596211474631694,2.082005131498431,0.033888662480064134,3.2962769960419767,1.7931580166398282,0.5441779499647523,10.373422752716511,-0.3054748381895368,1
1456,0,57174.04255319149,61.055105680526246,5.808658940546278,0.0955356041793541,4.62978267558563,3.86338155091506,0.8203656129459309,36278.516483516476,58.29392821741673,6.295055698498106,0.1086133817308897,5.755701367894456,5.318558936820223,0.9078607494095924,8301_8296,0.0,0.0,0.0,219,2,6,1,219,1,219,0,1,218,6,528,FL-528 E,E,Freeway,0.213732098865,0.0,8301,8296,E,2,65863,4,528,71692,65863,55,55,55.0,0.0035130536072,1,46726.279518353986,59.67451694897149,6.051857319522192,0.1020744929551219,5.1927420217400435,4.590970243867641,0.8641131811777616,10.752062015969246,-1.543031922672327,0
1457,1,56083.02083333334,60.75316386941634,6.5625891796343145,0.10845020281527484,4.691050947827279,4.208335435979324,0.8815741991677131,37093.43010752688,58.14123246134624,6.753295905864986,0.11665735953468807,5.897235379244944,5.564591081259255,0.9278116922514223,8301_8296,0.5,0.5,0.0,219,2,6,1,219,1,219,0,1,218,6,528,FL-528 E,E,Freeway,0.213732098865,0.0,8301,8296,E,2,65863,4,528,71692,65863,55,55,55.0,0.0035130536072,1,46588.225470430116,59.447198165381295,6.65794254274965,0.11255378117498147,5.294143163536111,4.8864632586192895,0.9046929457095677,10.749103115878345,-1.543031922672327,0
1458,2,57197.9052631579,60.633523731079855,6.561266543105223,0.10876384095901988,4.812516091478464,4.250306302996016,0.8692095321448695,37960.119565217385,58.029342997799475,6.8041007350477125,0.11780134610981045,6.037671369651519,5.6268299714308885,0.918298623462339,8301_8296,0.0,0.0,0.0,219,2,6,1,219,1,219,0,1,218,6,528,FL-528 E,E,Freeway,0.213732098865,0.0,8301,8296,E,2,65863,4,528,71692,65863,55,55,55.0,0.0035130536072,1,47579.012414187644,59.33143336443966,6.682683639076467,0.11328259353441517,5.425093730564992,4.938568137213452,0.8937540778036043,10.77014702731929,-1.543031922672327,0
1459,3,58636.688888888886,60.4791528223691,6.816372589367553,0.11334213889076092,4.9839835328603606,4.401906209791229,0.8662512317756722,38219.11494252874,57.963128776777324,6.89191751118276,0.11962038714457188,6.12000206380682,5.6331025095793645,0.9025034072237984,8301_8296,0.0,0.0,0.0,219,2,6,1,219,1,219,0,1,218,6,528,FL-528 E,E,Freeway,0.213732098865,0.0,8301,8296,E,2,65863,4,528,71692,65863,55,55,55.0,0.0035130536072,1,48427.90191570881,59.22114079957321,6.854145050275157,0.1164812630176664,5.55199279833359,5.017504359685297,0.8843773194997353,10.787831412462335,-1.543031922672327,0
1460,4,61252.936170212764,61.25385827859585,4.9849046690845595,0.08199826301673957,4.7977263272101975,3.4650301316231658,0.7084051638256273,40338.769230769234,58.4539519512148,5.663060230704698,0.09747185984144202,6.090432293184173,4.809345417414819,0.7773925910303919,8301_8296,0.5,0.5,0.0,219,2,6,1,219,1,219,0,1,218,6,528,FL-528 E,E,Freeway,0.213732098865,0.0,8301,8296,E,2,65863,4,528,71692,65863,55,55,55.0,0.0035130536072,1,50795.852700491,59.853905114905324,5.323982449894629,0.0897350614290908,5.444079310197186,4.137187774518992,0.7428988774280096,10.835569990479753,-1.543031922672327,0
1461,5,50504.27472527473,63.111711903004036,1.6505586814811144,0.026211583194390046,3.3201595198617224,1.3474859245504511,0.4060555515471903,31439.022727272728,60.632309047174274,2.2230133738860047,0.03676635977640845,3.960451460952021,1.920965710164248,0.4782754290098261,8301_8296,0.0,0.0,0.0,219,2,6,1,219,1,219,0,1,218,6,528,FL-528 E,E,Freeway,0.213732098865,0.0,8301,8296,E,2,65863,4,528,71692,65863,55,55,55.0,0.0035130536072,1,40971.64872627373,61.872010475089155,1.9367860276835596,0.031488971485399246,3.6403054904068717,1.6342258173573496,0.4421654902785082,10.620635612012734,-1.543031922672327,0
1462,6,46805.54651162791,63.20707797591589,1.8660606051043505,0.02958543499341118,3.0786762346405285,1.3922829923716742,0.4528441141535728,26154.66666666667,60.969920337185954,2.3130734838782616,0.03799071810167046,3.2070028001114044,1.766640899664326,0.5502437401839354,8301_8296,0.0,0.0,0.0,219,2,6,1,219,1,219,0,1,218,6,528,FL-528 E,E,Freeway,0.213732098865,0.0,8301,8296,E,2,65863,4,528,71692,65863,55,55,55.0,0.0035130536072,1,36480.10658914729,62.088499156550924,2.089567044491306,0.03378807654754082,3.1428395173759665,1.5794619460180002,0.5015439271687541,10.504522366035625,-1.543031922672327,0
1463,0,57675.161290322576,60.65934798954035,4.326652331509055,0.07185481913327245,5.425485835696707,4.013522826131712,0.725690973627457,56585.20212765957,62.11732312872447,5.203170024290415,0.08443362094450264,4.746713143904919,3.9266414594019983,0.8079560210217626,8327_8331,0.5,0.0,0.5,215,2,2,1,215,1,215,0,1,214,2,528,FL-528 E,E,Freeway,0.475330651307,0.0,8327,8331,E,2,65863,6,528,63500,65863,55,67,55.0,0.007809394302300002,1,57130.18170899108,61.388335559132415,4.7649111778997355,0.07814422003888755,5.086099489800812,3.9700821427668553,0.7668234973246097,10.953087832336434,-0.743744609103565,1
1464,1,56594.27368421053,60.14528645054598,5.4701301279239765,0.09164799037879266,5.557398660550125,4.5811123421775415,0.8052249482370978,56014.14583333334,61.60856641180374,6.3083567832166425,0.10318598792136018,4.902205517299133,4.493719685206097,0.8945243748331343,8327_8331,1.0,0.5,0.5,215,2,2,1,215,1,215,0,1,214,2,528,FL-528 E,E,Freeway,0.475330651307,0.0,8327,8331,E,2,65863,6,528,63500,65863,55,67,55.0,0.007809394302300002,1,56304.20975877193,60.876926431174866,5.889243455570309,0.09741698915007642,5.229802088924629,4.53741601369182,0.849874661535116,10.938524585022812,-0.743744609103565,1
1465,2,57313.05263157895,59.997612601268166,5.561571839768638,0.09351380648933233,5.734323629909703,4.724982770626137,0.8043631081231528,56818.789473684206,61.449389700068465,6.355912448360662,0.10417872993600398,5.020473923532523,4.581873469445454,0.891036315389298,8327_8331,2.0,1.5,0.5,215,2,2,1,215,1,215,0,1,214,2,528,FL-528 E,E,Freeway,0.475330651307,0.0,8327,8331,E,2,65863,6,528,63500,65863,55,67,55.0,0.007809394302300002,1,57065.92105263157,60.72350115066831,5.95874214406465,0.09884626821266815,5.3773987767211135,4.653428120035795,0.8476997117562254,10.95196238826981,-0.743744609103565,1
1466,3,58947.655555555546,59.85045387559022,5.940916748419283,0.10019337702980706,5.945691293903877,4.9206741583762765,0.8080435311793255,58367.26666666668,61.3260217236021,6.5409560624528575,0.10755115827336127,5.210259989089964,4.731108388180886,0.8854968171233029,8327_8331,2.5,1.5,1.0,215,2,2,1,215,1,215,0,1,214,2,528,FL-528 E,E,Freeway,0.475330651307,0.0,8327,8331,E,2,65863,6,528,63500,65863,55,67,55.0,0.007809394302300002,1,58657.461111111115,60.58823779959616,6.24093640543607,0.10387226765158417,5.577975641496921,4.8258912732785815,0.8467701741513142,10.979470060161278,-0.743744609103565,1
1467,4,62060.64893617021,60.79383678211404,3.3265225918464916,0.05532755126450452,5.681293195854456,3.514537286863665,0.6090930295753268,61875.936170212764,62.35512253341947,4.117786561273686,0.06666833517201214,4.921441979664262,3.3795964292148533,0.6722863944641059,8327_8331,1.0,1.0,0.0,215,2,2,1,215,1,215,0,1,214,2,528,FL-528 E,E,Freeway,0.475330651307,0.0,8327,8331,E,2,65863,6,528,63500,65863,55,67,55.0,0.007809394302300002,1,61968.29255319149,61.57447965776676,3.7221545765600887,0.06099794321825833,5.301367587759359,3.447066858039259,0.6406897120197164,11.034378122779916,-0.743744609103565,1
1468,5,51473.16483516483,62.30838922177286,1.5459347291135606,0.02484633248665333,4.057578681058566,1.6984186872328564,0.4188804710617797,51382.43478260869,64.18862617919511,1.8968546458805688,0.02961073691427935,3.4592523044846235,1.4553588357501213,0.4212316931600319,8327_8331,0.0,0.0,0.0,215,2,2,1,215,1,215,0,1,214,2,528,FL-528 E,E,Freeway,0.475330651307,0.0,8327,8331,E,2,65863,6,528,63500,65863,55,67,55.0,0.007809394302300002,1,51427.79980888676,63.248507700483984,1.7213946874970647,0.02722853470046634,3.758415492771595,1.5768887614914888,0.42005608211090584,10.847934157548332,-0.743744609103565,1
1469,6,47824.16279069768,62.56097608827071,1.828688860092816,0.02930324729604807,3.6412812827622365,1.7437589995736984,0.4796318516306463,47565.88505747126,64.4704815894776,2.1150109308839182,0.0329091812024838,3.1369558808249125,1.5023875000747149,0.4794442156399826,8327_8331,0.0,0.0,0.0,215,2,2,1,215,1,215,0,1,214,2,528,FL-528 E,E,Freeway,0.475330651307,0.0,8327,8331,E,2,65863,6,528,63500,65863,55,67,55.0,0.007809394302300002,1,47695.02392408447,63.51572883887415,1.9718498954883672,0.031106214249265934,3.3891185817935745,1.6230732498242066,0.47953803363531444,10.772582351184896,-0.743744609103565,1
1470,0,56585.20212765957,62.11732312872447,5.203170024290415,0.08443362094450264,4.746713143904919,3.9266414594019983,0.8079560210217626,56978.265957446805,61.415213162108564,5.660097520455658,0.0925889837905963,5.238576372424031,4.203607431491775,0.7882852811323837,8331_8341,1.0,1.0,0.0,218,2,5,1,218,1,218,0,1,217,5,528,FL-528 E,E,Freeway,0.604560913417,0.0,8331,8341,E,2,65863,6,528,63500,65863,55,59,55.0,0.00993114960298,1,56781.73404255319,61.76626814541652,5.431633772373036,0.08851130236754948,4.9926447581644755,4.0651244454468864,0.7981206510770731,10.946969969232232,-0.5032528473918276,1
1471,1,56014.14583333334,61.60856641180374,6.3083567832166425,0.10318598792136018,4.902205517299133,4.493719685206097,0.8945243748331343,56251.33333333334,61.051551965964926,6.3521023910976195,0.10461740145981904,5.320760751391074,4.668846427773711,0.8590423148007846,8331_8341,0.0,0.0,0.0,218,2,5,1,218,1,218,0,1,217,5,528,FL-528 E,E,Freeway,0.604560913417,0.0,8331,8341,E,2,65863,6,528,63500,65863,55,59,55.0,0.00993114960298,1,56132.73958333334,61.330059188884334,6.330229587157131,0.1039016946905896,5.111483134345104,4.581283056489903,0.8767833448169595,10.93547451457225,-0.5032528473918276,1
1472,2,56818.789473684206,61.449389700068465,6.355912448360662,0.10417872993600398,5.020473923532523,4.581873469445454,0.891036315389298,57135.6,60.8207851777396,6.470043272309095,0.1069951439984639,5.484780885610676,4.786187854418009,0.8547725352305726,8331_8341,0.5,0.5,0.0,218,2,5,1,218,1,218,0,1,217,5,528,FL-528 E,E,Freeway,0.604560913417,0.0,8331,8341,E,2,65863,6,528,63500,65863,55,59,55.0,0.00993114960298,1,56977.1947368421,61.13508743890404,6.412977860334879,0.10558693696723394,5.2526274045716,4.684030661931732,0.8729044253099353,10.95040637442229,-0.5032528473918276,1
1473,3,58367.26666666668,61.3260217236021,6.5409560624528575,0.10755115827336127,5.210259989089964,4.731108388180886,0.8854968171233029,58580.07777777778,60.675292461394044,6.666397356649593,0.11062638587360198,5.679023063899644,4.898030557336437,0.8426277065231564,8331_8341,2.0,1.5,0.5,218,2,5,1,218,1,218,0,1,217,5,528,FL-528 E,E,Freeway,0.604560913417,0.0,8331,8341,E,2,65863,6,528,63500,65863,55,59,55.0,0.00993114960298,1,58473.67222222223,61.00065709249807,6.603676709551225,0.10908877207348162,5.444641526494804,4.814569472758661,0.8640622618232296,10.976331884434803,-0.5032528473918276,1
1474,4,61875.936170212764,62.35512253341947,4.117786561273686,0.06666833517201214,4.921441979664262,3.3795964292148533,0.6722863944641059,61518.54255319149,61.578934217261285,4.600427140074534,0.07525966710753082,5.435116680184136,3.6306102632808512,0.6560420910254768,8331_8341,0.5,0.5,0.0,218,2,5,1,218,1,218,0,1,217,5,528,FL-528 E,E,Freeway,0.604560913417,0.0,8331,8341,E,2,65863,6,528,63500,65863,55,59,55.0,0.00993114960298,1,61697.23936170213,61.96702837534038,4.3591068506741095,0.07096400113977147,5.1782793299242,3.5051033462478522,0.6641642427447914,11.029994465970315,-0.5032528473918276,1
1475,5,51382.43478260869,64.18862617919511,1.8968546458805688,0.02961073691427935,3.4592523044846235,1.4553588357501213,0.4212316931600319,50300.369565217385,63.81685641799414,2.033288260354213,0.03191135070935525,3.8631813352827407,1.5265790791904608,0.3954905289023491,8331_8341,2.0,0.5,1.5,218,2,5,1,218,1,218,0,1,217,5,528,FL-528 E,E,Freeway,0.604560913417,0.0,8331,8341,E,2,65863,6,528,63500,65863,55,59,55.0,0.00993114960298,1,50841.40217391304,64.00274129859463,1.965071453117391,0.030761043811817303,3.6612168198836823,1.4909689574702911,0.4083611110311905,10.836466305055108,-0.5032528473918276,1
1476,6,47565.88505747126,64.4704815894776,2.1150109308839182,0.0329091812024838,3.1369558808249125,1.5023875000747149,0.4794442156399826,46611.24137931036,64.22421439200389,2.324927167959401,0.036274812650871485,3.54845110634182,1.5891104242500556,0.4480903527129307,8331_8341,0.0,0.0,0.0,218,2,5,1,218,1,218,0,1,217,5,528,FL-528 E,E,Freeway,0.604560913417,0.0,8331,8341,E,2,65863,6,528,63500,65863,55,59,55.0,0.00993114960298,1,47088.56321839082,64.34734799074074,2.2199690494216595,0.034591996926677644,3.3427034935833664,1.5457489621623852,0.46376728417645663,10.759785431376722,-0.5032528473918276,1
1477,0,56978.265957446805,61.415213162108564,5.660097520455658,0.0925889837905963,5.238576372424031,4.203607431491775,0.7882852811323837,57810.70212765957,63.987788585466426,6.190897025338372,0.09719194521505926,5.124478281358941,4.278086581545475,0.8208308804608485,8341_6947,1.0,0.5,0.5,217,2,4,1,217,1,217,0,1,216,4,528,FL-528 E,E,Freeway,0.229515974678,0.0,8341,6947,E,2,65863,6,528,63500,65863,55,60,55.0,0.0037724826158,1,57394.48404255319,62.701500873787495,5.925497272897015,0.09489046450282779,5.181527326891486,4.240847006518624,0.8045580807966162,10.957703480870432,-1.4717826454638658,1
1478,1,56251.33333333334,61.051551965964926,6.3521023910976195,0.10461740145981904,5.320760751391074,4.668846427773711,0.8590423148007846,56897.75,63.60509779424121,7.093712686786318,0.11215879768463964,5.222872354870032,4.808765894881307,0.9022190043070912,8341_6947,0.5,0.5,0.0,217,2,4,1,217,1,217,0,1,216,4,528,FL-528 E,E,Freeway,0.229515974678,0.0,8341,6947,E,2,65863,6,528,63500,65863,55,60,55.0,0.0037724826158,1,56574.54166666667,62.32832488010307,6.722907538941969,0.10838809957222933,5.271816553130552,4.738806161327509,0.8806306595539379,10.943314369128519,-1.4717826454638658,1
1479,2,57135.6,60.8207851777396,6.470043272309095,0.1069951439984639,5.484780885610676,4.786187854418009,0.8547725352305726,57879.91578947369,63.39117736151884,7.061524225114057,0.11209277862830773,5.351138020744013,4.8034652986036726,0.8798538330039547,8341_6947,0.5,0.0,0.5,217,2,4,1,217,1,217,0,1,216,4,528,FL-528 E,E,Freeway,0.229515974678,0.0,8341,6947,E,2,65863,6,528,63500,65863,55,60,55.0,0.0037724826158,1,57507.757894736846,62.105981269629225,6.765783748711575,0.10954396131338581,5.417959453177344,4.794826576510841,0.8673131841172637,10.959675137593036,-1.4717826454638658,1
1480,3,58580.07777777778,60.675292461394044,6.666397356649593,0.11062638587360198,5.679023063899644,4.898030557336437,0.8426277065231564,59279.788888888885,63.156277134983156,7.375399333916091,0.11770789261861182,5.585314636194784,5.022947478972826,0.8785952632944612,8341_6947,0.0,0.0,0.0,217,2,4,1,217,1,217,0,1,216,4,528,FL-528 E,E,Freeway,0.229515974678,0.0,8341,6947,E,2,65863,6,528,63500,65863,55,60,55.0,0.0037724826158,1,58929.933333333334,61.9157847981886,7.020898345282842,0.1141671392461069,5.632168850047214,4.9604890181546315,0.8606114849088089,10.984104446545613,-1.4717826454638658,1
1481,4,61518.54255319149,61.578934217261285,4.600427140074534,0.07525966710753082,5.435116680184136,3.6306102632808512,0.6560420910254768,62126.6914893617,64.07567399749557,5.0909394346644286,0.0800756452854801,5.327903811362826,3.7503407931935335,0.6906366397825571,8341_6947,0.0,0.0,0.0,217,2,4,1,217,1,217,0,1,216,4,528,FL-528 E,E,Freeway,0.229515974678,0.0,8341,6947,E,2,65863,6,528,63500,65863,55,60,55.0,0.0037724826158,1,61822.617021276594,62.827304107378424,4.845683287369481,0.07766765619650545,5.381510245773481,3.6904755282371924,0.673339365404017,11.032024547712718,-1.4717826454638658,1
1482,5,50300.369565217385,63.81685641799414,2.033288260354213,0.03191135070935525,3.8631813352827407,1.5265790791904608,0.3954905289023491,51188.670329670334,66.3914934321043,2.083465557125502,0.031470037833564495,3.643481954835413,1.574178947973088,0.4323440601819337,8341_6947,0.5,0.0,0.5,217,2,4,1,217,1,217,0,1,216,4,528,FL-528 E,E,Freeway,0.229515974678,0.0,8341,6947,E,2,65863,6,528,63500,65863,55,60,55.0,0.0037724826158,1,50744.519947443856,65.10417492504922,2.0583769087398576,0.031690694271459874,3.7533316450590766,1.5503790135817743,0.41391729454214143,10.834558909742475,-1.4717826454638658,1
1483,6,46611.24137931036,64.22421439200389,2.324927167959401,0.036274812650871485,3.54845110634182,1.5891104242500556,0.4480903527129307,47487.58139534884,66.70030236179939,2.2713335550975002,0.03417929017644933,3.3107916047226937,1.6487002994224018,0.4972973800410638,8341_6947,0.0,0.0,0.0,217,2,4,1,217,1,217,0,1,216,4,528,FL-528 E,E,Freeway,0.229515974678,0.0,8341,6947,E,2,65863,6,528,63500,65863,55,60,55.0,0.0037724826158,1,47049.4113873296,65.46225837690164,2.2981303615284503,0.03522705141366041,3.429621355532257,1.6189053618362288,0.47269386637699723,10.75895363457033,-1.4717826454638658,1
1484,0,55723.161290322576,61.64784723637654,2.7013255080138627,0.04402705824441341,3.1223557093268437,1.6315149221873677,0.5217640785617778,96752.51612903227,66.28698804188839,2.90350814407673,0.04399886862853735,3.6425523711897374,2.105473126238011,0.5745082718731986,11452_8329,0.5,0.0,0.5,187,2,3,1,187,1,187,0,1,186,3,528,FL-528 W,W,Freeway,0.396100453277,0.0,11452,8329,W,2,65863,6,528,80539,65863,55,67,55.0,0.006507565175229999,1,76237.83870967742,63.967417639132464,2.802416826045296,0.04401296343647538,3.3824540402582906,1.8684940242126893,0.5481361752174883,11.241613189417304,-0.9260874300050093,1
1485,1,54631.15625,61.567128463124774,2.804345853309387,0.04581198719293058,3.0597224851864415,1.5836438864394902,0.5193283403262952,93126.54736842106,66.24824412617852,3.0132304402546515,0.04567425438624965,3.530584568341306,2.0321098108712707,0.5793017239074745,11452_8329,1.5,1.5,0.0,187,2,3,1,187,1,187,0,1,186,3,528,FL-528 W,W,Freeway,0.396100453277,0.0,11452,8329,W,2,65863,6,528,80539,65863,55,67,55.0,0.006507565175229999,1,73878.85180921052,63.90768629465165,2.908788146782019,0.045743120789590114,3.295153526763874,1.8078768486553805,0.5493150321168848,11.21018189289856,-0.9260874300050093,1
1486,2,55924.031578947375,61.4913204482364,2.8248449275979937,0.04616437863460263,3.143419152756785,1.6697896204283051,0.5299531364063149,97958.83157894736,66.07347728413943,3.0757405605943657,0.04679308838291449,3.635627888732648,2.1208424024872254,0.5810150119909147,11452_8329,1.0,1.0,0.0,187,2,3,1,187,1,187,0,1,186,3,528,FL-528 W,W,Freeway,0.396100453277,0.0,11452,8329,W,2,65863,6,528,80539,65863,55,67,55.0,0.006507565175229999,1,76941.43157894736,63.78239886618792,2.9502927440961795,0.04647873350875856,3.3895235207447163,1.8953160114577652,0.5554840741986148,11.250799782566089,-0.9260874300050093,1
1487,3,57071.12222222223,61.57427224777036,2.7379349511526043,0.04471552296437556,3.2179870976563536,1.660327715504373,0.5150713978751593,96864.5,66.14110495997599,3.23676051651187,0.04941857164516463,3.798026313940761,2.252793976609896,0.585682309783506,11452_8329,0.5,0.0,0.5,187,2,3,1,187,1,187,0,1,186,3,528,FL-528 W,W,Freeway,0.396100453277,0.0,11452,8329,W,2,65863,6,528,80539,65863,55,67,55.0,0.006507565175229999,1,76967.8111111111,63.85768860387317,2.9873477338322374,0.0470670473047701,3.5080067057985573,1.9565608460571347,0.5503768538293327,11.251142575915742,-0.9260874300050093,1
1488,4,60965.8085106383,61.89483315124389,2.4563880498727584,0.03982877437995657,3.3531587042363213,1.6611138677451454,0.4959002492901236,104544.58510638298,66.58303157049973,2.6405796943694675,0.03977659733394829,3.9470426322042056,2.12173150992443,0.5394782860998133,11452_8329,2.0,1.5,0.5,187,2,3,1,187,1,187,0,1,186,3,528,FL-528 W,W,Freeway,0.396100453277,0.0,11452,8329,W,2,65863,6,528,80539,65863,55,67,55.0,0.006507565175229999,1,82755.19680851063,64.23893236087181,2.548483872121113,0.03980268585695243,3.6501006682202632,1.8914226888347876,0.5176892676949685,11.323642092578696,-0.9260874300050093,1
1489,5,51466.239130434784,62.597634570937394,2.296363226337456,0.036726310204438894,2.658466143094663,1.325458966406813,0.4986643972185351,94479.73626373627,67.31232965985508,2.4322917488541544,0.03618936323935763,3.229078801795985,1.7794682569913798,0.5527722158950927,11452_8329,1.0,0.5,0.5,187,2,3,1,187,1,187,0,1,186,3,528,FL-528 W,W,Freeway,0.396100453277,0.0,11452,8329,W,2,65863,6,528,80539,65863,55,67,55.0,0.006507565175229999,1,72972.98769708553,64.95498211539623,2.364327487595805,0.036457836721898264,2.943772472445324,1.5524636116990964,0.525718306556814,11.197844620105188,-0.9260874300050093,1
1490,6,45026.77011494253,62.627460587512466,2.5527759217638515,0.0408581107644946,2.3193805092127606,1.1943898764864738,0.5164895208896653,86854.04651162791,67.24183659940812,2.7336779775835223,0.040791856094904634,2.8426954722279216,1.646515949988336,0.5811470167725314,11452_8329,0.5,0.5,0.0,187,2,3,1,187,1,187,0,1,186,3,528,FL-528 W,W,Freeway,0.396100453277,0.0,11452,8329,W,2,65863,6,528,80539,65863,55,67,55.0,0.006507565175229999,1,65940.40831328521,64.9346485934603,2.6432269496736867,0.04082498342969962,2.581037990720341,1.4204529132374049,0.5488182688310983,11.096506708800746,-0.9260874300050093,1
1491,0,26937.138297872334,77.15165511631625,3.1529137370642637,0.04174068657847008,3.8028774314246783,2.667818707681874,0.6927285086194481,26713.735632183907,68.94290539121481,3.3282776032883827,0.04870912784310996,2.705006250744636,1.7605344717837448,0.6435859294473374,5943_6937,4.0,2.5,1.5,213,2,29,1,213,1,213,0,1,212,29,528,FL-528 W,W,Freeway,2.2298043904599996,0.0,5943,6937,W,2,99999,4,528,51210,99999,70,63,70.0,0.0366512796462,0,26825.436965028122,73.04728025376554,3.240595670176323,0.04522490721079002,3.2539418410846572,2.2141765897328094,0.6681572190333928,10.197105856836055,0.8019138643421302,0
1492,1,25512.08333333333,77.03111975740292,3.3311396051730213,0.044273048104298836,3.6088931099546953,2.419708423355647,0.6658166690972462,25384.66666666667,69.10085920025467,3.4632235740230417,0.05079754309579581,2.63806195835006,1.7014784370353402,0.6323728964358268,5943_6937,0.5,0.0,0.5,213,2,29,1,213,1,213,0,1,212,29,528,FL-528 W,W,Freeway,2.2298043904599996,0.0,5943,6937,W,2,99999,4,528,51210,99999,70,63,70.0,0.0366512796462,0,25448.375,73.0659894788288,3.3971815895980315,0.04753529560004732,3.1234775341523777,2.0605934301954933,0.6490947827665365,10.144407169252505,0.8019138643421302,0
1493,2,25988.178947368422,77.01313559934955,3.0970156718014965,0.04103832841102911,3.6698926805632666,2.4019897204389817,0.6546599406720854,25923.14606741573,69.2589392938407,3.355555245957821,0.04903154762997978,2.66849998464444,1.6650008271122638,0.6191042931118098,5943_6937,3.0,1.0,2.0,213,2,29,1,213,1,213,0,1,212,29,528,FL-528 W,W,Freeway,2.2298043904599996,0.0,5943,6937,W,2,99999,4,528,51210,99999,70,63,70.0,0.0366512796462,0,25955.662507392077,73.13603744659513,3.2262854588796586,0.04503493802050444,3.1691963326038533,2.033495273775623,0.6368821168919476,10.164145073167393,0.8019138643421302,0
1494,3,27167.377777777783,77.17716924192472,2.8767848529262463,0.038898415675403454,3.920123849380607,2.6186204011317864,0.6494132859976829,26869.5,69.28355435207011,3.115881557064032,0.04535373834677875,2.7654952357300764,1.6874099297450584,0.6035619106905923,5943_6937,0.5,0.5,0.0,213,2,29,1,213,1,213,0,1,212,29,528,FL-528 W,W,Freeway,2.2298043904599996,0.0,5943,6937,W,2,99999,4,528,51210,99999,70,63,70.0,0.0366512796462,0,27018.438888888893,73.23036179699741,2.996333204995139,0.0421260770110911,3.342809542555342,2.1530151654384224,0.6264875983441376,10.20427483371218,0.8019138643421302,0
1495,4,30956.138297872334,77.4494871677154,3.0398338544903587,0.0396918817111858,4.295258113431884,2.8472405569585635,0.6599845582508445,30489.111111111117,69.10993973017207,3.212805543052938,0.04687956743364309,3.03429569643154,1.8772864561196017,0.6103404380848451,5943_6937,2.5,1.5,1.0,213,2,29,1,213,1,213,0,1,212,29,528,FL-528 W,W,Freeway,2.2298043904599996,0.0,5943,6937,W,2,99999,4,528,51210,99999,70,63,70.0,0.0366512796462,0,30722.624704491725,73.27971344894374,3.126319698771648,0.04328572457241445,3.664776904931712,2.3622635065390827,0.6351624981678448,10.332754623211194,0.8019138643421302,0
1496,5,28675.42391304348,78.64388013243929,2.5560391597743783,0.03271890391460325,3.5136696349771595,2.4239256989859723,0.6881304396711151,28520.03488372093,69.65528274581786,2.9573532007529133,0.04270414368049225,2.502590889716227,1.6142167298969796,0.6416306225383078,5943_6937,1.0,0.5,0.5,213,2,29,1,213,1,213,0,1,212,29,528,FL-528 W,W,Freeway,2.2298043904599996,0.0,5943,6937,W,2,99999,4,528,51210,99999,70,63,70.0,0.0366512796462,0,28597.729398382206,74.14958143912858,2.7566961802636456,0.03771152379754775,3.0081302623466932,2.019071214441476,0.6648805311047115,10.261082601991301,0.8019138643421302,0
1497,6,25827.022988505752,78.73468842444441,2.927050622125277,0.037542363478879945,3.075698723497703,2.2562063438681146,0.7324136460923273,25289.17073170732,69.87410402398257,3.011279351062236,0.04327997427353466,2.1768111520061986,1.4587657522614317,0.6708287579470553,5943_6937,1.5,1.0,0.5,213,2,29,1,213,1,213,0,1,212,29,528,FL-528 W,W,Freeway,2.2298043904599996,0.0,5943,6937,W,2,99999,4,528,51210,99999,70,63,70.0,0.0366512796462,0,25558.096860106536,74.30439622421349,2.9691649865937566,0.0404111688762073,2.626254937751951,1.8574860480647732,0.7016212020196912,10.148709447977046,0.8019138643421302,0
1498,0,55067.65957446809,63.538141805269184,2.908755253720688,0.04602412437472887,5.850115038491085,3.319900766350705,0.5680406601706796,54842.744680851065,61.210130434161094,2.7625053808367985,0.04557112685197709,4.681215545420601,2.5652496516882755,0.5431297551981396,6094_8344,0.0,0.0,0.0,193,2,9,1,193,1,193,0,1,192,9,528,FL-528 W,W,Freeway,0.232166139071,0.0,6094,8344,W,2,65863,6,528,63500,65863,55,56,55.0,0.00381602677137,1,54955.20212765958,62.37413611971514,2.8356303172787434,0.04579762561335298,5.265665291955843,2.9425752090194903,0.5555852076844096,10.914273625553912,-1.4603020469196877,1
1499,1,54120.15625,63.64440460280094,2.7483436072686165,0.043290097849867086,5.6972722138672856,3.2321255421366604,0.5681140514168959,53823.69791666666,61.26267027993175,2.6030153370768647,0.04264941309533226,4.538069253531186,2.4506785011568692,0.5412332523834822,6094_8344,0.5,0.5,0.0,193,2,9,1,193,1,193,0,1,192,9,528,FL-528 W,W,Freeway,0.232166139071,0.0,6094,8344,W,2,65863,6,528,63500,65863,55,56,55.0,0.00381602677137,1,53971.92708333333,62.45353744136634,2.6756794721727406,0.04296975547259967,5.117670733699236,2.841402021646765,0.554673651900189,10.8962193215406,-1.4603020469196877,1
1500,2,55162.89473684211,63.31149700857114,3.073134351592625,0.049032183478610304,5.927086097160717,3.4391264581603127,0.5775165273778858,55184.042105263165,60.95920948068506,2.865597540191803,0.047489376086314594,4.718257019818701,2.61686613821956,0.5527570798302639,6094_8344,1.0,1.0,0.0,193,2,9,1,193,1,193,0,1,192,9,528,FL-528 W,W,Freeway,0.232166139071,0.0,6094,8344,W,2,65863,6,528,63500,65863,55,56,55.0,0.00381602677137,1,55173.46842105263,62.1353532446281,2.969365945892214,0.048260779782462446,5.322671558489709,3.0279962981899367,0.5651368036040749,10.918237472172423,-1.4603020469196877,1
1501,3,56232.31111111112,63.3194887914874,3.1403531167447998,0.0500697697732017,6.062307726954862,3.473072707799456,0.5685716828448995,56422.34444444445,61.01205503694525,2.8218485453751976,0.04667018679901117,4.805176615446888,2.593625420069564,0.5377872295443912,6094_8344,0.5,0.0,0.5,193,2,9,1,193,1,193,0,1,192,9,528,FL-528 W,W,Freeway,0.232166139071,0.0,6094,8344,W,2,65863,6,528,63500,65863,55,56,55.0,0.00381602677137,1,56327.327777777784,62.16577191421632,2.9811008310599987,0.04836997828610644,5.433742171200874,3.03334906393451,0.5531794561946453,10.93893509205905,-1.4603020469196877,1
1502,4,59797.7340425532,63.39280169028714,3.089047716853261,0.04910862503549181,6.4079377111702485,3.55006053393777,0.5492317444889987,60545.45744680851,61.098772626114254,2.7498923222561893,0.045465025529050566,5.105545499972041,2.6755528846865286,0.5182144757436092,6094_8344,0.0,0.0,0.0,193,2,9,1,193,1,193,0,1,192,9,528,FL-528 W,W,Freeway,0.232166139071,0.0,6094,8344,W,2,65863,6,528,63500,65863,55,56,55.0,0.00381602677137,1,60171.59574468086,62.2457871582007,2.9194700195547254,0.04728682528227118,5.756741605571145,3.1128067093121494,0.533723110116304,11.004955688465705,-1.4603020469196877,1
1503,5,50800.04395604396,65.00609851778445,2.516152665059121,0.03875992053195345,4.8450939899621215,2.582157247704288,0.5332259285063851,50379.04347826087,62.58727753069321,2.370176984093164,0.037924997843933626,3.892209121710689,1.9834439894205835,0.5099870272166231,6094_8344,1.0,0.5,0.5,193,2,9,1,193,1,193,0,1,192,9,528,FL-528 W,W,Freeway,0.232166139071,0.0,6094,8344,W,2,65863,6,528,63500,65863,55,56,55.0,0.00381602677137,1,50589.54371715242,63.79668802423883,2.443164824576143,0.03834245918794354,4.368651555836405,2.282800618562436,0.5216064778615042,10.831500188015271,-1.4603020469196877,1
1504,6,44438.62790697674,65.19230968425153,2.8428833574533434,0.04377229247949838,4.134547549993684,2.3371754751557425,0.5645669430496131,45089.2705882353,62.90870352669424,2.793883473777236,0.044587261667417416,3.4158571232613997,1.8615071505842,0.5436261867364824,6094_8344,0.0,0.0,0.0,193,2,9,1,193,1,193,0,1,192,9,528,FL-528 W,W,Freeway,0.232166139071,0.0,6094,8344,W,2,65863,6,528,63500,65863,55,56,55.0,0.00381602677137,1,44763.94924760602,64.05050660547289,2.8183834156152896,0.044179777073457896,3.775202336627542,2.099341312869971,0.5540965648930478,10.709158390160267,-1.4603020469196877,1
1505,0,34422.27659574468,68.14335439039925,2.698897220099643,0.039754535020455284,2.573303568607876,1.6745575214456023,0.6517671534286792,20275.795698924732,76.05264682666227,2.685844002909059,0.035610920627410336,2.7645466861359216,1.8513057909158468,0.6707203050449856,6320_6667,1.5,1.0,0.5,206,2,22,1,206,1,206,0,1,205,22,528,FL-528 W,W,Freeway,0.583377203835,0.0,6320,6667,W,2,99999,6,528,67500,99999,70,48,70.0,0.00958880925812,0,27349.036147334707,72.09800060853075,2.692370611504351,0.03768272782393281,2.6689251273718986,1.7629316561807244,0.6612437292368324,10.216436565815412,-0.5389212969862739,1
1506,1,33611.177083333336,68.2105526966234,2.698368997761465,0.03975799606030694,2.538618363489661,1.6330558614370594,0.6446014009177358,19617.23404255319,75.84315621997065,3.1840374122961252,0.042753329439863465,2.721548735467878,1.9892956805405468,0.7098594325207845,6320_6667,1.5,0.0,1.5,206,2,22,1,206,1,206,0,1,205,22,528,FL-528 W,W,Freeway,0.583377203835,0.0,6320,6667,W,2,99999,6,528,67500,99999,70,48,70.0,0.00958880925812,0,26614.205562943265,72.02685445829702,2.941203205028795,0.0412556627500852,2.6300835494787695,1.811175770988803,0.6772304167192602,10.189200395938865,-0.5389212969862739,1
1507,2,34017.31578947369,68.24075066405612,2.6084295721607216,0.03831550454718299,2.5763581323396725,1.6317049187856598,0.6342374444805984,19632.817204301078,75.89852741274994,2.9884878848890644,0.039690566783598336,2.7048014306689825,1.7974316807401878,0.6625296621256217,6320_6667,1.0,1.0,0.0,206,2,22,1,206,1,206,0,1,205,22,528,FL-528 W,W,Freeway,0.583377203835,0.0,6320,6667,W,2,99999,6,528,67500,99999,70,48,70.0,0.00958880925812,0,26825.066496887383,72.06963903840304,2.798458728524893,0.039003035665390665,2.6405797815043277,1.7145682997629237,0.64838355330311,10.197092046410548,-0.5389212969862739,1
1508,3,35601.93258426966,68.17040409656853,2.632339633667669,0.03869994556220553,2.677094289458526,1.6629299173889551,0.621443587235141,20493.102272727272,75.98217078811312,2.82921275489641,0.03744478756859779,2.808214209970472,1.7929280061902626,0.6389711736611912,6320_6667,1.0,0.5,0.5,206,2,22,1,206,1,206,0,1,205,22,528,FL-528 W,W,Freeway,0.583377203835,0.0,6320,6667,W,2,99999,6,528,67500,99999,70,48,70.0,0.00958880925812,0,28047.517428498468,72.07628744234083,2.7307761942820394,0.03807236656540166,2.742654249714499,1.7279289617896088,0.630207380448166,10.241655401811153,-0.5389212969862739,1
1509,4,38999.64893617021,68.04763345361566,2.6120078122203374,0.03851270085393985,2.8606045331017027,1.6976252699465737,0.5950226781157772,22096.717391304344,76.33131938346766,2.569044978258083,0.03382444013418896,3.0251968763633195,1.8957382906559896,0.6281336090169508,6320_6667,1.5,1.5,0.0,206,2,22,1,206,1,206,0,1,205,22,528,FL-528 W,W,Freeway,0.583377203835,0.0,6320,6667,W,2,99999,6,528,67500,99999,70,48,70.0,0.00958880925812,0,30548.183163737278,72.18947641854166,2.59052639523921,0.03616857049406441,2.9429007047325113,1.7966817803012818,0.6115781435663641,10.327060491922513,-0.5389212969862739,1
1510,5,34411.913043478264,68.8572535482759,2.383869175071187,0.03465805070290322,2.222363878083067,1.3511199138703462,0.6080539764779965,19705.47777777777,77.52330441702998,2.4692600544559458,0.031944117214907065,2.4026904369159285,1.5625900653886091,0.650978036575515,6320_6667,0.0,0.0,0.0,206,2,22,1,206,1,206,0,1,205,22,528,FL-528 W,W,Freeway,0.583377203835,0.0,6320,6667,W,2,99999,6,528,67500,99999,70,48,70.0,0.00958880925812,0,27058.695410628017,73.19027898265294,2.426564614763566,0.033301083958905145,2.3125271574994977,1.4568549896294778,0.6295160065267558,10.205763689573235,-0.5389212969862739,1
1511,6,30130.77011494253,69.20129506036228,2.616972175580774,0.037912580326235006,1.9018492101253015,1.2481097795347886,0.6540213235695824,17564.647058823528,77.57115202311876,2.7911498636808485,0.03609163595121578,2.042695653834105,1.384070925965012,0.6797606742273251,6320_6667,0.5,0.5,0.0,206,2,22,1,206,1,206,0,1,205,22,528,FL-528 W,W,Freeway,0.583377203835,0.0,6320,6667,W,2,99999,6,528,67500,99999,70,48,70.0,0.00958880925812,0,23847.70858688303,73.38622354174052,2.704061019630811,0.03700210813872539,1.9722724319797031,1.3160903527499004,0.6668909988984537,10.079443415679215,-0.5389212969862739,1
1512,0,24742.319148936167,75.21044356769286,3.297960202348773,0.04443881115660009,3.3576568406879552,2.575747581232492,0.7386415827482529,26731.161290322583,66.83886948800517,3.474878618460832,0.05341382510535456,2.682093184790609,1.9721402807714337,0.7072091692104391,6598_8091,1.5,1.0,0.5,186,2,1,1,186,1,186,0,1,185,1,528,FL-528 W,W,Freeway,1.14923929654,0.0,6598,8091,S,3,99999,4,520,18615,99999,70,55,70.0,0.0188902569819,0,25736.740219629377,71.02465652784902,3.3864194104048027,0.04892631813097732,3.0198750127392824,2.2739439310019627,0.7229253759793459,10.155674830536226,0.1391002422303319,0
1513,1,23028.86458333333,75.2747881112745,3.0472091428848205,0.040953653133714366,3.0713190868629474,2.1281356880371995,0.683444727788136,25247.326315789483,66.92495942116537,3.229255605166161,0.049011104241114815,2.4713424611520267,1.7123262013972105,0.6782997156076385,6598_8091,0.5,0.5,0.0,186,2,1,1,186,1,186,0,1,185,1,528,FL-528 W,W,Freeway,1.14923929654,0.0,6598,8091,S,3,99999,4,520,18615,99999,70,55,70.0,0.0188902569819,0,24138.095449561406,71.09987376621993,3.138232374025491,0.04498237868741459,2.7713307740074873,1.920230944717205,0.6808722216978873,10.0915465954977,0.1391002422303319,0
1514,2,23548.831578947367,75.32061976858738,2.8027864841172745,0.03774876694837265,3.1243071152472077,2.0732846200036117,0.662844516132935,25867.872340425532,67.10336241899577,2.7588772783865028,0.04133908433950592,2.495680345212335,1.5818868397948538,0.6353372399427204,6598_8091,1.5,1.5,0.0,186,2,1,1,186,1,186,0,1,185,1,528,FL-528 W,W,Freeway,1.14923929654,0.0,6598,8091,S,3,99999,4,520,18615,99999,70,55,70.0,0.0188902569819,0,24708.35195968645,71.21199109379157,2.7808318812518884,0.039543925643939284,2.8099937302297713,1.8275857298992326,0.6490908780378277,10.114896601480662,0.1391002422303319,0
1515,3,24825.555555555562,75.18816895799885,3.1812777298027086,0.04312755033438617,3.334661305279858,2.260963420467234,0.6688274457819674,27165.696629213482,67.03646232380089,3.1614036552302123,0.0482152205874969,2.699895884109284,1.8729697383813555,0.6636398354656443,6598_8091,0.5,0.5,0.0,186,2,1,1,186,1,186,0,1,185,1,528,FL-528 W,W,Freeway,1.14923929654,0.0,6598,8091,S,3,99999,4,520,18615,99999,70,55,70.0,0.0188902569819,0,25995.626092384522,71.11231564089988,3.1713406925164604,0.04567138546094154,3.017278594694571,2.066966579424295,0.6662336406238059,10.165683575635853,0.1391002422303319,0
1516,4,28360.59574468085,75.60367192975299,2.670831367773112,0.03563171174973016,3.720637875374831,2.4842571647876506,0.6613397281495408,30666.52688172043,67.38008725982317,2.7751807861445346,0.04139826860603408,2.923139539854492,1.94703093419384,0.6598766846282806,6598_8091,0.5,0.5,0.0,186,2,1,1,186,1,186,0,1,185,1,528,FL-528 W,W,Freeway,1.14923929654,0.0,6598,8091,S,3,99999,4,520,18615,99999,70,55,70.0,0.0188902569819,0,29513.56131320064,71.49187959478809,2.723006076958823,0.038514990177882125,3.3218887076146615,2.2156440494907454,0.6606082063889107,10.29260514222792,0.1391002422303319,0
1517,5,26797.869565217392,76.59504101455731,2.283518521519356,0.029887974121901462,3.113051958190822,2.1511014938284068,0.6913465007727482,28169.846153846152,68.52285927168586,2.4681988563389936,0.0360589490662642,2.340127637276769,1.5740889278063033,0.67390554497716,6598_8091,1.0,1.0,0.0,186,2,1,1,186,1,186,0,1,185,1,528,FL-528 W,W,Freeway,1.14923929654,0.0,6598,8091,S,3,99999,4,520,18615,99999,70,55,70.0,0.0188902569819,0,27483.857859531774,72.55895014312159,2.375858688929175,0.032973461594082834,2.726589797733795,1.862595210817355,0.6826260228749541,10.221354124384273,0.1391002422303319,0
1518,6,24470.586206896547,76.57158692974164,2.6846391233657587,0.03519294879546175,2.7646161694902527,2.042120136801631,0.7376836118498865,25213.24705882353,68.72626937190746,3.02776941381598,0.044298314623246536,2.015044304213163,1.453930469780609,0.7226048485402197,6598_8091,1.5,1.0,0.5,186,2,1,1,186,1,186,0,1,185,1,528,FL-528 W,W,Freeway,1.14923929654,0.0,6598,8091,S,3,99999,4,520,18615,99999,70,55,70.0,0.0188902569819,0,24841.91663286004,72.64892815082456,2.8562042685908695,0.03974563170935414,2.389830236851708,1.74802530329112,0.7301442301950531,10.120287692203654,0.1391002422303319,0
1519,0,46996.287234042546,61.89413725404974,6.491778398380657,0.10543937986282792,8.527576303594442,5.78440636884742,0.6738412352983452,55009.031914893625,61.9308060214361,3.041627205969509,0.04921255515772167,5.164378443856332,2.9160225499830954,0.5640021969927501,6602_7054,0.5,0.5,0.0,192,2,8,1,192,1,192,0,1,191,8,528,FL-528 W,W,Freeway,0.356748765535,0.0,6602,7054,W,2,65863,6,528,63500,65863,55,65,55.0,0.005863710190109999,1,51002.65957446808,61.91247163774292,4.766702802175083,0.07732596751027479,6.845977373725387,4.350214459415257,0.6189217161455476,10.839633058865758,-1.0307234829395173,1
1520,1,45870.09375,62.38260728399417,6.443044445728088,0.10373098342100966,8.257342532622774,5.7460654892968535,0.6924357004429874,53617.27083333334,62.15440220489053,2.9816234139625384,0.0480421418742678,4.996084458943379,2.8656912575502704,0.5786831098457054,6602_7054,0.5,0.5,0.0,192,2,8,1,192,1,192,0,1,191,8,528,FL-528 W,W,Freeway,0.356748765535,0.0,6602,7054,W,2,65863,6,528,63500,65863,55,65,55.0,0.005863710190109999,1,49743.68229166667,62.26850474444235,4.712333929845313,0.07588656264763873,6.6267134957830764,4.305878373423562,0.6355594051443464,10.814638745410711,-1.0307234829395173,1
1521,2,46823.16842105263,61.76450504200141,6.740480104376067,0.10982644152151386,8.624722466469443,5.982819082423028,0.6900357206897728,55035.97894736842,61.81267693658232,3.171654138842784,0.05148348652710761,5.2312017197437966,3.0207066110085803,0.5753750158340262,6602_7054,0.0,0.0,0.0,192,2,8,1,192,1,192,0,1,191,8,528,FL-528 W,W,Freeway,0.356748765535,0.0,6602,7054,W,2,65863,6,528,63500,65863,55,65,55.0,0.005863710190109999,1,50929.573684210525,61.78859098929186,4.956067121609426,0.08065496402431073,6.92796209310662,4.501762846715804,0.6327053682618995,10.8381990492214,-1.0307234829395173,1
1522,3,47958.6,61.50074543294369,7.1856037524364345,0.11785982998337155,8.969801083031046,6.115172606678437,0.6762176749029377,56160.31111111112,61.7213450377289,3.393513116865005,0.05521885318307915,5.383157533432285,3.0481869318209416,0.5632775682235743,6602_7054,1.5,1.5,0.0,192,2,8,1,192,1,192,0,1,191,8,528,FL-528 W,W,Freeway,0.356748765535,0.0,6602,7054,W,2,65863,6,528,63500,65863,55,65,55.0,0.005863710190109999,1,52059.455555555556,61.61104523533629,5.289558434650719,0.08653934158322535,7.176479308231665,4.581679769249689,0.619747621563256,10.860141720475346,-1.0307234829395173,1
1523,4,51204.79787234042,60.99018862657535,7.362592931664356,0.12302823884529518,9.6456594216099,6.194365443103558,0.6361517391952667,59455.031914893625,61.52373091966889,3.5352866318467333,0.0577426153390681,5.665570195741585,3.0613244955702883,0.5408968941558838,6602_7054,1.0,1.0,0.0,192,2,8,1,192,1,192,0,1,191,8,528,FL-528 W,W,Freeway,0.356748765535,0.0,6602,7054,W,2,65863,6,528,63500,65863,55,65,55.0,0.005863710190109999,1,55329.914893617024,61.25695977312212,5.448939781755545,0.09038542709218164,7.655614808675742,4.627844969336923,0.5885243166755753,10.92106899773115,-1.0307234829395173,1
1524,5,43007.608695652176,65.16779995281141,3.3644397053570936,0.05179828104250519,6.529823318046768,3.582230161796703,0.5470025342006666,50573.593406593405,63.32464809766001,2.49355325626895,0.03941981343491744,4.276793433483865,2.2103065921103044,0.5168451015037643,6602_7054,0.5,0.5,0.0,192,2,8,1,192,1,192,0,1,191,8,528,FL-528 W,W,Freeway,0.356748765535,0.0,6602,7054,W,2,65863,6,528,63500,65863,55,65,55.0,0.005863710190109999,1,46790.601051122794,64.2462240252357,2.928996480813022,0.045609047238711314,5.403308375765317,2.896268376953504,0.5319238178522154,10.753437629495277,-1.0307234829395173,1
1525,6,37874.2183908046,65.43543907050714,3.1936437236528805,0.04895548402700122,5.5253512268312415,3.0780968139831884,0.5573535246800166,44221.093023255824,63.57337834726147,2.470640232583853,0.03893514334205457,3.661975838271452,1.9495896224941407,0.5333065147097003,6602_7054,0.5,0.5,0.0,192,2,8,1,192,1,192,0,1,191,8,528,FL-528 W,W,Freeway,0.356748765535,0.0,6602,7054,W,2,65863,6,528,63500,65863,55,65,55.0,0.005863710190109999,1,41047.65570703021,64.50440870888431,2.8321419781183668,0.04394531368452789,4.593663532551346,2.5138432182386645,0.5453300196948585,10.622489005016712,-1.0307234829395173,1
1526,0,30258.24,73.37490968257059,2.5419216135800906,0.03481857986052358,3.976950216165824,2.324656963260069,0.6088256410651096,40467.27659574468,69.17147844380628,2.1638213325932028,0.03135386677533674,2.8196504105234306,1.819405650601979,0.64427716382908,6663_8065,0.5,0.5,0.0,203,2,19,1,203,1,203,0,1,202,19,528,FL-528 W,W,Freeway,0.688888188513,0.0,6663,8065,W,2,65863,4,528,77500,65863,70,68,70.0,0.0112357237646,1,35362.758297872344,71.27319406318844,2.3528714730866467,0.03308622331793016,3.3983003133446275,2.072031306931024,0.6265514024470948,10.473414519870806,-0.37267630196036766,0
1527,1,29913.636363636364,73.30978886975595,2.6957531522817173,0.03688653261195525,3.905796143364929,2.4066745521609376,0.6309558456412584,39796.65625,69.05540654865388,2.563389398576582,0.03734532463439839,2.8223457903787286,1.954027709555346,0.6773305064576641,6663_8065,1.0,0.5,0.5,203,2,19,1,203,1,203,0,1,202,19,528,FL-528 W,W,Freeway,0.688888188513,0.0,6663,8065,W,2,65863,4,528,77500,65863,70,68,70.0,0.0112357237646,1,34855.146306818184,71.18259770920491,2.6295712754291496,0.03711592862317682,3.3640709668718287,2.180351130858142,0.6541431760494613,10.458956075496488,-0.37267630196036766,0
1528,2,29013.460526315786,72.94136482533528,3.4393043542639568,0.0477334782572001,4.1159511253191665,2.6440233489229485,0.6486647911246217,40237.16842105263,68.8280716178276,2.7455604528850497,0.04008745258602643,2.8727255675370538,1.9546796382564195,0.6695347969280832,6663_8065,3.0,1.5,1.5,203,2,19,1,203,1,203,0,1,202,19,528,FL-528 W,W,Freeway,0.688888188513,0.0,6663,8065,W,2,65863,4,528,77500,65863,70,68,70.0,0.0112357237646,1,34625.31447368421,70.88471822158144,3.092432403574503,0.04391046542161327,3.49433834642811,2.299351493589684,0.6590997940263524,10.452340325720865,-0.37267630196036766,0
1529,3,30772.816901408452,73.1390069684354,2.71371328715827,0.037292683475167836,4.1006332212177785,2.3387753062045133,0.5865549843993862,41717.2,68.98127746445756,2.3661828441655888,0.03439464028697488,2.9527623668272795,1.8551360797042484,0.6252641486670822,6663_8065,0.0,0.0,0.0,203,2,19,1,203,1,203,0,1,202,19,528,FL-528 W,W,Freeway,0.688888188513,0.0,6663,8065,W,2,65863,4,528,77500,65863,70,68,70.0,0.0112357237646,1,36245.00845070423,71.06014221644648,2.539948065661929,0.035843661881071354,3.526697794022529,2.096955692954381,0.6059095665332342,10.498056952889986,-0.37267630196036766,0
1530,4,33680.17333333333,73.40077576493366,2.6459933173803587,0.03629629693359684,4.2442841840871965,2.361746372871729,0.5748435105920007,44596.5,69.27780993274351,2.1678522558740334,0.03135037493330052,3.1055270973527995,1.859865738679945,0.5977337422656099,6663_8065,0.0,0.0,0.0,203,2,19,1,203,1,203,0,1,202,19,528,FL-528 W,W,Freeway,0.688888188513,0.0,6663,8065,W,2,65863,4,528,77500,65863,70,68,70.0,0.0112357237646,1,39138.33666666667,71.33929284883858,2.406922786627196,0.033823335933448676,3.674905640719998,2.110806055775837,0.5862886264288053,10.574857743027795,-0.37267630196036766,0
1531,5,26344.434210526317,74.76283984368389,2.5303899920317634,0.03397368496468791,3.1969440968333798,1.8012858203298538,0.5865311359945883,34934.380434782615,70.52403900765637,2.232087971202464,0.03169258552442405,2.1632317088481314,1.2139540268175064,0.561860263736245,6663_8065,0.0,0.0,0.0,203,2,19,1,203,1,203,0,1,202,19,528,FL-528 W,W,Freeway,0.688888188513,0.0,6663,8065,W,2,65863,4,528,77500,65863,70,68,70.0,0.0112357237646,1,30639.407322654464,72.64343942567012,2.3812389816171136,0.03283313524455598,2.6800879028407554,1.5076199235736802,0.5741956998654166,10.330042280412043,-0.37267630196036766,0
1532,6,22338.02857142857,74.94554555360327,2.829484255630885,0.03782905875270085,2.7559112867410867,1.5339365875015087,0.5899840314810987,29991.0,70.65955854280816,2.544815154316338,0.03606000719017937,1.7929798581188592,1.0552503001640712,0.590258425761064,6663_8065,0.5,0.0,0.5,203,2,19,1,203,1,203,0,1,202,19,528,FL-528 W,W,Freeway,0.688888188513,0.0,6663,8065,W,2,65863,4,528,77500,65863,70,68,70.0,0.0112357237646,1,26164.514285714286,72.80255204820571,2.6871497049736117,0.03694453297144011,2.274445572429973,1.29459344383279,0.5901212286210813,10.172159355122224,-0.37267630196036766,0
1533,0,28895.180851063837,65.06690099216206,10.472493261012787,0.16258167141684315,6.668205361407084,9.566955052710508,1.3721627629080062,45802.296703296706,54.75589280359554,6.953779600058472,0.12811240302243165,6.928788776399918,5.52563315250787,0.7793277505020187,6664_8199,0.5,0.5,0.0,199,2,15,1,199,1,199,0,1,198,15,528,FL-528 W,W,Freeway,0.269871958387,0.0,6664,8199,W,2,65863,4,528,78462,65863,55,63,55.0,0.00443567649601,1,37348.738777180275,59.9113968978788,8.713136430535629,0.1453470372196374,6.798497068903501,7.546294102609189,1.0757452567050125,10.528054422311579,-1.3098076606618123,0
1534,1,29552.8125,64.95706076022239,10.666793098383346,0.16541885745905202,6.7900616810365175,9.808769159411762,1.3975248604225552,45203.354838709674,54.96237443697402,7.091893611274395,0.12991327187642254,6.672782812786923,5.5427056992511945,0.8174838302051377,6664_8199,0.5,0.5,0.0,199,2,15,1,199,1,199,0,1,198,15,528,FL-528 W,W,Freeway,0.269871958387,0.0,6664,8199,W,2,65863,4,528,78462,65863,55,63,55.0,0.00443567649601,1,37378.08366935483,59.9597175985982,8.87934335482887,0.1476660646677373,6.73142224691172,7.675737429331479,1.1075043453138464,10.528839813493011,-1.3098076606618123,0
1535,2,29989.957894736846,64.52253699414825,11.072573464577166,0.17346217910170345,7.114898233517318,10.193643383734187,1.3931019446345758,46422.84782608696,54.511977486614114,7.41354365264581,0.1375184582062596,7.021290041121256,5.808484686566628,0.8122533162835653,6664_8199,0.5,0.5,0.0,199,2,15,1,199,1,199,0,1,198,15,528,FL-528 W,W,Freeway,0.269871958387,0.0,6664,8199,W,2,65863,4,528,78462,65863,55,63,55.0,0.00443567649601,1,38206.4028604119,59.517257240381184,9.243058558611487,0.15549031865398152,7.068094137319287,8.001064035150408,1.1026776304590706,10.550758394695894,-1.3098076606618123,0
1536,3,30400.51111111112,64.52752386224378,11.27401982260949,0.17671185422654925,7.266859344164896,10.218398602339112,1.358217747465064,47494.70114942528,54.26570377823125,7.871242195315492,0.14691422356645578,7.388737837011822,6.151107804718933,0.8107108287021829,6664_8199,0.0,0.0,0.0,199,2,15,1,199,1,199,0,1,198,15,528,FL-528 W,W,Freeway,0.269871958387,0.0,6664,8199,W,2,65863,4,528,78462,65863,55,63,55.0,0.00443567649601,1,38947.6061302682,59.39661382023752,9.572631008962492,0.1618130388965025,7.327798590588359,8.184753203529024,1.0844642880836235,10.569972589340011,-1.3098076606618123,0
1537,4,33267.425531914894,64.70863753354608,9.935560273379927,0.15930459386446308,7.481984387095919,8.75513713394988,1.1065496453510772,50412.630434782615,53.88919088736478,7.847184237845818,0.15132610023118465,8.068637533877432,6.432656319632021,0.7549414114168194,6664_8199,0.0,0.0,0.0,199,2,15,1,199,1,199,0,1,198,15,528,FL-528 W,W,Freeway,0.269871958387,0.0,6664,8199,W,2,65863,4,528,78462,65863,55,63,55.0,0.00443567649601,1,41840.02798334876,59.29891421045543,8.891372255612872,0.15531534704782385,7.775310960486675,7.59389672679095,0.9307455283839483,10.641608767556669,-1.3098076606618123,0
1538,5,26950.41304347826,69.55204430158628,2.7361321860653227,0.03956488582183657,3.7164876428244233,2.578801345149834,0.6766208065025526,42583.20224719101,57.79599761282568,2.739491688711832,0.0477356239469899,5.008449706303322,2.7690552489088502,0.5414504280598773,6664_8199,0.0,0.0,0.0,199,2,15,1,199,1,199,0,1,198,15,528,FL-528 W,W,Freeway,0.269871958387,0.0,6664,8199,W,2,65863,4,528,78462,65863,55,63,55.0,0.00443567649601,1,34766.80764533464,63.67402095720598,2.737811937388577,0.04365025488441324,4.362468674563873,2.673928297029342,0.609035617281215,10.456418407307776,-1.3098076606618123,0
1539,6,20621.7816091954,69.95204003619583,2.6516111211302555,0.0379675734417614,2.6405641482285573,1.8241657843674213,0.6842432218168656,37464.04761904762,58.089891665323925,2.7112415368404563,0.0467665234039265,4.461825027340359,2.3804214416325173,0.529926268335064,6664_8199,0.0,0.0,0.0,199,2,15,1,199,1,199,0,1,198,15,528,FL-528 W,W,Freeway,0.269871958387,0.0,6664,8199,W,2,65863,4,528,78462,65863,55,63,55.0,0.00443567649601,1,29042.91461412151,64.02096585075988,2.681426328985356,0.04236704842284395,3.551194587784458,2.1022936129999694,0.6070847450759648,10.276529829402504,-1.3098076606618123,0
1540,0,50562.255319148935,69.50971772219944,2.860191459330254,0.04141085880202521,4.741957769471721,3.3762510686231337,0.7043629444471519,49523.478723404245,65.39194865934692,2.6022794362458344,0.03991368763044064,3.7728534243737566,2.658045488802585,0.6992403525664945,6665_8172,1.5,1.0,0.5,198,2,14,1,198,1,198,0,1,197,14,528,FL-528 W,W,Freeway,0.345362370034,0.0,6665,8172,W,2,65863,7,528,89199,65863,70,39,70.0,0.005676334743539999,1,50042.86702127659,67.45083319077318,2.7312354477880443,0.040662273216232926,4.257405596922739,3.0171482787128596,0.7018016485068233,10.820635257529435,-1.0631610652555663,1
1541,1,49967.625,69.29269780913883,3.5555161262394592,0.05166957959205909,4.76323916292768,3.6220230335889343,0.7462990674215065,49081.43157894737,65.20112396641494,3.167236951468522,0.048734678040090816,3.7794836298518457,2.8557015231661063,0.7457405529809055,6665_8172,0.0,0.0,0.0,198,2,14,1,198,1,198,0,1,197,14,528,FL-528 W,W,Freeway,0.345362370034,0.0,6665,8172,W,2,65863,7,528,89199,65863,70,39,70.0,0.005676334743539999,1,49524.52828947369,67.24691088777689,3.3613765388539907,0.050202128816074956,4.2713613963897625,3.2388622783775203,0.746019810201206,10.81022334682626,-1.0631610652555663,1
1542,2,50475.957894736835,69.16060490504033,3.645934111491139,0.053041397484634746,4.8555767896674835,3.6452631216073934,0.7385536297908382,49442.147368421065,65.05294198343347,3.2134829754304195,0.04958230817559369,3.854023469349553,2.8867306768530714,0.737958627612904,6665_8172,1.5,1.5,0.0,198,2,14,1,198,1,198,0,1,197,14,528,FL-528 W,W,Freeway,0.345362370034,0.0,6665,8172,W,2,65863,7,528,89199,65863,70,39,70.0,0.005676334743539999,1,49959.05263157895,67.1067734442369,3.4297085434607792,0.05131185283011422,4.354800129508519,3.2659968992302324,0.7382561287018711,10.818959001521272,-1.0631610652555663,1
1543,3,51973.87777777779,69.21953885917145,3.4924624899286334,0.05077863448995616,5.005878727983292,3.5888805795713763,0.7047525075485072,51871.12359550562,65.06420534230118,3.219353210147452,0.049777901297344516,4.01374166591974,2.9083014458690886,0.7115440376411128,6665_8172,1.0,0.0,1.0,198,2,14,1,198,1,198,0,1,197,14,528,FL-528 W,W,Freeway,0.345362370034,0.0,6665,8172,W,2,65863,7,528,89199,65863,70,39,70.0,0.005676334743539999,1,51922.5006866417,67.14187210073632,3.355907850038043,0.050278267893650336,4.509810196951516,3.248591012720232,0.7081482725948101,10.857507514444647,-1.0631610652555663,1
1544,4,55299.89361702128,69.58062237790746,2.5749271158011706,0.037163060100595134,5.158847389739214,3.302639243849985,0.6372956981072758,55102.075268817214,65.38522626238031,2.3925923128966304,0.036738967956406736,4.0974196191115055,2.6225996039204333,0.6374198638901034,6665_8172,1.0,0.5,0.5,198,2,14,1,198,1,198,0,1,197,14,528,FL-528 W,W,Freeway,0.345362370034,0.0,6665,8172,W,2,65863,7,528,89199,65863,70,39,70.0,0.005676334743539999,1,55200.984442919245,67.4829243201439,2.4837597143489005,0.036951014028500935,4.62813350442536,2.9626194238852093,0.6373577809986897,10.918736066217017,-1.0631610652555663,1
1545,5,43666.760869565216,71.302231730201,2.072159661517874,0.029108512727507425,3.5731057732579905,2.02304803795744,0.5663841964453215,43698.53846153846,66.88312542425666,2.054380166157478,0.030764927562801993,2.880567561080892,1.6138451725182847,0.5608584059235207,6665_8172,0.0,0.0,0.0,198,2,14,1,198,1,198,0,1,197,14,528,FL-528 W,W,Freeway,0.345362370034,0.0,6665,8172,W,2,65863,7,528,89199,65863,70,39,70.0,0.005676334743539999,1,43682.64966555184,69.09267857722884,2.0632699138376758,0.029936720145154708,3.226836667169441,1.8184466052378623,0.5636213011844211,10.684706269420381,-1.0631610652555663,1
1546,6,37479.862068965514,71.61017100195366,2.35301096641603,0.032908298578761416,2.9397924953350856,1.7427544878347252,0.5935005904437898,36887.232558139534,67.13968655046614,2.3167872517484267,0.03453517560473112,2.346893947364948,1.3955549053507543,0.592140086968363,6665_8172,0.0,0.0,0.0,198,2,14,1,198,1,198,0,1,197,14,528,FL-528 W,W,Freeway,0.345362370034,0.0,6665,8172,W,2,65863,7,528,89199,65863,70,39,70.0,0.005676334743539999,1,37183.547313552524,69.3749287762099,2.3348991090822286,0.033721737091746265,2.6433432213500168,1.5691546965927397,0.5928203387060764,10.523621665910726,-1.0631610652555663,1
1547,0,20275.795698924732,76.05264682666227,2.685844002909059,0.035610920627410336,2.7645466861359216,1.8513057909158468,0.6707203050449856,22197.52688172043,68.86983899743099,3.4560293301129037,0.050389866380607926,2.1230870932312382,1.4029877969320428,0.6592234339547289,6667_8001,0.5,0.5,0.0,205,2,21,1,205,1,205,0,1,204,21,528,FL-528 W,W,Freeway,0.400906790324,0.0,6667,8001,W,2,99999,4,528,71737,99999,70,72,70.0,0.0065895464919100005,0,21236.661290322583,72.46124291204663,3.070936666510981,0.04300039350400913,2.44381688968358,1.6271467939239448,0.6649718694998572,9.963484273279118,-0.9140263217769424,0
1548,1,19617.23404255319,75.84315621997065,3.1840374122961252,0.042753329439863465,2.721548735467878,1.9892956805405468,0.7098594325207845,21406.21875,68.56360921243974,3.7108911656164056,0.05447635180180442,2.1028307412552105,1.5016014684048082,0.6860800518783603,6667_8001,0.0,0.0,0.0,205,2,21,1,205,1,205,0,1,204,21,528,FL-528 W,W,Freeway,0.400906790324,0.0,6667,8001,W,2,99999,4,528,71737,99999,70,72,70.0,0.0065895464919100005,0,20511.726396276594,72.2033827162052,3.447464288956265,0.048614840620833946,2.412189738361544,1.7454485744726775,0.6979697421995724,9.92875202091637,-0.9140263217769424,0
1549,2,19632.817204301078,75.89852741274994,2.9884878848890644,0.039690566783598336,2.7048014306689825,1.7974316807401878,0.6625296621256217,21815.0,68.4370603834766,3.750478162781502,0.05530349917849479,2.148881450011642,1.524481917733043,0.6738235244110216,6667_8001,0.0,0.0,0.0,205,2,21,1,205,1,205,0,1,204,21,528,FL-528 W,W,Freeway,0.400906790324,0.0,6667,8001,W,2,99999,4,528,71737,99999,70,72,70.0,0.0065895464919100005,0,20723.90860215054,72.16779389811327,3.369483023835283,0.04749703298104656,2.4268414403403122,1.6609567992366154,0.6681765932683217,9.93904331768323,-0.9140263217769424,0
1550,3,20493.102272727272,75.98217078811312,2.82921275489641,0.03744478756859779,2.808214209970472,1.7929280061902626,0.6389711736611912,22591.988888888893,68.56567116995855,3.4477920876496166,0.050602368908047486,2.1728387024241416,1.3494266418506762,0.6183054594243105,6667_8001,0.0,0.0,0.0,205,2,21,1,205,1,205,0,1,204,21,528,FL-528 W,W,Freeway,0.400906790324,0.0,6667,8001,W,2,99999,4,528,71737,99999,70,72,70.0,0.0065895464919100005,0,21542.54558080808,72.27392097903584,3.1385024212730133,0.04402357823832263,2.4905264561973066,1.5711773240204694,0.6286383165427508,9.977785122966765,-0.9140263217769424,0
1551,4,22096.717391304344,76.33131938346766,2.569044978258083,0.03382444013418896,3.0251968763633195,1.8957382906559896,0.6281336090169508,24831.967741935485,68.81150567289106,3.2951434192224123,0.048095481011388316,2.3178254798336013,1.404948806156785,0.60439847085275,6667_8001,0.0,0.0,0.0,205,2,21,1,205,1,205,0,1,204,21,528,FL-528 W,W,Freeway,0.400906790324,0.0,6667,8001,W,2,99999,4,528,71737,99999,70,72,70.0,0.0065895464919100005,0,23464.342566619915,72.57141252817937,2.9320941987402476,0.04095996057278864,2.67151117809846,1.6503435484063873,0.6162660399348504,10.063237210219137,-0.9140263217769424,0
1552,5,19705.47777777777,77.52330441702998,2.4692600544559458,0.031944117214907065,2.4026904369159285,1.5625900653886091,0.650978036575515,21566.760869565216,70.29917530387111,2.9965373922395857,0.0426854533276894,1.810448484063645,1.115113216354659,0.6172064823709803,6667_8001,0.0,0.0,0.0,205,2,21,1,205,1,205,0,1,204,21,528,FL-528 W,W,Freeway,0.400906790324,0.0,6667,8001,W,2,99999,4,528,71737,99999,70,72,70.0,0.0065895464919100005,0,20636.119323671493,73.91123986045054,2.7328987233477657,0.03731478527129824,2.1065694604897867,1.338851640871634,0.6340922594732477,9.93479818465406,-0.9140263217769424,0
1553,6,17564.647058823528,77.57115202311876,2.7911498636808485,0.03609163595121578,2.042695653834105,1.384070925965012,0.6797606742273251,18845.174418604653,70.92982178974368,3.2519025117696185,0.04594687101943536,1.5515638161381575,0.9950501697885976,0.6440075900092984,6667_8001,0.0,0.0,0.0,205,2,21,1,205,1,205,0,1,204,21,528,FL-528 W,W,Freeway,0.400906790324,0.0,6667,8001,W,2,99999,4,528,71737,99999,70,72,70.0,0.0065895464919100005,0,18204.91073871409,74.25048690643122,3.0215261877252333,0.04101925348532557,1.797129734986131,1.1895605478768048,0.6618841321183118,9.809446657478265,-0.9140263217769424,0
1554,0,26713.735632183907,68.94290539121481,3.3282776032883827,0.04870912784310996,2.705006250744636,1.7605344717837448,0.6435859294473374,26616.157303370786,69.03235885777947,3.22412069117658,0.047616833991376915,2.629518692522224,2.0600489528894994,0.7306100141150923,6937_6322,0.5,0.5,0.0,211,2,27,1,211,1,211,0,1,210,27,528,FL-528 W,W,Freeway,0.549981743498,0.0,6937,6322,W,2,99999,4,528,51210,99999,70,103,70.0,0.00903988338691,0,26664.946467777347,68.98763212449714,3.2761991472324814,0.04816298091724344,2.66726247163343,1.910291712336622,0.6870979717812149,10.191105115448863,-0.5978701949465415,0
1555,1,25384.66666666667,69.10085920025467,3.4632235740230417,0.05079754309579581,2.63806195835006,1.7014784370353402,0.6323728964358268,24989.387096774193,69.3008360433209,2.982136142048311,0.04366376472213333,2.458707853118213,1.7140274526848591,0.6685132974600901,6937_6322,0.5,0.5,0.0,211,2,27,1,211,1,211,0,1,210,27,528,FL-528 W,W,Freeway,0.549981743498,0.0,6937,6322,W,2,99999,4,528,51210,99999,70,103,70.0,0.00903988338691,0,25187.026881720434,69.20084762178779,3.2226798580356766,0.04723065390896457,2.5483849057341366,1.7077529448600997,0.6504430969479584,10.13408433466033,-0.5978701949465415,0
1556,2,25923.14606741573,69.2589392938407,3.355555245957821,0.04903154762997978,2.66849998464444,1.6650008271122638,0.6191042931118098,25904.153846153848,69.48558493396345,2.696255643037194,0.03917074645340373,2.4699103740915747,1.6589006937834918,0.6516240578035449,6937_6322,0.0,0.0,0.0,211,2,27,1,211,1,211,0,1,210,27,528,FL-528 W,W,Freeway,0.549981743498,0.0,6937,6322,W,2,99999,4,528,51210,99999,70,103,70.0,0.00903988338691,0,25913.64995678479,69.37226211390208,3.0259054444975075,0.044101147041691754,2.5692051793680073,1.6619507604478778,0.6353641754576773,10.162525134217027,-0.5978701949465415,0
1557,3,26869.5,69.28355435207011,3.115881557064032,0.04535373834677875,2.7654952357300764,1.6874099297450584,0.6035619106905923,26840.068181818184,69.47097532618639,2.6804659502770685,0.03903926883302662,2.6052862678442024,1.7693002828075428,0.6539124506992677,6937_6322,0.5,0.0,0.5,211,2,27,1,211,1,211,0,1,210,27,528,FL-528 W,W,Freeway,0.549981743498,0.0,6937,6322,W,2,99999,4,528,51210,99999,70,103,70.0,0.00903988338691,0,26854.784090909092,69.37726483912826,2.8981737536705503,0.042196503589902686,2.685390751787139,1.7283551062763007,0.62873718069493,10.198199262497488,-0.5978701949465415,0
1558,4,30489.111111111117,69.10993973017207,3.212805543052938,0.04687956743364309,3.03429569643154,1.8772864561196017,0.6103404380848451,30448.60869565217,69.28704325760505,2.88924165017353,0.04220871833877926,2.9151009512054475,2.0104433894116447,0.6654336748606604,6937_6322,1.0,1.0,0.0,211,2,27,1,211,1,211,0,1,210,27,528,FL-528 W,W,Freeway,0.549981743498,0.0,6937,6322,W,2,99999,4,528,51210,99999,70,103,70.0,0.00903988338691,0,30468.859903381643,69.19849149388855,3.051023596613234,0.044544142886211176,2.974698323818494,1.943864922765623,0.6378870564727528,10.324460454259098,-0.5978701949465415,0
1559,5,28520.03488372093,69.65528274581786,2.9573532007529133,0.04270414368049225,2.502590889716227,1.6142167298969796,0.6416306225383078,28628.77528089888,69.97021534938409,2.5097622851621466,0.03616504782947982,2.3784605522121915,1.6684046978081988,0.6842057211833715,6937_6322,0.0,0.0,0.0,211,2,27,1,211,1,211,0,1,210,27,528,FL-528 W,W,Freeway,0.549981743498,0.0,6937,6322,W,2,99999,4,528,51210,99999,70,103,70.0,0.00903988338691,0,28574.405082309906,69.81274904760097,2.73355774295753,0.039434595754986035,2.4405257209642093,1.6413107138525893,0.6629181718608397,10.26026666892957,-0.5978701949465415,0
1560,6,25289.17073170732,69.87410402398257,3.011279351062236,0.04327997427353466,2.1768111520061986,1.4587657522614317,0.6708287579470553,25440.13095238096,70.1595848580593,2.670781533737049,0.03823862284303898,2.041497740759309,1.5181365050607174,0.738870124687479,6937_6322,0.5,0.5,0.0,211,2,27,1,211,1,211,0,1,210,27,528,FL-528 W,W,Freeway,0.549981743498,0.0,6937,6322,W,2,99999,4,528,51210,99999,70,103,70.0,0.00903988338691,0,25364.65084204414,70.01684444102094,2.8410304423996426,0.04075929855828682,2.109154446382754,1.4884511286610747,0.7048494413172672,10.141111784561838,-0.5978701949465415,0
1561,0,34924.75531914893,68.61665347465511,2.5542991121981755,0.037550959563067816,3.181493665940744,2.075637697888718,0.6533825231044919,34422.27659574468,68.14335439039925,2.698897220099643,0.039754535020455284,2.573303568607876,1.6745575214456023,0.6517671534286792,6953_6320,0.5,0.5,0.0,204,2,20,1,204,1,204,0,1,203,20,528,FL-528 W,W,Freeway,0.5546165182899999,0.0,6953,6320,W,2,99999,4,528,67500,99999,70,56,70.0,0.00911614714517,0,34673.515957446805,68.38000393252719,2.6265981661489093,0.03865274729176155,2.8773986172743102,1.87509760966716,0.6525748382665855,10.453731445635473,-0.5894783620932593,0
1562,1,33787.072916666664,68.63451422788859,2.5617732314014323,0.03762535352897919,3.134273912405145,2.016067367853316,0.6450177260352293,33611.177083333336,68.2105526966234,2.698368997761465,0.03975799606030694,2.538618363489661,1.6330558614370594,0.6446014009177358,6953_6320,0.5,0.5,0.0,204,2,20,1,204,1,204,0,1,203,20,528,FL-528 W,W,Freeway,0.5546165182899999,0.0,6953,6320,W,2,99999,4,528,67500,99999,70,56,70.0,0.00911614714517,0,33699.125,68.42253346225598,2.6300711145814484,0.03869167479464306,2.8364461379474033,1.8245616146451877,0.6448095634764826,10.425227151611681,-0.5894783620932593,0
1563,2,33961.3052631579,68.51415553546792,2.688784959573341,0.03961584996190259,3.2183805092621327,2.0908796372099983,0.649486203381842,34017.31578947369,68.24075066405612,2.6084295721607216,0.03831550454718299,2.5763581323396725,1.6317049187856598,0.6342374444805984,6953_6320,0.0,0.0,0.0,204,2,20,1,204,1,204,0,1,203,20,528,FL-528 W,W,Freeway,0.5546165182899999,0.0,6953,6320,W,2,99999,4,528,67500,99999,70,56,70.0,0.00911614714517,0,33989.31052631579,68.37745309976202,2.648607265867031,0.03896567725454279,2.8973693208009026,1.861292277997829,0.6418618239312202,10.433801357880595,-0.5894783620932593,0
1564,3,35798.04494382023,68.5842817648463,2.5939560479036463,0.03808534982104984,3.3141287016994494,2.0678656162870555,0.6241985696717046,35601.93258426966,68.17040409656853,2.632339633667669,0.03869994556220553,2.677094289458526,1.6629299173889551,0.621443587235141,6953_6320,0.0,0.0,0.0,204,2,20,1,204,1,204,0,1,203,20,528,FL-528 W,W,Freeway,0.5546165182899999,0.0,6953,6320,W,2,99999,4,528,67500,99999,70,56,70.0,0.00911614714517,0,35699.988764044945,68.37734293070741,2.6131478407856576,0.03839264769162769,2.995611495578988,1.8653977668380053,0.6228210784534228,10.482905653035047,-0.5894783620932593,0
1565,4,39205.04255319149,68.54442054490825,2.5579372927408843,0.0375511690059026,3.521750532797085,2.1089798729272404,0.5999297877122208,38999.64893617021,68.04763345361566,2.6120078122203374,0.03851270085393985,2.8606045331017027,1.6976252699465737,0.5950226781157772,6953_6320,0.5,0.5,0.0,204,2,20,1,204,1,204,0,1,203,20,528,FL-528 W,W,Freeway,0.5546165182899999,0.0,6953,6320,W,2,99999,4,528,67500,99999,70,56,70.0,0.00911614714517,0,39102.345744680846,68.29602699926195,2.584972552480611,0.03803193492992123,3.1911775329493937,1.9033025714369072,0.5974762329139991,10.57393773764402,-0.5894783620932593,0
1566,5,34488.032608695656,69.3954429693258,2.4155291878903817,0.03495057616257457,2.7523097710604665,1.6665141589758377,0.6047373327000178,34411.913043478264,68.8572535482759,2.383869175071187,0.03465805070290322,2.222363878083067,1.3511199138703462,0.6080539764779965,6953_6320,0.5,0.5,0.0,204,2,20,1,204,1,204,0,1,203,20,528,FL-528 W,W,Freeway,0.5546165182899999,0.0,6953,6320,W,2,99999,4,528,67500,99999,70,56,70.0,0.00911614714517,0,34449.97282608696,69.12634825880085,2.399699181480784,0.03480431343273889,2.4873368245717664,1.508817036423092,0.6063956545890072,10.447263487648662,-0.5894783620932593,0
1567,6,30366.114942528737,69.65380661125617,2.6873281847045063,0.0388221712196016,2.363869432697936,1.5455051769462045,0.6523642796104315,30130.77011494253,69.20129506036228,2.616972175580774,0.037912580326235006,1.9018492101253015,1.2481097795347886,0.6540213235695824,6953_6320,0.5,0.5,0.0,204,2,20,1,204,1,204,0,1,203,20,528,FL-528 W,W,Freeway,0.5546165182899999,0.0,6953,6320,W,2,99999,4,528,67500,99999,70,56,70.0,0.00911614714517,0,30248.442528735635,69.42755083580923,2.65215018014264,0.03836737577291831,2.132859321411619,1.3968074782404964,0.653192801590007,10.317199975480136,-0.5894783620932593,0
1568,0,22197.52688172043,68.86983899743099,3.4560293301129037,0.050389866380607926,2.1230870932312382,1.4029877969320428,0.6592234339547289,40179.066666666666,68.57353487819985,2.1240740671158345,0.031400594087079216,2.910002314859526,1.9230742116535533,0.6604343695463439,8001_8007,0.0,0.0,0.0,202,2,18,1,202,1,202,0,1,201,18,528,FL-528 W,W,Freeway,0.326578194392,0.0,8001,8007,N,2,65863,4,417,82802,65863,70,116,70.0,0.00536783559076,1,31188.29677419355,68.72168693781542,2.790051698614369,0.040895230233843574,2.516544704045382,1.663031004292798,0.6598289017505364,10.347798200037467,-1.1190858661615208,0
1569,1,21406.21875,68.56360921243974,3.7108911656164056,0.05447635180180442,2.1028307412552105,1.5016014684048082,0.6860800518783603,39241.94805194805,68.4648318315668,2.3273203585293394,0.034305241074776005,2.8583166978120103,1.935720363500464,0.6701559509787292,8001_8007,1.0,0.5,0.5,202,2,18,1,202,1,202,0,1,201,18,528,FL-528 W,W,Freeway,0.326578194392,0.0,8001,8007,N,2,65863,4,417,82802,65863,70,116,70.0,0.00536783559076,1,30324.083400974025,68.51422052200327,3.0191057620728725,0.04439079643829021,2.48057371953361,1.7186609159526363,0.6781180014285447,10.319697507501328,-1.1190858661615208,0
1570,2,21815.0,68.4370603834766,3.750478162781502,0.05530349917849479,2.148881450011642,1.524481917733043,0.6738235244110216,39725.88157894737,68.1947904163965,2.8209984414764544,0.04223499985289875,3.0120717119607967,2.125592803989281,0.6758680995110156,8001_8007,0.5,0.5,0.0,202,2,18,1,202,1,202,0,1,201,18,528,FL-528 W,W,Freeway,0.326578194392,0.0,8001,8007,N,2,65863,4,417,82802,65863,70,116,70.0,0.00536783559076,1,30770.440789473683,68.31592539993656,3.285738302128978,0.048769249515696764,2.580476580986219,1.825037360861162,0.6748458119610186,10.334309793513244,-1.1190858661615208,0
1571,3,22591.988888888893,68.56567116995855,3.4477920876496166,0.050602368908047486,2.1728387024241416,1.3494266418506762,0.6183054594243105,41142.67605633803,68.34349479316208,2.3593396114664777,0.035132216427932045,3.0464668570073736,1.9329023737366344,0.6319652591467393,8001_8007,0.5,0.5,0.0,202,2,18,1,202,1,202,0,1,201,18,528,FL-528 W,W,Freeway,0.326578194392,0.0,8001,8007,N,2,65863,4,417,82802,65863,70,116,70.0,0.00536783559076,1,31867.33247261346,68.45458298156032,2.9035658495580474,0.04286729266798976,2.6096527797157574,1.6411645077936554,0.6251353592855249,10.369336703645171,-1.1190858661615208,0
1572,4,24831.967741935485,68.81150567289106,3.2951434192224123,0.048095481011388316,2.3178254798336013,1.404948806156785,0.60439847085275,44200.44,68.65293945608076,2.150136323207333,0.031640748755665166,3.1941336798571687,1.9758709810329882,0.6180854500572767,8001_8007,1.0,1.0,0.0,202,2,18,1,202,1,202,0,1,201,18,528,FL-528 W,W,Freeway,0.326578194392,0.0,8001,8007,N,2,65863,4,417,82802,65863,70,116,70.0,0.00536783559076,1,34516.20387096774,68.73222256448591,2.7226398712148727,0.03986811488352674,2.755979579845385,1.6904098935948866,0.6112419604550133,10.449184170174892,-1.1190858661615208,0
1573,5,21566.760869565216,70.29917530387111,2.9965373922395857,0.0426854533276894,1.810448484063645,1.115113216354659,0.6172064823709803,34679.394736842114,69.97810059384078,1.9004702951810912,0.027343920486776342,2.2024950990803904,1.3112446381139296,0.5969016503690611,8001_8007,0.0,0.0,0.0,202,2,18,1,202,1,202,0,1,201,18,528,FL-528 W,W,Freeway,0.326578194392,0.0,8001,8007,N,2,65863,4,417,82802,65863,70,116,70.0,0.00536783559076,1,28123.077803203665,70.13863794885594,2.4485038437103386,0.035014686907232875,2.0064717915720176,1.2131789272342943,0.6070540663700207,10.24434579239613,-1.1190858661615208,0
1574,6,18845.174418604653,70.92982178974368,3.2519025117696185,0.04594687101943536,1.5515638161381575,0.9950501697885976,0.6440075900092984,29883.228571428568,70.20582964844463,2.151815899296772,0.03080605540543843,1.8205255476535025,1.1433990598277417,0.6294213827544659,8001_8007,0.5,0.5,0.0,202,2,18,1,202,1,202,0,1,201,18,528,FL-528 W,W,Freeway,0.326578194392,0.0,8001,8007,N,2,65863,4,417,82802,65863,70,116,70.0,0.00536783559076,1,24364.201495016612,70.56782571909416,2.7018592055331956,0.0383764632124369,1.68604468189583,1.0692246148081697,0.6367144863818821,10.100870182116587,-1.1190858661615208,0
1575,0,40179.066666666666,68.57353487819985,2.1240740671158345,0.031400594087079216,2.910002314859526,1.9230742116535533,0.6604343695463439,30258.24,73.37490968257059,2.5419216135800906,0.03481857986052358,3.976950216165824,2.324656963260069,0.6088256410651096,8007_6663,0.0,0.0,0.0,201,2,17,1,201,1,201,0,1,200,17,528,FL-528 W,W,Freeway,0.7784888730399999,0.0,8007,6663,W,2,65863,4,528,77500,65863,70,72,70.0,0.0127934915514,1,35218.653333333335,70.97422228038522,2.3329978403479625,0.0331095869738014,3.443476265512675,2.123865587456811,0.6346300053057268,10.469331145468345,-0.2504005806297522,0
1576,1,39241.94805194805,68.4648318315668,2.3273203585293394,0.034305241074776005,2.8583166978120103,1.935720363500464,0.6701559509787292,29913.636363636364,73.30978886975595,2.6957531522817173,0.03688653261195525,3.905796143364929,2.4066745521609376,0.6309558456412584,8007_6663,0.5,0.5,0.0,201,2,17,1,201,1,201,0,1,200,17,528,FL-528 W,W,Freeway,0.7784888730399999,0.0,8007,6663,W,2,65863,4,528,77500,65863,70,72,70.0,0.0127934915514,1,34577.792207792205,70.88731035066138,2.5115367554055283,0.03559588684336563,3.3820564205884693,2.1711974578307007,0.6505558983099937,10.450966911270536,-0.2504005806297522,0
1577,2,39725.88157894737,68.1947904163965,2.8209984414764544,0.04223499985289875,3.0120717119607967,2.125592803989281,0.6758680995110156,29013.460526315786,72.94136482533528,3.4393043542639568,0.0477334782572001,4.1159511253191665,2.6440233489229485,0.6486647911246217,8007_6663,2.5,2.0,0.5,201,2,17,1,201,1,201,0,1,200,17,528,FL-528 W,W,Freeway,0.7784888730399999,0.0,8007,6663,W,2,65863,4,528,77500,65863,70,72,70.0,0.0127934915514,1,34369.67105263157,70.56807762086589,3.130151397870206,0.04498423905504942,3.5640114186399816,2.384808076456115,0.6622664453178186,10.444929799027976,-0.2504005806297522,0
1578,3,41142.67605633803,68.34349479316208,2.3593396114664777,0.035132216427932045,3.0464668570073736,1.9329023737366344,0.6319652591467393,30772.816901408452,73.1390069684354,2.71371328715827,0.037292683475167836,4.1006332212177785,2.3387753062045133,0.5865549843993862,8007_6663,0.5,0.0,0.5,201,2,17,1,201,1,201,0,1,200,17,528,FL-528 W,W,Freeway,0.7784888730399999,0.0,8007,6663,W,2,65863,4,528,77500,65863,70,72,70.0,0.0127934915514,1,35957.74647887324,70.74125088079873,2.536526449312374,0.036212449951549944,3.5735500391125763,2.1358388399705737,0.6092601217730628,10.490099819182305,-0.2504005806297522,0
1579,4,44200.44,68.65293945608076,2.150136323207333,0.031640748755665166,3.1941336798571687,1.9758709810329882,0.6180854500572767,33680.17333333333,73.40077576493366,2.6459933173803587,0.03629629693359684,4.2442841840871965,2.361746372871729,0.5748435105920007,8007_6663,1.0,1.0,0.0,201,2,17,1,201,1,201,0,1,200,17,528,FL-528 W,W,Freeway,0.7784888730399999,0.0,8007,6663,W,2,65863,4,528,77500,65863,70,72,70.0,0.0127934915514,1,38940.30666666667,71.02685761050721,2.398064820293846,0.033968522844631005,3.7192089319721826,2.1688086769523585,0.5964644803246386,10.569785154258987,-0.2504005806297522,0
1580,5,34679.394736842114,69.97810059384078,1.9004702951810912,0.027343920486776342,2.2024950990803904,1.3112446381139296,0.5969016503690611,26344.434210526317,74.76283984368389,2.5303899920317634,0.03397368496468791,3.1969440968333798,1.8012858203298538,0.5865311359945883,8007_6663,0.0,0.0,0.0,201,2,17,1,201,1,201,0,1,200,17,528,FL-528 W,W,Freeway,0.7784888730399999,0.0,8007,6663,W,2,65863,4,528,77500,65863,70,72,70.0,0.0127934915514,1,30511.914473684214,72.37047021876234,2.215430143606427,0.030658802725732126,2.699719597956885,1.5562652292218917,0.5917163931818247,10.325872524797605,-0.2504005806297522,0
1581,6,29883.228571428568,70.20582964844463,2.151815899296772,0.03080605540543843,1.8205255476535025,1.1433990598277417,0.6294213827544659,22338.02857142857,74.94554555360327,2.829484255630885,0.03782905875270085,2.7559112867410867,1.5339365875015087,0.5899840314810987,8007_6663,1.5,1.0,0.5,201,2,17,1,201,1,201,0,1,200,17,528,FL-528 W,W,Freeway,0.7784888730399999,0.0,8007,6663,W,2,65863,4,528,77500,65863,70,72,70.0,0.0127934915514,1,26110.62857142857,72.57568760102396,2.4906500774638287,0.03431755707906964,2.2882184171972946,1.3386678236646252,0.6097027071177823,10.170097735376153,-0.2504005806297522,0
1582,0,50867.89361702128,67.35020631932782,2.5985297300246315,0.03887273456458492,4.3642010870320895,3.0914832069443734,0.6988903677057599,50562.255319148935,69.50971772219944,2.860191459330254,0.04141085880202521,4.741957769471721,3.3762510686231337,0.7043629444471519,8055_6665,1.5,1.5,0.0,197,2,13,1,197,1,197,0,1,196,13,528,FL-528 W,W,Freeway,0.331355761779,0.0,8055,6665,W,2,65863,6,528,89199,65863,70,63,70.0,0.005446220125270001,1,50715.074468085106,68.42996202076364,2.729360594677443,0.040141796683305066,4.553079428251905,3.2338671377837533,0.7016266560764559,10.833978472173113,-1.1045626717987225,1
1583,1,50371.89583333334,67.1276187035388,3.3658704677772033,0.05066666377391511,4.4298358535100455,3.4288915266918583,0.7498040302096248,49967.625,69.29269780913883,3.5555161262394592,0.05166957959205909,4.76323916292768,3.6220230335889343,0.7462990674215065,8055_6665,1.0,1.0,0.0,197,2,13,1,197,1,197,0,1,196,13,528,FL-528 W,W,Freeway,0.331355761779,0.0,8055,6665,W,2,65863,6,528,89199,65863,70,63,70.0,0.005446220125270001,1,50169.76041666667,68.21015825633881,3.4606932970083313,0.0511681216829871,4.596537508218862,3.5254572801403965,0.7480515488155657,10.823167742036693,-1.1045626717987225,1
1584,2,50842.13684210526,67.04402492175153,3.325384149443912,0.050043021521220435,4.487433791628421,3.383898819126614,0.7362019425881918,50475.957894736835,69.16060490504033,3.645934111491139,0.053041397484634746,4.8555767896674835,3.6452631216073934,0.7385536297908382,8055_6665,0.5,0.5,0.0,197,2,13,1,197,1,197,0,1,196,13,528,FL-528 W,W,Freeway,0.331355761779,0.0,8055,6665,W,2,65863,6,528,89199,65863,70,63,70.0,0.005446220125270001,1,50659.047368421045,68.10231491339593,3.4856591304675257,0.051542209502927594,4.671505290647952,3.5145809703670037,0.737377786189515,10.832873118965537,-1.1045626717987225,1
1585,3,52134.14444444444,67.18569496636914,3.044442746548953,0.045605889496484094,4.5908135939671935,3.25820442338334,0.6963226970939241,51973.87777777779,69.21953885917145,3.4924624899286334,0.05077863448995616,5.005878727983292,3.5888805795713763,0.7047525075485072,8055_6665,1.0,0.5,0.5,197,2,13,1,197,1,197,0,1,196,13,528,FL-528 W,W,Freeway,0.331355761779,0.0,8055,6665,W,2,65863,6,528,89199,65863,70,63,70.0,0.005446220125270001,1,52054.01111111112,68.2026169127703,3.2684526182387934,0.04819226199322013,4.7983461609752425,3.423542501477358,0.7005376023212156,10.860037133727372,-1.1045626717987225,1
1586,4,55459.585106382976,67.55663543520315,2.2461791783587493,0.033359454796294534,4.7362140653877445,2.9787783242992503,0.6268967681418198,55299.89361702128,69.58062237790746,2.5749271158011706,0.037163060100595134,5.158847389739214,3.302639243849985,0.6372956981072758,8055_6665,0.5,0.5,0.0,197,2,13,1,197,1,197,0,1,196,13,528,FL-528 W,W,Freeway,0.331355761779,0.0,8055,6665,W,2,65863,6,528,89199,65863,70,63,70.0,0.005446220125270001,1,55379.73936170213,68.5686289065553,2.41055314707996,0.035261257448444834,4.947530727563479,3.1407087840746177,0.6320962331245479,10.921969090352414,-1.1045626717987225,1
1587,5,43807.836956521736,68.88116808511032,2.1049800385472297,0.030619510931639563,3.3160133464426025,1.8956750476896544,0.5703875973255086,43666.760869565216,71.302231730201,2.072159661517874,0.029108512727507425,3.5731057732579905,2.02304803795744,0.5663841964453215,8055_6665,1.0,1.0,0.0,197,2,13,1,197,1,197,0,1,196,13,528,FL-528 W,W,Freeway,0.331355761779,0.0,8055,6665,W,2,65863,6,528,89199,65863,70,63,70.0,0.005446220125270001,1,43737.29891304347,70.09169990765565,2.0885698500325516,0.029864011829573496,3.4445595598502967,1.9593615428235474,0.568385896885415,10.685956539078486,-1.1045626717987225,1
1588,6,37571.49425287356,69.11154375148536,2.3501220111735486,0.034037022275251065,2.707647683969608,1.585563428382144,0.5862540257974215,37479.862068965514,71.61017100195366,2.35301096641603,0.032908298578761416,2.9397924953350856,1.7427544878347252,0.5935005904437898,8055_6665,0.0,0.0,0.0,197,2,13,1,197,1,197,0,1,196,13,528,FL-528 W,W,Freeway,0.331355761779,0.0,8055,6665,W,2,65863,6,528,89199,65863,70,63,70.0,0.005446220125270001,1,37525.67816091954,70.36085737671951,2.3515664887947896,0.03347266042700624,2.8237200896523467,1.6641589581084346,0.5898773081206057,10.532780728581388,-1.1045626717987225,1
1589,0,40467.27659574468,69.17147844380628,2.1638213325932028,0.03135386677533674,2.8196504105234306,1.819405650601979,0.64427716382908,50867.89361702128,67.35020631932782,2.5985297300246315,0.03887273456458492,4.3642010870320895,3.0914832069443734,0.6988903677057599,8065_8055,0.0,0.0,0.0,200,2,16,1,200,1,200,0,1,199,16,528,FL-528 W,W,Freeway,0.680578221173,0.0,8065,8055,S,3,65863,4,15,23000,65863,70,79,70.0,0.011185967621,1,45667.585106382976,68.26084238156704,2.381175531308917,0.03511330066996083,3.59192574877776,2.455444428773176,0.67158376576742,10.729144027758517,-0.3848125168792792,0
1590,1,39796.65625,69.05540654865388,2.563389398576582,0.03734532463439839,2.8223457903787286,1.954027709555346,0.6773305064576641,50371.89583333334,67.1276187035388,3.3658704677772033,0.05066666377391511,4.4298358535100455,3.4288915266918583,0.7498040302096248,8065_8055,1.5,1.5,0.0,200,2,16,1,200,1,200,0,1,199,16,528,FL-528 W,W,Freeway,0.680578221173,0.0,8065,8055,S,3,65863,4,15,23000,65863,70,79,70.0,0.011185967621,1,45084.27604166667,68.09151262609635,2.9646299331768926,0.044005994204156754,3.626090821944387,2.691459618123602,0.7135672683336445,10.7162888181732,-0.3848125168792792,0
1591,2,40237.16842105263,68.8280716178276,2.7455604528850497,0.04008745258602643,2.8727255675370538,1.9546796382564195,0.6695347969280832,50842.13684210526,67.04402492175153,3.325384149443912,0.050043021521220435,4.487433791628421,3.383898819126614,0.7362019425881918,8065_8055,1.5,1.0,0.5,200,2,16,1,200,1,200,0,1,199,16,528,FL-528 W,W,Freeway,0.680578221173,0.0,8065,8055,S,3,65863,4,15,23000,65863,70,79,70.0,0.011185967621,1,45539.652631578945,67.93604826978957,3.035472301164481,0.04506523705362343,3.6800796795827373,2.669289228691517,0.7028683697581375,10.726338711823574,-0.3848125168792792,0
1592,3,41717.2,68.98127746445756,2.3661828441655888,0.03439464028697488,2.9527623668272795,1.8551360797042484,0.6252641486670822,52134.14444444444,67.18569496636914,3.044442746548953,0.045605889496484094,4.5908135939671935,3.25820442338334,0.6963226970939241,8065_8055,0.5,0.5,0.0,200,2,16,1,200,1,200,0,1,199,16,528,FL-528 W,W,Freeway,0.680578221173,0.0,8065,8055,S,3,65863,4,15,23000,65863,70,79,70.0,0.011185967621,1,46925.672222222216,68.08348621541336,2.705312795357271,0.04000026489172949,3.7717879803972365,2.5566702515437942,0.6607934228805032,10.756320186812351,-0.3848125168792792,0
1593,4,44596.5,69.27780993274351,2.1678522558740334,0.03135037493330052,3.1055270973527995,1.859865738679945,0.5977337422656099,55459.585106382976,67.55663543520315,2.2461791783587493,0.033359454796294534,4.7362140653877445,2.9787783242992503,0.6268967681418198,8065_8055,0.0,0.0,0.0,200,2,16,1,200,1,200,0,1,199,16,528,FL-528 W,W,Freeway,0.680578221173,0.0,8065,8055,S,3,65863,4,15,23000,65863,70,79,70.0,0.011185967621,1,50028.04255319149,68.41722268397334,2.2070157171163913,0.032354914864797524,3.920870581370272,2.419322031489598,0.6123152552037149,10.820338978255936,-0.3848125168792792,0
1594,5,34934.380434782615,70.52403900765637,2.232087971202464,0.03169258552442405,2.1632317088481314,1.2139540268175064,0.561860263736245,43807.836956521736,68.88116808511032,2.1049800385472297,0.030619510931639563,3.3160133464426025,1.8956750476896544,0.5703875973255086,8065_8055,0.5,0.5,0.0,200,2,16,1,200,1,200,0,1,199,16,528,FL-528 W,W,Freeway,0.680578221173,0.0,8065,8055,S,3,65863,4,15,23000,65863,70,79,70.0,0.011185967621,1,39371.108695652176,69.70260354638334,2.168534004874847,0.031156048228031807,2.739622527645367,1.5548145372535804,0.5661239305308767,10.580787544467158,-0.3848125168792792,0
1595,6,29991.0,70.65955854280816,2.544815154316338,0.03606000719017937,1.7929798581188592,1.0552503001640712,0.590258425761064,37571.49425287356,69.11154375148536,2.3501220111735486,0.034037022275251065,2.707647683969608,1.585563428382144,0.5862540257974215,8065_8055,0.0,0.0,0.0,200,2,16,1,200,1,200,0,1,199,16,528,FL-528 W,W,Freeway,0.680578221173,0.0,8065,8055,S,3,65863,4,15,23000,65863,70,79,70.0,0.011185967621,1,33781.24712643678,69.88555114714676,2.4474685827449436,0.03504851473271522,2.2503137710442336,1.3204068642731075,0.5882562257792427,10.427661108757764,-0.3848125168792792,0
1596,0,26731.161290322583,66.83886948800517,3.474878618460832,0.05341382510535456,2.682093184790609,1.9721402807714337,0.7072091692104391,26937.138297872334,77.15165511631625,3.1529137370642637,0.04174068657847008,3.8028774314246783,2.667818707681874,0.6927285086194481,8091_5943,5.5,3.5,2.0,214,2,30,1,214,1,214,0,1,213,30,528,FL-528 W,W,Freeway,1.95874020406,0.0,8091,5943,W,2,99999,4,528,51210,99999,70,40,70.0,0.0321961426427,0,26834.14979409746,71.99526230216071,3.3138961777625475,0.04757725584191232,3.2424853081076437,2.319979494226654,0.6999688389149437,10.197430601384871,0.6723015135575279,0
1597,1,25247.326315789483,66.92495942116537,3.229255605166161,0.049011104241114815,2.4713424611520267,1.7123262013972105,0.6782997156076385,25512.08333333333,77.03111975740292,3.3311396051730213,0.044273048104298836,3.6088931099546953,2.419708423355647,0.6658166690972462,8091_5943,1.5,1.0,0.5,214,2,30,1,214,1,214,0,1,213,30,528,FL-528 W,W,Freeway,1.95874020406,0.0,8091,5943,W,2,99999,4,528,51210,99999,70,40,70.0,0.0321961426427,0,25379.704824561406,71.97803958928415,3.280197605169591,0.046642076172706826,3.040117785553361,2.0660173123764287,0.6720581923524424,10.14170511096282,0.6723015135575279,0
1598,2,25867.872340425532,67.10336241899577,2.7588772783865028,0.04133908433950592,2.495680345212335,1.5818868397948538,0.6353372399427204,25988.178947368422,77.01313559934955,3.0970156718014965,0.04103832841102911,3.6698926805632666,2.4019897204389817,0.6546599406720854,8091_5943,2.5,2.0,0.5,214,2,30,1,214,1,214,0,1,213,30,528,FL-528 W,W,Freeway,1.95874020406,0.0,8091,5943,W,2,99999,4,528,51210,99999,70,40,70.0,0.0321961426427,0,25928.025643896977,72.05824900917267,2.9279464750939996,0.04118870637526752,3.0827865128878007,1.9919382801169179,0.6449985903074029,10.163079733863512,0.6723015135575279,0
1599,3,27165.696629213482,67.03646232380089,3.1614036552302123,0.0482152205874969,2.699895884109284,1.8729697383813555,0.6636398354656443,27167.377777777783,77.17716924192472,2.8767848529262463,0.038898415675403454,3.920123849380607,2.6186204011317864,0.6494132859976829,8091_5943,3.0,2.5,0.5,214,2,30,1,214,1,214,0,1,213,30,528,FL-528 W,W,Freeway,1.95874020406,0.0,8091,5943,W,2,99999,4,528,51210,99999,70,40,70.0,0.0321961426427,0,27166.53720349563,72.10681578286281,3.0190942540782295,0.04355681813145018,3.3100098667449456,2.245795069756571,0.6565265607316636,10.20974124503399,0.6723015135575279,0
1600,4,30666.52688172043,67.38008725982317,2.7751807861445346,0.04139826860603408,2.923139539854492,1.94703093419384,0.6598766846282806,30956.138297872334,77.4494871677154,3.0398338544903587,0.0396918817111858,4.295258113431884,2.8472405569585635,0.6599845582508445,8091_5943,3.5,3.5,0.0,214,2,30,1,214,1,214,0,1,213,30,528,FL-528 W,W,Freeway,1.95874020406,0.0,8091,5943,W,2,99999,4,528,51210,99999,70,40,70.0,0.0321961426427,0,30811.33258979638,72.41478721376929,2.9075073203174466,0.040545075158609944,3.609198826643188,2.3971357455762017,0.6599306214395626,10.335637842515046,0.6723015135575279,0
1601,5,28169.846153846152,68.52285927168586,2.4681988563389936,0.0360589490662642,2.340127637276769,1.5740889278063033,0.67390554497716,28675.42391304348,78.64388013243929,2.5560391597743783,0.03271890391460325,3.5136696349771595,2.4239256989859723,0.6881304396711151,8091_5943,3.5,2.5,1.0,214,2,30,1,214,1,214,0,1,213,30,528,FL-528 W,W,Freeway,1.95874020406,0.0,8091,5943,W,2,99999,4,528,51210,99999,70,40,70.0,0.0321961426427,0,28422.635033444814,73.58336970206258,2.512119008056686,0.03438892649043372,2.926898636126964,1.9990073133961377,0.6810179923241375,10.254941114926792,0.6723015135575279,0
1602,6,25213.24705882353,68.72626937190746,3.02776941381598,0.044298314623246536,2.015044304213163,1.453930469780609,0.7226048485402197,25827.022988505752,78.73468842444441,2.927050622125277,0.037542363478879945,3.075698723497703,2.2562063438681146,0.7324136460923273,8091_5943,0.5,0.5,0.0,214,2,30,1,214,1,214,0,1,213,30,528,FL-528 W,W,Freeway,1.95874020406,0.0,8091,5943,W,2,99999,4,528,51210,99999,70,40,70.0,0.0321961426427,0,25520.13502366464,73.73047889817593,2.9774100179706284,0.04092033905106324,2.545371513855433,1.855068406824362,0.7275092473162734,10.14722302834068,0.6723015135575279,0
1603,0,,,,,,,,34924.75531914893,68.61665347465511,2.5542991121981755,0.037550959563067816,3.181493665940744,2.075637697888718,0.6533825231044919,8097_6953,1.5,1.0,0.5,208,2,24,1,208,1,208,0,1,207,24,528,FL-528 W,W,Freeway,2.31971979501,0.0,8097,6953,W,2,99999,4,528,60096,99999,70,65,70.0,0.0381286205206,0,34924.75531914893,68.61665347465511,2.5542991121981755,0.037550959563067816,3.181493665940744,2.075637697888718,0.6533825231044919,10.460951178206532,0.8414464003710361,0
1604,1,,,,,,,,33787.072916666664,68.63451422788859,2.5617732314014323,0.03762535352897919,3.134273912405145,2.016067367853316,0.6450177260352293,8097_6953,2.0,1.5,0.5,208,2,24,1,208,1,208,0,1,207,24,528,FL-528 W,W,Freeway,2.31971979501,0.0,8097,6953,W,2,99999,4,528,60096,99999,70,65,70.0,0.0381286205206,0,33787.072916666664,68.63451422788859,2.5617732314014323,0.03762535352897919,3.134273912405145,2.016067367853316,0.6450177260352293,10.427833550228577,0.8414464003710361,0
1605,2,,,,,,,,33961.3052631579,68.51415553546792,2.688784959573341,0.03961584996190259,3.2183805092621327,2.0908796372099983,0.649486203381842,8097_6953,1.0,1.0,0.0,208,2,24,1,208,1,208,0,1,207,24,528,FL-528 W,W,Freeway,2.31971979501,0.0,8097,6953,W,2,99999,4,528,60096,99999,70,65,70.0,0.0381286205206,0,33961.3052631579,68.51415553546792,2.688784959573341,0.03961584996190259,3.2183805092621327,2.0908796372099983,0.649486203381842,10.432977074997558,0.8414464003710361,0
1606,3,,,,,,,,35798.04494382023,68.5842817648463,2.5939560479036463,0.03808534982104984,3.3141287016994494,2.0678656162870555,0.6241985696717046,8097_6953,2.5,1.5,1.0,208,2,24,1,208,1,208,0,1,207,24,528,FL-528 W,W,Freeway,2.31971979501,0.0,8097,6953,W,2,99999,4,528,60096,99999,70,65,70.0,0.0381286205206,0,35798.04494382023,68.5842817648463,2.5939560479036463,0.03808534982104984,3.3141287016994494,2.0678656162870555,0.6241985696717046,10.48564856038977,0.8414464003710361,0
1607,4,,,,,,,,39205.04255319149,68.54442054490825,2.5579372927408843,0.0375511690059026,3.521750532797085,2.1089798729272404,0.5999297877122208,8097_6953,1.0,1.0,0.0,208,2,24,1,208,1,208,0,1,207,24,528,FL-528 W,W,Freeway,2.31971979501,0.0,8097,6953,W,2,99999,4,528,60096,99999,70,65,70.0,0.0381286205206,0,39205.04255319149,68.54442054490825,2.5579372927408843,0.0375511690059026,3.521750532797085,2.1089798729272404,0.5999297877122208,10.576560654066588,0.8414464003710361,0
1608,5,,,,,,,,34488.032608695656,69.3954429693258,2.4155291878903817,0.03495057616257457,2.7523097710604665,1.6665141589758377,0.6047373327000178,8097_6953,1.5,0.5,1.0,208,2,24,1,208,1,208,0,1,207,24,528,FL-528 W,W,Freeway,2.31971979501,0.0,8097,6953,W,2,99999,4,528,60096,99999,70,65,70.0,0.0381286205206,0,34488.032608695656,69.3954429693258,2.4155291878903817,0.03495057616257457,2.7523097710604665,1.6665141589758377,0.6047373327000178,10.44836766193498,0.8414464003710361,0
1609,6,,,,,,,,30366.114942528737,69.65380661125617,2.6873281847045063,0.0388221712196016,2.363869432697936,1.5455051769462045,0.6523642796104315,8097_6953,0.0,0.0,0.0,208,2,24,1,208,1,208,0,1,207,24,528,FL-528 W,W,Freeway,2.31971979501,0.0,8097,6953,W,2,99999,4,528,60096,99999,70,65,70.0,0.0381286205206,0,30366.114942528737,69.65380661125617,2.6873281847045063,0.0388221712196016,2.363869432697936,1.5455051769462045,0.6523642796104315,10.321082625672693,0.8414464003710361,0
1610,0,27397.0,74.9267931945788,4.088097694107035,0.05592660923557181,3.821586316118315,2.8004919692999035,0.7261200070890775,,,,,,,,8099_8097,0.5,0.5,0.0,207,2,23,1,207,1,207,0,1,206,23,528,FL-528 W,W,Freeway,0.663365749511,0.0,8099,8097,W,2,99999,4,528,60096,99999,70,59,70.0,0.010903681191,0,27397.0,74.9267931945788,4.088097694107035,0.05592660923557181,3.821586316118315,2.8004919692999035,0.7261200070890775,10.218188797330702,-0.41042878251619247,0
1611,1,28289.476190476187,74.40558381184044,4.538177396699617,0.06334848315907422,3.9318214193438017,2.838300503037495,0.698309873963199,,,,,,,,8099_8097,0.5,0.5,0.0,207,2,23,1,207,1,207,0,1,206,23,528,FL-528 W,W,Freeway,0.663365749511,0.0,8099,8097,W,2,99999,4,528,60096,99999,70,59,70.0,0.010903681191,0,28289.476190476187,74.40558381184044,4.538177396699617,0.06334848315907422,3.9318214193438017,2.838300503037495,0.698309873963199,10.250245148411087,-0.41042878251619247,0
1612,2,27617.363636363636,74.84450235802066,3.7468065683799554,0.05083416811446593,3.9170166480279054,2.9065291103409647,0.7249769853956765,,,,,,,,8099_8097,0.0,0.0,0.0,207,2,23,1,207,1,207,0,1,206,23,528,FL-528 W,W,Freeway,0.663365749511,0.0,8099,8097,W,2,99999,4,528,60096,99999,70,59,70.0,0.010903681191,0,27617.363636363636,74.84450235802066,3.7468065683799554,0.05083416811446593,3.9170166480279054,2.9065291103409647,0.7249769853956765,10.22619997115349,-0.41042878251619247,0
1613,3,30449.727272727272,74.92673836131735,3.5134657435005,0.04788408837720736,4.05685765775534,2.7509736138399035,0.6779568747130361,,,,,,,,8099_8097,1.0,1.0,0.0,207,2,23,1,207,1,207,0,1,206,23,528,FL-528 W,W,Freeway,0.663365749511,0.0,8099,8097,W,2,99999,4,528,60096,99999,70,59,70.0,0.010903681191,0,30449.727272727272,74.92673836131735,3.5134657435005,0.04788408837720736,4.05685765775534,2.7509736138399035,0.6779568747130361,10.323832316537253,-0.41042878251619247,0
1614,4,32305.227272727272,75.56322044239259,3.13521533499408,0.04200288146827448,4.297714481123807,2.828688652510774,0.6602963095204168,,,,,,,,8099_8097,0.0,0.0,0.0,207,2,23,1,207,1,207,0,1,206,23,528,FL-528 W,W,Freeway,0.663365749511,0.0,8099,8097,W,2,99999,4,528,60096,99999,70,59,70.0,0.010903681191,0,32305.227272727272,75.56322044239259,3.13521533499408,0.04200288146827448,4.297714481123807,2.828688652510774,0.6602963095204168,10.382984331185822,-0.41042878251619247,0
1615,5,30692.277777777777,76.97908188080352,2.759503284475552,0.03612567624199567,3.6225625165729336,2.6287883853395995,0.7172803845120916,,,,,,,,8099_8097,2.0,2.0,0.0,207,2,23,1,207,1,207,0,1,206,23,528,FL-528 W,W,Freeway,0.663365749511,0.0,8099,8097,W,2,99999,4,528,60096,99999,70,59,70.0,0.010903681191,0,30692.277777777777,76.97908188080352,2.759503284475552,0.03612567624199567,3.6225625165729336,2.6287883853395995,0.7172803845120916,10.33176636375112,-0.41042878251619247,0
1616,6,27002.368421052637,77.40040230590384,3.3390280181051493,0.04368027845676288,3.1217171029241966,2.5463309922159145,0.7909910646627395,,,,,,,,8099_8097,1.0,0.5,0.5,207,2,23,1,207,1,207,0,1,206,23,528,FL-528 W,W,Freeway,0.663365749511,0.0,8099,8097,W,2,99999,4,528,60096,99999,70,59,70.0,0.010903681191,0,27002.368421052637,77.40040230590384,3.3390280181051493,0.04368027845676288,3.1217171029241966,2.5463309922159145,0.7909910646627395,10.2036798604376,-0.41042878251619247,0
1617,0,29646.957446808512,70.52390046060968,4.5577852650576105,0.06547072436775818,3.2472229012082057,2.343121418202553,0.7045059140578841,27323.042553191488,70.73723427576867,4.756753603693629,0.07126442670706994,4.1863359991011295,3.3131111642720965,0.8115246887136589,8112_6073,2.0,1.5,0.5,209,2,25,1,209,1,209,0,1,208,25,528,FL-528 W,W,Freeway,0.229158921073,0.0,8112,6073,W,2,99999,4,528,51210,99999,70,48,70.0,0.0037664762288000006,0,28485.0,70.63056736818918,4.657269434375619,0.06836757553741406,3.7167794501546676,2.8281162912373246,0.7580153013857716,10.257132911914496,-1.4733395376348997,0
1618,1,28581.55208333333,70.62094651732949,4.0226120098665525,0.05793270522505033,3.0861988651468626,2.0337402226033228,0.6465744332598211,26272.75,70.92655636760179,4.280945637431269,0.0656677528513925,3.9680955644590408,3.0507469424618154,0.7954434637162622,8112_6073,0.5,0.5,0.0,209,2,25,1,209,1,209,0,1,208,25,528,FL-528 W,W,Freeway,0.229158921073,0.0,8112,6073,W,2,99999,4,528,51210,99999,70,48,70.0,0.0037664762288000006,0,27427.151041666664,70.77375144246564,4.151778823648911,0.06180022903822141,3.5271472148029517,2.542243582532569,0.7210089484880416,10.219288715674482,-1.4733395376348997,0
1619,2,29062.8,70.74447876053762,4.087755529811803,0.058508845850571964,3.158224545908311,2.2142635159792943,0.6776569641887643,26570.631578947367,71.27037040672205,4.0212480810229465,0.05817519053384498,4.002422313580312,2.945727083357709,0.8068376734738653,8112_6073,0.5,0.5,0.0,209,2,25,1,209,1,209,0,1,208,25,528,FL-528 W,W,Freeway,0.229158921073,0.0,8112,6073,W,2,99999,4,528,51210,99999,70,48,70.0,0.0037664762288000006,0,27816.71578947368,71.00742458362984,4.054501805417375,0.05834201819220847,3.5803234297443116,2.579995299668502,0.7422473188313148,10.233392406369036,-1.4733395376348997,0
1620,3,30364.28888888889,70.83561056636937,4.15785427850636,0.059444682687178785,3.287673918124108,2.2209225289768364,0.6649848889804928,28572.95555555556,71.46048775604359,3.867461206880011,0.0564487131876856,4.257653903314411,3.050584424138265,0.7645742763062781,8112_6073,1.0,1.0,0.0,209,2,25,1,209,1,209,0,1,208,25,528,FL-528 W,W,Freeway,0.229158921073,0.0,8112,6073,W,2,99999,4,528,51210,99999,70,48,70.0,0.0037664762288000006,0,29468.622222222224,71.14804916120647,4.012657742693185,0.05794669793743219,3.7726639107192597,2.635753476557551,0.7147795826433854,10.291081322763107,-1.4733395376348997,0
1621,4,33842.55319148936,71.03349400829758,3.9635629063809033,0.05602231521477414,3.5652312137230373,2.3417817934301155,0.6511543781925008,31698.808510638297,71.76835448286738,3.7529396219967537,0.05315472773535861,4.63412303335083,3.231457610542084,0.7443577448947765,8112_6073,1.5,1.5,0.0,209,2,25,1,209,1,209,0,1,208,25,528,FL-528 W,W,Freeway,0.229158921073,0.0,8112,6073,W,2,99999,4,528,51210,99999,70,48,70.0,0.0037664762288000006,0,32770.68085106383,71.40092424558247,3.8582512641888282,0.054588521475066376,4.099677123536933,2.7866197019860994,0.6977560615436387,10.397289518134453,-1.4733395376348997,0
1622,5,30798.380434782608,72.63203105761417,3.3592795400841964,0.04637302902826407,2.8623001789640465,1.8748026081731275,0.655388916047116,28952.75824175824,73.42942303422832,3.0472362700193467,0.04272310169541107,3.722457121017194,2.79254249723798,0.8335521967591784,8112_6073,1.5,1.0,0.5,209,2,25,1,209,1,209,0,1,208,25,528,FL-528 W,W,Freeway,0.229158921073,0.0,8112,6073,W,2,99999,4,528,51210,99999,70,48,70.0,0.0037664762288000006,0,29875.569338270427,73.03072704592125,3.2032579050517715,0.04454806536183757,3.2923786499906202,2.3336725527055537,0.7444705564031472,10.304796346400186,-1.4733395376348997,0
1623,6,27496.7816091954,73.14928364349463,3.753514269603434,0.05161887395395424,2.530633561994749,1.7655050100862983,0.6959528531864141,25557.53488372093,73.60569305424886,3.387027258009692,0.046461261994764094,3.1620681089668965,2.3799308451513808,0.8296713569844394,8112_6073,0.5,0.5,0.0,209,2,25,1,209,1,209,0,1,208,25,528,FL-528 W,W,Freeway,0.229158921073,0.0,8112,6073,W,2,99999,4,528,51210,99999,70,48,70.0,0.0037664762288000006,0,26527.158246458166,73.37748834887174,3.5702707638065627,0.04904006797435917,2.8463508354808225,2.0727179276188394,0.7628121050854267,10.185924326673831,-1.4733395376348997,0
1624,0,49523.478723404245,65.39194865934692,2.6022794362458344,0.03991368763044064,3.7728534243737566,2.658045488802585,0.6992403525664945,46042.79787234042,67.11023614348407,3.848138511124757,0.05770113745168664,4.223248636849526,3.3092708703422766,0.7696768242916819,8172_8180,0.5,0.5,0.0,196,2,12,1,196,1,196,0,1,195,12,528,FL-528 W,W,Freeway,0.309585350742,0.0,8172,8180,W,2,65863,7,528,89199,65863,70,39,70.0,0.00507540943606,1,47783.138297872334,66.25109240141549,3.2252089736852954,0.04880741254106364,3.9980510306116415,2.983658179572431,0.7344585884290882,10.774428100972132,-1.1725214551108427,1
1625,1,49081.43157894737,65.20112396641494,3.167236951468522,0.048734678040090816,3.7794836298518457,2.8557015231661063,0.7457405529809055,45627.94791666666,66.93892498316913,4.425994202319441,0.0664779433823229,4.226121747324661,3.5394789065131933,0.8217680443907863,8172_8180,0.5,0.5,0.0,196,2,12,1,196,1,196,0,1,195,12,528,FL-528 W,W,Freeway,0.309585350742,0.0,8172,8180,W,2,65863,7,528,89199,65863,70,39,70.0,0.00507540943606,1,47354.68974780702,66.07002447479204,3.7966155768939815,0.05760631071120685,4.002802688588253,3.19759021483965,0.7837542986858459,10.765421138013927,-1.1725214551108427,1
1626,2,49442.147368421065,65.05294198343347,3.2134829754304195,0.04958230817559369,3.854023469349553,2.8867306768530714,0.737958627612904,46058.242105263154,66.73674269635718,4.4938269864649865,0.06779086124096363,4.309507139878049,3.56890744964518,0.8122944303606809,8172_8180,0.5,0.5,0.0,196,2,12,1,196,1,196,0,1,195,12,528,FL-528 W,W,Freeway,0.309585350742,0.0,8172,8180,W,2,65863,7,528,89199,65863,70,39,70.0,0.00507540943606,1,47750.19473684211,65.89484233989532,3.853654980947703,0.05868658470827866,4.081765304613801,3.2278190632491257,0.7751265289867925,10.773738424159033,-1.1725214551108427,1
1627,3,51871.12359550562,65.06420534230118,3.219353210147452,0.049777901297344516,4.01374166591974,2.9083014458690886,0.7115440376411128,47479.8,66.76416372402898,4.512716762630894,0.06812142626786111,4.480119823350872,3.5885089089129028,0.7818194541308254,8172_8180,0.5,0.5,0.0,196,2,12,1,196,1,196,0,1,195,12,528,FL-528 W,W,Freeway,0.309585350742,0.0,8172,8180,W,2,65863,7,528,89199,65863,70,39,70.0,0.00507540943606,1,49675.46179775281,65.91418453316507,3.866034986389173,0.058949663782602815,4.246930744635306,3.2484051773909957,0.7466817458859691,10.813266363758343,-1.1725214551108427,1
1628,4,55102.075268817214,65.38522626238031,2.3925923128966304,0.036738967956406736,4.0974196191115055,2.6225996039204333,0.6374198638901034,50947.408602150535,67.27980881570636,3.1743257463471735,0.04740409647793183,4.519958631153849,2.969197893353342,0.6522016886510009,8172_8180,1.0,0.5,0.5,196,2,12,1,196,1,196,0,1,195,12,528,FL-528 W,W,Freeway,0.309585350742,0.0,8172,8180,W,2,65863,7,528,89199,65863,70,39,70.0,0.00507540943606,1,53024.74193548388,66.33251753904334,2.783459029621902,0.042071532217169284,4.308689125132677,2.795898748636888,0.6448107762705522,10.878513912574908,-1.1725214551108427,1
1629,5,43698.53846153846,66.88312542425666,2.054380166157478,0.030764927562801993,2.880567561080892,1.6138451725182847,0.5608584059235207,41000.230769230766,69.10090507904701,2.5768768980808607,0.037317786866228886,3.2670155863748573,1.885054445360807,0.5772260711913126,8172_8180,0.5,0.0,0.5,196,2,12,1,196,1,196,0,1,195,12,528,FL-528 W,W,Freeway,0.309585350742,0.0,8172,8180,W,2,65863,7,528,89199,65863,70,39,70.0,0.00507540943606,1,42349.38461538461,67.99201525165184,2.3156285321191694,0.03404135721451544,3.073791573727875,1.7494498089395458,0.5690422385574166,10.653709169051004,-1.1725214551108427,1
1630,6,36887.232558139534,67.13968655046614,2.3167872517484267,0.03453517560473112,2.346893947364948,1.3955549053507543,0.592140086968363,35030.04651162791,69.54757448359393,2.8595030324464603,0.0411580989622879,2.6882401993156644,1.6189042288738056,0.6033217185871236,8172_8180,0.0,0.0,0.0,196,2,12,1,196,1,196,0,1,195,12,528,FL-528 W,W,Freeway,0.309585350742,0.0,8172,8180,W,2,65863,7,528,89199,65863,70,39,70.0,0.00507540943606,1,35958.639534883725,68.34363051703004,2.5881451420974435,0.03784663728350951,2.517567073340306,1.50722956711228,0.5977309027777433,10.490124655135835,-1.1725214551108427,1
1631,0,45802.296703296706,54.75589280359554,6.953779600058472,0.12811240302243165,6.928788776399918,5.52563315250787,0.7793277505020187,46996.287234042546,61.89413725404974,6.491778398380657,0.10543937986282792,8.527576303594442,5.78440636884742,0.6738412352983452,8199_6602,0.0,0.0,0.0,190,2,6,1,190,1,190,0,1,189,6,528,FL-528 W,W,Freeway,0.174025220088,0.0,8199,6602,W,2,65863,4,528,78462,65863,55,60,55.0,0.00286037747621,1,46399.291968669626,58.32501502882264,6.722778999219565,0.11677589144262979,7.72818253999718,5.655019760677645,0.7265844929001819,10.74503947880201,-1.748555047236352,0
1632,1,45203.354838709674,54.96237443697402,7.091893611274395,0.12991327187642254,6.672782812786923,5.5427056992511945,0.8174838302051377,45870.09375,62.38260728399417,6.443044445728088,0.10373098342100966,8.257342532622774,5.7460654892968535,0.6924357004429874,8199_6602,1.0,0.0,1.0,190,2,6,1,190,1,190,0,1,189,6,528,FL-528 W,W,Freeway,0.174025220088,0.0,8199,6602,W,2,65863,4,528,78462,65863,55,60,55.0,0.00286037747621,1,45536.72429435483,58.67249086048409,6.7674690285012415,0.1168221276487161,7.465062672704848,5.6443855942740235,0.7549597653240625,10.726274406735385,-1.748555047236352,0
1633,2,46422.84782608696,54.511977486614114,7.41354365264581,0.1375184582062596,7.021290041121256,5.808484686566628,0.8122533162835653,46823.16842105263,61.76450504200141,6.740480104376067,0.10982644152151386,8.624722466469443,5.982819082423028,0.6900357206897728,8199_6602,0.0,0.0,0.0,190,2,6,1,190,1,190,0,1,189,6,528,FL-528 W,W,Freeway,0.174025220088,0.0,8199,6602,W,2,65863,4,528,78462,65863,55,60,55.0,0.00286037747621,1,46623.008123569794,58.138241264307766,7.077011878510938,0.12367244986388673,7.8230062537953495,5.8956518844948285,0.7511445184866691,10.74984943482324,-1.748555047236352,0
1634,3,47494.70114942528,54.26570377823125,7.871242195315492,0.14691422356645578,7.388737837011822,6.151107804718933,0.8107108287021829,47958.6,61.50074543294369,7.1856037524364345,0.11785982998337155,8.969801083031046,6.115172606678437,0.6762176749029377,8199_6602,0.5,0.5,0.0,190,2,6,1,190,1,190,0,1,189,6,528,FL-528 W,W,Freeway,0.174025220088,0.0,8199,6602,W,2,65863,4,528,78462,65863,55,60,55.0,0.00286037747621,1,47726.650574712636,57.88322460558747,7.528422973875964,0.13238702677491365,8.179269460021434,6.133140205698685,0.7434642518025603,10.773245233112977,-1.748555047236352,0
1635,4,50412.630434782615,53.88919088736478,7.847184237845818,0.15132610023118465,8.068637533877432,6.432656319632021,0.7549414114168194,51204.79787234042,60.99018862657535,7.362592931664356,0.12302823884529518,9.6456594216099,6.194365443103558,0.6361517391952667,8199_6602,0.5,0.5,0.0,190,2,6,1,190,1,190,0,1,189,6,528,FL-528 W,W,Freeway,0.174025220088,0.0,8199,6602,W,2,65863,4,528,78462,65863,55,60,55.0,0.00286037747621,1,50808.71415356152,57.43968975697007,7.604888584755087,0.1371771695382399,8.857148477743666,6.313510881367789,0.695546575306043,10.83582315731147,-1.748555047236352,0
1636,5,42583.20224719101,57.79599761282568,2.739491688711832,0.0477356239469899,5.008449706303322,2.7690552489088502,0.5414504280598773,43007.608695652176,65.16779995281141,3.3644397053570936,0.05179828104250519,6.529823318046768,3.582230161796703,0.5470025342006666,8199_6602,0.0,0.0,0.0,190,2,6,1,190,1,190,0,1,189,6,528,FL-528 W,W,Freeway,0.174025220088,0.0,8199,6602,W,2,65863,4,528,78462,65863,55,60,55.0,0.00286037747621,1,42795.40547142159,61.48189878281855,3.051965697034463,0.049766952494747545,5.769136512175045,3.175642705352777,0.5442264811302719,10.664186027009032,-1.748555047236352,0
1637,6,37464.04761904762,58.089891665323925,2.7112415368404563,0.0467665234039265,4.461825027340359,2.3804214416325173,0.529926268335064,37874.2183908046,65.43543907050714,3.1936437236528805,0.04895548402700122,5.5253512268312415,3.0780968139831884,0.5573535246800166,8199_6602,0.0,0.0,0.0,190,2,6,1,190,1,190,0,1,189,6,528,FL-528 W,W,Freeway,0.174025220088,0.0,8199,6602,W,2,65863,4,528,78462,65863,55,60,55.0,0.00286037747621,1,37669.13300492611,61.76266536791553,2.9524426302466686,0.04786100371546386,4.9935881270858005,2.729259127807853,0.5436398965075403,10.536596284889665,-1.748555047236352,0
1638,0,54930.3085106383,59.44768245949229,3.0822897012491857,0.052178727755368505,4.750713575718014,2.610018810730629,0.5499124077586004,55723.161290322576,61.64784723637654,2.7013255080138627,0.04402705824441341,3.1223557093268437,1.6315149221873677,0.5217640785617778,8336_11452,0.5,0.0,0.5,189,2,5,1,189,1,189,0,1,188,5,528,FL-528 W,W,Freeway,0.450708500052,0.0,8336,11452,W,2,65863,6,528,80539,65863,55,57,55.0,0.00740280617138,1,55326.73490048044,60.54776484793442,2.8918076046315244,0.048102892999890956,3.936534642522429,2.1207668664589985,0.5358382431601891,10.921011522773371,-0.7969344897961913,1
1639,1,54103.94791666666,59.38282371318388,3.017213004952473,0.0510372217201995,4.659704699146089,2.5816278745656387,0.5563533285514229,54631.15625,61.567128463124774,2.804345853309387,0.04581198719293058,3.0597224851864415,1.5836438864394902,0.5193283403262952,8336_11452,0.5,0.5,0.0,189,2,5,1,189,1,189,0,1,188,5,528,FL-528 W,W,Freeway,0.450708500052,0.0,8336,11452,W,2,65863,6,528,80539,65863,55,57,55.0,0.00740280617138,1,54367.55208333333,60.47497608815433,2.9107794291309297,0.04842460445656504,3.8597135921662655,2.0826358805025644,0.537840834438859,10.903522785829226,-0.7969344897961913,1
1640,2,55092.41052631579,59.11277492945136,3.2175951521814503,0.054862911968542406,4.826852939949515,2.6637747361508777,0.5535037587560276,55924.031578947375,61.4913204482364,2.8248449275979937,0.04616437863460263,3.143419152756785,1.6697896204283051,0.5299531364063149,8336_11452,0.5,0.5,0.0,189,2,5,1,189,1,189,0,1,188,5,528,FL-528 W,W,Freeway,0.450708500052,0.0,8336,11452,W,2,65863,6,528,80539,65863,55,57,55.0,0.00740280617138,1,55508.22105263158,60.302047688843885,3.021220039889722,0.05051364530157252,3.9851360463531504,2.1667821782895915,0.5417284475811712,10.924286415839237,-0.7969344897961913,1
1641,3,56288.12222222221,59.141175288813756,3.1576383350341914,0.05392737134267029,4.931742123650887,2.6584449948950697,0.5393772470650449,57071.12222222223,61.57427224777036,2.7379349511526043,0.04471552296437556,3.2179870976563536,1.660327715504373,0.5150713978751593,8336_11452,1.5,0.5,1.0,189,2,5,1,189,1,189,0,1,188,5,528,FL-528 W,W,Freeway,0.450708500052,0.0,8336,11452,W,2,65863,6,528,80539,65863,55,57,55.0,0.00740280617138,1,56679.62222222222,60.35772376829206,2.947786643093398,0.04932144715352292,4.07486461065362,2.159386355199721,0.5272243224701021,10.945170028683997,-0.7969344897961913,1
1642,4,60137.755319148935,59.31291857071028,3.020103158272128,0.0511424634118294,5.14610995731251,2.661385709817895,0.5189236938380735,60965.8085106383,61.89483315124389,2.4563880498727584,0.03982877437995657,3.3531587042363213,1.6611138677451454,0.4959002492901236,8336_11452,0.0,0.0,0.0,189,2,5,1,189,1,189,0,1,188,5,528,FL-528 W,W,Freeway,0.450708500052,0.0,8336,11452,W,2,65863,6,528,80539,65863,55,57,55.0,0.00740280617138,1,60551.78191489362,60.603875860977084,2.738245604072443,0.04548561889589299,4.249634330774416,2.16124978878152,0.5074119715640986,11.01125417736562,-0.7969344897961913,1
1643,5,50707.608695652176,60.94908628008461,2.5642765357005515,0.042137380642281064,3.989417495813482,2.1018429687557707,0.5271771667454632,51466.239130434784,62.597634570937394,2.296363226337456,0.036726310204438894,2.658466143094663,1.325458966406813,0.4986643972185351,8336_11452,0.5,0.5,0.0,189,2,5,1,189,1,189,0,1,188,5,528,FL-528 W,W,Freeway,0.450708500052,0.0,8336,11452,W,2,65863,6,528,80539,65863,55,57,55.0,0.00740280617138,1,51086.92391304348,61.773360425511,2.4303198810190034,0.03943184542335998,3.323941819454072,1.7136509675812919,0.5129207819819992,10.84128385133317,-0.7969344897961913,1
1644,6,44265.643678160915,61.367639574029894,2.921680813888192,0.04780389379384546,3.4486710486019554,1.9568287525487824,0.5646560392093684,45026.77011494253,62.627460587512466,2.5527759217638515,0.0408581107644946,2.3193805092127606,1.1943898764864738,0.5164895208896653,8336_11452,0.5,0.5,0.0,189,2,5,1,189,1,189,0,1,188,5,528,FL-528 W,W,Freeway,0.450708500052,0.0,8336,11452,W,2,65863,6,528,80539,65863,55,57,55.0,0.00740280617138,1,44646.206896551725,61.99755008077118,2.7372283678260216,0.04433100227917003,2.884025778907358,1.575609314517628,0.5405727800495168,10.706524630771092,-0.7969344897961913,1
1645,0,54842.744680851065,61.210130434161094,2.7625053808367985,0.04557112685197709,4.681215545420601,2.5652496516882755,0.5431297551981396,54930.3085106383,59.44768245949229,3.0822897012491857,0.052178727755368505,4.750713575718014,2.610018810730629,0.5499124077586004,8344_8336,0.5,0.5,0.0,188,2,4,1,188,1,188,0,1,187,4,528,FL-528 W,W,Freeway,0.232467719765,0.0,8344,8336,W,2,65863,6,528,63500,65863,55,57,55.0,0.00381971307874,1,54886.52659574468,60.32890644682669,2.922397541042992,0.048874927303672794,4.715964560569308,2.587634231209452,0.54652108147837,10.913023180178342,-1.4590039033142823,1
1646,1,53823.69791666666,61.26267027993175,2.6030153370768647,0.04264941309533226,4.538069253531186,2.4506785011568692,0.5412332523834822,54103.94791666666,59.38282371318388,3.017213004952473,0.0510372217201995,4.659704699146089,2.5816278745656387,0.5563533285514229,8344_8336,0.5,0.5,0.0,188,2,4,1,188,1,188,0,1,187,4,528,FL-528 W,W,Freeway,0.232467719765,0.0,8344,8336,W,2,65863,6,528,63500,65863,55,57,55.0,0.00381971307874,1,53963.82291666666,60.32274699655781,2.8101141710146686,0.04684331740776588,4.598886976338638,2.5161531878612537,0.5487932904674526,10.896069155044664,-1.4590039033142823,1
1647,2,55184.042105263165,60.95920948068506,2.865597540191803,0.047489376086314594,4.718257019818701,2.61686613821956,0.5527570798302639,55092.41052631579,59.11277492945136,3.2175951521814503,0.054862911968542406,4.826852939949515,2.6637747361508777,0.5535037587560276,8344_8336,0.0,0.0,0.0,188,2,4,1,188,1,188,0,1,187,4,528,FL-528 W,W,Freeway,0.232467719765,0.0,8344,8336,W,2,65863,6,528,63500,65863,55,57,55.0,0.00381971307874,1,55138.22631578948,60.03599220506821,3.0415963461866267,0.0511761440274285,4.772554979884108,2.6403204371852187,0.5531304192931458,10.917598517136037,-1.4590039033142823,1
1648,3,56422.34444444445,61.01205503694525,2.8218485453751976,0.04667018679901117,4.805176615446888,2.593625420069564,0.5377872295443912,56288.12222222221,59.141175288813756,3.1576383350341914,0.05392737134267029,4.931742123650887,2.6584449948950697,0.5393772470650449,8344_8336,0.0,0.0,0.0,188,2,4,1,188,1,188,0,1,187,4,528,FL-528 W,W,Freeway,0.232467719765,0.0,8344,8336,W,2,65863,6,528,63500,65863,55,57,55.0,0.00381971307874,1,56355.23333333333,60.076615162879506,2.9897434402046947,0.05029877907084073,4.868459369548887,2.6260352074823166,0.5385822383047181,10.939430387086972,-1.4590039033142823,1
1649,4,60545.45744680851,61.098772626114254,2.7498923222561893,0.045465025529050566,5.105545499972041,2.6755528846865286,0.5182144757436092,60137.755319148935,59.31291857071028,3.020103158272128,0.0511424634118294,5.14610995731251,2.661385709817895,0.5189236938380735,8344_8336,1.0,0.5,0.5,188,2,4,1,188,1,188,0,1,187,4,528,FL-528 W,W,Freeway,0.232467719765,0.0,8344,8336,W,2,65863,6,528,63500,65863,55,57,55.0,0.00381971307874,1,60341.60638297872,60.20584559841227,2.8849977402641587,0.04830374447043999,5.1258277286422755,2.6684692972522117,0.5185690847908413,11.007777134549253,-1.4590039033142823,1
1650,5,50379.04347826087,62.58727753069321,2.370176984093164,0.037924997843933626,3.892209121710689,1.9834439894205835,0.5099870272166231,50707.608695652176,60.94908628008461,2.5642765357005515,0.042137380642281064,3.989417495813482,2.1018429687557707,0.5271771667454632,8344_8336,0.0,0.0,0.0,188,2,4,1,188,1,188,0,1,187,4,528,FL-528 W,W,Freeway,0.232467719765,0.0,8344,8336,W,2,65863,6,528,63500,65863,55,57,55.0,0.00381971307874,1,50543.32608695653,61.76818190538891,2.4672267598968576,0.04003118924310735,3.9408133087620856,2.042643479088177,0.5185820969810432,10.830586189757279,-1.4590039033142823,1
1651,6,45089.2705882353,62.90870352669424,2.793883473777236,0.044587261667417416,3.4158571232613997,1.8615071505842,0.5436261867364824,44265.643678160915,61.367639574029894,2.921680813888192,0.04780389379384546,3.4486710486019554,1.9568287525487824,0.5646560392093684,8344_8336,0.0,0.0,0.0,188,2,4,1,188,1,188,0,1,187,4,528,FL-528 W,W,Freeway,0.232467719765,0.0,8344,8336,W,2,65863,6,528,63500,65863,55,57,55.0,0.00381971307874,1,44677.457133198106,62.13817155036207,2.857782143832714,0.04619557773063144,3.4322640859316778,1.9091679515664912,0.5541411129729255,10.70722433869868,-1.4590039033142823,1
