,period,VolumeUp,AvgSpeedUp,StdSpeedUp,CoefOfVarSpeedUp,AvgOccupancyUp,StdOccupancyUp,CoefOfVarOccupancyUp,VolumeDown,AvgSpeedDown,StdSpeedDown,CoefOfVarSpeedDown,AvgOccupancyDown,StdOccupancyDown,CoefOfVarOccupancyDown,SegmentId,TotalCrashes,OCrashes,KABCCrashes,OBJECTID_1,Join_Count,TARGET_FID,Join_Cou_1,TARGET_F_1,Join_Cou_2,TARGET_F_2,OBJECTID_2,Join_Cou_3,TARGET_F_3,OBJECTID,RoadNumber,RoadName,Direction,Roadtype,Shape_Leng,Shape_Le_1,UpStationId,DownStationId,Direction_,F_System,Urban_Code,ThruLanes,Route_Numb,AADT,Urban_Co_1,Speed_Limi,IRI,SPEED,Shape_Le_2
0,0,17868.508620689656,65.03957212361374,1.8909502294756224,0.029099540648091508,1.2251819764597385,0.8584537457623684,0.6980763342773103,8610.586353944564,63.95091679820117,3.173477615097497,0.050049153554994334,1.85206744635808,1.0970554097494534,0.5822996142568941,8581_7010,6.0,4.0,2.0,1,2,1,1,1,1,1,2,1,0,2,417,FL-417 N,N,Freeway,0.9199873705439999,0.0149705228431,8581,7010,E,2,45451,4,417,43569,45451,70,0,70.0,0.0149705228431
1,1,10436.454545454546,65.8814393646211,1.1848496829205235,0.018006472067935157,2.9484623042358598,0.7166120885366478,0.2453421637999301,5099.655246252677,63.46660672511393,1.9008536797681412,0.02997470837692296,3.7552382185505597,0.7688650573046962,0.20606138090537715,8581_7010,4.0,4.0,0.0,1,2,1,1,1,1,1,2,1,0,2,417,FL-417 N,N,Freeway,0.9199873705439999,0.0149705228431,8581,7010,E,2,45451,4,417,43569,45451,70,0,70.0,0.0149705228431
2,2,18790.060475161987,54.79485355360103,10.755696829281566,0.2396521148925612,10.395915100301671,6.517449573781687,0.5406191154502389,9895.916488222698,49.116732254066385,10.3309312302719,0.2229703578096784,11.519290999138384,5.5015235656751535,0.4727868484738244,8581_7010,8.0,7.0,1.0,1,2,1,1,1,1,1,2,1,0,2,417,FL-417 N,N,Freeway,0.9199873705439999,0.0149705228431,8581,7010,E,2,45451,4,417,43569,45451,70,0,70.0,0.0149705228431
3,3,35195.924568965514,64.20286085993327,1.955570271637468,0.03136779617443965,4.546020200090258,1.107511674934862,0.2250852314890367,16911.170575692962,60.044255027598744,2.7535913152289067,0.047351234549250616,5.171951166336426,1.332143966537207,0.2415839161097163,8581_7010,6.0,5.0,1.0,1,2,1,1,1,1,1,2,1,0,2,417,FL-417 N,N,Freeway,0.9199873705439999,0.0149705228431,8581,7010,E,2,45451,4,417,43569,45451,70,0,70.0,0.0149705228431
4,0,8610.586353944564,63.95091679820117,3.173477615097497,0.050049153554994334,1.85206744635808,1.0970554097494534,0.5822996142568941,8769.824411134903,65.37840122930653,2.72104227380784,0.04179927616938425,1.8394647300564344,1.2381658095583945,0.6490451565420344,7010_6916,1.0,1.0,0.0,2,2,2,1,2,1,2,3,1,1,3,417,FL-417 N,N,Freeway,0.340712405056,0.00555858269248,7010,6916,E,2,45451,4,417,69500,45451,70,0,70.0,0.00555858269248
5,1,5099.655246252677,63.46660672511393,1.9008536797681412,0.02997470837692296,3.7552382185505597,0.7688650573046962,0.20606138090537715,5070.894623655914,65.08807039115979,1.3692531940675567,0.02103854316168373,3.9899052736940575,0.9126596575675268,0.2305265641232797,7010_6916,0.0,0.0,0.0,2,2,2,1,2,1,2,3,1,1,3,417,FL-417 N,N,Freeway,0.340712405056,0.00555858269248,7010,6916,E,2,45451,4,417,69500,45451,70,0,70.0,0.00555858269248
6,2,9895.916488222698,49.116732254066385,10.3309312302719,0.2229703578096784,11.519290999138384,5.5015235656751535,0.4727868484738244,9315.675965665236,44.37311290531513,15.59143690299799,0.3944192036169185,19.090436357210315,11.220760183174733,0.6017558932270187,7010_6916,9.0,8.0,1.0,2,2,2,1,2,1,2,3,1,1,3,417,FL-417 N,N,Freeway,0.340712405056,0.00555858269248,7010,6916,E,2,45451,4,417,69500,45451,70,0,70.0,0.00555858269248
7,3,16911.170575692962,60.044255027598744,2.7535913152289067,0.047351234549250616,5.171951166336426,1.332143966537207,0.2415839161097163,16990.25053533191,62.62369507052443,2.883544900442832,0.048779906598766534,6.317383255226897,1.8969544423792133,0.2636233039465333,7010_6916,2.0,2.0,0.0,2,2,2,1,2,1,2,3,1,1,3,417,FL-417 N,N,Freeway,0.340712405056,0.00555858269248,7010,6916,E,2,45451,4,417,69500,45451,70,0,70.0,0.00555858269248
8,0,8769.824411134903,65.37840122930653,2.72104227380784,0.04179927616938425,1.8394647300564344,1.2381658095583945,0.6490451565420344,8868.90364025696,73.68620664979423,2.3507980475175243,0.032017905007743215,2.583612537136727,1.7913475177003342,0.6866350166825844,6916_6959,1.0,1.0,0.0,3,2,3,1,3,1,3,4,1,2,4,417,FL-417 N,N,Freeway,0.5583604258389999,0.00910996722065,6916,6959,E,2,45451,4,417,69500,45451,70,0,70.0,0.00910996722065
9,1,5070.894623655914,65.08807039115979,1.3692531940675567,0.02103854316168373,3.9899052736940575,0.9126596575675268,0.2305265641232797,5113.3125,74.15876778151394,1.3797324410651282,0.0188157542384137,6.035410316744832,1.4958514248244386,0.2460739183453577,6916_6959,1.0,1.0,0.0,3,2,3,1,3,1,3,4,1,2,4,417,FL-417 N,N,Freeway,0.5583604258389999,0.00910996722065,6916,6959,E,2,45451,4,417,69500,45451,70,0,70.0,0.00910996722065
10,2,9315.675965665236,44.37311290531513,15.59143690299799,0.3944192036169185,19.090436357210315,11.220760183174733,0.6017558932270187,9394.060085836909,56.84935051065012,13.481317790449026,0.2513715382295276,17.499920397194394,7.277093068355282,0.4154538065578169,6916_6959,5.0,2.0,3.0,3,2,3,1,3,1,3,4,1,2,4,417,FL-417 N,N,Freeway,0.5583604258389999,0.00910996722065,6916,6959,E,2,45451,4,417,69500,45451,70,0,70.0,0.00910996722065
11,3,16990.25053533191,62.62369507052443,2.883544900442832,0.048779906598766534,6.317383255226897,1.8969544423792133,0.2636233039465333,17171.963597430407,71.32561285856565,3.4135485229743447,0.0504777569971885,9.540690005823222,2.381032873656337,0.2359088935387966,6916_6959,0.0,0.0,0.0,3,2,3,1,3,1,3,4,1,2,4,417,FL-417 N,N,Freeway,0.5583604258389999,0.00910996722065,6916,6959,E,2,45451,4,417,69500,45451,70,0,70.0,0.00910996722065
12,0,4442.599147121535,71.00279872580286,2.5813398098980684,0.036381988176480834,1.4133313934725285,0.9777781265378706,0.6829607744638989,17868.508620689656,65.03957212361374,1.8909502294756224,0.029099540648091508,1.2251819764597385,0.8584537457623684,0.6980763342773103,6044_8581,0.0,0.0,0.0,4,2,4,1,4,1,4,5,1,3,5,417,FL-417 N,N,Freeway,0.345284698189,0.00565710787821,6044,8581,E,2,45451,4,417,43569,45451,65,109,65.0,0.00565710787821
13,1,3576.643162393162,73.05241696842556,1.163948166529126,0.01595793463766737,4.4332890450498,1.00546846157106,0.23021737145694174,10436.454545454546,65.8814393646211,1.1848496829205235,0.018006472067935157,2.9484623042358598,0.7166120885366478,0.2453421637999301,6044_8581,0.0,0.0,0.0,4,2,4,1,4,1,4,5,1,3,5,417,FL-417 N,N,Freeway,0.345284698189,0.00565710787821,6044,8581,E,2,45451,4,417,43569,45451,65,109,65.0,0.00565710787821
14,2,5236.846153846154,63.99839043351199,10.769094180149754,0.2190827205440627,10.733648678567654,6.693190079702664,0.5107294725684614,18790.060475161987,54.79485355360103,10.755696829281566,0.2396521148925612,10.395915100301671,6.517449573781687,0.5406191154502389,6044_8581,0.0,0.0,0.0,4,2,4,1,4,1,4,5,1,3,5,417,FL-417 N,N,Freeway,0.345284698189,0.00565710787821,6044,8581,E,2,45451,4,417,43569,45451,65,109,65.0,0.00565710787821
15,3,11045.910447761196,71.74408693507766,2.0553751428493774,0.02945277118411487,6.164998313659606,1.4268638086664969,0.21946656307602547,35195.924568965514,64.20286085993327,1.955570271637468,0.03136779617443965,4.546020200090258,1.107511674934862,0.2250852314890367,6044_8581,0.0,0.0,0.0,4,2,4,1,4,1,4,5,1,3,5,417,FL-417 N,N,Freeway,0.345284698189,0.00565710787821,6044,8581,E,2,45451,4,417,43569,45451,65,109,65.0,0.00565710787821
16,0,8785.909691629957,69.6858025243526,2.3443515257605334,0.03370719258238224,1.6124174467278891,1.0352924145899822,0.6402365404895869,9619.409381663114,65.10677133329258,2.172223448911604,0.033500036975055325,1.7782314183676298,1.2223532665855656,0.6811333619523355,8287_8107,2.0,1.0,1.0,5,2,5,1,5,1,5,6,1,4,6,417,FL-417 N,N,Freeway,0.662737377642,0.0104717333826,8287,8107,S,3,45451,6,0,76000,45451,70,0,70.0,0.0104717333826
17,1,5017.4988913525485,70.55201185788908,1.4521787678232687,0.020679352978208342,3.723983571150415,0.8011643007142162,0.2164489727382969,6454.401709401709,65.12134064509748,1.1512991942936994,0.017968139461637583,4.9101053637297865,1.0383187011837058,0.20967776115067813,8287_8107,2.0,1.0,1.0,5,2,5,1,5,1,5,6,1,4,6,417,FL-417 N,N,Freeway,0.662737377642,0.0104717333826,8287,8107,S,3,45451,6,0,76000,45451,70,0,70.0,0.0104717333826
18,2,9365.56732891832,60.76269035186662,6.067134080588497,0.10392880510777773,8.030662482540011,2.3388749022772704,0.27933457872626605,10450.848614072494,55.335675039246475,9.197276114377694,0.18491640043485924,11.220060475502018,5.117397319021621,0.41332254215581,8287_8107,9.0,4.0,5.0,5,2,5,1,5,1,5,6,1,4,6,417,FL-417 N,N,Freeway,0.662737377642,0.0104717333826,8287,8107,S,3,45451,6,0,76000,45451,70,0,70.0,0.0104717333826
19,3,16971.56953642384,67.35417352358122,2.2473897395399742,0.03388232456911667,5.5984213984715305,1.0906152967614549,0.19450450621225476,18723.52665245203,63.33416365052725,1.873488307819131,0.030043922111169668,6.362810645041651,1.2075638090023932,0.18692481177959314,8287_8107,2.0,2.0,0.0,5,2,5,1,5,1,5,6,1,4,6,417,FL-417 N,N,Freeway,0.662737377642,0.0104717333826,8287,8107,S,3,45451,6,0,76000,45451,70,0,70.0,0.0104717333826
20,0,9235.025806451613,67.33419934194337,2.8424224803489944,0.043463447727092916,2.0023678614148106,1.317059818849886,0.6435438109526729,9243.438972162741,64.17193302349558,4.436280808433082,0.069274817710392,2.0921737272431087,1.3022463163794058,0.6236636569285717,8280_8017,2.0,2.0,0.0,6,2,6,1,6,1,6,7,1,5,7,417,FL-417 N,N,Freeway,0.48831276454000005,0.00790947695148,8280,8017,E,2,45451,4,417,49278,45451,70,0,70.0,0.00790947695148
21,1,6420.890350877194,67.20784614732356,1.6889773564946118,0.0256279111008626,5.105957476826531,1.0622206870515276,0.2051305405341561,6792.144396551724,58.983330966431524,2.5400390041781,0.043286211634954205,5.1773086527006695,1.040094331624084,0.20053886079467406,8280_8017,0.0,0.0,0.0,6,2,6,1,6,1,6,7,1,5,7,417,FL-417 N,N,Freeway,0.48831276454000005,0.00790947695148,8280,8017,E,2,45451,4,417,49278,45451,70,0,70.0,0.00790947695148
22,2,10219.642533936652,59.24825359964217,5.0433988229634314,0.08749841880441127,9.18709038362172,2.099502752647019,0.22736991766211345,10757.817596566523,53.588437265941316,3.3962971974969727,0.06469533435733316,8.226251528066419,1.8107937526807685,0.21691644674031807,8280_8017,1.0,1.0,0.0,6,2,6,1,6,1,6,7,1,5,7,417,FL-417 N,N,Freeway,0.48831276454000005,0.00790947695148,8280,8017,E,2,45451,4,417,49278,45451,70,0,70.0,0.00790947695148
23,3,17432.954741379308,64.28805145321611,3.0194998160915643,-0.031356784255832146,6.699086353172613,1.2065350235992678,0.1806880601533498,18578.982832618025,57.66340539281766,2.5175586709788464,0.043919883889409,6.3683877166790035,1.1627858141749303,0.18180853722740264,8280_8017,1.0,1.0,0.0,6,2,6,1,6,1,6,7,1,5,7,417,FL-417 N,N,Freeway,0.48831276454000005,0.00790947695148,8280,8017,E,2,45451,4,417,49278,45451,70,0,70.0,0.00790947695148
24,0,9619.409381663114,65.10677133329258,2.172223448911604,0.033500036975055325,1.7782314183676298,1.2223532665855656,0.6811333619523355,9235.025806451613,67.33419934194337,2.8424224803489944,0.043463447727092916,2.0023678614148106,1.317059818849886,0.6435438109526729,8107_8280,6.0,5.0,1.0,7,2,7,1,7,1,7,8,1,6,8,417,FL-417 N,N,Freeway,0.540099996322,0.008847969303379999,8107,8280,E,2,45451,4,417,48500,45451,70,0,70.0,0.008847969303379999
25,1,6454.401709401709,65.12134064509748,1.1512991942936994,0.017968139461637583,4.9101053637297865,1.0383187011837058,0.20967776115067813,6420.890350877194,67.20784614732356,1.6889773564946118,0.0256279111008626,5.105957476826531,1.0622206870515276,0.2051305405341561,8107_8280,7.0,6.0,1.0,7,2,7,1,7,1,7,8,1,6,8,417,FL-417 N,N,Freeway,0.540099996322,0.008847969303379999,8107,8280,E,2,45451,4,417,48500,45451,70,0,70.0,0.008847969303379999
26,2,10450.848614072494,55.335675039246475,9.197276114377694,0.18491640043485924,11.220060475502018,5.117397319021621,0.41332254215581,10219.642533936652,59.24825359964217,5.0433988229634314,0.08749841880441127,9.18709038362172,2.099502752647019,0.22736991766211345,8107_8280,8.0,7.0,1.0,7,2,7,1,7,1,7,8,1,6,8,417,FL-417 N,N,Freeway,0.540099996322,0.008847969303379999,8107,8280,E,2,45451,4,417,48500,45451,70,0,70.0,0.008847969303379999
27,3,18723.52665245203,63.33416365052725,1.873488307819131,0.030043922111169668,6.362810645041651,1.2075638090023932,0.18692481177959314,17432.954741379308,64.28805145321611,3.0194998160915643,-0.031356784255832146,6.699086353172613,1.2065350235992678,0.1806880601533498,8107_8280,16.0,15.0,1.0,7,2,7,1,7,1,7,8,1,6,8,417,FL-417 N,N,Freeway,0.540099996322,0.008847969303379999,8107,8280,E,2,45451,4,417,48500,45451,70,0,70.0,0.008847969303379999
28,0,8868.90364025696,73.68620664979423,2.3507980475175243,0.032017905007743215,2.583612537136727,1.7913475177003342,0.6866350166825844,8785.909691629957,69.6858025243526,2.3443515257605334,0.03370719258238224,1.6124174467278891,1.0352924145899822,0.6402365404895869,6959_8287,3.0,2.0,1.0,8,2,8,1,8,1,8,9,1,7,9,417,FL-417 N,N,Freeway,1.36321222525,0.021514935379400003,6959,8287,E,2,45451,4,417,69500,45451,70,0,70.0,0.021514935379400003
29,1,5113.3125,74.15876778151394,1.3797324410651282,0.0188157542384137,6.035410316744832,1.4958514248244386,0.2460739183453577,5017.4988913525485,70.55201185788908,1.4521787678232687,0.020679352978208342,3.723983571150415,0.8011643007142162,0.2164489727382969,6959_8287,3.0,3.0,0.0,8,2,8,1,8,1,8,9,1,7,9,417,FL-417 N,N,Freeway,1.36321222525,0.021514935379400003,6959,8287,E,2,45451,4,417,69500,45451,70,0,70.0,0.021514935379400003
30,2,9394.060085836909,56.84935051065012,13.481317790449026,0.2513715382295276,17.499920397194394,7.277093068355282,0.4154538065578169,9365.56732891832,60.76269035186662,6.067134080588497,0.10392880510777773,8.030662482540011,2.3388749022772704,0.27933457872626605,6959_8287,15.0,12.0,3.0,8,2,8,1,8,1,8,9,1,7,9,417,FL-417 N,N,Freeway,1.36321222525,0.021514935379400003,6959,8287,E,2,45451,4,417,69500,45451,70,0,70.0,0.021514935379400003
31,3,17171.963597430407,71.32561285856565,3.4135485229743447,0.0504777569971885,9.540690005823222,2.381032873656337,0.2359088935387966,16971.56953642384,67.35417352358122,2.2473897395399742,0.03388232456911667,5.5984213984715305,1.0906152967614549,0.19450450621225476,6959_8287,3.0,3.0,0.0,8,2,8,1,8,1,8,9,1,7,9,417,FL-417 N,N,Freeway,1.36321222525,0.021514935379400003,6959,8287,E,2,45451,4,417,69500,45451,70,0,70.0,0.021514935379400003
32,0,9279.151385927506,69.28000611047705,2.590361952491273,0.03756120212680111,1.3802323988215883,0.8775014611579509,0.6392610076965819,9293.935760171304,67.42458491170521,2.5052167672964103,0.037226322954423983,1.299843051508471,0.8273255290885448,0.642116128450797,9178_7997,4.0,4.0,0.0,9,2,9,1,9,1,9,10,1,8,10,417,FL-417 N,N,Freeway,0.34450706898999994,0.005657805025300001,9178,7997,E,2,45451,4,417,49500,45451,70,0,70.0,0.005657805025300001
33,1,6997.8476394849795,69.51326038898782,1.3731669530016393,0.019940484785467304,3.876994495437867,0.7786653092390763,0.20163709231325916,7027.049783549784,68.72154972731647,1.6393333705273432,0.024229830632113054,3.683020484380489,0.7086130409545591,0.18824121573526176,9178_7997,4.0,4.0,0.0,9,2,9,1,9,1,9,10,1,8,10,417,FL-417 N,N,Freeway,0.34450706898999994,0.005657805025300001,9178,7997,E,2,45451,4,417,49500,45451,70,0,70.0,0.005657805025300001
34,2,9845.53319057816,66.82304516523166,2.484317901192191,0.03871530496943817,5.6756005861610825,1.1877545495270287,0.2015494504526787,9883.309012875536,65.78576803496172,2.8002362430272885,0.04571797103415029,5.076094276397378,1.2318967960189218,0.21530023029949144,9178_7997,6.0,6.0,0.0,9,2,9,1,9,1,9,10,1,8,10,417,FL-417 N,N,Freeway,0.34450706898999994,0.005657805025300001,9178,7997,E,2,45451,4,417,49500,45451,70,0,70.0,0.005657805025300001
35,3,17171.94871794872,68.69634419614673,1.6179728570980303,0.023784062760459725,4.247921218443753,0.7846169437843278,0.1830073098703381,17201.55032119914,67.50979342840897,1.7625629051899347,0.026379411813297414,3.8341844181910463,0.6940426695069424,0.17683004824378795,9178_7997,6.0,4.0,2.0,9,2,9,1,9,1,9,10,1,8,10,417,FL-417 N,N,Freeway,0.34450706898999994,0.005657805025300001,9178,7997,E,2,45451,4,417,49500,45451,70,0,70.0,0.005657805025300001
36,0,9243.438972162741,64.17193302349558,4.436280808433082,0.069274817710392,2.0921737272431087,1.3022463163794058,0.6236636569285717,8004.984881209503,65.85010477934615,4.3746283806171755,0.06710451349400126,1.7110636350173052,1.1074219405814854,0.6501575182863664,8017_6167,4.0,4.0,0.0,10,2,10,1,10,1,10,11,1,9,11,417,FL-417 N,N,Freeway,1.04800554459,0.017008943702,8017,6167,S,2,45451,4,91,95000,45451,70,0,70.0,0.017008943702
37,1,6792.144396551724,58.983330966431524,2.5400390041781,0.043286211634954205,5.1773086527006695,1.040094331624084,0.20053886079467406,6171.6594360086765,62.766094212461425,1.5981117353729553,0.02569429660781074,4.784207203344627,1.0371580601828991,0.21365326976244525,8017_6167,3.0,3.0,0.0,10,2,10,1,10,1,10,11,1,9,11,417,FL-417 N,N,Freeway,1.04800554459,0.017008943702,8017,6167,S,2,45451,4,91,95000,45451,70,0,70.0,0.017008943702
38,2,10757.817596566523,53.588437265941316,3.3962971974969727,0.06469533435733316,8.226251528066419,1.8107937526807685,0.21691644674031807,9174.273913043478,59.77208280626154,2.4839644817106663,0.04358339383060885,7.254956476109101,1.5623618578277894,0.20793798968739294,8017_6167,12.0,10.0,2.0,10,2,10,1,10,1,10,11,1,9,11,417,FL-417 N,N,Freeway,1.04800554459,0.017008943702,8017,6167,S,2,45451,4,91,95000,45451,70,0,70.0,0.017008943702
39,3,18578.982832618025,57.66340539281766,2.5175586709788464,0.043919883889409,6.3683877166790035,1.1627858141749303,0.18180853722740264,15916.845652173914,61.51588587445426,1.6535460327387643,0.027065314427381196,5.540954230119288,1.0274281655838284,0.18395247321343489,8017_6167,9.0,8.0,1.0,10,2,10,1,10,1,10,11,1,9,11,417,FL-417 N,N,Freeway,1.04800554459,0.017008943702,8017,6167,S,2,45451,4,91,95000,45451,70,0,70.0,0.017008943702
40,0,9293.935760171304,67.42458491170521,2.5052167672964103,0.037226322954423983,1.299843051508471,0.8273255290885448,0.642116128450797,7911.501066098081,69.09727708297945,2.4184591799997874,0.035106658146145615,1.7384458555769315,1.1513284419168741,0.6639232916898042,7997_8466,2.0,1.0,1.0,11,2,11,1,11,1,11,12,1,10,12,417,FL-417 N,N,Freeway,0.8013759665989999,0.0131463405758,7997,8466,E,2,45451,4,417,49500,45451,70,0,70.0,0.0131463405758
41,1,7027.049783549784,68.72154972731647,1.6393333705273432,0.024229830632113054,3.683020484380489,0.7086130409545591,0.18824121573526176,7314.139784946236,66.83912264260664,2.0485123885377248,0.03269031006589463,6.403284743596023,1.5184710168512323,0.22206174998010936,7997_8466,2.0,2.0,0.0,11,2,11,1,11,1,11,12,1,10,12,417,FL-417 N,N,Freeway,0.8013759665989999,0.0131463405758,7997,8466,E,2,45451,4,417,49500,45451,70,0,70.0,0.0131463405758
42,2,9883.309012875536,65.78576803496172,2.8002362430272885,0.04571797103415029,5.076094276397378,1.2318967960189218,0.21530023029949144,8823.289079229122,64.07475951849389,4.5094412139975235,0.07982168802453042,8.17711496523431,2.3520904458517182,0.25951358791525125,7997_8466,2.0,2.0,0.0,11,2,11,1,11,1,11,12,1,10,12,417,FL-417 N,N,Freeway,0.8013759665989999,0.0131463405758,7997,8466,E,2,45451,4,417,49500,45451,70,0,70.0,0.0131463405758
43,3,17201.55032119914,67.50979342840897,1.7625629051899347,0.026379411813297414,3.8341844181910463,0.6940426695069424,0.17683004824378795,15884.850427350428,67.0843368329686,1.898194630353496,0.02871022198033605,5.906364886760043,1.099217230363413,0.1822256777419143,7997_8466,5.0,3.0,2.0,11,2,11,1,11,1,11,12,1,10,12,417,FL-417 N,N,Freeway,0.8013759665989999,0.0131463405758,7997,8466,E,2,45451,4,417,49500,45451,70,0,70.0,0.0131463405758
44,0,8004.984881209503,65.85010477934615,4.3746283806171755,0.06710451349400126,1.7110636350173052,1.1074219405814854,0.6501575182863664,9279.151385927506,69.28000611047705,2.590361952491273,0.03756120212680111,1.3802323988215883,0.8775014611579509,0.6392610076965819,6167_9178,0.0,0.0,0.0,12,2,12,1,12,1,12,13,1,11,13,417,FL-417 N,N,Freeway,0.547156182605,0.00898604631428,6167,9178,E,2,45451,4,417,49500,45451,70,0,70.0,0.00898604631428
45,1,6171.6594360086765,62.766094212461425,1.5981117353729553,0.02569429660781074,4.784207203344627,1.0371580601828991,0.21365326976244525,6997.8476394849795,69.51326038898782,1.3731669530016393,0.019940484785467304,3.876994495437867,0.7786653092390763,0.20163709231325916,6167_9178,1.0,0.0,1.0,12,2,12,1,12,1,12,13,1,11,13,417,FL-417 N,N,Freeway,0.547156182605,0.00898604631428,6167,9178,E,2,45451,4,417,49500,45451,70,0,70.0,0.00898604631428
46,2,9174.273913043478,59.77208280626154,2.4839644817106663,0.04358339383060885,7.254956476109101,1.5623618578277894,0.20793798968739294,9845.53319057816,66.82304516523166,2.484317901192191,0.03871530496943817,5.6756005861610825,1.1877545495270287,0.2015494504526787,6167_9178,1.0,1.0,0.0,12,2,12,1,12,1,12,13,1,11,13,417,FL-417 N,N,Freeway,0.547156182605,0.00898604631428,6167,9178,E,2,45451,4,417,49500,45451,70,0,70.0,0.00898604631428
47,3,15916.845652173914,61.51588587445426,1.6535460327387643,0.027065314427381196,5.540954230119288,1.0274281655838284,0.18395247321343489,17171.94871794872,68.69634419614673,1.6179728570980303,0.023784062760459725,4.247921218443753,0.7846169437843278,0.1830073098703381,6167_9178,5.0,2.0,3.0,12,2,12,1,12,1,12,13,1,11,13,417,FL-417 N,N,Freeway,0.547156182605,0.00898604631428,6167,9178,E,2,45451,4,417,49500,45451,70,0,70.0,0.00898604631428
48,0,7911.501066098081,69.09727708297945,2.4184591799997874,0.035106658146145615,1.7384458555769315,1.1513284419168741,0.6639232916898042,8032.191897654584,71.08202039310844,2.343217395669829,0.03301201170375879,2.2469339139930957,1.6836847701188655,0.7501197686210601,8466_7095,4.0,2.0,2.0,13,2,13,1,13,1,13,14,1,12,14,417,FL-417 N,N,Freeway,0.688650772198,0.011304868478000002,8466,7095,E,2,65863,4,417,49500,45451,70,0,70.0,0.011304868478000002
49,1,7314.139784946236,66.83912264260664,2.0485123885377248,0.03269031006589463,6.403284743596023,1.5184710168512323,0.22206174998010936,7257.5,68.67151808377318,2.468929952531655,0.03680595738857144,8.922034015896347,2.002255954047077,0.22220717740359794,8466_7095,3.0,2.0,1.0,13,2,13,1,13,1,13,14,1,12,14,417,FL-417 N,N,Freeway,0.688650772198,0.011304868478000002,8466,7095,E,2,65863,4,417,49500,45451,70,0,70.0,0.011304868478000002
50,2,8823.289079229122,64.07475951849389,4.5094412139975235,0.07982168802453042,8.17711496523431,2.3520904458517182,0.25951358791525125,8732.63539445629,64.40809283640823,4.7122229838626835,0.0770851543933874,11.451682757174845,2.733625623196813,0.2333878851171154,8466_7095,4.0,4.0,0.0,13,2,13,1,13,1,13,14,1,12,14,417,FL-417 N,N,Freeway,0.688650772198,0.011304868478000002,8466,7095,E,2,65863,4,417,49500,45451,70,0,70.0,0.011304868478000002
51,3,15884.850427350428,67.0843368329686,1.898194630353496,0.02871022198033605,5.906364886760043,1.099217230363413,0.1822256777419143,15796.507462686568,68.37798715080038,2.3255881741529603,0.034463452975659406,8.50438800988052,1.6260521374136514,0.19005604399835835,8466_7095,7.0,4.0,3.0,13,2,13,1,13,1,13,14,1,12,14,417,FL-417 N,N,Freeway,0.688650772198,0.011304868478000002,8466,7095,E,2,65863,4,417,49500,45451,70,0,70.0,0.011304868478000002
52,0,8032.191897654584,71.08202039310844,2.343217395669829,0.03301201170375879,2.2469339139930957,1.6836847701188655,0.7501197686210601,7762.987206823029,69.34177527097526,2.9461149619238607,0.04283447293282456,1.6715235547027312,1.1588834647456252,0.6967209343274158,7095_6630,1.0,0.0,1.0,14,2,14,1,14,1,14,15,1,13,15,417,FL-417 N,N,Freeway,0.6736957233230001,0.0110572717426,7095,6630,E,2,65863,4,417,49500,45451,70,0,70.0,0.0110572717426
53,1,7257.5,68.67151808377318,2.468929952531655,0.03680595738857144,8.922034015896347,2.002255954047077,0.22220717740359794,7129.543103448276,66.85945823041473,2.17543359944836,0.032843432124118714,5.615309208404814,1.1955878862311204,0.212598216474506,7095_6630,3.0,1.0,2.0,14,2,14,1,14,1,14,15,1,13,15,417,FL-417 N,N,Freeway,0.6736957233230001,0.0110572717426,7095,6630,E,2,65863,4,417,49500,45451,70,0,70.0,0.0110572717426
54,2,8732.63539445629,64.40809283640823,4.7122229838626835,0.0770851543933874,11.451682757174845,2.733625623196813,0.2333878851171154,8535.237687366167,64.67105767747039,2.731772529682759,0.04265574309034776,6.71796523587808,1.3178646886412293,0.1944890833908884,7095_6630,3.0,2.0,1.0,14,2,14,1,14,1,14,15,1,13,15,417,FL-417 N,N,Freeway,0.6736957233230001,0.0110572717426,7095,6630,E,2,65863,4,417,49500,45451,70,0,70.0,0.0110572717426
55,3,15796.507462686568,68.37798715080038,2.3255881741529603,0.034463452975659406,8.50438800988052,1.6260521374136514,0.19005604399835835,15388.057569296378,65.69925688513769,2.168109943407129,0.033088955710274384,5.052571789166722,0.9660271871200196,0.189957545336348,7095_6630,1.0,1.0,0.0,14,2,14,1,14,1,14,15,1,13,15,417,FL-417 N,N,Freeway,0.6736957233230001,0.0110572717426,7095,6630,E,2,65863,4,417,49500,45451,70,0,70.0,0.0110572717426
56,0,4244.139186295503,69.91302038800221,3.887136844623696,0.05563296121948455,1.5280826225460418,1.017876452769636,0.6650865074930215,4244.139186295503,69.91302038800221,3.887136844623696,0.05563296121948455,1.5280826225460418,1.017876452769636,0.6650865074930215,6854_11007,0.0,0.0,0.0,15,2,15,1,15,1,15,16,1,14,16,417,FL-417 N,N,Freeway,0.272210839005,0.004467505473199999,6854,11007,E,2,65863,4,417,47407,65863,70,0,70.0,0.004467505473199999
57,1,5123.071428571428,70.79869117720115,1.659467147622353,0.02359787613456479,4.68027535533324,1.1178812379767935,0.24034750473702055,5123.071428571428,70.79869117720115,1.659467147622353,0.02359787613456479,4.68027535533324,1.1178812379767935,0.24034750473702055,6854_11007,1.0,1.0,0.0,15,2,15,1,15,1,15,16,1,14,16,417,FL-417 N,N,Freeway,0.272210839005,0.004467505473199999,6854,11007,E,2,65863,4,417,47407,65863,70,0,70.0,0.004467505473199999
58,2,6625.068669527896,70.57877519678864,2.1162976425354842,0.030375188655129306,5.984598598189224,1.13410546256764,0.18908786526199586,6625.068669527896,70.57877519678864,2.1162976425354842,0.030375188655129306,5.984598598189224,1.13410546256764,0.18908786526199586,6854_11007,0.0,0.0,0.0,15,2,15,1,15,1,15,16,1,14,16,417,FL-417 N,N,Freeway,0.272210839005,0.004467505473199999,6854,11007,E,2,65863,4,417,47407,65863,70,0,70.0,0.004467505473199999
59,3,11071.18669527897,70.31513350289309,1.8636516399937664,0.0269040185142557,4.541573129951283,0.8983651920001944,0.1968807601294721,11071.18669527897,70.31513350289309,1.8636516399937664,0.0269040185142557,4.541573129951283,0.8983651920001944,0.1968807601294721,6854_11007,1.0,1.0,0.0,15,2,15,1,15,1,15,16,1,14,16,417,FL-417 N,N,Freeway,0.272210839005,0.004467505473199999,6854,11007,E,2,65863,4,417,47407,65863,70,0,70.0,0.004467505473199999
60,0,7762.987206823029,69.34177527097526,2.9461149619238607,0.04283447293282456,1.6715235547027312,1.1588834647456252,0.6967209343274158,8000.299785867238,68.72832482508008,2.7924785970760126,0.04075159160923345,1.7983937096679068,1.2575386738117658,0.7007537818685807,6630_6324,0.0,0.0,0.0,16,2,16,1,16,1,16,17,1,15,17,417,FL-417 N,N,Freeway,0.401870986958,0.00659570949786,6630,6324,E,2,65863,4,417,49500,65863,70,0,70.0,0.00659570949786
61,1,7129.543103448276,66.85945823041473,2.17543359944836,0.032843432124118714,5.615309208404814,1.1955878862311204,0.212598216474506,7245.6064516129045,66.12127079907528,1.5609958053817914,0.023673482085024303,6.165288048005512,1.2671679256234736,0.2056455297569796,6630_6324,0.0,0.0,0.0,16,2,16,1,16,1,16,17,1,15,17,417,FL-417 N,N,Freeway,0.401870986958,0.00659570949786,6630,6324,E,2,65863,4,417,49500,65863,70,0,70.0,0.00659570949786
62,2,8535.237687366167,64.67105767747039,2.731772529682759,0.04265574309034776,6.71796523587808,1.3178646886412293,0.1944890833908884,8696.538626609443,65.16086691336379,2.0071951242592787,0.03133532898859223,7.425575265955491,1.3784494280045447,0.1854697215609234,6630_6324,0.0,0.0,0.0,16,2,16,1,16,1,16,17,1,15,17,417,FL-417 N,N,Freeway,0.401870986958,0.00659570949786,6630,6324,E,2,65863,4,417,49500,65863,70,0,70.0,0.00659570949786
63,3,15388.057569296378,65.69925688513769,2.168109943407129,0.033088955710274384,5.052571789166722,0.9660271871200196,0.189957545336348,15751.547008547006,66.18669199019122,1.5558684061951695,0.023583984067507745,5.789969997500736,0.968301065171882,0.16801998292800793,6630_6324,2.0,1.0,1.0,16,2,16,1,16,1,16,17,1,15,17,417,FL-417 N,N,Freeway,0.401870986958,0.00659570949786,6630,6324,E,2,65863,4,417,49500,65863,70,0,70.0,0.00659570949786
64,0,8000.299785867238,68.72832482508008,2.7924785970760126,0.04075159160923345,1.7983937096679068,1.2575386738117658,0.7007537818685807,4244.139186295503,69.91302038800221,3.887136844623696,0.05563296121948455,1.5280826225460418,1.017876452769636,0.6650865074930215,6324_6854,0.0,0.0,0.0,17,2,17,1,17,1,17,18,1,16,18,417,FL-417 N,N,Freeway,0.514529769133,0.00844521123645,6324,6854,E,2,65863,4,417,49500,65863,70,0,70.0,0.00844521123645
65,1,7245.6064516129045,66.12127079907528,1.5609958053817914,0.023673482085024303,6.165288048005512,1.2671679256234736,0.2056455297569796,5123.071428571428,70.79869117720115,1.659467147622353,0.02359787613456479,4.68027535533324,1.1178812379767935,0.24034750473702055,6324_6854,1.0,1.0,0.0,17,2,17,1,17,1,17,18,1,16,18,417,FL-417 N,N,Freeway,0.514529769133,0.00844521123645,6324,6854,E,2,65863,4,417,49500,65863,70,0,70.0,0.00844521123645
66,2,8696.538626609443,65.16086691336379,2.0071951242592787,0.03133532898859223,7.425575265955491,1.3784494280045447,0.1854697215609234,6625.068669527896,70.57877519678864,2.1162976425354842,0.030375188655129306,5.984598598189224,1.13410546256764,0.18908786526199586,6324_6854,2.0,1.0,1.0,17,2,17,1,17,1,17,18,1,16,18,417,FL-417 N,N,Freeway,0.514529769133,0.00844521123645,6324,6854,E,2,65863,4,417,49500,65863,70,0,70.0,0.00844521123645
67,3,15751.547008547006,66.18669199019122,1.5558684061951695,0.023583984067507745,5.789969997500736,0.968301065171882,0.16801998292800793,11071.18669527897,70.31513350289309,1.8636516399937664,0.0269040185142557,4.541573129951283,0.8983651920001944,0.1968807601294721,6324_6854,3.0,3.0,0.0,17,2,17,1,17,1,17,18,1,16,18,417,FL-417 N,N,Freeway,0.514529769133,0.00844521123645,6324,6854,E,2,65863,4,417,49500,65863,70,0,70.0,0.00844521123645
68,0,6361.720085470085,73.84388479444064,2.5731297238105753,0.03486992311717172,0.8326165550946985,0.6330924974073755,0.7673392607229911,6307.5491452991455,73.01759396514862,2.7038820118826457,0.03705721686914016,1.1079769540385114,0.8619550398059063,0.7822793444144831,8476_8600,1.0,1.0,0.0,18,2,18,1,18,1,18,19,1,17,19,417,FL-417 N,N,Freeway,0.329413811758,0.00533047631599,8476,8600,E,2,65863,4,417,45500,65863,70,0,70.0,0.00533047631599
69,1,6070.81330472103,73.76448159953874,1.2828178325213102,0.0174225917615528,3.169956477719197,0.7563943519160637,0.2424720140757317,6095.640086206897,73.04392285213319,1.2742070869251665,0.01748756016112765,4.3460222610124095,1.0492075176665343,0.24459538673026346,8476_8600,0.0,0.0,0.0,18,2,18,1,18,1,18,19,1,17,19,417,FL-417 N,N,Freeway,0.329413811758,0.00533047631599,8476,8600,E,2,65863,4,417,45500,65863,70,0,70.0,0.00533047631599
70,2,8023.273504273503,73.3440583109855,1.7252026040534691,0.0239795792602298,4.012568663362626,0.7460609075780231,0.18301391487249985,8032.594420600858,71.99420962924327,2.0176344671170905,0.02937877267336125,5.680320031275262,1.111110160589299,0.18990428191338515,8476_8600,0.0,0.0,0.0,18,2,18,1,18,1,18,19,1,17,19,417,FL-417 N,N,Freeway,0.329413811758,0.00533047631599,8476,8600,E,2,65863,4,417,45500,65863,70,0,70.0,0.00533047631599
71,3,12936.273504273504,73.12937607478601,1.5932154410186117,0.022155119740235558,3.0126709481294287,0.587455463523449,0.19005914528606346,12931.62312633833,72.50676446156528,1.5622639963553882,0.02217513701115021,4.097554690450049,0.8137933695442298,0.1934755802298282,8476_8600,2.0,2.0,0.0,18,2,18,1,18,1,18,19,1,17,19,417,FL-417 N,N,Freeway,0.329413811758,0.00533047631599,8476,8600,E,2,65863,4,417,45500,65863,70,0,70.0,0.00533047631599
72,0,6133.395033860045,69.11454615235638,2.9903756075166266,0.043289923999001854,0.7789078830525616,0.5861240871460911,0.7618606174297323,6361.720085470085,73.84388479444064,2.5731297238105753,0.03486992311717172,0.8326165550946985,0.6330924974073755,0.7673392607229911,11010_8476,0.0,0.0,0.0,19,2,19,1,19,1,19,20,1,18,20,417,FL-417 N,N,Freeway,0.188568839724,0.0030732914005,11010,8476,E,2,65863,4,417,47407,65863,70,0,70.0,0.0030732914005
73,1,6000.0546697038735,68.49399620209887,1.343901310345616,0.01965693238885436,3.146469696948189,0.7287778826308803,0.23628802238088176,6070.81330472103,73.76448159953874,1.2828178325213102,0.0174225917615528,3.169956477719197,0.7563943519160637,0.2424720140757317,11010_8476,0.0,0.0,0.0,19,2,19,1,19,1,19,20,1,18,20,417,FL-417 N,N,Freeway,0.188568839724,0.0030732914005,11010,8476,E,2,65863,4,417,47407,65863,70,0,70.0,0.0030732914005
74,2,7945.7732426303855,68.006457403331,1.6123042501638982,0.02395591407169884,3.6337497715222544,0.645277921286433,0.1779815603808764,8023.273504273503,73.3440583109855,1.7252026040534691,0.0239795792602298,4.012568663362626,0.7460609075780231,0.18301391487249985,11010_8476,0.0,0.0,0.0,19,2,19,1,19,1,19,20,1,18,20,417,FL-417 N,N,Freeway,0.188568839724,0.0030732914005,11010,8476,E,2,65863,4,417,47407,65863,70,0,70.0,0.0030732914005
75,3,12792.51247165533,67.93111041101223,1.5502282325352656,0.023036785515372905,2.8618824832875545,0.5415517541473558,0.18880303320207675,12936.273504273504,73.12937607478601,1.5932154410186117,0.022155119740235558,3.0126709481294287,0.587455463523449,0.19005914528606346,11010_8476,0.0,0.0,0.0,19,2,19,1,19,1,19,20,1,18,20,417,FL-417 N,N,Freeway,0.188568839724,0.0030732914005,11010,8476,E,2,65863,4,417,47407,65863,70,0,70.0,0.0030732914005
76,0,4244.139186295503,69.91302038800221,3.887136844623696,0.05563296121948455,1.5280826225460418,1.017876452769636,0.6650865074930215,5906.456730769231,72.45811225884485,2.6287790433865275,0.036309444687864505,1.0254336323790632,0.7808500984715155,0.7638813735067884,11007_8480,2.0,0.0,2.0,20,2,20,1,20,1,20,21,1,19,21,417,FL-417 N,N,Freeway,0.282986482645,0.00462481575223,11007,8480,E,2,65863,4,417,47407,65863,70,0,70.0,0.00462481575223
77,1,5123.071428571428,70.79869117720115,1.659467147622353,0.02359787613456479,4.68027535533324,1.1178812379767935,0.24034750473702055,5335.2337349397585,72.26421065486737,1.4275933182895593,0.020035877480066886,3.8365879044223035,0.8983146656558771,0.23354477501702745,11007_8480,0.0,0.0,0.0,20,2,20,1,20,1,20,21,1,19,21,417,FL-417 N,N,Freeway,0.282986482645,0.00462481575223,11007,8480,E,2,65863,4,417,47407,65863,70,0,70.0,0.00462481575223
78,2,6625.068669527896,70.57877519678864,2.1162976425354842,0.030375188655129306,5.984598598189224,1.13410546256764,0.18908786526199586,6773.9373549883985,71.3117464493371,1.881929698857814,0.026678897414410718,4.663079911008895,0.9042395925534896,0.18619582203378499,11007_8480,2.0,2.0,0.0,20,2,20,1,20,1,20,21,1,19,21,417,FL-417 N,N,Freeway,0.282986482645,0.00462481575223,11007,8480,E,2,65863,4,417,47407,65863,70,0,70.0,0.00462481575223
79,3,11071.18669527897,70.31513350289309,1.8636516399937664,0.0269040185142557,4.541573129951283,0.8983651920001944,0.1968807601294721,11431.102564102563,71.57874691347286,1.6217261931984686,0.024838593752594326,3.665358461700981,0.7558719884139559,0.19499834758470908,11007_8480,0.0,0.0,0.0,20,2,20,1,20,1,20,21,1,19,21,417,FL-417 N,N,Freeway,0.282986482645,0.00462481575223,11007,8480,E,2,65863,4,417,47407,65863,70,0,70.0,0.00462481575223
80,0,6307.5491452991455,73.01759396514862,2.7038820118826457,0.03705721686914016,1.1079769540385114,0.8619550398059063,0.7822793444144831,6383.773987206822,71.59980987834186,2.874886094213569,0.04023521471836351,1.1159774295164648,0.8773906631731678,0.7888893112117458,8600_8520,0.0,0.0,0.0,21,2,21,1,21,1,21,22,1,20,22,417,FL-417 N,N,Freeway,0.602356736792,0.00972193164424,8600,8520,E,2,65863,4,417,45500,65863,70,0,70.0,0.00972193164424
81,1,6095.640086206897,73.04392285213319,1.2742070869251665,0.01748756016112765,4.3460222610124095,1.0492075176665343,0.24459538673026346,6067.282655246252,70.64636114938494,1.273137075197646,0.018045886152645612,4.410683964020957,1.0773490246540895,0.24693346801109026,8600_8520,1.0,1.0,0.0,21,2,21,1,21,1,21,22,1,20,22,417,FL-417 N,N,Freeway,0.602356736792,0.00972193164424,8600,8520,E,2,65863,4,417,45500,65863,70,0,70.0,0.00972193164424
82,2,8032.594420600858,71.99420962924327,2.0176344671170905,0.02937877267336125,5.680320031275262,1.111110160589299,0.18990428191338515,8032.816631130064,69.27485156020667,2.2992986774121356,0.034492860728056414,5.789091946950755,1.2285919326020731,0.2010364895916556,8600_8520,2.0,2.0,0.0,21,2,21,1,21,1,21,22,1,20,22,417,FL-417 N,N,Freeway,0.602356736792,0.00972193164424,8600,8520,E,2,65863,4,417,45500,65863,70,0,70.0,0.00972193164424
83,3,12931.62312633833,72.50676446156528,1.5622639963553882,0.02217513701115021,4.097554690450049,0.8137933695442298,0.1934755802298282,12935.980810234541,70.14035374710298,1.5323646240123974,0.021919586442882937,4.082698762824196,0.7706226965532021,0.18973181502644704,8600_8520,1.0,0.0,1.0,21,2,21,1,21,1,21,22,1,20,22,417,FL-417 N,N,Freeway,0.602356736792,0.00972193164424,8600,8520,E,2,65863,4,417,45500,65863,70,0,70.0,0.00972193164424
84,0,6383.773987206822,71.59980987834186,2.874886094213569,0.04023521471836351,1.1159774295164648,0.8773906631731678,0.7888893112117458,6095.518123667377,70.53153766967394,2.985598237150008,0.0423477992680123,1.0889318888295136,0.8484915147221295,0.7829397736493199,8520_8502,1.0,1.0,0.0,22,2,22,1,22,1,22,23,1,21,23,417,FL-417 N,N,Freeway,0.536463457053,0.00865953051307,8520,8502,E,2,65863,4,417,45500,65863,70,0,70.0,0.00865953051307
85,1,6067.282655246252,70.64636114938494,1.273137075197646,0.018045886152645612,4.410683964020957,1.0773490246540895,0.24693346801109026,5450.9229122055685,68.51837851108426,1.6496239487844708,0.02409616519012909,3.9513650763408887,1.0248256556383075,0.26389201930877515,8520_8502,0.0,0.0,0.0,22,2,22,1,22,1,22,23,1,21,23,417,FL-417 N,N,Freeway,0.536463457053,0.00865953051307,8520,8502,E,2,65863,4,417,45500,65863,70,0,70.0,0.00865953051307
86,2,8032.816631130064,69.27485156020667,2.2992986774121356,0.034492860728056414,5.789091946950755,1.2285919326020731,0.2010364895916556,8246.560767590618,65.7270697127988,2.637771505936809,0.04298498671078637,6.107759811996067,1.6875876739452775,0.2534098441871748,8520_8502,1.0,1.0,0.0,22,2,22,1,22,1,22,23,1,21,23,417,FL-417 N,N,Freeway,0.536463457053,0.00865953051307,8520,8502,E,2,65863,4,417,45500,65863,70,0,70.0,0.00865953051307
87,3,12935.980810234541,70.14035374710298,1.5323646240123974,0.021919586442882937,4.082698762824196,0.7706226965532021,0.18973181502644704,13098.933901918977,66.79491529291877,1.4973563765074431,0.022589011656914026,4.164237467781608,0.9167028935943168,0.2178291514463274,8520_8502,3.0,2.0,1.0,22,2,22,1,22,1,22,23,1,21,23,417,FL-417 N,N,Freeway,0.536463457053,0.00865953051307,8520,8502,E,2,65863,4,417,45500,65863,70,0,70.0,0.00865953051307
88,0,5906.456730769231,72.45811225884485,2.6287790433865275,0.036309444687864505,1.0254336323790632,0.7808500984715155,0.7638813735067884,6133.395033860045,69.11454615235638,2.9903756075166266,0.043289923999001854,0.7789078830525616,0.5861240871460911,0.7618606174297323,8480_11010,3.0,1.0,2.0,23,2,23,1,23,1,23,24,1,22,24,417,FL-417 N,N,Freeway,0.982668303486,0.016051321075,8480,11010,E,2,65863,4,417,47407,65863,70,0,70.0,0.016051321075
89,1,5335.2337349397585,72.26421065486737,1.4275933182895593,0.020035877480066886,3.8365879044223035,0.8983146656558771,0.23354477501702745,6000.0546697038735,68.49399620209887,1.343901310345616,0.01965693238885436,3.146469696948189,0.7287778826308803,0.23628802238088176,8480_11010,1.0,1.0,0.0,23,2,23,1,23,1,23,24,1,22,24,417,FL-417 N,N,Freeway,0.982668303486,0.016051321075,8480,11010,E,2,65863,4,417,47407,65863,70,0,70.0,0.016051321075
90,2,6773.9373549883985,71.3117464493371,1.881929698857814,0.026678897414410718,4.663079911008895,0.9042395925534896,0.18619582203378499,7945.7732426303855,68.006457403331,1.6123042501638982,0.02395591407169884,3.6337497715222544,0.645277921286433,0.1779815603808764,8480_11010,3.0,1.0,2.0,23,2,23,1,23,1,23,24,1,22,24,417,FL-417 N,N,Freeway,0.982668303486,0.016051321075,8480,11010,E,2,65863,4,417,47407,65863,70,0,70.0,0.016051321075
91,3,11431.102564102563,71.57874691347286,1.6217261931984686,0.024838593752594326,3.665358461700981,0.7558719884139559,0.19499834758470908,12792.51247165533,67.93111041101223,1.5502282325352656,0.023036785515372905,2.8618824832875545,0.5415517541473558,0.18880303320207675,8480_11010,1.0,1.0,0.0,23,2,23,1,23,1,23,24,1,22,24,417,FL-417 N,N,Freeway,0.982668303486,0.016051321075,8480,11010,E,2,65863,4,417,47407,65863,70,0,70.0,0.016051321075
92,0,6095.518123667377,70.53153766967394,2.985598237150008,0.0423477992680123,1.0889318888295136,0.8484915147221295,0.7829397736493199,10386.739224137933,75.49264093896673,2.3658069621083953,0.031404361365583916,1.4903499435613108,1.2833359523686731,0.8689743056396553,8502_6701,1.0,1.0,0.0,24,2,24,1,24,1,24,25,1,23,25,417,FL-417 N,N,Freeway,1.00889997689,0.016254247577,8502,6701,E,2,65863,4,417,45500,65863,70,0,70.0,0.016254247577
93,1,5450.9229122055685,68.51837851108426,1.6496239487844708,0.02409616519012909,3.9513650763408887,1.0248256556383075,0.26389201930877515,8995.57142857143,75.2823198075527,1.2595750883608288,0.01677511934372557,5.709713012365441,1.5773283760385448,0.27941880250213275,8502_6701,0.0,0.0,0.0,24,2,24,1,24,1,24,25,1,23,25,417,FL-417 N,N,Freeway,1.00889997689,0.016254247577,8502,6701,E,2,65863,4,417,45500,65863,70,0,70.0,0.016254247577
94,2,8246.560767590618,65.7270697127988,2.637771505936809,0.04298498671078637,6.107759811996067,1.6875876739452775,0.2534098441871748,13818.560344827589,72.41355505334712,3.928279098154453,0.05927860013546477,9.108712068300338,2.6043951327381154,0.2612888343981844,8502_6701,3.0,3.0,0.0,24,2,24,1,24,1,24,25,1,23,25,417,FL-417 N,N,Freeway,1.00889997689,0.016254247577,8502,6701,E,2,65863,4,417,45500,65863,70,0,70.0,0.016254247577
95,3,13098.933901918977,66.79491529291877,1.4973563765074431,0.022589011656914026,4.164237467781608,0.9167028935943168,0.2178291514463274,21851.26508620689,74.49095834790968,1.5759551867524777,0.02149914525965432,6.1013662623434115,1.293215824614846,0.21065608034181207,8502_6701,0.0,0.0,0.0,24,2,24,1,24,1,24,25,1,23,25,417,FL-417 N,N,Freeway,1.00889997689,0.016254247577,8502,6701,E,2,65863,4,417,45500,65863,70,0,70.0,0.016254247577
96,0,10386.739224137933,75.49264093896673,2.3658069621083953,0.031404361365583916,1.4903499435613108,1.2833359523686731,0.8689743056396553,6030.938034188033,73.36833709927507,2.4550681588054704,0.0334894998071676,1.4876394480061153,1.2426877415738464,0.8380467239755091,6701_5900,1.0,0.0,1.0,25,2,25,1,25,1,25,26,1,24,26,417,FL-417 N,N,Freeway,0.619111197154,0.009422246094889999,6701,5900,E,2,65863,4,417,45500,65863,70,0,70.0,0.009422246094889999
97,1,8995.57142857143,75.2823198075527,1.2595750883608288,0.01677511934372557,5.709713012365441,1.5773283760385448,0.27941880250213275,5410.9248927038625,73.42392368006307,1.4005639710207818,0.019430628291215044,5.623288968758169,1.5779209312772011,0.2804899907373615,6701_5900,0.0,0.0,0.0,25,2,25,1,25,1,25,26,1,24,26,417,FL-417 N,N,Freeway,0.619111197154,0.009422246094889999,6701,5900,E,2,65863,4,417,45500,65863,70,0,70.0,0.009422246094889999
98,2,13818.560344827589,72.41355505334712,3.928279098154453,0.05927860013546477,9.108712068300338,2.6043951327381154,0.2612888343981844,8152.0576923076915,70.04809001190095,3.469901985556617,0.05240711368814933,8.738715063265762,2.1908362982358143,0.23888564574381094,6701_5900,0.0,0.0,0.0,25,2,25,1,25,1,25,26,1,24,26,417,FL-417 N,N,Freeway,0.619111197154,0.009422246094889999,6701,5900,E,2,65863,4,417,45500,65863,70,0,70.0,0.009422246094889999
99,3,21851.26508620689,74.49095834790968,1.5759551867524777,0.02149914525965432,6.1013662623434115,1.293215824614846,0.21065608034181207,12890.752136752137,72.58163995387856,1.6654314517854971,0.023126894597684685,5.926342332310562,1.2479835465428968,0.21185442417037206,6701_5900,1.0,0.0,1.0,25,2,25,1,25,1,25,26,1,24,26,417,FL-417 N,N,Freeway,0.619111197154,0.009422246094889999,6701,5900,E,2,65863,4,417,45500,65863,70,0,70.0,0.009422246094889999
100,0,6164.155650319829,70.10849654212824,2.627291042514767,0.037496009458477295,0.9722474142079964,0.8343859999746066,0.8637840641678947,6141.445887445888,70.74579840608119,2.5646063946006783,0.036287633586277485,1.1668729051150424,0.9473925136711864,0.8167155239275623,8598_8531,5.0,3.0,2.0,26,2,26,1,26,1,26,27,1,25,27,417,FL-417 N,N,Freeway,0.517090858241,0.008198573946200001,8598,8531,E,2,65863,4,417,82000,65863,70,0,70.0,0.008198573946200001
101,1,7308.6017130620985,67.58535930033878,2.5354935594361705,0.04115263265406383,5.613220435614992,2.0730495477583304,0.32825407771364074,7270.205689277899,69.15087039776556,3.037296616241508,0.04683179544748137,5.953179482489697,1.7804882350217688,0.2821652555496182,8598_8531,5.0,2.0,3.0,26,2,26,1,26,1,26,27,1,25,27,417,FL-417 N,N,Freeway,0.517090858241,0.008198573946200001,8598,8531,E,2,65863,4,417,82000,65863,70,0,70.0,0.008198573946200001
102,2,8425.471215351812,65.19860925831516,4.492635400113485,0.07916020858879957,6.7925210333836885,2.526625443568866,0.31104175650715793,8438.27922077922,66.85006514955057,4.587693397282536,0.07587645377964485,6.7891790252532624,2.1905442820220933,0.2916906545140562,8598_8531,5.0,5.0,0.0,26,2,26,1,26,1,26,27,1,25,27,417,FL-417 N,N,Freeway,0.517090858241,0.008198573946200001,8598,8531,E,2,65863,4,417,82000,65863,70,0,70.0,0.008198573946200001
103,3,14545.946695095947,67.95195367497004,1.6159801517854313,0.02415854190959942,4.562394521805447,1.026585660202968,0.2169597776988107,14429.696969696968,69.5502405206806,1.9809620708379343,0.028903499282741225,5.014285543490722,1.0843045829347953,0.21235996808858096,8598_8531,1.0,0.0,1.0,26,2,26,1,26,1,26,27,1,25,27,417,FL-417 N,N,Freeway,0.517090858241,0.008198573946200001,8598,8531,E,2,65863,4,417,82000,65863,70,0,70.0,0.008198573946200001
104,0,6111.023454157783,68.4160833037354,2.5525323263777984,0.03732755750060635,1.0493449930393592,0.8691896026110829,0.8312120147470977,6164.155650319829,70.10849654212824,2.627291042514767,0.037496009458477295,0.9722474142079964,0.8343859999746066,0.8637840641678947,8512_8598,1.0,1.0,0.0,27,2,27,1,27,1,27,28,1,26,28,417,FL-417 N,N,Freeway,0.7037703588070001,0.011183447612600001,8512,8598,S,3,65863,4,15,35500,65863,70,0,70.0,0.011183447612600001
105,1,5419.181623931624,68.82210587792547,1.4759265274053628,0.02194476020404177,3.9473353472025114,1.1588408636868337,0.2885308859942077,7308.6017130620985,67.58535930033878,2.5354935594361705,0.04115263265406383,5.613220435614992,2.0730495477583304,0.32825407771364074,8512_8598,2.0,1.0,1.0,27,2,27,1,27,1,27,28,1,26,28,417,FL-417 N,N,Freeway,0.7037703588070001,0.011183447612600001,8512,8598,S,3,65863,4,15,35500,65863,70,0,70.0,0.011183447612600001
106,2,8260.67803837953,66.52961604920915,2.950032986172473,0.04728731959528293,6.23862574120273,1.6771503395977865,0.2483471173684825,8425.471215351812,65.19860925831516,4.492635400113485,0.07916020858879957,6.7925210333836885,2.526625443568866,0.31104175650715793,8512_8598,4.0,3.0,1.0,27,2,27,1,27,1,27,28,1,26,28,417,FL-417 N,N,Freeway,0.7037703588070001,0.011183447612600001,8512,8598,S,3,65863,4,15,35500,65863,70,0,70.0,0.011183447612600001
107,3,13065.90618336887,68.44898314351579,1.4371516177835313,0.0211387960792897,4.139294249070977,0.9080246159971616,0.21871482228921948,14545.946695095947,67.95195367497004,1.6159801517854313,0.02415854190959942,4.562394521805447,1.026585660202968,0.2169597776988107,8512_8598,1.0,1.0,0.0,27,2,27,1,27,1,27,28,1,26,28,417,FL-417 N,N,Freeway,0.7037703588070001,0.011183447612600001,8512,8598,S,3,65863,4,15,35500,65863,70,0,70.0,0.011183447612600001
108,0,6030.938034188033,73.36833709927507,2.4550681588054704,0.0334894998071676,1.4876394480061153,1.2426877415738464,0.8380467239755091,6111.023454157783,68.4160833037354,2.5525323263777984,0.03732755750060635,1.0493449930393592,0.8691896026110829,0.8312120147470977,5900_8512,1.0,0.0,1.0,28,2,28,1,28,1,28,29,1,27,29,417,FL-417 N,N,Freeway,0.349027857505,0.00533092606564,5900,8512,E,2,65863,4,417,45500,65863,70,0,70.0,0.00533092606564
109,1,5410.9248927038625,73.42392368006307,1.4005639710207818,0.019430628291215044,5.623288968758169,1.5779209312772011,0.2804899907373615,5419.181623931624,68.82210587792547,1.4759265274053628,0.02194476020404177,3.9473353472025114,1.1588408636868337,0.2885308859942077,5900_8512,1.0,1.0,0.0,28,2,28,1,28,1,28,29,1,27,29,417,FL-417 N,N,Freeway,0.349027857505,0.00533092606564,5900,8512,E,2,65863,4,417,45500,65863,70,0,70.0,0.00533092606564
110,2,8152.0576923076915,70.04809001190095,3.469901985556617,0.05240711368814933,8.738715063265762,2.1908362982358143,0.23888564574381094,8260.67803837953,66.52961604920915,2.950032986172473,0.04728731959528293,6.23862574120273,1.6771503395977865,0.2483471173684825,5900_8512,0.0,0.0,0.0,28,2,28,1,28,1,28,29,1,27,29,417,FL-417 N,N,Freeway,0.349027857505,0.00533092606564,5900,8512,E,2,65863,4,417,45500,65863,70,0,70.0,0.00533092606564
111,3,12890.752136752137,72.58163995387856,1.6654314517854971,0.023126894597684685,5.926342332310562,1.2479835465428968,0.21185442417037206,13065.90618336887,68.44898314351579,1.4371516177835313,0.0211387960792897,4.139294249070977,0.9080246159971616,0.21871482228921948,5900_8512,2.0,1.0,1.0,28,2,28,1,28,1,28,29,1,27,29,417,FL-417 N,N,Freeway,0.349027857505,0.00533092606564,5900,8512,E,2,65863,4,417,45500,65863,70,0,70.0,0.00533092606564
112,0,6221.790149892933,71.35651982516785,2.687660766854996,0.03769322630936285,1.4032392399705758,1.1016671607355537,0.7903442088182097,6638.790432801822,67.83559006406955,3.4927711264934764,0.05153308495456116,1.205357812779819,0.994317015140064,0.8303419855846893,8540_8538,1.0,1.0,0.0,29,2,29,1,29,1,29,30,1,28,30,417,FL-417 N,N,Freeway,0.346143731086,0.00503746932208,8540,8538,N,2,65863,4,417,82000,65863,70,66,70.0,0.00503746932208
113,1,8173.5673913043465,68.27213002533959,4.441655767354745,0.07032041858617921,8.017538722947274,2.7914915026557034,0.3227854157609743,9188.132723112129,60.41099155496182,4.1453908960124,0.07304005888558092,6.645726539480008,2.3491899710936783,0.3330211065161428,8540_8538,4.0,3.0,1.0,29,2,29,1,29,1,29,30,1,28,30,417,FL-417 N,N,Freeway,0.346143731086,0.00503746932208,8540,8538,N,2,65863,4,417,82000,65863,70,66,70.0,0.00503746932208
114,2,8974.807280513918,65.30785956140936,6.27140534092878,0.10436114374827488,8.707554749031125,3.2759864890761703,0.3452161061842212,8743.660592255126,57.89797855571064,5.724425315080272,0.10563723339219508,7.1407362727913695,2.4449941549000354,0.31995820927566443,8540_8538,1.0,0.0,1.0,29,2,29,1,29,1,29,30,1,28,30,417,FL-417 N,N,Freeway,0.346143731086,0.00503746932208,8540,8538,N,2,65863,4,417,82000,65863,70,66,70.0,0.00503746932208
115,3,15593.627408993576,70.0047192846533,2.2651254135754577,0.03291741964272444,6.016289708980281,1.3359868212037564,0.21406385253835075,15646.19362186788,62.45912822269712,2.54545474002768,0.04112837873481396,4.8824522901302405,1.1134498123403074,0.22529489600037644,8540_8538,0.0,0.0,0.0,29,2,29,1,29,1,29,30,1,28,30,417,FL-417 N,N,Freeway,0.346143731086,0.00503746932208,8540,8538,N,2,65863,4,417,82000,65863,70,66,70.0,0.00503746932208
116,0,6638.790432801822,67.83559006406955,3.4927711264934764,0.05153308495456116,1.205357812779819,0.994317015140064,0.8303419855846893,6241.547974413646,72.518299163983,2.760853049485149,0.03823687673360141,1.7885689841145884,1.497020058554115,0.8386849359820471,8538_6642,2.0,2.0,0.0,30,2,30,1,30,1,30,31,1,29,31,417,FL-417 N,N,Freeway,0.587651023412,0.00855207347379,8538,6642,N,2,65863,4,417,82000,65863,70,52,70.0,0.00855207347379
117,1,9188.132723112129,60.41099155496182,4.1453908960124,0.07304005888558092,6.645726539480008,2.3491899710936783,0.3330211065161428,8701.260683760684,69.71455797548677,4.138724797792519,0.062302494604592175,10.705754640199304,3.4570664083442524,0.31732496337439386,8538_6642,7.0,6.0,1.0,30,2,30,1,30,1,30,31,1,29,31,417,FL-417 N,N,Freeway,0.587651023412,0.00855207347379,8538,6642,N,2,65863,4,417,82000,65863,70,52,70.0,0.00855207347379
118,2,8743.660592255126,57.89797855571064,5.724425315080272,0.10563723339219508,7.1407362727913695,2.4449941549000354,0.31995820927566443,9017.559829059828,66.72725914078633,5.844249371695633,0.09315340999436422,11.595218999429074,3.2769173548066046,0.2732564236809648,8538_6642,3.0,2.0,1.0,30,2,30,1,30,1,30,31,1,29,31,417,FL-417 N,N,Freeway,0.587651023412,0.00855207347379,8538,6642,N,2,65863,4,417,82000,65863,70,52,70.0,0.00855207347379
119,3,15646.19362186788,62.45912822269712,2.54545474002768,0.04112837873481396,4.8824522901302405,1.1134498123403074,0.22529489600037644,15950.7078891258,71.57366339169809,2.3386381744514844,0.03307965096118429,8.317421091579126,1.6792258042967954,0.20194897675203294,8538_6642,3.0,1.0,2.0,30,2,30,1,30,1,30,31,1,29,31,417,FL-417 N,N,Freeway,0.587651023412,0.00855207347379,8538,6642,N,2,65863,4,417,82000,65863,70,52,70.0,0.00855207347379
120,0,6134.686567164178,69.99583883737884,3.1051191907895737,0.04440240440352218,1.4945461553480226,1.3210076926129308,0.8812048819785311,6221.790149892933,71.35651982516785,2.687660766854996,0.03769322630936285,1.4032392399705758,1.1016671607355537,0.7903442088182097,8533_8540,0.0,0.0,0.0,31,2,31,1,31,1,31,32,1,30,32,417,FL-417 N,N,Freeway,0.69521370128,0.0101795247672,8533,8540,N,2,65863,4,417,82000,65863,70,89,70.0,0.0101795247672
121,1,7968.670940170941,63.48048502301128,4.219389001058705,0.07097296703065697,7.987092311135787,3.0155139820574277,0.3493390317044226,8173.5673913043465,68.27213002533959,4.441655767354745,0.07032041858617921,8.017538722947274,2.7914915026557034,0.3227854157609743,8533_8540,7.0,5.0,2.0,31,2,31,1,31,1,31,32,1,30,32,417,FL-417 N,N,Freeway,0.69521370128,0.0101795247672,8533,8540,N,2,65863,4,417,82000,65863,70,89,70.0,0.0101795247672
122,2,8789.083333333334,60.766111128600706,5.5009915840548,0.09938807109006802,9.445937115806352,3.278016370724133,0.3133028206736978,8974.807280513918,65.30785956140936,6.27140534092878,0.10436114374827488,8.707554749031125,3.2759864890761703,0.3452161061842212,8533_8540,12.0,11.0,1.0,31,2,31,1,31,1,31,32,1,30,32,417,FL-417 N,N,Freeway,0.69521370128,0.0101795247672,8533,8540,N,2,65863,4,417,82000,65863,70,89,70.0,0.0101795247672
123,3,15256.646055437099,64.77615785682853,2.8132068550225147,0.0440956761050879,6.451359547154348,1.4974459138292076,0.22471017637660726,15593.627408993576,70.0047192846533,2.2651254135754577,0.03291741964272444,6.016289708980281,1.3359868212037564,0.21406385253835075,8533_8540,9.0,7.0,2.0,31,2,31,1,31,1,31,32,1,30,32,417,FL-417 N,N,Freeway,0.69521370128,0.0101795247672,8533,8540,N,2,65863,4,417,82000,65863,70,89,70.0,0.0101795247672
124,0,6141.445887445888,70.74579840608119,2.5646063946006783,0.036287633586277485,1.1668729051150424,0.9473925136711864,0.8167155239275623,6134.686567164178,69.99583883737884,3.1051191907895737,0.04440240440352218,1.4945461553480226,1.3210076926129308,0.8812048819785311,8531_8533,0.0,0.0,0.0,32,2,32,1,32,1,32,33,1,31,33,417,FL-417 N,N,Freeway,0.35100178586400005,0.00534659980385,8531,8533,N,2,65863,4,417,82000,65863,70,101,70.0,0.00534659980385
125,1,7270.205689277899,69.15087039776556,3.037296616241508,0.04683179544748137,5.953179482489697,1.7804882350217688,0.2821652555496182,7968.670940170941,63.48048502301128,4.219389001058705,0.07097296703065697,7.987092311135787,3.0155139820574277,0.3493390317044226,8531_8533,1.0,1.0,0.0,32,2,32,1,32,1,32,33,1,31,33,417,FL-417 N,N,Freeway,0.35100178586400005,0.00534659980385,8531,8533,N,2,65863,4,417,82000,65863,70,101,70.0,0.00534659980385
126,2,8438.27922077922,66.85006514955057,4.587693397282536,0.07587645377964485,6.7891790252532624,2.1905442820220933,0.2916906545140562,8789.083333333334,60.766111128600706,5.5009915840548,0.09938807109006802,9.445937115806352,3.278016370724133,0.3133028206736978,8531_8533,0.0,0.0,0.0,32,2,32,1,32,1,32,33,1,31,33,417,FL-417 N,N,Freeway,0.35100178586400005,0.00534659980385,8531,8533,N,2,65863,4,417,82000,65863,70,101,70.0,0.00534659980385
127,3,14429.696969696968,69.5502405206806,1.9809620708379343,0.028903499282741225,5.014285543490722,1.0843045829347953,0.21235996808858096,15256.646055437099,64.77615785682853,2.8132068550225147,0.0440956761050879,6.451359547154348,1.4974459138292076,0.22471017637660726,8531_8533,1.0,1.0,0.0,32,2,32,1,32,1,32,33,1,31,33,417,FL-417 N,N,Freeway,0.35100178586400005,0.00534659980385,8531,8533,N,2,65863,4,417,82000,65863,70,101,70.0,0.00534659980385
128,0,6511.571428571428,71.16031160454641,2.8017973813588206,0.0399185377127682,1.1074960890664771,1.0046488641811808,0.8976982532707568,4672.136659436009,74.82281282007405,2.796121058277273,0.037472284359156005,1.0927930440849598,1.0373265285008328,0.9589039821538295,7993_7091,8.0,6.0,2.0,33,2,33,1,33,1,33,34,1,32,34,417,FL-417 N,N,Freeway,1.10901760213,0.016125636869600002,7993,7091,E,2,65863,4,528,73393,65863,70,76,70.0,0.016125636869600002
129,1,8537.610722610723,70.05771694916787,2.3759650125712826,0.0347598519948145,6.26209195167224,1.876836756739888,0.2984529341396755,6976.80709534368,74.62666314519568,1.7207150816175008,0.023749482148465468,7.131848338144478,2.3983514896384577,0.33209023174631297,7993_7091,2.0,2.0,0.0,33,2,33,1,33,1,33,34,1,32,34,417,FL-417 N,N,Freeway,1.10901760213,0.016125636869600002,7993,7091,E,2,65863,4,528,73393,65863,70,76,70.0,0.016125636869600002
130,2,9347.416666666666,67.13852993514261,3.992080615808247,0.06309195841900085,7.224206982503665,1.9148044832469753,0.24908824067207344,6983.851203501095,72.00832195009941,3.1298862086588084,0.050420672272011836,7.692821855835675,2.0686157734344337,0.2434136645790095,7993_7091,3.0,0.0,3.0,33,2,33,1,33,1,33,34,1,32,34,417,FL-417 N,N,Freeway,1.10901760213,0.016125636869600002,7993,7091,E,2,65863,4,528,73393,65863,70,76,70.0,0.016125636869600002
131,3,15935.752886836028,70.00235869516912,1.761551442951347,0.025428328874250162,5.104024178000422,1.0109538126475808,0.1985743868230086,11796.713665943602,74.33620387533206,1.6558376248066675,0.022523450337614805,5.4105971726111814,1.2110259333979758,0.2237371741591902,7993_7091,1.0,0.0,1.0,33,2,33,1,33,1,33,34,1,32,34,417,FL-417 N,N,Freeway,1.10901760213,0.016125636869600002,7993,7091,E,2,65863,4,528,73393,65863,70,76,70.0,0.016125636869600002
132,0,4672.136659436009,74.82281282007405,2.796121058277273,0.037472284359156005,1.0927930440849598,1.0373265285008328,0.9589039821538295,10479.778251599148,72.72942237545709,2.1001649665609463,0.028971496516871663,1.500217316058208,1.1046196586571306,0.7278715843453716,7091_6173,0.0,0.0,0.0,34,2,34,1,34,1,34,35,1,33,35,417,FL-417 N,N,Freeway,0.088467161331,0.00129944975974,7091,6173,N,2,65863,4,417,82802,65863,70,52,70.0,0.00129944975974
133,1,6976.80709534368,74.62666314519568,1.7207150816175008,0.023749482148465468,7.131848338144478,2.3983514896384577,0.33209023174631297,10577.903846153846,73.56646574907529,1.4828539232355384,0.020828270849681654,5.80679219708284,1.7019321257926092,0.2876947358564933,7091_6173,0.0,0.0,0.0,34,2,34,1,34,1,34,35,1,33,35,417,FL-417 N,N,Freeway,0.088467161331,0.00129944975974,7091,6173,N,2,65863,4,417,82802,65863,70,52,70.0,0.00129944975974
134,2,6983.851203501095,72.00832195009941,3.1298862086588084,0.050420672272011836,7.692821855835675,2.0686157734344337,0.2434136645790095,14082.260127931768,70.35778308970093,3.531455724573884,0.055867371939049185,8.03147880882882,1.835211875432569,0.21232097293197785,7091_6173,0.0,0.0,0.0,34,2,34,1,34,1,34,35,1,33,35,417,FL-417 N,N,Freeway,0.088467161331,0.00129944975974,7091,6173,N,2,65863,4,417,82802,65863,70,52,70.0,0.00129944975974
135,3,11796.713665943602,74.33620387533206,1.6558376248066675,0.022523450337614805,5.4105971726111814,1.2110259333979758,0.2237371741591902,21410.67803837953,72.89246227792842,1.680806310201461,0.02335713987604797,5.229846424605425,1.0707297505301432,0.2028444102336691,7091_6173,0.0,0.0,0.0,34,2,34,1,34,1,34,35,1,33,35,417,FL-417 N,N,Freeway,0.088467161331,0.00129944975974,7091,6173,N,2,65863,4,417,82802,65863,70,52,70.0,0.00129944975974
136,0,6241.547974413646,72.518299163983,2.760853049485149,0.03823687673360141,1.7885689841145884,1.497020058554115,0.8386849359820471,6511.571428571428,71.16031160454641,2.8017973813588206,0.0399185377127682,1.1074960890664771,1.0046488641811808,0.8976982532707568,6642_7993,1.0,0.0,1.0,35,2,35,1,35,1,35,36,1,34,36,417,FL-417 N,N,Freeway,0.46452594766599997,0.006760513474420001,6642,7993,N,2,65863,4,417,82000,65863,70,44,70.0,0.006760513474420001
137,1,8701.260683760684,69.71455797548677,4.138724797792519,0.062302494604592175,10.705754640199304,3.4570664083442524,0.31732496337439386,8537.610722610723,70.05771694916787,2.3759650125712826,0.0347598519948145,6.26209195167224,1.876836756739888,0.2984529341396755,6642_7993,1.0,1.0,0.0,35,2,35,1,35,1,35,36,1,34,36,417,FL-417 N,N,Freeway,0.46452594766599997,0.006760513474420001,6642,7993,N,2,65863,4,417,82000,65863,70,44,70.0,0.006760513474420001
138,2,9017.559829059828,66.72725914078633,5.844249371695633,0.09315340999436422,11.595218999429074,3.2769173548066046,0.2732564236809648,9347.416666666666,67.13852993514261,3.992080615808247,0.06309195841900085,7.224206982503665,1.9148044832469753,0.24908824067207344,6642_7993,4.0,3.0,1.0,35,2,35,1,35,1,35,36,1,34,36,417,FL-417 N,N,Freeway,0.46452594766599997,0.006760513474420001,6642,7993,N,2,65863,4,417,82000,65863,70,44,70.0,0.006760513474420001
139,3,15950.7078891258,71.57366339169809,2.3386381744514844,0.03307965096118429,8.317421091579126,1.6792258042967954,0.20194897675203294,15935.752886836028,70.00235869516912,1.761551442951347,0.025428328874250162,5.104024178000422,1.0109538126475808,0.1985743868230086,6642_7993,3.0,2.0,1.0,35,2,35,1,35,1,35,36,1,34,36,417,FL-417 N,N,Freeway,0.46452594766599997,0.006760513474420001,6642,7993,N,2,65863,4,417,82000,65863,70,44,70.0,0.006760513474420001
140,0,10479.778251599148,72.72942237545709,2.1001649665609463,0.028971496516871663,1.500217316058208,1.1046196586571306,0.7278715843453716,10455.469083155649,70.9126766890512,2.182916981351355,0.030820493862939717,1.4205083793566249,0.9862864046174892,0.6981223816012475,6173_8544,5.0,5.0,0.0,36,2,36,1,36,1,36,37,1,35,37,417,FL-417 N,N,Freeway,1.1323705209000001,0.016793898701,6173,8544,N,2,65863,6,417,96500,65863,70,52,70.0,0.016793898701
141,1,10577.903846153846,73.56646574907529,1.4828539232355384,0.020828270849681654,5.80679219708284,1.7019321257926092,0.2876947358564933,10570.685224839399,70.57967845187282,1.597380322416875,0.02297949651384957,5.387739925570814,1.5419774980479262,0.28350912972672393,6173_8544,5.0,5.0,0.0,36,2,36,1,36,1,36,37,1,35,37,417,FL-417 N,N,Freeway,1.1323705209000001,0.016793898701,6173,8544,N,2,65863,6,417,96500,65863,70,52,70.0,0.016793898701
142,2,14082.260127931768,70.35778308970093,3.531455724573884,0.055867371939049185,8.03147880882882,1.835211875432569,0.21232097293197785,14072.01282051282,67.00004977430956,3.804111316272604,0.05971449280299379,7.268838032895378,1.7638461687232394,0.2306796597116818,6173_8544,14.0,11.0,3.0,36,2,36,1,36,1,36,37,1,35,37,417,FL-417 N,N,Freeway,1.1323705209000001,0.016793898701,6173,8544,N,2,65863,6,417,96500,65863,70,52,70.0,0.016793898701
143,3,21410.67803837953,72.89246227792842,1.680806310201461,0.02335713987604797,5.229846424605425,1.0707297505301432,0.2028444102336691,21330.940298507463,70.10842373838986,1.7960803177410158,0.02585144689326781,4.8913318240705905,1.0260673981944868,0.20801374377028206,6173_8544,16.0,12.0,4.0,36,2,36,1,36,1,36,37,1,35,37,417,FL-417 N,N,Freeway,1.1323705209000001,0.016793898701,6173,8544,N,2,65863,6,417,96500,65863,70,52,70.0,0.016793898701
144,0,10516.06652360515,72.00763879975212,2.0286399081692315,0.02824309888655652,1.3001347670109056,1.0245408288692306,0.7899827574469882,9300.351812366738,72.42608519797251,2.289946384718009,0.0317370136006512,1.3518617287265289,0.9976538111405904,0.7373058727031377,8557_8553,5.0,4.0,1.0,37,2,37,1,37,1,37,38,1,36,38,417,FL-417 N,N,Freeway,0.414658818261,0.00613950048481,8557,8553,N,2,65863,6,417,96944,65863,70,50,70.0,0.00613950048481
145,1,10790.829004329004,72.76510521212225,1.37383713541908,0.01904770530891068,5.693371013624956,1.7198653658264615,0.31343648219812825,11272.006423982872,71.57386603902209,1.4167548766028708,0.020153161180496915,6.606719192293428,2.1174054001924167,0.31692476889019355,8557_8553,1.0,1.0,0.0,37,2,37,1,37,1,37,38,1,36,38,417,FL-417 N,N,Freeway,0.414658818261,0.00613950048481,8557,8553,N,2,65863,6,417,96944,65863,70,50,70.0,0.00613950048481
146,2,14289.290043290044,70.57098761613531,2.3047437909354613,0.034624548136397704,7.401518260761392,1.3996699451070818,0.1860850429602317,12333.658848614072,68.12496050240236,10.059007106968744,-0.054285345532573866,7.251528590412858,1.4860846929328089,0.1972855496612792,8557_8553,0.0,0.0,0.0,37,2,37,1,37,1,37,38,1,36,38,417,FL-417 N,N,Freeway,0.414658818261,0.00613950048481,8557,8553,N,2,65863,6,417,96944,65863,70,50,70.0,0.00613950048481
147,3,21650.17094017094,72.78569161761021,1.4357367170748307,0.019954546735034863,4.8443054334963485,1.0305090582582277,0.2120760094394536,20335.99573560768,69.87485232590589,9.925978493494977,-0.4165766610890657,5.415238505870403,1.048490350084289,0.1913469496923048,8557_8553,2.0,2.0,0.0,37,2,37,1,37,1,37,38,1,36,38,417,FL-417 N,N,Freeway,0.414658818261,0.00613950048481,8557,8553,N,2,65863,6,417,96944,65863,70,50,70.0,0.00613950048481
148,0,9300.351812366738,72.42608519797251,2.289946384718009,0.0317370136006512,1.3518617287265289,0.9976538111405904,0.7373058727031377,9137.219616204693,73.54626914322544,2.4361226794642183,0.03346385078519085,1.8635940490563692,1.4356922203910147,0.7639194861333142,8553_6689,6.0,5.0,1.0,38,2,38,1,38,1,38,39,1,37,39,417,FL-417 N,N,Freeway,1.05476007377,0.0153501989885,8553,6689,N,2,65863,4,417,97500,65863,70,52,70.0,0.0153501989885
149,1,11272.006423982872,71.57386603902209,1.4167548766028708,0.020153161180496915,6.606719192293428,2.1174054001924167,0.31692476889019355,11039.195278969955,73.76667789828706,2.029503175657461,0.02817724352227865,9.171586146745325,3.0400414001908564,0.32691747298027385,8553_6689,3.0,3.0,0.0,38,2,38,1,38,1,38,39,1,37,39,417,FL-417 N,N,Freeway,1.05476007377,0.0153501989885,8553,6689,N,2,65863,4,417,97500,65863,70,52,70.0,0.0153501989885
150,2,12333.658848614072,68.12496050240236,10.059007106968744,-0.054285345532573866,7.251528590412858,1.4860846929328089,0.1972855496612792,12350.972222222224,72.15132751010337,2.613450692054809,0.039258880342156535,10.251001507313386,2.0384618834487007,0.1943082818782668,8553_6689,6.0,6.0,0.0,38,2,38,1,38,1,38,39,1,37,39,417,FL-417 N,N,Freeway,1.05476007377,0.0153501989885,8553,6689,N,2,65863,4,417,97500,65863,70,52,70.0,0.0153501989885
151,3,20335.99573560768,69.87485232590589,9.925978493494977,-0.4165766610890657,5.415238505870403,1.048490350084289,0.1913469496923048,20579.47121535181,74.12352597831212,1.7087460929026983,0.023521576730730468,7.4824837205594,1.5166317335327042,0.20008391243756465,8553_6689,5.0,4.0,1.0,38,2,38,1,38,1,38,39,1,37,39,417,FL-417 N,N,Freeway,1.05476007377,0.0153501989885,8553,6689,N,2,65863,4,417,97500,65863,70,52,70.0,0.0153501989885
152,0,10455.469083155649,70.9126766890512,2.182916981351355,0.030820493862939717,1.4205083793566249,0.9862864046174892,0.6981223816012475,10580.243070362474,70.84308726950059,2.300528358638553,0.032661012627253745,1.532331481049476,1.1272345303777846,0.7394590917167869,8544_8386,2.0,1.0,1.0,39,2,39,1,39,1,39,40,1,38,40,417,FL-417 N,N,Freeway,0.597959122964,0.008744304166819998,8544,8386,N,2,65863,6,417,96500,65863,70,57,70.0,0.008744304166819998
153,1,10570.685224839399,70.57967845187282,1.597380322416875,0.02297949651384957,5.387739925570814,1.5419774980479262,0.28350912972672393,11090.167023554604,70.07640993725718,1.5991038279760088,0.02305182404133228,6.174951045153887,1.9263138048499413,0.309639520161477,8544_8386,1.0,0.0,1.0,39,2,39,1,39,1,39,40,1,38,40,417,FL-417 N,N,Freeway,0.597959122964,0.008744304166819998,8544,8386,N,2,65863,6,417,96500,65863,70,57,70.0,0.008744304166819998
154,2,14072.01282051282,67.00004977430956,3.804111316272604,0.05971449280299379,7.268838032895378,1.7638461687232394,0.2306796597116818,14490.313432835821,65.73783786409605,3.791285141985292,0.05959186457131041,8.713890143428102,1.95976852087108,0.21974226261706936,8544_8386,8.0,6.0,2.0,39,2,39,1,39,1,39,40,1,38,40,417,FL-417 N,N,Freeway,0.597959122964,0.008744304166819998,8544,8386,N,2,65863,6,417,96500,65863,70,57,70.0,0.008744304166819998
155,3,21330.940298507463,70.10842373838986,1.7960803177410158,0.02585144689326781,4.8913318240705905,1.0260673981944868,0.20801374377028206,22197.228144989334,69.74509598046164,1.7522053476938526,0.02533683367232385,5.525230990085803,1.255872478263664,0.22593076272828996,8544_8386,7.0,6.0,1.0,39,2,39,1,39,1,39,40,1,38,40,417,FL-417 N,N,Freeway,0.597959122964,0.008744304166819998,8544,8386,N,2,65863,6,417,96500,65863,70,57,70.0,0.008744304166819998
156,0,10580.243070362474,70.84308726950059,2.300528358638553,0.032661012627253745,1.532331481049476,1.1272345303777846,0.7394590917167869,10579.0,68.65897335436202,2.486182873524524,0.036539680027060484,1.5112587197898786,1.0550948008191854,0.7026075547677312,8386_6314,2.0,2.0,0.0,40,2,40,1,40,1,40,41,1,39,41,417,FL-417 N,N,Freeway,0.24357475420000002,0.00356276320136,8386,6314,N,2,65863,6,417,96500,65863,70,49,70.0,0.00356276320136
157,1,11090.167023554604,70.07640993725718,1.5991038279760088,0.02305182404133228,6.174951045153887,1.9263138048499413,0.309639520161477,10908.75,68.3283468013627,1.75909379012199,0.02591786872565842,5.999733511173736,1.7187842362765189,0.2856446997909153,8386_6314,1.0,0.0,1.0,40,2,40,1,40,1,40,41,1,39,41,417,FL-417 N,N,Freeway,0.24357475420000002,0.00356276320136,8386,6314,N,2,65863,6,417,96500,65863,70,49,70.0,0.00356276320136
158,2,14490.313432835821,65.73783786409605,3.791285141985292,0.05959186457131041,8.713890143428102,1.95976852087108,0.21974226261706936,14347.385927505333,63.861267527253645,2.892687721504269,0.04631875521086055,7.561840483811884,1.5227491448812962,0.19791500972714007,8386_6314,0.0,0.0,0.0,40,2,40,1,40,1,40,41,1,39,41,417,FL-417 N,N,Freeway,0.24357475420000002,0.00356276320136,8386,6314,N,2,65863,6,417,96500,65863,70,49,70.0,0.00356276320136
159,3,22197.228144989334,69.74509598046164,1.7522053476938526,0.02533683367232385,5.525230990085803,1.255872478263664,0.22593076272828996,21919.287846481875,67.28554148964396,1.7408389593100686,0.02604844685115812,4.989857456422266,1.0257969114216308,0.20519400303247606,8386_6314,0.0,0.0,0.0,40,2,40,1,40,1,40,41,1,39,41,417,FL-417 N,N,Freeway,0.24357475420000002,0.00356276320136,8386,6314,N,2,65863,6,417,96500,65863,70,49,70.0,0.00356276320136
160,0,10497.262260127933,72.20668521787876,2.0452862008018484,0.028367207252399662,1.3758939582592713,1.060372344313902,0.7748449163331573,10516.06652360515,72.00763879975212,2.0286399081692315,0.02824309888655652,1.3001347670109056,1.0245408288692306,0.7899827574469882,6965_8557,3.0,2.0,1.0,41,2,41,1,41,1,41,42,1,40,42,417,FL-417 N,N,Freeway,1.02663032232,0.015074414342399999,6965,8557,N,2,65863,6,417,96500,65863,70,52,70.0,0.015074414342399999
161,1,10871.702991452992,73.36811322192985,1.2875202822681555,0.017741926509172463,5.868371062267027,1.8507444400619169,0.3117812396913611,10790.829004329004,72.76510521212225,1.37383713541908,0.01904770530891068,5.693371013624956,1.7198653658264615,0.31343648219812825,6965_8557,7.0,6.0,1.0,41,2,41,1,41,1,41,42,1,40,42,417,FL-417 N,N,Freeway,1.02663032232,0.015074414342399999,6965,8557,N,2,65863,6,417,96500,65863,70,52,70.0,0.015074414342399999
162,2,14329.938166311298,70.96553092206055,2.0784965542034923,0.03088518154300333,7.885528419536228,1.5176239723570877,0.18738420736460065,14289.290043290044,70.57098761613531,2.3047437909354613,0.034624548136397704,7.401518260761392,1.3996699451070818,0.1860850429602317,6965_8557,5.0,4.0,1.0,41,2,41,1,41,1,41,42,1,40,42,417,FL-417 N,N,Freeway,1.02663032232,0.015074414342399999,6965,8557,N,2,65863,6,417,96500,65863,70,52,70.0,0.015074414342399999
163,3,21844.22174840085,72.90899837044931,1.3919202211369666,0.019239820296343697,5.216879060101303,1.1410315678129035,0.21703600287126928,21650.17094017094,72.78569161761021,1.4357367170748307,0.019954546735034863,4.8443054334963485,1.0305090582582277,0.2120760094394536,6965_8557,7.0,7.0,0.0,41,2,41,1,41,1,41,42,1,40,42,417,FL-417 N,N,Freeway,1.02663032232,0.015074414342399999,6965,8557,N,2,65863,6,417,96500,65863,70,52,70.0,0.015074414342399999
164,0,10342.961620469085,67.56207353373576,2.2061819372106592,0.03284214700067615,1.4857595108909487,1.0926808637859349,0.7385532788803958,10497.262260127933,72.20668521787876,2.0452862008018484,0.028367207252399662,1.3758939582592713,1.060372344313902,0.7748449163331573,6315_6965,0.0,0.0,0.0,42,2,42,1,42,1,42,43,1,41,43,417,FL-417 N,N,Freeway,0.204037806176,0.00297112715967,6315,6965,N,2,65863,6,417,96500,65863,70,51,70.0,0.00297112715967
165,1,10849.496788008566,67.1262721259242,1.5332772978921851,0.022950896498235267,6.010108639002957,1.7764091117796668,0.2949236444444435,10871.702991452992,73.36811322192985,1.2875202822681555,0.017741926509172463,5.868371062267027,1.8507444400619169,0.3117812396913611,6315_6965,0.0,0.0,0.0,42,2,42,1,42,1,42,43,1,41,43,417,FL-417 N,N,Freeway,0.204037806176,0.00297112715967,6315,6965,N,2,65863,6,417,96500,65863,70,51,70.0,0.00297112715967
166,2,14250.402985074626,64.21123157778578,2.042546335928113,0.03333254893634978,7.880268446827848,1.468801686141922,0.1825999873553454,14329.938166311298,70.96553092206055,2.0784965542034923,0.03088518154300333,7.885528419536228,1.5176239723570877,0.18738420736460065,6315_6965,0.0,0.0,0.0,42,2,42,1,42,1,42,43,1,41,43,417,FL-417 N,N,Freeway,0.204037806176,0.00297112715967,6315,6965,N,2,65863,6,417,96500,65863,70,51,70.0,0.00297112715967
167,3,21749.407249466956,66.52151766217052,1.4621431212951783,0.02210720469072039,5.287788119296144,1.0864228542743941,0.20546046186461334,21844.22174840085,72.90899837044931,1.3919202211369666,0.019239820296343697,5.216879060101303,1.1410315678129035,0.21703600287126928,6315_6965,2.0,1.0,1.0,42,2,42,1,42,1,42,43,1,41,43,417,FL-417 N,N,Freeway,0.204037806176,0.00297112715967,6315,6965,N,2,65863,6,417,96500,65863,70,51,70.0,0.00297112715967
168,0,10579.0,68.65897335436202,2.486182873524524,0.036539680027060484,1.5112587197898786,1.0550948008191854,0.7026075547677312,10342.961620469085,67.56207353373576,2.2061819372106592,0.03284214700067615,1.4857595108909487,1.0926808637859349,0.7385532788803958,6314_6315,0.0,0.0,0.0,43,2,43,1,43,1,43,44,1,42,44,417,FL-417 N,N,Freeway,0.395918647817,0.005789666982879999,6314,6315,N,2,65863,6,417,96500,65863,70,46,70.0,0.005789666982879999
169,1,10908.75,68.3283468013627,1.75909379012199,0.02591786872565842,5.999733511173736,1.7187842362765189,0.2856446997909153,10849.496788008566,67.1262721259242,1.5332772978921851,0.022950896498235267,6.010108639002957,1.7764091117796668,0.2949236444444435,6314_6315,0.0,0.0,0.0,43,2,43,1,43,1,43,44,1,42,44,417,FL-417 N,N,Freeway,0.395918647817,0.005789666982879999,6314,6315,N,2,65863,6,417,96500,65863,70,46,70.0,0.005789666982879999
170,2,14347.385927505333,63.861267527253645,2.892687721504269,0.04631875521086055,7.561840483811884,1.5227491448812962,0.19791500972714007,14250.402985074626,64.21123157778578,2.042546335928113,0.03333254893634978,7.880268446827848,1.468801686141922,0.1825999873553454,6314_6315,3.0,3.0,0.0,43,2,43,1,43,1,43,44,1,42,44,417,FL-417 N,N,Freeway,0.395918647817,0.005789666982879999,6314,6315,N,2,65863,6,417,96500,65863,70,46,70.0,0.005789666982879999
171,3,21919.287846481875,67.28554148964396,1.7408389593100686,0.02604844685115812,4.989857456422266,1.0257969114216308,0.20519400303247606,21749.407249466956,66.52151766217052,1.4621431212951783,0.02210720469072039,5.287788119296144,1.0864228542743941,0.20546046186461334,6314_6315,1.0,1.0,0.0,43,2,43,1,43,1,43,44,1,42,44,417,FL-417 N,N,Freeway,0.395918647817,0.005789666982879999,6314,6315,N,2,65863,6,417,96500,65863,70,46,70.0,0.005789666982879999
172,0,8373.227990970654,68.8915793915055,2.6000425671996625,0.038286919940784515,1.4320320101362076,1.1169083844292107,0.7653476604463048,1855.991304347826,43.469825464308826,3.1270117204982304,0.07201641016548703,1.5537414017921285,1.3506351841091906,0.8646722310243556,6035_2529,1.0,1.0,0.0,44,2,44,1,44,1,44,45,1,43,45,417,FL-417 N,N,Freeway,0.40192583353699995,0.0060892041017200004,6035,2529,N,2,65863,4,417,97500,65863,70,0,70.0,0.0060892041017200004
173,1,10228.954337899544,68.75563851480425,2.8316992342390823,0.042900547912647496,7.230063983807978,2.7574815187519084,0.3632118078014972,1847.8056768558954,45.23416706726358,1.8344287818389904,0.040668265997892465,5.740304778146089,2.581794582263683,0.4523649761835769,6035_2529,3.0,3.0,0.0,44,2,44,1,44,1,44,45,1,43,45,417,FL-417 N,N,Freeway,0.40192583353699995,0.0060892041017200004,6035,2529,N,2,65863,4,417,97500,65863,70,0,70.0,0.0060892041017200004
174,2,11416.184090909092,67.9648742459687,2.2242802736447227,0.03688053778943909,7.817293114814966,1.6143959445545435,0.196229842945582,2298.513043478261,44.566023576238095,1.9197307544808968,0.04376103902071345,7.187985981711528,1.760790689920682,0.2372151534347575,6035_2529,1.0,1.0,0.0,44,2,44,1,44,1,44,45,1,43,45,417,FL-417 N,N,Freeway,0.40192583353699995,0.0060892041017200004,6035,2529,N,2,65863,4,417,97500,65863,70,0,70.0,0.0060892041017200004
175,3,19146.751693002258,69.26483095487957,1.6328480893427726,0.0240498687820904,5.7768225724863935,1.2006020957432242,0.20528642608767647,3393.4152173913044,45.78919921444873,1.6853415867164188,0.036968654832953786,4.50873789279813,1.3007501887847244,0.2885235226239191,6035_2529,1.0,1.0,0.0,44,2,44,1,44,1,44,45,1,43,45,417,FL-417 N,N,Freeway,0.40192583353699995,0.0060892041017200004,6035,2529,N,2,65863,4,417,97500,65863,70,0,70.0,0.0060892041017200004
176,0,8373.227990970654,68.8915793915055,2.6000425671996625,0.038286919940784515,1.4320320101362076,1.1169083844292107,0.7653476604463048,8373.227990970654,68.8915793915055,2.6000425671996625,0.038286919940784515,1.4320320101362076,1.1169083844292107,0.7653476604463048,6035_11878,0.0,0.0,0.0,45,2,45,1,45,1,45,46,1,44,46,417,FL-417 N,N,Freeway,0.0296119310084,0.000435862153195,6035,11878,N,2,65863,4,417,97500,65863,70,0,70.0,0.000435862153195
177,1,10228.954337899544,68.75563851480425,2.8316992342390823,0.042900547912647496,7.230063983807978,2.7574815187519084,0.3632118078014972,10228.954337899544,68.75563851480425,2.8316992342390823,0.042900547912647496,7.230063983807978,2.7574815187519084,0.3632118078014972,6035_11878,0.0,0.0,0.0,45,2,45,1,45,1,45,46,1,44,46,417,FL-417 N,N,Freeway,0.0296119310084,0.000435862153195,6035,11878,N,2,65863,4,417,97500,65863,70,0,70.0,0.000435862153195
178,2,11416.184090909092,67.9648742459687,2.2242802736447227,0.03688053778943909,7.817293114814966,1.6143959445545435,0.196229842945582,11416.184090909092,67.9648742459687,2.2242802736447227,0.03688053778943909,7.817293114814966,1.6143959445545435,0.196229842945582,6035_11878,0.0,0.0,0.0,45,2,45,1,45,1,45,46,1,44,46,417,FL-417 N,N,Freeway,0.0296119310084,0.000435862153195,6035,11878,N,2,65863,4,417,97500,65863,70,0,70.0,0.000435862153195
179,3,19146.751693002258,69.26483095487957,1.6328480893427726,0.0240498687820904,5.7768225724863935,1.2006020957432242,0.20528642608767647,19146.751693002258,69.26483095487957,1.6328480893427726,0.0240498687820904,5.7768225724863935,1.2006020957432242,0.20528642608767647,6035_11878,1.0,1.0,0.0,45,2,45,1,45,1,45,46,1,44,46,417,FL-417 N,N,Freeway,0.0296119310084,0.000435862153195,6035,11878,N,2,65863,4,417,97500,65863,70,0,70.0,0.000435862153195
180,0,7518.963123644252,67.3768702505216,3.643921123026588,0.055755357956016216,1.6816779077206054,1.3404285102759803,0.782093115511244,10184.20895522388,65.76795783605225,1.9950989885072263,0.03041344653876917,1.111038674949956,0.7667926270078224,0.6971089270742787,11876_8570,6.0,5.0,1.0,46,2,46,1,46,1,46,47,1,45,47,417,FL-417 N,N,Freeway,0.639957559946,0.00990412369953,11876,8570,E,2,65863,5,408,74500,65863,65,64,70.0,0.00990412369953
181,1,9258.252173913044,64.14641053072049,4.856462845122077,0.07834485956475983,8.726914659087232,3.5136851768407102,0.3887715223276612,9348.147751605997,66.94142791423532,1.1038574764273774,0.016682182690914413,4.022024223623227,1.3726304676214895,0.3381176518861067,11876_8570,8.0,6.0,2.0,46,2,46,1,46,1,46,47,1,45,47,417,FL-417 N,N,Freeway,0.639957559946,0.00990412369953,11876,8570,E,2,65863,5,408,74500,65863,65,64,70.0,0.00990412369953
182,2,10246.954446854665,63.96268654160245,3.40924673823334,0.056794188413578764,8.804803762642246,2.04219152356134,0.22415238648765204,13235.825159914712,64.13333568314981,3.6820516125495297,0.06510353097301819,6.32969392240195,2.017049748330054,0.2645913359254393,11876_8570,2.0,2.0,0.0,46,2,46,1,46,1,46,47,1,45,47,417,FL-417 N,N,Freeway,0.639957559946,0.00990412369953,11876,8570,E,2,65863,5,408,74500,65863,65,64,70.0,0.00990412369953
183,3,17526.088937093275,67.22326846611057,2.1241302852640054,0.032228827567133134,6.425542069638487,1.433011909050169,0.21748484678495592,20346.486140724952,66.60185544189316,1.1648808491423814,0.017672503759580453,3.778702366584185,0.8290016337399669,0.21858034818708866,11876_8570,14.0,11.0,3.0,46,2,46,1,46,1,46,47,1,45,47,417,FL-417 N,N,Freeway,0.639957559946,0.00990412369953,11876,8570,E,2,65863,5,408,74500,65863,65,64,70.0,0.00990412369953
184,0,10184.20895522388,65.76795783605225,1.9950989885072263,0.03041344653876917,1.111038674949956,0.7667926270078224,0.6971089270742787,9378.044776119405,66.36914420047013,4.426850825261845,-0.21615610230371585,1.3781425367817832,1.053344993409068,0.7549613284563234,8570_6966,3.0,0.0,3.0,47,2,47,1,47,1,47,48,1,46,48,417,FL-417 N,N,Freeway,0.312125223583,0.00480051737589,8570,6966,N,2,65863,6,417,71707,65863,70,68,70.0,0.00480051737589
185,1,9348.147751605997,66.94142791423532,1.1038574764273774,0.016682182690914413,4.022024223623227,1.3726304676214895,0.3381176518861067,8697.477516059957,67.83161158059761,4.673792100059616,-0.06095502662696909,5.1108802301054315,1.7875706235046174,0.34847229701875404,8570_6966,1.0,1.0,0.0,47,2,47,1,47,1,47,48,1,46,48,417,FL-417 N,N,Freeway,0.312125223583,0.00480051737589,8570,6966,N,2,65863,6,417,71707,65863,70,68,70.0,0.00480051737589
186,2,13235.825159914712,64.13333568314981,3.6820516125495297,0.06510353097301819,6.32969392240195,2.017049748330054,0.2645913359254393,12296.959488272922,63.406647760259645,6.909135824113097,0.12827440635986662,9.408503920961056,4.359079779294534,0.3721446280392914,8570_6966,2.0,2.0,0.0,47,2,47,1,47,1,47,48,1,46,48,417,FL-417 N,N,Freeway,0.312125223583,0.00480051737589,8570,6966,N,2,65863,6,417,71707,65863,70,68,70.0,0.00480051737589
187,3,20346.486140724952,66.60185544189316,1.1648808491423814,0.017672503759580453,3.778702366584185,0.8290016337399669,0.21858034818708866,19596.119402985074,68.35104058023977,1.1233230011970938,0.01666071168057141,4.879076652204242,1.0810079352038169,0.22139914613951955,8570_6966,5.0,3.0,2.0,47,2,47,1,47,1,47,48,1,46,48,417,FL-417 N,N,Freeway,0.312125223583,0.00480051737589,8570,6966,N,2,65863,6,417,71707,65863,70,68,70.0,0.00480051737589
188,0,9378.044776119405,66.36914420047013,4.426850825261845,-0.21615610230371585,1.3781425367817832,1.053344993409068,0.7549613284563234,10108.970021413277,68.71579375952149,2.1735847760875666,0.031854312881897134,1.2728060807986668,0.8600226559994947,0.6834104653391487,6966_8451,4.0,2.0,2.0,48,2,48,1,48,1,48,49,1,47,49,417,FL-417 N,N,Freeway,0.535070828701,0.00783213880238,6966,8451,N,2,65863,6,417,65522,65863,70,54,70.0,0.00783213880238
189,1,8697.477516059957,67.83161158059761,4.673792100059616,-0.06095502662696909,5.1108802301054315,1.7875706235046174,0.34847229701875404,9279.930885529158,69.35825074261554,1.359065098796962,0.019835437288934502,4.356562717788348,1.4603178607729057,0.3312170305614353,6966_8451,3.0,2.0,1.0,48,2,48,1,48,1,48,49,1,47,49,417,FL-417 N,N,Freeway,0.535070828701,0.00783213880238,6966,8451,N,2,65863,6,417,65522,65863,70,54,70.0,0.00783213880238
190,2,12296.959488272922,63.406647760259645,6.909135824113097,0.12827440635986662,9.408503920961056,4.359079779294534,0.3721446280392914,13145.750537634409,60.44009781108576,8.821747290414782,0.16124170167382504,8.750094521616901,4.071746868683737,0.4124759352713253,6966_8451,7.0,6.0,1.0,48,2,48,1,48,1,48,49,1,47,49,417,FL-417 N,N,Freeway,0.535070828701,0.00783213880238,6966,8451,N,2,65863,6,417,65522,65863,70,54,70.0,0.00783213880238
191,3,19596.119402985074,68.35104058023977,1.1233230011970938,0.01666071168057141,4.879076652204242,1.0810079352038169,0.22139914613951955,20204.268240343346,68.96131368818911,1.5225552109820324,0.02224760380086884,4.157018783792586,0.9450614972547876,0.2252903914884036,6966_8451,3.0,3.0,0.0,48,2,48,1,48,1,48,49,1,47,49,417,FL-417 N,N,Freeway,0.535070828701,0.00783213880238,6966,8451,N,2,65863,6,417,65522,65863,70,54,70.0,0.00783213880238
192,0,9137.219616204693,73.54626914322544,2.4361226794642183,0.03346385078519085,1.8635940490563692,1.4356922203910147,0.7639194861333142,8373.227990970654,68.8915793915055,2.6000425671996625,0.038286919940784515,1.4320320101362076,1.1169083844292107,0.7653476604463048,6689_11878,4.0,2.0,2.0,49,2,49,1,49,1,49,50,1,48,50,417,FL-417 N,N,Freeway,0.70811926113,0.0102989237466,6689,11878,N,2,65863,4,417,97500,65863,70,0,70.0,0.0102989237466
193,1,11039.195278969955,73.76667789828706,2.029503175657461,0.02817724352227865,9.171586146745325,3.0400414001908564,0.32691747298027385,10228.954337899544,68.75563851480425,2.8316992342390823,0.042900547912647496,7.230063983807978,2.7574815187519084,0.3632118078014972,6689_11878,0.0,0.0,0.0,49,2,49,1,49,1,49,50,1,48,50,417,FL-417 N,N,Freeway,0.70811926113,0.0102989237466,6689,11878,N,2,65863,4,417,97500,65863,70,0,70.0,0.0102989237466
194,2,12350.972222222224,72.15132751010337,2.613450692054809,0.039258880342156535,10.251001507313386,2.0384618834487007,0.1943082818782668,11416.184090909092,67.9648742459687,2.2242802736447227,0.03688053778943909,7.817293114814966,1.6143959445545435,0.196229842945582,6689_11878,5.0,4.0,1.0,49,2,49,1,49,1,49,50,1,48,50,417,FL-417 N,N,Freeway,0.70811926113,0.0102989237466,6689,11878,N,2,65863,4,417,97500,65863,70,0,70.0,0.0102989237466
195,3,20579.47121535181,74.12352597831212,1.7087460929026983,0.023521576730730468,7.4824837205594,1.5166317335327042,0.20008391243756465,19146.751693002258,69.26483095487957,1.6328480893427726,0.0240498687820904,5.7768225724863935,1.2006020957432242,0.20528642608767647,6689_11878,2.0,2.0,0.0,49,2,49,1,49,1,49,50,1,48,50,417,FL-417 N,N,Freeway,0.70811926113,0.0102989237466,6689,11878,N,2,65863,4,417,97500,65863,70,0,70.0,0.0102989237466
196,0,1855.991304347826,43.469825464308826,3.1270117204982304,0.07201641016548703,1.5537414017921285,1.3506351841091906,0.8646722310243556,7518.963123644252,67.3768702505216,3.643921123026588,0.055755357956016216,1.6816779077206054,1.3404285102759803,0.782093115511244,2529_11876,2.0,2.0,0.0,50,2,50,1,50,1,50,51,1,49,51,417,FL-417 N,N,Freeway,0.155378793407,0.00240078685003,2529,11876,N,2,65863,6,417,71707,65863,70,0,70.0,0.00240078685003
197,1,1847.8056768558954,45.23416706726358,1.8344287818389904,0.040668265997892465,5.740304778146089,2.581794582263683,0.4523649761835769,9258.252173913044,64.14641053072049,4.856462845122077,0.07834485956475983,8.726914659087232,3.5136851768407102,0.3887715223276612,2529_11876,1.0,1.0,0.0,50,2,50,1,50,1,50,51,1,49,51,417,FL-417 N,N,Freeway,0.155378793407,0.00240078685003,2529,11876,N,2,65863,6,417,71707,65863,70,0,70.0,0.00240078685003
198,2,2298.513043478261,44.566023576238095,1.9197307544808968,0.04376103902071345,7.187985981711528,1.760790689920682,0.2372151534347575,10246.954446854665,63.96268654160245,3.40924673823334,0.056794188413578764,8.804803762642246,2.04219152356134,0.22415238648765204,2529_11876,1.0,1.0,0.0,50,2,50,1,50,1,50,51,1,49,51,417,FL-417 N,N,Freeway,0.155378793407,0.00240078685003,2529,11876,N,2,65863,6,417,71707,65863,70,0,70.0,0.00240078685003
199,3,3393.4152173913044,45.78919921444873,1.6853415867164188,0.036968654832953786,4.50873789279813,1.3007501887847244,0.2885235226239191,17526.088937093275,67.22326846611057,2.1241302852640054,0.032228827567133134,6.425542069638487,1.433011909050169,0.21748484678495592,2529_11876,2.0,0.0,2.0,50,2,50,1,50,1,50,51,1,49,51,417,FL-417 N,N,Freeway,0.155378793407,0.00240078685003,2529,11876,N,2,65863,6,417,71707,65863,70,0,70.0,0.00240078685003
200,0,5600.1330472103,63.37979037208867,4.065267372162424,0.0650937069180093,1.3490572266098153,0.9777256264175516,0.740295687059509,7558.157782515991,70.43245692474267,2.9233259826732567,0.042093860384798135,1.3650552750041736,0.9454935207460976,0.6965863041340535,8585_8449,0.0,0.0,0.0,51,2,51,1,51,1,51,52,1,50,52,417,FL-417 N,N,Freeway,0.20390281506400001,0.0030202831452900004,8585,8449,N,2,65863,5,417,86381,65863,70,53,70.0,0.0030202831452900004
201,1,5889.727861771058,61.01819508127989,1.8718456140371755,0.0314920570558388,4.918583946061936,1.6974588010975782,0.3431504056339453,7082.190578158458,68.98162936470665,1.860530363323676,0.028674744653910414,4.474843572234562,1.4314900352774258,0.3095426256054757,8585_8449,0.0,0.0,0.0,51,2,51,1,51,1,51,52,1,50,52,417,FL-417 N,N,Freeway,0.20390281506400001,0.0030202831452900004,8585,8449,N,2,65863,5,417,86381,65863,70,53,70.0,0.0030202831452900004
202,2,8484.371244635193,45.50360190392102,11.198209483567489,0.2625090783846822,12.58892899640743,5.885072409640758,0.4484746312114809,10717.394456289978,46.47915289197758,15.444232047265515,0.363304450938435,16.88877685900235,8.751898184414433,0.5074321939450789,8585_8449,2.0,1.0,1.0,51,2,51,1,51,1,51,52,1,50,52,417,FL-417 N,N,Freeway,0.20390281506400001,0.0030202831452900004,8585,8449,N,2,65863,5,417,86381,65863,70,53,70.0,0.0030202831452900004
203,3,12430.377682403436,60.09636995718096,1.8660116401782365,0.03155209021227353,4.2881861165984265,1.141203539291148,0.2647068385070161,15893.522388059702,68.00729213998392,2.3420960536650135,0.035164389255552896,4.402260704808644,1.2662199402530614,0.2724873883571313,8585_8449,0.0,0.0,0.0,51,2,51,1,51,1,51,52,1,50,52,417,FL-417 N,N,Freeway,0.20390281506400001,0.0030202831452900004,8585,8449,N,2,65863,5,417,86381,65863,70,53,70.0,0.0030202831452900004
204,0,10108.970021413277,68.71579375952149,2.1735847760875666,0.031854312881897134,1.2728060807986668,0.8600226559994947,0.6834104653391487,9688.720682302772,69.55826419829268,2.3001009301122783,0.0332749838947941,1.3515404249412204,0.9529580929757928,0.7067411742799898,8451_2531,4.0,0.0,4.0,52,2,52,1,52,1,52,53,1,51,53,417,FL-417 N,N,Freeway,0.594179916877,0.008685895111419999,8451,2531,W,3,65863,6,50,56410,65863,70,83,70.0,0.008685895111419999
205,1,9279.930885529158,69.35825074261554,1.359065098796962,0.019835437288934502,4.356562717788348,1.4603178607729057,0.3312170305614353,9084.664516129033,68.49032685268482,1.5662101391809489,0.023442854990139803,4.939328441296925,1.7443662568749083,0.34585174454332,8451_2531,3.0,2.0,1.0,52,2,52,1,52,1,52,53,1,51,53,417,FL-417 N,N,Freeway,0.594179916877,0.008685895111419999,8451,2531,W,3,65863,6,50,56410,65863,70,83,70.0,0.008685895111419999
206,2,13145.750537634409,60.44009781108576,8.821747290414782,0.16124170167382504,8.750094521616901,4.071746868683737,0.4124759352713253,12567.089743589744,56.18772539657682,11.32942324155195,0.2242917936549861,11.132733417373707,5.5111881795523585,0.4524696260965917,8451_2531,15.0,13.0,2.0,52,2,52,1,52,1,52,53,1,51,53,417,FL-417 N,N,Freeway,0.594179916877,0.008685895111419999,8451,2531,W,3,65863,6,50,56410,65863,70,83,70.0,0.008685895111419999
207,3,20204.268240343346,68.96131368818911,1.5225552109820324,0.02224760380086884,4.157018783792586,0.9450614972547876,0.2252903914884036,19536.88912579957,67.87749725396522,1.805422506532675,0.02719975441821944,4.6641442300235765,1.1983569103399039,0.24500254885842804,8451_2531,4.0,2.0,2.0,52,2,52,1,52,1,52,53,1,51,53,417,FL-417 N,N,Freeway,0.594179916877,0.008685895111419999,8451,2531,W,3,65863,6,50,56410,65863,70,83,70.0,0.008685895111419999
208,0,9508.611587982832,65.6852756862589,2.5838235740127256,0.039644602929189685,1.2559643897629935,0.8108505085351629,0.6533653772586095,5600.1330472103,63.37979037208867,4.065267372162424,0.0650937069180093,1.3490572266098153,0.9777256264175516,0.740295687059509,8120_8585,1.0,1.0,0.0,53,2,53,1,53,1,53,54,1,52,54,417,FL-417 N,N,Freeway,0.300087360572,0.00437923500722,8120,8585,N,2,65863,5,417,86381,65863,70,46,70.0,0.00437923500722
209,1,8853.152173913044,66.31806988715785,1.4135950694527053,0.021589034247772528,3.8251321712522537,1.2072944442777214,0.3117893726648713,5889.727861771058,61.01819508127989,1.8718456140371755,0.0314920570558388,4.918583946061936,1.6974588010975782,0.3431504056339453,8120_8585,3.0,1.0,2.0,53,2,53,1,53,1,53,54,1,52,54,417,FL-417 N,N,Freeway,0.300087360572,0.00437923500722,8120,8585,N,2,65863,5,417,86381,65863,70,46,70.0,0.00437923500722
210,2,12152.587473002159,55.98932890186059,7.867145832073816,0.1455441574108555,8.680552525229551,3.5600847949291063,0.3947705588541165,8484.371244635193,45.50360190392102,11.198209483567489,0.2625090783846822,12.58892899640743,5.885072409640758,0.4484746312114809,8120_8585,5.0,4.0,1.0,53,2,53,1,53,1,53,54,1,52,54,417,FL-417 N,N,Freeway,0.300087360572,0.00437923500722,8120,8585,N,2,65863,5,417,86381,65863,70,46,70.0,0.00437923500722
211,3,18845.01072961373,65.29102470213766,1.4943557359592592,0.02311558205049697,3.5619451558939237,0.807081670351644,0.22216122588372975,12430.377682403436,60.09636995718096,1.8660116401782365,0.03155209021227353,4.2881861165984265,1.141203539291148,0.2647068385070161,8120_8585,6.0,4.0,2.0,53,2,53,1,53,1,53,54,1,52,54,417,FL-417 N,N,Freeway,0.300087360572,0.00437923500722,8120,8585,N,2,65863,5,417,86381,65863,70,46,70.0,0.00437923500722
212,0,10098.526652452025,63.44607876342403,2.7174654979249513,0.04368317215945403,1.4398064243713415,1.035058159049933,0.7081657513954883,9508.611587982832,65.6852756862589,2.5838235740127256,0.039644602929189685,1.2559643897629935,0.8108505085351629,0.6533653772586095,6318_8120,0.0,0.0,0.0,54,2,54,1,54,1,54,55,1,53,55,417,FL-417 N,N,Freeway,0.332452042552,0.005027195689810001,6318,8120,N,2,65863,5,417,91500,65863,70,39,70.0,0.005027195689810001
213,1,9386.477516059957,63.22223132586197,1.5986348034255569,0.025710652142891727,5.101827747093212,1.746407529729434,0.3378304395386557,8853.152173913044,66.31806988715785,1.4135950694527053,0.021589034247772528,3.8251321712522537,1.2072944442777214,0.3117893726648713,6318_8120,2.0,2.0,0.0,54,2,54,1,54,1,54,55,1,53,55,417,FL-417 N,N,Freeway,0.332452042552,0.005027195689810001,6318,8120,N,2,65863,5,417,91500,65863,70,39,70.0,0.005027195689810001
214,2,12979.313432835821,53.90845861595722,7.270656735893378,0.1400131993470958,10.625205477354813,4.220596352468351,0.3837963969226316,12152.587473002159,55.98932890186059,7.867145832073816,0.1455441574108555,8.680552525229551,3.5600847949291063,0.3947705588541165,6318_8120,14.0,12.0,2.0,54,2,54,1,54,1,54,55,1,53,55,417,FL-417 N,N,Freeway,0.332452042552,0.005027195689810001,6318,8120,N,2,65863,5,417,91500,65863,70,39,70.0,0.005027195689810001
215,3,20221.808102345414,62.40934938417593,1.613350352046728,0.02626852252249787,4.754247437736937,1.0807935324931426,0.2223717599577491,18845.01072961373,65.29102470213766,1.4943557359592592,0.02311558205049697,3.5619451558939237,0.807081670351644,0.22216122588372975,6318_8120,3.0,3.0,0.0,54,2,54,1,54,1,54,55,1,53,55,417,FL-417 N,N,Freeway,0.332452042552,0.005027195689810001,6318,8120,N,2,65863,5,417,91500,65863,70,39,70.0,0.005027195689810001
216,0,9586.195278969955,66.06355333899168,3.15962932494112,0.04892183283796587,2.137376056714095,1.4031039052272531,0.6485021422682989,10098.526652452025,63.44607876342403,2.7174654979249513,0.04368317215945403,1.4398064243713415,1.035058159049933,0.7081657513954883,6317_6318,2.0,2.0,0.0,55,2,55,1,55,1,55,56,1,54,56,417,FL-417 N,N,Freeway,0.456139977588,0.006939068769350001,6317,6318,N,2,65863,4,417,91500,65863,70,52,70.0,0.006939068769350001
217,1,8929.767895878525,65.37200776893897,2.708053852529841,0.04250478829382192,6.597852559105354,2.2437504799778867,0.3342441916734264,9386.477516059957,63.22223132586197,1.5986348034255569,0.025710652142891727,5.101827747093212,1.746407529729434,0.3378304395386557,6317_6318,0.0,0.0,0.0,55,2,55,1,55,1,55,56,1,54,56,417,FL-417 N,N,Freeway,0.456139977588,0.006939068769350001,6317,6318,N,2,65863,4,417,91500,65863,70,52,70.0,0.006939068769350001
218,2,12181.396995708157,52.864651123249295,9.105067534258717,0.1826823557525967,12.410534918561435,4.147103664103145,0.32407874508199663,12979.313432835821,53.90845861595722,7.270656735893378,0.1400131993470958,10.625205477354813,4.220596352468351,0.3837963969226316,6317_6318,5.0,2.0,3.0,55,2,55,1,55,1,55,56,1,54,56,417,FL-417 N,N,Freeway,0.456139977588,0.006939068769350001,6317,6318,N,2,65863,4,417,91500,65863,70,52,70.0,0.006939068769350001
219,3,19295.849785407725,64.8115699398785,2.6323216447147275,0.04132006871993208,6.221049989721,1.5674050196655709,0.2460427529349125,20221.808102345414,62.40934938417593,1.613350352046728,0.02626852252249787,4.754247437736937,1.0807935324931426,0.2223717599577491,6317_6318,3.0,3.0,0.0,55,2,55,1,55,1,55,56,1,54,56,417,FL-417 N,N,Freeway,0.456139977588,0.006939068769350001,6317,6318,N,2,65863,4,417,91500,65863,70,52,70.0,0.006939068769350001
220,0,9641.545842217483,69.62196738239675,2.4664835276390993,0.03588976254292674,2.2657114106188767,1.6297797457299072,0.720962115262485,9586.195278969955,66.06355333899168,3.15962932494112,0.04892183283796587,2.137376056714095,1.4031039052272531,0.6485021422682989,6046_6317,0.0,0.0,0.0,56,2,56,1,56,1,56,57,1,55,57,417,FL-417 N,N,Freeway,0.347968123899,0.00529077781579,6046,6317,N,2,65863,4,417,91500,65863,70,43,70.0,0.00529077781579
221,1,8869.710300429184,69.09500660712368,2.35843529155494,0.035428152856024527,7.834318990769812,2.64140035533984,0.3330730690401881,8929.767895878525,65.37200776893897,2.708053852529841,0.04250478829382192,6.597852559105354,2.2437504799778867,0.3342441916734264,6046_6317,0.0,0.0,0.0,56,2,56,1,56,1,56,57,1,55,57,417,FL-417 N,N,Freeway,0.347968123899,0.00529077781579,6046,6317,N,2,65863,4,417,91500,65863,70,43,70.0,0.00529077781579
222,2,12048.318376068377,52.694928595389406,13.003488836114814,0.27008004048761386,15.542875441844945,5.91287689000134,0.3668399821273885,12181.396995708157,52.864651123249295,9.105067534258717,0.1826823557525967,12.410534918561435,4.147103664103145,0.32407874508199663,6046_6317,8.0,7.0,1.0,56,2,56,1,56,1,56,57,1,55,57,417,FL-417 N,N,Freeway,0.347968123899,0.00529077781579,6046,6317,N,2,65863,4,417,91500,65863,70,43,70.0,0.00529077781579
223,3,19175.991471215348,68.84584905195476,2.578289850443288,0.03846223666011225,7.433312713931353,1.8350985087756235,0.24071476839022665,19295.849785407725,64.8115699398785,2.6323216447147275,0.04132006871993208,6.221049989721,1.5674050196655709,0.2460427529349125,6046_6317,3.0,3.0,0.0,56,2,56,1,56,1,56,57,1,55,57,417,FL-417 N,N,Freeway,0.347968123899,0.00529077781579,6046,6317,N,2,65863,4,417,91500,65863,70,43,70.0,0.00529077781579
224,0,9688.720682302772,69.55826419829268,2.3001009301122783,0.0332749838947941,1.3515404249412204,0.9529580929757928,0.7067411742799898,9641.545842217483,69.62196738239675,2.4664835276390993,0.03588976254292674,2.2657114106188767,1.6297797457299072,0.720962115262485,2531_6046,1.0,1.0,0.0,57,2,57,1,57,1,57,58,1,56,58,417,FL-417 N,N,Freeway,0.608960742813,0.00907390128016,2531,6046,N,2,65863,6,417,91500,65863,70,67,70.0,0.00907390128016
225,1,9084.664516129033,68.49032685268482,1.5662101391809489,0.023442854990139803,4.939328441296925,1.7443662568749083,0.34585174454332,8869.710300429184,69.09500660712368,2.35843529155494,0.035428152856024527,7.834318990769812,2.64140035533984,0.3330730690401881,2531_6046,3.0,2.0,1.0,57,2,57,1,57,1,57,58,1,56,58,417,FL-417 N,N,Freeway,0.608960742813,0.00907390128016,2531,6046,N,2,65863,6,417,91500,65863,70,67,70.0,0.00907390128016
226,2,12567.089743589744,56.18772539657682,11.32942324155195,0.2242917936549861,11.132733417373707,5.5111881795523585,0.4524696260965917,12048.318376068377,52.694928595389406,13.003488836114814,0.27008004048761386,15.542875441844945,5.91287689000134,0.3668399821273885,2531_6046,5.0,3.0,2.0,57,2,57,1,57,1,57,58,1,56,58,417,FL-417 N,N,Freeway,0.608960742813,0.00907390128016,2531,6046,N,2,65863,6,417,91500,65863,70,67,70.0,0.00907390128016
227,3,19536.88912579957,67.87749725396522,1.805422506532675,0.02719975441821944,4.6641442300235765,1.1983569103399039,0.24500254885842804,19175.991471215348,68.84584905195476,2.578289850443288,0.03846223666011225,7.433312713931353,1.8350985087756235,0.24071476839022665,2531_6046,3.0,2.0,1.0,57,2,57,1,57,1,57,58,1,56,58,417,FL-417 N,N,Freeway,0.608960742813,0.00907390128016,2531,6046,N,2,65863,6,417,91500,65863,70,67,70.0,0.00907390128016
228,0,7558.157782515991,70.43245692474267,2.9233259826732567,0.042093860384798135,1.3650552750041736,0.9454935207460976,0.6965863041340535,7983.93603411514,72.19139103001459,2.5962664984862576,0.036499087817970836,1.7216356439978462,1.2460030823201953,0.7270015530000808,8449_5988,1.0,1.0,0.0,58,2,58,1,58,1,58,59,1,57,59,417,FL-417 N,N,Freeway,0.298582865245,0.004553855198229999,8449,5988,N,2,65863,5,417,78344,65863,70,41,70.0,0.004553855198229999
229,1,7082.190578158458,68.98162936470665,1.860530363323676,0.028674744653910414,4.474843572234562,1.4314900352774258,0.3095426256054757,7380.546038543896,71.39004753903406,2.2742366445075586,0.035019342984840364,6.174954726533722,2.060212851055431,0.3236953906513698,8449_5988,1.0,1.0,0.0,58,2,58,1,58,1,58,59,1,57,59,417,FL-417 N,N,Freeway,0.298582865245,0.004553855198229999,8449,5988,N,2,65863,5,417,78344,65863,70,41,70.0,0.004553855198229999
230,2,10717.394456289978,46.47915289197758,15.444232047265515,0.363304450938435,16.88877685900235,8.751898184414433,0.5074321939450789,10769.181236673774,44.8861633189325,16.21400590345205,0.3917783208304037,20.4054354452209,8.820543061152145,0.4311747689874516,8449_5988,10.0,7.0,3.0,58,2,58,1,58,1,58,59,1,57,59,417,FL-417 N,N,Freeway,0.298582865245,0.004553855198229999,8449,5988,N,2,65863,5,417,78344,65863,70,41,70.0,0.004553855198229999
231,3,15893.522388059702,68.00729213998392,2.3420960536650135,0.035164389255552896,4.402260704808644,1.2662199402530614,0.2724873883571313,16724.1684434968,70.51787401309275,3.0682063751757083,0.04496000386257965,6.041505719213459,1.9071679247044644,0.2963971924080733,8449_5988,0.0,0.0,0.0,58,2,58,1,58,1,58,59,1,57,59,417,FL-417 N,N,Freeway,0.298582865245,0.004553855198229999,8449,5988,N,2,65863,5,417,78344,65863,70,41,70.0,0.004553855198229999
232,0,7983.93603411514,72.19139103001459,2.5962664984862576,0.036499087817970836,1.7216356439978462,1.2460030823201953,0.7270015530000808,8246.594882729209,70.62326953527383,2.9111426550078345,0.04200709607307107,2.3541177685988144,1.8117200569426497,0.8203127025275575,5988_6758,5.0,4.0,1.0,59,2,60,1,59,1,59,61,1,58,61,417,FL-417 N,N,Freeway,0.550440804664,0.00826887499039,5988,6758,N,2,65863,5,417,78344,65863,70,39,70.0,0.00826887499039
233,1,7380.546038543896,71.39004753903406,2.2742366445075586,0.035019342984840364,6.174954726533722,2.060212851055431,0.3236953906513698,7703.768240343347,69.70738615775932,2.703320563906281,0.041250470335447605,8.240648086576371,2.8255813526772777,0.34514555500466465,5988_6758,3.0,3.0,0.0,59,2,60,1,59,1,59,61,1,58,61,417,FL-417 N,N,Freeway,0.550440804664,0.00826887499039,5988,6758,N,2,65863,5,417,78344,65863,70,39,70.0,0.00826887499039
234,2,10769.181236673774,44.8861633189325,16.21400590345205,0.3917783208304037,20.4054354452209,8.820543061152145,0.4311747689874516,11478.620469083156,57.366158385846404,6.561823010416861,0.11691839506001933,14.797604102127908,3.3206283626581827,0.2256736148811441,5988_6758,13.0,8.0,5.0,59,2,60,1,59,1,59,61,1,58,61,417,FL-417 N,N,Freeway,0.550440804664,0.00826887499039,5988,6758,N,2,65863,5,417,78344,65863,70,39,70.0,0.00826887499039
235,3,16724.1684434968,70.51787401309275,3.0682063751757083,0.04496000386257965,6.041505719213459,1.9071679247044644,0.2963971924080733,17279.86111111111,68.67453204282981,2.6433596943340616,0.03916572247640399,8.003466143228573,2.1411459626289395,0.26460665963395896,5988_6758,10.0,7.0,3.0,59,2,60,1,59,1,59,61,1,58,61,417,FL-417 N,N,Freeway,0.550440804664,0.00826887499039,5988,6758,N,2,65863,5,417,78344,65863,70,39,70.0,0.00826887499039
236,0,18087.90301724138,66.14507389907362,2.2237202788287744,0.033625096514627736,1.1032965044766745,0.7553239762050882,0.6918968858292673,4926.660980810235,69.90901713918645,2.603336846728647,0.03727620010427725,1.5172886722999055,0.9853522900323844,0.6448328079935796,8579_6492,1.0,0.0,1.0,60,2,2,1,60,1,60,0,1,59,2,417,FL-417 S,S,Freeway,0.343773470434,0.0,8579,6492,W,2,45451,4,417,42940,45451,65,57,65.0,0.00563363802514
237,1,16805.387445887445,68.48566703686737,1.2168978421775971,0.017815586481943438,4.118910353689175,1.1486092496678597,0.2793657245727645,4272.899572649572,72.591225934383,1.3405177485375896,0.01850862773474675,5.001762146279846,1.4016075847187386,0.28214227716753376,8579_6492,1.0,1.0,0.0,60,2,2,1,60,1,60,0,1,59,2,417,FL-417 S,S,Freeway,0.343773470434,0.0,8579,6492,W,2,45451,4,417,42940,45451,65,57,65.0,0.00563363802514
238,2,16425.95464362851,66.35013038662788,1.53069782440542,0.023234690697124773,3.8753765663659223,0.5558553531426026,0.1461410891629455,4821.950854700855,70.12628951177855,1.7122656378462495,0.02461396774915169,5.409052691243085,0.8872168599100988,0.16667642833334742,8579_6492,1.0,1.0,0.0,60,2,2,1,60,1,60,0,1,59,2,417,FL-417 S,S,Freeway,0.343773470434,0.0,8579,6492,W,2,45451,4,417,42940,45451,65,57,65.0,0.00563363802514
239,3,33289.9224137931,67.54831943279372,1.27315681543338,0.018952826414856298,3.5077888836031534,0.6339907857166023,0.18195401876348427,9339.703624733476,71.53578441282431,1.4686534921181662,0.020638782333335715,4.789893986145543,0.9419282407190609,0.1980200984851397,8579_6492,0.0,0.0,0.0,60,2,2,1,60,1,60,0,1,59,2,417,FL-417 S,S,Freeway,0.343773470434,0.0,8579,6492,W,2,45451,4,417,42940,45451,65,57,65.0,0.00563363802514
240,0,8177.652452025586,67.94134619978023,3.8410186584519623,0.05693259755521664,1.5043423303861836,0.8971958158530277,0.5905901116069877,7930.678038379531,65.23304890230605,2.9601113497617986,0.04563213222268183,1.5565180175652868,0.988829049506262,0.6200131851088448,6889_6071,2.0,1.0,1.0,61,2,3,1,61,1,61,0,1,60,3,417,FL-417 S,S,Freeway,0.341332374707,0.0,6889,6071,W,2,45451,4,417,69500,45451,70,0,70.0,0.0055685035959300005
241,1,7808.108974358975,69.48737283982835,2.1220169532074173,0.030607640843072895,5.098898943473926,1.2538121243493692,0.2453462931913573,7423.385438972163,65.21416530656235,1.6960766285138622,0.02612899003132554,5.325669206996183,1.3623235644196103,0.25553972210115905,6889_6071,0.0,0.0,0.0,61,2,3,1,61,1,61,0,1,60,3,417,FL-417 S,S,Freeway,0.341332374707,0.0,6889,6071,W,2,45451,4,417,69500,45451,70,0,70.0,0.0055685035959300005
242,2,7409.62473347548,64.89737594532197,2.3054050665700982,0.035913629785464106,4.4141027755425535,0.6901750324355055,0.15814868782755087,7306.285407725322,62.805529858010274,1.7396335922300397,0.028683909745081882,5.126999460945389,0.8608691956715964,0.16018891661014684,6889_6071,0.0,0.0,0.0,61,2,3,1,61,1,61,0,1,60,3,417,FL-417 S,S,Freeway,0.341332374707,0.0,6889,6071,W,2,45451,4,417,69500,45451,70,0,70.0,0.0055685035959300005
243,3,15129.867803837951,67.71406911710801,1.9424863505229184,0.028789316309069994,4.042900340497842,0.7361916786611826,0.18287126292145425,14746.925373134329,64.59687681295372,1.4117619481521753,0.021942990636742245,4.541165553823197,0.8095313733873941,0.17899445354572122,6889_6071,0.0,0.0,0.0,61,2,3,1,61,1,61,0,1,60,3,417,FL-417 S,S,Freeway,0.341332374707,0.0,6889,6071,W,2,45451,4,417,69500,45451,70,0,70.0,0.0055685035959300005
244,0,7930.678038379531,65.23304890230605,2.9601113497617986,0.04563213222268183,1.5565180175652868,0.988829049506262,0.6200131851088448,18087.90301724138,66.14507389907362,2.2237202788287744,0.033625096514627736,1.1032965044766745,0.7553239762050882,0.6918968858292673,6071_8579,1.0,1.0,0.0,62,2,5,1,62,1,62,0,1,61,5,417,FL-417 S,S,Freeway,0.9252045618629999,0.0,6071,8579,W,2,45451,4,417,69500,45451,70,0,70.0,0.0150605915066
245,1,7423.385438972163,65.21416530656235,1.6960766285138622,0.02612899003132554,5.325669206996183,1.3623235644196103,0.25553972210115905,16805.387445887445,68.48566703686737,1.2168978421775971,0.017815586481943438,4.118910353689175,1.1486092496678597,0.2793657245727645,6071_8579,3.0,3.0,0.0,62,2,5,1,62,1,62,0,1,61,5,417,FL-417 S,S,Freeway,0.9252045618629999,0.0,6071,8579,W,2,45451,4,417,69500,45451,70,0,70.0,0.0150605915066
246,2,7306.285407725322,62.805529858010274,1.7396335922300397,0.028683909745081882,5.126999460945389,0.8608691956715964,0.16018891661014684,16425.95464362851,66.35013038662788,1.53069782440542,0.023234690697124773,3.8753765663659223,0.5558553531426026,0.1461410891629455,6071_8579,7.0,4.0,3.0,62,2,5,1,62,1,62,0,1,61,5,417,FL-417 S,S,Freeway,0.9252045618629999,0.0,6071,8579,W,2,45451,4,417,69500,45451,70,0,70.0,0.0150605915066
247,3,14746.925373134329,64.59687681295372,1.4117619481521753,0.021942990636742245,4.541165553823197,0.8095313733873941,0.17899445354572122,33289.9224137931,67.54831943279372,1.27315681543338,0.018952826414856298,3.5077888836031534,0.6339907857166023,0.18195401876348427,6071_8579,4.0,4.0,0.0,62,2,5,1,62,1,62,0,1,61,5,417,FL-417 S,S,Freeway,0.9252045618629999,0.0,6071,8579,W,2,45451,4,417,69500,45451,70,0,70.0,0.0150605915066
248,0,8065.405117270789,68.4135819657665,2.383174240119029,0.03494866879139898,1.7115196376046715,1.0541538540204696,0.5955845368945257,8099.434968017057,73.69579427184311,2.5118845527059186,0.03416735363955625,2.4873315560498224,1.6774727936049048,0.6654879892035517,8292_6975,2.0,0.0,2.0,63,2,6,1,63,1,63,0,1,62,6,417,FL-417 S,S,Freeway,1.31667483078,0.0,8292,6975,W,2,45451,4,417,69500,45451,70,0,70.0,0.020785421668099997
249,1,7804.153846153847,68.10209294380205,1.7778935094553905,0.026760145139120343,6.080126992673205,1.6639453845606782,0.26744354335121906,7753.094017094018,73.64179906992877,2.1668667877883627,0.0300296493211228,9.401044647623213,2.579436484668764,0.27153699806778675,8292_6975,4.0,3.0,1.0,63,2,6,1,63,1,63,0,1,62,6,417,FL-417 S,S,Freeway,1.31667483078,0.0,8292,6975,W,2,45451,4,417,69500,45451,70,0,70.0,0.020785421668099997
250,2,7380.9936034115135,66.2023022731467,2.8977754446798687,0.048200922404954265,5.852802899244798,1.2832260888719358,0.1887860123263596,7359.8272921108755,70.42283029297963,3.23889826262321,0.048943897069486125,8.9937050856827,1.6882565519336274,0.1775661586449212,8292_6975,7.0,6.0,1.0,63,2,6,1,63,1,63,0,1,62,6,417,FL-417 S,S,Freeway,1.31667483078,0.0,8292,6975,W,2,45451,4,417,69500,45451,70,0,70.0,0.020785421668099997
251,3,15059.445628997868,68.21892745363724,1.7950343462050844,0.02679132751164083,5.052433712033749,1.023368183243116,0.19539690175186408,14996.155650319832,73.32576405724086,1.99452756281448,0.02750211065815769,7.788525511278131,1.4767063809544199,0.18858510340422466,8292_6975,5.0,5.0,0.0,63,2,6,1,63,1,63,0,1,62,6,417,FL-417 S,S,Freeway,1.31667483078,0.0,8292,6975,W,2,45451,4,417,69500,45451,70,0,70.0,0.020785421668099997
252,0,8213.897654584222,68.34891631389108,2.550824477055505,0.037357145326417,1.3730214991747318,0.7414362521161669,0.5376659441268743,8065.405117270789,68.4135819657665,2.383174240119029,0.03494866879139898,1.7115196376046715,1.0541538540204696,0.5955845368945257,8290_8292,1.0,0.0,1.0,64,2,7,1,64,1,64,0,1,63,7,417,FL-417 S,S,Freeway,0.904211933125,0.0,8290,8292,S,3,45451,6,0,76000,45451,70,0,70.0,0.014383935775999999
253,1,7812.159139784946,69.35702530574362,1.5201570614915405,0.022041110723562136,4.440563836910839,1.0769102592179474,0.24104933303611245,7804.153846153847,68.10209294380205,1.7778935094553905,0.026760145139120343,6.080126992673205,1.6639453845606782,0.26744354335121906,8290_8292,0.0,0.0,0.0,64,2,7,1,64,1,64,0,1,63,7,417,FL-417 S,S,Freeway,0.904211933125,0.0,8290,8292,S,3,45451,6,0,76000,45451,70,0,70.0,0.014383935775999999
254,2,7416.698072805139,66.64116160058205,2.1851947298364665,0.03409724884108077,4.143453502331316,0.7996830435494781,0.1750894728568427,7380.9936034115135,66.2023022731467,2.8977754446798687,0.048200922404954265,5.852802899244798,1.2832260888719358,0.1887860123263596,8290_8292,0.0,0.0,0.0,64,2,7,1,64,1,64,0,1,63,7,417,FL-417 S,S,Freeway,0.904211933125,0.0,8290,8292,S,3,45451,6,0,76000,45451,70,0,70.0,0.014383935775999999
255,3,15255.034115138591,68.24538525184245,1.633583755292363,0.024124758230265445,3.7485502156687502,0.6959082670474461,0.18443243776279716,15059.445628997868,68.21892745363724,1.7950343462050844,0.02679132751164083,5.052433712033749,1.023368183243116,0.19539690175186408,8290_8292,2.0,2.0,0.0,64,2,7,1,64,1,64,0,1,63,7,417,FL-417 S,S,Freeway,0.904211933125,0.0,8290,8292,S,3,45451,6,0,76000,45451,70,0,70.0,0.014383935775999999
256,0,8203.263948497854,65.46941958571611,2.7049274505051937,0.04166978711282409,1.7514750597389757,0.992417011887402,0.5673019212611732,8213.897654584222,68.34891631389108,2.550824477055505,0.037357145326417,1.3730214991747318,0.7414362521161669,0.5376659441268743,8277_8290,1.0,1.0,0.0,65,2,8,1,65,1,65,0,1,64,8,417,FL-417 S,S,Freeway,0.453181851131,0.0,8277,8290,W,2,45451,4,417,48500,45451,70,0,70.0,0.0074273690342799995
257,1,7860.845315904139,66.14386899367479,1.3562640470153056,0.020572085349905768,6.112067603895338,1.547404912649513,0.2529310114253411,7812.159139784946,69.35702530574362,1.5201570614915405,0.022041110723562136,4.440563836910839,1.0769102592179474,0.24104933303611245,8277_8290,3.0,2.0,1.0,65,2,8,1,65,1,65,0,1,64,8,417,FL-417 S,S,Freeway,0.453181851131,0.0,8277,8290,W,2,45451,4,417,48500,45451,70,0,70.0,0.0074273690342799995
258,2,7438.315334773218,64.59676022439004,1.9589267787177664,0.0315378633653427,5.5909917308500425,0.9405871062479556,0.15871375250672415,7416.698072805139,66.64116160058205,2.1851947298364665,0.03409724884108077,4.143453502331316,0.7996830435494781,0.1750894728568427,8277_8290,2.0,2.0,0.0,65,2,8,1,65,1,65,0,1,64,8,417,FL-417 S,S,Freeway,0.453181851131,0.0,8277,8290,W,2,45451,4,417,48500,45451,70,0,70.0,0.0074273690342799995
259,3,15262.562231759655,65.87781755450847,1.4623723024488793,0.022348704111524845,5.182265578977343,0.901384333403645,0.1731338259482559,15255.034115138591,68.24538525184245,1.633583755292363,0.024124758230265445,3.7485502156687502,0.6959082670474461,0.18443243776279716,8277_8290,1.0,1.0,0.0,65,2,8,1,65,1,65,0,1,64,8,417,FL-417 S,S,Freeway,0.453181851131,0.0,8277,8290,W,2,45451,4,417,48500,45451,70,0,70.0,0.0074273690342799995
260,0,8099.434968017057,73.69579427184311,2.5118845527059186,0.03416735363955625,2.4873315560498224,1.6774727936049048,0.6654879892035517,8177.652452025586,67.94134619978023,3.8410186584519623,0.05693259755521664,1.5043423303861836,0.8971958158530277,0.5905901116069877,6975_6889,0.0,0.0,0.0,66,2,9,1,66,1,66,0,1,65,9,417,FL-417 S,S,Freeway,0.555496929504,0.0,6975,6889,W,2,45451,4,417,69500,45451,70,0,70.0,0.009061036913049998
261,1,7753.094017094018,73.64179906992877,2.1668667877883627,0.0300296493211228,9.401044647623213,2.579436484668764,0.27153699806778675,7808.108974358975,69.48737283982835,2.1220169532074173,0.030607640843072895,5.098898943473926,1.2538121243493692,0.2453462931913573,6975_6889,3.0,1.0,2.0,66,2,9,1,66,1,66,0,1,65,9,417,FL-417 S,S,Freeway,0.555496929504,0.0,6975,6889,W,2,45451,4,417,69500,45451,70,0,70.0,0.009061036913049998
262,2,7359.8272921108755,70.42283029297963,3.23889826262321,0.048943897069486125,8.9937050856827,1.6882565519336274,0.1775661586449212,7409.62473347548,64.89737594532197,2.3054050665700982,0.035913629785464106,4.4141027755425535,0.6901750324355055,0.15814868782755087,6975_6889,2.0,2.0,0.0,66,2,9,1,66,1,66,0,1,65,9,417,FL-417 S,S,Freeway,0.555496929504,0.0,6975,6889,W,2,45451,4,417,69500,45451,70,0,70.0,0.009061036913049998
263,3,14996.155650319832,73.32576405724086,1.99452756281448,0.02750211065815769,7.788525511278131,1.4767063809544199,0.18858510340422466,15129.867803837951,67.71406911710801,1.9424863505229184,0.028789316309069994,4.042900340497842,0.7361916786611826,0.18287126292145425,6975_6889,2.0,1.0,1.0,66,2,9,1,66,1,66,0,1,65,9,417,FL-417 S,S,Freeway,0.555496929504,0.0,6975,6889,W,2,45451,4,417,69500,45451,70,0,70.0,0.009061036913049998
264,0,6379.443496801707,64.14125273909494,2.838814582661461,0.04454254489311853,1.4249428145802612,0.8294914840826941,0.5810434883550119,7763.2505399568045,71.07818949647334,3.470855152216587,0.050127674158468784,1.9904534221456336,1.5111462847898431,0.7530915656571554,9176_7090,0.0,0.0,0.0,67,2,10,1,67,1,67,0,1,66,10,417,FL-417 S,S,Freeway,0.546637497002,0.0,9176,7090,W,2,45451,4,417,49500,45451,70,0,70.0,0.008977531572120001
265,1,6048.6188436830835,65.000395022104,1.7048525443426141,0.026516717623092576,4.9252143197845655,1.3348503536250111,0.2655486212849417,7621.316702819957,72.4417412532047,2.2139725982500718,0.030783445350826333,7.579355860427794,2.2139143032481603,0.2912723322999162,9176_7090,2.0,2.0,0.0,67,2,10,1,67,1,67,0,1,66,10,417,FL-417 S,S,Freeway,0.546637497002,0.0,9176,7090,W,2,45451,4,417,49500,45451,70,0,70.0,0.008977531572120001
266,2,6147.737739872068,62.574663028227846,1.9357354268475464,0.03171573371980988,4.970754576303468,0.8224195248470411,0.16178205210089214,7651.60737527115,68.53931135983345,2.525769361136013,0.03757430176089231,7.752306807208326,1.1158180755372504,0.14445036418824972,9176_7090,0.0,0.0,0.0,67,2,10,1,67,1,67,0,1,66,10,417,FL-417 S,S,Freeway,0.546637497002,0.0,9176,7090,W,2,45451,4,417,49500,45451,70,0,70.0,0.008977531572120001
267,3,11717.287846481875,64.54592562373273,1.6416553493233872,0.025662558438620482,4.11236084576677,0.7239341710871893,0.17419034925549387,15084.632608695652,71.59750542700242,1.84863758370578,0.02598394589600689,6.526131529915589,1.215753309845669,0.18692333546050352,9176_7090,3.0,1.0,2.0,67,2,10,1,67,1,67,0,1,66,10,417,FL-417 S,S,Freeway,0.546637497002,0.0,9176,7090,W,2,45451,4,417,49500,45451,70,0,70.0,0.008977531572120001
268,0,9548.910447761196,64.2025982633279,2.9226954410886483,0.04570982068274145,2.0255807950592923,1.442066935686468,0.7120005970840475,6379.443496801707,64.14125273909494,2.838814582661461,0.04454254489311853,1.4249428145802612,0.8294914840826941,0.5810434883550119,8486_9176,0.0,0.0,0.0,68,2,11,1,68,1,68,0,1,67,11,417,FL-417 S,S,Freeway,0.502781157042,0.0,8486,9176,W,2,45451,4,417,49500,45451,70,0,70.0,0.008257142353640001
269,1,10304.414163090129,62.56382946118345,2.1297630209504037,0.034562125784678814,8.448869891805085,2.341497167635638,0.2731764431944224,6048.6188436830835,65.000395022104,1.7048525443426141,0.026516717623092576,4.9252143197845655,1.3348503536250111,0.2655486212849417,8486_9176,2.0,1.0,1.0,68,2,11,1,68,1,68,0,1,67,11,417,FL-417 S,S,Freeway,0.502781157042,0.0,8486,9176,W,2,45451,4,417,49500,45451,70,0,70.0,0.008257142353640001
270,2,10234.068230277186,59.22089553138262,2.2868317969201932,0.039540168026116464,8.367787671901597,1.2125414593975856,0.1454330220672913,6147.737739872068,62.574663028227846,1.9357354268475464,0.03171573371980988,4.970754576303468,0.8224195248470411,0.16178205210089214,8486_9176,2.0,2.0,0.0,68,2,11,1,68,1,68,0,1,67,11,417,FL-417 S,S,Freeway,0.502781157042,0.0,8486,9176,W,2,45451,4,417,49500,45451,70,0,70.0,0.008257142353640001
271,3,19398.14285714286,62.33820830231932,1.8231730569407785,0.029638131040052473,6.873762504505807,1.2524951323556046,0.1781602796040621,11717.287846481875,64.54592562373273,1.6416553493233872,0.025662558438620482,4.11236084576677,0.7239341710871893,0.17419034925549387,8486_9176,1.0,1.0,0.0,68,2,11,1,68,1,68,0,1,67,11,417,FL-417 S,S,Freeway,0.502781157042,0.0,8486,9176,W,2,45451,4,417,49500,45451,70,0,70.0,0.008257142353640001
272,0,7764.483870967741,68.37782517394355,3.2807165981899997,0.04804811579040825,1.481043818424166,0.9938885617018394,0.6724990052768803,8203.263948497854,65.46941958571611,2.7049274505051937,0.04166978711282409,1.7514750597389757,0.992417011887402,0.5673019212611732,8283_8277,2.0,1.0,1.0,69,2,12,1,69,1,69,0,1,68,12,417,FL-417 S,S,Freeway,0.43647990356,0.0,8283,8277,W,2,45451,4,417,48687,45451,70,0,70.0,0.0070535035786499995
273,1,7596.887445887446,69.32624994620743,1.7173801926786396,0.02482148545788618,5.19954831911117,1.4228915764296741,0.2737169942638522,7860.845315904139,66.14386899367479,1.3562640470153056,0.020572085349905768,6.112067603895338,1.547404912649513,0.2529310114253411,8283_8277,0.0,0.0,0.0,69,2,12,1,69,1,69,0,1,68,12,417,FL-417 S,S,Freeway,0.43647990356,0.0,8283,8277,W,2,45451,4,417,48687,45451,70,0,70.0,0.0070535035786499995
274,2,7656.505399568035,65.88245343846546,2.2085910378996485,0.034189388556527096,5.249354479797477,0.8495949860391018,0.15822643823257934,7438.315334773218,64.59676022439004,1.9589267787177664,0.0315378633653427,5.5909917308500425,0.9405871062479556,0.15871375250672415,8283_8277,0.0,0.0,0.0,69,2,12,1,69,1,69,0,1,68,12,417,FL-417 S,S,Freeway,0.43647990356,0.0,8283,8277,W,2,45451,4,417,48687,45451,70,0,70.0,0.0070535035786499995
275,3,15063.926724137933,67.72624218109517,1.759437690842666,0.026099090974005423,4.537241709736079,0.8379736490359435,0.18504028854805285,15262.562231759655,65.87781755450847,1.4623723024488793,0.022348704111524845,5.182265578977343,0.901384333403645,0.1731338259482559,8283_8277,1.0,1.0,0.0,69,2,12,1,69,1,69,0,1,68,12,417,FL-417 S,S,Freeway,0.43647990356,0.0,8283,8277,W,2,45451,4,417,48687,45451,70,0,70.0,0.0070535035786499995
276,0,7763.2505399568045,71.07818949647334,3.470855152216587,0.050127674158468784,1.9904534221456336,1.5111462847898431,0.7530915656571554,7764.483870967741,68.37782517394355,3.2807165981899997,0.04804811579040825,1.481043818424166,0.9938885617018394,0.6724990052768803,7090_8283,0.0,0.0,0.0,70,2,13,1,70,1,70,0,1,69,13,417,FL-417 S,S,Freeway,0.99231920565,0.0,7090,8283,S,2,45451,4,91,95000,45451,70,0,70.0,0.0161079110914
277,1,7621.316702819957,72.4417412532047,2.2139725982500718,0.030783445350826333,7.579355860427794,2.2139143032481603,0.2912723322999162,7596.887445887446,69.32624994620743,1.7173801926786396,0.02482148545788618,5.19954831911117,1.4228915764296741,0.2737169942638522,7090_8283,0.0,0.0,0.0,70,2,13,1,70,1,70,0,1,69,13,417,FL-417 S,S,Freeway,0.99231920565,0.0,7090,8283,S,2,45451,4,91,95000,45451,70,0,70.0,0.0161079110914
278,2,7651.60737527115,68.53931135983345,2.525769361136013,0.03757430176089231,7.752306807208326,1.1158180755372504,0.14445036418824972,7656.505399568035,65.88245343846546,2.2085910378996485,0.034189388556527096,5.249354479797477,0.8495949860391018,0.15822643823257934,7090_8283,2.0,2.0,0.0,70,2,13,1,70,1,70,0,1,69,13,417,FL-417 S,S,Freeway,0.99231920565,0.0,7090,8283,S,2,45451,4,91,95000,45451,70,0,70.0,0.0161079110914
279,3,15084.632608695652,71.59750542700242,1.84863758370578,0.02598394589600689,6.526131529915589,1.215753309845669,0.18692333546050352,15063.926724137933,67.72624218109517,1.759437690842666,0.026099090974005423,4.537241709736079,0.8379736490359435,0.18504028854805285,7090_8283,3.0,3.0,0.0,70,2,13,1,70,1,70,0,1,69,13,417,FL-417 S,S,Freeway,0.99231920565,0.0,7090,8283,S,2,45451,4,91,95000,45451,70,0,70.0,0.0161079110914
280,0,8525.948827292112,68.55894595432784,3.0404738430555422,0.0458598465289473,1.7898222987294634,1.3705544482558003,0.7421591100928803,9548.910447761196,64.2025982633279,2.9226954410886483,0.04570982068274145,2.0255807950592923,1.442066935686468,0.7120005970840475,8484_8486,1.0,0.0,1.0,71,2,14,1,71,1,71,0,1,70,14,417,FL-417 S,S,Freeway,0.643379383497,0.0,8484,8486,W,2,45451,4,417,49500,45451,70,0,70.0,0.010552096653400001
281,1,8028.808602150539,69.19653089861853,2.3082035427865297,0.033800142371349415,6.363965344896473,1.953588917687136,0.3040364693416448,10304.414163090129,62.56382946118345,2.1297630209504037,0.034562125784678814,8.448869891805085,2.341497167635638,0.2731764431944224,8484_8486,1.0,1.0,0.0,71,2,14,1,71,1,71,0,1,70,14,417,FL-417 S,S,Freeway,0.643379383497,0.0,8484,8486,W,2,45451,4,417,49500,45451,70,0,70.0,0.010552096653400001
282,2,9400.882226980728,62.473235138785036,3.407562111238124,0.056871483128284585,8.04376098023195,1.3036482279067358,0.16176278327136173,10234.068230277186,59.22089553138262,2.2868317969201932,0.039540168026116464,8.367787671901597,1.2125414593975856,0.1454330220672913,8484_8486,2.0,1.0,1.0,71,2,14,1,71,1,71,0,1,70,14,417,FL-417 S,S,Freeway,0.643379383497,0.0,8484,8486,W,2,45451,4,417,49500,45451,70,0,70.0,0.010552096653400001
283,3,16741.94230769231,68.00560691316839,2.135642300076531,0.03186974009369964,5.8593010859087045,1.2027243083247403,0.20039779534599225,19398.14285714286,62.33820830231932,1.8231730569407785,0.029638131040052473,6.873762504505807,1.2524951323556046,0.1781602796040621,8484_8486,2.0,1.0,1.0,71,2,14,1,71,1,71,0,1,70,14,417,FL-417 S,S,Freeway,0.643379383497,0.0,8484,8486,W,2,45451,4,417,49500,45451,70,0,70.0,0.010552096653400001
284,0,8356.205240174673,70.8495956658123,3.175347290890919,0.045110608224152866,2.534216344940132,2.0397158201167698,0.7916089975397744,8525.948827292112,68.55894595432784,3.0404738430555422,0.0458598465289473,1.7898222987294634,1.3705544482558003,0.7421591100928803,6700_8484,5.0,4.0,1.0,72,2,15,1,72,1,72,0,1,71,15,417,FL-417 S,S,Freeway,0.685634410637,0.0,6700,8484,W,2,65863,4,417,49500,45451,70,0,70.0,0.011255376309899999
285,1,8023.825607064017,70.29765602249331,3.537585966254613,0.052205900917654376,9.993404389916892,3.4007322033681615,0.33312420711089163,8028.808602150539,69.19653089861853,2.3082035427865297,0.033800142371349415,6.363965344896473,1.953588917687136,0.3040364693416448,6700_8484,2.0,2.0,0.0,72,2,15,1,72,1,72,0,1,71,15,417,FL-417 S,S,Freeway,0.685634410637,0.0,6700,8484,W,2,65863,4,417,49500,45451,70,0,70.0,0.011255376309899999
286,2,9274.539473684208,54.778574146867,9.881845368040905,0.1916439883779829,16.269034857189933,4.647314246781184,0.2858129217815289,9400.882226980728,62.473235138785036,3.407562111238124,0.056871483128284585,8.04376098023195,1.3036482279067358,0.16176278327136173,6700_8484,5.0,2.0,3.0,72,2,15,1,72,1,72,0,1,71,15,417,FL-417 S,S,Freeway,0.685634410637,0.0,6700,8484,W,2,65863,4,417,49500,45451,70,0,70.0,0.011255376309899999
287,3,16516.886462882096,69.9570945202387,3.3936360479351713,0.049642142355545205,8.936108342315924,2.2428125141375053,0.24139351994895555,16741.94230769231,68.00560691316839,2.135642300076531,0.03186974009369964,5.8593010859087045,1.2027243083247403,0.20039779534599225,6700_8484,4.0,3.0,1.0,72,2,15,1,72,1,72,0,1,71,15,417,FL-417 S,S,Freeway,0.685634410637,0.0,6700,8484,W,2,65863,4,417,49500,45451,70,0,70.0,0.011255376309899999
288,0,8374.575692963752,66.9508211227505,3.5345330036166924,0.053009966129833885,1.7558917913430547,1.3992916818906829,0.7617326160238135,8356.205240174673,70.8495956658123,3.175347290890919,0.045110608224152866,2.534216344940132,2.0397158201167698,0.7916089975397744,6323_6700,1.0,1.0,0.0,73,2,16,1,73,1,73,0,1,72,16,417,FL-417 S,S,Freeway,0.676983046993,0.0,6323,6700,W,2,65863,4,417,49500,65863,70,0,70.0,0.0111111462441
289,1,8085.424568965517,66.70629582044683,2.9740129529347934,0.04685762104973699,6.5660715009388175,2.2017134649246834,0.31297651832246626,8023.825607064017,70.29765602249331,3.537585966254613,0.052205900917654376,9.993404389916892,3.4007322033681615,0.33312420711089163,6323_6700,6.0,3.0,3.0,73,2,16,1,73,1,73,0,1,72,16,417,FL-417 S,S,Freeway,0.676983046993,0.0,6323,6700,W,2,65863,4,417,49500,65863,70,0,70.0,0.0111111462441
290,2,9318.745182012848,47.49060026725675,12.412309957415776,0.3036998493894038,16.273193553743166,7.45624439655032,0.45027666868830346,9274.539473684208,54.778574146867,9.881845368040905,0.1916439883779829,16.269034857189933,4.647314246781184,0.2858129217815289,6323_6700,7.0,5.0,2.0,73,2,16,1,73,1,73,0,1,72,16,417,FL-417 S,S,Freeway,0.676983046993,0.0,6323,6700,W,2,65863,4,417,49500,65863,70,0,70.0,0.0111111462441
291,3,16670.326226012792,65.66739870431721,3.1276270170916542,0.04904011454864441,5.810905129814844,1.8081520050711053,0.2763810043277103,16516.886462882096,69.9570945202387,3.3936360479351713,0.049642142355545205,8.936108342315924,2.2428125141375053,0.24139351994895555,6323_6700,3.0,1.0,2.0,73,2,16,1,73,1,73,0,1,72,16,417,FL-417 S,S,Freeway,0.676983046993,0.0,6323,6700,W,2,65863,4,417,49500,65863,70,0,70.0,0.0111111462441
292,0,8420.948827292112,65.10731049986695,3.6389612932536983,0.05620012913165172,1.567991702773592,1.0874864067664776,0.6814993597348963,8374.575692963752,66.9508211227505,3.5345330036166924,0.053009966129833885,1.7558917913430547,1.3992916818906829,0.7617326160238135,6299_6323,0.0,0.0,0.0,74,2,17,1,74,1,74,0,1,73,17,417,FL-417 S,S,Freeway,0.400506023785,0.0,6299,6323,W,2,65863,4,417,49500,65863,70,0,70.0,0.00657305147509
293,1,8015.7430406852245,66.62549333086902,2.6928012061219104,0.04171207903533948,5.834971594529963,1.7534635292706775,0.2895408024770539,8085.424568965517,66.70629582044683,2.9740129529347934,0.04685762104973699,6.5660715009388175,2.2017134649246834,0.31297651832246626,6299_6323,1.0,0.0,1.0,74,2,17,1,74,1,74,0,1,73,17,417,FL-417 S,S,Freeway,0.400506023785,0.0,6299,6323,W,2,65863,4,417,49500,65863,70,0,70.0,0.00657305147509
294,2,9264.476495726496,51.75936180660646,8.809935242981238,0.1858222663619284,10.614476204377393,4.355583406353165,0.3970691031468157,9318.745182012848,47.49060026725675,12.412309957415776,0.3036998493894038,16.273193553743166,7.45624439655032,0.45027666868830346,6299_6323,3.0,2.0,1.0,74,2,17,1,74,1,74,0,1,73,17,417,FL-417 S,S,Freeway,0.400506023785,0.0,6299,6323,W,2,65863,4,417,49500,65863,70,0,70.0,0.00657305147509
295,3,16590.739872068232,64.68472379947691,2.727055450397265,0.04285485980678218,4.81685612742141,1.246839764179878,0.2432379167420113,16670.326226012792,65.66739870431721,3.1276270170916542,0.04904011454864441,5.810905129814844,1.8081520050711053,0.2763810043277103,6299_6323,1.0,1.0,0.0,74,2,17,1,74,1,74,0,1,73,17,417,FL-417 S,S,Freeway,0.400506023785,0.0,6299,6323,W,2,65863,4,417,49500,65863,70,0,70.0,0.00657305147509
296,0,5432.3083511777295,69.5932654955664,3.2881029709427656,0.047349963103702736,0.8365597908695428,0.7898365386079804,0.9188543490738054,5234.857142857143,70.22128728518665,3.069666174866424,0.043795226975368695,0.9558805747125542,0.7605432425480223,0.7821258912334262,11015_8482,1.0,1.0,0.0,75,2,18,1,75,1,75,0,1,74,18,417,FL-417 S,S,Freeway,0.785772859603,0.0,11015,8482,W,2,65863,4,417,47654,65863,70,0,70.0,0.012835521021
297,1,6937.933045356372,69.55486381269108,1.8806006838633176,0.02752351325845472,4.539344070135198,1.4583915615044056,0.3186967293188737,7137.25,70.35889160148135,1.7972892065821413,0.0264313222800478,5.027556901154181,1.630527584520422,0.31951970193583024,11015_8482,2.0,2.0,0.0,75,2,18,1,75,1,75,0,1,74,18,417,FL-417 S,S,Freeway,0.785772859603,0.0,11015,8482,W,2,65863,4,417,47654,65863,70,0,70.0,0.012835521021
298,2,7147.1416309012875,65.09772860944227,3.7736375209772857,0.06682170454315473,5.341646100066824,1.7382958946370168,0.2770691890232126,6712.496801705757,63.56549447311329,6.859938859001777,0.1318801568535741,6.6573843769427015,2.7674141999586994,0.351690388237806,11015_8482,16.0,13.0,3.0,75,2,18,1,75,1,75,0,1,74,18,417,FL-417 S,S,Freeway,0.785772859603,0.0,11015,8482,W,2,65863,4,417,47654,65863,70,0,70.0,0.012835521021
299,3,12878.751072961371,68.5587706757839,1.8880967519179728,0.027868063447675888,3.7397167429089264,0.8652647230537753,0.2252355841476424,12963.379530916844,69.96093111539436,1.9971052244656775,0.02903149673040501,4.024270754649302,1.010308084718141,0.2384695007082389,11015_8482,7.0,7.0,0.0,75,2,18,1,75,1,75,0,1,74,18,417,FL-417 S,S,Freeway,0.785772859603,0.0,11015,8482,W,2,65863,4,417,47654,65863,70,0,70.0,0.012835521021
300,0,5447.357777777777,69.44454330559843,2.6824626124659576,0.03868755910887131,1.1091946872982952,0.9386461655865204,0.8533070856989666,5432.3083511777295,69.5932654955664,3.2881029709427656,0.047349963103702736,0.8365597908695428,0.7898365386079804,0.9188543490738054,8601_11015,1.0,1.0,0.0,76,2,19,1,76,1,76,0,1,75,19,417,FL-417 S,S,Freeway,0.23333832561700002,0.0,8601,11015,W,2,65863,4,417,47654,65863,70,0,70.0,0.0038109146591599995
301,1,6930.440366972477,68.96318762078741,2.047555594220931,0.030137579110350542,5.3396968633304525,1.6675697701482894,0.31230679505342895,6937.933045356372,69.55486381269108,1.8806006838633176,0.02752351325845472,4.539344070135198,1.4583915615044056,0.3186967293188737,8601_11015,0.0,0.0,0.0,76,2,19,1,76,1,76,0,1,75,19,417,FL-417 S,S,Freeway,0.23333832561700002,0.0,8601,11015,W,2,65863,4,417,47654,65863,70,0,70.0,0.0038109146591599995
302,2,7104.162471395882,65.02684981139205,3.636544965138713,0.06148895639906265,5.817932992747469,1.6687298652752378,0.2597089980206733,7147.1416309012875,65.09772860944227,3.7736375209772857,0.06682170454315473,5.341646100066824,1.7382958946370168,0.2770691890232126,8601_11015,4.0,1.0,3.0,76,2,19,1,76,1,76,0,1,75,19,417,FL-417 S,S,Freeway,0.23333832561700002,0.0,8601,11015,W,2,65863,4,417,47654,65863,70,0,70.0,0.0038109146591599995
303,3,12583.59866962306,68.21151254130825,1.9815755877204888,0.029342747298170362,4.313406939088145,1.0096306288823031,0.2320202142399868,12878.751072961371,68.5587706757839,1.8880967519179728,0.027868063447675888,3.7397167429089264,0.8652647230537753,0.2252355841476424,8601_11015,3.0,2.0,1.0,76,2,19,1,76,1,76,0,1,75,19,417,FL-417 S,S,Freeway,0.23333832561700002,0.0,8601,11015,W,2,65863,4,417,47654,65863,70,0,70.0,0.0038109146591599995
304,0,5234.857142857143,70.22128728518665,3.069666174866424,0.043795226975368695,0.9558805747125542,0.7605432425480223,0.7821258912334262,8398.234541577825,71.5058978237767,2.246421346501286,0.031484356936394266,1.197341158288764,0.8537241080848141,0.7083251076915507,8482_6618,2.0,1.0,1.0,77,2,20,1,77,1,77,0,1,76,20,417,FL-417 S,S,Freeway,0.245238290843,0.0,8482,6618,W,2,65863,4,417,47654,65863,70,0,70.0,0.00400776084026
305,1,7137.25,70.35889160148135,1.7972892065821413,0.0264313222800478,5.027556901154181,1.630527584520422,0.31951970193583024,8080.840860215054,72.39274295777544,1.7069718724720022,0.024142187681244633,4.572276895573063,1.3670606282777729,0.2907319029490981,8482_6618,1.0,1.0,0.0,77,2,20,1,77,1,77,0,1,76,20,417,FL-417 S,S,Freeway,0.245238290843,0.0,8482,6618,W,2,65863,4,417,47654,65863,70,0,70.0,0.00400776084026
306,2,6712.496801705757,63.56549447311329,6.859938859001777,0.1318801568535741,6.6573843769427015,2.7674141999586994,0.351690388237806,9259.244111349035,65.79903862807271,6.171892338621697,0.10665983894117664,7.102020775502358,2.613793290904175,0.3210646491118841,8482_6618,3.0,1.0,2.0,77,2,20,1,77,1,77,0,1,76,20,417,FL-417 S,S,Freeway,0.245238290843,0.0,8482,6618,W,2,65863,4,417,47654,65863,70,0,70.0,0.00400776084026
307,3,12963.379530916844,69.96093111539436,1.9971052244656775,0.02903149673040501,4.024270754649302,1.010308084718141,0.2384695007082389,16693.183760683758,72.0403149631169,1.7939369989041944,0.02524474868858486,4.066409361304354,0.9219502880878424,0.21459692466611466,8482_6618,2.0,1.0,1.0,77,2,20,1,77,1,77,0,1,76,20,417,FL-417 S,S,Freeway,0.245238290843,0.0,8482,6618,W,2,65863,4,417,47654,65863,70,0,70.0,0.00400776084026
308,0,5713.449893390191,68.59031969706429,2.9334101109819715,0.042778234575182,1.254140751509072,1.0161882505232127,0.8123573630485246,5689.476394849787,74.64482848420081,2.735601473971571,0.036720200794498815,1.4686171311942988,1.3283292113295038,0.896635339274598,8478_6486,0.0,0.0,0.0,78,2,21,1,78,1,78,0,1,77,21,417,FL-417 S,S,Freeway,0.568842641784,0.0,8478,6486,W,2,65863,4,417,45500,65863,70,0,70.0,0.00918172382702
309,1,7280.252676659529,66.84914770043864,1.893161639736176,0.028659894855362505,6.3911582635543205,1.9257188380922228,0.2995803388813171,7200.704989154013,74.0118931875072,2.128194238654669,0.029318882763585317,7.873111447832922,2.4495477153316174,0.3095068325727049,8478_6486,0.0,0.0,0.0,78,2,21,1,78,1,78,0,1,77,21,417,FL-417 S,S,Freeway,0.568842641784,0.0,8478,6486,W,2,65863,4,417,45500,65863,70,0,70.0,0.00918172382702
310,2,7388.486140724946,64.19156232455187,2.6785328499438967,0.04590625123663744,6.594824506412281,1.6456766303256092,0.2270631396543439,7333.7758620689665,70.25532784916768,3.7985826377994663,0.05945121200168809,8.526732637290731,2.1952708291950107,0.2402147515505489,8478_6486,3.0,2.0,1.0,78,2,21,1,78,1,78,0,1,77,21,417,FL-417 S,S,Freeway,0.568842641784,0.0,8478,6486,W,2,65863,4,417,45500,65863,70,0,70.0,0.00918172382702
311,3,13447.287846481875,65.67964521692757,1.544281123087544,0.0239999245138146,5.148252457922268,1.0389730432057669,0.19923385527747506,13279.9311827957,73.353394688568,1.8726608841187709,0.025849549418299592,6.469138632817008,1.3693839962960728,0.20869022479459476,8478_6486,1.0,1.0,0.0,78,2,21,1,78,1,78,0,1,77,21,417,FL-417 S,S,Freeway,0.568842641784,0.0,8478,6486,W,2,65863,4,417,45500,65863,70,0,70.0,0.00918172382702
312,0,8398.234541577825,71.5058978237767,2.246421346501286,0.031484356936394266,1.197341158288764,0.8537241080848141,0.7083251076915507,8420.948827292112,65.10731049986695,3.6389612932536983,0.05620012913165172,1.567991702773592,1.0874864067664776,0.6814993597348963,6618_6299,3.0,1.0,2.0,79,2,22,1,79,1,79,0,1,78,22,417,FL-417 S,S,Freeway,0.785759402068,0.0,6618,6299,W,2,65863,4,417,49500,65863,70,0,70.0,0.0128970603721
313,1,8080.840860215054,72.39274295777544,1.7069718724720022,0.024142187681244633,4.572276895573063,1.3670606282777729,0.2907319029490981,8015.7430406852245,66.62549333086902,2.6928012061219104,0.04171207903533948,5.834971594529963,1.7534635292706775,0.2895408024770539,6618_6299,2.0,2.0,0.0,79,2,22,1,79,1,79,0,1,78,22,417,FL-417 S,S,Freeway,0.785759402068,0.0,6618,6299,W,2,65863,4,417,49500,65863,70,0,70.0,0.0128970603721
314,2,9259.244111349035,65.79903862807271,6.171892338621697,0.10665983894117664,7.102020775502358,2.613793290904175,0.3210646491118841,9264.476495726496,51.75936180660646,8.809935242981238,0.1858222663619284,10.614476204377393,4.355583406353165,0.3970691031468157,6618_6299,11.0,6.0,5.0,79,2,22,1,79,1,79,0,1,78,22,417,FL-417 S,S,Freeway,0.785759402068,0.0,6618,6299,W,2,65863,4,417,49500,65863,70,0,70.0,0.0128970603721
315,3,16693.183760683758,72.0403149631169,1.7939369989041944,0.02524474868858486,4.066409361304354,0.9219502880878424,0.21459692466611466,16590.739872068232,64.68472379947691,2.727055450397265,0.04285485980678218,4.81685612742141,1.246839764179878,0.2432379167420113,6618_6299,4.0,1.0,3.0,79,2,22,1,79,1,79,0,1,78,22,417,FL-417 S,S,Freeway,0.785759402068,0.0,6618,6299,W,2,65863,4,417,49500,65863,70,0,70.0,0.0128970603721
316,0,5689.476394849787,74.64482848420081,2.735601473971571,0.036720200794498815,1.4686171311942988,1.3283292113295038,0.896635339274598,5447.357777777777,69.44454330559843,2.6824626124659576,0.03868755910887131,1.1091946872982952,0.9386461655865204,0.8533070856989666,6486_8601,1.0,0.0,1.0,80,2,23,1,80,1,80,0,1,79,23,417,FL-417 S,S,Freeway,0.549202126452,0.0,6486,8601,W,2,65863,4,417,47654,65863,70,0,70.0,0.00890704341611
317,1,7200.704989154013,74.0118931875072,2.128194238654669,0.029318882763585317,7.873111447832922,2.4495477153316174,0.3095068325727049,6930.440366972477,68.96318762078741,2.047555594220931,0.030137579110350542,5.3396968633304525,1.6675697701482894,0.31230679505342895,6486_8601,4.0,4.0,0.0,80,2,23,1,80,1,80,0,1,79,23,417,FL-417 S,S,Freeway,0.549202126452,0.0,6486,8601,W,2,65863,4,417,47654,65863,70,0,70.0,0.00890704341611
318,2,7333.7758620689665,70.25532784916768,3.7985826377994663,0.05945121200168809,8.526732637290731,2.1952708291950107,0.2402147515505489,7104.162471395882,65.02684981139205,3.636544965138713,0.06148895639906265,5.817932992747469,1.6687298652752378,0.2597089980206733,6486_8601,4.0,3.0,1.0,80,2,23,1,80,1,80,0,1,79,23,417,FL-417 S,S,Freeway,0.549202126452,0.0,6486,8601,W,2,65863,4,417,47654,65863,70,0,70.0,0.00890704341611
319,3,13279.9311827957,73.353394688568,1.8726608841187709,0.025849549418299592,6.469138632817008,1.3693839962960728,0.20869022479459476,12583.59866962306,68.21151254130825,1.9815755877204888,0.029342747298170362,4.313406939088145,1.0096306288823031,0.2320202142399868,6486_8601,4.0,3.0,1.0,80,2,23,1,80,1,80,0,1,79,23,417,FL-417 S,S,Freeway,0.549202126452,0.0,6486,8601,W,2,65863,4,417,47654,65863,70,0,70.0,0.00890704341611
320,0,5491.432835820896,70.31944129273249,2.7085908271893944,0.03854365471262953,0.9359072196583256,0.7716908754842707,0.8301440526147512,5713.449893390191,68.59031969706429,2.9334101109819715,0.042778234575182,1.254140751509072,1.0161882505232127,0.8123573630485246,8603_8478,1.0,0.0,1.0,81,2,24,1,81,1,81,0,1,80,24,417,FL-417 S,S,Freeway,0.663497519079,0.0,8603,8478,W,2,65863,4,417,45500,65863,70,0,70.0,0.0107101926905
321,1,7907.421841541756,67.87729615122967,1.9532370914210613,0.02908461255384252,5.457259689126367,1.6263521201163658,0.2977830941063005,7280.252676659529,66.84914770043864,1.893161639736176,0.028659894855362505,6.3911582635543205,1.9257188380922228,0.2995803388813171,8603_8478,3.0,1.0,2.0,81,2,24,1,81,1,81,0,1,80,24,417,FL-417 S,S,Freeway,0.663497519079,0.0,8603,8478,W,2,65863,4,417,45500,65863,70,0,70.0,0.0107101926905
322,2,6900.2302771855,67.03616087765879,2.1408726950024684,0.033548430816857745,4.668650520980017,0.9454227108113336,0.19029513028006453,7388.486140724946,64.19156232455187,2.6785328499438967,0.04590625123663744,6.594824506412281,1.6456766303256092,0.2270631396543439,8603_8478,1.0,1.0,0.0,81,2,24,1,81,1,81,0,1,80,24,417,FL-417 S,S,Freeway,0.663497519079,0.0,8603,8478,W,2,65863,4,417,45500,65863,70,0,70.0,0.0107101926905
323,3,12935.614072494667,67.97169353220386,1.4980573787859817,0.02218729123028848,3.831170620267162,0.7520918627114013,0.1964799754220825,13447.287846481875,65.67964521692757,1.544281123087544,0.0239999245138146,5.148252457922268,1.0389730432057669,0.19923385527747506,8603_8478,1.0,1.0,0.0,81,2,24,1,81,1,81,0,1,80,24,417,FL-417 S,S,Freeway,0.663497519079,0.0,8603,8478,W,2,65863,4,417,45500,65863,70,0,70.0,0.0107101926905
324,0,5460.46551724138,75.65030246191995,2.5925314397051937,0.03431619311948849,1.5147440879043899,1.304140902179184,0.8634828887664237,5491.432835820896,70.31944129273249,2.7085908271893944,0.03854365471262953,0.9359072196583256,0.7716908754842707,0.8301440526147512,6170_8603,2.0,1.0,1.0,82,2,25,1,82,1,82,0,1,81,25,417,FL-417 S,S,Freeway,0.8435224530609999,0.0,6170,8603,W,2,65863,4,417,45500,65863,70,0,70.0,0.0136065154941
325,1,7922.870129870129,75.26857073338373,2.220616867682123,0.030199218007456605,9.302041919723974,2.698185638989197,0.28753536216906944,7907.421841541756,67.87729615122967,1.9532370914210613,0.02908461255384252,5.457259689126367,1.6263521201163658,0.2977830941063005,6170_8603,3.0,3.0,0.0,82,2,25,1,82,1,82,0,1,81,25,417,FL-417 S,S,Freeway,0.8435224530609999,0.0,6170,8603,W,2,65863,4,417,45500,65863,70,0,70.0,0.0136065154941
326,2,6903.387931034483,74.20140990124152,2.0848582556445434,0.03060312595834194,7.875813919639508,1.43933445095866,0.17363876629398092,6900.2302771855,67.03616087765879,2.1408726950024684,0.033548430816857745,4.668650520980017,0.9454227108113336,0.19029513028006453,6170_8603,2.0,1.0,1.0,82,2,25,1,82,1,82,0,1,81,25,417,FL-417 S,S,Freeway,0.8435224530609999,0.0,6170,8603,W,2,65863,4,417,45500,65863,70,0,70.0,0.0136065154941
327,3,13010.25,75.176418573186,1.4359342566010938,0.019212390865622472,6.5469662678357246,1.2003285942968436,0.18447547777218093,12935.614072494667,67.97169353220386,1.4980573787859817,0.02218729123028848,3.831170620267162,0.7520918627114013,0.1964799754220825,6170_8603,1.0,0.0,1.0,82,2,25,1,82,1,82,0,1,81,25,417,FL-417 S,S,Freeway,0.8435224530609999,0.0,6170,8603,W,2,65863,4,417,45500,65863,70,0,70.0,0.0136065154941
328,0,6059.470967741935,69.32917130861475,2.769258019342668,0.04011136820275407,1.0379561669109465,0.9706237258181,0.9278881769136174,5443.447761194029,69.85772111442462,2.82888814817925,0.04051993390470295,0.911841926638318,0.7775597303082095,0.8571400105348559,8596_8510,0.0,0.0,0.0,83,2,26,1,83,1,83,0,1,82,26,417,FL-417 S,S,Freeway,0.8656342291470001,0.0,8596,8510,S,3,65863,4,15,35500,65863,70,0,70.0,0.013751320828799998
329,1,7733.420824295011,67.85448565790574,2.0186850741921805,0.03026144453940465,5.7445376219277255,1.6953786417484735,0.29422339958239063,7995.636752136752,69.48616750235259,1.8169642757663016,0.02727373724610701,5.810496258980986,1.7354493923239351,0.29188654105865924,8596_8510,2.0,1.0,1.0,83,2,26,1,83,1,83,0,1,82,26,417,FL-417 S,S,Freeway,0.8656342291470001,0.0,8596,8510,S,3,65863,4,15,35500,65863,70,0,70.0,0.013751320828799998
330,2,8779.168103448275,60.0657774175614,7.375339164099191,0.13065646167791972,8.242145279205824,2.871941517188859,0.3280374820317368,6919.004264392324,68.73147072854944,1.828459588988826,0.027623311041947516,4.831373322070285,0.8930737540033824,0.17624817358799755,8596_8510,3.0,1.0,2.0,83,2,26,1,83,1,83,0,1,82,26,417,FL-417 S,S,Freeway,0.8656342291470001,0.0,8596,8510,S,3,65863,4,15,35500,65863,70,0,70.0,0.013751320828799998
331,3,13643.741935483871,68.35694275943246,1.6475959134596627,0.024268173697412444,4.330280895662808,0.9255813853173228,0.21335029705367306,13027.552238805969,69.23419577419004,1.3035734124353953,0.018910822079721768,4.043453226838852,0.7449773915934212,0.185428602464606,8596_8510,1.0,1.0,0.0,83,2,26,1,83,1,83,0,1,82,26,417,FL-417 S,S,Freeway,0.8656342291470001,0.0,8596,8510,S,3,65863,4,15,35500,65863,70,0,70.0,0.013751320828799998
332,0,5443.447761194029,69.85772111442462,2.82888814817925,0.04051993390470295,0.911841926638318,0.7775597303082095,0.8571400105348559,5403.20299145299,72.85900801596928,2.6120041712676847,0.03587078315345271,1.363550999257729,1.1922957525689315,0.8757352472752844,8510_6855,1.0,1.0,0.0,84,2,27,1,84,1,84,0,1,83,27,417,FL-417 S,S,Freeway,0.34140083265,0.0,8510,6855,W,2,65863,4,417,45500,65863,70,0,70.0,0.00520647354583
333,1,7995.636752136752,69.48616750235259,1.8169642757663016,0.02727373724610701,5.810496258980986,1.7354493923239351,0.29188654105865924,7868.4248927038625,71.73100059956545,2.6409419682173656,0.037782681771501785,8.677399390598817,2.6116839912464505,0.29813214138118405,8510_6855,0.0,0.0,0.0,84,2,27,1,84,1,84,0,1,83,27,417,FL-417 S,S,Freeway,0.34140083265,0.0,8510,6855,W,2,65863,4,417,45500,65863,70,0,70.0,0.00520647354583
334,2,6919.004264392324,68.73147072854944,1.828459588988826,0.027623311041947516,4.831373322070285,0.8930737540033824,0.17624817358799755,6771.8226495726485,71.18789705418209,2.31343828889678,0.034721854786630466,7.321037610160228,1.413977459839541,0.18244096569446708,8510_6855,1.0,1.0,0.0,84,2,27,1,84,1,84,0,1,83,27,417,FL-417 S,S,Freeway,0.34140083265,0.0,8510,6855,W,2,65863,4,417,45500,65863,70,0,70.0,0.00520647354583
335,3,13027.552238805969,69.23419577419004,1.3035734124353953,0.018910822079721768,4.043453226838852,0.7449773915934212,0.185428602464606,12695.805555555557,72.25823277039109,1.5695348945128418,0.0218828969437834,6.082722172752616,1.152910780831239,0.18985357149270335,8510_6855,0.0,0.0,0.0,84,2,27,1,84,1,84,0,1,83,27,417,FL-417 S,S,Freeway,0.34140083265,0.0,8510,6855,W,2,65863,4,417,45500,65863,70,0,70.0,0.00520647354583
336,0,5403.20299145299,72.85900801596928,2.6120041712676847,0.03587078315345271,1.363550999257729,1.1922957525689315,0.8757352472752844,5460.46551724138,75.65030246191995,2.5925314397051937,0.03431619311948849,1.5147440879043899,1.304140902179184,0.8634828887664237,6855_6170,0.0,0.0,0.0,85,2,28,1,85,1,85,0,1,84,28,417,FL-417 S,S,Freeway,0.623191601603,0.0,6855,6170,W,2,65863,4,417,45500,65863,70,0,70.0,0.00949151163552
337,1,7868.4248927038625,71.73100059956545,2.6409419682173656,0.037782681771501785,8.677399390598817,2.6116839912464505,0.29813214138118405,7922.870129870129,75.26857073338373,2.220616867682123,0.030199218007456605,9.302041919723974,2.698185638989197,0.28753536216906944,6855_6170,0.0,0.0,0.0,85,2,28,1,85,1,85,0,1,84,28,417,FL-417 S,S,Freeway,0.623191601603,0.0,6855,6170,W,2,65863,4,417,45500,65863,70,0,70.0,0.00949151163552
338,2,6771.8226495726485,71.18789705418209,2.31343828889678,0.034721854786630466,7.321037610160228,1.413977459839541,0.18244096569446708,6903.387931034483,74.20140990124152,2.0848582556445434,0.03060312595834194,7.875813919639508,1.43933445095866,0.17363876629398092,6855_6170,1.0,1.0,0.0,85,2,28,1,85,1,85,0,1,84,28,417,FL-417 S,S,Freeway,0.623191601603,0.0,6855,6170,W,2,65863,4,417,45500,65863,70,0,70.0,0.00949151163552
339,3,12695.805555555557,72.25823277039109,1.5695348945128418,0.0218828969437834,6.082722172752616,1.152910780831239,0.18985357149270335,13010.25,75.176418573186,1.4359342566010938,0.019212390865622472,6.5469662678357246,1.2003285942968436,0.18447547777218093,6855_6170,2.0,1.0,1.0,85,2,28,1,85,1,85,0,1,84,28,417,FL-417 S,S,Freeway,0.623191601603,0.0,6855,6170,W,2,65863,4,417,45500,65863,70,0,70.0,0.00949151163552
340,0,6480.719486081371,73.88485239301511,3.1399589880288947,0.042550882766364685,1.3507239669608315,1.087106143022618,0.8069057715076802,5902.087420042644,69.81569512715481,3.3131510498346697,0.047530626031329265,1.383907822724855,1.2290199446588543,0.8857349915535775,8536_8514,1.0,1.0,0.0,86,2,29,1,86,1,86,0,1,85,29,417,FL-417 S,S,Freeway,0.306133055603,0.0,8536,8514,S,2,65863,4,417,82000,65863,70,52,70.0,0.00445169703092
341,1,8098.821505376344,74.01050469831615,1.8344108560038763,0.025240281977958218,6.3369334387453184,1.7075242224553675,0.2671720601171821,7593.225321888412,65.15456496302882,3.0065670186114066,0.04669461611405053,6.525078816908418,1.7940515406642623,0.2727355488785577,8536_8514,0.0,0.0,0.0,86,2,29,1,86,1,86,0,1,85,29,417,FL-417 S,S,Freeway,0.306133055603,0.0,8536,8514,S,2,65863,4,417,82000,65863,70,52,70.0,0.00445169703092
342,2,9774.291845493564,70.38847128078159,5.095382523249028,0.07809817169656387,7.997524556775956,2.3270319146846994,0.2640323646404166,8617.455128205129,60.986336776324784,6.887198503907771,0.122922648496105,8.609100738491271,2.9965278755234164,0.31184880505915896,8536_8514,4.0,3.0,1.0,86,2,29,1,86,1,86,0,1,85,29,417,FL-417 S,S,Freeway,0.306133055603,0.0,8536,8514,S,2,65863,4,417,82000,65863,70,52,70.0,0.00445169703092
343,3,14681.194860813705,74.28329566446837,1.6721910421074409,0.022808512975598792,4.865258306011481,1.0294739395321,0.2054060929329841,13283.76119402985,66.826669384801,3.0065480046573967,0.04524993469614971,5.298700734741307,1.1282914084938882,0.20837630728926507,8536_8514,2.0,1.0,1.0,86,2,29,1,86,1,86,0,1,85,29,417,FL-417 S,S,Freeway,0.306133055603,0.0,8536,8514,S,2,65863,4,417,82000,65863,70,52,70.0,0.00445169703092
344,0,6722.876889848812,70.02052660375732,3.6280525813072906,0.051862266217025776,1.530370502705952,1.3300682506514807,0.8720057568925905,6480.719486081371,73.88485239301511,3.1399589880288947,0.042550882766364685,1.3507239669608315,1.087106143022618,0.8069057715076802,8516_8536,4.0,1.0,3.0,87,2,30,1,87,1,87,0,1,86,30,417,FL-417 S,S,Freeway,0.595046505856,0.0,8516,8536,S,2,65863,4,417,82000,65863,70,68,70.0,0.008660377810749999
345,1,8089.288503253796,63.788467585061035,2.866567551980708,0.045406444338924976,6.852713286877083,1.9482157384761336,0.282208147287603,8098.821505376344,74.01050469831615,1.8344108560038763,0.025240281977958218,6.3369334387453184,1.7075242224553675,0.2671720601171821,8516_8536,1.0,0.0,1.0,87,2,30,1,87,1,87,0,1,86,30,417,FL-417 S,S,Freeway,0.595046505856,0.0,8516,8536,S,2,65863,4,417,82000,65863,70,68,70.0,0.008660377810749999
346,2,9698.347732181426,60.157671881115654,4.7241542488833215,0.0822715026442874,8.775010058436614,2.2275796533965697,0.240889536383716,9774.291845493564,70.38847128078159,5.095382523249028,0.07809817169656387,7.997524556775956,2.3270319146846994,0.2640323646404166,8516_8536,8.0,6.0,2.0,87,2,30,1,87,1,87,0,1,86,30,417,FL-417 S,S,Freeway,0.595046505856,0.0,8516,8536,S,2,65863,4,417,82000,65863,70,68,70.0,0.008660377810749999
347,3,14693.501079913609,64.95904722527301,2.4137931661141456,0.03723492646627592,5.486054095573956,1.1460619474981844,0.2079661905322868,14681.194860813705,74.28329566446837,1.6721910421074409,0.022808512975598792,4.865258306011481,1.0294739395321,0.2054060929329841,8516_8536,1.0,1.0,0.0,87,2,30,1,87,1,87,0,1,86,30,417,FL-417 S,S,Freeway,0.595046505856,0.0,8516,8536,S,2,65863,4,417,82000,65863,70,68,70.0,0.008660377810749999
348,0,5902.087420042644,69.81569512715481,3.3131510498346697,0.047530626031329265,1.383907822724855,1.2290199446588543,0.8857349915535775,6027.650319829424,72.34208648048025,2.971406151269839,0.04113339957391997,1.375661722631044,1.1541542430838658,0.8313803277126027,8514_6174,0.0,0.0,0.0,88,2,31,1,88,1,88,0,1,87,31,417,FL-417 S,S,Freeway,0.353318402504,0.0,8514,6174,S,2,65863,4,417,82000,65863,70,101,70.0,0.00521311576304
349,1,7593.225321888412,65.15456496302882,3.0065670186114066,0.04669461611405053,6.525078816908418,1.7940515406642623,0.2727355488785577,7798.645299145299,70.57995619895141,2.4572717338690717,0.03546732737429364,6.347960082159705,1.7265644204683477,0.2685120880527998,8514_6174,0.0,0.0,0.0,88,2,31,1,88,1,88,0,1,87,31,417,FL-417 S,S,Freeway,0.353318402504,0.0,8514,6174,S,2,65863,4,417,82000,65863,70,101,70.0,0.00521311576304
350,2,8617.455128205129,60.986336776324784,6.887198503907771,0.122922648496105,8.609100738491271,2.9965278755234164,0.31184880505915896,8830.05769230769,65.39541489437123,7.229126524675768,0.12108707448431093,8.256976125816351,3.0468205313680694,0.329551594558618,8514_6174,2.0,0.0,2.0,88,2,31,1,88,1,88,0,1,87,31,417,FL-417 S,S,Freeway,0.353318402504,0.0,8514,6174,S,2,65863,4,417,82000,65863,70,101,70.0,0.00521311576304
351,3,13283.76119402985,66.826669384801,3.0065480046573967,0.04524993469614971,5.298700734741307,1.1282914084938882,0.20837630728926507,13725.076759061834,71.16379748217034,2.0340358358429342,0.0288248740132108,4.844820138292032,1.019334767684221,0.2063287034262261,8514_6174,2.0,2.0,0.0,88,2,31,1,88,1,88,0,1,87,31,417,FL-417 S,S,Freeway,0.353318402504,0.0,8514,6174,S,2,65863,4,417,82000,65863,70,101,70.0,0.00521311576304
352,0,6027.650319829424,72.34208648048025,2.971406151269839,0.04113339957391997,1.375661722631044,1.1541542430838658,0.8313803277126027,6059.470967741935,69.32917130861475,2.769258019342668,0.04011136820275407,1.0379561669109465,0.9706237258181,0.9278881769136174,6174_8596,0.0,0.0,0.0,89,2,32,1,89,1,89,0,1,88,32,417,FL-417 S,S,Freeway,0.7148514318989999,0.0,6174,8596,S,2,65863,4,417,82000,65863,70,0,70.0,0.011124147515100002
353,1,7798.645299145299,70.57995619895141,2.4572717338690717,0.03546732737429364,6.347960082159705,1.7265644204683477,0.2685120880527998,7733.420824295011,67.85448565790574,2.0186850741921805,0.03026144453940465,5.7445376219277255,1.6953786417484735,0.29422339958239063,6174_8596,3.0,2.0,1.0,89,2,32,1,89,1,89,0,1,88,32,417,FL-417 S,S,Freeway,0.7148514318989999,0.0,6174,8596,S,2,65863,4,417,82000,65863,70,0,70.0,0.011124147515100002
354,2,8830.05769230769,65.39541489437123,7.229126524675768,0.12108707448431093,8.256976125816351,3.0468205313680694,0.329551594558618,8779.168103448275,60.0657774175614,7.375339164099191,0.13065646167791972,8.242145279205824,2.871941517188859,0.3280374820317368,6174_8596,1.0,1.0,0.0,89,2,32,1,89,1,89,0,1,88,32,417,FL-417 S,S,Freeway,0.7148514318989999,0.0,6174,8596,S,2,65863,4,417,82000,65863,70,0,70.0,0.011124147515100002
355,3,13725.076759061834,71.16379748217034,2.0340358358429342,0.0288248740132108,4.844820138292032,1.019334767684221,0.2063287034262261,13643.741935483871,68.35694275943246,1.6475959134596627,0.024268173697412444,4.330280895662808,0.9255813853173228,0.21335029705367306,6174_8596,2.0,1.0,1.0,89,2,32,1,89,1,89,0,1,88,32,417,FL-417 S,S,Freeway,0.7148514318989999,0.0,6174,8596,S,2,65863,4,417,82000,65863,70,0,70.0,0.011124147515100002
356,0,7081.716417910448,73.3359868605647,3.3696118359569778,0.045998520596782534,1.3858327797901542,1.1778886247532316,0.8535067236926799,6722.876889848812,70.02052660375732,3.6280525813072906,0.051862266217025776,1.530370502705952,1.3300682506514807,0.8720057568925905,8391_8516,2.0,2.0,0.0,90,2,33,1,90,1,90,0,1,89,33,417,FL-417 S,S,Freeway,0.38909142458400003,0.0,8391,8516,S,2,65863,4,417,82000,65863,70,52,70.0,0.00566226912227
357,1,7983.358974358975,70.87670892690599,2.579558896125499,0.03735147234124762,6.426983548787389,1.7975257720821425,0.27626803484618,8089.288503253796,63.788467585061035,2.866567551980708,0.045406444338924976,6.852713286877083,1.9482157384761336,0.282208147287603,8391_8516,0.0,0.0,0.0,90,2,33,1,90,1,90,0,1,89,33,417,FL-417 S,S,Freeway,0.38909142458400003,0.0,8391,8516,S,2,65863,4,417,82000,65863,70,52,70.0,0.00566226912227
358,2,10234.284796573877,66.12852356393779,6.0210058711952845,0.0978168751113309,8.618819850635582,2.5552082916254486,0.27517414247294203,9698.347732181426,60.157671881115654,4.7241542488833215,0.0822715026442874,8.775010058436614,2.2275796533965697,0.240889536383716,8391_8516,2.0,2.0,0.0,90,2,33,1,90,1,90,0,1,89,33,417,FL-417 S,S,Freeway,0.38909142458400003,0.0,8391,8516,S,2,65863,4,417,82000,65863,70,52,70.0,0.00566226912227
359,3,15001.667377398719,71.57671300381422,1.9543186525039973,0.0274205828451262,5.035807146505277,1.0972055019053817,0.21641343043982844,14693.501079913609,64.95904722527301,2.4137931661141456,0.03723492646627592,5.486054095573956,1.1460619474981844,0.2079661905322868,8391_8516,0.0,0.0,0.0,90,2,33,1,90,1,90,0,1,89,33,417,FL-417 S,S,Freeway,0.38909142458400003,0.0,8391,8516,S,2,65863,4,417,82000,65863,70,52,70.0,0.00566226912227
360,0,6977.728506787329,71.81920925324727,2.4710726945907835,0.03451661484645477,1.161675837525708,1.0892657408028448,0.9312125010893094,7081.716417910448,73.3359868605647,3.3696118359569778,0.045998520596782534,1.3858327797901542,1.1778886247532316,0.8535067236926799,7999_8391,1.0,1.0,0.0,91,2,34,1,91,1,91,0,1,90,34,417,FL-417 S,S,Freeway,0.42654349412,0.0,7999,8391,S,2,65863,4,417,83057,65863,70,53,70.0,0.00620764730641
361,1,8178.011441647596,70.90550454679037,2.0580805749275406,0.030993671021098557,6.057052533747518,1.9211412424967569,0.30694851007045226,7983.358974358975,70.87670892690599,2.579558896125499,0.03735147234124762,6.426983548787389,1.7975257720821425,0.27626803484618,7999_8391,4.0,3.0,1.0,91,2,34,1,91,1,91,0,1,90,34,417,FL-417 S,S,Freeway,0.42654349412,0.0,7999,8391,S,2,65863,4,417,83057,65863,70,53,70.0,0.00620764730641
362,2,10068.53986332574,67.09439617276432,5.412463539466727,0.08936982465109597,8.029171046994389,2.635726534921807,0.2879887468766903,10234.284796573877,66.12852356393779,6.0210058711952845,0.0978168751113309,8.618819850635582,2.5552082916254486,0.27517414247294203,7999_8391,5.0,1.0,4.0,91,2,34,1,91,1,91,0,1,90,34,417,FL-417 S,S,Freeway,0.42654349412,0.0,7999,8391,S,2,65863,4,417,83057,65863,70,53,70.0,0.00620764730641
363,3,15193.990929705215,71.40036959749824,1.492913322678613,0.021077808116493263,4.702683157461663,0.9893945568641722,0.20912239160878746,15001.667377398719,71.57671300381422,1.9543186525039973,0.0274205828451262,5.035807146505277,1.0972055019053817,0.21641343043982844,7999_8391,6.0,4.0,2.0,91,2,34,1,91,1,91,0,1,90,34,417,FL-417 S,S,Freeway,0.42654349412,0.0,7999,8391,S,2,65863,4,417,83057,65863,70,53,70.0,0.00620764730641
364,0,9362.201735357918,70.03998630946637,2.4323915160100227,0.03515802425220475,1.0766358762648214,0.758107935917489,0.7068547615637504,6977.728506787329,71.81920925324727,2.4710726945907835,0.03451661484645477,1.161675837525708,1.0892657408028448,0.9312125010893094,7991_7999,1.0,1.0,0.0,92,2,35,1,92,1,92,0,1,91,35,417,FL-417 S,S,Freeway,1.16064343084,0.0,7991,7999,E,2,65863,4,528,73393,65863,70,76,70.0,0.0168786070234
365,1,11357.268292682927,70.33473350972417,1.6699643973291678,0.0248996717240257,4.986263738595799,1.1959443850500493,0.2285880313651391,8178.011441647596,70.90550454679037,2.0580805749275406,0.030993671021098557,6.057052533747518,1.9211412424967569,0.30694851007045226,7991_7999,2.0,1.0,1.0,92,2,35,1,92,1,92,0,1,91,35,417,FL-417 S,S,Freeway,1.16064343084,0.0,7991,7999,E,2,65863,4,528,73393,65863,70,76,70.0,0.0168786070234
366,2,11944.052516411379,67.82422914950595,3.699279299255924,0.058301828924585436,5.14567369214154,1.6083775164946532,0.2789914085477222,10068.53986332574,67.09439617276432,5.412463539466727,0.08936982465109597,8.029171046994389,2.635726534921807,0.2879887468766903,7991_7999,1.0,1.0,0.0,92,2,35,1,92,1,92,0,1,91,35,417,FL-417 S,S,Freeway,1.16064343084,0.0,7991,7999,E,2,65863,4,528,73393,65863,70,76,70.0,0.0168786070234
367,3,19310.16702819956,70.05644873639646,1.3950479716940574,0.020041752274015216,3.5021044901694935,0.631753467736905,0.18009547799347253,15193.990929705215,71.40036959749824,1.492913322678613,0.021077808116493263,4.702683157461663,0.9893945568641722,0.20912239160878746,7991_7999,1.0,1.0,0.0,92,2,35,1,92,1,92,0,1,91,35,417,FL-417 S,S,Freeway,1.16064343084,0.0,7991,7999,E,2,65863,4,528,73393,65863,70,76,70.0,0.0168786070234
368,0,10190.417910447759,72.51804873982697,2.16662307468626,0.03006230479059408,1.340791020775106,0.9903668950352026,0.7313681959385033,9362.201735357918,70.03998630946637,2.4323915160100227,0.03515802425220475,1.0766358762648214,0.758107935917489,0.7068547615637504,7092_7991,0.0,0.0,0.0,93,2,36,1,93,1,93,0,1,92,36,417,FL-417 S,S,Freeway,0.0830421373382,0.0,7092,7991,S,2,65863,4,417,83057,65863,70,52,70.0,0.00122168868435
369,1,12076.8952991453,72.41181045437162,1.878758488081564,0.02862362939392185,6.657887697229446,1.7062158370806373,0.2384500371845928,11357.268292682927,70.33473350972417,1.6699643973291678,0.0248996717240257,4.986263738595799,1.1959443850500493,0.2285880313651391,7092_7991,0.0,0.0,0.0,93,2,36,1,93,1,93,0,1,92,36,417,FL-417 S,S,Freeway,0.0830421373382,0.0,7092,7991,S,2,65863,4,417,83057,65863,70,52,70.0,0.00122168868435
370,2,12461.511727078892,71.08022798300603,2.6326176916041555,0.03945555733068457,6.408494904064157,1.3404814948220003,0.19765081175940286,11944.052516411379,67.82422914950595,3.699279299255924,0.058301828924585436,5.14567369214154,1.6083775164946532,0.2789914085477222,7092_7991,0.0,0.0,0.0,93,2,36,1,93,1,93,0,1,92,36,417,FL-417 S,S,Freeway,0.0830421373382,0.0,7092,7991,S,2,65863,4,417,83057,65863,70,52,70.0,0.00122168868435
371,3,20764.03837953092,72.94478082568081,1.3896088938791828,0.01921337850012531,4.6048663218726515,0.7940361332338767,0.17288939950515525,19310.16702819956,70.05644873639646,1.3950479716940574,0.020041752274015216,3.5021044901694935,0.631753467736905,0.18009547799347253,7092_7991,0.0,0.0,0.0,93,2,36,1,93,1,93,0,1,92,36,417,FL-417 S,S,Freeway,0.0830421373382,0.0,7092,7991,S,2,65863,4,417,83057,65863,70,52,70.0,0.00122168868435
372,0,9808.351812366738,71.24968626955372,2.7329130580860967,0.03841977611032118,1.3331196004577082,1.0460750393326907,0.7699672778169,17858.06032482599,73.64608142406377,2.091135774584115,0.028418522727398823,1.2572099277519189,0.9965961714661296,0.8003675389004528,8555_8559,0.0,0.0,0.0,94,2,37,1,94,1,94,0,1,93,37,417,FL-417 S,S,Freeway,0.41091191598300003,0.0,8555,8559,S,2,65863,6,417,97034,65863,70,63,70.0,0.00608646651501
373,1,10472.036402569593,70.08140736922438,1.6045184998326882,0.024165754153651298,5.835967567133067,1.202853972455571,0.20496363999173053,21068.345794392524,72.59379430636388,1.4046600752307297,0.020968306008529718,6.3514915171241935,1.4174679558568524,0.2188070992324259,8555_8559,1.0,1.0,0.0,94,2,37,1,94,1,94,0,1,93,37,417,FL-417 S,S,Freeway,0.41091191598300003,0.0,8555,8559,S,2,65863,6,417,97034,65863,70,63,70.0,0.00608646651501
374,2,12733.162046908315,68.12379486170948,2.0274470198335828,0.03093659629733922,6.8184236824166335,1.301614319155196,0.18602366479489715,22308.245327102803,71.79793402092203,1.9787822580705032,0.028523061352615526,6.325974923240065,1.1929547320644087,0.18437047492626613,8555_8559,2.0,1.0,1.0,94,2,37,1,94,1,94,0,1,93,37,417,FL-417 S,S,Freeway,0.41091191598300003,0.0,8555,8559,S,2,65863,6,417,97034,65863,70,63,70.0,0.00608646651501
375,3,19681.358208955226,69.63701409532493,1.4783507708705284,0.02143714384356904,4.600624115091935,0.8714124720998707,0.18706541609338692,36639.71527777778,73.14774675169946,1.4366431654686285,0.019833056493694483,4.578854174995494,0.8419593215883322,0.18224418410630855,8555_8559,3.0,3.0,0.0,94,2,37,1,94,1,94,0,1,93,37,417,FL-417 S,S,Freeway,0.41091191598300003,0.0,8555,8559,S,2,65863,6,417,97034,65863,70,63,70.0,0.00608646651501
376,0,17858.06032482599,73.64608142406377,2.091135774584115,0.028418522727398823,1.2572099277519189,0.9965961714661296,0.8003675389004528,13701.43710021322,72.44761141523217,2.190637970273261,0.030341926395494205,1.4817704938292633,1.1292220498249474,0.7662205108095336,8559_6030,5.0,3.0,2.0,95,2,38,1,95,1,95,0,1,94,38,417,FL-417 S,S,Freeway,1.03789945523,0.0,8559,6030,S,2,65863,6,417,97034,65863,70,63,70.0,0.015239944357700002
377,1,21068.345794392524,72.59379430636388,1.4046600752307297,0.020968306008529718,6.3514915171241935,1.4174679558568524,0.2188070992324259,15314.805555555557,72.92601777630911,1.5517869947403606,0.021891748065263318,6.65986808414258,1.5543002799762704,0.232614291954614,8559_6030,2.0,2.0,0.0,95,2,38,1,95,1,95,0,1,94,38,417,FL-417 S,S,Freeway,1.03789945523,0.0,8559,6030,S,2,65863,6,417,97034,65863,70,63,70.0,0.015239944357700002
378,2,22308.245327102803,71.79793402092203,1.9787822580705032,0.028523061352615526,6.325974923240065,1.1929547320644087,0.18437047492626613,16875.575692963754,71.64455682551065,2.1401605063544644,0.03085596749652892,7.002634600416495,1.3864608603854462,0.1930363048857998,8559_6030,3.0,2.0,1.0,95,2,38,1,95,1,95,0,1,94,38,417,FL-417 S,S,Freeway,1.03789945523,0.0,8559,6030,S,2,65863,6,417,97034,65863,70,63,70.0,0.015239944357700002
379,3,36639.71527777778,73.14774675169946,1.4366431654686285,0.019833056493694483,4.578854174995494,0.8419593215883322,0.18224418410630855,28112.938166311298,73.04863293952647,1.5505498548107268,0.02141307210952226,5.143433951023266,0.9638837329136511,0.18539184294669608,8559_6030,3.0,2.0,1.0,95,2,38,1,95,1,95,0,1,94,38,417,FL-417 S,S,Freeway,1.03789945523,0.0,8559,6030,S,2,65863,6,417,97034,65863,70,63,70.0,0.015239944357700002
380,0,10152.53846153846,71.37241144680178,2.3657806554551546,0.033272504739458114,1.5117533189660342,1.100129094787346,0.7226357560307337,10190.417910447759,72.51804873982697,2.16662307468626,0.03006230479059408,1.340791020775106,0.9903668950352026,0.7313681959385033,8546_7092,8.0,5.0,3.0,96,2,39,1,96,1,96,0,1,95,39,417,FL-417 S,S,Freeway,1.12851973566,0.0,8546,7092,S,2,65863,6,417,96500,65863,70,80,70.0,0.0167365149054
381,1,12194.467811158798,70.27046144073614,1.577726600952538,0.02343772109828093,6.940276341847071,1.5594448489245794,0.2201623992673006,12076.8952991453,72.41181045437162,1.878758488081564,0.02862362939392185,6.657887697229446,1.7062158370806373,0.2384500371845928,8546_7092,8.0,5.0,3.0,96,2,39,1,96,1,96,0,1,95,39,417,FL-417 S,S,Freeway,1.12851973566,0.0,8546,7092,S,2,65863,6,417,96500,65863,70,80,70.0,0.0167365149054
382,2,12569.768240343346,69.25596199973612,2.127079081262372,0.031865802761404584,6.916123420294834,1.3094315754910593,0.1855844801141204,12461.511727078892,71.08022798300603,2.6326176916041555,0.03945555733068457,6.408494904064157,1.3404814948220003,0.19765081175940286,8546_7092,9.0,5.0,4.0,96,2,39,1,96,1,96,0,1,95,39,417,FL-417 S,S,Freeway,1.12851973566,0.0,8546,7092,S,2,65863,6,417,96500,65863,70,80,70.0,0.0167365149054
383,3,20828.094017094016,70.90712282813315,1.4053924968993854,0.019913118055130862,5.06013307602013,0.8500363815661709,0.16841214441609756,20764.03837953092,72.94478082568081,1.3896088938791828,0.01921337850012531,4.6048663218726515,0.7940361332338767,0.17288939950515525,8546_7092,8.0,6.0,2.0,96,2,39,1,96,1,96,0,1,95,39,417,FL-417 S,S,Freeway,1.12851973566,0.0,8546,7092,S,2,65863,6,417,96500,65863,70,80,70.0,0.0167365149054
384,0,10011.473347547975,71.70383104669322,2.4980288243394524,0.035104591997730285,1.3123326719796455,0.9882535847127044,0.7473068560410678,10152.53846153846,71.37241144680178,2.3657806554551546,0.033272504739458114,1.5117533189660342,1.100129094787346,0.7226357560307337,8383_8546,2.0,1.0,1.0,97,2,40,1,97,1,97,0,1,96,40,417,FL-417 S,S,Freeway,0.598281138529,0.0,8383,8546,S,2,65863,6,417,96500,65863,70,51,70.0,0.008748998254360001
385,1,11960.721627408991,69.92084076030737,2.0796024221043585,0.030711383904307086,6.036120192398468,1.3726287909731376,0.2227149033114512,12194.467811158798,70.27046144073614,1.577726600952538,0.02343772109828093,6.940276341847071,1.5594448489245794,0.2201623992673006,8383_8546,0.0,0.0,0.0,97,2,40,1,97,1,97,0,1,96,40,417,FL-417 S,S,Freeway,0.598281138529,0.0,8383,8546,S,2,65863,6,417,96500,65863,70,51,70.0,0.008748998254360001
386,2,12431.417910447759,68.47669462229099,2.3491154196086312,0.0352018424057934,6.033719279823392,1.1501510851737855,0.1866131349482743,12569.768240343346,69.25596199973612,2.127079081262372,0.031865802761404584,6.916123420294834,1.3094315754910593,0.1855844801141204,8383_8546,2.0,2.0,0.0,97,2,40,1,97,1,97,0,1,96,40,417,FL-417 S,S,Freeway,0.598281138529,0.0,8383,8546,S,2,65863,6,417,96500,65863,70,51,70.0,0.008748998254360001
387,3,20439.961620469083,70.58555908307167,1.8059465454109584,0.025689641851098673,4.489135697269017,0.7690300958784125,0.17122109161507082,20828.094017094016,70.90712282813315,1.4053924968993854,0.019913118055130862,5.06013307602013,0.8500363815661709,0.16841214441609756,8383_8546,5.0,4.0,1.0,97,2,40,1,97,1,97,0,1,96,40,417,FL-417 S,S,Freeway,0.598281138529,0.0,8383,8546,S,2,65863,6,417,96500,65863,70,51,70.0,0.008748998254360001
388,0,10393.031982942432,70.57367807738824,2.66964171566882,0.038114004299531816,1.5403919107227644,1.1759279377125875,0.7604898714190738,10011.473347547975,71.70383104669322,2.4980288243394524,0.035104591997730285,1.3123326719796455,0.9882535847127044,0.7473068560410678,6895_8383,0.0,0.0,0.0,98,2,41,1,98,1,98,0,1,97,41,417,FL-417 S,S,Freeway,0.245820660608,0.0,6895,8383,S,2,65863,6,417,96500,65863,70,46,70.0,0.00359398865315
389,1,12307.147435897437,68.90529869543232,1.6546620338034776,0.024840695005293567,7.353303584321643,1.7231450842886575,0.22875686277824556,11960.721627408991,69.92084076030737,2.0796024221043585,0.030711383904307086,6.036120192398468,1.3726287909731376,0.2227149033114512,6895_8383,4.0,3.0,1.0,98,2,41,1,98,1,98,0,1,97,41,417,FL-417 S,S,Freeway,0.245820660608,0.0,6895,8383,S,2,65863,6,417,96500,65863,70,46,70.0,0.00359398865315
390,2,12798.268656716418,67.60911403159902,2.0437974285089755,0.03119904351223961,7.428065110654608,1.4043895946989615,0.18578864294667966,12431.417910447759,68.47669462229099,2.3491154196086312,0.0352018424057934,6.033719279823392,1.1501510851737855,0.1866131349482743,6895_8383,0.0,0.0,0.0,98,2,41,1,98,1,98,0,1,97,41,417,FL-417 S,S,Freeway,0.245820660608,0.0,6895,8383,S,2,65863,6,417,96500,65863,70,46,70.0,0.00359398865315
391,3,21153.240938166316,69.62135498262265,1.4108733995910665,0.02036868428905584,5.266992840728299,0.9228110820631212,0.1754603589993994,20439.961620469083,70.58555908307167,1.8059465454109584,0.025689641851098673,4.489135697269017,0.7690300958784125,0.17122109161507082,6895_8383,1.0,0.0,1.0,98,2,41,1,98,1,98,0,1,97,41,417,FL-417 S,S,Freeway,0.245820660608,0.0,6895,8383,S,2,65863,6,417,96500,65863,70,46,70.0,0.00359398865315
392,0,10363.620469083156,70.93439984880132,2.6043735725302444,0.037104477384805636,1.3871476623707173,0.99935335422114,0.7237812367917075,10393.031982942432,70.57367807738824,2.66964171566882,0.038114004299531816,1.5403919107227644,1.1759279377125875,0.7604898714190738,6316_6895,1.0,1.0,0.0,99,2,42,1,99,1,99,0,1,98,42,417,FL-417 S,S,Freeway,0.384461451754,0.0,6316,6895,S,2,65863,6,417,96500,65863,70,46,70.0,0.0056234813884300005
393,1,12197.828693790148,70.08377027566321,1.6620331089525342,0.02425009933565481,6.104229117069764,1.355639161968633,0.2188445384519314,12307.147435897437,68.90529869543232,1.6546620338034776,0.024840695005293567,7.353303584321643,1.7231450842886575,0.22875686277824556,6316_6895,0.0,0.0,0.0,99,2,42,1,99,1,99,0,1,98,42,417,FL-417 S,S,Freeway,0.384461451754,0.0,6316,6895,S,2,65863,6,417,96500,65863,70,46,70.0,0.0056234813884300005
394,2,12665.289978678036,68.38406181207496,2.2364822182349515,0.033656485938377084,5.993740599925224,1.1429321628256772,0.186217142605398,12798.268656716418,67.60911403159902,2.0437974285089755,0.03119904351223961,7.428065110654608,1.4043895946989615,0.18578864294667966,6316_6895,0.0,0.0,0.0,99,2,42,1,99,1,99,0,1,98,42,417,FL-417 S,S,Freeway,0.384461451754,0.0,6316,6895,S,2,65863,6,417,96500,65863,70,46,70.0,0.0056234813884300005
395,3,20873.55650319829,70.31262707048937,1.5623485337723468,0.02236577613340837,4.362890091187081,0.7662748043657988,0.17528483955315782,21153.240938166316,69.62135498262265,1.4108733995910665,0.02036868428905584,5.266992840728299,0.9228110820631212,0.1754603589993994,6316_6895,0.0,0.0,0.0,99,2,42,1,99,1,99,0,1,98,42,417,FL-417 S,S,Freeway,0.384461451754,0.0,6316,6895,S,2,65863,6,417,96500,65863,70,46,70.0,0.0056234813884300005
396,0,13701.43710021322,72.44761141523217,2.190637970273261,0.030341926395494205,1.4817704938292633,1.1292220498249474,0.7662205108095336,10363.620469083156,70.93439984880132,2.6043735725302444,0.037104477384805636,1.3871476623707173,0.99935335422114,0.7237812367917075,6030_6316,1.0,0.0,1.0,100,2,43,1,100,1,100,0,1,99,43,417,FL-417 S,S,Freeway,0.20429148982200002,0.0,6030,6316,S,2,65863,6,417,96500,65863,70,49,70.0,0.00297498721815
397,1,15314.805555555557,72.92601777630911,1.5517869947403606,0.021891748065263318,6.65986808414258,1.5543002799762704,0.232614291954614,12197.828693790148,70.08377027566321,1.6620331089525342,0.02425009933565481,6.104229117069764,1.355639161968633,0.2188445384519314,6030_6316,0.0,0.0,0.0,100,2,43,1,100,1,100,0,1,99,43,417,FL-417 S,S,Freeway,0.20429148982200002,0.0,6030,6316,S,2,65863,6,417,96500,65863,70,49,70.0,0.00297498721815
398,2,16875.575692963754,71.64455682551065,2.1401605063544644,0.03085596749652892,7.002634600416495,1.3864608603854462,0.1930363048857998,12665.289978678036,68.38406181207496,2.2364822182349515,0.033656485938377084,5.993740599925224,1.1429321628256772,0.186217142605398,6030_6316,2.0,1.0,1.0,100,2,43,1,100,1,100,0,1,99,43,417,FL-417 S,S,Freeway,0.20429148982200002,0.0,6030,6316,S,2,65863,6,417,96500,65863,70,49,70.0,0.00297498721815
399,3,28112.938166311298,73.04863293952647,1.5505498548107268,0.02141307210952226,5.143433951023266,0.9638837329136511,0.18539184294669608,20873.55650319829,70.31262707048937,1.5623485337723468,0.02236577613340837,4.362890091187081,0.7662748043657988,0.17528483955315782,6030_6316,0.0,0.0,0.0,100,2,43,1,100,1,100,0,1,99,43,417,FL-417 S,S,Freeway,0.20429148982200002,0.0,6030,6316,S,2,65863,6,417,96500,65863,70,49,70.0,0.00297498721815
400,0,9869.440180586907,66.77729181632431,2.1522045858394767,0.032304004943175785,1.4184372201477435,1.0891590185145923,0.7682553170339295,9869.440180586907,66.77729181632431,2.1522045858394767,0.032304004943175785,1.4184372201477435,1.0891590185145923,0.7682553170339295,7071_11709,0.0,0.0,0.0,101,2,44,1,101,1,101,0,1,100,44,417,FL-417 S,S,Freeway,0.0142650839994,0.0,7071,11709,S,2,65863,4,417,97500,65863,70,0,70.0,0.00020986073776099997
401,1,10610.328767123288,66.86023263171707,1.5444147716943395,0.024478942235691185,6.4197123505246125,1.4231007749967572,0.21242146565935108,10610.328767123288,66.86023263171707,1.5444147716943395,0.024478942235691185,6.4197123505246125,1.4231007749967572,0.21242146565935108,7071_11709,0.0,0.0,0.0,101,2,44,1,101,1,101,0,1,100,44,417,FL-417 S,S,Freeway,0.0142650839994,0.0,7071,11709,S,2,65863,4,417,97500,65863,70,0,70.0,0.00020986073776099997
402,2,12846.940909090908,64.51589601398236,2.878449097034609,0.05016855666172724,7.792124268616407,1.9880169411740665,0.2267820667599929,12846.940909090908,64.51589601398236,2.878449097034609,0.05016855666172724,7.792124268616407,1.9880169411740665,0.2267820667599929,7071_11709,0.0,0.0,0.0,101,2,44,1,101,1,101,0,1,100,44,417,FL-417 S,S,Freeway,0.0142650839994,0.0,7071,11709,S,2,65863,4,417,97500,65863,70,0,70.0,0.00020986073776099997
403,3,19882.187358916482,66.46065933307638,1.4674955935170313,0.02236888807776496,5.131413611009823,1.0220492592866899,0.1941692600361739,19882.187358916482,66.46065933307638,1.4674955935170313,0.02236888807776496,5.131413611009823,1.0220492592866899,0.1941692600361739,7071_11709,0.0,0.0,0.0,101,2,44,1,101,1,101,0,1,100,44,417,FL-417 S,S,Freeway,0.0142650839994,0.0,7071,11709,S,2,65863,4,417,97500,65863,70,0,70.0,0.00020986073776099997
404,0,9869.440180586907,66.77729181632431,2.1522045858394767,0.032304004943175785,1.4184372201477435,1.0891590185145923,0.7682553170339295,9430.857142857143,131.21723737722044,3.293976623120048,0.02519765013908468,1.9521769219580176,1.4628365145411135,0.7406544514338087,7071_6968,1.0,0.0,1.0,102,2,45,1,102,1,102,0,1,101,45,417,FL-417 S,S,Freeway,0.715842621982,0.0,7071,6968,S,2,65863,4,417,97500,65863,70,0,70.0,0.0104132712329
405,1,10610.328767123288,66.86023263171707,1.5444147716943395,0.024478942235691185,6.4197123505246125,1.4231007749967572,0.21242146565935108,10499.946351931329,132.11282733390712,2.0620306189730937,0.017391284257894424,8.334711613276239,1.7746763287420466,0.21126123381616896,7071_6968,0.0,0.0,0.0,102,2,45,1,102,1,102,0,1,101,45,417,FL-417 S,S,Freeway,0.715842621982,0.0,7071,6968,S,2,65863,4,417,97500,65863,70,0,70.0,0.0104132712329
406,2,12846.940909090908,64.51589601398236,2.878449097034609,0.05016855666172724,7.792124268616407,1.9880169411740665,0.2267820667599929,12772.863247863246,130.00209917695537,4.202850766383823,0.03453630903965342,9.868883633139923,1.936382645456328,0.1913926154328948,7071_6968,5.0,3.0,2.0,102,2,45,1,102,1,102,0,1,101,45,417,FL-417 S,S,Freeway,0.715842621982,0.0,7071,6968,S,2,65863,4,417,97500,65863,70,0,70.0,0.0104132712329
407,3,19882.187358916482,66.46065933307638,1.4674955935170313,0.02236888807776496,5.131413611009823,1.0220492592866899,0.1941692600361739,19566.074626865677,132.24974196439305,2.2007177280354044,0.016865608468235392,6.66937455706173,1.2372512602880217,0.1838076923231592,7071_6968,2.0,1.0,1.0,102,2,45,1,102,1,102,0,1,101,45,417,FL-417 S,S,Freeway,0.715842621982,0.0,7071,6968,S,2,65863,4,417,97500,65863,70,0,70.0,0.0104132712329
408,0,5574.68546637744,70.2054332177481,3.5738302631680536,0.05175323018757362,1.6542340120730132,1.217710773679538,0.7423051615162177,,,,,,,,11875_6251,1.0,1.0,0.0,103,2,46,1,103,1,103,0,1,102,46,417,FL-417 S,S,Freeway,0.115234451698,0.0,11875,6251,S,2,65863,6,417,69354,65863,70,0,70.0,0.00178172535959
409,1,6926.704347826087,70.81408139059675,2.047518431118932,0.02944924914062572,8.050938160499149,1.8074102784208532,0.22263521875353293,,,,,,,,11875_6251,0.0,0.0,0.0,103,2,46,1,103,1,103,0,1,102,46,417,FL-417 S,S,Freeway,0.115234451698,0.0,11875,6251,S,2,65863,6,417,69354,65863,70,0,70.0,0.00178172535959
410,2,6836.4121475054235,68.65130538602723,2.7945822065831303,0.043611491921596336,8.019119614785735,1.8249961508296118,0.21224035198857144,,,,,,,,11875_6251,0.0,0.0,0.0,103,2,46,1,103,1,103,0,1,102,46,417,FL-417 S,S,Freeway,0.115234451698,0.0,11875,6251,S,2,65863,6,417,69354,65863,70,0,70.0,0.00178172535959
411,3,11671.2147505423,70.87155445681806,1.8679640737106509,0.0269202269985711,5.799404565398371,1.2706166376962085,0.2152738750185967,,,,,,,,11875_6251,0.0,0.0,0.0,103,2,46,1,103,1,103,0,1,102,46,417,FL-417 S,S,Freeway,0.115234451698,0.0,11875,6251,S,2,65863,6,417,69354,65863,70,0,70.0,0.00178172535959
412,0,9430.857142857143,131.21723737722044,3.293976623120048,0.02519765013908468,1.9521769219580176,1.4628365145411135,0.7406544514338087,9808.351812366738,71.24968626955372,2.7329130580860967,0.03841977611032118,1.3331196004577082,1.0460750393326907,0.7699672778169,6968_8555,4.0,2.0,2.0,104,2,47,1,104,1,104,0,1,103,47,417,FL-417 S,S,Freeway,1.05000682196,0.0,6968,8555,S,2,65863,4,417,97500,65863,70,43,70.0,0.015279000597600002
413,1,10499.946351931329,132.11282733390712,2.0620306189730937,0.017391284257894424,8.334711613276239,1.7746763287420466,0.21126123381616896,10472.036402569593,70.08140736922438,1.6045184998326882,0.024165754153651298,5.835967567133067,1.202853972455571,0.20496363999173053,6968_8555,5.0,2.0,3.0,104,2,47,1,104,1,104,0,1,103,47,417,FL-417 S,S,Freeway,1.05000682196,0.0,6968,8555,S,2,65863,4,417,97500,65863,70,43,70.0,0.015279000597600002
414,2,12772.863247863246,130.00209917695537,4.202850766383823,0.03453630903965342,9.868883633139923,1.936382645456328,0.1913926154328948,12733.162046908315,68.12379486170948,2.0274470198335828,0.03093659629733922,6.8184236824166335,1.301614319155196,0.18602366479489715,6968_8555,5.0,4.0,1.0,104,2,47,1,104,1,104,0,1,103,47,417,FL-417 S,S,Freeway,1.05000682196,0.0,6968,8555,S,2,65863,4,417,97500,65863,70,43,70.0,0.015279000597600002
415,3,19566.074626865677,132.24974196439305,2.2007177280354044,0.016865608468235392,6.66937455706173,1.2372512602880217,0.1838076923231592,19681.358208955226,69.63701409532493,1.4783507708705284,0.02143714384356904,4.600624115091935,0.8714124720998707,0.18706541609338692,6968_8555,9.0,8.0,1.0,104,2,47,1,104,1,104,0,1,103,47,417,FL-417 S,S,Freeway,1.05000682196,0.0,6968,8555,S,2,65863,4,417,97500,65863,70,43,70.0,0.015279000597600002
416,0,9374.232409381662,63.506251123475465,3.0359640176398166,0.04831785877427722,1.3247255472601491,0.9598729458877754,0.7248851829667452,5574.68546637744,70.2054332177481,3.5738302631680536,0.05175323018757362,1.6542340120730132,1.217710773679538,0.7423051615162177,8568_11875,3.0,2.0,1.0,105,2,48,1,105,1,105,0,1,104,48,417,FL-417 S,S,Freeway,0.460695843984,0.0,8568,11875,S,2,65863,6,417,69354,65863,65,64,65.0,0.00712393992797
417,1,12046.187904967604,65.59620976510196,1.3460868108242643,0.020726375660606252,6.188454762241429,1.3773204037730855,0.2206667659110075,6926.704347826087,70.81408139059675,2.047518431118932,0.02944924914062572,8.050938160499149,1.8074102784208532,0.22263521875353293,8568_11875,0.0,0.0,0.0,105,2,48,1,105,1,105,0,1,104,48,417,FL-417 S,S,Freeway,0.460695843984,0.0,8568,11875,S,2,65863,6,417,69354,65863,65,64,65.0,0.00712393992797
418,2,11538.321961620471,64.48106609979202,1.882365868324959,0.030174773666251764,5.863646373824174,1.1310118418760715,0.18488471407937435,6836.4121475054235,68.65130538602723,2.7945822065831303,0.043611491921596336,8.019119614785735,1.8249961508296118,0.21224035198857144,8568_11875,3.0,2.0,1.0,105,2,48,1,105,1,105,0,1,104,48,417,FL-417 S,S,Freeway,0.460695843984,0.0,8568,11875,S,2,65863,6,417,69354,65863,65,64,65.0,0.00712393992797
419,3,20147.091684434967,65.87193334150268,1.4301674682187384,0.022125231433155552,4.424707340825237,0.9018810029610296,0.1941480820138768,11671.2147505423,70.87155445681806,1.8679640737106509,0.0269202269985711,5.799404565398371,1.2706166376962085,0.2152738750185967,8568_11875,3.0,0.0,3.0,105,2,48,1,105,1,105,0,1,104,48,417,FL-417 S,S,Freeway,0.460695843984,0.0,8568,11875,S,2,65863,6,417,69354,65863,65,64,65.0,0.00712393992797
420,0,9325.402985074626,64.17707330979637,2.65682247444607,0.04176954468740618,0.913897134597514,0.7075459041117347,0.7731421312607276,9374.232409381662,63.506251123475465,3.0359640176398166,0.04831785877427722,1.3247255472601491,0.9598729458877754,0.7248851829667452,8453_8568,2.0,1.0,1.0,106,2,49,1,106,1,106,0,1,105,49,417,FL-417 S,S,Freeway,0.526801969099,0.0,8453,8568,S,2,65863,6,417,69354,65863,70,57,70.0,0.008114201248850001
421,1,11889.325481798713,65.85207078004126,1.1738222850358904,0.017928542858986037,4.663245241164418,1.024443650996172,0.2194182581597993,12046.187904967604,65.59620976510196,1.3460868108242643,0.020726375660606252,6.188454762241429,1.3773204037730855,0.2206667659110075,8453_8568,1.0,1.0,0.0,106,2,49,1,106,1,106,0,1,105,49,417,FL-417 S,S,Freeway,0.526801969099,0.0,8453,8568,S,2,65863,6,417,69354,65863,70,57,70.0,0.008114201248850001
422,2,11388.771855010658,64.50172903356486,1.5338406289793483,0.024332903558957827,4.3550276462225375,0.7928257373468286,0.17806010094580002,11538.321961620471,64.48106609979202,1.882365868324959,0.030174773666251764,5.863646373824174,1.1310118418760715,0.18488471407937435,8453_8568,0.0,0.0,0.0,106,2,49,1,106,1,106,0,1,105,49,417,FL-417 S,S,Freeway,0.526801969099,0.0,8453,8568,S,2,65863,6,417,69354,65863,70,57,70.0,0.008114201248850001
423,3,19963.243070362474,65.09105549837025,1.1703481739392136,0.01816294892891314,3.3084222032985067,0.6423799176169015,0.19054181583903906,20147.091684434967,65.87193334150268,1.4301674682187384,0.022125231433155552,4.424707340825237,0.9018810029610296,0.1941480820138768,8453_8568,0.0,0.0,0.0,106,2,49,1,106,1,106,0,1,105,49,417,FL-417 S,S,Freeway,0.526801969099,0.0,8453,8568,S,2,65863,6,417,69354,65863,70,57,70.0,0.008114201248850001
424,0,,,,,,,,9869.440180586907,66.77729181632431,2.1522045858394767,0.032304004943175785,1.4184372201477435,1.0891590185145923,0.7682553170339295,6251_11709,1.0,1.0,0.0,107,2,50,1,107,1,107,0,1,106,50,417,FL-417 S,S,Freeway,0.434654958051,0.0,6251,11709,S,2,65863,4,417,97500,65863,70,0,70.0,0.006597289192380001
425,1,,,,,,,,10610.328767123288,66.86023263171707,1.5444147716943395,0.024478942235691185,6.4197123505246125,1.4231007749967572,0.21242146565935108,6251_11709,2.0,2.0,0.0,107,2,50,1,107,1,107,0,1,106,50,417,FL-417 S,S,Freeway,0.434654958051,0.0,6251,11709,S,2,65863,4,417,97500,65863,70,0,70.0,0.006597289192380001
426,2,,,,,,,,12846.940909090908,64.51589601398236,2.878449097034609,0.05016855666172724,7.792124268616407,1.9880169411740665,0.2267820667599929,6251_11709,2.0,1.0,1.0,107,2,50,1,107,1,107,0,1,106,50,417,FL-417 S,S,Freeway,0.434654958051,0.0,6251,11709,S,2,65863,4,417,97500,65863,70,0,70.0,0.006597289192380001
427,3,,,,,,,,19882.187358916482,66.46065933307638,1.4674955935170313,0.02236888807776496,5.131413611009823,1.0220492592866899,0.1941692600361739,6251_11709,4.0,3.0,1.0,107,2,50,1,107,1,107,0,1,106,50,417,FL-417 S,S,Freeway,0.434654958051,0.0,6251,11709,S,2,65863,4,417,97500,65863,70,0,70.0,0.006597289192380001
428,0,8510.394849785407,58.55964680814443,3.4051239441175536,0.05887874668229661,2.083357558351868,1.6019017194724232,0.7757047607437194,8988.427038626609,67.45842559998434,2.9255019201124384,0.04390237544879203,1.9276596064961768,1.3963289830591783,0.7252649071103884,8588_8118,3.0,1.0,2.0,108,2,51,1,108,1,108,0,1,107,51,417,FL-417 S,S,Freeway,0.314190599054,0.0,8588,8118,S,2,65863,5,417,83459,65863,70,102,70.0,0.00458940847371
429,1,11186.654427645788,54.91383383997321,3.420389130982726,0.06402500277305757,10.971555829602806,2.8039287624051865,0.2514163857555245,11962.882608695652,63.91360428548502,3.8658063950196615,0.06307831961631491,9.23436018326569,2.5153896509472715,0.2630707698431116,8588_8118,5.0,4.0,1.0,108,2,51,1,108,1,108,0,1,107,51,417,FL-417 S,S,Freeway,0.314190599054,0.0,8588,8118,S,2,65863,5,417,83459,65863,70,102,70.0,0.00458940847371
430,2,10200.815450643775,53.66619326804908,3.1482712373915662,0.06181335991044906,10.311718868710114,2.353828078680165,0.2201316592003154,11024.043196544275,62.44543260595,3.9333258876993766,0.06691059481047693,8.838164164795323,2.222716602157208,0.23832134378016234,8588_8118,8.0,7.0,1.0,108,2,51,1,108,1,108,0,1,107,51,417,FL-417 S,S,Freeway,0.314190599054,0.0,8588,8118,S,2,65863,5,417,83459,65863,70,102,70.0,0.00458940847371
431,3,18598.6330472103,56.77892985455747,1.7955695503022042,0.032070739373108045,7.667301572787899,1.4911716344573165,0.19134987277205007,19809.736051502143,65.02768792355333,1.815441662525686,0.028288774562826843,6.4175233675969965,1.2048080617892156,0.18445484179476654,8588_8118,11.0,8.0,3.0,108,2,51,1,108,1,108,0,1,107,51,417,FL-417 S,S,Freeway,0.314190599054,0.0,8588,8118,S,2,65863,5,417,83459,65863,70,102,70.0,0.00458940847371
432,0,9395.912393162393,67.05440458472839,2.9005155611621976,0.043525526176315416,1.3160585025456557,1.0014936886037349,0.7683008496783488,9325.402985074626,64.17707330979637,2.65682247444607,0.04176954468740618,0.913897134597514,0.7075459041117347,0.7731421312607276,8572_8453,4.0,4.0,0.0,109,2,52,1,109,1,109,0,1,108,52,417,FL-417 S,S,Freeway,0.952765149993,0.0,8572,8453,W,3,65863,6,50,56410,65863,70,54,70.0,0.013930287199699999
433,1,12108.15766738661,65.41810930701331,1.5778670710813532,0.024688992857535758,6.898747085370115,1.532854092313489,0.2203500377811092,11889.325481798713,65.85207078004126,1.1738222850358904,0.017928542858986037,4.663245241164418,1.024443650996172,0.2194182581597993,8572_8453,3.0,3.0,0.0,109,2,52,1,109,1,109,0,1,108,52,417,FL-417 S,S,Freeway,0.952765149993,0.0,8572,8453,W,3,65863,6,50,56410,65863,70,54,70.0,0.013930287199699999
434,2,11569.807280513918,64.41585450526615,1.7858900511699858,0.02891744857745778,6.564161563602796,1.2229038293774763,0.1822623688485593,11388.771855010658,64.50172903356486,1.5338406289793483,0.024332903558957827,4.3550276462225375,0.7928257373468286,0.17806010094580002,8572_8453,2.0,2.0,0.0,109,2,52,1,109,1,109,0,1,108,52,417,FL-417 S,S,Freeway,0.952765149993,0.0,8572,8453,W,3,65863,6,50,56410,65863,70,54,70.0,0.013930287199699999
435,3,20279.143162393164,65.85855553701337,1.3154961652384551,0.02019454130858974,4.9003148530879885,0.9022691940529872,0.1820650957668172,19963.243070362474,65.09105549837025,1.1703481739392136,0.01816294892891314,3.3084222032985067,0.6423799176169015,0.19054181583903906,8572_8453,3.0,2.0,1.0,109,2,52,1,109,1,109,0,1,108,52,417,FL-417 S,S,Freeway,0.952765149993,0.0,8572,8453,W,3,65863,6,50,56410,65863,70,54,70.0,0.013930287199699999
436,0,9003.912579957356,70.0220455349573,2.646481595260494,0.038005890897941576,1.3282193513852716,0.958042722551585,0.7269963388323436,9395.912393162393,67.05440458472839,2.9005155611621976,0.043525526176315416,1.3160585025456557,1.0014936886037349,0.7683008496783488,8563_8572,0.0,0.0,0.0,110,2,53,1,110,1,110,0,1,109,53,417,FL-417 S,S,Freeway,0.319507970381,0.0,8563,8572,S,2,65863,6,417,91500,65863,70,67,70.0,0.00467276097257
437,1,11818.337634408603,69.38014039101803,1.8964392717934668,0.0279607992212386,6.592061116105353,1.481784678395207,0.22092216791260005,12108.15766738661,65.41810930701331,1.5778670710813532,0.024688992857535758,6.898747085370115,1.532854092313489,0.2203500377811092,8563_8572,1.0,1.0,0.0,110,2,53,1,110,1,110,0,1,109,53,417,FL-417 S,S,Freeway,0.319507970381,0.0,8563,8572,S,2,65863,6,417,91500,65863,70,67,70.0,0.00467276097257
438,2,11114.891025641024,68.27753016664674,2.0746278778669485,0.031743232321971536,6.195448113251718,1.1395259677084757,0.1774530300649286,11569.807280513918,64.41585450526615,1.7858900511699858,0.02891744857745778,6.564161563602796,1.2229038293774763,0.1822623688485593,8563_8572,3.0,1.0,2.0,110,2,53,1,110,1,110,0,1,109,53,417,FL-417 S,S,Freeway,0.319507970381,0.0,8563,8572,S,2,65863,6,417,91500,65863,70,67,70.0,0.00467276097257
439,3,19738.232409381664,69.5511424106829,1.4580449177287902,0.021168714780277664,4.711765369173394,0.8608431928352404,0.18058588008757592,20279.143162393164,65.85855553701337,1.3154961652384551,0.02019454130858974,4.9003148530879885,0.9022691940529872,0.1820650957668172,8563_8572,1.0,1.0,0.0,110,2,53,1,110,1,110,0,1,109,53,417,FL-417 S,S,Freeway,0.319507970381,0.0,8563,8572,S,2,65863,6,417,91500,65863,70,67,70.0,0.00467276097257
440,0,8718.0618336887,68.18660371947622,3.3759090478930665,0.050214290996512714,1.837937117635383,1.391888417722795,0.7806995821142511,8929.324034334764,66.70123517106501,3.1126639145220345,0.04779873643745199,1.865519370843524,1.5127666606301617,0.7790402550273272,8456_6789,2.0,2.0,0.0,111,2,54,1,111,1,111,0,1,110,54,417,FL-417 S,S,Freeway,0.449856257685,0.0,8456,6789,S,2,65863,4,417,91500,65863,70,52,70.0,0.006841259493090001
441,1,11418.488222698074,64.86898791459032,4.872392180701032,0.07777391047794972,8.777490373634457,2.2654121012498463,0.2582533518866979,11759.863340563992,63.310808393732,3.0449163088042077,0.048948776802163065,9.339722595121664,2.26315326074826,0.2407333535114817,8456_6789,3.0,1.0,2.0,111,2,54,1,111,1,111,0,1,110,54,417,FL-417 S,S,Freeway,0.449856257685,0.0,8456,6789,S,2,65863,4,417,91500,65863,70,52,70.0,0.006841259493090001
442,2,10602.68869936034,62.293597362577714,5.102001982295549,0.08545894425669405,8.414957657903033,2.1618603968417918,0.25457638425938456,11038.939914163091,61.247110061835,2.9548506833694144,0.05087919739170274,8.807600165888788,1.8417909698421535,0.20234767301685755,8456_6789,0.0,0.0,0.0,111,2,54,1,111,1,111,0,1,110,54,417,FL-417 S,S,Freeway,0.449856257685,0.0,8456,6789,S,2,65863,4,417,91500,65863,70,52,70.0,0.006841259493090001
443,3,19127.543710021317,66.7467791204089,2.5305406874647063,0.0383288422563642,6.027595545281769,1.2626738028487463,0.21194873836043945,19639.793991416307,63.994850813924856,2.008325555339248,0.0319971900788666,6.477840610561615,1.3328633898054778,0.19980057508306354,8456_6789,2.0,2.0,0.0,111,2,54,1,111,1,111,0,1,110,54,417,FL-417 S,S,Freeway,0.449856257685,0.0,8456,6789,S,2,65863,4,417,91500,65863,70,52,70.0,0.006841259493090001
444,0,8988.427038626609,67.45842559998434,2.9255019201124384,0.04390237544879203,1.9276596064961768,1.3963289830591783,0.7252649071103884,8718.0618336887,68.18660371947622,3.3759090478930665,0.050214290996512714,1.837937117635383,1.391888417722795,0.7806995821142511,8118_8456,1.0,1.0,0.0,112,2,55,1,112,1,112,0,1,111,55,417,FL-417 S,S,Freeway,0.344674752021,0.0,8118,8456,S,2,65863,5,417,91500,65863,70,43,70.0,0.0052072627193999995
445,1,11962.882608695652,63.91360428548502,3.8658063950196615,0.06307831961631491,9.23436018326569,2.5153896509472715,0.2630707698431116,11418.488222698074,64.86898791459032,4.872392180701032,0.07777391047794972,8.777490373634457,2.2654121012498463,0.2582533518866979,8118_8456,1.0,1.0,0.0,112,2,55,1,112,1,112,0,1,111,55,417,FL-417 S,S,Freeway,0.344674752021,0.0,8118,8456,S,2,65863,5,417,91500,65863,70,43,70.0,0.0052072627193999995
446,2,11024.043196544275,62.44543260595,3.9333258876993766,0.06691059481047693,8.838164164795323,2.222716602157208,0.23832134378016234,10602.68869936034,62.293597362577714,5.102001982295549,0.08545894425669405,8.414957657903033,2.1618603968417918,0.25457638425938456,8118_8456,2.0,2.0,0.0,112,2,55,1,112,1,112,0,1,111,55,417,FL-417 S,S,Freeway,0.344674752021,0.0,8118,8456,S,2,65863,5,417,91500,65863,70,43,70.0,0.0052072627193999995
447,3,19809.736051502143,65.02768792355333,1.815441662525686,0.028288774562826843,6.4175233675969965,1.2048080617892156,0.18445484179476654,19127.543710021317,66.7467791204089,2.5305406874647063,0.0383288422563642,6.027595545281769,1.2626738028487463,0.21194873836043945,8118_8456,5.0,4.0,1.0,112,2,55,1,112,1,112,0,1,111,55,417,FL-417 S,S,Freeway,0.344674752021,0.0,8118,8456,S,2,65863,5,417,91500,65863,70,43,70.0,0.0052072627193999995
448,0,9064.978213507626,71.13723000635909,2.5133004657435696,0.035627224371582826,1.7142900342265632,1.3029576680902342,0.7639692381597321,9003.912579957356,70.0220455349573,2.646481595260494,0.038005890897941576,1.3282193513852716,0.958042722551585,0.7269963388323436,6691_8563,0.0,0.0,0.0,113,2,56,1,113,1,113,0,1,112,56,417,FL-417 S,S,Freeway,0.435234167071,0.0,6691,8563,S,2,65863,6,417,91500,65863,70,46,70.0,0.00652750783436
449,1,11901.04385964912,69.98006300569517,2.4749068591906678,0.035884564533070776,9.043647834438948,2.057469701489415,0.2263058340216502,11818.337634408603,69.38014039101803,1.8964392717934668,0.0279607992212386,6.592061116105353,1.481784678395207,0.22092216791260005,6691_8563,0.0,0.0,0.0,113,2,56,1,113,1,113,0,1,112,56,417,FL-417 S,S,Freeway,0.435234167071,0.0,6691,8563,S,2,65863,6,417,91500,65863,70,46,70.0,0.00652750783436
450,2,11198.03711790393,68.57661577097608,2.4376634027119817,0.03805260834805962,8.58187135708515,1.5844044253509628,0.17925597345102834,11114.891025641024,68.27753016664674,2.0746278778669485,0.031743232321971536,6.195448113251718,1.1395259677084757,0.1774530300649286,6691_8563,2.0,1.0,1.0,113,2,56,1,113,1,113,0,1,112,56,417,FL-417 S,S,Freeway,0.435234167071,0.0,6691,8563,S,2,65863,6,417,91500,65863,70,46,70.0,0.00652750783436
451,3,19888.81481481481,70.86452362641477,1.6472117079586952,0.0235211389566063,6.4021484491750185,1.1909214422158385,0.18380090083614592,19738.232409381664,69.5511424106829,1.4580449177287902,0.021168714780277664,4.711765369173394,0.8608431928352404,0.18058588008757592,6691_8563,2.0,2.0,0.0,113,2,56,1,113,1,113,0,1,112,56,417,FL-417 S,S,Freeway,0.435234167071,0.0,6691,8563,S,2,65863,6,417,91500,65863,70,46,70.0,0.00652750783436
452,0,8929.324034334764,66.70123517106501,3.1126639145220345,0.04779873643745199,1.865519370843524,1.5127666606301617,0.7790402550273272,9064.978213507626,71.13723000635909,2.5133004657435696,0.035627224371582826,1.7142900342265632,1.3029576680902342,0.7639692381597321,6789_6691,3.0,1.0,2.0,114,2,57,1,114,1,114,0,1,113,57,417,FL-417 S,S,Freeway,0.342118847831,0.0,6789,6691,S,2,65863,4,417,91500,65863,70,43,70.0,0.005204235030460001
453,1,11759.863340563992,63.310808393732,3.0449163088042077,0.048948776802163065,9.339722595121664,2.26315326074826,0.2407333535114817,11901.04385964912,69.98006300569517,2.4749068591906678,0.035884564533070776,9.043647834438948,2.057469701489415,0.2263058340216502,6789_6691,1.0,0.0,1.0,114,2,57,1,114,1,114,0,1,113,57,417,FL-417 S,S,Freeway,0.342118847831,0.0,6789,6691,S,2,65863,4,417,91500,65863,70,43,70.0,0.005204235030460001
454,2,11038.939914163091,61.247110061835,2.9548506833694144,0.05087919739170274,8.807600165888788,1.8417909698421535,0.20234767301685755,11198.03711790393,68.57661577097608,2.4376634027119817,0.03805260834805962,8.58187135708515,1.5844044253509628,0.17925597345102834,6789_6691,1.0,0.0,1.0,114,2,57,1,114,1,114,0,1,113,57,417,FL-417 S,S,Freeway,0.342118847831,0.0,6789,6691,S,2,65863,4,417,91500,65863,70,43,70.0,0.005204235030460001
455,3,19639.793991416307,63.994850813924856,2.008325555339248,0.0319971900788666,6.477840610561615,1.3328633898054778,0.19980057508306354,19888.81481481481,70.86452362641477,1.6472117079586952,0.0235211389566063,6.4021484491750185,1.1909214422158385,0.18380090083614592,6789_6691,1.0,1.0,0.0,114,2,57,1,114,1,114,0,1,113,57,417,FL-417 S,S,Freeway,0.342118847831,0.0,6789,6691,S,2,65863,4,417,91500,65863,70,43,70.0,0.005204235030460001
456,0,7068.680170575693,68.65234109689624,3.0240429501841044,0.04466907876987774,1.8777672877322973,1.4341732474395639,0.7711119161052717,6734.339019189764,69.73144259577708,3.1839016407736707,0.046503084053330083,2.019983576246366,1.6898115385463741,0.8557938316208994,6052_8088,1.0,0.0,1.0,115,2,58,1,115,1,115,0,1,114,58,417,FL-417 S,S,Freeway,0.544818945526,0.0,6052,8088,S,2,65863,5,417,78149,65863,70,39,70.0,0.00817758693968
457,1,9373.622317596566,51.20844449318043,15.954854480995273,0.3402863138957798,15.660930952966408,7.4875340068964515,0.4569318386362619,9359.56316916488,57.918456207417535,10.041120252383614,0.17965500559607714,15.05748686901201,4.988984392598984,0.3266963013570694,6052_8088,5.0,4.0,1.0,115,2,58,1,115,1,115,0,1,114,58,417,FL-417 S,S,Freeway,0.544818945526,0.0,6052,8088,S,2,65863,5,417,78149,65863,70,39,70.0,0.00817758693968
458,2,8534.154175588865,56.874319976350755,10.798019498099187,0.21901736714177386,11.65134804044399,5.182963825966361,0.40736694164562737,8420.72921108742,58.91775014524878,8.754940709047082,0.15855750619637188,12.873721681182149,4.042721131416337,0.30816306223961604,6052_8088,3.0,3.0,0.0,115,2,58,1,115,1,115,0,1,114,58,417,FL-417 S,S,Freeway,0.544818945526,0.0,6052,8088,S,2,65863,5,417,78149,65863,70,39,70.0,0.00817758693968
459,3,15485.843683083513,66.32825908864041,4.124961447564374,0.0638005778425195,6.668645204099893,2.204932803011509,0.3150214675506664,15120.5842217484,67.84015802127949,3.4796285915667844,0.05242181500665242,8.029771398537836,2.145511498767644,0.26384397962098033,6052_8088,5.0,4.0,1.0,115,2,58,1,115,1,115,0,1,114,58,417,FL-417 S,S,Freeway,0.544818945526,0.0,6052,8088,S,2,65863,5,417,78149,65863,70,39,70.0,0.00817758693968
460,0,6734.339019189764,69.73144259577708,3.1839016407736707,0.046503084053330083,2.019983576246366,1.6898115385463741,0.8557938316208994,7363.043010752688,66.85161980134735,3.2995104834494504,0.050320278337326184,1.6833969953389496,1.2954803494372549,0.7740418605457099,8088_8565,0.0,0.0,0.0,116,2,59,1,116,1,116,0,1,115,59,417,FL-417 S,S,Freeway,0.0790439635563,0.0,8088,8565,S,2,65863,5,417,78149,65863,70,46,70.0,0.0012072005609000001
461,1,9359.56316916488,57.918456207417535,10.041120252383614,0.17965500559607714,15.05748686901201,4.988984392598984,0.3266963013570694,10011.741794310723,60.112448964554574,5.925137702501855,0.10069429357308997,9.8870798921479,2.589290709851351,0.2597335310182362,8088_8565,1.0,1.0,0.0,116,2,59,1,116,1,116,0,1,115,59,417,FL-417 S,S,Freeway,0.0790439635563,0.0,8088,8565,S,2,65863,5,417,78149,65863,70,46,70.0,0.0012072005609000001
462,2,8420.72921108742,58.91775014524878,8.754940709047082,0.15855750619637188,12.873721681182149,4.042721131416337,0.30816306223961604,8996.702819956616,59.947944726755935,5.09853920514475,0.08842460930426545,8.78612522018991,2.0994218630657526,0.23521399659923825,8088_8565,0.0,0.0,0.0,116,2,59,1,116,1,116,0,1,115,59,417,FL-417 S,S,Freeway,0.0790439635563,0.0,8088,8565,S,2,65863,5,417,78149,65863,70,46,70.0,0.0012072005609000001
463,3,15120.5842217484,67.84015802127949,3.4796285915667844,0.05242181500665242,8.029771398537836,2.145511498767644,0.26384397962098033,16214.493534482759,65.26918445246731,2.4403329596566605,0.03799365084755153,6.114579864945215,1.3597556040387555,0.2152931368402555,8088_8565,0.0,0.0,0.0,116,2,59,1,116,1,116,0,1,115,59,417,FL-417 S,S,Freeway,0.0790439635563,0.0,8088,8565,S,2,65863,5,417,78149,65863,70,46,70.0,0.0012072005609000001
464,0,7363.043010752688,66.85161980134735,3.2995104834494504,0.050320278337326184,1.6833969953389496,1.2954803494372549,0.7740418605457099,8510.394849785407,58.55964680814443,3.4051239441175536,0.05887874668229661,2.083357558351868,1.6019017194724232,0.7757047607437194,8565_8588,1.0,1.0,0.0,117,2,60,1,117,1,117,0,1,116,60,417,FL-417 S,S,Freeway,0.426625792594,0.0,8565,8588,S,2,65863,5,417,83459,65863,70,37,70.0,0.006423783708
465,1,10011.741794310723,60.112448964554574,5.925137702501855,0.10069429357308997,9.8870798921479,2.589290709851351,0.2597335310182362,11186.654427645788,54.91383383997321,3.420389130982726,0.06402500277305757,10.971555829602806,2.8039287624051865,0.2514163857555245,8565_8588,4.0,4.0,0.0,117,2,60,1,117,1,117,0,1,116,60,417,FL-417 S,S,Freeway,0.426625792594,0.0,8565,8588,S,2,65863,5,417,83459,65863,70,37,70.0,0.006423783708
466,2,8996.702819956616,59.947944726755935,5.09853920514475,0.08842460930426545,8.78612522018991,2.0994218630657526,0.23521399659923825,10200.815450643775,53.66619326804908,3.1482712373915662,0.06181335991044906,10.311718868710114,2.353828078680165,0.2201316592003154,8565_8588,3.0,3.0,0.0,117,2,60,1,117,1,117,0,1,116,60,417,FL-417 S,S,Freeway,0.426625792594,0.0,8565,8588,S,2,65863,5,417,83459,65863,70,37,70.0,0.006423783708
467,3,16214.493534482759,65.26918445246731,2.4403329596566605,0.03799365084755153,6.114579864945215,1.3597556040387555,0.2152931368402555,18598.6330472103,56.77892985455747,1.7955695503022042,0.032070739373108045,7.667301572787899,1.4911716344573165,0.19134987277205007,8565_8588,4.0,3.0,1.0,117,2,60,1,117,1,117,0,1,116,60,417,FL-417 S,S,Freeway,0.426625792594,0.0,8565,8588,S,2,65863,5,417,83459,65863,70,37,70.0,0.006423783708
468,0,3336.894396551724,69.0420227715342,2.8697904896314763,0.041592816859469285,0.7386555722276745,0.5286499091001036,0.7185062814380885,3564.322649572649,74.81638690751164,3.425694700970808,0.04580699370551117,0.8285444593860251,0.5638920708896462,0.6844082878644052,9706_9710,0.0,0.0,0.0,118,2,2,1,118,1,118,0,1,117,2,429,FL-429 N,N,Freeway,0.823554797869,0.0,9706,9710,N,2,65863,4,429,25600,65863,70,44,70.0,0.0120668193331
469,1,2289.85807860262,70.79480977856605,1.8322385177600613,0.02592409810471665,1.9672402740138863,0.5828902923798274,0.29914144808365595,2955.8218884120174,72.5335086495012,1.4652392715307516,0.02020583184499476,2.3056331931567877,0.6298703035926281,0.2773398196980237,9706_9710,0.0,0.0,0.0,118,2,2,1,118,1,118,0,1,117,2,429,FL-429 N,N,Freeway,0.823554797869,0.0,9706,9710,N,2,65863,4,429,25600,65863,70,44,70.0,0.0120668193331
470,2,5088.532467532467,69.72062273197639,1.74651363681366,0.025171587249937358,3.79329339708408,0.9749562707436866,0.25803214670749713,5594.6474358974365,71.9269315959293,1.518939554201432,0.021219682302545173,4.1988323699292955,0.9951887010772084,0.23780331979597336,9706_9710,0.0,0.0,0.0,118,2,2,1,118,1,118,0,1,117,2,429,FL-429 N,N,Freeway,0.823554797869,0.0,9706,9710,N,2,65863,4,429,25600,65863,70,44,70.0,0.0120668193331
471,3,7124.675268817205,69.84940031574962,1.7060086546426798,0.02447555139146924,2.8398178352000643,0.7213557675149076,0.25720610875532474,8302.170940170941,71.26916495547505,1.586816619822624,0.022337944845774737,3.0256323871899085,0.7013845713725649,0.23279932582675075,9706_9710,1.0,1.0,0.0,118,2,2,1,118,1,118,0,1,117,2,429,FL-429 N,N,Freeway,0.823554797869,0.0,9706,9710,N,2,65863,4,429,25600,65863,70,44,70.0,0.0120668193331
472,0,3337.4648187633256,71.79449063314031,2.8604779217801384,0.03987168801081356,0.9730291267674496,0.7058880929160948,0.7273159034508113,3336.894396551724,69.0420227715342,2.8697904896314763,0.041592816859469285,0.7386555722276745,0.5286499091001036,0.7185062814380885,6244_9706,3.0,3.0,0.0,119,2,3,1,119,1,119,0,1,118,3,429,FL-429 N,N,Freeway,1.60953074452,0.0,6244,9706,N,2,65863,4,429,25600,65863,70,90,70.0,0.0238020576051
473,1,2318.5662393162397,73.67177216815334,1.3823807847493241,0.018782701990610044,2.621329373172397,0.6986062911166449,0.27111349693796066,2289.85807860262,70.79480977856605,1.8322385177600613,0.02592409810471665,1.9672402740138863,0.5828902923798274,0.29914144808365595,6244_9706,1.0,1.0,0.0,119,2,3,1,119,1,119,0,1,118,3,429,FL-429 N,N,Freeway,1.60953074452,0.0,6244,9706,N,2,65863,4,429,25600,65863,70,90,70.0,0.0238020576051
474,2,5094.051172707889,72.93964969586011,1.4930061466331974,0.020617317726882755,5.597281431228801,1.4350297236925733,0.2569503201041396,5088.532467532467,69.72062273197639,1.74651363681366,0.025171587249937358,3.79329339708408,0.9749562707436866,0.25803214670749713,6244_9706,3.0,2.0,1.0,119,2,3,1,119,1,119,0,1,118,3,429,FL-429 N,N,Freeway,1.60953074452,0.0,6244,9706,N,2,65863,4,429,25600,65863,70,90,70.0,0.0238020576051
475,3,7260.400852878465,72.53956558012284,1.3478160439376756,0.018617750371906227,3.8174802552124603,0.961241046882097,0.2544193614224766,7124.675268817205,69.84940031574962,1.7060086546426798,0.02447555139146924,2.8398178352000643,0.7213557675149076,0.25720610875532474,6244_9706,4.0,3.0,1.0,119,2,3,1,119,1,119,0,1,118,3,429,FL-429 N,N,Freeway,1.60953074452,0.0,6244,9706,N,2,65863,4,429,25600,65863,70,90,70.0,0.0238020576051
476,0,3564.322649572649,74.81638690751164,3.425694700970808,0.04580699370551117,0.8285444593860251,0.5638920708896462,0.6844082878644052,3589.0106609808104,76.14514370144933,3.298517555044175,0.0433375010017434,1.02943146976436,0.8072196306473455,0.7820063246578381,9710_6236,1.0,0.0,1.0,120,2,4,1,120,1,120,0,1,119,4,429,FL-429 N,N,Freeway,0.373688779428,0.0,9710,6236,N,2,65863,4,429,25600,65863,70,45,70.0,0.005679096198270001
477,1,2955.8218884120174,72.5335086495012,1.4652392715307516,0.02020583184499476,2.3056331931567877,0.6298703035926281,0.2773398196980237,2963.8351177730187,76.01727366180627,1.4988463792464048,0.01973649622045509,3.3911286858009912,0.9460825812843352,0.28340394759200044,9710_6236,0.0,0.0,0.0,120,2,4,1,120,1,120,0,1,119,4,429,FL-429 N,N,Freeway,0.373688779428,0.0,9710,6236,N,2,65863,4,429,25600,65863,70,45,70.0,0.005679096198270001
478,2,5594.6474358974365,71.9269315959293,1.518939554201432,0.021219682302545173,4.1988323699292955,0.9951887010772084,0.23780331979597336,5571.378205128206,75.27162091074791,1.760913555858289,0.024096779172464233,6.4948101164369225,1.7090828229577546,0.2581673769390457,9710_6236,0.0,0.0,0.0,120,2,4,1,120,1,120,0,1,119,4,429,FL-429 N,N,Freeway,0.373688779428,0.0,9710,6236,N,2,65863,4,429,25600,65863,70,45,70.0,0.005679096198270001
479,3,8302.170940170941,71.26916495547505,1.586816619822624,0.022337944845774737,3.0256323871899085,0.7013845713725649,0.23279932582675075,8289.241452991453,74.49935622238381,1.6034642576887408,0.021712060764840314,4.524990315249998,1.1358187664327026,0.2504271975724736,9710_6236,0.0,0.0,0.0,120,2,4,1,120,1,120,0,1,119,4,429,FL-429 N,N,Freeway,0.373688779428,0.0,9710,6236,N,2,65863,4,429,25600,65863,70,45,70.0,0.005679096198270001
480,0,3579.4646680942187,71.71349096869045,2.8889608760898664,0.04036294504070157,0.7699560128778317,0.5622182508221367,0.7329413185526055,3864.7601713062104,69.4320641166981,2.95963644648934,0.04265634781382312,0.8600152920234059,0.6285345830697115,0.7338607259443624,8048_8037,0.0,0.0,0.0,121,2,5,1,121,1,121,0,1,120,5,429,FL-429 N,N,Freeway,0.703296480051,0.0,8048,8037,N,2,65863,4,429,25600,65863,70,76,70.0,0.0102174904463
481,1,2950.706896551724,73.12633001105378,1.6449935229000212,0.0225409811224179,2.5381831396890293,0.7025494729157706,0.2789317487649197,4292.4051724137935,69.50497512181289,1.229236040027932,0.017844378817098785,3.7425691809876533,1.147956040960208,0.3049978763462178,8048_8037,1.0,1.0,0.0,121,2,5,1,121,1,121,0,1,120,5,429,FL-429 N,N,Freeway,0.703296480051,0.0,8048,8037,N,2,65863,4,429,25600,65863,70,76,70.0,0.0102174904463
482,2,5593.638709677421,71.84043394882758,1.7944217884783302,0.025857846790261825,4.246084484853852,1.0761619275671763,0.25102170991689426,6112.757510729613,67.98115206907167,1.7546782198320976,0.027940843892466483,5.254693227511115,1.3097498570316082,0.23678184748982986,8048_8037,2.0,0.0,2.0,121,2,5,1,121,1,121,0,1,120,5,429,FL-429 N,N,Freeway,0.703296480051,0.0,8048,8037,N,2,65863,4,429,25600,65863,70,76,70.0,0.0102174904463
483,3,8282.455913978494,71.92695272507855,1.6692592734126699,0.02326226293474789,3.1891143647680984,0.7371621979522838,0.2320203239398647,10157.757510729614,68.13889387023757,1.3545512136626825,0.019995796641791984,4.03623607225851,0.8807253159704284,0.21626885502981708,8048_8037,2.0,2.0,0.0,121,2,5,1,121,1,121,0,1,120,5,429,FL-429 N,N,Freeway,0.703296480051,0.0,8048,8037,N,2,65863,4,429,25600,65863,70,76,70.0,0.0102174904463
484,0,3864.7601713062104,69.4320641166981,2.95963644648934,0.04265634781382312,0.8600152920234059,0.6285345830697115,0.7338607259443624,3861.062231759657,72.54654549308023,2.8078700353172583,0.0387402955539179,0.8466653585305414,0.699525553950927,0.8306234607821753,8037_6764,2.0,2.0,0.0,122,2,6,1,122,1,122,0,1,121,6,429,FL-429 N,N,Freeway,0.773026993761,0.0,8037,6764,N,2,65863,4,429,25600,65863,70,70,70.0,0.0116244169615
485,1,4292.4051724137935,69.50497512181289,1.229236040027932,0.017844378817098785,3.7425691809876533,1.147956040960208,0.3049978763462178,4275.348387096774,73.70341258051486,1.3526715161997716,0.018399955625083654,3.909387561509981,1.1879285171713037,0.3085129096419127,8037_6764,4.0,2.0,2.0,122,2,6,1,122,1,122,0,1,121,6,429,FL-429 N,N,Freeway,0.773026993761,0.0,8037,6764,N,2,65863,4,429,25600,65863,70,70,70.0,0.0116244169615
486,2,6112.757510729613,67.98115206907167,1.7546782198320976,0.027940843892466483,5.254693227511115,1.3097498570316082,0.23678184748982986,6203.060085836911,71.66365271168205,2.2891632157869006,0.03536137385542815,6.121919504988632,1.593247174140993,0.2539818996546071,8037_6764,4.0,4.0,0.0,122,2,6,1,122,1,122,0,1,121,6,429,FL-429 N,N,Freeway,0.773026993761,0.0,8037,6764,N,2,65863,4,429,25600,65863,70,70,70.0,0.0116244169615
487,3,10157.757510729614,68.13889387023757,1.3545512136626825,0.019995796641791984,4.03623607225851,0.8807253159704284,0.21626885502981708,10169.143776824034,72.15119411208308,1.7080506379847045,0.02411064594033261,4.480826522482797,1.0680175263829563,0.2344976385259885,8037_6764,6.0,3.0,3.0,122,2,6,1,122,1,122,0,1,121,6,429,FL-429 N,N,Freeway,0.773026993761,0.0,8037,6764,N,2,65863,4,429,25600,65863,70,70,70.0,0.0116244169615
488,0,3589.0106609808104,76.14514370144933,3.298517555044175,0.0433375010017434,1.02943146976436,0.8072196306473455,0.7820063246578381,3579.4646680942187,71.71349096869045,2.8889608760898664,0.04036294504070157,0.7699560128778317,0.5622182508221367,0.7329413185526055,6236_8048,1.0,0.0,1.0,123,2,7,1,123,1,123,0,1,122,7,429,FL-429 N,N,Freeway,0.878892742994,0.0,6236,8048,N,2,65863,4,429,25600,65863,70,79,70.0,0.0131808307116
489,1,2963.8351177730187,76.01727366180627,1.4988463792464048,0.01973649622045509,3.3911286858009912,0.9460825812843352,0.28340394759200044,2950.706896551724,73.12633001105378,1.6449935229000212,0.0225409811224179,2.5381831396890293,0.7025494729157706,0.2789317487649197,6236_8048,0.0,0.0,0.0,123,2,7,1,123,1,123,0,1,122,7,429,FL-429 N,N,Freeway,0.878892742994,0.0,6236,8048,N,2,65863,4,429,25600,65863,70,79,70.0,0.0131808307116
490,2,5571.378205128206,75.27162091074791,1.760913555858289,0.024096779172464233,6.4948101164369225,1.7090828229577546,0.2581673769390457,5593.638709677421,71.84043394882758,1.7944217884783302,0.025857846790261825,4.246084484853852,1.0761619275671763,0.25102170991689426,6236_8048,1.0,1.0,0.0,123,2,7,1,123,1,123,0,1,122,7,429,FL-429 N,N,Freeway,0.878892742994,0.0,6236,8048,N,2,65863,4,429,25600,65863,70,79,70.0,0.0131808307116
491,3,8289.241452991453,74.49935622238381,1.6034642576887408,0.021712060764840314,4.524990315249998,1.1358187664327026,0.2504271975724736,8282.455913978494,71.92695272507855,1.6692592734126699,0.02326226293474789,3.1891143647680984,0.7371621979522838,0.2320203239398647,6236_8048,3.0,3.0,0.0,123,2,7,1,123,1,123,0,1,122,7,429,FL-429 N,N,Freeway,0.878892742994,0.0,6236,8048,N,2,65863,4,429,25600,65863,70,79,70.0,0.0131808307116
492,0,3861.062231759657,72.54654549308023,2.8078700353172583,0.0387402955539179,0.8466653585305414,0.699525553950927,0.8306234607821753,2471.4622030237583,67.6194252941146,5.194521634391072,0.07706877098514388,0.7972928132052093,0.6053867978688734,0.7853998484479301,6764_6763,0.0,0.0,0.0,124,2,8,1,124,1,124,0,1,123,8,429,FL-429 N,N,Freeway,0.644287386684,0.0,6764,6763,N,2,65863,4,429,25600,65863,70,85,70.0,0.00980415184765
493,1,4275.348387096774,73.70341258051486,1.3526715161997716,0.018399955625083654,3.909387561509981,1.1879285171713037,0.3085129096419127,3060.7417218543046,50.18292687465083,2.473734001150311,0.03645925927283152,2.603718810969275,0.7838245079097891,0.3116558227114832,6764_6763,0.0,0.0,0.0,124,2,8,1,124,1,124,0,1,123,8,429,FL-429 N,N,Freeway,0.644287386684,0.0,6764,6763,N,2,65863,4,429,25600,65863,70,85,70.0,0.00980415184765
494,2,6203.060085836911,71.66365271168205,2.2891632157869006,0.03536137385542815,6.121919504988632,1.593247174140993,0.2539818996546071,4985.973684210527,66.38426909396517,2.4718056198470744,0.039904025955808435,3.7568067713286704,0.9967523912609884,0.2639764926573385,6764_6763,0.0,0.0,0.0,124,2,8,1,124,1,124,0,1,123,8,429,FL-429 N,N,Freeway,0.644287386684,0.0,6764,6763,N,2,65863,4,429,25600,65863,70,85,70.0,0.00980415184765
495,3,10169.143776824034,72.15119411208308,1.7080506379847045,0.02411064594033261,4.480826522482797,1.0680175263829563,0.2344976385259885,8276.507592190892,66.55921274951545,2.415630225215502,0.03680303145478648,3.002862546569883,0.7505527429219567,0.2479617222541564,6764_6763,3.0,2.0,1.0,124,2,8,1,124,1,124,0,1,123,8,429,FL-429 N,N,Freeway,0.644287386684,0.0,6764,6763,N,2,65863,4,429,25600,65863,70,85,70.0,0.00980415184765
496,0,2471.4622030237583,67.6194252941146,5.194521634391072,0.07706877098514388,0.7972928132052093,0.6053867978688734,0.7853998484479301,3640.433760683761,71.50732863013467,3.073234908067581,0.04302652324443311,1.0105590848215902,0.7876449471515908,0.7813233447598612,6763_6186,2.0,1.0,1.0,125,2,9,1,125,1,125,0,1,124,9,429,FL-429 N,N,Freeway,0.454262428776,0.0,6763,6186,N,2,65863,4,429,25600,65863,70,84,70.0,0.006913219719829999
497,1,3060.7417218543046,50.18292687465083,2.473734001150311,0.03645925927283152,2.603718810969275,0.7838245079097891,0.3116558227114832,4122.443010752688,71.95934958288385,1.9120441988260144,0.02762903419812889,4.1848953458821025,1.26497791680097,0.3008717764543831,6763_6186,3.0,2.0,1.0,125,2,9,1,125,1,125,0,1,124,9,429,FL-429 N,N,Freeway,0.454262428776,0.0,6763,6186,N,2,65863,4,429,25600,65863,70,84,70.0,0.006913219719829999
498,2,4985.973684210527,66.38426909396517,2.4718056198470744,0.039904025955808435,3.7568067713286704,0.9967523912609884,0.2639764926573385,5914.762820512819,70.0466187329026,2.520076083631748,0.04126186136776153,6.339701446491562,1.6216546995455958,0.2428820949805837,6763_6186,2.0,1.0,1.0,125,2,9,1,125,1,125,0,1,124,9,429,FL-429 N,N,Freeway,0.454262428776,0.0,6763,6186,N,2,65863,4,429,25600,65863,70,84,70.0,0.006913219719829999
499,3,8276.507592190892,66.55921274951545,2.415630225215502,0.03680303145478648,3.002862546569883,0.7505527429219567,0.2479617222541564,9563.502136752137,69.91238392577866,2.222145039739545,0.03428016836545586,4.717733712507394,1.1403355830048152,0.23158928138624166,6763_6186,0.0,0.0,0.0,125,2,9,1,125,1,125,0,1,124,9,429,FL-429 N,N,Freeway,0.454262428776,0.0,6763,6186,N,2,65863,4,429,25600,65863,70,84,70.0,0.006913219719829999
500,0,4175.960439560439,72.76432220131095,2.9333913917853702,0.040403233273527066,0.8375998804547747,0.6544677975463361,0.7814550301692209,5445.395698924731,69.26183621522965,2.5776372571612614,0.037680274555751264,1.1240148200174669,0.918757965730448,0.8096940621756841,8494_8462,2.0,2.0,0.0,126,2,10,1,126,1,126,0,1,125,10,429,FL-429 N,N,Freeway,0.959382957922,0.0,8494,8462,E,2,65863,4,429,25600,65863,70,105,70.0,0.015359581169900001
501,1,4431.066371681416,72.53328200090287,1.654873783076637,0.02618721681137548,3.5834936124831653,0.9698475589508356,0.2687972283942915,7385.323913043479,66.78605568722226,4.818652759657409,0.08326523566796577,7.212470408491466,3.144088313210507,0.3809842315824679,8494_8462,8.0,8.0,0.0,126,2,10,1,126,1,126,0,1,125,10,429,FL-429 N,N,Freeway,0.959382957922,0.0,8494,8462,E,2,65863,4,429,25600,65863,70,105,70.0,0.015359581169900001
502,2,6447.839207048458,71.35928210828394,2.0610269673180395,0.030582115758650344,4.989821442758962,1.1623359183798474,0.2201920153877556,7749.547619047618,66.37109338806255,4.917063639092693,0.05462588784571357,7.417347201157523,2.3938276020132347,0.27515441045883243,8494_8462,5.0,5.0,0.0,126,2,10,1,126,1,126,0,1,125,10,429,FL-429 N,N,Freeway,0.959382957922,0.0,8494,8462,E,2,65863,4,429,25600,65863,70,105,70.0,0.015359581169900001
503,3,9919.69010989011,71.73416817382608,1.560663140642832,0.02202311285889089,3.4947838430822005,0.8334975969512892,0.23417801519654566,14520.004301075269,68.3049786983312,2.1287043133417263,0.032187239510131284,5.7851484688417285,1.3666391808203249,0.22194731246114804,8494_8462,9.0,7.0,2.0,126,2,10,1,126,1,126,0,1,125,10,429,FL-429 N,N,Freeway,0.959382957922,0.0,8494,8462,E,2,65863,4,429,25600,65863,70,105,70.0,0.015359581169900001
504,0,3725.395143487858,75.02471885151573,2.82406383781496,0.03766614902985408,1.2953259216073605,0.9523449013292326,0.737350948868808,4175.960439560439,72.76432220131095,2.9333913917853702,0.040403233273527066,0.8375998804547747,0.6544677975463361,0.7814550301692209,6858_8494,1.0,1.0,0.0,127,2,11,1,127,1,127,0,1,126,11,429,FL-429 N,N,Freeway,0.41544927454400005,0.0,6858,8494,N,2,65863,4,429,25600,65863,70,61,70.0,0.0068038707838
505,1,4237.495555555555,76.75307440651981,1.3460018531479852,0.018314572336593067,4.9204691996267265,1.4521065051969508,0.2921830898879535,4431.066371681416,72.53328200090287,1.654873783076637,0.02618721681137548,3.5834936124831653,0.9698475589508356,0.2687972283942915,6858_8494,0.0,0.0,0.0,127,2,11,1,127,1,127,0,1,126,11,429,FL-429 N,N,Freeway,0.41544927454400005,0.0,6858,8494,N,2,65863,4,429,25600,65863,70,61,70.0,0.0068038707838
506,2,6276.7086092715235,74.83082098495034,2.3387462116394206,0.03716274605995667,7.802678156192795,1.9924007447830343,0.23727002555873575,6447.839207048458,71.35928210828394,2.0610269673180395,0.030582115758650344,4.989821442758962,1.1623359183798474,0.2201920153877556,6858_8494,2.0,0.0,2.0,127,2,11,1,127,1,127,0,1,126,11,429,FL-429 N,N,Freeway,0.41544927454400005,0.0,6858,8494,N,2,65863,4,429,25600,65863,70,61,70.0,0.0068038707838
507,3,10144.958057395144,75.2092542266767,1.5655505261589693,0.023486411125019143,5.727174340850057,1.2260586437714602,0.20888720762705204,9919.69010989011,71.73416817382608,1.560663140642832,0.02202311285889089,3.4947838430822005,0.8334975969512892,0.23417801519654566,6858_8494,0.0,0.0,0.0,127,2,11,1,127,1,127,0,1,126,11,429,FL-429 N,N,Freeway,0.41544927454400005,0.0,6858,8494,N,2,65863,4,429,25600,65863,70,61,70.0,0.0068038707838
508,0,3640.433760683761,71.50732863013467,3.073234908067581,0.04302652324443311,1.0105590848215902,0.7876449471515908,0.7813233447598612,3725.395143487858,75.02471885151573,2.82406383781496,0.03766614902985408,1.2953259216073605,0.9523449013292326,0.737350948868808,6186_6858,1.0,0.0,1.0,128,2,12,1,128,1,128,0,1,127,12,429,FL-429 N,N,Freeway,1.2393606740099998,0.0,6186,6858,N,2,65863,4,429,25600,65863,70,68,70.0,0.0192109896313
509,1,4122.443010752688,71.95934958288385,1.9120441988260144,0.02762903419812889,4.1848953458821025,1.26497791680097,0.3008717764543831,4237.495555555555,76.75307440651981,1.3460018531479852,0.018314572336593067,4.9204691996267265,1.4521065051969508,0.2921830898879535,6186_6858,2.0,1.0,1.0,128,2,12,1,128,1,128,0,1,127,12,429,FL-429 N,N,Freeway,1.2393606740099998,0.0,6186,6858,N,2,65863,4,429,25600,65863,70,68,70.0,0.0192109896313
510,2,5914.762820512819,70.0466187329026,2.520076083631748,0.04126186136776153,6.339701446491562,1.6216546995455958,0.2428820949805837,6276.7086092715235,74.83082098495034,2.3387462116394206,0.03716274605995667,7.802678156192795,1.9924007447830343,0.23727002555873575,6186_6858,7.0,7.0,0.0,128,2,12,1,128,1,128,0,1,127,12,429,FL-429 N,N,Freeway,1.2393606740099998,0.0,6186,6858,N,2,65863,4,429,25600,65863,70,68,70.0,0.0192109896313
511,3,9563.502136752137,69.91238392577866,2.222145039739545,0.03428016836545586,4.717733712507394,1.1403355830048152,0.23158928138624166,10144.958057395144,75.2092542266767,1.5655505261589693,0.023486411125019143,5.727174340850057,1.2260586437714602,0.20888720762705204,6186_6858,3.0,3.0,0.0,128,2,12,1,128,1,128,0,1,127,12,429,FL-429 N,N,Freeway,1.2393606740099998,0.0,6186,6858,N,2,65863,4,429,25600,65863,70,68,70.0,0.0192109896313
512,0,5445.395698924731,69.26183621522965,2.5776372571612614,0.037680274555751264,1.1240148200174669,0.918757965730448,0.8096940621756841,5682.074786324786,68.34871193775714,2.3696641270165544,0.03481876593901323,1.691064903919478,1.3368168796226747,0.7867384292730379,8462_6231,4.0,4.0,0.0,129,2,13,1,129,1,129,0,1,128,13,429,FL-429 N,N,Freeway,0.556776556083,0.0,8462,6231,E,2,65863,4,429,51670,65863,70,77,70.0,0.00880474694335
513,1,7385.323913043479,66.78605568722226,4.818652759657409,0.08326523566796577,7.212470408491466,3.144088313210507,0.3809842315824679,7615.880952380952,63.93377697084565,7.331809023031868,0.12961042726997646,10.891247163645623,5.130297689196699,0.4278357816809736,8462_6231,6.0,3.0,3.0,129,2,13,1,129,1,129,0,1,128,13,429,FL-429 N,N,Freeway,0.556776556083,0.0,8462,6231,E,2,65863,4,429,51670,65863,70,77,70.0,0.00880474694335
514,2,7749.547619047618,66.37109338806255,4.917063639092693,0.05462588784571357,7.417347201157523,2.3938276020132347,0.27515441045883243,7935.389721627408,64.58130132184397,4.514869404511893,0.07793111860903694,10.768823255452523,3.2256600165597127,0.2735812690770601,8462_6231,5.0,4.0,1.0,129,2,13,1,129,1,129,0,1,128,13,429,FL-429 N,N,Freeway,0.556776556083,0.0,8462,6231,E,2,65863,4,429,51670,65863,70,77,70.0,0.00880474694335
515,3,14520.004301075269,68.3049786983312,2.1287043133417263,0.032187239510131284,5.7851484688417285,1.3666391808203249,0.22194731246114804,14861.856837606838,66.95365933413186,2.4044885187550817,0.036973305479586514,8.385833501516865,2.016315842873948,0.22886780426185924,8462_6231,4.0,3.0,1.0,129,2,13,1,129,1,129,0,1,128,13,429,FL-429 N,N,Freeway,0.556776556083,0.0,8462,6231,E,2,65863,4,429,51670,65863,70,77,70.0,0.00880474694335
516,0,2765.1409978308025,69.10177310315423,3.7076657413113216,0.05370436669896534,0.4978792007505517,0.4122392999925207,0.8478740289000953,2984.089552238806,68.19893069125969,4.383634219386763,0.06432274151779233,0.5856363385024466,0.5047267270209921,0.8574865378407185,8522_8498,0.0,0.0,0.0,130,2,14,1,130,1,130,0,1,129,14,429,FL-429 N,N,Freeway,0.432996428543,0.0,8522,8498,W,3,65863,4,50,47500,65863,70,47,70.0,0.006314991494109999
517,1,3036.5087336244537,70.71585769107197,1.5986804174674791,0.022702741423031025,2.0066550557110343,0.6684528500672388,0.33922743318330945,3192.4304068522483,68.59545344187403,1.5745002042730372,0.02304511838412319,2.445549874807329,0.7744709984605394,0.3229744089348199,8522_8498,0.0,0.0,0.0,130,2,14,1,130,1,130,0,1,129,14,429,FL-429 N,N,Freeway,0.432996428543,0.0,8522,8498,W,3,65863,4,50,47500,65863,70,47,70.0,0.006314991494109999
518,2,4308.391304347826,69.06029913229588,2.443585700405004,0.03854434334000476,3.2258679325034025,1.0956258957443816,0.28320238755967936,4654.74358974359,64.48577438830338,4.9395357157406465,0.09326482474408464,4.9526672266782885,2.6849109572379986,0.38083853159266395,8522_8498,5.0,3.0,2.0,130,2,14,1,130,1,130,0,1,129,14,429,FL-429 N,N,Freeway,0.432996428543,0.0,8522,8498,W,3,65863,4,50,47500,65863,70,47,70.0,0.006314991494109999
519,3,6740.101952277658,69.56900151196157,1.6605453486926918,0.024051987292261663,2.1668186167859456,0.6597310166609976,0.29552907567060444,7086.277185501066,67.66591109347857,1.6374573780735715,0.02430603427282473,2.554379985067569,0.7391957901362702,0.28298484323093553,8522_8498,2.0,1.0,1.0,130,2,14,1,130,1,130,0,1,129,14,429,FL-429 N,N,Freeway,0.432996428543,0.0,8522,8498,W,3,65863,4,50,47500,65863,70,47,70.0,0.006314991494109999
520,0,7376.615384615385,74.43900774365318,2.31961716694584,0.031228503941466507,1.0571348521496042,0.8936744796671334,0.8374641954719054,7393.497854077254,68.54008149816775,2.3205906176789317,0.03393208820617186,0.9785732555362202,0.7248716065802414,0.7387315984953119,8500_8421,6.0,4.0,2.0,131,2,15,1,131,1,131,0,1,130,15,429,FL-429 N,N,Freeway,0.348546973,0.0,8500,8421,N,2,65863,4,429,70235,65863,70,51,70.0,0.00511615488768
521,1,6767.511363636364,75.50034206898773,1.2196174550452372,0.01648910289587257,3.9922775295441655,1.0116284290671056,0.2537280755347897,6760.671706263499,69.01781430618236,1.3727971536585497,0.020364374721889088,3.4091908598746037,0.8456225595434183,0.24283979998699526,8500_8421,0.0,0.0,0.0,131,2,15,1,131,1,131,0,1,130,15,429,FL-429 N,N,Freeway,0.348546973,0.0,8500,8421,N,2,65863,4,429,70235,65863,70,51,70.0,0.00511615488768
522,2,10539.070135746606,64.53099880148302,11.022147401898446,0.21032115934160053,9.803304185848358,4.899196889522352,0.4175303200679304,10582.509719222462,58.42137858421258,10.02985380927108,0.1957119996034908,9.396087044072852,5.078941820682691,0.4786213437498879,8500_8421,10.0,6.0,4.0,131,2,15,1,131,1,131,0,1,130,15,429,FL-429 N,N,Freeway,0.348546973,0.0,8500,8421,N,2,65863,4,429,70235,65863,70,51,70.0,0.00511615488768
523,3,15011.463800904978,74.46943169452292,1.6763133324900936,0.023002630955080167,4.119087129205759,1.2117909320457363,0.2819509776690977,14947.87339055794,68.15275514178275,1.8915437260240564,0.02842465620033852,3.4194262710700416,1.0778958595549817,0.29019916333897405,8500_8421,8.0,7.0,1.0,131,2,15,1,131,1,131,0,1,130,15,429,FL-429 N,N,Freeway,0.348546973,0.0,8500,8421,N,2,65863,4,429,70235,65863,70,51,70.0,0.00511615488768
524,0,2984.089552238806,68.19893069125969,4.383634219386763,0.06432274151779233,0.5856363385024466,0.5047267270209921,0.8574865378407185,7376.615384615385,74.43900774365318,2.31961716694584,0.031228503941466507,1.0571348521496042,0.8936744796671334,0.8374641954719054,8498_8500,0.0,0.0,0.0,132,2,16,1,132,1,132,0,1,131,16,429,FL-429 N,N,Freeway,0.448090903793,0.0,8498,8500,N,2,65863,4,429,70235,65863,70,46,70.0,0.00652162488391
525,1,3192.4304068522483,68.59545344187403,1.5745002042730372,0.02304511838412319,2.445549874807329,0.7744709984605394,0.3229744089348199,6767.511363636364,75.50034206898773,1.2196174550452372,0.01648910289587257,3.9922775295441655,1.0116284290671056,0.2537280755347897,8498_8500,4.0,4.0,0.0,132,2,16,1,132,1,132,0,1,131,16,429,FL-429 N,N,Freeway,0.448090903793,0.0,8498,8500,N,2,65863,4,429,70235,65863,70,46,70.0,0.00652162488391
526,2,4654.74358974359,64.48577438830338,4.9395357157406465,0.09326482474408464,4.9526672266782885,2.6849109572379986,0.38083853159266395,10539.070135746606,64.53099880148302,11.022147401898446,0.21032115934160053,9.803304185848358,4.899196889522352,0.4175303200679304,8498_8500,8.0,7.0,1.0,132,2,16,1,132,1,132,0,1,131,16,429,FL-429 N,N,Freeway,0.448090903793,0.0,8498,8500,N,2,65863,4,429,70235,65863,70,46,70.0,0.00652162488391
527,3,7086.277185501066,67.66591109347857,1.6374573780735715,0.02430603427282473,2.554379985067569,0.7391957901362702,0.28298484323093553,15011.463800904978,74.46943169452292,1.6763133324900936,0.023002630955080167,4.119087129205759,1.2117909320457363,0.2819509776690977,8498_8500,3.0,2.0,1.0,132,2,16,1,132,1,132,0,1,131,16,429,FL-429 N,N,Freeway,0.448090903793,0.0,8498,8500,N,2,65863,4,429,70235,65863,70,46,70.0,0.00652162488391
528,0,5724.008528784649,67.05653228931686,2.7490040510724976,0.041060367678689334,1.1274031521738992,0.9262346490406564,0.8203854903080658,5621.960352422908,66.23366475466311,2.608338417133555,0.0394128156334417,0.9405752712598984,0.7100331788134567,0.7621690537185983,8470_6274,0.0,0.0,0.0,133,2,17,1,133,1,133,0,1,132,17,429,FL-429 N,N,Freeway,0.24309034874899998,0.0,8470,6274,N,2,65863,4,429,64000,65863,70,66,70.0,0.00353328083952
529,1,7664.059829059829,60.612569724116106,7.086143445111773,0.1209977718541861,7.9801670900453425,3.6056970534352737,0.43982308290092376,7654.374439461883,64.61473845803172,3.24646267891076,0.0509586753412209,5.682783620180082,2.0143312417762416,0.34945928883068705,8470_6274,2.0,1.0,1.0,133,2,17,1,133,1,133,0,1,132,17,429,FL-429 N,N,Freeway,0.24309034874899998,0.0,8470,6274,N,2,65863,4,429,64000,65863,70,66,70.0,0.00353328083952
530,2,8094.087420042644,63.4139173042685,2.8868127238680565,0.04737899780493639,7.105365281719268,1.6744104189965918,0.23052243259969554,8092.104444444444,65.69794219271711,1.9228692070612188,0.030348700896685614,5.287900750830354,1.0906789795479959,0.200778757326255,8470_6274,1.0,0.0,1.0,133,2,17,1,133,1,133,0,1,132,17,429,FL-429 N,N,Freeway,0.24309034874899998,0.0,8470,6274,N,2,65863,4,429,64000,65863,70,66,70.0,0.00353328083952
531,3,15181.059701492537,63.94072916704337,2.60574780756776,0.0413572818086435,5.959379852239312,1.408173945001269,0.23207605743380635,14901.713656387663,65.68197878804415,1.6463755381592913,0.025308829761618284,4.527569093368753,0.8626539537875488,0.18873532437210744,8470_6274,1.0,0.0,1.0,133,2,17,1,133,1,133,0,1,132,17,429,FL-429 N,N,Freeway,0.24309034874899998,0.0,8470,6274,N,2,65863,4,429,64000,65863,70,66,70.0,0.00353328083952
532,0,,,,,,,,2765.1409978308025,69.10177310315423,3.7076657413113216,0.05370436669896534,0.4978792007505517,0.4122392999925207,0.8478740289000953,6738_8522,0.0,0.0,0.0,134,2,18,1,134,1,134,0,1,133,18,429,FL-429 N,N,Freeway,0.17438828267200002,0.0,6738,8522,E,2,65863,8,91,91446,65863,70,48,70.0,0.0025426383283299997
533,1,,,,,,,,3036.5087336244537,70.71585769107197,1.5986804174674791,0.022702741423031025,2.0066550557110343,0.6684528500672388,0.33922743318330945,6738_8522,0.0,0.0,0.0,134,2,18,1,134,1,134,0,1,133,18,429,FL-429 N,N,Freeway,0.17438828267200002,0.0,6738,8522,E,2,65863,8,91,91446,65863,70,48,70.0,0.0025426383283299997
534,2,,,,,,,,4308.391304347826,69.06029913229588,2.443585700405004,0.03854434334000476,3.2258679325034025,1.0956258957443816,0.28320238755967936,6738_8522,0.0,0.0,0.0,134,2,18,1,134,1,134,0,1,133,18,429,FL-429 N,N,Freeway,0.17438828267200002,0.0,6738,8522,E,2,65863,8,91,91446,65863,70,48,70.0,0.0025426383283299997
535,3,,,,,,,,6740.101952277658,69.56900151196157,1.6605453486926918,0.024051987292261663,2.1668186167859456,0.6597310166609976,0.29552907567060444,6738_8522,0.0,0.0,0.0,134,2,18,1,134,1,134,0,1,133,18,429,FL-429 N,N,Freeway,0.17438828267200002,0.0,6738,8522,E,2,65863,8,91,91446,65863,70,48,70.0,0.0025426383283299997
536,0,5621.960352422908,66.23366475466311,2.608338417133555,0.0394128156334417,0.9405752712598984,0.7100331788134567,0.7621690537185983,,,,,,,,6274_6738,3.0,2.0,1.0,135,2,19,1,135,1,135,0,1,134,19,429,FL-429 N,N,Freeway,0.28416491352,0.0,6274,6738,N,2,65863,4,429,64000,65863,70,48,70.0,0.0041386803600199995
537,1,7654.374439461883,64.61473845803172,3.24646267891076,0.0509586753412209,5.682783620180082,2.0143312417762416,0.34945928883068705,,,,,,,,6274_6738,1.0,1.0,0.0,135,2,19,1,135,1,135,0,1,134,19,429,FL-429 N,N,Freeway,0.28416491352,0.0,6274,6738,N,2,65863,4,429,64000,65863,70,48,70.0,0.0041386803600199995
538,2,8092.104444444444,65.69794219271711,1.9228692070612188,0.030348700896685614,5.287900750830354,1.0906789795479959,0.200778757326255,,,,,,,,6274_6738,1.0,1.0,0.0,135,2,19,1,135,1,135,0,1,134,19,429,FL-429 N,N,Freeway,0.28416491352,0.0,6274,6738,N,2,65863,4,429,64000,65863,70,48,70.0,0.0041386803600199995
539,3,14901.713656387663,65.68197878804415,1.6463755381592913,0.025308829761618284,4.527569093368753,0.8626539537875488,0.18873532437210744,,,,,,,,6274_6738,1.0,1.0,0.0,135,2,19,1,135,1,135,0,1,134,19,429,FL-429 N,N,Freeway,0.28416491352,0.0,6274,6738,N,2,65863,4,429,64000,65863,70,48,70.0,0.0041386803600199995
540,0,5682.074786324786,68.34871193775714,2.3696641270165544,0.03481876593901323,1.691064903919478,1.3368168796226747,0.7867384292730379,5724.008528784649,67.05653228931686,2.7490040510724976,0.041060367678689334,1.1274031521738992,0.9262346490406564,0.8203854903080658,6231_8470,4.0,2.0,2.0,136,2,20,1,136,1,136,0,1,135,20,429,FL-429 N,N,Freeway,1.31606056239,0.0,6231,8470,E,2,65863,4,429,51670,65863,70,51,70.0,0.0206661107437
541,1,7615.880952380952,63.93377697084565,7.331809023031868,0.12961042726997646,10.891247163645623,5.130297689196699,0.4278357816809736,7664.059829059829,60.612569724116106,7.086143445111773,0.1209977718541861,7.9801670900453425,3.6056970534352737,0.43982308290092376,6231_8470,7.0,4.0,3.0,136,2,20,1,136,1,136,0,1,135,20,429,FL-429 N,N,Freeway,1.31606056239,0.0,6231,8470,E,2,65863,4,429,51670,65863,70,51,70.0,0.0206661107437
542,2,7935.389721627408,64.58130132184397,4.514869404511893,0.07793111860903694,10.768823255452523,3.2256600165597127,0.2735812690770601,8094.087420042644,63.4139173042685,2.8868127238680565,0.04737899780493639,7.105365281719268,1.6744104189965918,0.23052243259969554,6231_8470,6.0,2.0,4.0,136,2,20,1,136,1,136,0,1,135,20,429,FL-429 N,N,Freeway,1.31606056239,0.0,6231,8470,E,2,65863,4,429,51670,65863,70,51,70.0,0.0206661107437
543,3,14861.856837606838,66.95365933413186,2.4044885187550817,0.036973305479586514,8.385833501516865,2.016315842873948,0.22886780426185924,15181.059701492537,63.94072916704337,2.60574780756776,0.0413572818086435,5.959379852239312,1.408173945001269,0.23207605743380635,6231_8470,3.0,2.0,1.0,136,2,20,1,136,1,136,0,1,135,20,429,FL-429 N,N,Freeway,1.31606056239,0.0,6231,8470,E,2,65863,4,429,51670,65863,70,51,70.0,0.0206661107437
544,0,6733.717948717948,71.95654003623436,2.82475226231815,0.03930929199302674,1.368588769296781,1.0432040817192374,0.7596729866776091,6765.066098081024,76.56724151938388,2.62003892768696,0.03428136873362958,1.9060977116897748,1.6242495519272235,0.8472608134910654,8425_6089,0.0,0.0,0.0,137,2,21,1,137,1,137,0,1,136,21,429,FL-429 N,N,Freeway,0.280633475566,0.0,8425,6089,N,2,65863,4,429,64500,65863,70,50,70.0,0.004077348790340001
545,1,6428.721030042919,69.90988800894354,1.8193240911826336,0.026826670806878783,4.86982272627163,1.2719554616012507,0.2573059027821106,6380.559829059829,75.55530455434794,1.7220225305589831,0.02399238017475013,7.6876931865338705,2.0706279066401647,0.26540666618305125,8425_6089,0.0,0.0,0.0,137,2,21,1,137,1,137,0,1,136,21,429,FL-429 N,N,Freeway,0.280633475566,0.0,8425,6089,N,2,65863,4,429,64500,65863,70,50,70.0,0.004077348790340001
546,2,9804.139186295502,59.903643843483714,9.804915089452528,0.1795356955849791,10.173265845299962,3.945568148929085,0.3646755290790451,9788.456289978678,65.11717310064637,9.392662419920859,0.15792596704894102,14.63448643327374,4.557288461555448,0.2970109334176663,8425_6089,0.0,0.0,0.0,137,2,21,1,137,1,137,0,1,136,21,429,FL-429 N,N,Freeway,0.280633475566,0.0,8425,6089,N,2,65863,4,429,64500,65863,70,50,70.0,0.004077348790340001
547,3,13794.177350427351,69.53415805247188,2.563798521733831,0.037899634122468176,4.871611505693965,1.5122605714321264,0.2942480775447424,13772.296375266524,74.93673011952127,2.5364428319383565,0.035078302691687754,7.570658110508234,2.279517539304195,0.2902118159312796,8425_6089,0.0,0.0,0.0,137,2,21,1,137,1,137,0,1,136,21,429,FL-429 N,N,Freeway,0.280633475566,0.0,8425,6089,N,2,65863,4,429,64500,65863,70,50,70.0,0.004077348790340001
548,0,7393.497854077254,68.54008149816775,2.3205906176789317,0.03393208820617186,0.9785732555362202,0.7248716065802414,0.7387315984953119,6733.717948717948,71.95654003623436,2.82475226231815,0.03930929199302674,1.368588769296781,1.0432040817192374,0.7596729866776091,8421_8425,9.0,7.0,2.0,138,2,22,1,138,1,138,0,1,137,22,429,FL-429 N,N,Freeway,0.883147628518,0.0,8421,8425,N,2,65863,4,429,69256,65863,70,42,70.0,0.012874391754600001
549,1,6760.671706263499,69.01781430618236,1.3727971536585497,0.020364374721889088,3.4091908598746037,0.8456225595434183,0.24283979998699526,6428.721030042919,69.90988800894354,1.8193240911826336,0.026826670806878783,4.86982272627163,1.2719554616012507,0.2573059027821106,8421_8425,2.0,1.0,1.0,138,2,22,1,138,1,138,0,1,137,22,429,FL-429 N,N,Freeway,0.883147628518,0.0,8421,8425,N,2,65863,4,429,69256,65863,70,42,70.0,0.012874391754600001
550,2,10582.509719222462,58.42137858421258,10.02985380927108,0.1957119996034908,9.396087044072852,5.078941820682691,0.4786213437498879,9804.139186295502,59.903643843483714,9.804915089452528,0.1795356955849791,10.173265845299962,3.945568148929085,0.3646755290790451,8421_8425,11.0,10.0,1.0,138,2,22,1,138,1,138,0,1,137,22,429,FL-429 N,N,Freeway,0.883147628518,0.0,8421,8425,N,2,65863,4,429,69256,65863,70,42,70.0,0.012874391754600001
551,3,14947.87339055794,68.15275514178275,1.8915437260240564,0.02842465620033852,3.4194262710700416,1.0778958595549817,0.29019916333897405,13794.177350427351,69.53415805247188,2.563798521733831,0.037899634122468176,4.871611505693965,1.5122605714321264,0.2942480775447424,8421_8425,9.0,6.0,3.0,138,2,22,1,138,1,138,0,1,137,22,429,FL-429 N,N,Freeway,0.883147628518,0.0,8421,8425,N,2,65863,4,429,69256,65863,70,42,70.0,0.012874391754600001
552,0,6748.458244111349,70.08351268486611,2.4379567571020235,0.034823637945963465,1.2670094757661363,1.0666342438874363,0.8438261894873701,5543.362473347547,71.78118554383582,3.004919094562485,0.04202188416063797,1.304335602963994,1.012604505676793,0.7803160001936948,8389_8460,0.0,0.0,0.0,139,2,23,1,139,1,139,0,1,138,23,429,FL-429 N,N,Freeway,0.6971669140819999,0.0,8389,8460,N,2,65863,4,429,81000,65863,70,53,70.0,0.0111911207397
553,1,6354.330472103005,68.29729790446282,1.9450215021125912,0.029262323082867338,5.1498449628024145,1.440288002960889,0.2781536092139576,5616.483940042826,69.00470136954544,1.7642240191349052,0.025731340118716257,4.742014246430799,1.249678121598985,0.26443601896207325,8389_8460,0.0,0.0,0.0,139,2,23,1,139,1,139,0,1,138,23,429,FL-429 N,N,Freeway,0.6971669140819999,0.0,8389,8460,N,2,65863,4,429,81000,65863,70,53,70.0,0.0111911207397
554,2,9863.658064516128,64.55106938102611,3.913227811427353,0.06220895147825078,8.247660895125058,1.8173805515062955,0.21786078448797325,8574.331196581197,67.21386838736626,2.358688696080022,0.0357051757239937,7.228602682327449,1.4735397690336995,0.2027147373588024,8389_8460,1.0,1.0,0.0,139,2,23,1,139,1,139,0,1,138,23,429,FL-429 N,N,Freeway,0.6971669140819999,0.0,8389,8460,N,2,65863,4,429,81000,65863,70,53,70.0,0.0111911207397
555,3,13705.910256410256,68.30815485446068,1.905440262424232,0.028132384644753816,4.94763608731122,1.3808151474522363,0.27620433204334377,11984.84401709402,69.03985879715603,2.0202037695265824,0.029434131769132475,4.7852865987305435,1.2054113446218977,0.2490244770969298,8389_8460,2.0,2.0,0.0,139,2,23,1,139,1,139,0,1,138,23,429,FL-429 N,N,Freeway,0.6971669140819999,0.0,8389,8460,N,2,65863,4,429,81000,65863,70,53,70.0,0.0111911207397
556,0,6577.277185501066,74.75176693561978,2.459863940573925,0.032937320599107534,1.960178437855441,1.6527356242905706,0.8406212935294659,6748.458244111349,70.08351268486611,2.4379567571020235,0.034823637945963465,1.2670094757661363,1.0666342438874363,0.8438261894873701,6220_8389,2.0,1.0,1.0,140,2,24,1,140,1,140,0,1,139,24,429,FL-429 N,N,Freeway,0.291038455977,0.0,6220,8389,E,2,65863,4,429,71570,65863,70,55,70.0,0.00470463035947
557,1,5986.33547008547,73.84724221165595,1.9959655505746499,0.029197434404763307,7.940988964215003,2.5391207965682616,0.3124571473531398,6354.330472103005,68.29729790446282,1.9450215021125912,0.029262323082867338,5.1498449628024145,1.440288002960889,0.2781536092139576,6220_8389,5.0,3.0,2.0,140,2,24,1,140,1,140,0,1,139,24,429,FL-429 N,N,Freeway,0.291038455977,0.0,6220,8389,E,2,65863,4,429,71570,65863,70,55,70.0,0.00470463035947
558,2,9362.326226012794,68.91346750708422,5.73070670552232,0.08803004167508366,12.523748639173727,3.785519644050944,0.2945189787755296,9863.658064516128,64.55106938102611,3.913227811427353,0.06220895147825078,8.247660895125058,1.8173805515062955,0.21786078448797325,6220_8389,7.0,6.0,1.0,140,2,24,1,140,1,140,0,1,139,24,429,FL-429 N,N,Freeway,0.291038455977,0.0,6220,8389,E,2,65863,4,429,71570,65863,70,55,70.0,0.00470463035947
559,3,13219.270788912581,74.04156454201252,2.1451784010139936,0.029267131433680756,7.484020583169916,2.4668632121072056,0.32701979926165065,13705.910256410256,68.30815485446068,1.905440262424232,0.028132384644753816,4.94763608731122,1.3808151474522363,0.27620433204334377,6220_8389,2.0,2.0,0.0,140,2,24,1,140,1,140,0,1,139,24,429,FL-429 N,N,Freeway,0.291038455977,0.0,6220,8389,E,2,65863,4,429,71570,65863,70,55,70.0,0.00470463035947
560,0,6765.066098081024,76.56724151938388,2.62003892768696,0.03428136873362958,1.9060977116897748,1.6242495519272235,0.8472608134910654,6577.277185501066,74.75176693561978,2.459863940573925,0.032937320599107534,1.960178437855441,1.6527356242905706,0.8406212935294659,6089_6220,1.0,0.0,1.0,141,2,25,1,141,1,141,0,1,140,25,429,FL-429 N,N,Freeway,1.21795466539,0.0,6089,6220,N,2,65863,4,429,64500,65863,70,118,70.0,0.0180384803813
561,1,6380.559829059829,75.55530455434794,1.7220225305589831,0.02399238017475013,7.6876931865338705,2.0706279066401647,0.26540666618305125,5986.33547008547,73.84724221165595,1.9959655505746499,0.029197434404763307,7.940988964215003,2.5391207965682616,0.3124571473531398,6089_6220,3.0,1.0,2.0,141,2,25,1,141,1,141,0,1,140,25,429,FL-429 N,N,Freeway,1.21795466539,0.0,6089,6220,N,2,65863,4,429,64500,65863,70,118,70.0,0.0180384803813
562,2,9788.456289978678,65.11717310064637,9.392662419920859,0.15792596704894102,14.63448643327374,4.557288461555448,0.2970109334176663,9362.326226012794,68.91346750708422,5.73070670552232,0.08803004167508366,12.523748639173727,3.785519644050944,0.2945189787755296,6089_6220,7.0,6.0,1.0,141,2,25,1,141,1,141,0,1,140,25,429,FL-429 N,N,Freeway,1.21795466539,0.0,6089,6220,N,2,65863,4,429,64500,65863,70,118,70.0,0.0180384803813
563,3,13772.296375266524,74.93673011952127,2.5364428319383565,0.035078302691687754,7.570658110508234,2.279517539304195,0.2902118159312796,13219.270788912581,74.04156454201252,2.1451784010139936,0.029267131433680756,7.484020583169916,2.4668632121072056,0.32701979926165065,6089_6220,7.0,2.0,5.0,141,2,25,1,141,1,141,0,1,140,25,429,FL-429 N,N,Freeway,1.21795466539,0.0,6089,6220,N,2,65863,4,429,64500,65863,70,118,70.0,0.0180384803813
564,0,5119.228144989339,71.34116223980489,2.368515040941733,0.033233357366929984,1.0706430933089441,0.8270208721962434,0.7773464351126125,5116.034115138593,69.71200091701071,2.5651756507200263,0.036838737958654416,0.6432941447477161,0.539659715094692,0.8516168615406589,6652_8320,0.0,0.0,0.0,142,2,26,1,142,1,142,0,1,141,26,429,FL-429 N,N,Freeway,0.41478697259,0.0,6652,8320,N,2,65863,4,429,21000,65863,70,67,70.0,0.0060614931065
565,1,5331.787096774194,72.89505007484492,1.2014548176348356,0.01653394094299351,4.3133180140510685,1.128180733869749,0.264898666594228,5344.266666666666,71.77699141775138,1.3459730127585432,0.01882222451902613,2.7963054416735305,0.7941118816585417,0.2885912513678101,6652_8320,1.0,0.0,1.0,142,2,26,1,142,1,142,0,1,141,26,429,FL-429 N,N,Freeway,0.41478697259,0.0,6652,8320,N,2,65863,4,429,21000,65863,70,67,70.0,0.0060614931065
566,2,8138.778251599148,71.09301250318345,1.6559726042974054,0.02454716335006999,6.4940672377343205,1.2807646111267417,0.19477007346212885,8156.396145610278,70.57294030959001,1.8722177725441664,0.028100852476669942,4.372249773384754,0.8899724085444711,0.2009072871757216,6652_8320,2.0,2.0,0.0,142,2,26,1,142,1,142,0,1,141,26,429,FL-429 N,N,Freeway,0.41478697259,0.0,6652,8320,N,2,65863,4,429,21000,65863,70,67,70.0,0.0060614931065
567,3,11359.737739872067,71.63648225721971,1.3796007518669404,0.019419240474609863,4.203662000343583,1.0704941013259572,0.2503267507296819,11367.202991452994,70.8897884908188,1.3547758827974066,0.019379742010512332,2.714541614581322,0.7190003474053017,0.26445235208940704,6652_8320,1.0,1.0,0.0,142,2,26,1,142,1,142,0,1,141,26,429,FL-429 N,N,Freeway,0.41478697259,0.0,6652,8320,N,2,65863,4,429,21000,65863,70,67,70.0,0.0060614931065
568,0,5543.362473347547,71.78118554383582,3.004919094562485,0.04202188416063797,1.304335602963994,1.012604505676793,0.7803160001936948,6234.30752688172,71.38653982296307,2.9943859582959598,0.0421899269342708,1.1321437777987975,0.8740544908941666,0.7782863271224558,8460_6069,0.0,0.0,0.0,143,2,27,1,143,1,143,0,1,142,27,429,FL-429 N,N,Freeway,0.604044548781,0.0,8460,6069,N,2,65863,4,429,81000,65863,70,44,70.0,0.00884222110143
569,1,5616.483940042826,69.00470136954544,1.7642240191349052,0.025731340118716257,4.742014246430799,1.249678121598985,0.26443601896207325,6316.041125541125,70.96315409121915,1.8777109147219484,0.02692790782487077,4.498971858322711,1.2276353948785914,0.26958458767628324,8460_6069,5.0,5.0,0.0,143,2,27,1,143,1,143,0,1,142,27,429,FL-429 N,N,Freeway,0.604044548781,0.0,8460,6069,N,2,65863,4,429,81000,65863,70,44,70.0,0.00884222110143
570,2,8574.331196581197,67.21386838736626,2.358688696080022,0.0357051757239937,7.228602682327449,1.4735397690336995,0.2027147373588024,9657.507559395248,67.82407452647196,2.3996654082811943,0.036554260508178116,6.148729644687399,1.3346209202553665,0.20999278696899706,8460_6069,2.0,1.0,1.0,143,2,27,1,143,1,143,0,1,142,27,429,FL-429 N,N,Freeway,0.604044548781,0.0,8460,6069,N,2,65863,4,429,81000,65863,70,44,70.0,0.00884222110143
571,3,11984.84401709402,69.03985879715603,2.0202037695265824,0.029434131769132475,4.7852865987305435,1.2054113446218977,0.2490244770969298,13548.797413793103,69.68350580385398,2.014208366340001,0.02932828831809304,4.091149044102438,1.0482157502875749,0.2475622961988765,8460_6069,2.0,1.0,1.0,143,2,27,1,143,1,143,0,1,142,27,429,FL-429 N,N,Freeway,0.604044548781,0.0,8460,6069,N,2,65863,4,429,81000,65863,70,44,70.0,0.00884222110143
572,0,5566.666666666668,71.32179814472764,2.5981531734752417,0.03646233014069055,1.0507842513871737,0.8271536946159668,0.7928101484601886,5115.664529914529,68.12214785479895,2.7660545044939617,0.04062654681908321,1.2323558822898264,0.949192496836538,0.7745924767882301,8444_8441,0.0,0.0,0.0,144,2,28,1,144,1,144,0,1,143,28,429,FL-429 N,N,Freeway,0.545558459424,0.0,8444,8441,N,2,65863,4,429,81000,65863,70,82,70.0,0.008174562705720001
573,1,5581.56652360515,71.71290876018205,1.5105753941674671,0.02174994986854553,4.19990193714136,1.0974824261236993,0.2606834320479401,5326.830107526882,67.12853464293073,1.7377990618716066,0.025952643512679396,4.467573213814956,1.1510560715167109,0.26096743471604594,8444_8441,4.0,2.0,2.0,144,2,28,1,144,1,144,0,1,143,28,429,FL-429 N,N,Freeway,0.545558459424,0.0,8444,8441,N,2,65863,4,429,81000,65863,70,82,70.0,0.008174562705720001
574,2,8630.708779443254,69.61972989721548,2.2764940665438376,0.0338459623171061,6.4100096843613485,1.3303461884695944,0.2031057918703629,8139.678800856531,65.113715565389,2.1214841652832,0.03346222406657552,6.8456820312409565,1.4017486657336953,0.2023046894060989,8444_8441,1.0,1.0,0.0,144,2,28,1,144,1,144,0,1,143,28,429,FL-429 N,N,Freeway,0.545558459424,0.0,8444,8441,N,2,65863,4,429,81000,65863,70,82,70.0,0.008174562705720001
575,3,11959.294871794873,70.88873083285353,1.710727133034308,0.024319911112289063,4.101894807451779,1.0564487888027565,0.2548550549364247,11342.418803418805,65.95767135217727,1.9595360230663676,0.029859991057841345,4.485716283353348,1.1584321719704298,0.25498877824879584,8444_8441,1.0,0.0,1.0,144,2,28,1,144,1,144,0,1,143,28,429,FL-429 N,N,Freeway,0.545558459424,0.0,8444,8441,N,2,65863,4,429,81000,65863,70,82,70.0,0.008174562705720001
576,0,5115.664529914529,68.12214785479895,2.7660545044939617,0.04062654681908321,1.2323558822898264,0.949192496836538,0.7745924767882301,5119.228144989339,71.34116223980489,2.368515040941733,0.033233357366929984,1.0706430933089441,0.8270208721962434,0.7773464351126125,8441_6652,0.0,0.0,0.0,145,2,29,1,145,1,145,0,1,144,29,429,FL-429 N,N,Freeway,0.200197714159,0.0,8441,6652,N,2,65863,4,429,81000,65863,70,49,70.0,0.00291586334777
577,1,5326.830107526882,67.12853464293073,1.7377990618716066,0.025952643512679396,4.467573213814956,1.1510560715167109,0.26096743471604594,5331.787096774194,72.89505007484492,1.2014548176348356,0.01653394094299351,4.3133180140510685,1.128180733869749,0.264898666594228,8441_6652,1.0,0.0,1.0,145,2,29,1,145,1,145,0,1,144,29,429,FL-429 N,N,Freeway,0.200197714159,0.0,8441,6652,N,2,65863,4,429,81000,65863,70,49,70.0,0.00291586334777
578,2,8139.678800856531,65.113715565389,2.1214841652832,0.03346222406657552,6.8456820312409565,1.4017486657336953,0.2023046894060989,8138.778251599148,71.09301250318345,1.6559726042974054,0.02454716335006999,6.4940672377343205,1.2807646111267417,0.19477007346212885,8441_6652,0.0,0.0,0.0,145,2,29,1,145,1,145,0,1,144,29,429,FL-429 N,N,Freeway,0.200197714159,0.0,8441,6652,N,2,65863,4,429,81000,65863,70,49,70.0,0.00291586334777
579,3,11342.418803418805,65.95767135217727,1.9595360230663676,0.029859991057841345,4.485716283353348,1.1584321719704298,0.25498877824879584,11359.737739872067,71.63648225721971,1.3796007518669404,0.019419240474609863,4.203662000343583,1.0704941013259572,0.2503267507296819,8441_6652,0.0,0.0,0.0,145,2,29,1,145,1,145,0,1,144,29,429,FL-429 N,N,Freeway,0.200197714159,0.0,8441,6652,N,2,65863,4,429,81000,65863,70,49,70.0,0.00291586334777
580,0,5507.3432835820895,71.64954321425245,3.2642953487496347,0.045860315582539474,1.2242493099866791,0.9779152595468982,0.79684853085408,5566.666666666668,71.32179814472764,2.5981531734752417,0.03646233014069055,1.0507842513871737,0.8271536946159668,0.7928101484601886,6295_8444,0.0,0.0,0.0,146,2,30,1,146,1,146,0,1,145,30,429,FL-429 N,N,Freeway,0.940974073356,0.0,6295,8444,N,2,65863,4,429,81000,65863,70,66,70.0,0.01383611209
581,1,5609.0556745182,69.84203200069115,2.128251086723522,0.031293918366132316,4.916230740076208,1.3331122498584569,0.26046457867176936,5581.56652360515,71.71290876018205,1.5105753941674671,0.02174994986854553,4.19990193714136,1.0974824261236993,0.2606834320479401,6295_8444,1.0,1.0,0.0,146,2,30,1,146,1,146,0,1,145,30,429,FL-429 N,N,Freeway,0.940974073356,0.0,6295,8444,N,2,65863,4,429,81000,65863,70,66,70.0,0.01383611209
582,2,8586.22435897436,67.10096116526583,2.058943950344266,0.03149028326117485,6.954292391464379,1.3912610181824336,0.19732480653808654,8630.708779443254,69.61972989721548,2.2764940665438376,0.0338459623171061,6.4100096843613485,1.3303461884695944,0.2031057918703629,6295_8444,1.0,1.0,0.0,146,2,30,1,146,1,146,0,1,145,30,429,FL-429 N,N,Freeway,0.940974073356,0.0,6295,8444,N,2,65863,4,429,81000,65863,70,66,70.0,0.01383611209
583,3,11956.558635394456,68.63457568950727,2.04243510194341,0.030115746065217282,4.605102557630573,1.1738330534793822,0.24641807968158536,11959.294871794873,70.88873083285353,1.710727133034308,0.024319911112289063,4.101894807451779,1.0564487888027565,0.2548550549364247,6295_8444,2.0,2.0,0.0,146,2,30,1,146,1,146,0,1,145,30,429,FL-429 N,N,Freeway,0.940974073356,0.0,6295,8444,N,2,65863,4,429,81000,65863,70,66,70.0,0.01383611209
584,0,6234.30752688172,71.38653982296307,2.9943859582959598,0.0421899269342708,1.1321437777987975,0.8740544908941666,0.7782863271224558,5507.3432835820895,71.64954321425245,3.2642953487496347,0.045860315582539474,1.2242493099866791,0.9779152595468982,0.79684853085408,6069_6295,0.0,0.0,0.0,147,2,31,1,147,1,147,0,1,146,31,429,FL-429 N,N,Freeway,0.33326483666400003,0.0,6069,6295,N,2,65863,4,429,81000,65863,70,44,70.0,0.00484445213338
585,1,6316.041125541125,70.96315409121915,1.8777109147219484,0.02692790782487077,4.498971858322711,1.2276353948785914,0.26958458767628324,5609.0556745182,69.84203200069115,2.128251086723522,0.031293918366132316,4.916230740076208,1.3331122498584569,0.26046457867176936,6069_6295,0.0,0.0,0.0,147,2,31,1,147,1,147,0,1,146,31,429,FL-429 N,N,Freeway,0.33326483666400003,0.0,6069,6295,N,2,65863,4,429,81000,65863,70,44,70.0,0.00484445213338
586,2,9657.507559395248,67.82407452647196,2.3996654082811943,0.036554260508178116,6.148729644687399,1.3346209202553665,0.20999278696899706,8586.22435897436,67.10096116526583,2.058943950344266,0.03149028326117485,6.954292391464379,1.3912610181824336,0.19732480653808654,6069_6295,0.0,0.0,0.0,147,2,31,1,147,1,147,0,1,146,31,429,FL-429 N,N,Freeway,0.33326483666400003,0.0,6069,6295,N,2,65863,4,429,81000,65863,70,44,70.0,0.00484445213338
587,3,13548.797413793103,69.68350580385398,2.014208366340001,0.02932828831809304,4.091149044102438,1.0482157502875749,0.2475622961988765,11956.558635394456,68.63457568950727,2.04243510194341,0.030115746065217282,4.605102557630573,1.1738330534793822,0.24641807968158536,6069_6295,1.0,0.0,1.0,147,2,31,1,147,1,147,0,1,146,31,429,FL-429 N,N,Freeway,0.33326483666400003,0.0,6069,6295,N,2,65863,4,429,81000,65863,70,44,70.0,0.00484445213338
588,0,3213.257995735608,75.76973481715319,3.2479686289744483,0.042898765988753286,0.5729195210403011,0.4882639085830348,0.8692759705883204,,,,,,,,5881_6875,1.0,1.0,0.0,148,2,32,1,148,1,148,0,1,147,32,429,FL-429 N,N,Freeway,0.7017932169140001,0.0,5881,6875,N,2,65863,6,429,38500,65863,70,55,70.0,0.010424321088600001
589,1,2368.43347639485,77.09106548797816,1.5696472292311003,0.020408839946846315,1.7970851328808002,0.5000805397396175,0.2847732106243304,,,,,,,,5881_6875,2.0,2.0,0.0,148,2,32,1,148,1,148,0,1,147,32,429,FL-429 N,N,Freeway,0.7017932169140001,0.0,5881,6875,N,2,65863,6,429,38500,65863,70,55,70.0,0.010424321088600001
590,2,5646.985074626867,78.80520046575181,1.4264250553551887,0.018468188917021237,3.9802457017835877,0.8733792375805162,0.22045379339002205,,,,,,,,5881_6875,0.0,0.0,0.0,148,2,32,1,148,1,148,0,1,147,32,429,FL-429 N,N,Freeway,0.7017932169140001,0.0,5881,6875,N,2,65863,6,429,38500,65863,70,55,70.0,0.010424321088600001
591,3,6682.87420042644,77.2944653783012,1.5768806627592509,0.020443452245572258,2.248999635522838,0.6666377201078741,0.29644575627185216,,,,,,,,5881_6875,1.0,0.0,1.0,148,2,32,1,148,1,148,0,1,147,32,429,FL-429 N,N,Freeway,0.7017932169140001,0.0,5881,6875,N,2,65863,6,429,38500,65863,70,55,70.0,0.010424321088600001
592,0,3231.9232409381657,76.80521926113765,3.1934908784850733,0.04159833267007084,0.4990325754466343,0.43258996351315343,0.8857914688947482,,,,,,,,6222_6875,0.0,0.0,0.0,149,2,33,1,149,1,149,0,1,148,33,429,FL-429 N,N,Freeway,0.325048595864,0.0,6222,6875,N,2,65863,6,429,38500,65863,70,59,70.0,0.00477954054268
593,1,2386.1351931330473,77.82940983772508,1.3239642918572092,0.017031448344065083,1.6264290042317222,0.4559101685521085,0.2885330625680672,,,,,,,,6222_6875,0.0,0.0,0.0,149,2,33,1,149,1,149,0,1,148,33,429,FL-429 N,N,Freeway,0.325048595864,0.0,6222,6875,N,2,65863,6,429,38500,65863,70,59,70.0,0.00477954054268
594,2,5632.481876332623,79.41943388014835,1.418023594931357,0.01954161853271632,3.7137408487409207,0.8816564015984343,0.2284240420361282,,,,,,,,6222_6875,0.0,0.0,0.0,149,2,33,1,149,1,149,0,1,148,33,429,FL-429 N,N,Freeway,0.325048595864,0.0,6222,6875,N,2,65863,6,429,38500,65863,70,59,70.0,0.00477954054268
595,3,6719.093816631129,77.65362523966301,1.4404615371255591,0.0185768511963389,2.0625095738260053,0.6330234767938896,0.3071625809123659,,,,,,,,6222_6875,0.0,0.0,0.0,149,2,33,1,149,1,149,0,1,148,33,429,FL-429 N,N,Freeway,0.325048595864,0.0,6222,6875,N,2,65863,6,429,38500,65863,70,59,70.0,0.00477954054268
596,0,3238.907894736842,72.78204225871717,2.771366056491936,0.03809752595069706,0.380965690095924,0.3114135777704005,0.8498365967796033,3231.9232409381657,76.80521926113765,3.1934908784850733,0.04159833267007084,0.4990325754466343,0.43258996351315343,0.8857914688947482,6016_6222,0.0,0.0,0.0,150,2,34,1,150,1,150,0,1,149,34,429,FL-429 N,N,Freeway,0.7404974663580001,0.0,6016,6222,W,2,65863,4,414,38500,65863,70,52,70.0,0.011253786126299998
597,1,2391.446902654867,72.82582965016023,1.2683351970848515,0.017429803183459366,1.1961942789245583,0.3397748893738347,0.29306158141782634,2386.1351931330473,77.82940983772508,1.3239642918572092,0.017031448344065083,1.6264290042317222,0.4559101685521085,0.2885330625680672,6016_6222,1.0,0.0,1.0,150,2,34,1,150,1,150,0,1,149,34,429,FL-429 N,N,Freeway,0.7404974663580001,0.0,6016,6222,W,2,65863,4,414,38500,65863,70,52,70.0,0.011253786126299998
598,2,5621.671052631579,73.56630365754829,1.330842200308475,0.01870447661916474,2.645885807925814,0.6528237988819422,0.2391665063554846,5632.481876332623,79.41943388014835,1.418023594931357,0.01954161853271632,3.7137408487409207,0.8816564015984343,0.2284240420361282,6016_6222,0.0,0.0,0.0,150,2,34,1,150,1,150,0,1,149,34,429,FL-429 N,N,Freeway,0.7404974663580001,0.0,6016,6222,W,2,65863,4,414,38500,65863,70,52,70.0,0.011253786126299998
599,3,6716.664473684212,72.45676744326981,1.3399778786442602,0.018545474265649762,1.4865984073012175,0.4655411944898036,0.314486274344641,6719.093816631129,77.65362523966301,1.4404615371255591,0.0185768511963389,2.0625095738260053,0.6330234767938896,0.3071625809123659,6016_6222,1.0,1.0,0.0,150,2,34,1,150,1,150,0,1,149,34,429,FL-429 N,N,Freeway,0.7404974663580001,0.0,6016,6222,W,2,65863,4,414,38500,65863,70,52,70.0,0.011253786126299998
600,0,3213.257995735608,75.76973481715319,3.2479686289744483,0.042898765988753286,0.5729195210403011,0.4882639085830348,0.8692759705883204,1921.042643923241,69.19478684136448,4.3351037683600895,0.06288645668576892,0.5240762204829629,0.4620696953384537,0.9383168172128636,5881_5879,1.0,0.0,1.0,151,2,35,1,151,1,151,0,1,150,35,429,FL-429 N,N,Freeway,1.24506242338,0.0,5881,5879,W,3,65863,4,441,25000,65863,45,58,70.0,0.0181085988202
601,1,2368.43347639485,77.09106548797816,1.5696472292311003,0.020408839946846315,1.7970851328808002,0.5000805397396175,0.2847732106243304,1374.244635193133,69.77829204714915,1.9182934208839644,0.0275213753386658,1.3161196532701018,0.4588588703439944,0.3805182389189272,5881_5879,0.0,0.0,0.0,151,2,35,1,151,1,151,0,1,150,35,429,FL-429 N,N,Freeway,1.24506242338,0.0,5881,5879,W,3,65863,4,441,25000,65863,45,58,70.0,0.0181085988202
602,2,5646.985074626867,78.80520046575181,1.4264250553551887,0.018468188917021237,3.9802457017835877,0.8733792375805162,0.22045379339002205,3874.3944562899787,71.30626291557508,1.4262193063752189,0.02040690355907381,3.384076497150614,0.8554753699804855,0.2565778876805787,5881_5879,2.0,1.0,1.0,151,2,35,1,151,1,151,0,1,150,35,429,FL-429 N,N,Freeway,1.24506242338,0.0,5881,5879,W,3,65863,4,441,25000,65863,45,58,70.0,0.0181085988202
603,3,6682.87420042644,77.2944653783012,1.5768806627592509,0.020443452245572258,2.248999635522838,0.6666377201078741,0.29644575627185216,4258.396588486141,69.77252376340671,1.9433136479485973,0.028171552628581387,1.8208514543685443,0.6786935067437548,0.3773854234266195,5881_5879,1.0,1.0,0.0,151,2,35,1,151,1,151,0,1,150,35,429,FL-429 N,N,Freeway,1.24506242338,0.0,5881,5879,W,3,65863,4,441,25000,65863,45,58,70.0,0.0181085988202
604,0,5116.034115138593,69.71200091701071,2.5651756507200263,0.036838737958654416,0.6432941447477161,0.539659715094692,0.8516168615406589,,,,,,,,8320_6653,0.0,0.0,0.0,152,2,36,1,152,1,152,0,1,151,36,429,FL-429 N,N,Freeway,0.326546594974,0.0,8320,6653,S,2,65863,4,451,13600,65863,0,77,70.0,0.00476836132257
605,1,5344.266666666666,71.77699141775138,1.3459730127585432,0.01882222451902613,2.7963054416735305,0.7941118816585417,0.2885912513678101,,,,,,,,8320_6653,0.0,0.0,0.0,152,2,36,1,152,1,152,0,1,151,36,429,FL-429 N,N,Freeway,0.326546594974,0.0,8320,6653,S,2,65863,4,451,13600,65863,0,77,70.0,0.00476836132257
606,2,8156.396145610278,70.57294030959001,1.8722177725441664,0.028100852476669942,4.372249773384754,0.8899724085444711,0.2009072871757216,,,,,,,,8320_6653,1.0,0.0,1.0,152,2,36,1,152,1,152,0,1,151,36,429,FL-429 N,N,Freeway,0.326546594974,0.0,8320,6653,S,2,65863,4,451,13600,65863,0,77,70.0,0.00476836132257
607,3,11367.202991452994,70.8897884908188,1.3547758827974066,0.019379742010512332,2.714541614581322,0.7190003474053017,0.26445235208940704,,,,,,,,8320_6653,0.0,0.0,0.0,152,2,36,1,152,1,152,0,1,151,36,429,FL-429 N,N,Freeway,0.326546594974,0.0,8320,6653,S,2,65863,4,451,13600,65863,0,77,70.0,0.00476836132257
608,0,3238.907894736842,72.78204225871717,2.771366056491936,0.03809752595069706,0.380965690095924,0.3114135777704005,0.8498365967796033,,,,,,,,6016_6653,1.0,1.0,0.0,153,2,37,1,153,1,153,0,1,152,37,429,FL-429 N,N,Freeway,0.354109345007,0.0,6016,6653,E,2,65863,4,414,38500,65863,70,63,70.0,0.00536450840543
609,1,2391.446902654867,72.82582965016023,1.2683351970848515,0.017429803183459366,1.1961942789245583,0.3397748893738347,0.29306158141782634,,,,,,,,6016_6653,0.0,0.0,0.0,153,2,37,1,153,1,153,0,1,152,37,429,FL-429 N,N,Freeway,0.354109345007,0.0,6016,6653,E,2,65863,4,414,38500,65863,70,63,70.0,0.00536450840543
610,2,5621.671052631579,73.56630365754829,1.330842200308475,0.01870447661916474,2.645885807925814,0.6528237988819422,0.2391665063554846,,,,,,,,6016_6653,0.0,0.0,0.0,153,2,37,1,153,1,153,0,1,152,37,429,FL-429 N,N,Freeway,0.354109345007,0.0,6016,6653,E,2,65863,4,414,38500,65863,70,63,70.0,0.00536450840543
611,3,6716.664473684212,72.45676744326981,1.3399778786442602,0.018545474265649762,1.4865984073012175,0.4655411944898036,0.314486274344641,,,,,,,,6016_6653,0.0,0.0,0.0,153,2,37,1,153,1,153,0,1,152,37,429,FL-429 N,N,Freeway,0.354109345007,0.0,6016,6653,E,2,65863,4,414,38500,65863,70,63,70.0,0.00536450840543
612,0,2516.236673773987,56.613357760668094,5.0863162160723725,0.08999652667859763,0.7116909329945144,0.6327317080384475,0.9009475619343476,2701.773987206823,75.24048909044998,3.514544138882453,0.04673759146681322,0.4689901484259574,0.4544151196965809,0.9930893638005436,6116_5880,1.0,1.0,0.0,154,2,1,1,154,1,154,0,1,153,1,429,FL-429 S,S,Freeway,1.25147151673,0.0,6116,5880,W,3,65863,4,441,25000,65863,70,90,70.0,0.018203412825
613,1,4760.371244635193,56.813679125347434,1.6189008144429269,0.02970744316020289,4.6456645630392535,0.9701990374807514,0.2063948535686508,5760.879828326179,77.63417123867991,1.2019195251593882,0.01776688278719365,3.834666855074457,0.8347436323647042,0.20897963942012085,6116_5880,2.0,0.0,2.0,154,2,1,1,154,1,154,0,1,153,1,429,FL-429 S,S,Freeway,1.25147151673,0.0,6116,5880,W,3,65863,4,441,25000,65863,70,90,70.0,0.018203412825
614,2,2465.200426439233,57.98830450744274,1.8393082207661189,0.031918581772373486,2.348760463398441,0.6681459128595673,0.28359689606849753,2746.712153518124,77.54262548815792,1.6228927358110892,0.021064252686543952,1.6667499273533557,0.448162155446054,0.2698660848189138,6116_5880,2.0,2.0,0.0,154,2,1,1,154,1,154,0,1,153,1,429,FL-429 S,S,Freeway,1.25147151673,0.0,6116,5880,W,3,65863,4,441,25000,65863,70,90,70.0,0.018203412825
615,3,5701.8379530916845,55.83267657412411,1.9715470858338089,0.0356290101085001,2.7598174730471516,0.6658076941249961,0.2376602690243855,6338.526652452027,76.12174566526821,1.578809436223101,0.02101633354738372,1.8782792860921889,0.4838496832399831,0.23650724120461045,6116_5880,1.0,1.0,0.0,154,2,1,1,154,1,154,0,1,153,1,429,FL-429 S,S,Freeway,1.25147151673,0.0,6116,5880,W,3,65863,4,441,25000,65863,70,90,70.0,0.018203412825
616,0,3206.731343283582,74.30608640210676,3.0715125282966547,0.04137356205610628,0.9375698700304544,0.7818428520462671,0.8186885524993073,3216.5692963752667,73.48578536032038,3.5779329148985908,0.0487438681207454,1.0075869706397522,0.8664025076073409,0.8465084965200181,6253_6224,0.0,0.0,0.0,155,2,2,1,155,1,155,0,1,154,2,429,FL-429 S,S,Freeway,0.523487256664,0.0,6253,6224,S,2,65863,4,429,25600,65863,70,67,70.0,0.00771558428782
617,1,4201.903846153846,76.47991421734879,1.2436142039141254,0.016575985252799637,4.736276904644413,1.1646348770731405,0.24441037446686176,4239.508547008547,75.8552827154287,1.3025416932333171,0.01753212223103844,5.045060078114812,1.2658893602942518,0.2489188593253977,6253_6224,1.0,1.0,0.0,155,2,2,1,155,1,155,0,1,154,2,429,FL-429 S,S,Freeway,0.523487256664,0.0,6253,6224,S,2,65863,4,429,25600,65863,70,67,70.0,0.00771558428782
618,2,4594.9232409381675,75.48902880162431,1.6360189767371014,0.02223136439131796,4.9064697800196555,0.9521269896833204,0.19145120983185016,4632.251599147122,74.97207593556317,1.7768324210592832,0.024194820368809312,5.242044309268941,1.0689379184887515,0.20179216463805846,6253_6224,0.0,0.0,0.0,155,2,2,1,155,1,155,0,1,154,2,429,FL-429 S,S,Freeway,0.523487256664,0.0,6253,6224,S,2,65863,4,429,25600,65863,70,67,70.0,0.00771558428782
619,3,7005.213219616205,75.55834855445077,1.3674197351517368,0.01814908869217341,3.468056919298717,0.8978087910883322,0.2568928832387948,7081.7078891258,75.05434756714001,1.4727078085200809,0.019666700852098533,3.6731037070694823,0.9961203946865844,0.2687314740509752,6253_6224,0.0,0.0,0.0,155,2,2,1,155,1,155,0,1,154,2,429,FL-429 S,S,Freeway,0.523487256664,0.0,6253,6224,S,2,65863,4,429,25600,65863,70,67,70.0,0.00771558428782
620,0,3159.3049040511733,75.89796798693264,3.1346801655088585,0.04131526071618605,0.7906900479077171,0.6385578944377597,0.8046084839287455,3206.731343283582,74.30608640210676,3.0715125282966547,0.04137356205610628,0.9375698700304544,0.7818428520462671,0.8186885524993073,9708_6253,0.0,0.0,0.0,156,2,4,1,156,1,156,0,1,155,4,429,FL-429 S,S,Freeway,1.27751302979,0.0,9708,6253,S,2,65863,4,429,25600,65863,70,101,70.0,0.018911674683400003
621,1,4192.709401709401,75.755388792722,2.178759059179296,0.02884772078047433,3.5735492908470747,0.8318023445049333,0.23518199334329726,4201.903846153846,76.47991421734879,1.2436142039141254,0.016575985252799637,4.736276904644413,1.1646348770731405,0.24441037446686176,9708_6253,1.0,0.0,1.0,156,2,4,1,156,1,156,0,1,155,4,429,FL-429 S,S,Freeway,1.27751302979,0.0,9708,6253,S,2,65863,4,429,25600,65863,70,101,70.0,0.018911674683400003
622,2,4573.031982942431,75.35732180553187,2.0120033297193607,0.02678740789156161,3.9872429665303932,0.7983693837569376,0.20448512411458947,4594.9232409381675,75.48902880162431,1.6360189767371014,0.02223136439131796,4.9064697800196555,0.9521269896833204,0.19145120983185016,9708_6253,0.0,0.0,0.0,156,2,4,1,156,1,156,0,1,155,4,429,FL-429 S,S,Freeway,1.27751302979,0.0,9708,6253,S,2,65863,4,429,25600,65863,70,101,70.0,0.018911674683400003
623,3,6965.072494669511,75.00040331142505,2.0253329995573823,0.02711154786732579,2.8339051369078674,0.7592494252538826,0.2614714027808396,7005.213219616205,75.55834855445077,1.3674197351517368,0.01814908869217341,3.468056919298717,0.8978087910883322,0.2568928832387948,9708_6253,1.0,0.0,1.0,156,2,4,1,156,1,156,0,1,155,4,429,FL-429 S,S,Freeway,1.27751302979,0.0,9708,6253,S,2,65863,4,429,25600,65863,70,101,70.0,0.018911674683400003
624,0,3592.627408993576,69.1226446588962,3.238535722315377,0.04687077030559764,0.7710205983429045,0.6003107469162082,0.7760690696149685,3159.3049040511733,75.89796798693264,3.1346801655088585,0.04131526071618605,0.7906900479077171,0.6385578944377597,0.8046084839287455,9704_9708,0.0,0.0,0.0,157,2,5,1,157,1,157,0,1,156,5,429,FL-429 S,S,Freeway,0.6361188168330001,0.0,9704,9708,S,2,65863,4,429,25600,65863,70,46,70.0,0.00929921511649
625,1,4598.301724137931,69.60672737292882,1.4682644119731036,0.02113227964109239,3.533319172749785,0.7675592810535518,0.2204458347048553,4192.709401709401,75.755388792722,2.178759059179296,0.02884772078047433,3.5735492908470747,0.8318023445049333,0.23518199334329726,9704_9708,0.0,0.0,0.0,157,2,5,1,157,1,157,0,1,156,5,429,FL-429 S,S,Freeway,0.6361188168330001,0.0,9704,9708,S,2,65863,4,429,25600,65863,70,46,70.0,0.00929921511649
626,2,5128.37687366167,69.32501374124557,1.6502797791731247,0.024017350985624117,3.6036076915979103,0.6634512294610597,0.18787921048229564,4573.031982942431,75.35732180553187,2.0120033297193607,0.02678740789156161,3.9872429665303932,0.7983693837569376,0.20448512411458947,9704_9708,0.0,0.0,0.0,157,2,5,1,157,1,157,0,1,156,5,429,FL-429 S,S,Freeway,0.6361188168330001,0.0,9704,9708,S,2,65863,4,429,25600,65863,70,46,70.0,0.00929921511649
627,3,7735.995717344754,69.36600661950281,1.5525199823440992,0.022442793759999573,2.615794548700089,0.644702666519683,0.24508711134965802,6965.072494669511,75.00040331142505,2.0253329995573823,0.02711154786732579,2.8339051369078674,0.7592494252538826,0.2614714027808396,9704_9708,1.0,1.0,0.0,157,2,5,1,157,1,157,0,1,156,5,429,FL-429 S,S,Freeway,0.6361188168330001,0.0,9704,9708,S,2,65863,4,429,25600,65863,70,46,70.0,0.00929921511649
628,0,4528.1049250535325,70.80763670289787,2.8966099866814288,0.040931532821648936,0.8708945901942695,0.7182362779783401,0.8237425849219218,3319.1548387096773,73.00123211047921,3.562360848753092,0.04880897915730837,1.2539951686147035,0.861781163112076,0.6847403539963658,8039_8035,2.0,0.0,2.0,158,2,6,1,158,1,158,0,1,157,6,429,FL-429 S,S,Freeway,0.701141028509,0.0,8039,8035,S,2,65863,4,429,25600,65863,70,101,70.0,0.010186282020499999
629,1,4944.5,70.9486976436065,1.4012991589117008,0.01977813579210809,3.920865286982688,0.8239004456779907,0.21373224063455692,4437.509761388286,74.66732417502556,1.9337559952689631,0.025900208572629282,4.815675325243423,0.921174817518414,0.19505329087495826,8039_8035,0.0,0.0,0.0,158,2,6,1,158,1,158,0,1,157,6,429,FL-429 S,S,Freeway,0.701141028509,0.0,8039,8035,S,2,65863,4,429,25600,65863,70,101,70.0,0.010186282020499999
630,2,6283.021459227468,69.09328310138336,2.3205221960784237,0.034470134432560945,4.720021498980919,0.9615136641516956,0.19561388854604864,4941.175324675325,73.77109842670285,2.045275280532445,0.027808257055064046,5.055513008242745,0.9209362958913258,0.1853175727364869,8039_8035,0.0,0.0,0.0,158,2,6,1,158,1,158,0,1,157,6,429,FL-429 S,S,Freeway,0.701141028509,0.0,8039,8035,S,2,65863,4,429,25600,65863,70,101,70.0,0.010186282020499999
631,3,9220.545064377682,70.31826104750732,1.3591307662052337,0.01939377958372588,3.0814632320360458,0.6898029572568568,0.22126291287751765,7446.051835853133,73.87844426358222,2.0016471282285964,0.0271025040593102,3.6117585078695633,0.8408576586103266,0.2320314478935893,8039_8035,2.0,0.0,2.0,158,2,6,1,158,1,158,0,1,157,6,429,FL-429 S,S,Freeway,0.701141028509,0.0,8039,8035,S,2,65863,4,429,25600,65863,70,101,70.0,0.010186282020499999
632,0,3319.1548387096773,73.00123211047921,3.562360848753092,0.04880897915730837,1.2539951686147035,0.861781163112076,0.6847403539963658,3592.627408993576,69.1226446588962,3.238535722315377,0.04687077030559764,0.7710205983429045,0.6003107469162082,0.7760690696149685,8035_9704,0.0,0.0,0.0,159,2,7,1,159,1,159,0,1,158,7,429,FL-429 S,S,Freeway,1.24378829138,0.0,8035,9704,S,2,65863,4,429,25600,65863,70,65,70.0,0.0187304846288
633,1,4437.509761388286,74.66732417502556,1.9337559952689631,0.025900208572629282,4.815675325243423,0.921174817518414,0.19505329087495826,4598.301724137931,69.60672737292882,1.4682644119731036,0.02113227964109239,3.533319172749785,0.7675592810535518,0.2204458347048553,8035_9704,0.0,0.0,0.0,159,2,7,1,159,1,159,0,1,158,7,429,FL-429 S,S,Freeway,1.24378829138,0.0,8035,9704,S,2,65863,4,429,25600,65863,70,65,70.0,0.0187304846288
634,2,4941.175324675325,73.77109842670285,2.045275280532445,0.027808257055064046,5.055513008242745,0.9209362958913258,0.1853175727364869,5128.37687366167,69.32501374124557,1.6502797791731247,0.024017350985624117,3.6036076915979103,0.6634512294610597,0.18787921048229564,8035_9704,0.0,0.0,0.0,159,2,7,1,159,1,159,0,1,158,7,429,FL-429 S,S,Freeway,1.24378829138,0.0,8035,9704,S,2,65863,4,429,25600,65863,70,65,70.0,0.0187304846288
635,3,7446.051835853133,73.87844426358222,2.0016471282285964,0.0271025040593102,3.6117585078695633,0.8408576586103266,0.2320314478935893,7735.995717344754,69.36600661950281,1.5525199823440992,0.022442793759999573,2.615794548700089,0.644702666519683,0.24508711134965802,8035_9704,1.0,0.0,1.0,159,2,7,1,159,1,159,0,1,158,7,429,FL-429 S,S,Freeway,1.24378829138,0.0,8035,9704,S,2,65863,4,429,25600,65863,70,65,70.0,0.0187304846288
636,0,4505.6137339055795,73.61586382608347,2.8057982786598403,0.038166236586928415,1.221813542080249,1.0329936761784484,0.8312488311791182,4528.1049250535325,70.80763670289787,2.8966099866814288,0.040931532821648936,0.8708945901942695,0.7182362779783401,0.8237425849219218,6859_8039,0.0,0.0,0.0,160,2,8,1,160,1,160,0,1,159,8,429,FL-429 S,S,Freeway,0.800839649435,0.0,6859,8039,S,2,65863,4,429,25600,65863,70,111,70.0,0.012037727896499999
637,1,4928.668817204301,74.10772612066262,1.383131984884122,0.018709351386933484,5.616495493705805,1.1587955594968282,0.2098683304049633,4944.5,70.9486976436065,1.4012991589117008,0.01977813579210809,3.920865286982688,0.8239004456779907,0.21373224063455692,6859_8039,1.0,1.0,0.0,160,2,8,1,160,1,160,0,1,159,8,429,FL-429 S,S,Freeway,0.800839649435,0.0,6859,8039,S,2,65863,4,429,25600,65863,70,111,70.0,0.012037727896499999
638,2,6283.032188841203,73.14044555720483,1.8803804977574343,0.02631486500252366,6.514402636902427,1.1017323984695084,0.1673828761939884,6283.021459227468,69.09328310138336,2.3205221960784237,0.034470134432560945,4.720021498980919,0.9615136641516956,0.19561388854604864,6859_8039,4.0,4.0,0.0,160,2,8,1,160,1,160,0,1,159,8,429,FL-429 S,S,Freeway,0.800839649435,0.0,6859,8039,S,2,65863,4,429,25600,65863,70,111,70.0,0.012037727896499999
639,3,9183.01287553648,73.43578492471696,1.4725270865155038,0.020135488277010505,4.472902465746673,0.9730857624687299,0.21498171740822108,9220.545064377682,70.31826104750732,1.3591307662052337,0.01939377958372588,3.0814632320360458,0.6898029572568568,0.22126291287751765,6859_8039,2.0,1.0,1.0,160,2,8,1,160,1,160,0,1,159,8,429,FL-429 S,S,Freeway,0.800839649435,0.0,6859,8039,S,2,65863,4,429,25600,65863,70,111,70.0,0.012037727896499999
640,0,3706.4170616113747,74.0728030830443,3.620057717257028,0.06109647605701327,1.7999696602756865,0.992248763325427,0.8540033458635776,4500.454746136866,73.51362409918282,2.8173343962508453,0.03842634227600096,1.2496098204447872,1.0897766180544877,0.8516513099966825,8492_6233,0.0,0.0,0.0,161,2,9,1,161,1,161,0,1,160,9,429,FL-429 S,S,Freeway,0.427864777443,0.0,8492,6233,S,2,65863,4,429,25600,65863,70,61,70.0,0.007005944767229999
641,1,4260.043583535109,74.44555271746138,1.9493589276868224,0.028942382646532195,3.4600391382968003,0.7422078468112102,0.2909428363622444,4949.4988913525485,74.0465314146525,1.312971702077261,0.017822296354744138,5.83802655959246,1.1792990931644007,0.20497462358881105,8492_6233,0.0,0.0,0.0,161,2,9,1,161,1,161,0,1,160,9,429,FL-429 S,S,Freeway,0.427864777443,0.0,8492,6233,S,2,65863,4,429,25600,65863,70,61,70.0,0.007005944767229999
642,2,5170.138424821002,73.26618327405937,2.3057154127145445,0.044567992134177864,4.355582893341587,1.060606139095688,0.29170390316280514,6291.626931567329,73.292669975535,1.6922213431164888,0.02348391771741677,6.701788135168653,1.0860798786380799,0.16426458852185627,8492_6233,0.0,0.0,0.0,161,2,9,1,161,1,161,0,1,160,9,429,FL-429 S,S,Freeway,0.427864777443,0.0,8492,6233,S,2,65863,4,429,25600,65863,70,61,70.0,0.007005944767229999
643,3,7605.158018867924,73.02624445925919,2.1780337399263416,0.04526348365125758,3.2338259279963504,0.920777271934886,0.3262422084191557,9232.949227373068,73.73181087395291,1.4754725041204924,0.020783341833082208,4.671788451748774,1.070185467736129,0.220417491842022,8492_6233,4.0,1.0,3.0,161,2,9,1,161,1,161,0,1,160,9,429,FL-429 S,S,Freeway,0.427864777443,0.0,8492,6233,S,2,65863,4,429,25600,65863,70,61,70.0,0.007005944767229999
644,0,4225.656521739131,68.86265765610831,5.511766862179671,117.99260375105595,0.9866169128620846,0.8073271045521414,0.8024219074179749,4505.6137339055795,73.61586382608347,2.8057982786598403,0.038166236586928415,1.221813542080249,1.0329936761784484,0.8312488311791182,6969_6859,0.0,0.0,0.0,162,2,10,1,162,1,162,0,1,161,10,429,FL-429 S,S,Freeway,0.62979724156,0.0,6969,6859,S,2,65863,4,429,25600,65863,70,62,70.0,0.00958776727525
645,1,4870.957777777778,68.75636863565134,1.5396762875031142,0.02252277345639846,4.367501232663267,0.9456769732787524,0.2164107932580786,4928.668817204301,74.10772612066262,1.383131984884122,0.018709351386933484,5.616495493705805,1.1587955594968282,0.2098683304049633,6969_6859,0.0,0.0,0.0,162,2,10,1,162,1,162,0,1,161,10,429,FL-429 S,S,Freeway,0.62979724156,0.0,6969,6859,S,2,65863,4,429,25600,65863,70,62,70.0,0.00958776727525
646,2,6202.0285087719285,66.8349094651156,3.6576466411737463,0.020126405602121616,4.888711296057681,0.8248293500372716,0.1674906503403162,6283.032188841203,73.14044555720483,1.8803804977574343,0.02631486500252366,6.514402636902427,1.1017323984695084,0.1673828761939884,6969_6859,1.0,1.0,0.0,162,2,10,1,162,1,162,0,1,161,10,429,FL-429 S,S,Freeway,0.62979724156,0.0,6969,6859,S,2,65863,4,429,25600,65863,70,62,70.0,0.00958776727525
647,3,9017.083333333334,68.70595043385708,1.5409452531435341,0.02254758713030246,3.4506138572203846,0.7589745484865024,0.21709791110619006,9183.01287553648,73.43578492471696,1.4725270865155038,0.020135488277010505,4.472902465746673,0.9730857624687299,0.21498171740822108,6969_6859,0.0,0.0,0.0,162,2,10,1,162,1,162,0,1,161,10,429,FL-429 S,S,Freeway,0.62979724156,0.0,6969,6859,S,2,65863,4,429,25600,65863,70,62,70.0,0.00958776727525
648,0,4499.707264957265,69.06172363665543,3.5831118804109057,0.05211520110048925,0.8963566369085058,0.6965432661203851,0.7689550426645234,4225.656521739131,68.86265765610831,5.511766862179671,117.99260375105595,0.9866169128620846,0.8073271045521414,0.8024219074179749,6759_6969,2.0,1.0,1.0,163,2,11,1,163,1,163,0,1,162,11,429,FL-429 S,S,Freeway,0.41400408576,0.0,6759,6969,S,2,65863,4,429,25600,65863,70,84,70.0,0.006300891171499999
649,1,4982.726881720429,70.03017564337578,1.6487713816253935,0.023954953761646792,3.953004102454119,0.8547125629006899,0.21730138781584027,4870.957777777778,68.75636863565134,1.5396762875031142,0.02252277345639846,4.367501232663267,0.9456769732787524,0.2164107932580786,6759_6969,0.0,0.0,0.0,163,2,11,1,163,1,163,0,1,162,11,429,FL-429 S,S,Freeway,0.41400408576,0.0,6759,6969,S,2,65863,4,429,25600,65863,70,84,70.0,0.006300891171499999
650,2,6308.489316239316,67.63946474467058,1.9195160996616876,0.028644234484145287,3.935047041576596,0.6804410479105216,0.17411258247390882,6202.0285087719285,66.8349094651156,3.6576466411737463,0.020126405602121616,4.888711296057681,0.8248293500372716,0.1674906503403162,6759_6969,1.0,1.0,0.0,163,2,11,1,163,1,163,0,1,162,11,429,FL-429 S,S,Freeway,0.41400408576,0.0,6759,6969,S,2,65863,4,429,25600,65863,70,84,70.0,0.006300891171499999
651,3,9230.098290598293,69.10468355922029,1.7986641611290142,0.02617878109702951,2.9580868023175664,0.6389123209118889,0.21520863231636347,9017.083333333334,68.70595043385708,1.5409452531435341,0.02254758713030246,3.4506138572203846,0.7589745484865024,0.21709791110619006,6759_6969,0.0,0.0,0.0,163,2,11,1,163,1,163,0,1,162,11,429,FL-429 S,S,Freeway,0.41400408576,0.0,6759,6969,S,2,65863,4,429,25600,65863,70,84,70.0,0.006300891171499999
652,0,4500.454746136866,73.51362409918282,2.8173343962508453,0.03842634227600096,1.2496098204447872,1.0897766180544877,0.8516513099966825,4499.707264957265,69.06172363665543,3.5831118804109057,0.05211520110048925,0.8963566369085058,0.6965432661203851,0.7689550426645234,6233_6759,0.0,0.0,0.0,164,2,12,1,164,1,164,0,1,163,12,429,FL-429 S,S,Freeway,1.28379061667,0.0,6233,6759,S,2,65863,4,429,25600,65863,70,76,70.0,0.0198887840322
653,1,4949.4988913525485,74.0465314146525,1.312971702077261,0.017822296354744138,5.83802655959246,1.1792990931644007,0.20497462358881105,4982.726881720429,70.03017564337578,1.6487713816253935,0.023954953761646792,3.953004102454119,0.8547125629006899,0.21730138781584027,6233_6759,1.0,1.0,0.0,164,2,12,1,164,1,164,0,1,163,12,429,FL-429 S,S,Freeway,1.28379061667,0.0,6233,6759,S,2,65863,4,429,25600,65863,70,76,70.0,0.0198887840322
654,2,6291.626931567329,73.292669975535,1.6922213431164888,0.02348391771741677,6.701788135168653,1.0860798786380799,0.16426458852185627,6308.489316239316,67.63946474467058,1.9195160996616876,0.028644234484145287,3.935047041576596,0.6804410479105216,0.17411258247390882,6233_6759,1.0,1.0,0.0,164,2,12,1,164,1,164,0,1,163,12,429,FL-429 S,S,Freeway,1.28379061667,0.0,6233,6759,S,2,65863,4,429,25600,65863,70,76,70.0,0.0198887840322
655,3,9232.949227373068,73.73181087395291,1.4754725041204924,0.020783341833082208,4.671788451748774,1.070185467736129,0.220417491842022,9230.098290598293,69.10468355922029,1.7986641611290142,0.02617878109702951,2.9580868023175664,0.6389123209118889,0.21520863231636347,6233_6759,1.0,1.0,0.0,164,2,12,1,164,1,164,0,1,163,12,429,FL-429 S,S,Freeway,1.28379061667,0.0,6233,6759,S,2,65863,4,429,25600,65863,70,76,70.0,0.0198887840322
656,0,6968.268817204301,66.66877606898908,2.6138977912089483,0.03925327266391621,1.4275629769060438,1.275536508844783,0.8905389735682958,3706.4170616113747,74.0728030830443,3.620057717257028,0.06109647605701327,1.7999696602756865,0.992248763325427,0.8540033458635776,8464_8492,0.0,0.0,0.0,165,2,13,1,165,1,165,0,1,164,13,429,FL-429 S,S,Freeway,0.967510003583,0.0,8464,8492,W,2,65863,4,429,25600,65863,70,86,70.0,0.015481832621799998
657,1,6461.336225596529,67.03021236137666,1.5938954774691916,0.024437470347870343,5.574309240150422,1.2073572942261308,0.21526862522919651,4260.043583535109,74.44555271746138,1.9493589276868224,0.028942382646532195,3.4600391382968003,0.7422078468112102,0.2909428363622444,8464_8492,2.0,0.0,2.0,165,2,13,1,165,1,165,0,1,164,13,429,FL-429 S,S,Freeway,0.967510003583,0.0,8464,8492,W,2,65863,4,429,25600,65863,70,86,70.0,0.015481832621799998
658,2,8878.034632034633,59.70809705930139,5.272512036031128,0.09129974859741824,9.91785746949648,3.2403303349693977,0.30848263903731016,5170.138424821002,73.26618327405937,2.3057154127145445,0.044567992134177864,4.355582893341587,1.060606139095688,0.29170390316280514,8464_8492,2.0,0.0,2.0,165,2,13,1,165,1,165,0,1,164,13,429,FL-429 S,S,Freeway,0.967510003583,0.0,8464,8492,W,2,65863,4,429,25600,65863,70,86,70.0,0.015481832621799998
659,3,13470.810752688172,66.54410095758908,1.7815425733564032,0.026984548776870683,5.051661879359966,1.205560906793535,0.2323450463787816,7605.158018867924,73.02624445925919,2.1780337399263416,0.04526348365125758,3.2338259279963504,0.920777271934886,0.3262422084191557,8464_8492,2.0,1.0,1.0,165,2,13,1,165,1,165,0,1,164,13,429,FL-429 S,S,Freeway,0.967510003583,0.0,8464,8492,W,2,65863,4,429,25600,65863,70,86,70.0,0.015481832621799998
660,0,2817.5973451327427,67.60341472676257,4.686897809340331,0.0694461723498207,0.5973014630057769,0.4850279339151754,0.821932334136797,6904.739910313901,68.9642593532213,2.6095874616343995,0.03792566675917797,1.4410972228108243,1.1939723953918284,0.8274504323286778,8529_8524,1.0,1.0,0.0,166,2,14,1,166,1,166,0,1,165,14,429,FL-429 S,S,Freeway,0.464191004704,0.0,8529,8524,S,2,65863,4,429,64000,65863,70,64,70.0,0.0067659728614
661,1,3757.828125,67.88064372863117,1.9313825795076385,0.028678216047214714,3.2514795772241483,0.6355679038339345,0.1961382564132975,6500.24200913242,68.49947386372754,1.6410527074784549,0.025884964712429147,5.675393418030759,1.2577854510588549,0.20824963947305816,8529_8524,2.0,1.0,1.0,166,2,14,1,166,1,166,0,1,165,14,429,FL-429 S,S,Freeway,0.464191004704,0.0,8529,8524,S,2,65863,4,429,64000,65863,70,64,70.0,0.0067659728614
662,2,3818.6422222222222,68.09301650404088,2.543180763315042,0.04049078120803835,3.0701308494830566,1.016107056111009,0.2683541044233748,8963.364253393665,58.006582315289705,10.292469448188383,0.21233617277154007,11.527594649320905,5.2698660442908,0.4057513157749125,8529_8524,4.0,4.0,0.0,166,2,14,1,166,1,166,0,1,165,14,429,FL-429 S,S,Freeway,0.464191004704,0.0,8529,8524,S,2,65863,4,429,64000,65863,70,64,70.0,0.0067659728614
663,3,6280.166297117517,68.02829658845371,1.8319951117319857,0.02712063326732868,2.242082322196433,0.5607407714512419,0.2425366641298292,13463.76062639821,68.66547467434367,2.0652244015045262,0.03065476734695134,5.024216827449599,1.3535403997190223,0.249963459816132,8529_8524,3.0,2.0,1.0,166,2,14,1,166,1,166,0,1,165,14,429,FL-429 S,S,Freeway,0.464191004704,0.0,8529,8524,S,2,65863,4,429,64000,65863,70,64,70.0,0.0067659728614
664,0,6904.739910313901,68.9642593532213,2.6095874616343995,0.03792566675917797,1.4410972228108243,1.1939723953918284,0.8274504323286778,6940.271948608137,73.78625281407878,2.610605248288578,0.03543615845522589,1.954017430190664,1.6319922278965078,0.8327488698412946,8524_6989,2.0,2.0,0.0,167,2,15,1,167,1,167,0,1,166,15,429,FL-429 S,S,Freeway,1.2311050428399999,0.0,8524,6989,W,2,65863,4,429,53390,65863,70,44,70.0,0.0189019296271
665,1,6500.24200913242,68.49947386372754,1.6410527074784549,0.025884964712429147,5.675393418030759,1.2577854510588549,0.20824963947305816,6447.4008620689665,72.4649867231778,2.0624549419480984,0.030715214578527533,7.938176751138211,1.6510230194100737,0.2038374607050883,8524_6989,5.0,4.0,1.0,167,2,15,1,167,1,167,0,1,166,15,429,FL-429 S,S,Freeway,1.2311050428399999,0.0,8524,6989,W,2,65863,4,429,53390,65863,70,44,70.0,0.0189019296271
666,2,8963.364253393665,58.006582315289705,10.292469448188383,0.21233617277154007,11.527594649320905,5.2698660442908,0.4057513157749125,8947.372844827587,60.28450427187396,9.70505744548175,0.17079962261465068,12.679216460034782,3.749415763007271,0.28102786167050925,8524_6989,12.0,10.0,2.0,167,2,15,1,167,1,167,0,1,166,15,429,FL-429 S,S,Freeway,1.2311050428399999,0.0,8524,6989,W,2,65863,4,429,53390,65863,70,44,70.0,0.0189019296271
667,3,13463.76062639821,68.66547467434367,2.0652244015045262,0.03065476734695134,5.024216827449599,1.3535403997190223,0.249963459816132,13445.546038543896,72.5583462106801,2.3763999672509537,0.033174396856866434,6.869363841148792,1.5375801136312095,0.21705413288723652,8524_6989,5.0,5.0,0.0,167,2,15,1,167,1,167,0,1,166,15,429,FL-429 S,S,Freeway,1.2311050428399999,0.0,8524,6989,W,2,65863,4,429,53390,65863,70,44,70.0,0.0189019296271
668,0,5742.3795309168445,68.05844475144728,3.276909659252526,0.0481924796813722,0.8698056282994325,0.7239745814729491,0.8403071314129785,2817.5973451327427,67.60341472676257,4.686897809340331,0.0694461723498207,0.5973014630057769,0.4850279339151754,0.821932334136797,8507_8529,0.0,0.0,0.0,168,2,16,1,168,1,168,0,1,167,16,429,FL-429 S,S,Freeway,0.299953468587,0.0,8507,8529,W,3,65863,4,50,47500,65863,70,47,70.0,0.00437397327582
669,1,9115.643776824034,66.33984424726539,4.519962658929584,0.07142124224086807,6.879627691046605,2.4981278502430095,0.3206265946385879,3757.828125,67.88064372863117,1.9313825795076385,0.028678216047214714,3.2514795772241483,0.6355679038339345,0.1961382564132975,8507_8529,0.0,0.0,0.0,168,2,16,1,168,1,168,0,1,167,16,429,FL-429 S,S,Freeway,0.299953468587,0.0,8507,8529,W,3,65863,4,50,47500,65863,70,47,70.0,0.00437397327582
670,2,7089.907725321888,69.51729765196906,2.036783542624935,0.030117094547607387,4.061499870128333,0.8906427428660355,0.2093032664303122,3818.6422222222222,68.09301650404088,2.543180763315042,0.04049078120803835,3.0701308494830566,1.016107056111009,0.2683541044233748,8507_8529,0.0,0.0,0.0,168,2,16,1,168,1,168,0,1,167,16,429,FL-429 S,S,Freeway,0.299953468587,0.0,8507,8529,W,3,65863,4,50,47500,65863,70,47,70.0,0.00437397327582
671,3,12846.62473347548,69.18402571959457,1.764556357058498,0.025691315513245973,3.4982856007962373,0.6986114716530619,0.1964794010272912,6280.166297117517,68.02829658845371,1.8319951117319857,0.02712063326732868,2.242082322196433,0.5607407714512419,0.2425366641298292,8507_8529,2.0,1.0,1.0,168,2,16,1,168,1,168,0,1,167,16,429,FL-429 S,S,Freeway,0.299953468587,0.0,8507,8529,W,3,65863,4,50,47500,65863,70,47,70.0,0.00437397327582
672,0,6511.3439024390245,69.926881611141,2.8519574802724783,0.04092525694769319,1.4206500389001948,1.0964976442044732,0.7745777429791512,5742.3795309168445,68.05844475144728,3.276909659252526,0.0481924796813722,0.8698056282994325,0.7239745814729491,0.8403071314129785,8423_8507,0.0,0.0,0.0,169,2,17,1,169,1,169,0,1,168,17,429,FL-429 S,S,Freeway,0.580105995913,0.0,8423,8507,S,2,65863,4,429,70581,65863,70,102,70.0,0.0084475048407
673,1,10030.926470588236,66.37176013432556,3.02352378189203,0.047362777912979256,8.88821564836326,1.7561704652250998,0.1999855539941936,9115.643776824034,66.33984424726539,4.519962658929584,0.07142124224086807,6.879627691046605,2.4981278502430095,0.3206265946385879,8423_8507,6.0,5.0,1.0,169,2,17,1,169,1,169,0,1,168,17,429,FL-429 S,S,Freeway,0.580105995913,0.0,8423,8507,S,2,65863,4,429,70581,65863,70,102,70.0,0.0084475048407
674,2,8045.041666666668,68.98935341308957,2.069587529763927,0.030693076733272862,6.203963085601673,1.2063633797539373,0.194072809056375,7089.907725321888,69.51729765196906,2.036783542624935,0.030117094547607387,4.061499870128333,0.8906427428660355,0.2093032664303122,8423_8507,4.0,2.0,2.0,169,2,17,1,169,1,169,0,1,168,17,429,FL-429 S,S,Freeway,0.580105995913,0.0,8423,8507,S,2,65863,4,429,70581,65863,70,102,70.0,0.0084475048407
675,3,14458.0900243309,68.99443655818249,1.7591308984649157,0.025604215862260547,5.4280541184687126,0.9855495890338888,0.1906364955322492,12846.62473347548,69.18402571959457,1.764556357058498,0.025691315513245973,3.4982856007962373,0.6986114716530619,0.1964794010272912,8423_8507,3.0,1.0,2.0,169,2,17,1,169,1,169,0,1,168,17,429,FL-429 S,S,Freeway,0.580105995913,0.0,8423,8507,S,2,65863,4,429,70581,65863,70,102,70.0,0.0084475048407
676,0,6940.271948608137,73.78625281407878,2.610605248288578,0.03543615845522589,1.954017430190664,1.6319922278965078,0.8327488698412946,6968.268817204301,66.66877606898908,2.6138977912089483,0.03925327266391621,1.4275629769060438,1.275536508844783,0.8905389735682958,6989_8464,2.0,1.0,1.0,170,2,18,1,170,1,170,0,1,169,18,429,FL-429 S,S,Freeway,0.848413117917,0.0,6989,8464,W,2,65863,4,429,53390,65863,70,58,70.0,0.013541189352799998
677,1,6447.4008620689665,72.4649867231778,2.0624549419480984,0.030715214578527533,7.938176751138211,1.6510230194100737,0.2038374607050883,6461.336225596529,67.03021236137666,1.5938954774691916,0.024437470347870343,5.574309240150422,1.2073572942261308,0.21526862522919651,6989_8464,0.0,0.0,0.0,170,2,18,1,170,1,170,0,1,169,18,429,FL-429 S,S,Freeway,0.848413117917,0.0,6989,8464,W,2,65863,4,429,53390,65863,70,58,70.0,0.013541189352799998
678,2,8947.372844827587,60.28450427187396,9.70505744548175,0.17079962261465068,12.679216460034782,3.749415763007271,0.28102786167050925,8878.034632034633,59.70809705930139,5.272512036031128,0.09129974859741824,9.91785746949648,3.2403303349693977,0.30848263903731016,6989_8464,12.0,12.0,0.0,170,2,18,1,170,1,170,0,1,169,18,429,FL-429 S,S,Freeway,0.848413117917,0.0,6989,8464,W,2,65863,4,429,53390,65863,70,58,70.0,0.013541189352799998
679,3,13445.546038543896,72.5583462106801,2.3763999672509537,0.033174396856866434,6.869363841148792,1.5375801136312095,0.21705413288723652,13470.810752688172,66.54410095758908,1.7815425733564032,0.026984548776870683,5.051661879359966,1.205560906793535,0.2323450463787816,6989_8464,3.0,2.0,1.0,170,2,18,1,170,1,170,0,1,169,18,429,FL-429 S,S,Freeway,0.848413117917,0.0,6989,8464,W,2,65863,4,429,53390,65863,70,58,70.0,0.013541189352799998
680,0,5202.251121076233,59.98617068250413,9.495748217327176,-0.4551585831188032,1.6272872845603898,1.2212314969884683,0.7476377943763789,6511.3439024390245,69.926881611141,2.8519574802724783,0.04092525694769319,1.4206500389001948,1.0964976442044732,0.7745777429791512,8429_8423,2.0,1.0,1.0,171,2,19,1,171,1,171,0,1,170,19,429,FL-429 S,S,Freeway,0.932471570871,0.0,8429,8423,S,2,65863,4,429,72592,65863,70,60,70.0,0.0136443568266
681,1,9925.313199105143,52.70920348363081,6.451724009719891,0.08018922556571234,10.51770213527411,2.3786154540957907,0.21564221874168704,10030.926470588236,66.37176013432556,3.02352378189203,0.047362777912979256,8.88821564836326,1.7561704652250998,0.1999855539941936,8429_8423,6.0,4.0,2.0,171,2,19,1,171,1,171,0,1,170,19,429,FL-429 S,S,Freeway,0.932471570871,0.0,8429,8423,S,2,65863,4,429,72592,65863,70,60,70.0,0.0136443568266
682,2,8063.387387387386,39.04497966855503,2.2254695408571337,0.04022369080487431,7.039050256071974,1.5146440466762316,0.20496420853672,8045.041666666668,68.98935341308957,2.069587529763927,0.030693076733272862,6.203963085601673,1.2063633797539373,0.194072809056375,8429_8423,2.0,2.0,0.0,171,2,19,1,171,1,171,0,1,170,19,429,FL-429 S,S,Freeway,0.932471570871,0.0,8429,8423,S,2,65863,4,429,72592,65863,70,60,70.0,0.0136443568266
683,3,14450.433035714286,57.902965290187424,1.5743370680119784,0.027285224836269845,5.854619894134755,1.0371000782211304,0.1768266339833672,14458.0900243309,68.99443655818249,1.7591308984649157,0.025604215862260547,5.4280541184687126,0.9855495890338888,0.1906364955322492,8429_8423,4.0,3.0,1.0,171,2,19,1,171,1,171,0,1,170,19,429,FL-429 S,S,Freeway,0.932471570871,0.0,8429,8423,S,2,65863,4,429,72592,65863,70,60,70.0,0.0136443568266
684,0,6065.43897216274,69.55667173731848,2.4498001956210285,0.035240112693388434,1.104283789431448,0.9300351507187076,0.8466343455576787,6235.481876332623,72.55797246276411,2.5867963102954152,0.03572091816868135,1.8702787228024211,1.6289262704662375,0.8726368703858985,8393_6248,2.0,1.0,1.0,172,2,20,1,172,1,172,0,1,171,20,429,FL-429 S,S,Freeway,0.30879847841499997,0.0,8393,6248,S,2,65863,4,429,64500,65863,70,43,70.0,0.00499056937823
685,1,9530.37553648069,58.917010624558074,9.767220451821203,0.1907362752631365,11.409375063922017,5.157931936149017,0.39737248625245397,9535.440170940172,60.47348208148198,11.022829950094176,0.20443245822701775,17.867356999298796,6.817640377213218,0.35363650912066474,8393_6248,11.0,10.0,1.0,172,2,20,1,172,1,172,0,1,171,20,429,FL-429 S,S,Freeway,0.30879847841499997,0.0,8393,6248,S,2,65863,4,429,64500,65863,70,43,70.0,0.00499056937823
686,2,7778.645161290324,67.24399667329553,2.6623255747685417,0.044157749041057216,5.958664169363093,1.5249472739341217,0.2300332959402317,7835.923240938167,70.67169168800744,3.3889961038394514,0.054017595760120315,10.168829416786066,2.5655467179653333,0.23133237827221134,8393_6248,3.0,3.0,0.0,172,2,20,1,172,1,172,0,1,171,20,429,FL-429 S,S,Freeway,0.30879847841499997,0.0,8393,6248,S,2,65863,4,429,64500,65863,70,43,70.0,0.00499056937823
687,3,13793.893162393162,68.14910176017409,1.5862830810336608,0.02358364531988757,4.6624606821643475,0.9997585359138952,0.20693966185110585,14017.275053304906,72.22514413042667,1.8571986576317725,0.026124611073630937,7.914081946428912,1.6297267011335783,0.20155951866578467,8393_6248,2.0,1.0,1.0,172,2,20,1,172,1,172,0,1,171,20,429,FL-429 S,S,Freeway,0.30879847841499997,0.0,8393,6248,S,2,65863,4,429,64500,65863,70,43,70.0,0.00499056937823
688,0,6235.481876332623,72.55797246276411,2.5867963102954152,0.03572091816868135,1.8702787228024211,1.6289262704662375,0.8726368703858985,6040.5726495726485,71.77149173465891,2.5270791801439483,0.035255077509432416,1.5428118285736705,1.347402934464544,0.8764616314510917,6248_5993,2.0,1.0,1.0,173,2,21,1,173,1,173,0,1,172,21,429,FL-429 S,S,Freeway,1.23787216517,0.0,6248,5993,S,2,65863,4,429,64500,65863,70,89,70.0,0.018341342997400003
689,1,9535.440170940172,60.47348208148198,11.022829950094176,0.20443245822701775,17.867356999298796,6.817640377213218,0.35363650912066474,9535.190987124464,62.965203687257976,6.474031701266432,0.10797962075787132,12.74191175657991,3.1256114096007948,0.24130927987439546,6248_5993,5.0,4.0,1.0,173,2,21,1,173,1,173,0,1,172,21,429,FL-429 S,S,Freeway,1.23787216517,0.0,6248,5993,S,2,65863,4,429,64500,65863,70,89,70.0,0.018341342997400003
690,2,7835.923240938167,70.67169168800744,3.3889961038394514,0.054017595760120315,10.168829416786066,2.5655467179653333,0.23133237827221134,7779.978632478633,68.94755056179244,3.2405952976448638,0.04942541760043793,8.372613915362763,1.8724496019797223,0.2174554554291672,6248_5993,2.0,2.0,0.0,173,2,21,1,173,1,173,0,1,172,21,429,FL-429 S,S,Freeway,1.23787216517,0.0,6248,5993,S,2,65863,4,429,64500,65863,70,89,70.0,0.018341342997400003
691,3,14017.275053304906,72.22514413042667,1.8571986576317725,0.026124611073630937,7.914081946428912,1.6297267011335783,0.20155951866578467,13811.59401709402,70.67380903899847,1.867085759171489,0.026724405722991916,6.681173040340296,1.3138922103764572,0.19475844990450467,6248_5993,2.0,2.0,0.0,173,2,21,1,173,1,173,0,1,172,21,429,FL-429 S,S,Freeway,1.23787216517,0.0,6248,5993,S,2,65863,4,429,64500,65863,70,89,70.0,0.018341342997400003
692,0,6040.5726495726485,71.77149173465891,2.5270791801439483,0.035255077509432416,1.5428118285736705,1.347402934464544,0.8764616314510917,6049.273504273503,70.14132042120102,2.8174014588491447,0.04025880345626063,1.249416893072883,0.9889109317098748,0.7951685085872137,5993_8395,2.0,1.0,1.0,174,2,22,1,174,1,174,0,1,173,22,429,FL-429 S,S,Freeway,0.202626820516,0.0,5993,8395,S,2,65863,4,429,64500,65863,70,50,70.0,0.00294394231547
693,1,9535.190987124464,62.965203687257976,6.474031701266432,0.10797962075787132,12.74191175657991,3.1256114096007948,0.24130927987439546,9413.109442060086,63.066250796037465,4.5202860813074635,0.07497192434302324,8.278627763380857,1.8435959495577188,0.21552888365966796,5993_8395,5.0,4.0,1.0,174,2,22,1,174,1,174,0,1,173,22,429,FL-429 S,S,Freeway,0.202626820516,0.0,5993,8395,S,2,65863,4,429,64500,65863,70,50,70.0,0.00294394231547
694,2,7779.978632478633,68.94755056179244,3.2405952976448638,0.04942541760043793,8.372613915362763,1.8724496019797223,0.2174554554291672,7723.297644539614,66.74427586648633,2.5511500983033915,0.03979725886037122,5.889063465453942,1.253204122144419,0.2052507224027253,5993_8395,0.0,0.0,0.0,174,2,22,1,174,1,174,0,1,173,22,429,FL-429 S,S,Freeway,0.202626820516,0.0,5993,8395,S,2,65863,4,429,64500,65863,70,50,70.0,0.00294394231547
695,3,13811.59401709402,70.67380903899847,1.867085759171489,0.026724405722991916,6.681173040340296,1.3138922103764572,0.19475844990450467,13649.745726495728,67.79279277276322,1.7956148784415584,0.026682865427858412,4.78551757827954,0.9112838666058256,0.1893893124000176,5993_8395,1.0,1.0,0.0,174,2,22,1,174,1,174,0,1,173,22,429,FL-429 S,S,Freeway,0.202626820516,0.0,5993,8395,S,2,65863,4,429,64500,65863,70,50,70.0,0.00294394231547
696,0,6049.273504273503,70.14132042120102,2.8174014588491447,0.04025880345626063,1.249416893072883,0.9889109317098748,0.7951685085872137,5202.251121076233,59.98617068250413,9.495748217327176,-0.4551585831188032,1.6272872845603898,1.2212314969884683,0.7476377943763789,8395_8429,3.0,2.0,1.0,175,2,23,1,175,1,175,0,1,174,23,429,FL-429 S,S,Freeway,0.37329219061700003,0.0,8395,8429,S,2,65863,4,429,64500,65863,70,98,70.0,0.00542352822207
697,1,9413.109442060086,63.066250796037465,4.5202860813074635,0.07497192434302324,8.278627763380857,1.8435959495577188,0.21552888365966796,9925.313199105143,52.70920348363081,6.451724009719891,0.08018922556571234,10.51770213527411,2.3786154540957907,0.21564221874168704,8395_8429,1.0,1.0,0.0,175,2,23,1,175,1,175,0,1,174,23,429,FL-429 S,S,Freeway,0.37329219061700003,0.0,8395,8429,S,2,65863,4,429,64500,65863,70,98,70.0,0.00542352822207
698,2,7723.297644539614,66.74427586648633,2.5511500983033915,0.03979725886037122,5.889063465453942,1.253204122144419,0.2052507224027253,8063.387387387386,39.04497966855503,2.2254695408571337,0.04022369080487431,7.039050256071974,1.5146440466762316,0.20496420853672,8395_8429,0.0,0.0,0.0,175,2,23,1,175,1,175,0,1,174,23,429,FL-429 S,S,Freeway,0.37329219061700003,0.0,8395,8429,S,2,65863,4,429,64500,65863,70,98,70.0,0.00542352822207
699,3,13649.745726495728,67.79279277276322,1.7956148784415584,0.026682865427858412,4.78551757827954,0.9112838666058256,0.1893893124000176,14450.433035714286,57.902965290187424,1.5743370680119784,0.027285224836269845,5.854619894134755,1.0371000782211304,0.1768266339833672,8395_8429,1.0,1.0,0.0,175,2,23,1,175,1,175,0,1,174,23,429,FL-429 S,S,Freeway,0.37329219061700003,0.0,8395,8429,S,2,65863,4,429,64500,65863,70,98,70.0,0.00542352822207
700,0,5224.84434968017,70.52500032890036,2.3397492989234925,0.03319531073900845,1.4248320412128552,1.1090333864629085,0.7819620678961211,6065.43897216274,69.55667173731848,2.4498001956210285,0.035240112693388434,1.104283789431448,0.9300351507187076,0.8466343455576787,8458_8393,0.0,0.0,0.0,176,2,24,1,176,1,176,0,1,175,24,429,FL-429 S,S,Freeway,0.671556703433,0.0,8458,8393,W,2,65863,4,429,72601,65863,70,42,70.0,0.010776328713
701,1,8144.880085653105,63.26937512132763,8.174114219362908,0.1473397778783416,11.1722841505742,4.754226347047752,0.3675281909981721,9530.37553648069,58.917010624558074,9.767220451821203,0.1907362752631365,11.409375063922017,5.157931936149017,0.39737248625245397,8458_8393,6.0,3.0,3.0,176,2,24,1,176,1,176,0,1,175,24,429,FL-429 S,S,Freeway,0.671556703433,0.0,8458,8393,W,2,65863,4,429,72601,65863,70,42,70.0,0.010776328713
702,2,6942.228632478633,68.7714525213779,2.312374795497142,0.036379948658460136,6.398128945244921,1.557641536842758,0.22255947021548614,7778.645161290324,67.24399667329553,2.6623255747685417,0.044157749041057216,5.958664169363093,1.5249472739341217,0.2300332959402317,8458_8393,0.0,0.0,0.0,176,2,24,1,176,1,176,0,1,175,24,429,FL-429 S,S,Freeway,0.671556703433,0.0,8458,8393,W,2,65863,4,429,72601,65863,70,42,70.0,0.010776328713
703,3,12005.243589743592,69.34072025955602,1.5856921049067625,0.02304723012283445,5.300629160118636,1.0637757998814463,0.1982195517708512,13793.893162393162,68.14910176017409,1.5862830810336608,0.02358364531988757,4.6624606821643475,0.9997585359138952,0.20693966185110585,8458_8393,3.0,3.0,0.0,176,2,24,1,176,1,176,0,1,175,24,429,FL-429 S,S,Freeway,0.671556703433,0.0,8458,8393,W,2,65863,4,429,72601,65863,70,42,70.0,0.010776328713
704,0,5194.038461538462,69.195949901712,3.2449885614701306,0.0469238906153285,1.3468099198007613,1.0523669575760195,0.7811227260803659,5243.019189765459,68.27686932926757,3.343351631420848,0.049206392287548,1.1706180255555776,0.926949760327452,0.7934241894614223,8438_6296,1.0,0.0,1.0,177,2,25,1,177,1,177,0,1,176,25,429,FL-429 S,S,Freeway,0.9320990721269999,0.0,8438,6296,S,2,65863,4,429,73457,65863,70,82,70.0,0.0137056350951
705,1,8178.096566523604,63.93394736675222,4.277025060098109,0.07682115810689913,8.846060447539335,2.389167744945962,0.2372988239526292,8107.151709401709,62.54215177567094,4.846798130453375,0.08650402863007996,7.907216511030643,2.308227192575396,0.2578337450286462,8438_6296,11.0,9.0,2.0,177,2,25,1,177,1,177,0,1,176,25,429,FL-429 S,S,Freeway,0.9320990721269999,0.0,8438,6296,S,2,65863,4,429,73457,65863,70,82,70.0,0.0137056350951
706,2,6910.289079229123,66.80515441222964,1.9973576048637425,0.030442363186797564,6.205877087946898,1.2732953339855408,0.2034341250611421,6917.869936034115,64.88241759216788,2.3473886125945063,0.03770257541499555,5.2382872414057084,1.1683852801548191,0.21303720171783905,8438_6296,0.0,0.0,0.0,177,2,25,1,177,1,177,0,1,176,25,429,FL-429 S,S,Freeway,0.9320990721269999,0.0,8438,6296,S,2,65863,4,429,73457,65863,70,82,70.0,0.0137056350951
707,3,11976.96794871795,66.49825331365618,1.6611816478786232,0.025068553653953232,5.046894914973276,0.9115182914840522,0.1801628958358608,11951.40724946695,65.38834304590068,2.038918655394487,0.031412523906668044,4.297320614270261,0.8495669491654547,0.19589401036501616,8438_6296,2.0,2.0,0.0,177,2,25,1,177,1,177,0,1,176,25,429,FL-429 S,S,Freeway,0.9320990721269999,0.0,8438,6296,S,2,65863,4,429,73457,65863,70,82,70.0,0.0137056350951
708,0,4804.886752136752,67.54729003875133,3.413856783444364,0.05056393989274311,1.1215571708167038,0.9002910342768037,0.8075258034083644,5194.038461538462,69.195949901712,3.2449885614701306,0.0469238906153285,1.3468099198007613,1.0523669575760195,0.7811227260803659,8434_8438,0.0,0.0,0.0,178,2,26,1,178,1,178,0,1,177,26,429,FL-429 S,S,Freeway,0.528478076241,0.0,8434,8438,S,2,65863,4,429,73457,65863,70,82,70.0,0.00792579751641
709,1,7572.232258064517,64.00689983613543,3.7374470962814352,0.06548845133183448,7.259955053266134,2.152789299544231,0.243589803312868,8178.096566523604,63.93394736675222,4.277025060098109,0.07682115810689913,8.846060447539335,2.389167744945962,0.2372988239526292,8434_8438,1.0,1.0,0.0,178,2,26,1,178,1,178,0,1,177,26,429,FL-429 S,S,Freeway,0.528478076241,0.0,8434,8438,S,2,65863,4,429,73457,65863,70,82,70.0,0.00792579751641
710,2,6558.796573875803,64.84244772058432,2.137237120009431,0.033575406569377256,5.089433518033818,1.119188771623636,0.2130315655293916,6910.289079229123,66.80515441222964,1.9973576048637425,0.030442363186797564,6.205877087946898,1.2732953339855408,0.2034341250611421,8434_8438,0.0,0.0,0.0,178,2,26,1,178,1,178,0,1,177,26,429,FL-429 S,S,Freeway,0.528478076241,0.0,8434,8438,S,2,65863,4,429,73457,65863,70,82,70.0,0.00792579751641
711,3,11187.175213675213,64.96448865130975,2.122005515043166,0.03297947350434238,4.198226302949766,0.8774687924264698,0.20134434528917505,11976.96794871795,66.49825331365618,1.6611816478786232,0.025068553653953232,5.046894914973276,0.9115182914840522,0.1801628958358608,8434_8438,2.0,2.0,0.0,178,2,26,1,178,1,178,0,1,177,26,429,FL-429 S,S,Freeway,0.528478076241,0.0,8434,8438,S,2,65863,4,429,73457,65863,70,82,70.0,0.00792579751641
712,0,9733.498920086391,69.48057172296716,3.720760927473311,0.054295210916738335,1.4674034772004705,1.2055295042198226,0.8343906981783827,5224.84434968017,70.52500032890036,2.3397492989234925,0.03319531073900845,1.4248320412128552,1.1090333864629085,0.7819620678961211,7012_8458,2.0,1.0,1.0,179,2,27,1,179,1,179,0,1,178,27,429,FL-429 S,S,Freeway,0.592448460444,0.0,7012,8458,S,2,65863,4,429,81000,65863,70,44,70.0,0.0086708397753
713,1,15396.762008733624,62.187817822629206,6.041323263356827,0.10897130198553064,10.51132171681479,3.329312334152447,0.2808564775934779,8144.880085653105,63.26937512132763,8.174114219362908,0.1473397778783416,11.1722841505742,4.754226347047752,0.3675281909981721,7012_8458,9.0,6.0,3.0,179,2,27,1,179,1,179,0,1,178,27,429,FL-429 S,S,Freeway,0.592448460444,0.0,7012,8458,S,2,65863,4,429,81000,65863,70,44,70.0,0.0086708397753
714,2,13222.717391304348,66.17894894063598,2.8077673152459397,0.0439326821731121,7.040129111151531,1.5093897874718298,0.2073765010786668,6942.228632478633,68.7714525213779,2.312374795497142,0.036379948658460136,6.398128945244921,1.557641536842758,0.22255947021548614,7012_8458,2.0,2.0,0.0,179,2,27,1,179,1,179,0,1,178,27,429,FL-429 S,S,Freeway,0.592448460444,0.0,7012,8458,S,2,65863,4,429,81000,65863,70,44,70.0,0.0086708397753
715,3,22776.112554112555,66.33279889671536,2.588270335249491,0.039218907445717946,5.662406670214112,1.1391791216641598,0.19890449293227427,12005.243589743592,69.34072025955602,1.5856921049067625,0.02304723012283445,5.300629160118636,1.0637757998814463,0.1982195517708512,7012_8458,1.0,1.0,0.0,179,2,27,1,179,1,179,0,1,178,27,429,FL-429 S,S,Freeway,0.592448460444,0.0,7012,8458,S,2,65863,4,429,81000,65863,70,44,70.0,0.0086708397753
716,0,5243.019189765459,68.27686932926757,3.343351631420848,0.049206392287548,1.1706180255555776,0.926949760327452,0.7934241894614223,9733.498920086391,69.48057172296716,3.720760927473311,0.054295210916738335,1.4674034772004705,1.2055295042198226,0.8343906981783827,6296_7012,0.0,0.0,0.0,180,2,28,1,180,1,180,0,1,179,28,429,FL-429 S,S,Freeway,0.33280695704999996,0.0,6296,7012,S,2,65863,4,429,81000,65863,70,72,70.0,0.00483789568771
717,1,8107.151709401709,62.54215177567094,4.846798130453375,0.08650402863007996,7.907216511030643,2.308227192575396,0.2578337450286462,15396.762008733624,62.187817822629206,6.041323263356827,0.10897130198553064,10.51132171681479,3.329312334152447,0.2808564775934779,6296_7012,0.0,0.0,0.0,180,2,28,1,180,1,180,0,1,179,28,429,FL-429 S,S,Freeway,0.33280695704999996,0.0,6296,7012,S,2,65863,4,429,81000,65863,70,72,70.0,0.00483789568771
718,2,6917.869936034115,64.88241759216788,2.3473886125945063,0.03770257541499555,5.2382872414057084,1.1683852801548191,0.21303720171783905,13222.717391304348,66.17894894063598,2.8077673152459397,0.0439326821731121,7.040129111151531,1.5093897874718298,0.2073765010786668,6296_7012,0.0,0.0,0.0,180,2,28,1,180,1,180,0,1,179,28,429,FL-429 S,S,Freeway,0.33280695704999996,0.0,6296,7012,S,2,65863,4,429,81000,65863,70,72,70.0,0.00483789568771
719,3,11951.40724946695,65.38834304590068,2.038918655394487,0.031412523906668044,4.297320614270261,0.8495669491654547,0.19589401036501616,22776.112554112555,66.33279889671536,2.588270335249491,0.039218907445717946,5.662406670214112,1.1391791216641598,0.19890449293227427,6296_7012,1.0,1.0,0.0,180,2,28,1,180,1,180,0,1,179,28,429,FL-429 S,S,Freeway,0.33280695704999996,0.0,6296,7012,S,2,65863,4,429,81000,65863,70,72,70.0,0.00483789568771
720,0,4821.004273504273,72.66990628348636,2.6550523984606595,0.03656401595071485,0.7969050690993968,0.6336071747551166,0.8038102726287465,4804.886752136752,67.54729003875133,3.413856783444364,0.05056393989274311,1.1215571708167038,0.9002910342768037,0.8075258034083644,6255_8434,0.0,0.0,0.0,181,2,29,1,181,1,181,0,1,180,29,429,FL-429 S,S,Freeway,0.22742034535300001,0.0,6255,8434,S,2,65863,4,429,73457,65863,70,51,70.0,0.00331523216594
721,1,7576.013015184381,72.29086113300295,2.664373242406596,0.042222794060208936,5.0300177376467285,1.2670729794501299,0.20551221464188665,7572.232258064517,64.00689983613543,3.7374470962814352,0.06548845133183448,7.259955053266134,2.152789299544231,0.243589803312868,6255_8434,1.0,0.0,1.0,181,2,29,1,181,1,181,0,1,180,29,429,FL-429 S,S,Freeway,0.22742034535300001,0.0,6255,8434,S,2,65863,4,429,73457,65863,70,51,70.0,0.00331523216594
722,2,6590.66452991453,72.91262837655023,1.6874496908956185,0.023710912503386097,3.6486909687645097,0.7565861020721028,0.2034838251078885,6558.796573875803,64.84244772058432,2.137237120009431,0.033575406569377256,5.089433518033818,1.119188771623636,0.2130315655293916,6255_8434,0.0,0.0,0.0,181,2,29,1,181,1,181,0,1,180,29,429,FL-429 S,S,Freeway,0.22742034535300001,0.0,6255,8434,S,2,65863,4,429,73457,65863,70,51,70.0,0.00331523216594
723,3,11200.963675213678,72.51557811009185,1.4902146942127283,0.020928626464211716,3.0226894231827117,0.6198083759305059,0.1950488263803961,11187.175213675213,64.96448865130975,2.122005515043166,0.03297947350434238,4.198226302949766,0.8774687924264698,0.20134434528917505,6255_8434,1.0,0.0,1.0,181,2,29,1,181,1,181,0,1,180,29,429,FL-429 S,S,Freeway,0.22742034535300001,0.0,6255,8434,S,2,65863,4,429,73457,65863,70,51,70.0,0.00331523216594
724,0,2698.904051172708,73.08339733109767,3.5195645808610343,0.04819241079048599,0.4968597744843439,0.4687099464936343,0.9660402006600188,2665.494646680942,69.9954957303915,3.728411473476584,0.05330086224484827,0.4605965303806235,0.4204172766362672,0.9389248481997584,6221_5990,1.0,1.0,0.0,182,2,30,1,182,1,182,0,1,181,30,429,FL-429 S,S,Freeway,0.632137811457,0.0,6221,5990,E,2,65863,4,414,38500,65863,70,47,70.0,0.009576818847
725,1,5783.854077253219,75.5148704138597,1.0743203415542175,0.014286240463540932,3.9707385231149317,0.7877208717251067,0.20285386528728735,5775.015184381778,72.08162134904943,1.1327126091541238,0.01575719723103429,3.2338733794400243,0.6254172441543927,0.19825842332318275,6221_5990,0.0,0.0,0.0,182,2,30,1,182,1,182,0,1,181,30,429,FL-429 S,S,Freeway,0.632137811457,0.0,6221,5990,E,2,65863,4,414,38500,65863,70,47,70.0,0.009576818847
726,2,2764.831556503198,74.88245037514145,1.6740671309202926,0.02256962419328366,1.8017724908250927,0.466349732591261,0.26039362946521405,2751.4957081545062,71.31714429046916,1.7440865043390892,0.02465131846698901,1.54916048136948,0.3986892422253743,0.2601247809373499,6221_5990,0.0,0.0,0.0,182,2,30,1,182,1,182,0,1,181,30,429,FL-429 S,S,Freeway,0.632137811457,0.0,6221,5990,E,2,65863,4,414,38500,65863,70,47,70.0,0.009576818847
727,3,6391.639658848614,73.77281412412104,1.5128014748172032,0.020562340784710302,1.9960704909112843,0.4477987845711974,0.22574175691027998,6386.015021459229,70.3986118382221,1.5256399214768508,0.021736838465488902,1.682348992927036,0.3768257600674981,0.2256377120847525,6221_5990,1.0,1.0,0.0,182,2,30,1,182,1,182,0,1,181,30,429,FL-429 S,S,Freeway,0.632137811457,0.0,6221,5990,E,2,65863,4,414,38500,65863,70,47,70.0,0.009576818847
728,0,2665.494646680942,69.9954957303915,3.728411473476584,0.05330086224484827,0.4605965303806235,0.4204172766362672,0.9389248481997584,4835.699360341151,69.25342774892125,2.5008407145976244,0.036136176050868135,0.6274238261291545,0.5355689673315575,0.866760092454652,5990_8339,0.0,0.0,0.0,183,2,31,1,183,1,183,0,1,182,31,429,FL-429 S,S,Freeway,0.945777286024,0.0,5990,8339,S,2,65863,4,429,21000,65863,70,59,70.0,0.0141008014659
729,1,5775.015184381778,72.08162134904943,1.1327126091541238,0.01575719723103429,3.2338733794400243,0.6254172441543927,0.19825842332318275,7612.406451612903,69.64940660513719,1.8808736639118702,0.03042334883485805,4.390495931143899,1.0148859015437854,0.18984932085167436,5990_8339,2.0,2.0,0.0,183,2,31,1,183,1,183,0,1,182,31,429,FL-429 S,S,Freeway,0.945777286024,0.0,5990,8339,S,2,65863,4,429,21000,65863,70,59,70.0,0.0141008014659
730,2,2751.4957081545062,71.31714429046916,1.7440865043390892,0.02465131846698901,1.54916048136948,0.3986892422253743,0.2601247809373499,6619.239828693791,69.91422928820704,1.4441909957254568,0.02096108219525066,3.4305238142276893,0.7278279764688342,0.2104224031658208,5990_8339,3.0,3.0,0.0,183,2,31,1,183,1,183,0,1,182,31,429,FL-429 S,S,Freeway,0.945777286024,0.0,5990,8339,S,2,65863,4,429,21000,65863,70,59,70.0,0.0141008014659
731,3,6386.015021459229,70.3986118382221,1.5256399214768508,0.021736838465488902,1.682348992927036,0.3768257600674981,0.2256377120847525,11274.273504273504,69.36963845300806,1.2562072024786033,0.01833335757030165,2.6859273728633797,0.5612805359872559,0.20062695521620727,5990_8339,0.0,0.0,0.0,183,2,31,1,183,1,183,0,1,182,31,429,FL-429 S,S,Freeway,0.945777286024,0.0,5990,8339,S,2,65863,4,429,21000,65863,70,59,70.0,0.0141008014659
732,0,2701.773987206823,75.24048909044998,3.514544138882453,0.04673759146681322,0.4689901484259574,0.4544151196965809,0.9930893638005436,2698.904051172708,73.08339733109767,3.5195645808610343,0.04819241079048599,0.4968597744843439,0.4687099464936343,0.9660402006600188,5880_6221,2.0,1.0,1.0,184,2,32,1,184,1,184,0,1,183,32,429,FL-429 S,S,Freeway,1.02912303418,0.0,5880,6221,S,2,65863,6,429,38500,65863,70,60,70.0,0.0152358627716
733,1,5760.879828326179,77.63417123867991,1.2019195251593882,0.01776688278719365,3.834666855074457,0.8347436323647042,0.20897963942012085,5783.854077253219,75.5148704138597,1.0743203415542175,0.014286240463540932,3.9707385231149317,0.7877208717251067,0.20285386528728735,5880_6221,1.0,1.0,0.0,184,2,32,1,184,1,184,0,1,183,32,429,FL-429 S,S,Freeway,1.02912303418,0.0,5880,6221,S,2,65863,6,429,38500,65863,70,60,70.0,0.0152358627716
734,2,2746.712153518124,77.54262548815792,1.6228927358110892,0.021064252686543952,1.6667499273533557,0.448162155446054,0.2698660848189138,2764.831556503198,74.88245037514145,1.6740671309202926,0.02256962419328366,1.8017724908250927,0.466349732591261,0.26039362946521405,5880_6221,0.0,0.0,0.0,184,2,32,1,184,1,184,0,1,183,32,429,FL-429 S,S,Freeway,1.02912303418,0.0,5880,6221,S,2,65863,6,429,38500,65863,70,60,70.0,0.0152358627716
735,3,6338.526652452027,76.12174566526821,1.578809436223101,0.02101633354738372,1.8782792860921889,0.4838496832399831,0.23650724120461045,6391.639658848614,73.77281412412104,1.5128014748172032,0.020562340784710302,1.9960704909112843,0.4477987845711974,0.22574175691027998,5880_6221,1.0,1.0,0.0,184,2,32,1,184,1,184,0,1,183,32,429,FL-429 S,S,Freeway,1.02912303418,0.0,5880,6221,S,2,65863,6,429,38500,65863,70,60,70.0,0.0152358627716
736,0,4835.699360341151,69.25342774892125,2.5008407145976244,0.036136176050868135,0.6274238261291545,0.5355689673315575,0.866760092454652,4821.004273504273,72.66990628348636,2.6550523984606595,0.03656401595071485,0.7969050690993968,0.6336071747551166,0.8038102726287465,8339_6255,0.0,0.0,0.0,185,2,33,1,185,1,185,0,1,184,33,429,FL-429 S,S,Freeway,0.252299707485,0.0,8339,6255,S,2,65863,4,451,13600,65863,70,50,70.0,0.0036940981036300002
737,1,7612.406451612903,69.64940660513719,1.8808736639118702,0.03042334883485805,4.390495931143899,1.0148859015437854,0.18984932085167436,7576.013015184381,72.29086113300295,2.664373242406596,0.042222794060208936,5.0300177376467285,1.2670729794501299,0.20551221464188665,8339_6255,1.0,1.0,0.0,185,2,33,1,185,1,185,0,1,184,33,429,FL-429 S,S,Freeway,0.252299707485,0.0,8339,6255,S,2,65863,4,451,13600,65863,70,50,70.0,0.0036940981036300002
738,2,6619.239828693791,69.91422928820704,1.4441909957254568,0.02096108219525066,3.4305238142276893,0.7278279764688342,0.2104224031658208,6590.66452991453,72.91262837655023,1.6874496908956185,0.023710912503386097,3.6486909687645097,0.7565861020721028,0.2034838251078885,8339_6255,0.0,0.0,0.0,185,2,33,1,185,1,185,0,1,184,33,429,FL-429 S,S,Freeway,0.252299707485,0.0,8339,6255,S,2,65863,4,451,13600,65863,70,50,70.0,0.0036940981036300002
739,3,11274.273504273504,69.36963845300806,1.2562072024786033,0.01833335757030165,2.6859273728633797,0.5612805359872559,0.20062695521620727,11200.963675213678,72.51557811009185,1.4902146942127283,0.020928626464211716,3.0226894231827117,0.6198083759305059,0.1950488263803961,8339_6255,1.0,1.0,0.0,185,2,33,1,185,1,185,0,1,184,33,429,FL-429 S,S,Freeway,0.252299707485,0.0,8339,6255,S,2,65863,4,451,13600,65863,70,50,70.0,0.0036940981036300002
740,0,4767.081023454158,74.79374925111564,3.1516123147692485,0.04301562829468837,1.2558275371545524,1.0641597554455318,0.8280990853662836,5104.295258620689,67.69756506489037,3.3452650326685185,0.05032590342000656,1.0413052779218015,0.8342694294897137,0.7777760575808059,6598_8091,2.0,2.0,0.0,186,2,1,1,186,1,186,0,1,185,1,528,FL-528 W,W,Freeway,1.14923929654,0.0,6598,8091,S,3,99999,4,520,18615,99999,70,55,70.0,0.0188902569819
741,1,4832.602564102564,77.06333445358196,1.3551418349645719,0.01859429894075731,4.988068204988545,0.9769555585831964,0.19373836669561734,5487.839479392625,67.40080637565855,1.4783041110469062,0.024364358782839032,4.185562832786542,0.8231441619912583,0.18818651498213626,6598_8091,3.0,3.0,0.0,186,2,1,1,186,1,186,0,1,185,1,528,FL-528 W,W,Freeway,1.14923929654,0.0,6598,8091,S,3,99999,4,520,18615,99999,70,55,70.0,0.0188902569819
742,2,5198.9356223175955,74.84977178238888,2.0644283695815813,0.03045134167507735,5.58315312072286,1.2178409826601602,0.19952772415779052,5512.638949671772,66.11669484984014,1.7727555351206412,0.030179339077841164,4.217997605253425,0.8980327336425445,0.1931274322508139,6598_8091,1.0,1.0,0.0,186,2,1,1,186,1,186,0,1,185,1,528,FL-528 W,W,Freeway,1.14923929654,0.0,6598,8091,S,3,99999,4,520,18615,99999,70,55,70.0,0.0188902569819
743,3,10135.950959488271,75.62741722853497,1.5831079072847558,0.02116762650079337,4.892128702394059,0.8952237325487731,0.17922735122841912,11138.459051724138,66.2584787089206,1.6174206341455664,0.02521055224776295,3.8936729223152313,0.7362032797835817,0.1791048045629013,6598_8091,3.0,2.0,1.0,186,2,1,1,186,1,186,0,1,185,1,528,FL-528 W,W,Freeway,1.14923929654,0.0,6598,8091,S,3,99999,4,520,18615,99999,70,55,70.0,0.0188902569819
744,0,13057.6452991453,60.704894107046925,2.766780389246477,0.04610425792290546,1.6857971656828508,0.9303729785561252,0.5541014854421059,22723.057815845827,65.2043476044616,2.9320849779641134,0.04545083881092047,1.8659016762323668,1.2501081045464482,0.6741405036531917,11452_8329,0.0,0.0,0.0,187,2,3,1,187,1,187,0,1,186,3,528,FL-528 W,W,Freeway,0.39610045327699994,0.0,11452,8329,W,2,65863,6,528,80539,65863,55,67,55.0,0.006507565175229999
745,1,12298.667381974248,64.2242633007744,1.5105951809711584,0.02399211262725047,5.023884501150646,0.9916660350863,0.1920981946709412,20977.3311827957,68.39748389998206,1.881157595280025,0.0284222918558498,5.958333878827966,1.4351919114987255,0.2306335226638211,11452_8329,4.0,1.0,3.0,187,2,3,1,187,1,187,0,1,186,3,528,FL-528 W,W,Freeway,0.39610045327699994,0.0,11452,8329,W,2,65863,6,528,80539,65863,55,67,55.0,0.006507565175229999
746,2,9363.48717948718,61.501964273554385,1.6832728174457903,0.027771730371813387,4.2047464832057635,0.5403549425759626,0.12762515018219292,16202.064239828696,66.51187652526211,2.064808932349508,0.03202493417343265,4.893464725852823,0.8006044997776355,0.15988624419173414,11452_8329,0.0,0.0,0.0,187,2,3,1,187,1,187,0,1,186,3,528,FL-528 W,W,Freeway,0.39610045327699994,0.0,11452,8329,W,2,65863,6,528,80539,65863,55,67,55.0,0.006507565175229999
747,3,22184.927350427348,62.0389771812804,1.4706579226253116,0.023863963085100533,4.293630183536598,0.5449424029358315,0.1274412251656921,38037.68736616703,66.89502874591047,1.8666799561174023,0.02812584703330196,5.1173440155543695,0.8241809464898622,0.16160724958908465,11452_8329,7.0,7.0,0.0,187,2,3,1,187,1,187,0,1,186,3,528,FL-528 W,W,Freeway,0.39610045327699994,0.0,11452,8329,W,2,65863,6,528,80539,65863,55,67,55.0,0.006507565175229999
748,0,13182.144989339022,61.274826161251724,2.987096014939276,0.04973868569657065,2.477466982508157,1.5277942649129141,0.5993412724645946,12823.872068230276,60.12847215294335,3.3456536304745845,0.05666979443853105,2.5071385984780337,1.5429671360338597,0.6122493230996311,8344_8336,2.0,1.0,1.0,188,2,4,1,188,1,188,0,1,187,4,528,FL-528 W,W,Freeway,0.232467719765,0.0,8344,8336,W,2,65863,6,528,63500,65863,55,57,55.0,0.00381971307874
749,1,11871.989130434782,61.884841930054606,1.779975938037584,0.02913384997175825,7.58304355777538,1.5289430074689587,0.20150631256135385,12205.638888888889,58.76754209213604,1.8227258237450292,0.03134230378782596,7.907952400034594,1.5969534315562135,0.20147401264270245,8344_8336,1.0,1.0,0.0,188,2,4,1,188,1,188,0,1,187,4,528,FL-528 W,W,Freeway,0.232467719765,0.0,8344,8336,W,2,65863,6,528,63500,65863,55,57,55.0,0.00381971307874
750,2,9394.933618843685,60.04826335057787,1.7935474173597965,0.030205211084389495,6.456752238020978,0.759531841822741,0.1185324844651162,9224.52025586354,58.17768374582009,1.880555702023012,0.032529062624394284,6.420703434268558,0.8136287420548038,0.127671192084076,8344_8336,0.0,0.0,0.0,188,2,4,1,188,1,188,0,1,187,4,528,FL-528 W,W,Freeway,0.232467719765,0.0,8344,8336,W,2,65863,6,528,63500,65863,55,57,55.0,0.00381971307874
751,3,21968.20042643923,60.9875373903735,1.615850727393778,0.02678150879128389,6.442021205912528,0.820459159850177,0.1274023292344857,21870.260127931768,58.62772789015492,1.8065535972131697,0.031050727496315964,6.589737096276172,0.8726307966161736,0.1323916374743904,8344_8336,1.0,1.0,0.0,188,2,4,1,188,1,188,0,1,187,4,528,FL-528 W,W,Freeway,0.232467719765,0.0,8344,8336,W,2,65863,6,528,63500,65863,55,57,55.0,0.00381971307874
752,0,12823.872068230276,60.12847215294335,3.3456536304745845,0.05666979443853105,2.5071385984780337,1.5429671360338597,0.6122493230996311,13057.6452991453,60.704894107046925,2.766780389246477,0.04610425792290546,1.6857971656828508,0.9303729785561252,0.5541014854421059,8336_11452,1.0,1.0,0.0,189,2,5,1,189,1,189,0,1,188,5,528,FL-528 W,W,Freeway,0.45070850005199997,0.0,8336,11452,W,2,65863,6,528,80539,65863,55,57,55.0,0.00740280617138
753,1,12205.638888888889,58.76754209213604,1.8227258237450292,0.03134230378782596,7.907952400034594,1.5969534315562135,0.20147401264270245,12298.667381974248,64.2242633007744,1.5105951809711584,0.02399211262725047,5.023884501150646,0.9916660350863,0.1920981946709412,8336_11452,2.0,1.0,1.0,189,2,5,1,189,1,189,0,1,188,5,528,FL-528 W,W,Freeway,0.45070850005199997,0.0,8336,11452,W,2,65863,6,528,80539,65863,55,57,55.0,0.00740280617138
754,2,9224.52025586354,58.17768374582009,1.880555702023012,0.032529062624394284,6.420703434268558,0.8136287420548038,0.127671192084076,9363.48717948718,61.501964273554385,1.6832728174457903,0.027771730371813387,4.2047464832057635,0.5403549425759626,0.12762515018219292,8336_11452,2.0,1.0,1.0,189,2,5,1,189,1,189,0,1,188,5,528,FL-528 W,W,Freeway,0.45070850005199997,0.0,8336,11452,W,2,65863,6,528,80539,65863,55,57,55.0,0.00740280617138
755,3,21870.260127931768,58.62772789015492,1.8065535972131697,0.031050727496315964,6.589737096276172,0.8726307966161736,0.1323916374743904,22184.927350427348,62.0389771812804,1.4706579226253116,0.023863963085100533,4.293630183536598,0.5449424029358315,0.1274412251656921,8336_11452,1.0,0.0,1.0,189,2,5,1,189,1,189,0,1,188,5,528,FL-528 W,W,Freeway,0.45070850005199997,0.0,8336,11452,W,2,65863,6,528,80539,65863,55,57,55.0,0.00740280617138
756,0,11049.793406593406,56.94940295353911,3.004157015451582,0.05281427179184981,3.201719826255481,1.9554096285094549,0.6050462036523871,11217.62473347548,64.24435598050381,3.2209130502870513,0.050250277886387626,3.861076985644632,2.4403301950096594,0.6308366735274518,8199_6602,0.0,0.0,0.0,190,2,6,1,190,1,190,0,1,189,6,528,FL-528 W,W,Freeway,0.174025220088,0.0,8199,6602,W,2,65863,4,528,78462,65863,55,60,55.0,0.0028603774762099997
757,1,9872.467849223947,44.99507752452569,11.756659462814223,0.2770643426683231,15.301729699888526,7.537752984987924,0.471705605963574,10038.777777777776,54.106908850030976,10.359929287003693,0.19786644783549784,17.19394933886819,5.818999049372652,0.332355986227014,8199_6602,4.0,2.0,2.0,190,2,6,1,190,1,190,0,1,189,6,528,FL-528 W,W,Freeway,0.174025220088,0.0,8199,6602,W,2,65863,4,528,78462,65863,55,60,55.0,0.0028603774762099997
758,2,7962.426048565121,53.19073020192407,3.6647566668377625,0.0827924331268229,9.850231929348007,2.477444625343801,0.20680899469739653,7967.140724946696,59.09781342954542,4.427873982633427,0.08002237606030302,12.107410574442605,2.284010088038984,0.17981640989094988,8199_6602,0.0,0.0,0.0,190,2,6,1,190,1,190,0,1,189,6,528,FL-528 W,W,Freeway,0.174025220088,0.0,8199,6602,W,2,65863,4,528,78462,65863,55,60,55.0,0.0028603774762099997
759,3,18298.254945054945,55.194684311281996,5.167625545174267,0.09757842573522857,8.954569277479468,3.334781535757332,0.34190535498874786,18556.722814498935,62.10614327084194,5.140380959401331,0.0847341182922912,11.562096818730627,2.8490383006133997,0.2398930836367225,8199_6602,0.0,0.0,0.0,190,2,6,1,190,1,190,0,1,189,6,528,FL-528 W,W,Freeway,0.174025220088,0.0,8199,6602,W,2,65863,4,528,78462,65863,55,60,55.0,0.0028603774762099997
760,0,13109.00213219616,62.83791422917646,2.600613239965845,0.04146212221347298,2.581660733835246,1.5328937368096696,0.5945737435994387,13040.586353944564,63.85306484675797,3.0064418974972145,0.04787955266263251,2.9143904624058887,1.8690640989878615,0.6269168708381802,7054_6094,2.0,1.0,1.0,191,2,7,1,191,1,191,0,1,190,7,528,FL-528 W,W,Freeway,0.503939869165,0.0,7054,6094,W,2,65863,6,528,63500,65863,55,55,55.0,0.00828306430746
761,1,11782.918803418805,60.381159504980744,4.0094791350392684,0.06736465212247253,8.873868267833021,2.053537474727273,0.23008787400823835,11847.495726495728,63.7680411031054,2.4227790600008805,0.038821518698368265,9.77442750829245,2.0498978686876463,0.20762429239721028,7054_6094,1.0,1.0,0.0,191,2,7,1,191,1,191,0,1,190,7,528,FL-528 W,W,Freeway,0.503939869165,0.0,7054,6094,W,2,65863,6,528,63500,65863,55,55,55.0,0.00828306430746
762,2,9227.818376068377,60.26326781575499,2.4419791200526366,0.0411975122537362,7.265182403599554,1.0242068916273641,0.1436379403030794,9330.36752136752,62.07606636037014,2.1266059807333524,0.03471772818344603,8.23748635467163,1.0622049045369315,0.1287707242177211,7054_6094,1.0,0.0,1.0,191,2,7,1,191,1,191,0,1,190,7,528,FL-528 W,W,Freeway,0.503939869165,0.0,7054,6094,W,2,65863,6,528,63500,65863,55,55,55.0,0.00828306430746
763,3,21813.202991452992,61.532510541563965,2.4735914591259447,0.040570384521602935,7.167541452081793,1.1158572527197566,0.1557698164741886,21891.236673773987,63.23969141009758,1.9277844147038303,0.030822781519182774,8.23081089039984,1.1090060298104336,0.13434438958838044,7054_6094,2.0,2.0,0.0,191,2,7,1,191,1,191,0,1,190,7,528,FL-528 W,W,Freeway,0.503939869165,0.0,7054,6094,W,2,65863,6,528,63500,65863,55,55,55.0,0.00828306430746
764,0,11217.62473347548,64.24435598050381,3.2209130502870513,0.050250277886387626,3.861076985644632,2.4403301950096594,0.6308366735274518,13109.00213219616,62.83791422917646,2.600613239965845,0.04146212221347298,2.581660733835246,1.5328937368096696,0.5945737435994387,6602_7054,1.0,1.0,0.0,192,2,8,1,192,1,192,0,1,191,8,528,FL-528 W,W,Freeway,0.35674876553499996,0.0,6602,7054,W,2,65863,6,528,63500,65863,55,65,55.0,0.005863710190109999
765,1,10038.777777777776,54.106908850030976,10.359929287003693,0.19786644783549784,17.19394933886819,5.818999049372652,0.332355986227014,11782.918803418805,60.381159504980744,4.0094791350392684,0.06736465212247253,8.873868267833021,2.053537474727273,0.23008787400823835,6602_7054,2.0,2.0,0.0,192,2,8,1,192,1,192,0,1,191,8,528,FL-528 W,W,Freeway,0.35674876553499996,0.0,6602,7054,W,2,65863,6,528,63500,65863,55,65,55.0,0.005863710190109999
766,2,7967.140724946696,59.09781342954542,4.427873982633427,0.08002237606030302,12.107410574442605,2.284010088038984,0.17981640989094988,9227.818376068377,60.26326781575499,2.4419791200526366,0.0411975122537362,7.265182403599554,1.0242068916273641,0.1436379403030794,6602_7054,1.0,1.0,0.0,192,2,8,1,192,1,192,0,1,191,8,528,FL-528 W,W,Freeway,0.35674876553499996,0.0,6602,7054,W,2,65863,6,528,63500,65863,55,65,55.0,0.005863710190109999
767,3,18556.722814498935,62.10614327084194,5.140380959401331,0.0847341182922912,11.562096818730627,2.8490383006133997,0.2398930836367225,21813.202991452992,61.532510541563965,2.4735914591259447,0.040570384521602935,7.167541452081793,1.1158572527197566,0.1557698164741886,6602_7054,3.0,3.0,0.0,192,2,8,1,192,1,192,0,1,191,8,528,FL-528 W,W,Freeway,0.35674876553499996,0.0,6602,7054,W,2,65863,6,528,63500,65863,55,65,55.0,0.005863710190109999
768,0,13040.586353944564,63.85306484675797,3.0064418974972145,0.04787955266263251,2.9143904624058887,1.8690640989878615,0.6269168708381802,13182.144989339022,61.274826161251724,2.987096014939276,0.04973868569657065,2.477466982508157,1.5277942649129141,0.5993412724645946,6094_8344,3.0,3.0,0.0,193,2,9,1,193,1,193,0,1,192,9,528,FL-528 W,W,Freeway,0.232166139071,0.0,6094,8344,W,2,65863,6,528,63500,65863,55,56,55.0,0.0038160267713699997
769,1,11847.495726495728,63.7680411031054,2.4227790600008805,0.038821518698368265,9.77442750829245,2.0498978686876463,0.20762429239721028,11871.989130434782,61.884841930054606,1.779975938037584,0.02913384997175825,7.58304355777538,1.5289430074689587,0.20150631256135385,6094_8344,0.0,0.0,0.0,193,2,9,1,193,1,193,0,1,192,9,528,FL-528 W,W,Freeway,0.232166139071,0.0,6094,8344,W,2,65863,6,528,63500,65863,55,56,55.0,0.0038160267713699997
770,2,9330.36752136752,62.07606636037014,2.1266059807333524,0.03471772818344603,8.23748635467163,1.0622049045369315,0.1287707242177211,9394.933618843685,60.04826335057787,1.7935474173597965,0.030205211084389495,6.456752238020978,0.759531841822741,0.1185324844651162,6094_8344,0.0,0.0,0.0,193,2,9,1,193,1,193,0,1,192,9,528,FL-528 W,W,Freeway,0.232166139071,0.0,6094,8344,W,2,65863,6,528,63500,65863,55,56,55.0,0.0038160267713699997
771,3,21891.236673773987,63.23969141009758,1.9277844147038303,0.030822781519182774,8.23081089039984,1.1090060298104336,0.13434438958838044,21968.20042643923,60.9875373903735,1.615850727393778,0.02678150879128389,6.442021205912528,0.820459159850177,0.1274023292344857,6094_8344,1.0,0.0,1.0,193,2,9,1,193,1,193,0,1,192,9,528,FL-528 W,W,Freeway,0.232166139071,0.0,6094,8344,W,2,65863,6,528,63500,65863,55,56,55.0,0.0038160267713699997
772,0,9952.489316239316,66.78108845622967,2.18339618306898,0.032759463383093976,1.3645281065421688,0.8589241521974889,0.6320942566183541,5363.940298507463,68.01235555774538,2.6121405870561207,0.038461565023986725,1.7816102359204813,1.28447772488331,0.7074386287892748,8183_6664,2.0,2.0,0.0,194,2,10,1,194,1,194,0,1,193,10,528,FL-528 W,W,Freeway,0.851952168725,0.0,8183,6664,W,2,65863,7,528,89199,65863,65,42,65.0,0.013967229409
773,1,12274.549356223177,61.75247027600626,6.6990041855748625,0.11619230852717075,7.241977150888642,2.9638856138422285,0.3681633665736097,7968.057815845826,48.8162791604709,18.71352104907371,0.4215321885235628,23.81991604911145,15.302199723305476,0.6146350670641862,8183_6664,19.0,10.0,9.0,194,2,10,1,194,1,194,0,1,193,10,528,FL-528 W,W,Freeway,0.851952168725,0.0,8183,6664,W,2,65863,7,528,89199,65863,65,42,65.0,0.013967229409
774,2,8471.040598290598,66.02406672844373,1.5151507466628686,0.023233602398004843,4.129723671344742,0.5832525408597099,0.14003710226995375,5077.140724946695,65.31836568463254,3.466929958139255,0.06616274696598835,7.847627550379414,2.2963791784137157,0.2308101097006873,8183_6664,7.0,4.0,3.0,194,2,10,1,194,1,194,0,1,193,10,528,FL-528 W,W,Freeway,0.851952168725,0.0,8183,6664,W,2,65863,7,528,89199,65863,65,42,65.0,0.013967229409
775,3,19391.0,66.09482829252076,1.9270068641753677,0.02954148385899788,4.227530105282549,0.800101719903072,0.18154991259930048,12041.571428571431,66.21004711324368,6.665583897185294,0.10439911518984668,7.874760324148434,4.893606532223919,0.5625954761066897,8183_6664,12.0,6.0,6.0,194,2,10,1,194,1,194,0,1,193,10,528,FL-528 W,W,Freeway,0.851952168725,0.0,8183,6664,W,2,65863,7,528,89199,65863,65,42,65.0,0.013967229409
776,0,9302.510683760684,68.01640754542518,2.764049884343707,0.040657684872322096,1.7333330974807375,1.206792587536592,0.6992793353156455,9952.489316239316,66.78108845622967,2.18339618306898,0.032759463383093976,1.3645281065421688,0.8589241521974889,0.6320942566183541,8180_8183,0.0,0.0,0.0,195,2,11,1,195,1,195,0,1,194,11,528,FL-528 W,W,Freeway,0.191843413332,0.0,8180,8183,W,2,65863,7,528,89199,65863,70,33,70.0,0.00314220708018
777,1,11734.68669527897,63.8119277606824,6.912358437651157,0.11695584863155654,10.14555045314752,3.7665175552603816,0.3403263467449048,12274.549356223177,61.75247027600626,6.6990041855748625,0.11619230852717075,7.241977150888642,2.9638856138422285,0.3681633665736097,8180_8183,2.0,1.0,1.0,195,2,11,1,195,1,195,0,1,194,11,528,FL-528 W,W,Freeway,0.191843413332,0.0,8180,8183,W,2,65863,7,528,89199,65863,70,33,70.0,0.00314220708018
778,2,8005.801282051281,66.41261661124996,1.98356268203296,0.029989667785284183,5.475270207508646,0.7869422477942647,0.14465622883712365,8471.040598290598,66.02406672844373,1.5151507466628686,0.023233602398004843,4.129723671344742,0.5832525408597099,0.14003710226995375,8180_8183,0.0,0.0,0.0,195,2,11,1,195,1,195,0,1,194,11,528,FL-528 W,W,Freeway,0.191843413332,0.0,8180,8183,W,2,65863,7,528,89199,65863,70,33,70.0,0.00314220708018
779,3,18218.96581196581,66.90015675386519,2.3535557805230956,0.03553561356773412,5.506446421238733,1.1649668404328604,0.20564962277184726,19391.0,66.09482829252076,1.9270068641753677,0.02954148385899788,4.227530105282549,0.800101719903072,0.18154991259930048,8180_8183,0.0,0.0,0.0,195,2,11,1,195,1,195,0,1,194,11,528,FL-528 W,W,Freeway,0.191843413332,0.0,8180,8183,W,2,65863,7,528,89199,65863,70,33,70.0,0.00314220708018
780,0,10284.814655172411,65.65834763367253,2.039832425788426,0.03109723177863125,1.569846663326526,1.0625500456532877,0.6797167357764468,9302.510683760684,68.01640754542518,2.764049884343707,0.040657684872322096,1.7333330974807375,1.206792587536592,0.6992793353156455,8172_8180,0.0,0.0,0.0,196,2,12,1,196,1,196,0,1,195,12,528,FL-528 W,W,Freeway,0.309585350742,0.0,8172,8180,W,2,65863,7,528,89199,65863,70,39,70.0,0.00507540943606
781,1,13035.83660130719,62.97801687001342,4.450107731534362,0.07509532135151048,8.345735219351155,2.6161622410312835,0.2900156758796779,11734.68669527897,63.8119277606824,6.912358437651157,0.11695584863155654,10.14555045314752,3.7665175552603816,0.3403263467449048,8172_8180,4.0,3.0,1.0,196,2,12,1,196,1,196,0,1,195,12,528,FL-528 W,W,Freeway,0.309585350742,0.0,8172,8180,W,2,65863,7,528,89199,65863,70,39,70.0,0.00507540943606
782,2,8602.03711790393,64.80898966704541,1.6101112630717482,0.02514872256889597,5.186331262397548,0.7973252715619035,0.15254352470202262,8005.801282051281,66.41261661124996,1.98356268203296,0.029989667785284183,5.475270207508646,0.7869422477942647,0.14465622883712365,8172_8180,1.0,1.0,0.0,196,2,12,1,196,1,196,0,1,195,12,528,FL-528 W,W,Freeway,0.309585350742,0.0,8172,8180,W,2,65863,7,528,89199,65863,70,39,70.0,0.00507540943606
783,3,19485.23440860215,65.67403225887648,1.6676927130330694,0.025687865338425386,5.134850229180986,0.8775707222301583,0.1669688588141034,18218.96581196581,66.90015675386519,2.3535557805230956,0.03553561356773412,5.506446421238733,1.1649668404328604,0.20564962277184726,8172_8180,1.0,1.0,0.0,196,2,12,1,196,1,196,0,1,195,12,528,FL-528 W,W,Freeway,0.309585350742,0.0,8172,8180,W,2,65863,7,528,89199,65863,70,39,70.0,0.00507540943606
784,0,10316.191897654584,67.28356185563729,2.245653234203639,0.03340130996876518,1.8034297165898332,1.2203326717157723,0.6785131214950405,10349.24946695096,69.83076606010317,2.1476883221021046,0.030779930239846213,1.932158386006651,1.3465885675412963,0.6992359073985025,8055_6665,0.0,0.0,0.0,197,2,13,1,197,1,197,0,1,196,13,528,FL-528 W,W,Freeway,0.331355761779,0.0,8055,6665,W,2,65863,6,528,89199,65863,70,63,70.0,0.005446220125270001
785,1,13148.751605995718,65.55012614992259,4.145502566945513,0.07066169699540714,9.680399081888577,2.9000101202944135,0.27055216134040105,13004.65598290598,66.60755029461313,5.074204101419338,0.0823521586311504,10.492273385744113,3.1833310134083166,0.2802558549068763,8055_6665,2.0,1.0,1.0,197,2,13,1,197,1,197,0,1,196,13,528,FL-528 W,W,Freeway,0.331355761779,0.0,8055,6665,W,2,65863,6,528,89199,65863,70,63,70.0,0.005446220125270001
786,2,8653.545842217483,67.20335663886628,1.4303213623823818,0.021486341800829336,5.921434188312883,0.8611878569324821,0.1463190586820123,8622.31130063966,68.92604946577114,1.6570741627962309,0.02432217536536916,6.555049012020992,0.980505269994393,0.14945846868327142,8055_6665,3.0,3.0,0.0,197,2,13,1,197,1,197,0,1,196,13,528,FL-528 W,W,Freeway,0.331355761779,0.0,8055,6665,W,2,65863,6,528,89199,65863,70,63,70.0,0.005446220125270001
787,3,19862.01918976546,67.94802828309028,1.5887496901715918,0.023787707060778342,5.982252581809249,1.0140742808553522,0.16379706246716338,19695.006396588487,69.95712599691882,1.7821836862379283,0.02588539485232367,6.48080838351506,1.0730645902893037,0.16097735592570064,8055_6665,4.0,4.0,0.0,197,2,13,1,197,1,197,0,1,196,13,528,FL-528 W,W,Freeway,0.331355761779,0.0,8055,6665,W,2,65863,6,528,89199,65863,70,63,70.0,0.005446220125270001
788,0,10349.24946695096,69.83076606010317,2.1476883221021046,0.030779930239846213,1.932158386006651,1.3465885675412963,0.6992359073985025,10284.814655172411,65.65834763367253,2.039832425788426,0.03109723177863125,1.569846663326526,1.0625500456532877,0.6797167357764468,6665_8172,2.0,1.0,1.0,198,2,14,1,198,1,198,0,1,197,14,528,FL-528 W,W,Freeway,0.345362370034,0.0,6665,8172,W,2,65863,7,528,89199,65863,70,39,70.0,0.005676334743539999
789,1,13004.65598290598,66.60755029461313,5.074204101419338,0.0823521586311504,10.492273385744113,3.1833310134083166,0.2802558549068763,13035.83660130719,62.97801687001342,4.450107731534362,0.07509532135151048,8.345735219351155,2.6161622410312835,0.2900156758796779,6665_8172,5.0,3.0,2.0,198,2,14,1,198,1,198,0,1,197,14,528,FL-528 W,W,Freeway,0.345362370034,0.0,6665,8172,W,2,65863,7,528,89199,65863,70,39,70.0,0.005676334743539999
790,2,8622.31130063966,68.92604946577114,1.6570741627962309,0.02432217536536916,6.555049012020992,0.980505269994393,0.14945846868327142,8602.03711790393,64.80898966704541,1.6101112630717482,0.02514872256889597,5.186331262397548,0.7973252715619035,0.15254352470202262,6665_8172,2.0,2.0,0.0,198,2,14,1,198,1,198,0,1,197,14,528,FL-528 W,W,Freeway,0.345362370034,0.0,6665,8172,W,2,65863,7,528,89199,65863,70,39,70.0,0.005676334743539999
791,3,19695.006396588487,69.95712599691882,1.7821836862379283,0.02588539485232367,6.48080838351506,1.0730645902893037,0.16097735592570064,19485.23440860215,65.67403225887648,1.6676927130330694,0.025687865338425386,5.134850229180986,0.8775707222301583,0.1669688588141034,6665_8172,1.0,0.0,1.0,198,2,14,1,198,1,198,0,1,197,14,528,FL-528 W,W,Freeway,0.345362370034,0.0,6665,8172,W,2,65863,7,528,89199,65863,70,39,70.0,0.005676334743539999
792,0,5363.940298507463,68.01235555774538,2.6121405870561207,0.038461565023986725,1.7816102359204813,1.28447772488331,0.7074386287892748,11049.793406593406,56.94940295353911,3.004157015451582,0.05281427179184981,3.201719826255481,1.9554096285094549,0.6050462036523871,6664_8199,1.0,1.0,0.0,199,2,15,1,199,1,199,0,1,198,15,528,FL-528 W,W,Freeway,0.269871958387,0.0,6664,8199,W,2,65863,4,528,78462,65863,55,63,55.0,0.00443567649601
793,1,7968.057815845826,48.8162791604709,18.71352104907371,0.4215321885235628,23.81991604911145,15.302199723305476,0.6146350670641862,9872.467849223947,44.99507752452569,11.756659462814223,0.2770643426683231,15.301729699888526,7.537752984987924,0.471705605963574,6664_8199,1.0,1.0,0.0,199,2,15,1,199,1,199,0,1,198,15,528,FL-528 W,W,Freeway,0.269871958387,0.0,6664,8199,W,2,65863,4,528,78462,65863,55,63,55.0,0.00443567649601
794,2,5077.140724946695,65.31836568463254,3.466929958139255,0.06616274696598835,7.847627550379414,2.2963791784137157,0.2308101097006873,7962.426048565121,53.19073020192407,3.6647566668377625,0.0827924331268229,9.850231929348007,2.477444625343801,0.20680899469739653,6664_8199,0.0,0.0,0.0,199,2,15,1,199,1,199,0,1,198,15,528,FL-528 W,W,Freeway,0.269871958387,0.0,6664,8199,W,2,65863,4,528,78462,65863,55,63,55.0,0.00443567649601
795,3,12041.571428571431,66.21004711324368,6.665583897185294,0.10439911518984668,7.874760324148434,4.893606532223919,0.5625954761066897,18298.254945054945,55.194684311281996,5.167625545174267,0.09757842573522857,8.954569277479468,3.334781535757332,0.34190535498874786,6664_8199,1.0,1.0,0.0,199,2,15,1,199,1,199,0,1,198,15,528,FL-528 W,W,Freeway,0.269871958387,0.0,6664,8199,W,2,65863,4,528,78462,65863,55,63,55.0,0.00443567649601
796,0,7993.089552238806,68.68680353423825,2.376745391197467,0.03469530529200217,1.2325007134014527,0.8052438893003199,0.6541425076107411,10316.191897654584,67.28356185563729,2.245653234203639,0.03340130996876518,1.8034297165898332,1.2203326717157723,0.6785131214950405,8065_8055,2.0,2.0,0.0,200,2,16,1,200,1,200,0,1,199,16,528,FL-528 W,W,Freeway,0.680578221173,0.0,8065,8055,S,3,65863,4,15,23000,65863,70,79,70.0,0.011185967621
797,1,10233.600427350428,69.79410299675374,1.7969944863113132,0.02725978905751255,5.58841680377229,1.2726827897266249,0.21451660270804004,13148.751605995718,65.55012614992259,4.145502566945513,0.07066169699540714,9.680399081888577,2.9000101202944135,0.27055216134040105,8065_8055,3.0,3.0,0.0,200,2,16,1,200,1,200,0,1,199,16,528,FL-528 W,W,Freeway,0.680578221173,0.0,8065,8055,S,3,65863,4,15,23000,65863,70,79,70.0,0.011185967621
798,2,7295.2921108742,68.4152989113405,1.6591375260906185,0.024763097293245568,4.193144619525744,0.7430093555629271,0.17286687904088965,8653.545842217483,67.20335663886628,1.4303213623823818,0.021486341800829336,5.921434188312883,0.8611878569324821,0.1463190586820123,8065_8055,0.0,0.0,0.0,200,2,16,1,200,1,200,0,1,199,16,528,FL-528 W,W,Freeway,0.680578221173,0.0,8065,8055,S,3,65863,4,15,23000,65863,70,79,70.0,0.011185967621
799,3,15850.697228144987,69.62211926257206,1.5560999693881203,0.02255772758665484,3.8654602922187657,0.6586037976812255,0.16936273265378865,19862.01918976546,67.94802828309028,1.5887496901715918,0.023787707060778342,5.982252581809249,1.0140742808553522,0.16379706246716338,8065_8055,2.0,1.0,1.0,200,2,16,1,200,1,200,0,1,199,16,528,FL-528 W,W,Freeway,0.680578221173,0.0,8065,8055,S,3,65863,4,15,23000,65863,70,79,70.0,0.011185967621
800,0,7959.163101604278,68.37415050592425,2.571104543836773,0.03846371000246162,1.2217900993923323,0.8797415157897183,0.7178899259489915,5980.310160427806,72.77673790173327,3.1044169422584145,0.042963259203943636,2.2316459208556183,1.368934690236571,0.6789774786632501,8007_6663,1.0,0.0,1.0,201,2,17,1,201,1,201,0,1,200,17,528,FL-528 W,W,Freeway,0.77848887304,0.0,8007,6663,W,2,65863,4,528,77500,65863,70,72,70.0,0.0127934915514
801,1,10113.222520107238,69.19307386730864,1.4426353398943654,0.021613394160985285,5.731079012622918,1.2339452853299764,0.2056189181477303,7373.257372654157,74.21978145035284,1.7287576311647723,0.02457820673019597,7.119269574333915,1.743325502750492,0.2398581670000299,8007_6663,3.0,3.0,0.0,201,2,17,1,201,1,201,0,1,200,17,528,FL-528 W,W,Freeway,0.77848887304,0.0,8007,6663,W,2,65863,4,528,77500,65863,70,72,70.0,0.0127934915514
802,2,7154.045454545455,67.86565914692325,1.425558388073524,0.021248268287570714,4.2588176770789214,0.728575528545199,0.17100742609112066,5461.943850267379,72.83000415650108,1.7401723409139405,0.024584410335619544,5.394419582877448,1.1780911081827552,0.2113380923940892,8007_6663,3.0,3.0,0.0,201,2,17,1,201,1,201,0,1,200,17,528,FL-528 W,W,Freeway,0.77848887304,0.0,8007,6663,W,2,65863,4,528,77500,65863,70,72,70.0,0.0127934915514
803,3,15684.005347593584,68.51226449025938,1.4460627771067045,0.021477969825134384,4.103073716959315,0.7090623518205966,0.1644588916017354,11922.449197860962,73.70954659017401,1.7523257791518343,0.02412535107575066,5.067104628366118,1.186061920100261,0.22444971859776475,8007_6663,2.0,1.0,1.0,201,2,17,1,201,1,201,0,1,200,17,528,FL-528 W,W,Freeway,0.77848887304,0.0,8007,6663,W,2,65863,4,528,77500,65863,70,72,70.0,0.0127934915514
804,0,4331.094420600858,69.98693208230071,3.736490653453511,0.05403227161232396,0.959098068917136,0.6930807630527195,0.7276896697176916,7959.163101604278,68.37415050592425,2.571104543836773,0.03846371000246162,1.2217900993923323,0.8797415157897183,0.7178899259489915,8001_8007,1.0,1.0,0.0,202,2,18,1,202,1,202,0,1,201,18,528,FL-528 W,W,Freeway,0.326578194392,0.0,8001,8007,N,2,65863,4,417,82802,65863,70,116,70.0,0.0053678355907600004
805,1,5392.679653679654,67.9682058562889,2.0992496805790117,0.032806868953632974,3.953971263279528,1.0395794086752237,0.22901545577256785,10113.222520107238,69.19307386730864,1.4426353398943654,0.021613394160985285,5.731079012622918,1.2339452853299764,0.2056189181477303,8001_8007,1.0,1.0,0.0,202,2,18,1,202,1,202,0,1,201,18,528,FL-528 W,W,Freeway,0.326578194392,0.0,8001,8007,N,2,65863,4,417,82802,65863,70,116,70.0,0.0053678355907600004
806,2,4046.7672413793102,67.09907122664058,1.6923799408879092,0.025532304896139668,2.9931007816684723,0.589797127813818,0.19490756361635986,7154.045454545455,67.86565914692325,1.425558388073524,0.021248268287570714,4.2588176770789214,0.728575528545199,0.17100742609112066,8001_8007,0.0,0.0,0.0,202,2,18,1,202,1,202,0,1,201,18,528,FL-528 W,W,Freeway,0.326578194392,0.0,8001,8007,N,2,65863,4,417,82802,65863,70,116,70.0,0.0053678355907600004
807,3,8871.443010752688,67.519834904165,1.7507750352524634,0.02616127818729669,2.973563034666518,0.5961973936954054,0.1909915010818728,15684.005347593584,68.51226449025938,1.4460627771067045,0.021477969825134384,4.103073716959315,0.7090623518205966,0.1644588916017354,8001_8007,4.0,3.0,1.0,202,2,18,1,202,1,202,0,1,201,18,528,FL-528 W,W,Freeway,0.326578194392,0.0,8001,8007,N,2,65863,4,417,82802,65863,70,116,70.0,0.0053678355907600004
808,0,5980.310160427806,72.77673790173327,3.1044169422584145,0.042963259203943636,2.2316459208556183,1.368934690236571,0.6789774786632501,7993.089552238806,68.68680353423825,2.376745391197467,0.03469530529200217,1.2325007134014527,0.8052438893003199,0.6541425076107411,6663_8065,2.0,1.0,1.0,203,2,19,1,203,1,203,0,1,202,19,528,FL-528 W,W,Freeway,0.688888188513,0.0,6663,8065,W,2,65863,4,528,77500,65863,70,68,70.0,0.0112357237646
809,1,7373.257372654157,74.21978145035284,1.7287576311647723,0.02457820673019597,7.119269574333915,1.743325502750492,0.2398581670000299,10233.600427350428,69.79410299675374,1.7969944863113132,0.02725978905751255,5.58841680377229,1.2726827897266249,0.21451660270804004,6663_8065,1.0,1.0,0.0,203,2,19,1,203,1,203,0,1,202,19,528,FL-528 W,W,Freeway,0.688888188513,0.0,6663,8065,W,2,65863,4,528,77500,65863,70,68,70.0,0.0112357237646
810,2,5461.943850267379,72.83000415650108,1.7401723409139405,0.024584410335619544,5.394419582877448,1.1780911081827552,0.2113380923940892,7295.2921108742,68.4152989113405,1.6591375260906185,0.024763097293245568,4.193144619525744,0.7430093555629271,0.17286687904088965,6663_8065,1.0,0.0,1.0,203,2,19,1,203,1,203,0,1,202,19,528,FL-528 W,W,Freeway,0.688888188513,0.0,6663,8065,W,2,65863,4,528,77500,65863,70,68,70.0,0.0112357237646
811,3,11922.449197860962,73.70954659017401,1.7523257791518343,0.02412535107575066,5.067104628366118,1.186061920100261,0.22444971859776475,15850.697228144987,69.62211926257206,1.5560999693881203,0.02255772758665484,3.8654602922187657,0.6586037976812255,0.16936273265378865,6663_8065,5.0,3.0,2.0,203,2,19,1,203,1,203,0,1,202,19,528,FL-528 W,W,Freeway,0.688888188513,0.0,6663,8065,W,2,65863,4,528,77500,65863,70,68,70.0,0.0112357237646
812,0,6429.3226495726485,68.22764380922747,2.9353902721995597,0.04365580724095538,1.3680116481463984,0.96911508720275,0.7088759114170905,6430.886752136752,68.88588241056016,2.9922437071551378,0.04373580675367378,1.1015133344072754,0.7564220354639932,0.6892223233741868,6953_6320,1.0,1.0,0.0,204,2,20,1,204,1,204,0,1,203,20,528,FL-528 W,W,Freeway,0.55461651829,0.0,6953,6320,W,2,99999,4,528,67500,99999,70,56,70.0,0.00911614714517
813,1,8119.18064516129,69.64458614611607,1.4970589340190728,0.021577780938761948,5.915617664596638,1.1743202126705659,0.20025560579172133,8039.645161290324,68.55277011757957,1.6099922605596284,0.02353631228400688,4.681853060819474,0.9463886809348306,0.20428128250534935,6953_6320,1.0,1.0,0.0,204,2,20,1,204,1,204,0,1,203,20,528,FL-528 W,W,Freeway,0.55461651829,0.0,6953,6320,W,2,99999,4,528,67500,99999,70,56,70.0,0.00911614714517
814,2,6967.379828326179,68.08822246226345,1.9170395098697948,0.028473339592542887,4.853037582453768,0.9102666465741128,0.1886150570428168,6948.605995717345,66.76627991756386,1.670199474401603,0.02528380232973387,3.9058069581598978,0.7502922734837185,0.19132989294660047,6953_6320,0.0,0.0,0.0,204,2,20,1,204,1,204,0,1,203,20,528,FL-528 W,W,Freeway,0.55461651829,0.0,6953,6320,W,2,99999,4,528,67500,99999,70,56,70.0,0.00911614714517
815,3,14087.540598290598,68.88288168952928,1.5345653672229775,0.0224352449080877,4.458219315659757,0.7523949808576456,0.1683342319802217,13964.662393162393,67.46877932300903,1.5441837624696777,0.022978026073554144,3.656221805486208,0.5993792372029154,0.16470466175170045,6953_6320,1.0,1.0,0.0,204,2,20,1,204,1,204,0,1,203,20,528,FL-528 W,W,Freeway,0.55461651829,0.0,6953,6320,W,2,99999,4,528,67500,99999,70,56,70.0,0.00911614714517
816,0,4054.854347826087,75.24524636592739,3.172792459368496,0.04272246801861025,1.1449896038742762,0.884328249671183,0.7763611320745941,4331.094420600858,69.98693208230071,3.736490653453511,0.05403227161232396,0.959098068917136,0.6930807630527195,0.7276896697176916,6667_8001,0.0,0.0,0.0,205,2,21,1,205,1,205,0,1,204,21,528,FL-528 W,W,Freeway,0.40090679032399995,0.0,6667,8001,W,2,99999,4,528,71737,99999,70,72,70.0,0.0065895464919100005
817,1,4846.586433260394,77.39927009558704,1.5375409653410763,0.020921354814449476,5.15498092463783,1.1541437247509134,0.2121370670233108,5392.679653679654,67.9682058562889,2.0992496805790117,0.032806868953632974,3.953971263279528,1.0395794086752237,0.22901545577256785,6667_8001,1.0,1.0,0.0,205,2,21,1,205,1,205,0,1,204,21,528,FL-528 W,W,Freeway,0.40090679032399995,0.0,6667,8001,W,2,99999,4,528,71737,99999,70,72,70.0,0.0065895464919100005
818,2,3619.139737991265,76.10684722847978,1.6685797642780371,0.022115916498594637,3.972791383151185,0.7854847351872577,0.19930126022473693,4046.7672413793102,67.09907122664058,1.6923799408879092,0.025532304896139668,2.9931007816684723,0.589797127813818,0.19490756361635986,6667_8001,0.0,0.0,0.0,205,2,21,1,205,1,205,0,1,204,21,528,FL-528 W,W,Freeway,0.40090679032399995,0.0,6667,8001,W,2,99999,4,528,71737,99999,70,72,70.0,0.0065895464919100005
819,3,7943.745652173913,76.6258608373485,1.6057499803028226,0.021093728413555488,3.91428908755434,0.7746887784792278,0.19578010212326324,8871.443010752688,67.519834904165,1.7507750352524634,0.02616127818729669,2.973563034666518,0.5961973936954054,0.1909915010818728,6667_8001,0.0,0.0,0.0,205,2,21,1,205,1,205,0,1,204,21,528,FL-528 W,W,Freeway,0.40090679032399995,0.0,6667,8001,W,2,99999,4,528,71737,99999,70,72,70.0,0.0065895464919100005
820,0,6430.886752136752,68.88588241056016,2.9922437071551378,0.04373580675367378,1.1015133344072754,0.7564220354639932,0.6892223233741868,4054.854347826087,75.24524636592739,3.172792459368496,0.04272246801861025,1.1449896038742762,0.884328249671183,0.7763611320745941,6320_6667,3.0,2.0,1.0,206,2,22,1,206,1,206,0,1,205,22,528,FL-528 W,W,Freeway,0.583377203835,0.0,6320,6667,W,2,99999,6,528,67500,99999,70,48,70.0,0.009588809258120001
821,1,8039.645161290324,68.55277011757957,1.6099922605596284,0.02353631228400688,4.681853060819474,0.9463886809348306,0.20428128250534935,4846.586433260394,77.39927009558704,1.5375409653410763,0.020921354814449476,5.15498092463783,1.1541437247509134,0.2121370670233108,6320_6667,2.0,0.0,2.0,206,2,22,1,206,1,206,0,1,205,22,528,FL-528 W,W,Freeway,0.583377203835,0.0,6320,6667,W,2,99999,6,528,67500,99999,70,48,70.0,0.009588809258120001
822,2,6948.605995717345,66.76627991756386,1.670199474401603,0.02528380232973387,3.9058069581598978,0.7502922734837185,0.19132989294660047,3619.139737991265,76.10684722847978,1.6685797642780371,0.022115916498594637,3.972791383151185,0.7854847351872577,0.19930126022473693,6320_6667,2.0,1.0,1.0,206,2,22,1,206,1,206,0,1,205,22,528,FL-528 W,W,Freeway,0.583377203835,0.0,6320,6667,W,2,99999,6,528,67500,99999,70,48,70.0,0.009588809258120001
823,3,13964.662393162393,67.46877932300903,1.5441837624696777,0.022978026073554144,3.656221805486208,0.5993792372029154,0.16470466175170045,7943.745652173913,76.6258608373485,1.6057499803028226,0.021093728413555488,3.91428908755434,0.7746887784792278,0.19578010212326324,6320_6667,6.0,5.0,1.0,206,2,22,1,206,1,206,0,1,205,22,528,FL-528 W,W,Freeway,0.583377203835,0.0,6320,6667,W,2,99999,6,528,67500,99999,70,48,70.0,0.009588809258120001
824,0,5385.623853211009,74.95001116740195,3.9812747867031413,0.055609215008505436,1.5386432609093403,1.4287149200575693,0.8941170748126857,,,,,,,,8099_8097,0.0,0.0,0.0,207,2,23,1,207,1,207,0,1,206,23,528,FL-528 W,W,Freeway,0.663365749511,0.0,8099,8097,W,2,99999,4,528,60096,99999,70,59,70.0,0.010903681191
825,1,6365.149532710279,75.80081159465897,2.3436497602032405,0.0335920168920738,6.72773955809392,1.656092670476444,0.22347508300924465,,,,,,,,8099_8097,2.0,2.0,0.0,207,2,23,1,207,1,207,0,1,206,23,528,FL-528 W,W,Freeway,0.663365749511,0.0,8099,8097,W,2,99999,4,528,60096,99999,70,59,70.0,0.010903681191
826,2,5912.2037037037035,74.27773067410416,2.420003438979076,0.03495536379302398,6.325007796487352,1.235297038164241,0.1842979566954755,,,,,,,,8099_8097,2.0,2.0,0.0,207,2,23,1,207,1,207,0,1,206,23,528,FL-528 W,W,Freeway,0.663365749511,0.0,8099,8097,W,2,99999,4,528,60096,99999,70,59,70.0,0.010903681191
827,3,11728.275229357798,74.82234703076492,2.0650502709564216,0.027955853699653813,5.755893559046178,1.1283446503649317,0.1895118928689409,,,,,,,,8099_8097,0.0,0.0,0.0,207,2,23,1,207,1,207,0,1,206,23,528,FL-528 W,W,Freeway,0.663365749511,0.0,8099,8097,W,2,99999,4,528,60096,99999,70,59,70.0,0.010903681191
828,0,,,,,,,,6429.3226495726485,68.22764380922747,2.9353902721995597,0.04365580724095538,1.3680116481463984,0.96911508720275,0.7088759114170905,8097_6953,7.0,4.0,3.0,208,2,24,1,208,1,208,0,1,207,24,528,FL-528 W,W,Freeway,2.3197197950099997,0.0,8097,6953,W,2,99999,4,528,60096,99999,70,65,70.0,0.038128620520599996
829,1,,,,,,,,8119.18064516129,69.64458614611607,1.4970589340190728,0.021577780938761948,5.915617664596638,1.1743202126705659,0.20025560579172133,8097_6953,7.0,6.0,1.0,208,2,24,1,208,1,208,0,1,207,24,528,FL-528 W,W,Freeway,2.3197197950099997,0.0,8097,6953,W,2,99999,4,528,60096,99999,70,65,70.0,0.038128620520599996
830,2,,,,,,,,6967.379828326179,68.08822246226345,1.9170395098697948,0.028473339592542887,4.853037582453768,0.9102666465741128,0.1886150570428168,8097_6953,1.0,1.0,0.0,208,2,24,1,208,1,208,0,1,207,24,528,FL-528 W,W,Freeway,2.3197197950099997,0.0,8097,6953,W,2,99999,4,528,60096,99999,70,65,70.0,0.038128620520599996
831,3,,,,,,,,14087.540598290598,68.88288168952928,1.5345653672229775,0.0224352449080877,4.458219315659757,0.7523949808576456,0.1683342319802217,8097_6953,1.0,1.0,0.0,208,2,24,1,208,1,208,0,1,207,24,528,FL-528 W,W,Freeway,2.3197197950099997,0.0,8097,6953,W,2,99999,4,528,60096,99999,70,65,70.0,0.038128620520599996
832,0,5595.014925373133,72.54475035769123,3.886327879009431,0.054794296611825666,1.3223532041090855,1.0505652299788537,0.7663767165375754,5262.272921108742,71.94040839915063,3.867214566468277,0.056404663340845276,1.5738174225188082,1.4040262634552487,0.8810281972412771,8112_6073,4.0,4.0,0.0,209,2,25,1,209,1,209,0,1,208,25,528,FL-528 W,W,Freeway,0.22915892107299998,0.0,8112,6073,W,2,99999,4,528,51210,99999,70,48,70.0,0.0037664762288000006
833,1,6506.523605150213,70.08273446202804,1.946011947789597,0.028550657680417462,5.323282958306003,1.1185278250277109,0.2029332320743492,5991.709677419355,71.52044942416808,2.8686079119637826,0.04448198207418727,6.881644466466138,1.541948583263425,0.2831658108747109,8112_6073,2.0,1.0,1.0,209,2,25,1,209,1,209,0,1,208,25,528,FL-528 W,W,Freeway,0.22915892107299998,0.0,8112,6073,W,2,99999,4,528,51210,99999,70,48,70.0,0.0037664762288000006
834,2,5931.168803418804,69.66183892704434,2.437502813697794,0.03648549764681478,4.913294490582335,0.981778134702722,0.18986683031312468,5521.873390557939,70.98378306266454,2.7163118125737125,0.04099583553759688,6.436196306705082,1.475785571557926,0.284218434401438,8112_6073,0.0,0.0,0.0,209,2,25,1,209,1,209,0,1,208,25,528,FL-528 W,W,Freeway,0.22915892107299998,0.0,8112,6073,W,2,99999,4,528,51210,99999,70,48,70.0,0.0037664762288000006
835,3,12310.673773987208,68.67255351050125,2.3854591788501303,0.036098265559431165,4.748073898145205,0.993875292905708,0.1863112463769588,11456.37339055794,70.36737598921182,2.8412443438230484,0.04432056721542335,6.256056465989407,1.5256494743964202,0.2830466555837206,8112_6073,5.0,5.0,0.0,209,2,25,1,209,1,209,0,1,208,25,528,FL-528 W,W,Freeway,0.22915892107299998,0.0,8112,6073,W,2,99999,4,528,51210,99999,70,48,70.0,0.0037664762288000006
836,0,5262.272921108742,71.94040839915063,3.867214566468277,0.056404663340845276,1.5738174225188082,1.4040262634552487,0.8810281972412771,5385.623853211009,74.95001116740195,3.9812747867031413,0.055609215008505436,1.5386432609093403,1.4287149200575693,0.8941170748126857,6073_8099,6.0,5.0,1.0,210,2,26,1,210,1,210,0,1,209,26,528,FL-528 W,W,Freeway,3.1609442605,0.0,6073,8099,W,2,99999,4,528,51210,99999,70,134,70.0,0.0519559340886
837,1,5991.709677419355,71.52044942416808,2.8686079119637826,0.04448198207418727,6.881644466466138,1.541948583263425,0.2831658108747109,6365.149532710279,75.80081159465897,2.3436497602032405,0.0335920168920738,6.72773955809392,1.656092670476444,0.22347508300924465,6073_8099,14.0,11.0,3.0,210,2,26,1,210,1,210,0,1,209,26,528,FL-528 W,W,Freeway,3.1609442605,0.0,6073,8099,W,2,99999,4,528,51210,99999,70,134,70.0,0.0519559340886
838,2,5521.873390557939,70.98378306266454,2.7163118125737125,0.04099583553759688,6.436196306705082,1.475785571557926,0.284218434401438,5912.2037037037035,74.27773067410416,2.420003438979076,0.03495536379302398,6.325007796487352,1.235297038164241,0.1842979566954755,6073_8099,1.0,1.0,0.0,210,2,26,1,210,1,210,0,1,209,26,528,FL-528 W,W,Freeway,3.1609442605,0.0,6073,8099,W,2,99999,4,528,51210,99999,70,134,70.0,0.0519559340886
839,3,11456.37339055794,70.36737598921182,2.8412443438230484,0.04432056721542335,6.256056465989407,1.5256494743964202,0.2830466555837206,11728.275229357798,74.82234703076492,2.0650502709564216,0.027955853699653813,5.755893559046178,1.1283446503649317,0.1895118928689409,6073_8099,9.0,6.0,3.0,210,2,26,1,210,1,210,0,1,209,26,528,FL-528 W,W,Freeway,3.1609442605,0.0,6073,8099,W,2,99999,4,528,51210,99999,70,134,70.0,0.0519559340886
840,0,5009.1493212669675,69.13354256542024,3.6283025322860407,0.053397203196740704,1.2341685921185792,0.915526413418662,0.7227600175799023,5083.234513274338,69.49751500377964,3.0926287058146182,0.045357861624242636,1.0631199621709235,0.8880617225639924,0.7896797083009747,6937_6322,0.0,0.0,0.0,211,2,27,1,211,1,211,0,1,210,27,528,FL-528 W,W,Freeway,0.549981743498,0.0,6937,6322,W,2,99999,4,528,51210,99999,70,103,70.0,0.00903988338691
841,1,5419.5821917808225,71.04458481262272,1.8544377372892988,0.026233049877901336,4.204519731379182,0.7105173613624092,0.1720456863235727,5387.534675615212,70.56759679960071,1.5494514309079033,0.022275854580150297,3.8947746500238596,0.7418633415856212,0.1881024261611061,6937_6322,2.0,1.0,1.0,211,2,27,1,211,1,211,0,1,210,27,528,FL-528 W,W,Freeway,0.549981743498,0.0,6937,6322,W,2,99999,4,528,51210,99999,70,103,70.0,0.00903988338691
842,2,5543.328018223235,68.20627244110383,2.093229628321115,0.03140792285860131,4.216754209781128,0.8139462622550244,0.18761745659604911,5526.0824053452125,68.65688527420676,1.6901304208584669,0.026384405063909242,4.12024772125745,0.8519081174310346,0.18782595331791088,6937_6322,1.0,1.0,0.0,211,2,27,1,211,1,211,0,1,210,27,528,FL-528 W,W,Freeway,0.549981743498,0.0,6937,6322,W,2,99999,4,528,51210,99999,70,103,70.0,0.00903988338691
843,3,11197.57918552036,68.73515799973202,1.913259675360505,0.0283621982239598,3.9258917336458223,0.7852893683168408,0.185553659901728,11095.509933774834,68.75720128677862,1.7725436573730815,0.0268226018359927,3.867511203489067,0.8840961461127018,0.19164157384190167,6937_6322,2.0,2.0,0.0,211,2,27,1,211,1,211,0,1,210,27,528,FL-528 W,W,Freeway,0.549981743498,0.0,6937,6322,W,2,99999,4,528,51210,99999,70,103,70.0,0.00903988338691
844,0,5083.234513274338,69.49751500377964,3.0926287058146182,0.045357861624242636,1.0631199621709235,0.8880617225639924,0.7896797083009747,5595.014925373133,72.54475035769123,3.886327879009431,0.054794296611825666,1.3223532041090855,1.0505652299788537,0.7663767165375754,6322_8112,6.0,4.0,2.0,212,2,28,1,212,1,212,0,1,211,28,528,FL-528 W,W,Freeway,2.3178180731799998,0.0,6322,8112,W,2,99999,4,528,51210,99999,70,48,70.0,0.0380972947633
845,1,5387.534675615212,70.56759679960071,1.5494514309079033,0.022275854580150297,3.8947746500238596,0.7418633415856212,0.1881024261611061,6506.523605150213,70.08273446202804,1.946011947789597,0.028550657680417462,5.323282958306003,1.1185278250277109,0.2029332320743492,6322_8112,6.0,2.0,4.0,212,2,28,1,212,1,212,0,1,211,28,528,FL-528 W,W,Freeway,2.3178180731799998,0.0,6322,8112,W,2,99999,4,528,51210,99999,70,48,70.0,0.0380972947633
846,2,5526.0824053452125,68.65688527420676,1.6901304208584669,0.026384405063909242,4.12024772125745,0.8519081174310346,0.18782595331791088,5931.168803418804,69.66183892704434,2.437502813697794,0.03648549764681478,4.913294490582335,0.981778134702722,0.18986683031312468,6322_8112,5.0,5.0,0.0,212,2,28,1,212,1,212,0,1,211,28,528,FL-528 W,W,Freeway,2.3178180731799998,0.0,6322,8112,W,2,99999,4,528,51210,99999,70,48,70.0,0.0380972947633
847,3,11095.509933774834,68.75720128677862,1.7725436573730815,0.0268226018359927,3.867511203489067,0.8840961461127018,0.19164157384190167,12310.673773987208,68.67255351050125,2.3854591788501303,0.036098265559431165,4.748073898145205,0.993875292905708,0.1863112463769588,6322_8112,6.0,4.0,2.0,212,2,28,1,212,1,212,0,1,211,28,528,FL-528 W,W,Freeway,2.3178180731799998,0.0,6322,8112,W,2,99999,4,528,51210,99999,70,48,70.0,0.0380972947633
848,0,5125.837953091685,77.14751075329082,3.17494967594071,0.04231602771619828,1.4704493025513952,1.1835614435308588,0.8037512244241388,5009.1493212669675,69.13354256542024,3.6283025322860407,0.053397203196740704,1.2341685921185792,0.915526413418662,0.7227600175799023,5943_6937,3.0,2.0,1.0,213,2,29,1,213,1,213,0,1,212,29,528,FL-528 W,W,Freeway,2.22980439046,0.0,5943,6937,W,2,99999,4,528,51210,99999,70,63,70.0,0.0366512796462
849,1,5476.419700214134,78.30493924329977,1.4811470427096267,0.020271068325080792,6.054007952058612,1.073782829686682,0.17891036479936712,5419.5821917808225,71.04458481262272,1.8544377372892988,0.026233049877901336,4.204519731379182,0.7105173613624092,0.1720456863235727,5943_6937,5.0,3.0,2.0,213,2,29,1,213,1,213,0,1,212,29,528,FL-528 W,W,Freeway,2.22980439046,0.0,5943,6937,W,2,99999,4,528,51210,99999,70,63,70.0,0.0366512796462
850,2,5524.938034188033,76.63728892254616,2.020101712664608,0.02873883822262208,6.131226120693518,1.185650408306913,0.1864716108719567,5543.328018223235,68.20627244110383,2.093229628321115,0.03140792285860131,4.216754209781128,0.8139462622550244,0.18761745659604911,5943_6937,2.0,0.0,2.0,213,2,29,1,213,1,213,0,1,212,29,528,FL-528 W,W,Freeway,2.22980439046,0.0,5943,6937,W,2,99999,4,528,51210,99999,70,63,70.0,0.0366512796462
851,3,11210.857142857143,76.90591423243565,1.8744482709655224,0.02528103722082471,5.711142826287857,1.0738562368809734,0.17699739070926215,11197.57918552036,68.73515799973202,1.913259675360505,0.0283621982239598,3.9258917336458223,0.7852893683168408,0.185553659901728,5943_6937,11.0,6.0,5.0,213,2,29,1,213,1,213,0,1,212,29,528,FL-528 W,W,Freeway,2.22980439046,0.0,5943,6937,W,2,99999,4,528,51210,99999,70,63,70.0,0.0366512796462
852,0,5104.295258620689,67.69756506489037,3.3452650326685185,0.05032590342000656,1.0413052779218015,0.8342694294897137,0.7777760575808059,5125.837953091685,77.14751075329082,3.17494967594071,0.04231602771619828,1.4704493025513952,1.1835614435308588,0.8037512244241388,8091_5943,11.0,9.0,2.0,214,2,30,1,214,1,214,0,1,213,30,528,FL-528 W,W,Freeway,1.95874020406,0.0,8091,5943,W,2,99999,4,528,51210,99999,70,40,70.0,0.0321961426427
853,1,5487.839479392625,67.40080637565855,1.4783041110469062,0.024364358782839032,4.185562832786542,0.8231441619912583,0.18818651498213626,5476.419700214134,78.30493924329977,1.4811470427096267,0.020271068325080792,6.054007952058612,1.073782829686682,0.17891036479936712,8091_5943,1.0,1.0,0.0,214,2,30,1,214,1,214,0,1,213,30,528,FL-528 W,W,Freeway,1.95874020406,0.0,8091,5943,W,2,99999,4,528,51210,99999,70,40,70.0,0.0321961426427
854,2,5512.638949671772,66.11669484984014,1.7727555351206412,0.030179339077841164,4.217997605253425,0.8980327336425445,0.1931274322508139,5524.938034188033,76.63728892254616,2.020101712664608,0.02873883822262208,6.131226120693518,1.185650408306913,0.1864716108719567,8091_5943,7.0,5.0,2.0,214,2,30,1,214,1,214,0,1,213,30,528,FL-528 W,W,Freeway,1.95874020406,0.0,8091,5943,W,2,99999,4,528,51210,99999,70,40,70.0,0.0321961426427
855,3,11138.459051724138,66.2584787089206,1.6174206341455664,0.02521055224776295,3.8936729223152313,0.7362032797835817,0.1791048045629013,11210.857142857143,76.90591423243565,1.8744482709655224,0.02528103722082471,5.711142826287857,1.0738562368809734,0.17699739070926215,8091_5943,13.0,10.0,3.0,214,2,30,1,214,1,214,0,1,213,30,528,FL-528 W,W,Freeway,1.95874020406,0.0,8091,5943,W,2,99999,4,528,51210,99999,70,40,70.0,0.0321961426427
856,0,14449.569593147751,61.292163602036865,2.0553085155764608,0.034100759008291084,2.7230478042419755,1.553001781711388,0.5649713628368596,14416.963752665246,62.79293893625121,2.174309197375649,0.035207389214777625,2.311955718894409,1.311209524323311,0.5653351646672063,8327_8331,4.0,2.0,2.0,215,2,2,1,215,1,215,0,1,214,2,528,FL-528 E,E,Freeway,0.475330651307,0.0,8327,8331,E,2,65863,6,528,63500,65863,55,67,55.0,0.007809394302300001
857,1,8290.488172043011,61.41246523413076,1.0707300241113482,0.01748285289520041,6.153196246180781,0.9960144603130541,0.16213150645809027,8219.944086021505,63.50582768363505,1.2330819089828011,0.019487778957826576,5.139677206052988,0.8386163960436254,0.1631209898307257,8327_8331,0.0,0.0,0.0,215,2,2,1,215,1,215,0,1,214,2,528,FL-528 E,E,Freeway,0.475330651307,0.0,8327,8331,E,2,65863,6,528,63500,65863,55,67,55.0,0.007809394302300001
858,2,13974.612419700215,53.373948844178436,9.447341272731864,0.1936217000460746,13.353450630151622,5.8146806296654905,0.3954744281802343,13807.920770877945,53.046503601941644,10.848177711577348,0.2205262396457344,12.673308179305902,6.204459935781684,0.4551065611834486,8327_8331,9.0,7.0,2.0,215,2,2,1,215,1,215,0,1,214,2,528,FL-528 E,E,Freeway,0.475330651307,0.0,8327,8331,E,2,65863,6,528,63500,65863,55,67,55.0,0.007809394302300001
859,3,21830.41970021413,61.222851265563605,1.3313402054639438,0.021884113058094658,6.773798357663834,1.275740805557044,0.1877867150898148,21602.164179104482,63.19776221235054,1.5231899532037214,0.024309839832541,5.711756568871733,1.1264961509296672,0.19576005526943016,8327_8331,1.0,0.0,1.0,215,2,2,1,215,1,215,0,1,214,2,528,FL-528 E,E,Freeway,0.475330651307,0.0,8327,8331,E,2,65863,6,528,63500,65863,55,67,55.0,0.007809394302300001
860,0,14371.607675906183,66.01861789668764,2.0201994771287812,0.030649252961708368,2.32124224303922,1.3353751704938472,0.5758851034152862,14147.281449893391,62.71505210205287,1.6968612206767668,0.02709032931866117,2.160567943170111,1.2019648146761508,0.5563151548035835,6947_8301,2.0,1.0,1.0,216,2,3,1,216,1,216,0,1,215,3,528,FL-528 E,E,Freeway,0.507032029672,0.0,6947,8301,E,2,65863,6,528,63500,65863,55,55,55.0,0.00833370171971
861,1,8346.831196581197,64.98979257225076,1.4871138217593125,0.02299257337143204,5.627780853767681,1.012918698561866,0.17974681470788376,8213.16452991453,62.374528115776975,1.1773573382949345,0.019061557961293944,4.997792010387134,0.8235719511475573,0.1627780757535519,6947_8301,3.0,2.0,1.0,216,2,3,1,216,1,216,0,1,215,3,528,FL-528 E,E,Freeway,0.507032029672,0.0,6947,8301,E,2,65863,6,528,63500,65863,55,55,55.0,0.00833370171971
862,2,14012.598290598291,51.93714383512104,11.747645213770301,0.24157935220756285,13.831327008655494,6.301833466864383,0.43292639161694857,13966.536324786322,49.767656738416996,11.343723281018221,0.23869605917420256,12.609466417295375,5.546090903695101,0.4264366279064659,6947_8301,5.0,4.0,1.0,216,2,3,1,216,1,216,0,1,215,3,528,FL-528 E,E,Freeway,0.507032029672,0.0,6947,8301,E,2,65863,6,528,63500,65863,55,55,55.0,0.00833370171971
863,3,22101.439232409386,64.3770752324351,1.7670746548821734,0.027682120812515282,6.243973786667459,1.218297468171872,0.19328330494395146,21820.58547008547,61.985683318079005,1.3183700117757666,0.02140470366756773,5.4548403078088095,0.9888606485357174,0.18075615756048027,6947_8301,2.0,1.0,1.0,216,2,3,1,216,1,216,0,1,215,3,528,FL-528 E,E,Freeway,0.507032029672,0.0,6947,8301,E,2,65863,6,528,63500,65863,55,55,55.0,0.00833370171971
864,0,14050.34328358209,63.15165545361429,2.212065135285725,0.035098808630894235,2.536791167581713,1.334892969870957,0.5275335051903949,14371.607675906183,66.01861789668764,2.0201994771287812,0.030649252961708368,2.32124224303922,1.3353751704938472,0.5758851034152862,8341_6947,0.0,0.0,0.0,217,2,4,1,217,1,217,0,1,216,4,528,FL-528 E,E,Freeway,0.229515974678,0.0,8341,6947,E,2,65863,6,528,63500,65863,55,60,55.0,0.0037724826157999997
865,1,8168.380341880342,62.04803483750673,1.332360347820961,0.02155253842776625,5.679410496216142,0.9253008745060824,0.16308844050289356,8346.831196581197,64.98979257225076,1.4871138217593125,0.02299257337143204,5.627780853767681,1.012918698561866,0.17974681470788376,8341_6947,0.0,0.0,0.0,217,2,4,1,217,1,217,0,1,216,4,528,FL-528 E,E,Freeway,0.229515974678,0.0,8341,6947,E,2,65863,6,528,63500,65863,55,60,55.0,0.0037724826157999997
866,2,14141.946695095947,51.01413231505206,10.848589003266817,0.2258065631359761,13.762954523972338,6.2474771633918325,0.4306447032036477,14012.598290598291,51.93714383512104,11.747645213770301,0.24157935220756285,13.831327008655494,6.301833466864383,0.43292639161694857,8341_6947,4.0,2.0,2.0,217,2,4,1,217,1,217,0,1,216,4,528,FL-528 E,E,Freeway,0.229515974678,0.0,8341,6947,E,2,65863,6,528,63500,65863,55,60,55.0,0.0037724826157999997
867,3,21735.460554371002,61.85496669909895,1.5275726274064536,0.02488087735089924,6.2849124968257275,1.1769782420556578,0.1858031832001745,22101.439232409386,64.3770752324351,1.7670746548821734,0.027682120812515282,6.243973786667459,1.218297468171872,0.19328330494395146,8341_6947,0.0,0.0,0.0,217,2,4,1,217,1,217,0,1,216,4,528,FL-528 E,E,Freeway,0.229515974678,0.0,8341,6947,E,2,65863,6,528,63500,65863,55,60,55.0,0.0037724826157999997
868,0,14416.963752665246,62.79293893625121,2.174309197375649,0.035207389214777625,2.311955718894409,1.311209524323311,0.5653351646672063,14050.34328358209,63.15165545361429,2.212065135285725,0.035098808630894235,2.536791167581713,1.334892969870957,0.5275335051903949,8331_8341,0.0,0.0,0.0,218,2,5,1,218,1,218,0,1,217,5,528,FL-528 E,E,Freeway,0.604560913417,0.0,8331,8341,E,2,65863,6,528,63500,65863,55,59,55.0,0.00993114960298
869,1,8219.944086021505,63.50582768363505,1.2330819089828011,0.019487778957826576,5.139677206052988,0.8386163960436254,0.1631209898307257,8168.380341880342,62.04803483750673,1.332360347820961,0.02155253842776625,5.679410496216142,0.9253008745060824,0.16308844050289356,8331_8341,0.0,0.0,0.0,218,2,5,1,218,1,218,0,1,217,5,528,FL-528 E,E,Freeway,0.604560913417,0.0,8331,8341,E,2,65863,6,528,63500,65863,55,59,55.0,0.00993114960298
870,2,13807.920770877945,53.046503601941644,10.848177711577348,0.2205262396457344,12.673308179305902,6.204459935781684,0.4551065611834486,14141.946695095947,51.01413231505206,10.848589003266817,0.2258065631359761,13.762954523972338,6.2474771633918325,0.4306447032036477,8331_8341,6.0,5.0,1.0,218,2,5,1,218,1,218,0,1,217,5,528,FL-528 E,E,Freeway,0.604560913417,0.0,8331,8341,E,2,65863,6,528,63500,65863,55,59,55.0,0.00993114960298
871,3,21602.164179104482,63.19776221235054,1.5231899532037214,0.024309839832541,5.711756568871733,1.1264961509296672,0.19576005526943016,21735.460554371002,61.85496669909895,1.5275726274064536,0.02488087735089924,6.2849124968257275,1.1769782420556578,0.1858031832001745,8331_8341,2.0,2.0,0.0,218,2,5,1,218,1,218,0,1,217,5,528,FL-528 E,E,Freeway,0.604560913417,0.0,8331,8341,E,2,65863,6,528,63500,65863,55,59,55.0,0.00993114960298
872,0,14147.281449893391,62.71505210205287,1.6968612206767668,0.02709032931866117,2.160567943170111,1.2019648146761508,0.5563151548035835,8910.9140969163,60.83185340420148,2.5317446112808684,0.041684630357418435,2.6798031478521205,1.6734762769587337,0.6225522765319514,8301_8296,1.0,1.0,0.0,219,2,6,1,219,1,219,0,1,218,6,528,FL-528 E,E,Freeway,0.213732098865,0.0,8301,8296,E,2,65863,4,528,71692,65863,55,55,55.0,0.0035130536072
873,1,8213.16452991453,62.374528115776975,1.1773573382949345,0.019061557961293944,4.997792010387134,0.8235719511475573,0.1627780757535519,4741.494456762749,59.04306228616067,1.4226528673023344,0.0244813940566634,5.664042921791893,1.2866679200893263,0.2223775227895989,8301_8296,0.0,0.0,0.0,219,2,6,1,219,1,219,0,1,218,6,528,FL-528 E,E,Freeway,0.213732098865,0.0,8301,8296,E,2,65863,4,528,71692,65863,55,55,55.0,0.0035130536072
874,2,13966.536324786322,49.767656738416996,11.343723281018221,0.23869605917420256,12.609466417295375,5.546090903695101,0.4264366279064659,10754.741150442478,46.21496880862431,10.709714745864073,0.24176405074374765,16.965315893221966,6.721586814377147,0.3865510344617903,8301_8296,0.0,0.0,0.0,219,2,6,1,219,1,219,0,1,218,6,528,FL-528 E,E,Freeway,0.213732098865,0.0,8301,8296,E,2,65863,4,528,71692,65863,55,55,55.0,0.0035130536072
875,3,21820.58547008547,61.985683318079005,1.3183700117757666,0.02140470366756773,5.4548403078088095,0.9888606485357174,0.18075615756048027,13643.488986784141,58.80700299620885,1.4867667755826437,0.025498804365157602,6.563128950299576,1.6076036816001709,0.2423034531457599,8301_8296,1.0,1.0,0.0,219,2,6,1,219,1,219,0,1,218,6,528,FL-528 E,E,Freeway,0.213732098865,0.0,8301,8296,E,2,65863,4,528,71692,65863,55,55,55.0,0.0035130536072
876,0,8910.9140969163,60.83185340420148,2.5317446112808684,0.041684630357418435,2.6798031478521205,1.6734762769587337,0.6225522765319514,13055.57356076759,61.4821281067426,1.8165237055544885,0.02957376148835046,2.76324900814468,1.7360869178762677,0.6298273564557081,8296_8190,1.0,0.0,1.0,220,2,7,1,220,1,220,0,1,219,7,528,FL-528 E,E,Freeway,0.7367734431499999,0.0,8296,8190,E,2,65863,6,528,89199,65863,55,62,55.0,0.0121089209274
877,1,4741.494456762749,59.04306228616067,1.4226528673023344,0.0244813940566634,5.664042921791893,1.2866679200893263,0.2223775227895989,5883.460385438973,60.98119905866144,1.178872911402293,0.0194552365613908,5.2289254865237735,1.0035343912363106,0.19207032202148874,8296_8190,7.0,3.0,4.0,220,2,7,1,220,1,220,0,1,219,7,528,FL-528 E,E,Freeway,0.7367734431499999,0.0,8296,8190,E,2,65863,6,528,89199,65863,55,62,55.0,0.0121089209274
878,2,10754.741150442478,46.21496880862431,10.709714745864073,0.24176405074374765,16.965315893221966,6.721586814377147,0.3865510344617903,12776.7078891258,53.06680547953498,5.544748214550438,0.10723547279721578,12.059889115037475,2.679894691772056,0.2165846342781286,8296_8190,5.0,4.0,1.0,220,2,7,1,220,1,220,0,1,219,7,528,FL-528 E,E,Freeway,0.7367734431499999,0.0,8296,8190,E,2,65863,6,528,89199,65863,55,62,55.0,0.0121089209274
879,3,13643.488986784141,58.80700299620885,1.4867667755826437,0.025498804365157602,6.563128950299576,1.6076036816001709,0.2423034531457599,17716.703624733476,60.875408816498755,1.4071892410589226,0.023332810752644338,6.395874123015706,1.3981906674352678,0.21677241164407304,8296_8190,2.0,1.0,1.0,220,2,7,1,220,1,220,0,1,219,7,528,FL-528 E,E,Freeway,0.7367734431499999,0.0,8296,8190,E,2,65863,6,528,89199,65863,55,62,55.0,0.0121089209274
880,0,13055.57356076759,61.4821281067426,1.8165237055544885,0.02957376148835046,2.76324900814468,1.7360869178762677,0.6298273564557081,13046.850746268658,66.33240222675371,1.8773125108542583,0.02833490956471915,1.931349690203464,1.1552082675417596,0.5986775754261638,8190_8186,1.0,0.0,1.0,221,2,8,1,221,1,221,0,1,220,8,528,FL-528 E,E,Freeway,0.420730895759,0.0,8190,8186,E,2,65863,6,528,89199,65863,65,47,65.0,0.00689468015209
881,1,5883.460385438973,60.98119905866144,1.178872911402293,0.0194552365613908,5.2289254865237735,1.0035343912363106,0.19207032202148874,5886.826923076923,66.35991749963458,1.3127367732845887,0.020011856073017233,3.6401420539522866,0.7401647513524495,0.19989464135939766,8190_8186,1.0,0.0,1.0,221,2,8,1,221,1,221,0,1,220,8,528,FL-528 E,E,Freeway,0.420730895759,0.0,8190,8186,E,2,65863,6,528,89199,65863,65,47,65.0,0.00689468015209
882,2,12776.7078891258,53.06680547953498,5.544748214550438,0.10723547279721578,12.059889115037475,2.679894691772056,0.2165846342781286,12440.569296375266,62.80354584226586,3.740759292403207,0.06380541756287984,7.316714250170885,1.6755104293650909,0.20785590058376507,8190_8186,1.0,1.0,0.0,221,2,8,1,221,1,221,0,1,220,8,528,FL-528 E,E,Freeway,0.420730895759,0.0,8190,8186,E,2,65863,6,528,89199,65863,65,47,65.0,0.00689468015209
883,3,17716.703624733476,60.875408816498755,1.4071892410589226,0.023332810752644338,6.395874123015706,1.3981906674352678,0.21677241164407304,16740.238805970148,66.33474935045697,1.545798959768906,0.023581043995426598,4.083391204398102,0.9115984965768285,0.2214810288987804,8190_8186,0.0,0.0,0.0,221,2,8,1,221,1,221,0,1,220,8,528,FL-528 E,E,Freeway,0.420730895759,0.0,8190,8186,E,2,65863,6,528,89199,65863,65,47,65.0,0.00689468015209
884,0,13046.850746268658,66.33240222675371,1.8773125108542583,0.02833490956471915,1.931349690203464,1.1552082675417596,0.5986775754261638,13607.961620469085,65.3373381733959,1.8909028192787023,0.029012633716175205,2.052714164920202,1.2787216306349805,0.6227111863810294,8186_8176,1.0,1.0,0.0,222,2,9,1,222,1,222,0,1,221,9,528,FL-528 E,E,Freeway,0.783069502972,0.0,8186,8176,E,2,65863,7,528,89199,65863,70,44,65.0,0.0128341107641
885,1,5886.826923076923,66.35991749963458,1.3127367732845887,0.020011856073017233,3.6401420539522866,0.7401647513524495,0.19989464135939766,6020.228632478633,65.54964274761693,1.1719482602466322,0.0180967812226987,3.79442004938978,0.7613231246954197,0.19791615076552374,8186_8176,0.0,0.0,0.0,222,2,9,1,222,1,222,0,1,221,9,528,FL-528 E,E,Freeway,0.783069502972,0.0,8186,8176,E,2,65863,7,528,89199,65863,70,44,65.0,0.0128341107641
886,2,12440.569296375266,62.80354584226586,3.740759292403207,0.06380541756287984,7.316714250170885,1.6755104293650909,0.20785590058376507,13715.76119402985,60.26748771458935,5.551985917021546,0.1028903415988498,9.184393659424266,2.6459850886944696,0.2558783539915616,8186_8176,5.0,4.0,1.0,222,2,9,1,222,1,222,0,1,221,9,528,FL-528 E,E,Freeway,0.783069502972,0.0,8186,8176,E,2,65863,7,528,89199,65863,70,44,65.0,0.0128341107641
887,3,16740.238805970148,66.33474935045697,1.545798959768906,0.023581043995426598,4.083391204398102,0.9115984965768285,0.2214810288987804,18651.287846481875,65.59050257882927,1.3301360172990089,0.02039714688792413,4.746567610391148,1.0778470189601534,0.2263761412176605,8186_8176,0.0,0.0,0.0,222,2,9,1,222,1,222,0,1,221,9,528,FL-528 E,E,Freeway,0.783069502972,0.0,8186,8176,E,2,65863,7,528,89199,65863,70,44,65.0,0.0128341107641
888,0,13607.961620469085,65.3373381733959,1.8909028192787023,0.029012633716175205,2.052714164920202,1.2787216306349805,0.6227111863810294,13619.20895522388,70.53486965620212,1.9099132156717709,0.027202244837863657,2.057684949625905,1.3190934149451796,0.6410705021341965,8176_6156,2.0,1.0,1.0,223,2,10,1,223,1,223,0,1,222,10,528,FL-528 E,E,Freeway,0.34776931160999996,0.0,8176,6156,E,2,65863,7,528,89199,65863,70,39,70.0,0.005715874431510001
889,1,6020.228632478633,65.54964274761693,1.1719482602466322,0.0180967812226987,3.79442004938978,0.7613231246954197,0.19791615076552374,6037.070512820513,70.96196214519173,1.2016354128138933,0.017244107101417657,3.808907728075801,0.7953407896326853,0.2032428864208129,8176_6156,2.0,1.0,1.0,223,2,10,1,223,1,223,0,1,222,10,528,FL-528 E,E,Freeway,0.34776931160999996,0.0,8176,6156,E,2,65863,7,528,89199,65863,70,39,70.0,0.005715874431510001
890,2,13715.76119402985,60.26748771458935,5.551985917021546,0.1028903415988498,9.184393659424266,2.6459850886944696,0.2558783539915616,13746.157782515991,63.88593192962739,7.967542351161405,0.1403641136197843,10.37169011142139,3.688284880381024,0.31108351189772443,8176_6156,3.0,1.0,2.0,223,2,10,1,223,1,223,0,1,222,10,528,FL-528 E,E,Freeway,0.34776931160999996,0.0,8176,6156,E,2,65863,7,528,89199,65863,70,39,70.0,0.005715874431510001
891,3,18651.287846481875,65.59050257882927,1.3301360172990089,0.02039714688792413,4.746567610391148,1.0778470189601534,0.2263761412176605,18711.027718550107,71.29384887154126,1.4117615612992067,0.019943240783395058,4.826493145310421,1.1323916802827971,0.23304284291128385,8176_6156,0.0,0.0,0.0,223,2,10,1,223,1,223,0,1,222,10,528,FL-528 E,E,Freeway,0.34776931160999996,0.0,8176,6156,E,2,65863,7,528,89199,65863,70,39,70.0,0.005715874431510001
892,0,13580.991471215351,66.66802852727422,1.903106735802824,0.028780355229439482,1.6264627370593816,1.0052789393104309,0.6183880454568054,10206.784648187631,67.20669715898256,2.1605998345851285,0.03226331825599635,2.3444789970206585,1.3216651003458926,0.5606266681458607,8052_8060,3.0,2.0,1.0,224,2,11,1,224,1,224,0,1,223,11,528,FL-528 E,E,Freeway,0.683164709328,0.0,8052,8060,E,2,65863,5,528,83443,65863,70,63,70.0,0.0112281579214
893,1,5994.687366167022,66.7292967296295,1.2234568409960342,0.018433982960898886,2.9419588645057564,0.5825893190494751,0.19916728093082836,5124.585470085471,65.98870240602973,1.2136129510768792,0.01841659965672704,4.621827178158957,0.9014531911736636,0.19632852166787607,8052_8060,2.0,2.0,0.0,224,2,11,1,224,1,224,0,1,223,11,528,FL-528 E,E,Freeway,0.683164709328,0.0,8052,8060,E,2,65863,5,528,83443,65863,70,63,70.0,0.0112281579214
894,2,13746.066098081023,59.00826708748311,8.094205840970211,0.15141623615113609,8.641604385600168,3.5540943536345737,0.3636598667276382,10841.108742004264,56.07187823932485,9.901440020301036,0.18804998716061488,12.289376172660818,4.655446719928782,0.3632084374519638,8052_8060,6.0,4.0,2.0,224,2,11,1,224,1,224,0,1,223,11,528,FL-528 E,E,Freeway,0.683164709328,0.0,8052,8060,E,2,65863,5,528,83443,65863,70,63,70.0,0.0112281579214
895,3,18583.08102345416,66.83033383402837,1.4289612155089113,0.02153863339922205,3.688245003005164,0.8643660166146017,0.23250362266852015,15127.554371002132,66.2462443330798,1.698566321484588,0.025841559042790813,5.520292257176637,1.2441875735565222,0.22314916459485612,8052_8060,2.0,2.0,0.0,224,2,11,1,224,1,224,0,1,223,11,528,FL-528 E,E,Freeway,0.683164709328,0.0,8052,8060,E,2,65863,5,528,83443,65863,70,63,70.0,0.0112281579214
896,0,13619.20895522388,70.53486965620212,1.9099132156717709,0.027202244837863657,2.057684949625905,1.3190934149451796,0.6410705021341965,13580.991471215351,66.66802852727422,1.903106735802824,0.028780355229439482,1.6264627370593816,1.0052789393104309,0.6183880454568054,6156_8052,8.0,4.0,4.0,225,2,12,1,225,1,225,0,1,224,12,528,FL-528 E,E,Freeway,0.330283548486,0.0,6156,8052,E,2,65863,6,528,89199,65863,70,57,70.0,0.005428500371100001
897,1,6037.070512820513,70.96196214519173,1.2016354128138933,0.017244107101417657,3.808907728075801,0.7953407896326853,0.2032428864208129,5994.687366167022,66.7292967296295,1.2234568409960342,0.018433982960898886,2.9419588645057564,0.5825893190494751,0.19916728093082836,6156_8052,2.0,2.0,0.0,225,2,12,1,225,1,225,0,1,224,12,528,FL-528 E,E,Freeway,0.330283548486,0.0,6156,8052,E,2,65863,6,528,89199,65863,70,57,70.0,0.005428500371100001
898,2,13746.157782515991,63.88593192962739,7.967542351161405,0.1403641136197843,10.37169011142139,3.688284880381024,0.31108351189772443,13746.066098081023,59.00826708748311,8.094205840970211,0.15141623615113609,8.641604385600168,3.5540943536345737,0.3636598667276382,6156_8052,10.0,9.0,1.0,225,2,12,1,225,1,225,0,1,224,12,528,FL-528 E,E,Freeway,0.330283548486,0.0,6156,8052,E,2,65863,6,528,89199,65863,70,57,70.0,0.005428500371100001
899,3,18711.027718550107,71.29384887154126,1.4117615612992067,0.019943240783395058,4.826493145310421,1.1323916802827971,0.23304284291128385,18583.08102345416,66.83033383402837,1.4289612155089113,0.02153863339922205,3.688245003005164,0.8643660166146017,0.23250362266852015,6156_8052,8.0,8.0,0.0,225,2,12,1,225,1,225,0,1,224,12,528,FL-528 E,E,Freeway,0.330283548486,0.0,6156,8052,E,2,65863,6,528,89199,65863,70,57,70.0,0.005428500371100001
900,0,10231.206823027718,68.2700176594592,1.9779841814800316,0.029139344082915825,1.4724269552759013,0.9337807345824588,0.6364368748055985,7484.576086956522,66.44548513288011,2.4612790809527274,0.037239963009053884,1.7536070344891102,0.986699369860538,0.5619159400210663,8074_8019,4.0,3.0,1.0,226,2,13,1,226,1,226,0,1,225,13,528,FL-528 E,E,Freeway,0.888061025934,0.0,8074,8019,E,2,65863,4,528,73393,65863,70,82,70.0,0.0145967958229
901,1,5118.301282051281,68.21216874857005,1.2125467576350963,0.017818199139587636,3.1764941997111444,0.6951549908343321,0.22071182736922929,4872.201312910283,65.44786273728884,1.1139574276397637,0.01706871780035599,4.594400229303976,0.6548660931220465,0.14624688242419506,8074_8019,2.0,2.0,0.0,226,2,13,1,226,1,226,0,1,225,13,528,FL-528 E,E,Freeway,0.888061025934,0.0,8074,8019,E,2,65863,4,528,73393,65863,70,82,70.0,0.0145967958229
902,2,10889.699360341152,66.42597662481208,2.2872126797325527,0.03549649176987588,6.316466095339148,1.1131248686020017,0.1714217017299945,7781.777292576418,66.3565599075212,1.3949170180102541,0.021530816920203925,6.155706712185607,1.051107422512649,0.16887097031833212,8074_8019,0.0,0.0,0.0,226,2,13,1,226,1,226,0,1,225,13,528,FL-528 E,E,Freeway,0.888061025934,0.0,8074,8019,E,2,65863,4,528,73393,65863,70,82,70.0,0.0145967958229
903,3,15091.940298507463,68.36930411942326,1.4714499940719143,0.021649444825510476,3.8352952484068688,0.8913815981276199,0.2315892573714404,13246.310869565215,65.53637173615667,1.474500832752044,0.02270990498294153,5.0123469911336285,0.7739218752303458,0.15434170078617182,8074_8019,4.0,2.0,2.0,226,2,13,1,226,1,226,0,1,225,13,528,FL-528 E,E,Freeway,0.888061025934,0.0,8074,8019,E,2,65863,4,528,73393,65863,70,82,70.0,0.0145967958229
904,0,10206.784648187631,67.20669715898256,2.1605998345851285,0.03226331825599635,2.3444789970206585,1.3216651003458926,0.5606266681458607,10324.243315508022,72.05476355852302,2.022362839318376,0.028383138022552493,3.267089826713132,1.943074712990225,0.5931576469082377,8060_6666,1.0,1.0,0.0,227,2,14,1,227,1,227,0,1,226,14,528,FL-528 E,E,Freeway,0.682798007697,0.0,8060,6666,E,2,65863,4,528,77500,65863,70,64,70.0,0.01113416882
905,1,5124.585470085471,65.98870240602973,1.2136129510768792,0.01841659965672704,4.621827178158957,0.9014531911736636,0.19632852166787607,5132.522788203753,71.74879950488783,1.2736319317108582,0.017784516714845166,6.796017792649777,1.3945993942023456,0.2064965352742908,8060_6666,2.0,1.0,1.0,227,2,14,1,227,1,227,0,1,226,14,528,FL-528 E,E,Freeway,0.682798007697,0.0,8060,6666,E,2,65863,4,528,77500,65863,70,64,70.0,0.01113416882
906,2,10841.108742004264,56.07187823932485,9.901440020301036,0.18804998716061488,12.289376172660818,4.655446719928782,0.3632084374519638,10829.16577540107,63.5110284472586,5.497552014151889,0.08848178903720713,14.410249595629507,2.971724916725416,0.205108115784868,8060_6666,5.0,3.0,2.0,227,2,14,1,227,1,227,0,1,226,14,528,FL-528 E,E,Freeway,0.682798007697,0.0,8060,6666,E,2,65863,4,528,77500,65863,70,64,70.0,0.01113416882
907,3,15127.554371002132,66.2462443330798,1.698566321484588,0.025841559042790813,5.520292257176637,1.2441875735565222,0.22314916459485612,15121.890374331553,71.52303916843064,1.9840555944358085,0.02797258326600351,8.07098929732568,1.8857011365218568,0.23309393479557944,8060_6666,1.0,1.0,0.0,227,2,14,1,227,1,227,0,1,226,14,528,FL-528 E,E,Freeway,0.682798007697,0.0,8060,6666,E,2,65863,4,528,77500,65863,70,64,70.0,0.01113416882
908,0,10324.243315508022,72.05476355852302,2.022362839318376,0.028383138022552493,3.267089826713132,1.943074712990225,0.5931576469082377,10231.206823027718,68.2700176594592,1.9779841814800316,0.029139344082915825,1.4724269552759013,0.9337807345824588,0.6364368748055985,6666_8074,3.0,1.0,2.0,228,2,15,1,228,1,228,0,1,227,15,528,FL-528 E,E,Freeway,0.508568576953,0.0,6666,8074,E,2,65863,4,528,77500,65863,70,69,70.0,0.00835693292534
909,1,5132.522788203753,71.74879950488783,1.2736319317108582,0.017784516714845166,6.796017792649777,1.3945993942023456,0.2064965352742908,5118.301282051281,68.21216874857005,1.2125467576350963,0.017818199139587636,3.1764941997111444,0.6951549908343321,0.22071182736922929,6666_8074,2.0,2.0,0.0,228,2,15,1,228,1,228,0,1,227,15,528,FL-528 E,E,Freeway,0.508568576953,0.0,6666,8074,E,2,65863,4,528,77500,65863,70,69,70.0,0.00835693292534
910,2,10829.16577540107,63.5110284472586,5.497552014151889,0.08848178903720713,14.410249595629507,2.971724916725416,0.205108115784868,10889.699360341152,66.42597662481208,2.2872126797325527,0.03549649176987588,6.316466095339148,1.1131248686020017,0.1714217017299945,6666_8074,6.0,6.0,0.0,228,2,15,1,228,1,228,0,1,227,15,528,FL-528 E,E,Freeway,0.508568576953,0.0,6666,8074,E,2,65863,4,528,77500,65863,70,69,70.0,0.00835693292534
911,3,15121.890374331553,71.52303916843064,1.9840555944358085,0.02797258326600351,8.07098929732568,1.8857011365218568,0.23309393479557944,15091.940298507463,68.36930411942326,1.4714499940719143,0.021649444825510476,3.8352952484068688,0.8913815981276199,0.2315892573714404,6666_8074,5.0,4.0,1.0,228,2,15,1,228,1,228,0,1,227,15,528,FL-528 E,E,Freeway,0.508568576953,0.0,6666,8074,E,2,65863,4,528,77500,65863,70,69,70.0,0.00835693292534
912,0,7484.576086956522,66.44548513288011,2.4612790809527274,0.037239963009053884,1.7536070344891102,0.986699369860538,0.5619159400210663,7659.711538461538,69.3159282536343,2.8022563846269257,0.04065813083995313,1.401921247832849,0.8036006596301142,0.5664451215658994,8019_6319,3.0,1.0,2.0,229,2,16,1,229,1,229,0,1,228,16,528,FL-528 E,E,Freeway,0.6943959026450001,0.0,8019,6319,E,2,99999,6,528,67500,99999,70,48,70.0,0.011413682263
913,1,4872.201312910283,65.44786273728884,1.1139574276397637,0.01706871780035599,4.594400229303976,0.6548660931220465,0.14624688242419506,4848.439914163089,69.44641055097657,1.6235018061454816,0.02338396501239267,3.6478507496858787,0.5918540124872171,0.16549711651407106,8019_6319,1.0,1.0,0.0,229,2,16,1,229,1,229,0,1,228,16,528,FL-528 E,E,Freeway,0.6943959026450001,0.0,8019,6319,E,2,99999,6,528,67500,99999,70,48,70.0,0.011413682263
914,2,7781.777292576418,66.3565599075212,1.3949170180102541,0.021530816920203925,6.155706712185607,1.051107422512649,0.16887097031833212,7746.9122055674525,68.32936525307662,1.9161737799873169,0.02937438740613162,4.6056226000042,0.8656819009158402,0.18092486019426,8019_6319,0.0,0.0,0.0,229,2,16,1,229,1,229,0,1,228,16,528,FL-528 E,E,Freeway,0.6943959026450001,0.0,8019,6319,E,2,99999,6,528,67500,99999,70,48,70.0,0.011413682263
915,3,13246.310869565215,65.53637173615667,1.474500832752044,0.02270990498294153,5.0123469911336285,0.7739218752303458,0.15434170078617182,13269.273504273504,68.21453057570072,1.730851286037741,0.02575337594004764,3.6137131356054737,0.661207496044734,0.17405973232722133,8019_6319,3.0,3.0,0.0,229,2,16,1,229,1,229,0,1,228,16,528,FL-528 E,E,Freeway,0.6943959026450001,0.0,8019,6319,E,2,99999,6,528,67500,99999,70,48,70.0,0.011413682263
916,0,4926.334047109208,67.62622064355944,2.5129502028862842,0.0372272699310269,0.7951206488302056,0.4919174139242419,0.6928397927567133,,,,,,,,6945_8095,3.0,3.0,0.0,230,2,17,1,230,1,230,0,1,229,17,528,FL-528 E,E,Freeway,2.3196425334599997,0.0,6945,8095,E,2,99999,4,528,67500,99999,70,57,70.0,0.0381275313939
917,1,3047.15367965368,67.45093492331483,1.7284995713894928,0.025652980580695827,1.9504674343574733,0.4689823078239591,0.2797109354073802,,,,,,,,6945_8095,2.0,1.0,1.0,230,2,17,1,230,1,230,0,1,229,17,528,FL-528 E,E,Freeway,2.3196425334599997,0.0,6945,8095,E,2,99999,4,528,67500,99999,70,57,70.0,0.0381275313939
918,2,4426.582251082251,67.34429601103612,2.0522464902907283,0.03337301472453499,2.2323524809659383,0.6191394650513947,0.2664835861810278,,,,,,,,6945_8095,4.0,2.0,2.0,230,2,17,1,230,1,230,0,1,229,17,528,FL-528 E,E,Freeway,2.3196425334599997,0.0,6945,8095,E,2,99999,4,528,67500,99999,70,57,70.0,0.0381275313939
919,3,8504.618843683083,67.45315816978047,1.8961352065816584,0.02891149094841125,1.96002448893198,0.5801127368189235,0.272796818737128,,,,,,,,6945_8095,4.0,4.0,0.0,230,2,17,1,230,1,230,0,1,229,17,528,FL-528 E,E,Freeway,2.3196425334599997,0.0,6945,8095,E,2,99999,4,528,67500,99999,70,57,70.0,0.0381275313939
920,0,7659.711538461538,69.3159282536343,2.8022563846269257,0.04065813083995313,1.401921247832849,0.8036006596301142,0.5664451215658994,4926.334047109208,67.62622064355944,2.5129502028862842,0.0372272699310269,0.7951206488302056,0.4919174139242419,0.6928397927567133,6319_6945,0.0,0.0,0.0,231,2,18,1,231,1,231,0,1,230,18,528,FL-528 E,E,Freeway,0.5546880799530001,0.0,6319,6945,E,2,99999,4,528,67500,99999,70,98,70.0,0.00911723281802
921,1,4848.439914163089,69.44641055097657,1.6235018061454816,0.02338396501239267,3.6478507496858787,0.5918540124872171,0.16549711651407106,3047.15367965368,67.45093492331483,1.7284995713894928,0.025652980580695827,1.9504674343574733,0.4689823078239591,0.2797109354073802,6319_6945,0.0,0.0,0.0,231,2,18,1,231,1,231,0,1,230,18,528,FL-528 E,E,Freeway,0.5546880799530001,0.0,6319,6945,E,2,99999,4,528,67500,99999,70,98,70.0,0.00911723281802
922,2,7746.9122055674525,68.32936525307662,1.9161737799873169,0.02937438740613162,4.6056226000042,0.8656819009158402,0.18092486019426,4426.582251082251,67.34429601103612,2.0522464902907283,0.03337301472453499,2.2323524809659383,0.6191394650513947,0.2664835861810278,6319_6945,0.0,0.0,0.0,231,2,18,1,231,1,231,0,1,230,18,528,FL-528 E,E,Freeway,0.5546880799530001,0.0,6319,6945,E,2,99999,4,528,67500,99999,70,98,70.0,0.00911723281802
923,3,13269.273504273504,68.21453057570072,1.730851286037741,0.02575337594004764,3.6137131356054737,0.661207496044734,0.17405973232722133,8504.618843683083,67.45315816978047,1.8961352065816584,0.02891149094841125,1.96002448893198,0.5801127368189235,0.272796818737128,6319_6945,1.0,0.0,1.0,231,2,18,1,231,1,231,0,1,230,18,528,FL-528 E,E,Freeway,0.5546880799530001,0.0,6319,6945,E,2,99999,4,528,67500,99999,70,98,70.0,0.00911723281802
924,0,6166.836363636364,72.42934823421916,3.888657341361351,0.05672555299393399,1.943296425663364,1.4165822072727894,0.6815721860878285,6343.594713656386,73.1309089390716,3.2482474048055456,0.0462674087717093,1.9495385927212496,1.291461251416368,0.6505979246094284,8101_6488,6.0,5.0,1.0,232,2,19,1,232,1,232,0,1,231,19,528,FL-528 E,E,Freeway,3.04418050116,0.0,8101,6488,E,2,99999,4,528,51210,99999,70,44,70.0,0.050036772779000004
925,1,4189.366972477064,72.80708420656809,1.688817980382197,0.023296372433556246,4.424510922733399,0.7778174002008761,0.17891746860917745,4248.815315315315,74.26380077460958,1.3658487229798295,0.018430101201867118,5.132996456689268,0.8576863082809746,0.17237595283361745,8101_6488,2.0,2.0,0.0,232,2,19,1,232,1,232,0,1,231,19,528,FL-528 E,E,Freeway,3.04418050116,0.0,8101,6488,E,2,99999,4,528,51210,99999,70,44,70.0,0.050036772779000004
926,2,6537.6513761467895,73.66524354072138,2.0236398052701343,0.02799285956934163,5.982161186022044,1.1606521613896477,0.18362963076040895,6542.3982300884945,74.11292903575726,2.00457549574916,0.027917147755115647,6.895992190304503,1.3304346841516703,0.18714350654538284,8101_6488,4.0,2.0,2.0,232,2,19,1,232,1,232,0,1,231,19,528,FL-528 E,E,Freeway,3.04418050116,0.0,8101,6488,E,2,99999,4,528,51210,99999,70,44,70.0,0.050036772779000004
927,3,11970.090909090908,72.55117489352878,2.224619014570582,0.0329617125893449,5.437859550562471,1.1008864355471983,0.1874968962968717,12274.898230088496,73.71502521267495,2.0135314394472505,0.028383285646742345,6.087471557534842,1.1499877625990735,0.17814172748766186,8101_6488,14.0,10.0,4.0,232,2,19,1,232,1,232,0,1,231,19,528,FL-528 E,E,Freeway,3.04418050116,0.0,8101,6488,E,2,99999,4,528,51210,99999,70,44,70.0,0.050036772779000004
928,0,,,,,,,,6166.836363636364,72.42934823421916,3.888657341361351,0.05672555299393399,1.943296425663364,1.4165822072727894,0.6815721860878285,8095_8101,1.0,1.0,0.0,233,2,20,1,233,1,233,0,1,232,20,528,FL-528 E,E,Freeway,0.6635559599759999,0.0,8095,8101,E,2,99999,4,528,58498,99999,70,59,70.0,0.010906764392299999
929,1,,,,,,,,4189.366972477064,72.80708420656809,1.688817980382197,0.023296372433556246,4.424510922733399,0.7778174002008761,0.17891746860917745,8095_8101,0.0,0.0,0.0,233,2,20,1,233,1,233,0,1,232,20,528,FL-528 E,E,Freeway,0.6635559599759999,0.0,8095,8101,E,2,99999,4,528,58498,99999,70,59,70.0,0.010906764392299999
930,2,,,,,,,,6537.6513761467895,73.66524354072138,2.0236398052701343,0.02799285956934163,5.982161186022044,1.1606521613896477,0.18362963076040895,8095_8101,2.0,1.0,1.0,233,2,20,1,233,1,233,0,1,232,20,528,FL-528 E,E,Freeway,0.6635559599759999,0.0,8095,8101,E,2,99999,4,528,58498,99999,70,59,70.0,0.010906764392299999
931,3,,,,,,,,11970.090909090908,72.55117489352878,2.224619014570582,0.0329617125893449,5.437859550562471,1.1008864355471983,0.1874968962968717,8095_8101,4.0,4.0,0.0,233,2,20,1,233,1,233,0,1,232,20,528,FL-528 E,E,Freeway,0.6635559599759999,0.0,8095,8101,E,2,99999,4,528,58498,99999,70,59,70.0,0.010906764392299999
932,0,6400.302771855011,70.3810102881385,3.602477851270151,0.05290474599788314,1.5302724258781826,0.9755552172821416,0.6136553222697021,5781.969162995594,70.21283722192986,2.934230875180595,0.042508409048611376,1.1703127857300002,0.6917342864847841,0.6782471395941531,8109_6321,5.0,3.0,2.0,234,2,21,1,234,1,234,0,1,233,21,528,FL-528 E,E,Freeway,2.31793492149,0.0,8109,6321,E,2,99999,4,528,51210,99999,70,56,70.0,0.0380991691531
933,1,4210.7360515021455,69.7324464916138,1.986958853594757,0.02853681979091855,3.924825693721549,0.6678847583177101,0.17448184565633978,3913.237777777778,71.22679438495227,1.7644019060388916,0.02481241617893589,3.1133632396959263,0.5695403235406448,0.1965588939386361,8109_6321,5.0,3.0,2.0,234,2,21,1,234,1,234,0,1,233,21,528,FL-528 E,E,Freeway,2.31793492149,0.0,8109,6321,E,2,99999,4,528,51210,99999,70,56,70.0,0.0380991691531
934,2,6609.119658119658,69.60819605353997,1.8590088878334188,0.029045748321311557,5.000374679965135,0.9915146192266936,0.18839611921458085,5782.938189845475,70.28760152022842,1.9023595744561657,0.028177993656495613,3.675016795459312,0.7545229850747651,0.19453561124223487,8109_6321,6.0,5.0,1.0,234,2,21,1,234,1,234,0,1,233,21,528,FL-528 E,E,Freeway,2.31793492149,0.0,8109,6321,E,2,99999,4,528,51210,99999,70,56,70.0,0.0380991691531
935,3,12200.309168443497,69.01323268881518,2.1022482831666505,0.03212164644266974,4.510641911889007,0.8829052490745736,0.18439715935426526,11188.006607929517,69.1701749844039,2.0318680739413946,0.029558541715158707,3.2132904341908763,0.6424484208875256,0.20362169369000546,8109_6321,11.0,4.0,7.0,234,2,21,1,234,1,234,0,1,233,21,528,FL-528 E,E,Freeway,2.31793492149,0.0,8109,6321,E,2,99999,4,528,51210,99999,70,56,70.0,0.0380991691531
936,0,6343.594713656386,73.1309089390716,3.2482474048055456,0.0462674087717093,1.9495385927212496,1.291461251416368,0.6505979246094284,6400.302771855011,70.3810102881385,3.602477851270151,0.05290474599788314,1.5302724258781826,0.9755552172821416,0.6136553222697021,6488_8109,3.0,3.0,0.0,235,2,22,1,235,1,235,0,1,234,22,528,FL-528 E,E,Freeway,0.34529106027900003,0.0,6488,8109,E,2,99999,4,528,51210,99999,70,51,70.0,0.00567532054912
937,1,4248.815315315315,74.26380077460958,1.3658487229798295,0.018430101201867118,5.132996456689268,0.8576863082809746,0.17237595283361745,4210.7360515021455,69.7324464916138,1.986958853594757,0.02853681979091855,3.924825693721549,0.6678847583177101,0.17448184565633978,6488_8109,0.0,0.0,0.0,235,2,22,1,235,1,235,0,1,234,22,528,FL-528 E,E,Freeway,0.34529106027900003,0.0,6488,8109,E,2,99999,4,528,51210,99999,70,51,70.0,0.00567532054912
938,2,6542.3982300884945,74.11292903575726,2.00457549574916,0.027917147755115647,6.895992190304503,1.3304346841516703,0.18714350654538284,6609.119658119658,69.60819605353997,1.8590088878334188,0.029045748321311557,5.000374679965135,0.9915146192266936,0.18839611921458085,6488_8109,1.0,1.0,0.0,235,2,22,1,235,1,235,0,1,234,22,528,FL-528 E,E,Freeway,0.34529106027900003,0.0,6488,8109,E,2,99999,4,528,51210,99999,70,51,70.0,0.00567532054912
939,3,12274.898230088496,73.71502521267495,2.0135314394472505,0.028383285646742345,6.087471557534842,1.1499877625990735,0.17814172748766186,12200.309168443497,69.01323268881518,2.1022482831666505,0.03212164644266974,4.510641911889007,0.8829052490745736,0.18439715935426526,6488_8109,6.0,5.0,1.0,235,2,22,1,235,1,235,0,1,234,22,528,FL-528 E,E,Freeway,0.34529106027900003,0.0,6488,8109,E,2,99999,4,528,51210,99999,70,51,70.0,0.00567532054912
940,0,5780.0788288288295,68.92746755350943,2.603349218878632,0.038486696446457656,1.1798829117305392,0.7676261290280458,0.6173616147597061,5754.87420042644,74.96104617644697,2.903936002362273,0.04014196719639216,1.5967156098314101,1.0727648034054156,0.6504697113786093,7008_7061,3.0,2.0,1.0,236,2,23,1,236,1,236,0,1,235,23,528,FL-528 E,E,Freeway,2.26116329901,0.0,7008,7061,E,2,99999,4,528,51210,99999,70,43,70.0,0.037166352061199996
941,1,3877.384439359268,69.11696209737286,1.6134060181438852,0.02347061159462056,3.2248952537435067,0.6070815976909545,0.18825342782726168,3757.886509635974,75.07096141839234,1.3168755308962448,0.01773193326094528,4.445160619676534,0.8576596097521271,0.19451963040526454,7008_7061,4.0,3.0,1.0,236,2,23,1,236,1,236,0,1,235,23,528,FL-528 E,E,Freeway,2.26116329901,0.0,7008,7061,E,2,99999,4,528,51210,99999,70,43,70.0,0.037166352061199996
942,2,5779.45909090909,69.28039117418554,1.6048491698388374,0.025771292191858062,4.006930501571054,0.8445335607608287,0.1898620641353828,5529.070512820513,75.91479978141801,1.828103107602494,0.025776225565032854,5.706109708400867,1.197113359858567,0.20038975740234286,7008_7061,2.0,1.0,1.0,236,2,23,1,236,1,236,0,1,235,23,528,FL-528 E,E,Freeway,2.26116329901,0.0,7008,7061,E,2,99999,4,528,51210,99999,70,43,70.0,0.037166352061199996
943,3,11166.3,68.39967255629476,1.5518133735505455,0.02287358418143995,3.5724376255317836,0.6924093179105182,0.18848078958057832,10711.944562899787,75.00569893651851,1.7812877542249823,0.024028954412904726,5.151261431442311,0.9623075364960398,0.18590105327200712,7008_7061,11.0,10.0,1.0,236,2,23,1,236,1,236,0,1,235,23,528,FL-528 E,E,Freeway,2.26116329901,0.0,7008,7061,E,2,99999,4,528,51210,99999,70,43,70.0,0.037166352061199996
944,0,5781.969162995594,70.21283722192986,2.934230875180595,0.042508409048611376,1.1703127857300002,0.6917342864847841,0.6782471395941531,5780.0788288288295,68.92746755350943,2.603349218878632,0.038486696446457656,1.1798829117305392,0.7676261290280458,0.6173616147597061,6321_7008,0.0,0.0,0.0,237,2,24,1,237,1,237,0,1,236,24,528,FL-528 E,E,Freeway,0.46645608311,0.0,6321,7008,E,2,99999,4,528,51210,99999,70,73,70.0,0.00766699433359
945,1,3913.237777777778,71.22679438495227,1.7644019060388916,0.02481241617893589,3.1133632396959263,0.5695403235406448,0.1965588939386361,3877.384439359268,69.11696209737286,1.6134060181438852,0.02347061159462056,3.2248952537435067,0.6070815976909545,0.18825342782726168,6321_7008,0.0,0.0,0.0,237,2,24,1,237,1,237,0,1,236,24,528,FL-528 E,E,Freeway,0.46645608311,0.0,6321,7008,E,2,99999,4,528,51210,99999,70,73,70.0,0.00766699433359
946,2,5782.938189845475,70.28760152022842,1.9023595744561657,0.028177993656495613,3.675016795459312,0.7545229850747651,0.19453561124223487,5779.45909090909,69.28039117418554,1.6048491698388374,0.025771292191858062,4.006930501571054,0.8445335607608287,0.1898620641353828,6321_7008,2.0,1.0,1.0,237,2,24,1,237,1,237,0,1,236,24,528,FL-528 E,E,Freeway,0.46645608311,0.0,6321,7008,E,2,99999,4,528,51210,99999,70,73,70.0,0.00766699433359
947,3,11188.006607929517,69.1701749844039,2.0318680739413946,0.029558541715158707,3.2132904341908763,0.6424484208875256,0.20362169369000546,11166.3,68.39967255629476,1.5518133735505455,0.02287358418143995,3.5724376255317836,0.6924093179105182,0.18848078958057832,6321_7008,1.0,1.0,0.0,237,2,24,1,237,1,237,0,1,236,24,528,FL-528 E,E,Freeway,0.46645608311,0.0,6321,7008,E,2,99999,4,528,51210,99999,70,73,70.0,0.00766699433359
948,0,5754.87420042644,74.96104617644697,2.903936002362273,0.04014196719639216,1.5967156098314101,1.0727648034054156,0.6504697113786093,5820.872844827585,70.42116410603839,3.1645217732409767,0.046378908153975364,1.1910304094136288,0.7482773905498781,0.6129506986706567,7061_8083,4.0,3.0,1.0,238,2,25,1,238,1,238,0,1,237,25,528,FL-528 E,E,Freeway,2.01129198425,0.0,7061,8083,E,2,99999,4,528,51210,99999,70,51,70.0,0.0330598741889
949,1,3757.886509635974,75.07096141839234,1.3168755308962448,0.01773193326094528,4.445160619676534,0.8576596097521271,0.19451963040526454,3859.019522776573,71.14780747572456,1.4144339184226706,0.019924508161327653,3.1430484289705696,0.6023017866772931,0.19624465654292894,7061_8083,1.0,1.0,0.0,238,2,25,1,238,1,238,0,1,237,25,528,FL-528 E,E,Freeway,2.01129198425,0.0,7061,8083,E,2,99999,4,528,51210,99999,70,51,70.0,0.0330598741889
950,2,5529.070512820513,75.91479978141801,1.828103107602494,0.025776225565032854,5.706109708400867,1.197113359858567,0.20038975740234286,5799.2363238512025,71.86444859902251,1.6155991675698718,0.022758648138923813,4.071957504758879,0.7954495765797662,0.1960844366964584,7061_8083,6.0,5.0,1.0,238,2,25,1,238,1,238,0,1,237,25,528,FL-528 E,E,Freeway,2.01129198425,0.0,7061,8083,E,2,99999,4,528,51210,99999,70,51,70.0,0.0330598741889
951,3,10711.944562899787,75.00569893651851,1.7812877542249823,0.024028954412904726,5.151261431442311,0.9623075364960398,0.18590105327200712,11045.081896551723,70.96603215590612,1.6803223817424902,0.02380442265556277,3.647687853147984,0.7002859278224192,0.19246681697660795,7061_8083,5.0,2.0,3.0,238,2,25,1,238,1,238,0,1,237,25,528,FL-528 E,E,Freeway,2.01129198425,0.0,7061,8083,E,2,99999,4,528,51210,99999,70,51,70.0,0.0330598741889
952,0,5820.872844827585,70.42116410603839,3.1645217732409767,0.046378908153975364,1.1910304094136288,0.7482773905498781,0.6129506986706567,5001.98933901919,74.81969921822848,3.1625323568635424,0.04353139354673016,1.4061656310476829,0.9445496266826716,0.6530848983863081,8083_6824,4.0,2.0,2.0,239,2,26,1,239,1,239,0,1,238,26,528,FL-528 E,E,Freeway,1.15392452155,0.0,8083,6824,S,3,99999,4,520,18615,99999,70,83,70.0,0.0189669685379
953,1,3859.019522776573,71.14780747572456,1.4144339184226706,0.019924508161327653,3.1430484289705696,0.6023017866772931,0.19624465654292894,3476.4978632478637,76.16918176323091,1.2853048839609746,0.017027371240914576,4.010371235593857,0.7912368128986056,0.2057283654669413,8083_6824,1.0,1.0,0.0,239,2,26,1,239,1,239,0,1,238,26,528,FL-528 E,E,Freeway,1.15392452155,0.0,8083,6824,S,3,99999,4,520,18615,99999,70,83,70.0,0.0189669685379
954,2,5799.2363238512025,71.86444859902251,1.6155991675698718,0.022758648138923813,4.071957504758879,0.7954495765797662,0.1960844366964584,4913.242489270387,77.60007851588819,1.6056700132987334,0.021896056084476062,4.820614951631588,0.9078127836406088,0.18522098314897456,8083_6824,5.0,5.0,0.0,239,2,26,1,239,1,239,0,1,238,26,528,FL-528 E,E,Freeway,1.15392452155,0.0,8083,6824,S,3,99999,4,520,18615,99999,70,83,70.0,0.0189669685379
955,3,11045.081896551723,70.96603215590612,1.6803223817424902,0.02380442265556277,3.647687853147984,0.7002859278224192,0.19246681697660795,9889.518123667378,76.75398920375594,1.6998093979137017,0.022466230278951716,4.5939598341219785,0.9607802505397556,0.20461028566152012,8083_6824,8.0,8.0,0.0,239,2,26,1,239,1,239,0,1,238,26,528,FL-528 E,E,Freeway,1.15392452155,0.0,8083,6824,S,3,99999,4,520,18615,99999,70,83,70.0,0.0189669685379
956,0,5787.0877944325475,68.48099540011424,3.292226091455924,0.048913004291794335,2.026472070966115,1.6471391671064697,0.8054089442984554,6358.025751072962,67.80541330036951,3.0012624277514384,0.04706688612681193,1.4882704623666132,1.1581191812687806,0.7743890519129162,6225_8114,0.0,0.0,0.0,240,2,1,1,240,1,240,0,1,239,1,408,E West Expy E,E,Freeway,0.262477307822,0.0,6225,8114,E,2,65863,4,408,51146,65863,55,90,55.0,0.00425177483443
957,1,8821.09677419355,66.7150375932313,3.2044140814497304,0.049092613863168856,12.077078968428266,3.417766747411907,0.2815111286870072,10040.792207792209,65.67645528124626,2.2019675880270317,0.03517005271728112,7.747674983547678,1.9821480547231127,0.2566278521311374,6225_8114,1.0,1.0,0.0,240,2,1,1,240,1,240,0,1,239,1,408,E West Expy E,E,Freeway,0.262477307822,0.0,6225,8114,E,2,65863,4,408,51146,65863,55,90,55.0,0.00425177483443
958,2,7110.289079229123,67.39083942780866,2.231717444463421,0.0336264968493207,9.438074006567499,1.579373824861686,0.16645073000371755,7594.905376344086,66.55820808027559,1.9221525799242385,0.02960842699442595,6.113327971199424,1.0269505103742798,0.1681544878439847,6225_8114,0.0,0.0,0.0,240,2,1,1,240,1,240,0,1,239,1,408,E West Expy E,E,Freeway,0.262477307822,0.0,6225,8114,E,2,65863,4,408,51146,65863,55,90,55.0,0.00425177483443
959,3,14356.295503211992,68.13676216016133,1.8143909564158207,0.02677361782047146,8.43884486616172,1.502501041599862,0.17857581745200354,15714.422746781116,66.76128556428597,1.6664800022407757,0.025930419744184727,5.430258360159124,0.998846687665886,0.1844808520795954,6225_8114,1.0,0.0,1.0,240,2,1,1,240,1,240,0,1,239,1,408,E West Expy E,E,Freeway,0.262477307822,0.0,6225,8114,E,2,65863,4,408,51146,65863,55,90,55.0,0.00425177483443
960,0,6358.025751072962,67.80541330036951,3.0012624277514384,0.04706688612681193,1.4882704623666132,1.1581191812687806,0.7743890519129162,6717.660215053764,64.6360332685223,3.16903390080017,0.049665217995256916,1.0517740211670883,0.8238307111605104,0.7774134384682158,8114_8152,1.0,0.0,1.0,241,2,2,1,241,1,241,0,1,240,2,408,E West Expy E,E,Freeway,0.5765476459619999,0.0,8114,8152,E,2,65863,6,408,60500,65863,65,55,65.0,0.00945308858353
961,1,10040.792207792209,65.67645528124626,2.2019675880270317,0.03517005271728112,7.747674983547678,1.9821480547231127,0.2566278521311374,10311.453362255965,65.39611917320046,1.7324786208086371,0.026677706922419758,5.899265181618648,1.5610925426317417,0.2636223639545669,8114_8152,5.0,5.0,0.0,241,2,2,1,241,1,241,0,1,240,2,408,E West Expy E,E,Freeway,0.5765476459619999,0.0,8114,8152,E,2,65863,6,408,60500,65863,65,55,65.0,0.00945308858353
962,2,7594.905376344086,66.55820808027559,1.9221525799242385,0.02960842699442595,6.113327971199424,1.0269505103742798,0.1681544878439847,8030.827213822894,65.46319165333394,1.4705481647272685,0.02267492915616813,4.602403019429444,0.7119572250890567,0.1546613472516878,8114_8152,10.0,9.0,1.0,241,2,2,1,241,1,241,0,1,240,2,408,E West Expy E,E,Freeway,0.5765476459619999,0.0,8114,8152,E,2,65863,6,408,60500,65863,65,55,65.0,0.00945308858353
963,3,15714.422746781116,66.76128556428597,1.6664800022407757,0.025930419744184727,5.430258360159124,0.998846687665886,0.1844808520795954,16364.64935064935,65.7834632980991,1.2983994006879092,0.019864903672864653,4.1068436043708765,0.7112836627904884,0.17283277402557998,8114_8152,6.0,3.0,3.0,241,2,2,1,241,1,241,0,1,240,2,408,E West Expy E,E,Freeway,0.5765476459619999,0.0,8114,8152,E,2,65863,6,408,60500,65863,65,55,65.0,0.00945308858353
964,0,6373.9936034115135,69.32832929358108,2.9787756190237578,0.04339947580465338,0.9017338400365904,0.7441499921536362,0.8227381910996683,12264.927038626609,64.20917760909714,2.7886787420001538,0.04394191963194918,1.0312605422738708,0.90565938145142,0.8791720439469123,8144_8146,1.0,1.0,0.0,242,2,3,1,242,1,242,0,1,241,3,408,E West Expy E,E,Freeway,0.794468178966,0.0,8144,8146,E,2,65863,4,408,73500,65863,65,77,65.0,0.0130467443582
965,1,10970.241452991451,69.99467314355893,2.7124380805818267,0.04056754888188953,6.394364944204022,2.0880349293916187,0.3072519447168753,20360.53779697624,62.963675386034716,3.855809931756351,0.06483741805970372,7.6525837635043485,2.924391598610189,0.3592491694373767,8144_8146,2.0,1.0,1.0,242,2,3,1,242,1,242,0,1,241,3,408,E West Expy E,E,Freeway,0.794468178966,0.0,8144,8146,E,2,65863,4,408,73500,65863,65,77,65.0,0.0130467443582
966,2,7468.4029850746265,70.72352230330587,1.4793025128980826,0.02112669261646371,4.012071846517108,0.6285717296511771,0.15846177998803812,13991.478540772532,65.45385327826804,1.6978528838058338,0.026352581867046983,4.689176297690186,0.7232922723895467,0.15650323215406722,8144_8146,2.0,2.0,0.0,242,2,3,1,242,1,242,0,1,241,3,408,E West Expy E,E,Freeway,0.794468178966,0.0,8144,8146,E,2,65863,4,408,73500,65863,65,77,65.0,0.0130467443582
967,3,16801.046908315566,70.50026162552906,1.2823948386467343,0.018284866120671768,4.1364916724544685,0.7241251345578261,0.17554024201927695,31732.916309012875,65.31599760830781,1.3154908518413655,0.020292554327926912,4.762632242418476,0.8362429987368293,0.17517907625700846,8144_8146,4.0,3.0,1.0,242,2,3,1,242,1,242,0,1,241,3,408,E West Expy E,E,Freeway,0.794468178966,0.0,8144,8146,E,2,65863,4,408,73500,65863,65,77,65.0,0.0130467443582
968,0,6303.9806866952795,65.58099208414947,3.2912539538738512,0.050750313870335656,1.0165406422854546,0.845760359096766,0.8164141049168673,6453.402222222222,64.27491044298158,3.0852418617728454,0.04866648005630005,0.8959904080771309,0.6808534985712893,0.7630365150414745,8154_6302,0.0,0.0,0.0,243,2,4,1,243,1,243,0,1,242,4,408,E West Expy E,E,Freeway,0.325527973797,0.0,8154,6302,E,2,65863,4,408,73500,65863,65,87,65.0,0.0053372869231800004
969,1,11066.442764578833,64.9667738736525,1.5937243573738586,0.024737792689561028,6.800983007911498,1.9985109594574368,0.29242348250215583,11009.008928571431,64.25039622406915,2.119229515076454,0.03330102882542492,5.614454236429185,1.569252850371623,0.2764293249859414,8154_6302,0.0,0.0,0.0,243,2,4,1,243,1,243,0,1,242,4,408,E West Expy E,E,Freeway,0.325527973797,0.0,8154,6302,E,2,65863,4,408,73500,65863,65,87,65.0,0.0053372869231800004
970,2,7505.220302375809,65.37426458285145,1.3285085035215314,0.02042461806564637,4.3641379409617445,0.6822675553646417,0.1583255286548763,7587.248888888889,64.9728832455667,1.7156668748911317,0.02655769433254807,3.5687331089233814,0.5953959282162303,0.1677197003026476,8154_6302,0.0,0.0,0.0,243,2,4,1,243,1,243,0,1,242,4,408,E West Expy E,E,Freeway,0.325527973797,0.0,8154,6302,E,2,65863,4,408,73500,65863,65,87,65.0,0.0053372869231800004
971,3,16956.45788336933,65.1463526673429,1.1900688306542484,0.018395019817968927,4.595695602924355,0.8327304641573514,0.18096870469462029,16948.84,64.50068012921021,1.5231165428926483,0.02370337951607929,3.6785363820713055,0.6773708634596816,0.18459918284431126,8154_6302,1.0,1.0,0.0,243,2,4,1,243,1,243,0,1,242,4,408,E West Expy E,E,Freeway,0.325527973797,0.0,8154,6302,E,2,65863,4,408,73500,65863,65,87,65.0,0.0053372869231800004
972,0,6717.660215053764,64.6360332685223,3.16903390080017,0.049665217995256916,1.0517740211670883,0.8238307111605104,0.7774134384682158,6303.9806866952795,65.58099208414947,3.2912539538738512,0.050750313870335656,1.0165406422854546,0.845760359096766,0.8164141049168673,8152_8154,0.0,0.0,0.0,244,2,5,1,244,1,244,0,1,243,5,408,E West Expy E,E,Freeway,0.19067652346500003,0.0,8152,8154,E,2,65863,6,408,73500,65863,65,77,65.0,0.00312739818786
973,1,10311.453362255965,65.39611917320046,1.7324786208086371,0.026677706922419758,5.899265181618648,1.5610925426317417,0.2636223639545669,11066.442764578833,64.9667738736525,1.5937243573738586,0.024737792689561028,6.800983007911498,1.9985109594574368,0.29242348250215583,8152_8154,0.0,0.0,0.0,244,2,5,1,244,1,244,0,1,243,5,408,E West Expy E,E,Freeway,0.19067652346500003,0.0,8152,8154,E,2,65863,6,408,73500,65863,65,77,65.0,0.00312739818786
974,2,8030.827213822894,65.46319165333394,1.4705481647272685,0.02267492915616813,4.602403019429444,0.7119572250890567,0.1546613472516878,7505.220302375809,65.37426458285145,1.3285085035215314,0.02042461806564637,4.3641379409617445,0.6822675553646417,0.1583255286548763,8152_8154,1.0,1.0,0.0,244,2,5,1,244,1,244,0,1,243,5,408,E West Expy E,E,Freeway,0.19067652346500003,0.0,8152,8154,E,2,65863,6,408,73500,65863,65,77,65.0,0.00312739818786
975,3,16364.64935064935,65.7834632980991,1.2983994006879092,0.019864903672864653,4.1068436043708765,0.7112836627904884,0.17283277402557998,16956.45788336933,65.1463526673429,1.1900688306542484,0.018395019817968927,4.595695602924355,0.8327304641573514,0.18096870469462029,8152_8154,1.0,0.0,1.0,244,2,5,1,244,1,244,0,1,243,5,408,E West Expy E,E,Freeway,0.19067652346500003,0.0,8152,8154,E,2,65863,6,408,73500,65863,65,77,65.0,0.00312739818786
976,0,12264.927038626609,64.20917760909714,2.7886787420001538,0.04394191963194918,1.0312605422738708,0.90565938145142,0.8791720439469123,6719.696832579186,68.02593983830678,2.7178279455293657,0.04037628224398164,0.8899354539453818,0.7747939016445087,0.8641520453539097,8146_6068,0.0,0.0,0.0,245,2,6,1,245,1,245,0,1,244,6,408,E West Expy E,E,Freeway,0.252243134747,0.0,8146,6068,E,2,65863,6,408,73500,65863,65,67,65.0,0.0041325401507100006
977,1,20360.53779697624,62.963675386034716,3.855809931756351,0.06483741805970372,7.6525837635043485,2.924391598610189,0.3592491694373767,11752.179723502304,66.89306930785443,4.898615973401838,0.07881103395788451,7.095243507575263,3.2188665250723867,0.4095674056091541,8146_6068,5.0,4.0,1.0,245,2,6,1,245,1,245,0,1,244,6,408,E West Expy E,E,Freeway,0.252243134747,0.0,8146,6068,E,2,65863,6,408,73500,65863,65,67,65.0,0.0041325401507100006
978,2,13991.478540772532,65.45385327826804,1.6978528838058338,0.026352581867046983,4.689176297690186,0.7232922723895467,0.15650323215406722,7800.126984126983,69.68061778763435,1.4943144888289162,0.021640928662095483,3.9775632845870224,0.6706302066740492,0.16892823286825348,8146_6068,2.0,1.0,1.0,245,2,6,1,245,1,245,0,1,244,6,408,E West Expy E,E,Freeway,0.252243134747,0.0,8146,6068,E,2,65863,6,408,73500,65863,65,67,65.0,0.0041325401507100006
979,3,31732.916309012875,65.31599760830781,1.3154908518413655,0.020292554327926912,4.762632242418476,0.8362429987368293,0.17517907625700846,17718.941309255082,69.5438435162724,1.2918784462911417,0.018691151031598928,4.120707505050612,0.8126883226077468,0.19437602583548225,8146_6068,2.0,2.0,0.0,245,2,6,1,245,1,245,0,1,244,6,408,E West Expy E,E,Freeway,0.252243134747,0.0,8146,6068,E,2,65863,6,408,73500,65863,65,67,65.0,0.0041325401507100006
980,0,6054.368308351178,66.70675809960186,2.9959241140178867,0.045818258077641415,1.0070821524084943,0.8433046502247167,0.8152647151510231,6373.9936034115135,69.32832929358108,2.9787756190237578,0.04339947580465338,0.9017338400365904,0.7441499921536362,0.8227381910996683,6788_8144,1.0,1.0,0.0,246,2,7,1,246,1,246,0,1,245,7,408,E West Expy E,E,Freeway,0.32942483801600003,0.0,6788,8144,E,2,65863,4,408,73500,65863,65,90,65.0,0.00541623493582
981,1,10236.205183585313,66.60354782363183,2.1740970962685755,0.03374105741079783,6.341271349770191,1.91357421452958,0.2934958486609888,10970.241452991451,69.99467314355893,2.7124380805818267,0.04056754888188953,6.394364944204022,2.0880349293916187,0.3072519447168753,6788_8144,2.0,1.0,1.0,246,2,7,1,246,1,246,0,1,245,7,408,E West Expy E,E,Freeway,0.32942483801600003,0.0,6788,8144,E,2,65863,4,408,73500,65863,65,90,65.0,0.00541623493582
982,2,6996.99357601713,67.07636274463356,1.3832180694363072,0.020831737640136416,4.028530093797484,0.6277563306574275,0.1568354055361426,7468.4029850746265,70.72352230330587,1.4793025128980826,0.02112669261646371,4.012071846517108,0.6285717296511771,0.15846177998803812,6788_8144,0.0,0.0,0.0,246,2,7,1,246,1,246,0,1,245,7,408,E West Expy E,E,Freeway,0.32942483801600003,0.0,6788,8144,E,2,65863,4,408,73500,65863,65,90,65.0,0.00541623493582
983,3,15762.927194860813,66.83696710018629,1.267867837911643,0.019097315934820173,4.175558841220777,0.7316901856924936,0.17918325229371165,16801.046908315566,70.50026162552906,1.2823948386467343,0.018284866120671768,4.1364916724544685,0.7241251345578261,0.17554024201927695,6788_8144,0.0,0.0,0.0,246,2,7,1,246,1,246,0,1,245,7,408,E West Expy E,E,Freeway,0.32942483801600003,0.0,6788,8144,E,2,65863,4,408,73500,65863,65,90,65.0,0.00541623493582
984,0,6453.402222222222,64.27491044298158,3.0852418617728454,0.04866648005630005,0.8959904080771309,0.6808534985712893,0.7630365150414745,6054.368308351178,66.70675809960186,2.9959241140178867,0.045818258077641415,1.0070821524084943,0.8433046502247167,0.8152647151510231,6302_6788,1.0,0.0,1.0,247,2,8,1,247,1,247,0,1,246,8,408,E West Expy E,E,Freeway,0.49319054010200003,0.0,6302,6788,E,2,65863,4,408,73500,65863,65,59,65.0,0.008087191225979999
985,1,11009.008928571431,64.25039622406915,2.119229515076454,0.03330102882542492,5.614454236429185,1.569252850371623,0.2764293249859414,10236.205183585313,66.60354782363183,2.1740970962685755,0.03374105741079783,6.341271349770191,1.91357421452958,0.2934958486609888,6302_6788,0.0,0.0,0.0,247,2,8,1,247,1,247,0,1,246,8,408,E West Expy E,E,Freeway,0.49319054010200003,0.0,6302,6788,E,2,65863,4,408,73500,65863,65,59,65.0,0.008087191225979999
986,2,7587.248888888889,64.9728832455667,1.7156668748911317,0.02655769433254807,3.5687331089233814,0.5953959282162303,0.1677197003026476,6996.99357601713,67.07636274463356,1.3832180694363072,0.020831737640136416,4.028530093797484,0.6277563306574275,0.1568354055361426,6302_6788,1.0,1.0,0.0,247,2,8,1,247,1,247,0,1,246,8,408,E West Expy E,E,Freeway,0.49319054010200003,0.0,6302,6788,E,2,65863,4,408,73500,65863,65,59,65.0,0.008087191225979999
987,3,16948.84,64.50068012921021,1.5231165428926483,0.02370337951607929,3.6785363820713055,0.6773708634596816,0.18459918284431126,15762.927194860813,66.83696710018629,1.267867837911643,0.019097315934820173,4.175558841220777,0.7316901856924936,0.17918325229371165,6302_6788,1.0,1.0,0.0,247,2,8,1,247,1,247,0,1,246,8,408,E West Expy E,E,Freeway,0.49319054010200003,0.0,6302,6788,E,2,65863,4,408,73500,65863,65,59,65.0,0.008087191225979999
988,0,6794.675965665236,65.79054512179742,2.6058367621572107,0.04019871823110476,1.1944632128188533,0.9605522373984948,0.7892517811027802,7294.373390557941,65.74724796192646,2.8360426287319584,0.04390449828936305,0.8932061444184671,0.7754091554148038,0.8573163007180837,8208_8205,4.0,4.0,0.0,248,2,9,1,248,1,248,0,1,247,9,408,E West Expy E,E,Freeway,0.49296689160400003,0.0,8208,8205,N,3,65863,6,435,35610,65863,65,110,65.0,0.00803485256424
989,1,11707.619870410366,64.25884898684754,5.2642901617883915,0.08831768209304736,8.928694675733473,4.032952614212096,0.4116797169015141,11535.987012987012,61.22323088610293,7.860984821875317,0.14131681225637055,7.576914100313075,3.985209003100582,0.4738487909972791,8208_8205,8.0,7.0,1.0,248,2,9,1,248,1,248,0,1,247,9,408,E West Expy E,E,Freeway,0.49296689160400003,0.0,8208,8205,N,3,65863,6,435,35610,65863,65,110,65.0,0.00803485256424
990,2,7814.9635193133045,66.96253167194052,1.3384787243341143,0.020245846148903675,4.89003086088464,0.7187231456439055,0.14872502942927732,8152.81974248927,66.83472279487988,1.4500008506126023,0.02191240454499385,3.8450198450731454,0.5922757104021821,0.1557490212503818,8208_8205,3.0,2.0,1.0,248,2,9,1,248,1,248,0,1,247,9,408,E West Expy E,E,Freeway,0.49296689160400003,0.0,8208,8205,N,3,65863,6,435,35610,65863,65,110,65.0,0.00803485256424
991,3,17934.78540772532,66.92982121252822,1.1631371647077131,0.017530194871731082,5.048319381960245,0.8900619237416274,0.17570982572174712,17991.587982832618,66.54336093460398,1.2822949678021585,0.019428277054129788,3.896647114172101,0.6905965079172939,0.1746672220198339,8208_8205,1.0,1.0,0.0,248,2,9,1,248,1,248,0,1,247,9,408,E West Expy E,E,Freeway,0.49296689160400003,0.0,8208,8205,N,3,65863,6,435,35610,65863,65,110,65.0,0.00803485256424
992,0,7294.373390557941,65.74724796192646,2.8360426287319584,0.04390449828936305,0.8932061444184671,0.7754091554148038,0.8573163007180837,8225.356984478936,59.324312432686995,2.9155783891558897,0.05005021037551608,0.9859369145944592,0.8210418733799633,0.8052683114014463,8205_6294,5.0,3.0,2.0,249,2,10,1,249,1,249,0,1,248,10,408,E West Expy E,E,Freeway,0.654533766357,0.0,8205,6294,E,2,65863,6,408,66500,65863,65,65,65.0,0.0107680165062
993,1,11535.987012987012,61.22323088610293,7.860984821875317,0.14131681225637055,7.576914100313075,3.985209003100582,0.4738487909972791,12318.512304250558,54.736414604639705,6.7243776384056115,0.13173218413235382,7.366949731459048,3.74134809550576,0.4630557092041489,8205_6294,16.0,14.0,2.0,249,2,10,1,249,1,249,0,1,248,10,408,E West Expy E,E,Freeway,0.654533766357,0.0,8205,6294,E,2,65863,6,408,66500,65863,65,65,65.0,0.0107680165062
994,2,8152.81974248927,66.83472279487988,1.4500008506126023,0.02191240454499385,3.8450198450731454,0.5922757104021821,0.1557490212503818,8878.416851441241,59.71691529172833,1.7222818156904984,0.029285000029134218,3.5866083712744774,0.6061658789544145,0.16512282413995175,8205_6294,4.0,4.0,0.0,249,2,10,1,249,1,249,0,1,248,10,408,E West Expy E,E,Freeway,0.654533766357,0.0,8205,6294,E,2,65863,6,408,66500,65863,65,65,65.0,0.0107680165062
995,3,17991.587982832618,66.54336093460398,1.2822949678021585,0.019428277054129788,3.896647114172101,0.6905965079172939,0.1746672220198339,19499.791574279374,59.463173494461536,1.5241314722764805,0.025843578566446125,3.6144128146802608,0.6485968354868832,0.17593310652522526,8205_6294,3.0,3.0,0.0,249,2,10,1,249,1,249,0,1,248,10,408,E West Expy E,E,Freeway,0.654533766357,0.0,8205,6294,E,2,65863,6,408,66500,65863,65,65,65.0,0.0107680165062
996,0,8225.356984478936,59.324312432686995,2.9155783891558897,0.05005021037551608,0.9859369145944592,0.8210418733799633,0.8052683114014463,8221.92750533049,61.50745707173986,2.7955118119786286,0.046419753582673945,1.2438131312201377,1.1041857010493985,0.8496352824540504,6294_5905,0.0,0.0,0.0,250,2,11,1,250,1,250,0,1,249,11,408,E West Expy E,E,Freeway,0.32714827502599997,0.0,6294,5905,E,2,65863,6,408,66500,65863,65,63,65.0,0.00538212365509
997,1,12318.512304250558,54.736414604639705,6.7243776384056115,0.13173218413235382,7.366949731459048,3.74134809550576,0.4630557092041489,12173.914346895075,53.01337752044122,11.689193035961685,0.24973267256727705,13.008026653241815,8.74035804112264,0.5995768658344244,6294_5905,6.0,4.0,2.0,250,2,11,1,250,1,250,0,1,249,11,408,E West Expy E,E,Freeway,0.32714827502599997,0.0,6294,5905,E,2,65863,6,408,66500,65863,65,63,65.0,0.00538212365509
998,2,8878.416851441241,59.71691529172833,1.7222818156904984,0.029285000029134218,3.5866083712744774,0.6061658789544145,0.16512282413995175,8883.786780383796,62.585019632620856,1.8774437951035725,0.0316987135965477,5.081463116364295,1.0455394662403759,0.17603601725845192,6294_5905,0.0,0.0,0.0,250,2,11,1,250,1,250,0,1,249,11,408,E West Expy E,E,Freeway,0.32714827502599997,0.0,6294,5905,E,2,65863,6,408,66500,65863,65,63,65.0,0.00538212365509
999,3,19499.791574279374,59.463173494461536,1.5241314722764805,0.025843578566446125,3.6144128146802608,0.6485968354868832,0.17593310652522526,19584.904051172707,62.49089738284847,1.6762298489972596,0.02717149779992058,4.988868381266527,1.0344459574602611,0.1958692974132916,6294_5905,1.0,1.0,0.0,250,2,11,1,250,1,250,0,1,249,11,408,E West Expy E,E,Freeway,0.32714827502599997,0.0,6294,5905,E,2,65863,6,408,66500,65863,65,63,65.0,0.00538212365509
1000,0,6719.696832579186,68.02593983830678,2.7178279455293657,0.04037628224398164,0.8899354539453818,0.7747939016445087,0.8641520453539097,6794.675965665236,65.79054512179742,2.6058367621572107,0.04019871823110476,1.1944632128188533,0.9605522373984948,0.7892517811027802,6068_8208,3.0,2.0,1.0,251,2,12,1,251,1,251,0,1,250,12,408,E West Expy E,E,Freeway,0.252460012189,0.0,6068,8208,E,2,65863,6,408,73500,65863,65,67,65.0,0.0041405043817800006
1001,1,11752.179723502304,66.89306930785443,4.898615973401838,0.07881103395788451,7.095243507575263,3.2188665250723867,0.4095674056091541,11707.619870410366,64.25884898684754,5.2642901617883915,0.08831768209304736,8.928694675733473,4.032952614212096,0.4116797169015141,6068_8208,7.0,5.0,2.0,251,2,12,1,251,1,251,0,1,250,12,408,E West Expy E,E,Freeway,0.252460012189,0.0,6068,8208,E,2,65863,6,408,73500,65863,65,67,65.0,0.0041405043817800006
1002,2,7800.126984126983,69.68061778763435,1.4943144888289162,0.021640928662095483,3.9775632845870224,0.6706302066740492,0.16892823286825348,7814.9635193133045,66.96253167194052,1.3384787243341143,0.020245846148903675,4.89003086088464,0.7187231456439055,0.14872502942927732,6068_8208,2.0,2.0,0.0,251,2,12,1,251,1,251,0,1,250,12,408,E West Expy E,E,Freeway,0.252460012189,0.0,6068,8208,E,2,65863,6,408,73500,65863,65,67,65.0,0.0041405043817800006
1003,3,17718.941309255082,69.5438435162724,1.2918784462911417,0.018691151031598928,4.120707505050612,0.8126883226077468,0.19437602583548225,17934.78540772532,66.92982121252822,1.1631371647077131,0.017530194871731082,5.048319381960245,0.8900619237416274,0.17570982572174712,6068_8208,2.0,2.0,0.0,251,2,12,1,251,1,251,0,1,250,12,408,E West Expy E,E,Freeway,0.252460012189,0.0,6068,8208,E,2,65863,6,408,73500,65863,65,67,65.0,0.0041405043817800006
1004,0,16455.08547008547,65.49276156519589,2.8453737242389585,0.04476475170569698,1.7522955981286037,1.5614840688099292,0.8676005173534541,8717.289699570816,63.3804908107399,2.74590609422086,0.0441013294503519,1.3745641028154676,1.1976879928614432,0.8398915272031009,6014_8237,4.0,2.0,2.0,252,2,13,1,252,1,252,0,1,251,13,408,E West Expy E,E,Freeway,0.245471493626,0.0,6014,8237,E,2,65863,6,408,66500,65863,65,121,65.0,0.0040260104211400005
1005,1,23160.620171673818,53.25584619654813,14.386270755108187,0.3014662887528397,18.577871514431404,11.410179215149196,0.5751302903506479,12692.813852813853,52.45969511263897,10.73619817821382,0.2195937219330693,11.782253473582275,6.206172715526653,0.496298113662253,6014_8237,7.0,3.0,4.0,252,2,13,1,252,1,252,0,1,251,13,408,E West Expy E,E,Freeway,0.245471493626,0.0,6014,8237,E,2,65863,6,408,66500,65863,65,121,65.0,0.0040260104211400005
1006,2,17733.852564102563,64.56117722150039,3.603932116632431,0.0638704937105063,8.176716380722787,2.4822441626270573,0.2364004368947849,9600.505376344086,60.53180430061789,4.091968585779952,0.07673247754433778,6.404266437446437,2.2522730922100176,0.27064209789368865,6014_8237,2.0,1.0,1.0,252,2,13,1,252,1,252,0,1,251,13,408,E West Expy E,E,Freeway,0.245471493626,0.0,6014,8237,E,2,65863,6,408,66500,65863,65,121,65.0,0.0040260104211400005
1007,3,38594.67307692308,65.59274110194892,2.1723943419141687,0.03378166464022974,7.426136514297193,1.7254175327302501,0.2199838250408077,20774.555793991414,61.8935140069176,2.0685327450576634,0.033897189848782545,5.439323782726962,1.1855655719621945,0.20804394060486556,6014_8237,3.0,3.0,0.0,252,2,13,1,252,1,252,0,1,251,13,408,E West Expy E,E,Freeway,0.245471493626,0.0,6014,8237,E,2,65863,6,408,66500,65863,65,121,65.0,0.0040260104211400005
1008,0,8221.92750533049,61.50745707173986,2.7955118119786286,0.046419753582673945,1.2438131312201377,1.1041857010493985,0.8496352824540504,16455.08547008547,65.49276156519589,2.8453737242389585,0.04476475170569698,1.7522955981286037,1.5614840688099292,0.8676005173534541,5905_6014,0.0,0.0,0.0,253,2,14,1,253,1,253,0,1,252,14,408,E West Expy E,E,Freeway,0.427382923572,0.0,5905,6014,E,2,65863,6,408,66500,65863,65,86,65.0,0.0069115576955299995
1009,1,12173.914346895075,53.01337752044122,11.689193035961685,0.24973267256727705,13.008026653241815,8.74035804112264,0.5995768658344244,23160.620171673818,53.25584619654813,14.386270755108187,0.3014662887528397,18.577871514431404,11.410179215149196,0.5751302903506479,5905_6014,6.0,5.0,1.0,253,2,14,1,253,1,253,0,1,252,14,408,E West Expy E,E,Freeway,0.427382923572,0.0,5905,6014,E,2,65863,6,408,66500,65863,65,86,65.0,0.0069115576955299995
1010,2,8883.786780383796,62.585019632620856,1.8774437951035725,0.0316987135965477,5.081463116364295,1.0455394662403759,0.17603601725845192,17733.852564102563,64.56117722150039,3.603932116632431,0.0638704937105063,8.176716380722787,2.4822441626270573,0.2364004368947849,5905_6014,0.0,0.0,0.0,253,2,14,1,253,1,253,0,1,252,14,408,E West Expy E,E,Freeway,0.427382923572,0.0,5905,6014,E,2,65863,6,408,66500,65863,65,86,65.0,0.0069115576955299995
1011,3,19584.904051172707,62.49089738284847,1.6762298489972596,0.02717149779992058,4.988868381266527,1.0344459574602611,0.1958692974132916,38594.67307692308,65.59274110194892,2.1723943419141687,0.03378166464022974,7.426136514297193,1.7254175327302501,0.2199838250408077,5905_6014,1.0,1.0,0.0,253,2,14,1,253,1,253,0,1,252,14,408,E West Expy E,E,Freeway,0.427382923572,0.0,5905,6014,E,2,65863,6,408,66500,65863,65,86,65.0,0.0069115576955299995
1012,0,5005.232258064516,60.342550436602714,4.398245420620661,0.0740663862242249,7.333279692918082,3.0556265992165392,0.5930618035436758,12430.18376068376,57.905928296248334,3.9883404173708086,0.07069070682802503,1.964204855256794,1.6411989839266077,0.7867216791873862,8267_6679,0.0,0.0,0.0,254,2,15,1,254,1,254,0,1,253,15,408,E West Expy E,E,Freeway,0.226706669041,0.0,8267,6679,E,2,65863,6,408,87957,65863,55,79,55.0,0.0037292231919899997
1013,1,6303.508733624454,50.16526511837629,11.050930484864711,0.2312160653468332,12.842499805382998,4.776686374085028,0.41073882963766384,13666.908296943233,43.985151042307265,13.209560212447991,0.31722708159325513,13.317576114404366,7.359303447665626,0.5350819280071487,8267_6679,6.0,6.0,0.0,254,2,15,1,254,1,254,0,1,253,15,408,E West Expy E,E,Freeway,0.226706669041,0.0,8267,6679,E,2,65863,6,408,87957,65863,55,79,55.0,0.0037292231919899997
1014,2,6266.544468546637,35.839081856462215,13.665997828049756,0.4017128746943157,17.491391263157062,5.920048436110477,0.3521982271617061,15638.103896103896,32.07033793632258,12.336020093825937,0.40310442992401496,20.99602591466022,7.802847456993837,0.3844468155681723,8267_6679,13.0,6.0,7.0,254,2,15,1,254,1,254,0,1,253,15,408,E West Expy E,E,Freeway,0.226706669041,0.0,8267,6679,E,2,65863,6,408,87957,65863,55,79,55.0,0.0037292231919899997
1015,3,11155.088172043013,59.07475289438344,5.203093672551665,0.0899068379828162,9.830859429512325,3.4231778623236115,0.3782743037817456,26537.63440860215,55.963524105689174,6.118609588184563,0.11168629898867226,7.045349393036855,3.282824507095827,0.4522978809949608,8267_6679,14.0,9.0,5.0,254,2,15,1,254,1,254,0,1,253,15,408,E West Expy E,E,Freeway,0.226706669041,0.0,8267,6679,E,2,65863,6,408,87957,65863,55,79,55.0,0.0037292231919899997
1016,0,9324.533049040512,60.77567998516922,3.2586896030119386,0.054197623124720366,1.646042195906978,1.3194333565859448,0.7842578172813292,5005.232258064516,60.342550436602714,4.398245420620661,0.0740663862242249,7.333279692918082,3.0556265992165392,0.5930618035436758,8248_8267,5.0,4.0,1.0,255,2,16,1,255,1,255,0,1,254,16,408,E West Expy E,E,Freeway,0.21109848425099997,0.0,8248,8267,E,2,65863,6,408,85500,65863,55,95,55.0,0.0034724618233600004
1017,1,11543.134615384617,48.54200653870453,11.33942772925411,0.24712753915600946,12.769296981603105,6.748233247773403,0.5050410243614001,6303.508733624454,50.16526511837629,11.050930484864711,0.2312160653468332,12.842499805382998,4.776686374085028,0.41073882963766384,8248_8267,9.0,3.0,6.0,255,2,16,1,255,1,255,0,1,254,16,408,E West Expy E,E,Freeway,0.21109848425099997,0.0,8248,8267,E,2,65863,6,408,85500,65863,55,95,55.0,0.0034724618233600004
1018,2,11567.113006396587,34.955286779693516,14.547046380365055,0.4503823791498675,21.07744532390214,9.425048599693293,0.4584992686835385,6266.544468546637,35.839081856462215,13.665997828049756,0.4017128746943157,17.491391263157062,5.920048436110477,0.3521982271617061,8248_8267,13.0,9.0,4.0,255,2,16,1,255,1,255,0,1,254,16,408,E West Expy E,E,Freeway,0.21109848425099997,0.0,8248,8267,E,2,65863,6,408,85500,65863,55,95,55.0,0.0034724618233600004
1019,3,22089.53091684435,58.00747169607319,4.291492820408677,0.0758319958501474,6.783400405724246,2.4447007005577173,0.34087888156589513,11155.088172043013,59.07475289438344,5.203093672551665,0.0899068379828162,9.830859429512325,3.4231778623236115,0.3782743037817456,8248_8267,7.0,5.0,2.0,255,2,16,1,255,1,255,0,1,254,16,408,E West Expy E,E,Freeway,0.21109848425099997,0.0,8248,8267,E,2,65863,6,408,85500,65863,55,95,55.0,0.0034724618233600004
1020,0,9032.434968017058,62.60883433969033,2.9361515490131973,0.04748934282719903,1.5196473517823408,1.2662490291219846,0.8181636780144417,9324.533049040512,60.77567998516922,3.2586896030119386,0.054197623124720366,1.646042195906978,1.3194333565859448,0.7842578172813292,8242_8248,3.0,3.0,0.0,256,2,17,1,256,1,256,0,1,255,17,408,E West Expy E,E,Freeway,0.26585906645199997,0.0,8242,8248,S,3,65863,4,17,35500,65863,55,131,55.0,0.00437326939294
1021,1,12106.55364806867,51.45314922567237,10.894792258737764,0.2244770004674695,12.505787677483525,6.722063486102673,0.5104774833208906,11543.134615384617,48.54200653870453,11.33942772925411,0.24712753915600946,12.769296981603105,6.748233247773403,0.5050410243614001,8242_8248,2.0,2.0,0.0,256,2,17,1,256,1,256,0,1,255,17,408,E West Expy E,E,Freeway,0.26585906645199997,0.0,8242,8248,S,3,65863,4,17,35500,65863,55,131,55.0,0.00437326939294
1022,2,10278.904051172707,39.25698574020243,14.999170154928887,0.4156195474136216,18.997038760859414,9.323591514220206,0.5026292615793092,11567.113006396587,34.955286779693516,14.547046380365055,0.4503823791498675,21.07744532390214,9.425048599693293,0.4584992686835385,8242_8248,6.0,4.0,2.0,256,2,17,1,256,1,256,0,1,255,17,408,E West Expy E,E,Freeway,0.26585906645199997,0.0,8242,8248,S,3,65863,4,17,35500,65863,55,131,55.0,0.00437326939294
1023,3,21445.925373134327,60.60834188920535,3.5224816348887833,0.059476376246279015,6.289747048708528,2.063780410502362,0.3076304328583602,22089.53091684435,58.00747169607319,4.291492820408677,0.0758319958501474,6.783400405724246,2.4447007005577173,0.34087888156589513,8242_8248,3.0,2.0,1.0,256,2,17,1,256,1,256,0,1,255,17,408,E West Expy E,E,Freeway,0.26585906645199997,0.0,8242,8248,S,3,65863,4,17,35500,65863,55,131,55.0,0.00437326939294
1024,0,8717.289699570816,63.3804908107399,2.74590609422086,0.0441013294503519,1.3745641028154676,1.1976879928614432,0.8398915272031009,8723.275109170305,66.22163665842523,2.82084540719026,0.04344246798173649,1.8672235193245577,1.6137749595610569,0.8393010383236771,8237_6011,2.0,0.0,2.0,257,2,18,1,257,1,257,0,1,256,18,408,E West Expy E,E,Freeway,0.391948706948,0.0,8237,6011,E,2,65863,6,408,66500,65863,65,55,65.0,0.00644769365853
1025,1,12692.813852813853,52.45969511263897,10.73619817821382,0.2195937219330693,11.782253473582275,6.206172715526653,0.496298113662253,12802.628571428571,58.16979147997253,8.77902730455514,0.1598022505148567,13.970734967178625,5.784459796275488,0.3968868057868487,8237_6011,8.0,7.0,1.0,257,2,18,1,257,1,257,0,1,256,18,408,E West Expy E,E,Freeway,0.391948706948,0.0,8237,6011,E,2,65863,6,408,66500,65863,65,55,65.0,0.00644769365853
1026,2,9600.505376344086,60.53180430061789,4.091968585779952,0.07673247754433778,6.404266437446437,2.2522730922100176,0.27064209789368865,9649.179431072209,62.10287526533839,6.858934353281952,0.12894795151095026,9.935555431226929,4.084013518515942,0.3325550690192756,8237_6011,1.0,1.0,0.0,257,2,18,1,257,1,257,0,1,256,18,408,E West Expy E,E,Freeway,0.391948706948,0.0,8237,6011,E,2,65863,6,408,66500,65863,65,55,65.0,0.00644769365853
1027,3,20774.555793991414,61.8935140069176,2.0685327450576634,0.033897189848782545,5.439323782726962,1.1855655719621945,0.20804394060486556,20809.70588235294,65.84046391335707,2.2249062139130915,0.0343241843387381,7.735229951422911,1.5364711427608948,0.1930844730221966,8237_6011,4.0,4.0,0.0,257,2,18,1,257,1,257,0,1,256,18,408,E West Expy E,E,Freeway,0.391948706948,0.0,8237,6011,E,2,65863,6,408,66500,65863,65,55,65.0,0.00644769365853
1028,0,8760.284796573877,63.6099085961306,2.857307911639817,0.04581206794450243,1.3982363372694355,1.2109760512968206,0.8355981128675617,9199.630901287554,60.521990460657655,2.860845446140738,0.047957255238541587,1.5217939556196187,1.2793919210971063,0.8180580984296549,8219_8213,3.0,1.0,2.0,258,2,19,1,258,1,258,0,1,257,19,408,E West Expy E,E,Freeway,0.422684222223,0.0,8219,8213,E,2,65863,6,408,73750,65863,65,52,65.0,0.00662471929857
1029,1,12781.572354211665,57.523911801646435,7.4864038126588,0.13777755704228156,9.861492225631695,4.5469236133557285,0.4296129190182103,12502.132321041216,52.510266336901644,8.647545156829258,0.17544790003277302,11.129909083194585,5.557778396635643,0.4638186623977104,8219_8213,1.0,0.0,1.0,258,2,19,1,258,1,258,0,1,257,19,408,E West Expy E,E,Freeway,0.422684222223,0.0,8219,8213,E,2,65863,6,408,73750,65863,65,52,65.0,0.00662471929857
1030,2,9692.811158798284,56.98981881926907,8.854330389741731,0.18060206984256508,8.979083451353699,5.2888482764615965,0.4816028042667379,10666.18064516129,47.30042040107856,12.719080585237545,0.3102015820736574,13.703177398906426,8.108321464787675,0.5451666663061225,8219_8213,5.0,2.0,3.0,258,2,19,1,258,1,258,0,1,257,19,408,E West Expy E,E,Freeway,0.422684222223,0.0,8219,8213,E,2,65863,6,408,73750,65863,65,52,65.0,0.00662471929857
1031,3,20801.004282655245,62.66535056064679,2.007983165529608,0.03252844762984919,5.545796314332246,1.224814417516639,0.2107031590520327,21797.482832618025,59.17666207017839,2.448981105702984,0.042175200309486016,6.2614224103666976,1.5762955910498788,0.2396945271128688,8219_8213,0.0,0.0,0.0,258,2,19,1,258,1,258,0,1,257,19,408,E West Expy E,E,Freeway,0.422684222223,0.0,8219,8213,E,2,65863,6,408,73750,65863,65,52,65.0,0.00662471929857
1032,0,9199.630901287554,60.521990460657655,2.860845446140738,0.047957255238541587,1.5217939556196187,1.2793919210971063,0.8180580984296549,7861.944444444444,65.31937212399453,2.9794762318461103,0.04618132458415659,1.6111586354227831,1.2706795433664322,0.7741675626191151,8213_8169,0.0,0.0,0.0,259,2,20,1,259,1,259,0,1,258,20,408,E West Expy E,E,Freeway,0.282358229389,0.0,8213,8169,E,2,65863,6,408,84500,65863,55,71,55.0,0.0044210546512200005
1033,1,12502.132321041216,52.510266336901644,8.647545156829258,0.17544790003277302,11.129909083194585,5.557778396635643,0.4638186623977104,10822.522580645162,56.886274265268476,9.96091457734269,0.18674336948150466,11.030830285228916,5.593211643887156,0.4711975802891954,8213_8169,12.0,9.0,3.0,259,2,20,1,259,1,259,0,1,258,20,408,E West Expy E,E,Freeway,0.282358229389,0.0,8213,8169,E,2,65863,6,408,84500,65863,55,71,55.0,0.0044210546512200005
1034,2,10666.18064516129,47.30042040107856,12.719080585237545,0.3102015820736574,13.703177398906426,8.108321464787675,0.5451666663061225,9199.845824411137,48.03221038929738,15.055460257664352,0.3526660887416282,15.073587935815349,8.59115859862526,0.5539066639429667,8213_8169,11.0,3.0,8.0,259,2,20,1,259,1,259,0,1,258,20,408,E West Expy E,E,Freeway,0.282358229389,0.0,8213,8169,E,2,65863,6,408,84500,65863,55,71,55.0,0.0044210546512200005
1035,3,21797.482832618025,59.17666207017839,2.448981105702984,0.042175200309486016,6.2614224103666976,1.5762955910498788,0.2396945271128688,18670.32051282051,64.39755228701445,3.0023343627423444,0.047558306802240886,6.098333959627223,1.6847124839319143,0.2614536592270029,8213_8169,3.0,1.0,2.0,259,2,20,1,259,1,259,0,1,258,20,408,E West Expy E,E,Freeway,0.282358229389,0.0,8213,8169,E,2,65863,6,408,84500,65863,55,71,55.0,0.0044210546512200005
1036,0,7861.944444444444,65.31937212399453,2.9794762318461103,0.04618132458415659,1.6111586354227831,1.2706795433664322,0.7741675626191151,9032.434968017058,62.60883433969033,2.9361515490131973,0.04748934282719903,1.5196473517823408,1.2662490291219846,0.8181636780144417,8169_8242,2.0,1.0,1.0,260,2,21,1,260,1,260,0,1,259,21,408,E West Expy E,E,Freeway,0.52750589296,0.0,8169,8242,E,2,65863,6,408,85012,65863,55,49,55.0,0.008501213875420001
1037,1,10822.522580645162,56.886274265268476,9.96091457734269,0.18674336948150466,11.030830285228916,5.593211643887156,0.4711975802891954,12106.55364806867,51.45314922567237,10.894792258737764,0.2244770004674695,12.505787677483525,6.722063486102673,0.5104774833208906,8169_8242,13.0,7.0,6.0,260,2,21,1,260,1,260,0,1,259,21,408,E West Expy E,E,Freeway,0.52750589296,0.0,8169,8242,E,2,65863,6,408,85012,65863,55,49,55.0,0.008501213875420001
1038,2,9199.845824411137,48.03221038929738,15.055460257664352,0.3526660887416282,15.073587935815349,8.59115859862526,0.5539066639429667,10278.904051172707,39.25698574020243,14.999170154928887,0.4156195474136216,18.997038760859414,9.323591514220206,0.5026292615793092,8169_8242,22.0,18.0,4.0,260,2,21,1,260,1,260,0,1,259,21,408,E West Expy E,E,Freeway,0.52750589296,0.0,8169,8242,E,2,65863,6,408,85012,65863,55,49,55.0,0.008501213875420001
1039,3,18670.32051282051,64.39755228701445,3.0023343627423444,0.047558306802240886,6.098333959627223,1.6847124839319143,0.2614536592270029,21445.925373134327,60.60834188920535,3.5224816348887833,0.059476376246279015,6.289747048708528,2.063780410502362,0.3076304328583602,8169_8242,7.0,3.0,4.0,260,2,21,1,260,1,260,0,1,259,21,408,E West Expy E,E,Freeway,0.52750589296,0.0,8169,8242,E,2,65863,6,408,85012,65863,55,49,55.0,0.008501213875420001
1040,0,8723.275109170305,66.22163665842523,2.82084540719026,0.04344246798173649,1.8672235193245577,1.6137749595610569,0.8393010383236771,8760.284796573877,63.6099085961306,2.857307911639817,0.04581206794450243,1.3982363372694355,1.2109760512968206,0.8355981128675617,6011_8219,1.0,0.0,1.0,261,2,22,1,261,1,261,0,1,260,22,408,E West Expy E,E,Freeway,0.26447248069400003,0.0,6011,8219,E,2,65863,6,408,66500,65863,65,55,65.0,0.0042867675845
1041,1,12802.628571428571,58.16979147997253,8.77902730455514,0.1598022505148567,13.970734967178625,5.784459796275488,0.3968868057868487,12781.572354211665,57.523911801646435,7.4864038126588,0.13777755704228156,9.861492225631695,4.5469236133557285,0.4296129190182103,6011_8219,4.0,3.0,1.0,261,2,22,1,261,1,261,0,1,260,22,408,E West Expy E,E,Freeway,0.26447248069400003,0.0,6011,8219,E,2,65863,6,408,66500,65863,65,55,65.0,0.0042867675845
1042,2,9649.179431072209,62.10287526533839,6.858934353281952,0.12894795151095026,9.935555431226929,4.084013518515942,0.3325550690192756,9692.811158798284,56.98981881926907,8.854330389741731,0.18060206984256508,8.979083451353699,5.2888482764615965,0.4816028042667379,6011_8219,2.0,1.0,1.0,261,2,22,1,261,1,261,0,1,260,22,408,E West Expy E,E,Freeway,0.26447248069400003,0.0,6011,8219,E,2,65863,6,408,66500,65863,65,55,65.0,0.0042867675845
1043,3,20809.70588235294,65.84046391335707,2.2249062139130915,0.0343241843387381,7.735229951422911,1.5364711427608948,0.1930844730221966,20801.004282655245,62.66535056064679,2.007983165529608,0.03252844762984919,5.545796314332246,1.224814417516639,0.2107031590520327,6011_8219,3.0,3.0,0.0,261,2,22,1,261,1,261,0,1,260,22,408,E West Expy E,E,Freeway,0.26447248069400003,0.0,6011,8219,E,2,65863,6,408,66500,65863,65,55,65.0,0.0042867675845
1044,0,8136.824786324786,63.06314961584302,3.517254527101528,0.056800956397677675,0.9913321456560572,0.8729484589962195,0.8526145014370731,18051.518123667374,64.26997243655433,2.267512823652329,0.03605932356961568,1.7368305680283058,1.3924325026762272,0.7890228058203665,8315_8311,6.0,1.0,5.0,262,2,23,1,262,1,262,0,1,261,23,408,E West Expy E,E,Freeway,0.22320902866999998,0.0,8315,8311,E,2,65863,9,408,93000,65863,55,82,55.0,0.00366282338764
1045,1,5699.884120171673,63.69578718945029,1.6161425764224588,0.02758694329853821,2.3921691089365544,0.6842010448335487,0.3129536381911551,11669.457081545064,64.28644863827334,1.2265652888970042,0.02191393618354868,4.516229147974066,1.2413232337664175,0.27455672543961657,8315_8311,2.0,2.0,0.0,262,2,23,1,262,1,262,0,1,261,23,408,E West Expy E,E,Freeway,0.22320902866999998,0.0,8315,8311,E,2,65863,9,408,93000,65863,55,82,55.0,0.00366282338764
1046,2,9856.504273504272,62.31262491505734,2.2790777267907187,0.03831037635808359,4.217689915984988,0.982818509887075,0.2619814887705969,20953.490364025696,62.445801050644285,2.311614980532352,0.039034450027252525,8.156088202466103,1.6951369781635477,0.19721500900498412,8315_8311,1.0,1.0,0.0,262,2,23,1,262,1,262,0,1,261,23,408,E West Expy E,E,Freeway,0.22320902866999998,0.0,8315,8311,E,2,65863,9,408,93000,65863,55,82,55.0,0.00366282338764
1047,3,14428.294871794873,63.40865628810976,1.6865717976877992,0.027456661171728517,2.505995080772702,0.5798742528819807,0.2536488703790515,29819.67803837953,63.920124088166254,1.3232771959668694,0.021740370919573426,4.931455415494677,1.0680955424882086,0.21395516055196895,8315_8311,1.0,1.0,0.0,262,2,23,1,262,1,262,0,1,261,23,408,E West Expy E,E,Freeway,0.22320902866999998,0.0,8315,8311,E,2,65863,9,408,93000,65863,55,82,55.0,0.00366282338764
1048,0,18051.518123667374,64.26997243655433,2.267512823652329,0.03605932356961568,1.7368305680283058,1.3924325026762272,0.7890228058203665,17009.137634408602,66.05392767370772,1.9838986911870429,0.030262446931717764,2.0038478296318467,1.5601542052547732,0.7857736951207134,8311_6252,2.0,1.0,1.0,263,2,24,1,263,1,263,0,1,262,24,408,E West Expy E,E,Freeway,0.668274090403,0.0,8311,6252,E,2,65863,10,408,125797,65863,55,62,55.0,0.010993085930700001
1049,1,11669.457081545064,64.28644863827334,1.2265652888970042,0.02191393618354868,4.516229147974066,1.2413232337664175,0.27455672543961657,10365.287257019438,67.07677167652135,1.1251648390425837,0.01680688765048206,4.91680888252682,1.2550299848698565,0.2607249357811901,8311_6252,2.0,1.0,1.0,263,2,24,1,263,1,263,0,1,262,24,408,E West Expy E,E,Freeway,0.668274090403,0.0,8311,6252,E,2,65863,10,408,125797,65863,55,62,55.0,0.010993085930700001
1050,2,20953.490364025696,62.445801050644285,2.311614980532352,0.039034450027252525,8.156088202466103,1.6951369781635477,0.19721500900498412,19527.187096774192,64.68916988493908,2.6845093348630003,0.0446311671071748,9.437065642911787,1.9273815664113576,0.1972132764198044,8311_6252,3.0,2.0,1.0,263,2,24,1,263,1,263,0,1,262,24,408,E West Expy E,E,Freeway,0.668274090403,0.0,8311,6252,E,2,65863,10,408,125797,65863,55,62,55.0,0.010993085930700001
1051,3,29819.67803837953,63.920124088166254,1.3232771959668694,0.021740370919573426,4.931455415494677,1.0680955424882086,0.21395516055196895,26807.8688172043,67.03652611713282,1.2936688798465847,0.019435646577236117,5.505496624450495,1.2674007649261074,0.2315136751721812,8311_6252,2.0,1.0,1.0,263,2,24,1,263,1,263,0,1,262,24,408,E West Expy E,E,Freeway,0.668274090403,0.0,8311,6252,E,2,65863,10,408,125797,65863,55,62,55.0,0.010993085930700001
1052,0,17080.087420042644,62.12411145386819,2.4161863151395946,0.03967939455203257,2.2904526592110135,1.6951242116337129,0.7317412781201225,28002.993548387094,63.51166270506744,2.2729471855779426,0.036627959586185456,1.9696866010508207,1.5608921431832978,0.7798694471071558,8307_8305,1.0,0.0,1.0,264,2,25,1,264,1,264,0,1,263,25,408,E West Expy E,E,Freeway,0.34409443351499996,0.0,8307,8305,E,2,65863,6,408,93000,65863,55,92,55.0,0.005659939656060001
1053,1,11283.438709677419,61.819664337515995,1.5234451194432757,0.025839225392026488,5.771856006373657,1.4586816893661834,0.249796620296258,18264.989130434784,63.20084512649967,1.4882429611820849,0.025379597712793682,4.954536530227601,1.2982428826136458,0.2599347230707529,8307_8305,4.0,3.0,1.0,264,2,25,1,264,1,264,0,1,263,25,408,E West Expy E,E,Freeway,0.34409443351499996,0.0,8307,8305,E,2,65863,6,408,93000,65863,55,92,55.0,0.005659939656060001
1054,2,18523.916666666668,60.01864516671082,1.5662507977589202,0.02688844516732281,9.441265442441717,1.4911494669099532,0.15617783064008695,30296.464362850973,61.70720213055139,1.8181333367538943,0.03039605029803947,7.957138801549783,1.2788227706787123,0.15782667973166425,8307_8305,1.0,1.0,0.0,264,2,25,1,264,1,264,0,1,263,25,408,E West Expy E,E,Freeway,0.34409443351499996,0.0,8307,8305,E,2,65863,6,408,93000,65863,55,92,55.0,0.005659939656060001
1055,3,28440.95948827292,61.34054586259264,1.2170318677322098,0.02007909868794651,6.2174307795652375,1.2478823552323834,0.20008846096746136,46094.2623655914,62.742888267409924,1.4709827036470315,0.02390513151166201,5.2769575891518485,1.0904381450415088,0.202560453299249,8307_8305,3.0,2.0,1.0,264,2,25,1,264,1,264,0,1,263,25,408,E West Expy E,E,Freeway,0.34409443351499996,0.0,8307,8305,E,2,65863,6,408,93000,65863,55,92,55.0,0.005659939656060001
1056,0,28002.993548387094,63.51166270506744,2.2729471855779426,0.036627959586185456,1.9696866010508207,1.5608921431832978,0.7798694471071558,8136.824786324786,63.06314961584302,3.517254527101528,0.056800956397677675,0.9913321456560572,0.8729484589962195,0.8526145014370731,8305_8315,4.0,3.0,1.0,265,2,26,1,265,1,265,0,1,264,26,408,E West Expy E,E,Freeway,0.4136987489,0.0,8305,8315,E,2,65863,9,408,93000,65863,55,135,55.0,0.00678774805983
1057,1,18264.989130434784,63.20084512649967,1.4882429611820849,0.025379597712793682,4.954536530227601,1.2982428826136458,0.2599347230707529,5699.884120171673,63.69578718945029,1.6161425764224588,0.02758694329853821,2.3921691089365544,0.6842010448335487,0.3129536381911551,8305_8315,2.0,2.0,0.0,265,2,26,1,265,1,265,0,1,264,26,408,E West Expy E,E,Freeway,0.4136987489,0.0,8305,8315,E,2,65863,9,408,93000,65863,55,135,55.0,0.00678774805983
1058,2,30296.464362850973,61.70720213055139,1.8181333367538943,0.03039605029803947,7.957138801549783,1.2788227706787123,0.15782667973166425,9856.504273504272,62.31262491505734,2.2790777267907187,0.03831037635808359,4.217689915984988,0.982818509887075,0.2619814887705969,8305_8315,4.0,3.0,1.0,265,2,26,1,265,1,265,0,1,264,26,408,E West Expy E,E,Freeway,0.4136987489,0.0,8305,8315,E,2,65863,9,408,93000,65863,55,135,55.0,0.00678774805983
1059,3,46094.2623655914,62.742888267409924,1.4709827036470315,0.02390513151166201,5.2769575891518485,1.0904381450415088,0.202560453299249,14428.294871794873,63.40865628810976,1.6865717976877992,0.027456661171728517,2.505995080772702,0.5798742528819807,0.2536488703790515,8305_8315,8.0,6.0,2.0,265,2,26,1,265,1,265,0,1,264,26,408,E West Expy E,E,Freeway,0.4136987489,0.0,8305,8315,E,2,65863,9,408,93000,65863,55,135,55.0,0.00678774805983
1060,0,12430.18376068376,57.905928296248334,3.9883404173708086,0.07069070682802503,1.964204855256794,1.6411989839266077,0.7867216791873862,14889.839743589744,61.769768218140975,3.5977253159900133,0.060127049689082626,4.095876082005203,3.006167921853286,0.7257868710747291,6679_6276,17.0,10.0,7.0,266,2,27,1,266,1,266,0,1,265,27,408,E West Expy E,E,Freeway,0.703751292215,0.0,6679,6276,W,3,65863,4,0,23980,65863,55,145,55.0,0.0115384523144
1061,1,13666.908296943233,43.985151042307265,13.209560212447991,0.31722708159325513,13.317576114404366,7.359303447665626,0.5350819280071487,10494.0,59.9306423504924,2.6976644759322137,0.04620633251629058,10.57689768050819,2.795266983627064,0.26249898998008314,6679_6276,12.0,9.0,3.0,266,2,27,1,266,1,266,0,1,265,27,408,E West Expy E,E,Freeway,0.703751292215,0.0,6679,6276,W,3,65863,4,0,23980,65863,55,145,55.0,0.0115384523144
1062,2,15638.103896103896,32.07033793632258,12.336020093825937,0.40310442992401496,20.99602591466022,7.802847456993837,0.3844468155681723,14443.93376068376,57.174883650388146,2.617170486580748,0.047142898876564816,14.825048962514824,2.319709558122112,0.15361271167469515,6679_6276,15.0,11.0,4.0,266,2,27,1,266,1,266,0,1,265,27,408,E West Expy E,E,Freeway,0.703751292215,0.0,6679,6276,W,3,65863,4,0,23980,65863,55,145,55.0,0.0115384523144
1063,3,26537.63440860215,55.963524105689174,6.118609588184563,0.11168629898867226,7.045349393036855,3.282824507095827,0.4522978809949608,24502.88888888889,60.35862613580093,1.9723757577710432,0.03304367578562807,10.439614669730151,1.960693251255338,0.18676848380614267,6679_6276,20.0,14.0,6.0,266,2,27,1,266,1,266,0,1,265,27,408,E West Expy E,E,Freeway,0.703751292215,0.0,6679,6276,W,3,65863,4,0,23980,65863,55,145,55.0,0.0115384523144
1064,0,14889.839743589744,61.769768218140975,3.5977253159900133,0.060127049689082626,4.095876082005203,3.006167921853286,0.7257868710747291,17080.087420042644,62.12411145386819,2.4161863151395946,0.03967939455203257,2.2904526592110135,1.6951242116337129,0.7317412781201225,6276_8307,3.0,1.0,2.0,267,2,28,1,267,1,267,0,1,266,28,408,E West Expy E,E,Freeway,0.19842005687800002,0.0,6276,8307,E,2,65863,6,408,93000,65863,55,148,55.0,0.00323042027528
1065,1,10494.0,59.9306423504924,2.6976644759322137,0.04620633251629058,10.57689768050819,2.795266983627064,0.26249898998008314,11283.438709677419,61.819664337515995,1.5234451194432757,0.025839225392026488,5.771856006373657,1.4586816893661834,0.249796620296258,6276_8307,1.0,1.0,0.0,267,2,28,1,267,1,267,0,1,266,28,408,E West Expy E,E,Freeway,0.19842005687800002,0.0,6276,8307,E,2,65863,6,408,93000,65863,55,148,55.0,0.00323042027528
1066,2,14443.93376068376,57.174883650388146,2.617170486580748,0.047142898876564816,14.825048962514824,2.319709558122112,0.15361271167469515,18523.916666666668,60.01864516671082,1.5662507977589202,0.02688844516732281,9.441265442441717,1.4911494669099532,0.15617783064008695,6276_8307,0.0,0.0,0.0,267,2,28,1,267,1,267,0,1,266,28,408,E West Expy E,E,Freeway,0.19842005687800002,0.0,6276,8307,E,2,65863,6,408,93000,65863,55,148,55.0,0.00323042027528
1067,3,24502.88888888889,60.35862613580093,1.9723757577710432,0.03304367578562807,10.439614669730151,1.960693251255338,0.18676848380614267,28440.95948827292,61.34054586259264,1.2170318677322098,0.02007909868794651,6.2174307795652375,1.2478823552323834,0.20008846096746136,6276_8307,4.0,4.0,0.0,267,2,28,1,267,1,267,0,1,266,28,408,E West Expy E,E,Freeway,0.19842005687800002,0.0,6276,8307,E,2,65863,6,408,93000,65863,55,148,55.0,0.00323042027528
1068,0,18165.394396551725,64.24063693438315,2.0447585984779186,0.031902646435883066,1.5598518511951118,1.2282443010244153,0.7931817020661156,16747.496801705758,63.037693618561526,2.0406395133209885,0.0324858730425376,1.2735300911330785,1.0221663034719994,0.8032507583813226,8355_8348,4.0,2.0,2.0,268,2,29,1,268,1,268,0,1,267,29,408,E West Expy E,E,Freeway,0.483111091583,0.0,8355,8348,E,2,65863,10,408,139500,65863,55,52,55.0,0.00793195022125
1069,1,11263.294759825327,64.11763242159522,1.3841584572171521,0.021794598911723514,4.014919864320419,1.1535607330399438,0.2881986914697912,10471.337606837607,63.67319812803095,1.2580842548951443,0.01983087704587887,3.3081458421608856,0.931766389419708,0.2846393010278379,8355_8348,6.0,5.0,1.0,268,2,29,1,268,1,268,0,1,267,29,408,E West Expy E,E,Freeway,0.483111091583,0.0,8355,8348,E,2,65863,10,408,139500,65863,55,52,55.0,0.00793195022125
1070,2,21818.409978308027,60.906330839496825,2.9503216982203457,0.05197081759255087,8.128696753723622,2.0089766434465246,0.22785182656238115,20466.006396588487,61.31619581549137,3.19115100465898,0.05602532916398964,6.844146432082706,1.7835568821302057,0.2384452129256894,8355_8348,8.0,7.0,1.0,268,2,29,1,268,1,268,0,1,267,29,408,E West Expy E,E,Freeway,0.483111091583,0.0,8355,8348,E,2,65863,10,408,139500,65863,55,52,55.0,0.00793195022125
1071,3,29261.20734341253,63.37059591589088,1.4829702077855726,0.023633978852226824,4.4869417777284415,1.0829114300524605,0.23918945125088675,27021.899786780385,63.59853859320798,1.4280684847504344,0.02263710880401396,3.6343854790065264,0.8934333628612172,0.24472903064664497,8355_8348,5.0,5.0,0.0,268,2,29,1,268,1,268,0,1,267,29,408,E West Expy E,E,Freeway,0.483111091583,0.0,8355,8348,E,2,65863,10,408,139500,65863,55,52,55.0,0.00793195022125
1072,0,16747.496801705758,63.037693618561526,2.0406395133209885,0.0324858730425376,1.2735300911330785,1.0221663034719994,0.8032507583813226,,,,,,,,8348_7102,1.0,0.0,1.0,269,2,30,1,269,1,269,0,1,268,30,408,E West Expy E,E,Freeway,0.313002872394,0.0,8348,7102,E,2,65863,7,408,133593,65863,65,53,65.0,0.0051300477358
1073,1,10471.337606837607,63.67319812803095,1.2580842548951443,0.01983087704587887,3.3081458421608856,0.931766389419708,0.2846393010278379,,,,,,,,8348_7102,2.0,2.0,0.0,269,2,30,1,269,1,269,0,1,268,30,408,E West Expy E,E,Freeway,0.313002872394,0.0,8348,7102,E,2,65863,7,408,133593,65863,65,53,65.0,0.0051300477358
1074,2,20466.006396588487,61.31619581549137,3.19115100465898,0.05602532916398964,6.844146432082706,1.7835568821302057,0.2384452129256894,,,,,,,,8348_7102,2.0,1.0,1.0,269,2,30,1,269,1,269,0,1,268,30,408,E West Expy E,E,Freeway,0.313002872394,0.0,8348,7102,E,2,65863,7,408,133593,65863,65,53,65.0,0.0051300477358
1075,3,27021.899786780385,63.59853859320798,1.4280684847504344,0.02263710880401396,3.6343854790065264,0.8934333628612172,0.24472903064664497,,,,,,,,8348_7102,2.0,1.0,1.0,269,2,30,1,269,1,269,0,1,268,30,408,E West Expy E,E,Freeway,0.313002872394,0.0,8348,7102,E,2,65863,7,408,133593,65863,65,53,65.0,0.0051300477358
1076,0,,,,,,,,13023.413646055436,61.91577034486668,2.3069173961381138,0.037557614062824034,1.4458950947198232,1.1212045410599767,0.7784615548005384,7102_6309,0.0,0.0,0.0,270,2,31,1,270,1,270,0,1,269,31,408,E West Expy E,E,Freeway,0.09484928521050001,0.0,7102,6309,E,2,65863,7,408,133593,65863,65,53,65.0,0.00155913334845
1077,1,,,,,,,,7646.987152034261,61.746023797855216,1.3265651558978606,0.02152668977787933,3.5468604545168634,1.02994354598704,0.2925057937309649,7102_6309,0.0,0.0,0.0,270,2,31,1,270,1,270,0,1,269,31,408,E West Expy E,E,Freeway,0.09484928521050001,0.0,7102,6309,E,2,65863,7,408,133593,65863,65,53,65.0,0.00155913334845
1078,2,,,,,,,,15903.648187633262,58.90736272596828,2.8983217041122287,0.05203957544826983,6.855606849407796,1.6764434819982987,0.2266591664670968,7102_6309,2.0,1.0,1.0,270,2,31,1,270,1,270,0,1,269,31,408,E West Expy E,E,Freeway,0.09484928521050001,0.0,7102,6309,E,2,65863,7,408,133593,65863,65,53,65.0,0.00155913334845
1079,3,,,,,,,,20408.791044776117,61.401768180748526,1.4611141604936781,0.023901277535695768,3.793355709439804,0.8688136106174311,0.2288743758184494,7102_6309,0.0,0.0,0.0,270,2,31,1,270,1,270,0,1,269,31,408,E West Expy E,E,Freeway,0.09484928521050001,0.0,7102,6309,E,2,65863,7,408,133593,65863,65,53,65.0,0.00155913334845
1080,0,13023.413646055436,61.91577034486668,2.3069173961381138,0.037557614062824034,1.4458950947198232,1.1212045410599767,0.7784615548005384,12479.542918454936,68.27630377764777,1.9106625891889712,0.028134846314449857,1.4547484787056948,1.1656770600883206,0.7518287039166972,6309_6301,2.0,1.0,1.0,271,2,32,1,271,1,271,0,1,270,32,408,E West Expy E,E,Freeway,0.31568089723299997,0.0,6309,6301,E,2,65863,7,408,133593,65863,65,81,65.0,0.00519002379719
1081,1,7646.987152034261,61.746023797855216,1.3265651558978606,0.02152668977787933,3.5468604545168634,1.02994354598704,0.2925057937309649,7194.1652173913035,67.65234320732527,1.2774110356345958,0.018969797196301826,3.6359471844185673,1.1750366871166325,0.2933595749228001,6309_6301,0.0,0.0,0.0,271,2,32,1,271,1,271,0,1,270,32,408,E West Expy E,E,Freeway,0.31568089723299997,0.0,6309,6301,E,2,65863,7,408,133593,65863,65,81,65.0,0.00519002379719
1082,2,15903.648187633262,58.90736272596828,2.8983217041122287,0.05203957544826983,6.855606849407796,1.6764434819982987,0.2266591664670968,14344.30818965517,64.78092796938864,4.332150916676187,0.07477264888892794,7.804607045553013,2.5671363126445907,0.2697505376146914,6309_6301,1.0,1.0,0.0,271,2,32,1,271,1,271,0,1,270,32,408,E West Expy E,E,Freeway,0.31568089723299997,0.0,6309,6301,E,2,65863,7,408,133593,65863,65,81,65.0,0.00519002379719
1083,3,20408.791044776117,61.401768180748526,1.4611141604936781,0.023901277535695768,3.793355709439804,0.8688136106174311,0.2288743758184494,18579.774678111593,67.65663592447807,1.5742562810200629,0.023425070252060715,4.092470451736389,1.1781375853533749,0.26183044725480625,6309_6301,0.0,0.0,0.0,271,2,32,1,271,1,271,0,1,270,32,408,E West Expy E,E,Freeway,0.31568089723299997,0.0,6309,6301,E,2,65863,7,408,133593,65863,65,81,65.0,0.00519002379719
1084,0,12479.542918454936,68.27630377764777,1.9106625891889712,0.028134846314449857,1.4547484787056948,1.1656770600883206,0.7518287039166972,14181.8547008547,71.77095359015968,2.141487984774492,0.030009605525578683,1.9274813102261856,1.6110930422350622,0.8295517939131456,6301_6218,4.0,2.0,2.0,272,2,33,1,272,1,272,0,1,271,33,408,E West Expy E,E,Freeway,0.478957572747,0.0,6301,6218,E,2,65863,8,408,128500,65863,65,52,65.0,0.00787768894248
1085,1,7194.1652173913035,67.65234320732527,1.2774110356345958,0.018969797196301826,3.6359471844185673,1.1750366871166325,0.2933595749228001,8625.257510729614,71.67710175304303,1.3700100487747626,0.019288033915984104,4.860171028039725,1.4609005664301324,0.3010038792191411,6301_6218,1.0,0.0,1.0,272,2,33,1,272,1,272,0,1,271,33,408,E West Expy E,E,Freeway,0.478957572747,0.0,6301,6218,E,2,65863,8,408,128500,65863,65,52,65.0,0.00787768894248
1086,2,14344.30818965517,64.78092796938864,4.332150916676187,0.07477264888892794,7.804607045553013,2.5671363126445907,0.2697505376146914,18237.81837606837,66.07145995971719,5.91361482457683,0.0982532865455872,11.445843902104142,3.4031351214420527,0.2757472320729327,6301_6218,10.0,5.0,5.0,272,2,33,1,272,1,272,0,1,271,33,408,E West Expy E,E,Freeway,0.478957572747,0.0,6301,6218,E,2,65863,8,408,128500,65863,65,52,65.0,0.00787768894248
1087,3,18579.774678111593,67.65663592447807,1.5742562810200629,0.023425070252060715,4.092470451736389,1.1781375853533749,0.26183044725480625,22654.07905982906,71.50206767141931,1.7570998447659107,0.024743370449522774,5.466011729919993,1.4333193706394862,0.2616661238317967,6301_6218,2.0,1.0,1.0,272,2,33,1,272,1,272,0,1,271,33,408,E West Expy E,E,Freeway,0.478957572747,0.0,6301,6218,E,2,65863,8,408,128500,65863,65,52,65.0,0.00787768894248
1088,0,17009.137634408602,66.05392767370772,1.9838986911870429,0.030262446931717764,2.0038478296318467,1.5601542052547732,0.7857736951207134,17078.84434968017,66.04699239493497,2.0828170306206477,0.03174921955407017,1.872134188033844,1.5091239010026176,0.811951692971164,6252_6227,2.0,1.0,1.0,273,2,34,1,273,1,273,0,1,272,34,408,E West Expy E,E,Freeway,0.427329622562,0.0,6252,6227,E,2,65863,10,408,125797,65863,55,163,55.0,0.007029566008949999
1089,1,10365.287257019438,67.07677167652135,1.1251648390425837,0.01680688765048206,4.91680888252682,1.2550299848698565,0.2607249357811901,10436.32264957265,66.92422268439485,1.213524596101843,0.0186286859854164,4.816348141020661,1.3309153223687882,0.2760128548341025,6252_6227,2.0,2.0,0.0,273,2,34,1,273,1,273,0,1,272,34,408,E West Expy E,E,Freeway,0.427329622562,0.0,6252,6227,E,2,65863,10,408,125797,65863,55,163,55.0,0.007029566008949999
1090,2,19527.187096774192,64.68916988493908,2.6845093348630003,0.0446311671071748,9.437065642911787,1.9273815664113576,0.1972132764198044,19707.739872068232,63.9602615890203,3.0027353747292693,0.05083163838684706,9.469941584911739,2.1438807901115395,0.2087868414272136,6252_6227,0.0,0.0,0.0,273,2,34,1,273,1,273,0,1,272,34,408,E West Expy E,E,Freeway,0.427329622562,0.0,6252,6227,E,2,65863,10,408,125797,65863,55,163,55.0,0.007029566008949999
1091,3,26807.8688172043,67.03652611713282,1.2936688798465847,0.019435646577236117,5.505496624450495,1.2674007649261074,0.2315136751721812,27018.02985074627,66.65149403814085,1.4357011016488106,0.0217844887771116,5.335593455671957,1.2527919178229463,0.2343458590287163,6252_6227,4.0,3.0,1.0,273,2,34,1,273,1,273,0,1,272,34,408,E West Expy E,E,Freeway,0.427329622562,0.0,6252,6227,E,2,65863,10,408,125797,65863,55,163,55.0,0.007029566008949999
1092,0,17078.84434968017,66.04699239493497,2.0828170306206477,0.03174921955407017,1.872134188033844,1.5091239010026176,0.811951692971164,18165.394396551725,64.24063693438315,2.0447585984779186,0.031902646435883066,1.5598518511951118,1.2282443010244153,0.7931817020661156,6227_8355,8.0,5.0,3.0,274,2,35,1,274,1,274,0,1,273,35,408,E West Expy E,E,Freeway,0.3034056567,0.0,6227,8355,E,2,65863,10,408,137874,65863,55,154,55.0,0.00499103782101
1093,1,10436.32264957265,66.92422268439485,1.213524596101843,0.0186286859854164,4.816348141020661,1.3309153223687882,0.2760128548341025,11263.294759825327,64.11763242159522,1.3841584572171521,0.021794598911723514,4.014919864320419,1.1535607330399438,0.2881986914697912,6227_8355,2.0,2.0,0.0,274,2,35,1,274,1,274,0,1,273,35,408,E West Expy E,E,Freeway,0.3034056567,0.0,6227,8355,E,2,65863,10,408,137874,65863,55,154,55.0,0.00499103782101
1094,2,19707.739872068232,63.9602615890203,3.0027353747292693,0.05083163838684706,9.469941584911739,2.1438807901115395,0.2087868414272136,21818.409978308027,60.906330839496825,2.9503216982203457,0.05197081759255087,8.128696753723622,2.0089766434465246,0.22785182656238115,6227_8355,8.0,6.0,2.0,274,2,35,1,274,1,274,0,1,273,35,408,E West Expy E,E,Freeway,0.3034056567,0.0,6227,8355,E,2,65863,10,408,137874,65863,55,154,55.0,0.00499103782101
1095,3,27018.02985074627,66.65149403814085,1.4357011016488106,0.0217844887771116,5.335593455671957,1.2527919178229463,0.2343458590287163,29261.20734341253,63.37059591589088,1.4829702077855726,0.023633978852226824,4.4869417777284415,1.0829114300524605,0.23918945125088675,6227_8355,3.0,3.0,0.0,274,2,35,1,274,1,274,0,1,273,35,408,E West Expy E,E,Freeway,0.3034056567,0.0,6227,8355,E,2,65863,10,408,137874,65863,55,154,55.0,0.00499103782101
1096,0,15494.115879828327,65.85040529841856,1.9635574893973071,0.02985785802922722,1.3317030573096065,1.1069517183351107,0.8378847105744706,12127.452025586355,67.8083207353812,2.147276917314959,0.032041995262664304,1.3274982883400883,1.1889300967071523,0.8758802438848329,8431_6232,0.0,0.0,0.0,275,2,36,1,275,1,275,0,1,274,36,408,E West Expy E,E,Freeway,0.062031592004800004,0.0,8431,6232,E,2,65863,8,408,128500,65863,65,64,65.0,0.00101416062489
1097,1,9545.987041036717,65.28568709671312,1.2857456238713765,0.01975205397905442,3.5081220434875178,1.1085115137835186,0.3155429799805769,11009.124197002142,66.50891164957521,3.411844265323496,0.05609469049431928,5.675935073722628,2.2549285389778797,0.3503114936096816,8431_6232,0.0,0.0,0.0,275,2,36,1,275,1,275,0,1,274,36,408,E West Expy E,E,Freeway,0.062031592004800004,0.0,8431,6232,E,2,65863,8,408,128500,65863,65,64,65.0,0.00101416062489
1098,2,19587.56652360515,61.10242468402752,3.803276419389135,0.06569027251214772,7.778307541704041,2.0995480560042683,0.2506183641383234,14957.12579957356,61.53570011833517,7.1744670244793385,0.1326641981176567,9.217177312809467,3.891946736237787,0.3413887504446677,8431_6232,0.0,0.0,0.0,275,2,36,1,275,1,275,0,1,274,36,408,E West Expy E,E,Freeway,0.062031592004800004,0.0,8431,6232,E,2,65863,8,408,128500,65863,65,64,65.0,0.00101416062489
1099,3,24821.538626609443,64.72588097551616,1.4419186672938726,0.02240377753630016,3.8971092640231233,1.0066397031564618,0.2581139505839017,22239.658848614068,67.92763633329861,1.4586058819458583,0.021629933529481844,4.415349505007273,1.0286132254195248,0.2336867628551729,8431_6232,1.0,1.0,0.0,275,2,36,1,275,1,275,0,1,274,36,408,E West Expy E,E,Freeway,0.062031592004800004,0.0,8431,6232,E,2,65863,8,408,128500,65863,65,64,65.0,0.00101416062489
1100,0,11563.639130434785,66.88688234817084,2.138630620274942,0.03233469882989342,1.3653675642256875,1.1810899301855078,0.8498758481336909,12682.742729306487,65.11526086255452,2.521607973329532,0.03911607431653832,1.5950251672951854,1.3716256774062132,0.8477404200261032,8412_7015,9.0,5.0,4.0,276,2,37,1,276,1,276,0,1,275,37,408,E West Expy E,E,Freeway,1.09482016576,0.0,8412,7015,E,2,65863,8,408,128500,65863,65,57,65.0,0.0178687324645
1101,1,12683.516411378558,64.0395406050485,4.8808690342729335,0.08221081092554228,7.233604103887899,3.0579664659388994,0.3739170390572063,8760.519274376416,65.83411449602971,1.3216344034350296,0.020273407879060547,4.3054757113324,1.401492945515154,0.3205079601890062,8412_7015,5.0,4.0,1.0,276,2,37,1,276,1,276,0,1,275,37,408,E West Expy E,E,Freeway,1.09482016576,0.0,8412,7015,E,2,65863,8,408,128500,65863,65,57,65.0,0.0178687324645
1102,2,14256.867102396514,62.47327216070324,4.940596038931134,0.09093017721779803,8.213624450440326,2.783705313457044,0.27231768453099986,16620.094594594593,55.71762030103181,9.397822659212297,0.17836224665153838,12.968982575730875,6.13947038862752,0.4382069441249673,8412_7015,27.0,16.0,11.0,276,2,37,1,276,1,276,0,1,275,37,408,E West Expy E,E,Freeway,1.09482016576,0.0,8412,7015,E,2,65863,8,408,128500,65863,65,57,65.0,0.0178687324645
1103,3,22861.31304347826,66.58065884905149,1.4608917620515625,0.02209356258786561,4.8068105181287715,0.9638373765964506,0.20195213060523187,21166.95964125561,66.02865690468782,1.5067519336801338,0.022978101211820125,4.4217028416934285,1.1789608984168336,0.2650376322032221,8412_7015,4.0,3.0,1.0,276,2,37,1,276,1,276,0,1,275,37,408,E West Expy E,E,Freeway,1.09482016576,0.0,8412,7015,E,2,65863,8,408,128500,65863,65,57,65.0,0.0178687324645
1104,0,13605.99141630901,65.40949153025889,1.9402832430247967,0.02971870903336823,1.5681828503744992,1.350592335047802,0.8707109637135602,11563.639130434785,66.88688234817084,2.138630620274942,0.03233469882989342,1.3653675642256875,1.1810899301855078,0.8498758481336909,8408_8412,7.0,3.0,4.0,277,2,38,1,277,1,277,0,1,276,38,408,E West Expy E,E,Freeway,0.565397634032,0.0,8408,8412,E,2,65863,8,408,128500,65863,65,70,65.0,0.00906487505768
1105,1,8541.380952380952,65.45009014822817,1.2551299539120424,0.01926582548933296,4.215622136822454,1.3849500474167535,0.3275870365487871,12683.516411378558,64.0395406050485,4.8808690342729335,0.08221081092554228,7.233604103887899,3.0579664659388994,0.3739170390572063,8408_8412,3.0,2.0,1.0,277,2,38,1,277,1,277,0,1,276,38,408,E West Expy E,E,Freeway,0.565397634032,0.0,8408,8412,E,2,65863,8,408,128500,65863,65,70,65.0,0.00906487505768
1106,2,17628.487124463518,59.87132525315838,5.804524250232316,0.1049673173634986,10.168500992766576,3.514888692625317,0.3096566013814745,14256.867102396514,62.47327216070324,4.940596038931134,0.09093017721779803,8.213624450440326,2.783705313457044,0.27231768453099986,8408_8412,20.0,19.0,1.0,277,2,38,1,277,1,277,0,1,276,38,408,E West Expy E,E,Freeway,0.565397634032,0.0,8408,8412,E,2,65863,8,408,128500,65863,65,70,65.0,0.00906487505768
1107,3,21953.587982832618,65.13785448511193,1.4727510348230035,0.02276065843083573,4.586066365918934,1.192641073733272,0.26057541568928544,22861.31304347826,66.58065884905149,1.4608917620515625,0.02209356258786561,4.8068105181287715,0.9638373765964506,0.20195213060523187,8408_8412,5.0,4.0,1.0,277,2,38,1,277,1,277,0,1,276,38,408,E West Expy E,E,Freeway,0.565397634032,0.0,8408,8412,E,2,65863,8,408,128500,65863,65,70,65.0,0.00906487505768
1108,0,15518.948827292112,67.20313500778205,1.9999956299366044,0.02994277813857552,1.8010736599820734,1.476119618497882,0.8150232608817289,15494.115879828327,65.85040529841856,1.9635574893973071,0.02985785802922722,1.3317030573096065,1.1069517183351107,0.8378847105744706,6881_8431,5.0,5.0,0.0,278,2,39,1,278,1,278,0,1,277,39,408,E West Expy E,E,Freeway,0.687809032898,0.0,6881,8431,E,2,65863,8,408,128500,65863,65,61,65.0,0.011309096359899998
1109,1,9627.504273504272,66.44465480475755,1.4214837579129267,0.02150182208979157,4.6348422153042055,1.4254492214878922,0.30676184929516176,9545.987041036717,65.28568709671312,1.2857456238713765,0.01975205397905442,3.5081220434875178,1.1085115137835186,0.3155429799805769,6881_8431,4.0,3.0,1.0,278,2,39,1,278,1,278,0,1,277,39,408,E West Expy E,E,Freeway,0.687809032898,0.0,6881,8431,E,2,65863,8,408,128500,65863,65,61,65.0,0.011309096359899998
1110,2,19662.80170575693,61.46502698632763,4.3751839994502015,0.07512659321670652,10.189648699509636,2.662690360818384,0.2483430801902167,19587.56652360515,61.10242468402752,3.803276419389135,0.06569027251214772,7.778307541704041,2.0995480560042683,0.2506183641383234,6881_8431,16.0,15.0,1.0,278,2,39,1,278,1,278,0,1,277,39,408,E West Expy E,E,Freeway,0.687809032898,0.0,6881,8431,E,2,65863,8,408,128500,65863,65,61,65.0,0.011309096359899998
1111,3,24912.771855010666,66.0999852546727,1.6998239305299236,0.02590186403773653,5.1326877207535535,1.2999677539842267,0.2526744362251853,24821.538626609443,64.72588097551616,1.4419186672938726,0.02240377753630016,3.8971092640231233,1.0066397031564618,0.2581139505839017,6881_8431,5.0,5.0,0.0,278,2,39,1,278,1,278,0,1,277,39,408,E West Expy E,E,Freeway,0.687809032898,0.0,6881,8431,E,2,65863,8,408,128500,65863,65,61,65.0,0.011309096359899998
1112,0,14487.356076759062,68.25912978999864,2.020156654410377,0.029782495123495963,1.8604947410105055,1.6261293298580994,0.8662888944559984,15518.948827292112,67.20313500778205,1.9999956299366044,0.02994277813857552,1.8010736599820734,1.476119618497882,0.8150232608817289,6235_6881,3.0,1.0,2.0,279,2,40,1,279,1,279,0,1,278,40,408,E West Expy E,E,Freeway,0.338968050653,0.0,6235,6881,E,2,65863,8,408,128500,65863,65,63,65.0,0.005576080111539999
1113,1,8667.767094017094,67.88710881491876,1.3715253835355945,0.02038449625665095,4.7522527871000495,1.4907102581268048,0.31419329762288306,9627.504273504272,66.44465480475755,1.4214837579129267,0.02150182208979157,4.6348422153042055,1.4254492214878922,0.30676184929516176,6235_6881,4.0,3.0,1.0,279,2,40,1,279,1,279,0,1,278,40,408,E West Expy E,E,Freeway,0.338968050653,0.0,6235,6881,E,2,65863,8,408,128500,65863,65,63,65.0,0.005576080111539999
1114,2,18358.737739872067,62.70426858252971,4.9649704883673405,0.08535217074248018,11.319722253144619,3.172588432967792,0.2626317373323608,19662.80170575693,61.46502698632763,4.3751839994502015,0.07512659321670652,10.189648699509636,2.662690360818384,0.2483430801902167,6235_6881,0.0,0.0,0.0,279,2,40,1,279,1,279,0,1,278,40,408,E West Expy E,E,Freeway,0.338968050653,0.0,6235,6881,E,2,65863,8,408,128500,65863,65,63,65.0,0.005576080111539999
1115,3,22836.84648187633,67.65707381153616,1.6977476100319098,0.02527449487502317,5.432889065632153,1.5330405888102052,0.2801847423223231,24912.771855010666,66.0999852546727,1.6998239305299236,0.02590186403773653,5.1326877207535535,1.2999677539842267,0.2526744362251853,6235_6881,6.0,5.0,1.0,279,2,40,1,279,1,279,0,1,278,40,408,E West Expy E,E,Freeway,0.338968050653,0.0,6235,6881,E,2,65863,8,408,128500,65863,65,63,65.0,0.005576080111539999
1116,0,13605.99141630901,65.40949153025889,1.9402832430247967,0.02971870903336823,1.5681828503744992,1.350592335047802,0.8707109637135602,12127.452025586355,67.8083207353812,2.147276917314959,0.032041995262664304,1.3274982883400883,1.1889300967071523,0.8758802438848329,8408_6232,3.0,3.0,0.0,280,2,41,1,280,1,280,0,1,279,41,408,E West Expy E,E,Freeway,0.07712074727780001,0.0,8408,6232,E,2,65863,8,408,128500,65863,65,82,65.0,0.0012568518348399999
1117,1,8541.380952380952,65.45009014822817,1.2551299539120424,0.01926582548933296,4.215622136822454,1.3849500474167535,0.3275870365487871,11009.124197002142,66.50891164957521,3.411844265323496,0.05609469049431928,5.675935073722628,2.2549285389778797,0.3503114936096816,8408_6232,1.0,1.0,0.0,280,2,41,1,280,1,280,0,1,279,41,408,E West Expy E,E,Freeway,0.07712074727780001,0.0,8408,6232,E,2,65863,8,408,128500,65863,65,82,65.0,0.0012568518348399999
1118,2,17628.487124463518,59.87132525315838,5.804524250232316,0.1049673173634986,10.168500992766576,3.514888692625317,0.3096566013814745,14957.12579957356,61.53570011833517,7.1744670244793385,0.1326641981176567,9.217177312809467,3.891946736237787,0.3413887504446677,8408_6232,2.0,1.0,1.0,280,2,41,1,280,1,280,0,1,279,41,408,E West Expy E,E,Freeway,0.07712074727780001,0.0,8408,6232,E,2,65863,8,408,128500,65863,65,82,65.0,0.0012568518348399999
1119,3,21953.587982832618,65.13785448511193,1.4727510348230035,0.02276065843083573,4.586066365918934,1.192641073733272,0.26057541568928544,22239.658848614068,67.92763633329861,1.4586058819458583,0.021629933529481844,4.415349505007273,1.0286132254195248,0.2336867628551729,8408_6232,3.0,2.0,1.0,280,2,41,1,280,1,280,0,1,279,41,408,E West Expy E,E,Freeway,0.07712074727780001,0.0,8408,6232,E,2,65863,8,408,128500,65863,65,82,65.0,0.0012568518348399999
1120,0,14181.8547008547,71.77095359015968,2.141487984774492,0.030009605525578683,1.9274813102261856,1.6110930422350622,0.8295517939131456,14487.356076759062,68.25912978999864,2.020156654410377,0.029782495123495963,1.8604947410105055,1.6261293298580994,0.8662888944559984,6218_6235,1.0,1.0,0.0,281,2,42,1,281,1,281,0,1,280,42,408,E West Expy E,E,Freeway,0.120153933304,0.0,6218,6235,E,2,65863,8,408,128500,65863,65,102,65.0,0.00197655978496
1121,1,8625.257510729614,71.67710175304303,1.3700100487747626,0.019288033915984104,4.860171028039725,1.4609005664301324,0.3010038792191411,8667.767094017094,67.88710881491876,1.3715253835355945,0.02038449625665095,4.7522527871000495,1.4907102581268048,0.31419329762288306,6218_6235,1.0,0.0,1.0,281,2,42,1,281,1,281,0,1,280,42,408,E West Expy E,E,Freeway,0.120153933304,0.0,6218,6235,E,2,65863,8,408,128500,65863,65,102,65.0,0.00197655978496
1122,2,18237.81837606837,66.07145995971719,5.91361482457683,0.0982532865455872,11.445843902104142,3.4031351214420527,0.2757472320729327,18358.737739872067,62.70426858252971,4.9649704883673405,0.08535217074248018,11.319722253144619,3.172588432967792,0.2626317373323608,6218_6235,1.0,1.0,0.0,281,2,42,1,281,1,281,0,1,280,42,408,E West Expy E,E,Freeway,0.120153933304,0.0,6218,6235,E,2,65863,8,408,128500,65863,65,102,65.0,0.00197655978496
1123,3,22654.07905982906,71.50206767141931,1.7570998447659107,0.024743370449522774,5.466011729919993,1.4333193706394862,0.2616661238317967,22836.84648187633,67.65707381153616,1.6977476100319098,0.02527449487502317,5.432889065632153,1.5330405888102052,0.2801847423223231,6218_6235,1.0,1.0,0.0,281,2,42,1,281,1,281,0,1,280,42,408,E West Expy E,E,Freeway,0.120153933304,0.0,6218,6235,E,2,65863,8,408,128500,65863,65,102,65.0,0.00197655978496
1124,0,5412.847682119204,56.363522654912025,5.650693984374766,0.10173744880250372,1.9086442771065453,1.7619876532174896,0.9071638352778228,7701.770491803279,64.73313610344817,3.251409679382574,0.051022648840543715,2.361964329750514,2.2249600490035744,0.9489477419197424,8033_8027,3.0,2.0,1.0,282,2,43,1,282,1,282,0,1,281,43,408,E West Expy E,E,Freeway,0.286919626549,0.0,8033,8027,S,2,65863,6,417,69354,65863,70,0,70.0,0.0047202651341099995
1125,1,3511.3370786516853,54.125756359310934,2.846145266932381,0.05301183960866478,4.277037870624653,1.7073539764910652,0.3923528616039032,4996.016393442624,63.78756590757958,2.1290706830034614,0.03365880527681287,6.208977460002052,2.4605093860666862,0.3954747429256165,8033_8027,4.0,4.0,0.0,282,2,43,1,282,1,282,0,1,281,43,408,E West Expy E,E,Freeway,0.286919626549,0.0,8033,8027,S,2,65863,6,417,69354,65863,70,0,70.0,0.0047202651341099995
1126,2,7058.5011086474515,44.8403433356459,8.08016782337021,0.19286399262366616,12.572483938432287,5.783505054071775,0.4308406251443704,8945.116666666667,50.2097795080434,10.597267561459477,0.22148277636492805,16.344587542087545,5.926833730980848,0.3530595940227935,8033_8027,4.0,1.0,3.0,282,2,43,1,282,1,282,0,1,281,43,408,E West Expy E,E,Freeway,0.286919626549,0.0,8033,8027,S,2,65863,6,417,69354,65863,70,0,70.0,0.0047202651341099995
1127,3,8545.42,53.135464217682866,2.380722390656624,0.0450515966701657,4.584659675224966,1.3262513448673268,0.28335801732218235,11535.868852459016,63.609159285505896,1.7735951612874,0.028037846056582508,6.301568616351987,1.5105541143233798,0.24012184663745426,8033_8027,1.0,1.0,0.0,282,2,43,1,282,1,282,0,1,281,43,408,E West Expy E,E,Freeway,0.286919626549,0.0,8033,8027,S,2,65863,6,417,69354,65863,70,0,70.0,0.0047202651341099995
1128,0,7701.770491803279,64.73313610344817,3.251409679382574,0.051022648840543715,2.361964329750514,2.2249600490035744,0.9489477419197424,6436.545842217484,63.96737861496679,4.465804809441712,0.07683441760426102,3.0089715710854517,2.7077449114165097,0.9060678507941636,8027_6269,5.0,2.0,3.0,283,2,44,1,283,1,283,0,1,282,44,408,E West Expy E,E,Freeway,0.433971317465,0.0,8027,6269,E,2,65863,5,408,74500,65863,65,54,65.0,0.00713898801368
1129,1,4996.016393442624,63.78756590757958,2.1290706830034614,0.03365880527681287,6.208977460002052,2.4605093860666862,0.3954747429256165,4790.142241379311,63.88167514514492,2.9019524476042564,0.0490189436503743,7.904566873138,3.109908951262488,0.398776252158452,8027_6269,3.0,2.0,1.0,283,2,44,1,283,1,283,0,1,282,44,408,E West Expy E,E,Freeway,0.433971317465,0.0,8027,6269,E,2,65863,5,408,74500,65863,65,54,65.0,0.00713898801368
1130,2,8945.116666666667,50.2097795080434,10.597267561459477,0.22148277636492805,16.344587542087545,5.926833730980848,0.3530595940227935,7687.687366167022,55.938620879458114,6.7371800871243925,0.1312865172334885,14.761004483851615,3.9137756098196204,0.26241160782464545,8027_6269,21.0,17.0,4.0,283,2,44,1,283,1,283,0,1,282,44,408,E West Expy E,E,Freeway,0.433971317465,0.0,8027,6269,E,2,65863,5,408,74500,65863,65,54,65.0,0.00713898801368
1131,3,11535.868852459016,63.609159285505896,1.7735951612874,0.028037846056582508,6.301568616351987,1.5105541143233798,0.24012184663745426,10543.829059829059,63.89475755640254,2.682710189939109,0.04635114572112015,7.7611358273431374,2.0835054545520943,0.2686334059612684,8027_6269,2.0,2.0,0.0,283,2,44,1,283,1,283,0,1,282,44,408,E West Expy E,E,Freeway,0.433971317465,0.0,8027,6269,E,2,65863,5,408,74500,65863,65,54,65.0,0.00713898801368
1132,0,6955.781584582442,63.439796035655014,3.195850687522084,0.051282496618920016,2.178480082758377,1.8177063538775196,0.8310847381789279,6985.600427350429,64.26533517051656,3.5352332499608816,0.05577168459323754,1.6391857657620013,1.3022375356989222,0.79299901659516,8009_6303,2.0,1.0,1.0,284,2,45,1,284,1,284,0,1,283,45,408,E West Expy E,E,Freeway,0.21678514424400003,0.0,8009,6303,E,2,65863,4,408,90000,65863,65,87,65.0,0.0035664011454699996
1133,1,5218.473002159827,63.17004534555648,1.916657039844584,0.030542718629975676,5.460852227980057,1.9605676415226925,0.3561278064332501,5158.574514038877,63.7893335705475,1.9894591340469099,0.03127871294110677,4.51812796637157,1.5976499715332901,0.35201429596744066,8009_6303,2.0,1.0,1.0,284,2,45,1,284,1,284,0,1,283,45,408,E West Expy E,E,Freeway,0.21678514424400003,0.0,8009,6303,E,2,65863,4,408,90000,65863,65,87,65.0,0.0035664011454699996
1134,2,8308.89224137931,59.122585763119524,3.73728341452184,0.06594205178010057,9.57329634670189,2.201718854543473,0.2250171812373363,8209.506437768241,59.98695937658565,2.9761900610604384,0.05093879459943823,6.622354651384293,1.3238255533877374,0.1986377465327352,8009_6303,2.0,1.0,1.0,284,2,45,1,284,1,284,0,1,283,45,408,E West Expy E,E,Freeway,0.21678514424400003,0.0,8009,6303,E,2,65863,4,408,90000,65863,65,87,65.0,0.0035664011454699996
1135,3,11491.991434689508,63.16302797143029,1.8686752433764091,0.02988439793604687,5.26267708573156,1.2315597153904412,0.23553488816344265,11393.132762312634,63.43353296414721,1.9395881071215213,0.030755072396287036,4.067226490270024,0.8769868458099636,0.2167036032153376,8009_6303,2.0,2.0,0.0,284,2,45,1,284,1,284,0,1,283,45,408,E West Expy E,E,Freeway,0.21678514424400003,0.0,8009,6303,E,2,65863,4,408,90000,65863,65,87,65.0,0.0035664011454699996
1136,0,12682.742729306487,65.11526086255452,2.521607973329532,0.03911607431653832,1.5950251672951854,1.3716256774062132,0.8477404200261032,5412.847682119204,56.363522654912025,5.650693984374766,0.10173744880250372,1.9086442771065453,1.7619876532174896,0.9071638352778228,7015_8033,0.0,0.0,0.0,285,2,46,1,285,1,285,0,1,284,46,408,E West Expy E,E,Freeway,0.12294565626399999,0.0,7015,8033,E,2,65863,5,408,74500,65863,65,86,65.0,0.0020225571162399997
1137,1,8760.519274376416,65.83411449602971,1.3216344034350296,0.020273407879060547,4.3054757113324,1.401492945515154,0.3205079601890062,3511.3370786516853,54.125756359310934,2.846145266932381,0.05301183960866478,4.277037870624653,1.7073539764910652,0.3923528616039032,7015_8033,1.0,0.0,1.0,285,2,46,1,285,1,285,0,1,284,46,408,E West Expy E,E,Freeway,0.12294565626399999,0.0,7015,8033,E,2,65863,5,408,74500,65863,65,86,65.0,0.0020225571162399997
1138,2,16620.094594594593,55.71762030103181,9.397822659212297,0.17836224665153838,12.968982575730875,6.13947038862752,0.4382069441249673,7058.5011086474515,44.8403433356459,8.08016782337021,0.19286399262366616,12.572483938432287,5.783505054071775,0.4308406251443704,7015_8033,2.0,1.0,1.0,285,2,46,1,285,1,285,0,1,284,46,408,E West Expy E,E,Freeway,0.12294565626399999,0.0,7015,8033,E,2,65863,5,408,74500,65863,65,86,65.0,0.0020225571162399997
1139,3,21166.95964125561,66.02865690468782,1.5067519336801338,0.022978101211820125,4.4217028416934285,1.1789608984168336,0.2650376322032221,8545.42,53.135464217682866,2.380722390656624,0.0450515966701657,4.584659675224966,1.3262513448673268,0.28335801732218235,7015_8033,0.0,0.0,0.0,285,2,46,1,285,1,285,0,1,284,46,408,E West Expy E,E,Freeway,0.12294565626399999,0.0,7015,8033,E,2,65863,5,408,74500,65863,65,86,65.0,0.0020225571162399997
1140,0,6985.600427350429,64.26533517051656,3.5352332499608816,0.05577168459323754,1.6391857657620013,1.3022375356989222,0.79299901659516,7476.678800856531,64.70149611402165,3.0855632127213886,0.048395388587501434,1.583941848393705,1.3479912401645362,0.8574157669696368,6303_6305,4.0,3.0,1.0,286,2,47,1,286,1,286,0,1,285,47,408,E West Expy E,E,Freeway,0.38513576068899996,0.0,6303,6305,E,2,65863,4,408,90000,65863,65,90,65.0,0.00633605252537
1141,1,5158.574514038877,63.7893335705475,1.9894591340469099,0.03127871294110677,4.51812796637157,1.5976499715332901,0.35201429596744066,7319.375809935205,63.66067694844175,2.6993974921272272,0.04503513673635335,6.3193580979717305,2.2244393290137117,0.349689587490757,6303_6305,2.0,1.0,1.0,286,2,47,1,286,1,286,0,1,285,47,408,E West Expy E,E,Freeway,0.38513576068899996,0.0,6303,6305,E,2,65863,4,408,90000,65863,65,90,65.0,0.00633605252537
1142,2,8209.506437768241,59.98695937658565,2.9761900610604384,0.05093879459943823,6.622354651384293,1.3238255533877374,0.1986377465327352,9153.754838709678,62.56606668229744,2.403115247148872,0.03961412753371903,7.568248336400727,1.5308233713528985,0.19908330820887996,6303_6305,6.0,5.0,1.0,286,2,47,1,286,1,286,0,1,285,47,408,E West Expy E,E,Freeway,0.38513576068899996,0.0,6303,6305,E,2,65863,4,408,90000,65863,65,90,65.0,0.00633605252537
1143,3,11393.132762312634,63.43353296414721,1.9395881071215213,0.030755072396287036,4.067226490270024,0.8769868458099636,0.2167036032153376,13806.576344086021,64.650863924568,1.7182970763350187,0.026749894236664937,4.918159118238607,0.9554666364848116,0.1961762697669784,6303_6305,2.0,1.0,1.0,286,2,47,1,286,1,286,0,1,285,47,408,E West Expy E,E,Freeway,0.38513576068899996,0.0,6303,6305,E,2,65863,4,408,90000,65863,65,90,65.0,0.00633605252537
1144,0,6436.545842217484,63.96737861496679,4.465804809441712,0.07683441760426102,3.0089715710854517,2.7077449114165097,0.9060678507941636,6955.781584582442,63.439796035655014,3.195850687522084,0.051282496618920016,2.178480082758377,1.8177063538775196,0.8310847381789279,6269_8009,5.0,2.0,3.0,287,2,48,1,287,1,287,0,1,286,48,408,E West Expy E,E,Freeway,0.34751609822400004,0.0,6269,8009,E,2,65863,4,408,82794,65863,65,55,65.0,0.005716646731470001
1145,1,4790.142241379311,63.88167514514492,2.9019524476042564,0.0490189436503743,7.904566873138,3.109908951262488,0.398776252158452,5218.473002159827,63.17004534555648,1.916657039844584,0.030542718629975676,5.460852227980057,1.9605676415226925,0.3561278064332501,6269_8009,1.0,1.0,0.0,287,2,48,1,287,1,287,0,1,286,48,408,E West Expy E,E,Freeway,0.34751609822400004,0.0,6269,8009,E,2,65863,4,408,82794,65863,65,55,65.0,0.005716646731470001
1146,2,7687.687366167022,55.938620879458114,6.7371800871243925,0.1312865172334885,14.761004483851615,3.9137756098196204,0.26241160782464545,8308.89224137931,59.122585763119524,3.73728341452184,0.06594205178010057,9.57329634670189,2.201718854543473,0.2250171812373363,6269_8009,5.0,5.0,0.0,287,2,48,1,287,1,287,0,1,286,48,408,E West Expy E,E,Freeway,0.34751609822400004,0.0,6269,8009,E,2,65863,4,408,82794,65863,65,55,65.0,0.005716646731470001
1147,3,10543.829059829059,63.89475755640254,2.682710189939109,0.04635114572112015,7.7611358273431374,2.0835054545520943,0.2686334059612684,11491.991434689508,63.16302797143029,1.8686752433764091,0.02988439793604687,5.26267708573156,1.2315597153904412,0.23553488816344265,6269_8009,2.0,2.0,0.0,287,2,48,1,287,1,287,0,1,286,48,408,E West Expy E,E,Freeway,0.34751609822400004,0.0,6269,8009,E,2,65863,4,408,82794,65863,65,55,65.0,0.005716646731470001
1148,0,7209.959488272922,64.34795952268693,3.0814403086436988,0.04848121453005957,1.4736886976518409,1.3074386394994588,0.8933125667328043,6954.950643776824,66.10980300629359,3.5051135065215884,0.05402759990508648,1.7587760171184812,1.5547649321600971,0.8882399424229189,8077_8070,4.0,2.0,2.0,288,2,49,1,288,1,288,0,1,287,49,408,E West Expy E,E,Freeway,0.605448279068,0.0,8077,8070,E,2,65863,5,408,79637,65863,65,85,65.0,0.00995456280134
1149,1,5327.148387096774,64.51365781042028,1.5903124971852771,0.02475607270501171,4.360625609292213,1.6940750325158793,0.38641176933571136,4967.933045356372,65.78292587000946,2.0672473179144277,0.031544008529698686,4.395189971903355,1.7107430220191342,0.38829922419144813,8077_8070,5.0,1.0,4.0,288,2,49,1,288,1,288,0,1,287,49,408,E West Expy E,E,Freeway,0.605448279068,0.0,8077,8070,E,2,65863,5,408,79637,65863,65,85,65.0,0.00995456280134
1150,2,8524.970085470086,61.99357232711241,2.8217206582297805,0.048539527605898386,7.3391016945243575,1.536163262956372,0.1914148265643102,8593.922246220302,61.86140873645852,4.352066369019258,0.07572209050800856,7.962408757002349,2.069653859888143,0.2385393352303784,8077_8070,7.0,4.0,3.0,288,2,49,1,288,1,288,0,1,287,49,408,E West Expy E,E,Freeway,0.605448279068,0.0,8077,8070,E,2,65863,5,408,79637,65863,65,85,65.0,0.00995456280134
1151,3,11733.247863247863,64.941507359249,1.6791160722611689,0.026024640021742974,4.108991025410887,0.9436726663783864,0.2297482275798521,11451.405579399141,65.95698665389617,2.2370380921590978,0.034177441028578656,4.387103036105011,1.064498749034884,0.2426999056997842,8077_8070,5.0,4.0,1.0,288,2,49,1,288,1,288,0,1,287,49,408,E West Expy E,E,Freeway,0.605448279068,0.0,8077,8070,E,2,65863,5,408,79637,65863,65,85,65.0,0.00995456280134
1152,0,6954.950643776824,66.10980300629359,3.5051135065215884,0.05402759990508648,1.7587760171184812,1.5547649321600971,0.8882399424229189,30857.144827586206,64.00759712845205,3.6022875109440737,0.05682785279393854,2.263076249801935,2.30909102297685,1.0230664857084908,8070_6690,2.0,2.0,0.0,289,2,50,1,289,1,289,0,1,288,50,408,E West Expy E,E,Freeway,0.195538521292,0.0,8070,6690,E,2,65863,4,408,70000,65863,65,43,65.0,0.00321121610435
1153,1,4967.933045356372,65.78292587000946,2.0672473179144277,0.031544008529698686,4.395189971903355,1.7107430220191342,0.38829922419144813,20943.465277777777,64.12346428594982,2.0339335459972614,0.03185001656306726,6.304130665502193,2.797815400494033,0.44433005494034,8070_6690,0.0,0.0,0.0,289,2,50,1,289,1,289,0,1,288,50,408,E West Expy E,E,Freeway,0.195538521292,0.0,8070,6690,E,2,65863,4,408,70000,65863,65,43,65.0,0.00321121610435
1154,2,8593.922246220302,61.86140873645852,4.352066369019258,0.07572209050800856,7.962408757002349,2.069653859888143,0.2385393352303784,36372.375,57.87699861754113,4.189941082361422,0.07451150535126844,12.567442921902554,2.6683000235167937,0.2110465877330011,8070_6690,0.0,0.0,0.0,289,2,50,1,289,1,289,0,1,288,50,408,E West Expy E,E,Freeway,0.195538521292,0.0,8070,6690,E,2,65863,4,408,70000,65863,65,43,65.0,0.00321121610435
1155,3,11451.405579399141,65.95698665389617,2.2370380921590978,0.034177441028578656,4.387103036105011,1.064498749034884,0.2426999056997842,48733.220689655165,63.8238238053819,2.0643452149018966,0.03251392317904201,6.535111089271681,1.6804053557189405,0.2557573264125301,8070_6690,1.0,1.0,0.0,289,2,50,1,289,1,289,0,1,288,50,408,E West Expy E,E,Freeway,0.195538521292,0.0,8070,6690,E,2,65863,4,408,70000,65863,65,43,65.0,0.00321121610435
1156,0,6170.266846361186,63.21723954410904,3.7123866759014295,0.059442182067203024,1.2452698874507315,1.2034619813971459,0.9603108912930072,4050.5610278372587,59.581035340531045,2.6750861989204284,0.04499752635345634,1.1917088156198918,1.0571684305385147,0.8934700303279286,8041_6970,4.0,2.0,2.0,290,2,51,1,290,1,290,0,1,289,51,408,E West Expy E,E,Freeway,1.07432588763,0.0,8041,6970,E,2,65863,4,408,38500,65863,65,48,65.0,0.0174682921146
1157,1,4726.172131147541,63.66208616769361,1.9891138257523,0.03125818808211348,3.6976802529312818,1.5783580081683273,0.4282646105290426,3733.7727272727284,59.910218559378755,1.4050857775941954,0.023507534246776943,4.310603538217814,1.804693802240793,0.4202951918602391,8041_6970,8.0,7.0,1.0,290,2,51,1,290,1,290,0,1,289,51,408,E West Expy E,E,Freeway,1.07432588763,0.0,8041,6970,E,2,65863,4,408,38500,65863,65,48,65.0,0.0174682921146
1158,2,7731.127371273713,59.14982304823057,3.4097448526200758,0.058832931609030165,6.691581407508565,1.4452667429788724,0.2119057929040633,5141.8669527897,59.950072140216854,1.6707832966548553,0.029424814204208033,6.139025045478022,1.1789212242210538,0.18361906974782508,8041_6970,17.0,10.0,7.0,290,2,51,1,290,1,290,0,1,289,51,408,E West Expy E,E,Freeway,1.07432588763,0.0,8041,6970,E,2,65863,4,408,38500,65863,65,48,65.0,0.0174682921146
1159,3,10319.915760869566,63.20954491781565,2.0056680395062974,0.03183274259261441,3.6143001235249903,0.9655862752602056,0.2681073107659282,6954.524625267666,60.2967731402785,1.5223645256248517,0.025360790903733103,3.538578300369872,0.932591337609022,0.2612448997023936,8041_6970,12.0,10.0,2.0,290,2,51,1,290,1,290,0,1,289,51,408,E West Expy E,E,Freeway,1.07432588763,0.0,8041,6970,E,2,65863,4,408,38500,65863,65,48,65.0,0.0174682921146
1160,0,30857.144827586206,64.00759712845205,3.6022875109440737,0.05682785279393854,2.263076249801935,2.30909102297685,1.0230664857084908,6170.266846361186,63.21723954410904,3.7123866759014295,0.059442182067203024,1.2452698874507315,1.2034619813971459,0.9603108912930072,6690_8041,5.0,5.0,0.0,291,2,52,1,291,1,291,0,1,290,52,408,E West Expy E,E,Freeway,0.44647801889899996,0.0,6690,8041,E,2,65863,4,408,68516,65863,65,55,65.0,0.00732783498468
1161,1,20943.465277777777,64.12346428594982,2.0339335459972614,0.03185001656306726,6.304130665502193,2.797815400494033,0.44433005494034,4726.172131147541,63.66208616769361,1.9891138257523,0.03125818808211348,3.6976802529312818,1.5783580081683273,0.4282646105290426,6690_8041,0.0,0.0,0.0,291,2,52,1,291,1,291,0,1,290,52,408,E West Expy E,E,Freeway,0.44647801889899996,0.0,6690,8041,E,2,65863,4,408,68516,65863,65,55,65.0,0.00732783498468
1162,2,36372.375,57.87699861754113,4.189941082361422,0.07451150535126844,12.567442921902554,2.6683000235167937,0.2110465877330011,7731.127371273713,59.14982304823057,3.4097448526200758,0.058832931609030165,6.691581407508565,1.4452667429788724,0.2119057929040633,6690_8041,13.0,10.0,3.0,291,2,52,1,291,1,291,0,1,290,52,408,E West Expy E,E,Freeway,0.44647801889899996,0.0,6690,8041,E,2,65863,4,408,68516,65863,65,55,65.0,0.00732783498468
1163,3,48733.220689655165,63.8238238053819,2.0643452149018966,0.03251392317904201,6.535111089271681,1.6804053557189405,0.2557573264125301,10319.915760869566,63.20954491781565,2.0056680395062974,0.03183274259261441,3.6143001235249903,0.9655862752602056,0.2681073107659282,6690_8041,5.0,2.0,3.0,291,2,52,1,291,1,291,0,1,290,52,408,E West Expy E,E,Freeway,0.44647801889899996,0.0,6690,8041,E,2,65863,4,408,68516,65863,65,55,65.0,0.00732783498468
1164,0,7476.678800856531,64.70149611402165,3.0855632127213886,0.048395388587501434,1.583941848393705,1.3479912401645362,0.8574157669696368,7209.959488272922,64.34795952268693,3.0814403086436988,0.04848121453005957,1.4736886976518409,1.3074386394994588,0.8933125667328043,6305_8077,0.0,0.0,0.0,292,2,53,1,292,1,292,0,1,291,53,408,E West Expy E,E,Freeway,0.142732433716,0.0,6305,8077,E,2,65863,4,408,90000,65863,65,60,65.0,0.00234816031831
1165,1,7319.375809935205,63.66067694844175,2.6993974921272272,0.04503513673635335,6.3193580979717305,2.2244393290137117,0.349689587490757,5327.148387096774,64.51365781042028,1.5903124971852771,0.02475607270501171,4.360625609292213,1.6940750325158793,0.38641176933571136,6305_8077,0.0,0.0,0.0,292,2,53,1,292,1,292,0,1,291,53,408,E West Expy E,E,Freeway,0.142732433716,0.0,6305,8077,E,2,65863,4,408,90000,65863,65,60,65.0,0.00234816031831
1166,2,9153.754838709678,62.56606668229744,2.403115247148872,0.03961412753371903,7.568248336400727,1.5308233713528985,0.19908330820887996,8524.970085470086,61.99357232711241,2.8217206582297805,0.048539527605898386,7.3391016945243575,1.536163262956372,0.1914148265643102,6305_8077,5.0,4.0,1.0,292,2,53,1,292,1,292,0,1,291,53,408,E West Expy E,E,Freeway,0.142732433716,0.0,6305,8077,E,2,65863,4,408,90000,65863,65,60,65.0,0.00234816031831
1167,3,13806.576344086021,64.650863924568,1.7182970763350187,0.026749894236664937,4.918159118238607,0.9554666364848116,0.1961762697669784,11733.247863247863,64.941507359249,1.6791160722611689,0.026024640021742974,4.108991025410887,0.9436726663783864,0.2297482275798521,6305_8077,1.0,1.0,0.0,292,2,53,1,292,1,292,0,1,291,53,408,E West Expy E,E,Freeway,0.142732433716,0.0,6305,8077,E,2,65863,4,408,90000,65863,65,60,65.0,0.00234816031831
1168,0,4050.5610278372587,59.581035340531045,2.6750861989204284,0.04499752635345634,1.1917088156198918,1.0571684305385147,0.8934700303279286,4126.687366167022,60.249844640264094,3.1778641053824126,0.05293955773371229,0.5433862643863322,0.4987725652917597,0.9099296590445382,6970_8174,1.0,1.0,0.0,293,2,54,1,293,1,293,0,1,292,54,408,E West Expy E,E,Freeway,0.470339973172,0.0,6970,8174,E,2,65863,4,408,38500,65863,65,79,65.0,0.006869121948
1169,1,3733.7727272727284,59.910218559378755,1.4050857775941954,0.023507534246776943,4.310603538217814,1.804693802240793,0.4202951918602391,3725.816414686825,62.13043372665623,1.6841440387014135,0.027245004427777712,1.8619825334387856,0.8506400057040631,0.4542472665332911,6970_8174,1.0,1.0,0.0,293,2,54,1,293,1,293,0,1,292,54,408,E West Expy E,E,Freeway,0.470339973172,0.0,6970,8174,E,2,65863,4,408,38500,65863,65,79,65.0,0.006869121948
1170,2,5141.8669527897,59.950072140216854,1.6707832966548553,0.029424814204208033,6.139025045478022,1.1789212242210538,0.18361906974782508,5150.432258064516,60.27992552386881,2.585240900128835,0.044305534066116564,3.0106800922758374,1.167674130795337,0.3469088916662411,6970_8174,3.0,3.0,0.0,293,2,54,1,293,1,293,0,1,292,54,408,E West Expy E,E,Freeway,0.470339973172,0.0,6970,8174,E,2,65863,4,408,38500,65863,65,79,65.0,0.006869121948
1171,3,6954.524625267666,60.2967731402785,1.5223645256248517,0.025360790903733103,3.538578300369872,0.932591337609022,0.2612448997023936,6968.062231759655,62.21067308166775,1.775767497564489,0.028643366970676862,1.4403767061445565,0.4619326472466597,0.3149520618358575,6970_8174,1.0,1.0,0.0,293,2,54,1,293,1,293,0,1,292,54,408,E West Expy E,E,Freeway,0.470339973172,0.0,6970,8174,E,2,65863,4,408,38500,65863,65,79,65.0,0.006869121948
1172,0,3474.0085653104925,63.010807058117656,3.0873128179074696,0.04905545827590562,0.6424511481475103,0.5765874953327967,0.9182122274434548,3471.751605995717,63.57142350543093,3.241492478786133,0.05112796823562454,1.0824661298573262,0.9346308037556871,0.8754160981190086,8178_6921,3.0,2.0,1.0,294,2,1,1,294,1,294,0,1,293,1,408,E West Expy W,W,Freeway,0.498662548024,0.0,8178,6921,W,2,65863,4,408,38500,65863,65,79,65.0,0.00727306453737
1173,1,4518.151515151515,64.00970851190668,1.4168813868734027,0.022458005710952415,3.205980809317987,0.6521847823541925,0.2014940255204004,4553.941558441558,66.30151696556477,1.685334555099777,0.02748518657636861,5.631599243942832,1.3279747354030385,0.2087195391053013,8178_6921,1.0,1.0,0.0,294,2,1,1,294,1,294,0,1,293,1,408,E West Expy W,W,Freeway,0.498662548024,0.0,8178,6921,W,2,65863,4,408,38500,65863,65,79,65.0,0.00727306453737
1174,2,4529.676724137931,63.63937271182658,1.5192401195251228,0.024057245126975747,3.2679698312239682,0.8996461710949422,0.2741695447434976,4536.431330472104,65.34651765452344,1.5212597522002125,0.023629120734813575,5.47609395948913,1.502250679762832,0.2686228449478801,8178_6921,0.0,0.0,0.0,294,2,1,1,294,1,294,0,1,293,1,408,E West Expy W,W,Freeway,0.498662548024,0.0,8178,6921,W,2,65863,4,408,38500,65863,65,79,65.0,0.00727306453737
1175,3,7065.984978540771,63.70974105690678,1.4692079695115785,0.02310926968777147,2.2151811667587027,0.5156841346555611,0.2327586319640742,7094.057815845826,65.51596617764086,1.5308311930091518,0.023482464443064698,3.7657517339782687,0.8783465148810401,0.2284741833612428,8178_6921,1.0,1.0,0.0,294,2,1,1,294,1,294,0,1,293,1,408,E West Expy W,W,Freeway,0.498662548024,0.0,8178,6921,W,2,65863,4,408,38500,65863,65,79,65.0,0.00727306453737
1176,0,7773.82869379015,64.90257150242006,2.498639353468772,0.0393012828227362,1.076137346341995,0.930679250584326,0.8575142572019505,7752.316916488223,64.5671904601967,2.489842793856058,0.03957960297508562,1.002269136885134,0.7872440709340451,0.7777781039842124,8150_8116,1.0,0.0,1.0,295,2,2,1,295,1,295,0,1,294,2,408,E West Expy W,W,Freeway,0.326338353053,0.0,8150,8116,W,2,65863,6,408,60500,65863,65,61,65.0,0.005348296253109999
1177,1,6563.370689655172,65.45882095405341,1.063666139210976,0.016305861571824794,3.7346975629730914,0.9372999688290992,0.2530179249650853,6581.494600431965,64.84052130821246,1.2821388086555603,0.01988196367034472,3.0838283893831893,0.6928319116696579,0.2252478090952442,8150_8116,2.0,1.0,1.0,295,2,2,1,295,1,295,0,1,294,2,408,E West Expy W,W,Freeway,0.326338353053,0.0,8150,8116,W,2,65863,6,408,60500,65863,65,61,65.0,0.005348296253109999
1178,2,11561.038543897217,57.53897584604615,8.486370707122896,0.16392485038757962,8.854185860489043,4.1566942893035534,0.4162855284419664,11507.338329764452,56.083939892729965,8.934431706125986,0.17415827009184304,8.091120368141018,4.166077300367884,0.4680920959409242,8150_8116,4.0,4.0,0.0,295,2,2,1,295,1,295,0,1,294,2,408,E West Expy W,W,Freeway,0.326338353053,0.0,8150,8116,W,2,65863,6,408,60500,65863,65,61,65.0,0.005348296253109999
1179,3,15850.368308351177,65.13277671058054,1.3985753923019648,0.021700938684671944,3.818576226527268,1.0091542123212698,0.2580096231588235,15888.27408993576,64.52274086107262,1.6373463854768426,0.02569705744060625,3.1882564179357726,0.8872179804306487,0.2644491837620136,8150_8116,4.0,3.0,1.0,295,2,2,1,295,1,295,0,1,294,2,408,E West Expy W,W,Freeway,0.326338353053,0.0,8150,8116,W,2,65863,6,408,60500,65863,65,61,65.0,0.005348296253109999
1180,0,7752.316916488223,64.5671904601967,2.489842793856058,0.03957960297508562,1.002269136885134,0.7872440709340451,0.7777781039842124,6869.47323340471,69.84500226023947,2.9000458988529423,0.04217911335472332,2.122097499422069,1.8675818200145824,0.8718387917174599,8116_6273,1.0,0.0,1.0,296,2,3,1,296,1,296,0,1,295,3,408,E West Expy W,W,Freeway,0.246345655819,0.0,8116,6273,W,2,65863,4,408,51303,65863,55,61,55.0,0.0039870142071700004
1181,1,6581.494600431965,64.84052130821246,1.2821388086555603,0.01988196367034472,3.0838283893831893,0.6928319116696579,0.2252478090952442,5777.752688172043,70.04678945508111,1.4911256000532158,0.02139213390010896,7.1468416166068245,1.758361786379527,0.24721037989906025,8116_6273,0.0,0.0,0.0,296,2,3,1,296,1,296,0,1,295,3,408,E West Expy W,W,Freeway,0.246345655819,0.0,8116,6273,W,2,65863,4,408,51303,65863,55,61,55.0,0.0039870142071700004
1182,2,11507.338329764452,56.083939892729965,8.934431706125986,0.17415827009184304,8.091120368141018,4.166077300367884,0.4680920959409242,9823.830835117773,56.73142499782846,11.175160276882217,0.21337320319436773,16.408862504673554,6.028468634285648,0.3548616874902969,8116_6273,0.0,0.0,0.0,296,2,3,1,296,1,296,0,1,295,3,408,E West Expy W,W,Freeway,0.246345655819,0.0,8116,6273,W,2,65863,4,408,51303,65863,55,61,55.0,0.0039870142071700004
1183,3,15888.27408993576,64.52274086107262,1.6373463854768426,0.02569705744060625,3.1882564179357726,0.8872179804306487,0.2644491837620136,13910.940042826553,69.676896814705,2.616105579495465,0.038015144736343896,7.598935749506298,2.27100604757604,0.29232399620835625,8116_6273,0.0,0.0,0.0,296,2,3,1,296,1,296,0,1,295,3,408,E West Expy W,W,Freeway,0.246345655819,0.0,8116,6273,W,2,65863,4,408,51303,65863,55,61,55.0,0.0039870142071700004
1184,0,8035.211087420042,66.9636138941426,2.5723388379739256,0.03905536240122335,1.08876828314311,0.9212452453645504,0.8318328249956479,7387.191897654584,65.53764323876436,2.7168343007334808,0.0424302557873823,1.2744386473523357,1.1101387647732956,0.8683459931449838,8210_8148,2.0,2.0,0.0,297,2,4,1,297,1,297,0,1,296,4,408,E West Expy W,W,Freeway,0.792189706103,0.0,8210,8148,W,2,65863,4,408,73500,65863,65,49,65.0,0.013009075556999998
1185,1,5748.279914529915,68.44753488934936,1.248927427455902,0.0182850958844414,3.069337932364697,0.7243986949339891,0.2372643968550145,5600.217948717948,66.66664344676299,1.1794164446978406,0.017793162054448034,3.729024159180984,0.9683432740351524,0.2577561986074406,8210_8148,1.0,1.0,0.0,297,2,4,1,297,1,297,0,1,296,4,408,E West Expy W,W,Freeway,0.792189706103,0.0,8210,8148,W,2,65863,4,408,73500,65863,65,49,65.0,0.013009075556999998
1186,2,12517.462686567163,61.59952256090632,5.7274556806043115,0.11585724403054815,8.478557313599579,3.2310762913843454,0.32692550164076345,11550.021321961622,62.122797794540695,5.011616114284986,0.08809960186289686,8.759797427559272,2.9208714822003343,0.31496219368840656,8210_8148,2.0,2.0,0.0,297,2,4,1,297,1,297,0,1,296,4,408,E West Expy W,W,Freeway,0.792189706103,0.0,8210,8148,W,2,65863,4,408,73500,65863,65,49,65.0,0.013009075556999998
1187,3,16447.97867803838,68.25302247746221,1.4987375685216622,0.022168578488331474,3.573573399083924,1.0105642824275651,0.27676678723810005,15242.660980810237,66.51528260913463,1.4947698727607597,0.022844422167704274,4.3765555440429065,1.2716903721331472,0.28522731562497505,8210_8148,5.0,5.0,0.0,297,2,4,1,297,1,297,0,1,296,4,408,E West Expy W,W,Freeway,0.792189706103,0.0,8210,8148,W,2,65863,4,408,73500,65863,65,49,65.0,0.013009075556999998
1188,0,7600.495689655172,65.8685923239329,2.9696939405251968,0.04595774629929157,0.9708351620957028,0.7788809031635664,0.8063446589797695,7773.82869379015,64.90257150242006,2.498639353468772,0.0393012828227362,1.076137346341995,0.930679250584326,0.8575142572019505,8156_8150,4.0,2.0,2.0,298,2,5,1,298,1,298,0,1,297,5,408,E West Expy W,W,Freeway,0.460746220134,0.0,8156,8150,W,2,65863,6,408,67299,65863,65,62,65.0,0.00755594538579
1189,1,5717.784782608695,66.53952546583888,1.4215737564416189,0.02141615663414775,2.7832482560188185,0.6342193309707309,0.22818884289644126,6563.370689655172,65.45882095405341,1.063666139210976,0.016305861571824794,3.7346975629730914,0.9372999688290992,0.2530179249650853,8156_8150,1.0,0.0,1.0,298,2,5,1,298,1,298,0,1,297,5,408,E West Expy W,W,Freeway,0.460746220134,0.0,8156,8150,W,2,65863,6,408,67299,65863,65,62,65.0,0.00755594538579
1190,2,12166.639130434785,60.77822204377971,5.56377808260366,0.09774040749371868,6.530810938615673,2.441799916955277,0.3450591771045696,11561.038543897217,57.53897584604615,8.486370707122896,0.16392485038757962,8.854185860489043,4.1566942893035534,0.4162855284419664,8156_8150,8.0,6.0,2.0,298,2,5,1,298,1,298,0,1,297,5,408,E West Expy W,W,Freeway,0.460746220134,0.0,8156,8150,W,2,65863,6,408,67299,65863,65,62,65.0,0.00755594538579
1191,3,15700.182608695652,65.66500763600754,1.4765666167209668,0.022692851459426462,3.178944633257488,0.8665462476944553,0.2693658901363481,15850.368308351177,65.13277671058054,1.3985753923019648,0.021700938684671944,3.818576226527268,1.0091542123212698,0.2580096231588235,8156_8150,3.0,3.0,0.0,298,2,5,1,298,1,298,0,1,297,5,408,E West Expy W,W,Freeway,0.460746220134,0.0,8156,8150,W,2,65863,6,408,67299,65863,65,62,65.0,0.00755594538579
1192,0,7387.191897654584,65.53764323876436,2.7168343007334808,0.0424302557873823,1.2744386473523357,1.1101387647732956,0.8683459931449838,7245.059957173447,64.30100411001602,3.177068099493357,0.05172074447233392,1.167333298286451,0.9607811169555752,0.8092169944554871,8148_6298,1.0,1.0,0.0,299,2,6,1,299,1,299,0,1,298,6,408,E West Expy W,W,Freeway,0.33067075268199997,0.0,8148,6298,W,2,65863,4,408,73500,65863,65,59,65.0,0.00543613953215
1193,1,5600.217948717948,66.66664344676299,1.1794164446978406,0.017793162054448034,3.729024159180984,0.9683432740351524,0.2577561986074406,5451.59051724138,65.31082720640647,1.4510066380777098,0.02236417348163749,3.1525328074639707,0.8035800912371267,0.2565497511572252,8148_6298,0.0,0.0,0.0,299,2,6,1,299,1,299,0,1,298,6,408,E West Expy W,W,Freeway,0.33067075268199997,0.0,8148,6298,W,2,65863,4,408,73500,65863,65,59,65.0,0.00543613953215
1194,2,11550.021321961622,62.122797794540695,5.011616114284986,0.08809960186289686,8.759797427559272,2.9208714822003343,0.31496219368840656,11462.25481798715,60.352341761191404,4.9750348271434754,0.08755377643294593,6.8927908631598225,2.3028759502016567,0.3167115895475979,8148_6298,4.0,3.0,1.0,299,2,6,1,299,1,299,0,1,298,6,408,E West Expy W,W,Freeway,0.33067075268199997,0.0,8148,6298,W,2,65863,4,408,73500,65863,65,59,65.0,0.00543613953215
1195,3,15242.660980810237,66.51528260913463,1.4947698727607597,0.022844422167704274,4.3765555440429065,1.2716903721331472,0.28522731562497505,14881.835117773018,64.91748408451076,1.7405938209095082,0.02716494136365368,3.6164075114888417,0.9326212323427322,0.2547941330866186,8148_6298,3.0,3.0,0.0,299,2,6,1,299,1,299,0,1,298,6,408,E West Expy W,W,Freeway,0.33067075268199997,0.0,8148,6298,W,2,65863,4,408,73500,65863,65,59,65.0,0.00543613953215
1196,0,7628.325842696629,66.85984688658665,3.0102032096954034,0.04615381137214922,1.3451139628189213,1.1414039968689051,0.8501243595790239,7600.495689655172,65.8685923239329,2.9696939405251968,0.04595774629929157,0.9708351620957028,0.7788809031635664,0.8063446589797695,6300_8156,1.0,0.0,1.0,300,2,7,1,300,1,300,0,1,299,7,408,E West Expy W,W,Freeway,0.325558727708,0.0,6300,8156,W,2,65863,4,408,73500,65863,65,77,65.0,0.0053384668912700006
1197,1,5733.981941309256,67.32361557922988,1.300829040212551,0.01945592682265694,3.7767014229964633,0.981377993960139,0.25992995984668993,5717.784782608695,66.53952546583888,1.4215737564416189,0.02141615663414775,2.7832482560188185,0.6342193309707309,0.22818884289644126,6300_8156,1.0,1.0,0.0,300,2,7,1,300,1,300,0,1,299,7,408,E West Expy W,W,Freeway,0.325558727708,0.0,6300,8156,W,2,65863,4,408,73500,65863,65,77,65.0,0.0053384668912700006
1198,2,12011.26126126126,61.33623890827254,5.690106071742945,0.09939025354463382,9.0695760250548,3.120761482865898,0.3270481041174429,12166.639130434785,60.77822204377971,5.56377808260366,0.09774040749371868,6.530810938615673,2.441799916955277,0.3450591771045696,6300_8156,6.0,5.0,1.0,300,2,7,1,300,1,300,0,1,299,7,408,E West Expy W,W,Freeway,0.325558727708,0.0,6300,8156,W,2,65863,4,408,73500,65863,65,77,65.0,0.0053384668912700006
1199,3,15713.937078651685,66.71324676916664,1.5136089003026683,0.0229707802244162,4.444055955929247,1.2155753944248031,0.26983093965418825,15700.182608695652,65.66500763600754,1.4765666167209668,0.022692851459426462,3.178944633257488,0.8665462476944553,0.2693658901363481,6300_8156,0.0,0.0,0.0,300,2,7,1,300,1,300,0,1,299,7,408,E West Expy W,W,Freeway,0.325558727708,0.0,6300,8156,W,2,65863,4,408,73500,65863,65,77,65.0,0.0053384668912700006
1200,0,7245.059957173447,64.30100411001602,3.177068099493357,0.05172074447233392,1.167333298286451,0.9607811169555752,0.8092169944554871,7628.325842696629,66.85984688658665,3.0102032096954034,0.04615381137214922,1.3451139628189213,1.1414039968689051,0.8501243595790239,6298_6300,0.0,0.0,0.0,301,2,8,1,301,1,301,0,1,300,8,408,E West Expy W,W,Freeway,0.49363934571999996,0.0,6298,6300,W,2,65863,4,408,73500,65863,65,137,65.0,0.00809383647836
1201,1,5451.59051724138,65.31082720640647,1.4510066380777098,0.02236417348163749,3.1525328074639707,0.8035800912371267,0.2565497511572252,5733.981941309256,67.32361557922988,1.300829040212551,0.01945592682265694,3.7767014229964633,0.981377993960139,0.25992995984668993,6298_6300,0.0,0.0,0.0,301,2,8,1,301,1,301,0,1,300,8,408,E West Expy W,W,Freeway,0.49363934571999996,0.0,6298,6300,W,2,65863,4,408,73500,65863,65,137,65.0,0.00809383647836
1202,2,11462.25481798715,60.352341761191404,4.9750348271434754,0.08755377643294593,6.8927908631598225,2.3028759502016567,0.3167115895475979,12011.26126126126,61.33623890827254,5.690106071742945,0.09939025354463382,9.0695760250548,3.120761482865898,0.3270481041174429,6298_6300,1.0,1.0,0.0,301,2,8,1,301,1,301,0,1,300,8,408,E West Expy W,W,Freeway,0.49363934571999996,0.0,6298,6300,W,2,65863,4,408,73500,65863,65,137,65.0,0.00809383647836
1203,3,14881.835117773018,64.91748408451076,1.7405938209095082,0.02716494136365368,3.6164075114888417,0.9326212323427322,0.2547941330866186,15713.937078651685,66.71324676916664,1.5136089003026683,0.0229707802244162,4.444055955929247,1.2155753944248031,0.26983093965418825,6298_6300,1.0,0.0,1.0,301,2,8,1,301,1,301,0,1,300,8,408,E West Expy W,W,Freeway,0.49363934571999996,0.0,6298,6300,W,2,65863,4,408,73500,65863,65,137,65.0,0.00809383647836
1204,0,8044.217204301075,64.50123132635667,2.5305384970402893,0.039835233254421,1.333867675573956,1.1914800618261796,0.8872616340117471,7215.443207126948,68.01972384776374,2.6906034416278897,0.04017807128557377,1.0025089356335972,0.8751075064428256,0.8660704640379281,8203_6930,1.0,1.0,0.0,302,2,9,1,302,1,302,0,1,301,9,408,E West Expy W,W,Freeway,0.254236253283,0.0,8203,6930,W,2,65863,6,408,73500,65863,65,77,65.0,0.00417138399653
1205,1,5851.286334056399,64.40391799791547,1.1932534459268402,0.0185643150369643,3.8448150706057564,1.02495232192384,0.2679047564477185,5315.419501133787,69.75030026938848,1.3176017585653452,0.018943807902716558,3.056583607790004,0.7942928011426106,0.2616776026741308,8203_6930,0.0,0.0,0.0,302,2,9,1,302,1,302,0,1,301,9,408,E West Expy W,W,Freeway,0.254236253283,0.0,8203,6930,W,2,65863,6,408,73500,65863,65,77,65.0,0.00417138399653
1206,2,12794.163440860215,58.56208034675107,5.516581412845722,0.11491977715004792,10.302307682746065,3.782582055119133,0.3193456943920458,10591.002247191009,63.14363631507624,6.299085375236667,0.1229462308018512,8.329945997109506,3.322060638043783,0.34243206925738634,8203_6930,1.0,0.0,1.0,302,2,9,1,302,1,302,0,1,301,9,408,E West Expy W,W,Freeway,0.254236253283,0.0,8203,6930,W,2,65863,6,408,73500,65863,65,77,65.0,0.00417138399653
1207,3,16569.649462365593,64.41450852414093,1.4106869959538268,0.02208453145211085,4.583699946180105,1.2527030111889097,0.27001303165552354,14275.75442477876,70.23680470131903,1.5276674675850055,0.02198034335098939,3.5219321816244817,0.9907966361253152,0.27755382409541945,8203_6930,1.0,1.0,0.0,302,2,9,1,302,1,302,0,1,301,9,408,E West Expy W,W,Freeway,0.254236253283,0.0,8203,6930,W,2,65863,6,408,73500,65863,65,77,65.0,0.00417138399653
1208,0,8192.225321888413,64.99863479983905,2.5854522936813185,0.0403772813293962,1.0861986353613715,1.0105653868772286,0.9226401890152184,8044.217204301075,64.50123132635667,2.5305384970402893,0.039835233254421,1.333867675573956,1.1914800618261796,0.8872616340117471,8201_8203,2.0,2.0,0.0,303,2,10,1,303,1,303,0,1,302,10,408,E West Expy W,W,Freeway,0.492661043524,0.0,8201,8203,W,2,65863,6,408,70075,65863,65,110,65.0,0.00802848761702
1209,1,6213.045454545455,66.217693502527,1.240080452993922,0.018798322114917197,3.3738446308072256,1.0286505996144828,0.3056636762766521,5851.286334056399,64.40391799791547,1.1932534459268402,0.0185643150369643,3.8448150706057564,1.02495232192384,0.2679047564477185,8201_8203,1.0,1.0,0.0,303,2,10,1,303,1,303,0,1,302,10,408,E West Expy W,W,Freeway,0.492661043524,0.0,8201,8203,W,2,65863,6,408,70075,65863,65,110,65.0,0.00802848761702
1210,2,12921.107296137341,61.3052392755412,5.4261798807598725,0.10702801609495764,8.69440757859643,3.4170577717577624,0.3342632502403169,12794.163440860215,58.56208034675107,5.516581412845722,0.11491977715004792,10.302307682746065,3.782582055119133,0.3193456943920458,8201_8203,2.0,1.0,1.0,303,2,10,1,303,1,303,0,1,302,10,408,E West Expy W,W,Freeway,0.492661043524,0.0,8201,8203,W,2,65863,6,408,70075,65863,65,110,65.0,0.00802848761702
1211,3,16955.448497854082,66.07861599987237,1.3920846514228182,0.02122876058164956,3.936409744324069,1.03301203907194,0.26095049014867,16569.649462365593,64.41450852414093,1.4106869959538268,0.02208453145211085,4.583699946180105,1.2527030111889097,0.27001303165552354,8201_8203,1.0,0.0,1.0,303,2,10,1,303,1,303,0,1,302,10,408,E West Expy W,W,Freeway,0.492661043524,0.0,8201,8203,W,2,65863,6,408,70075,65863,65,110,65.0,0.00802848761702
1212,0,8927.342733188721,63.86673222425654,2.7054091824659983,0.042713656427675405,1.0428221149338546,0.8468599353176113,0.8146327702752622,8192.225321888413,64.99863479983905,2.5854522936813185,0.0403772813293962,1.0861986353613715,1.0105653868772286,0.9226401890152184,6994_8201,0.0,0.0,0.0,304,2,11,1,304,1,304,0,1,303,11,408,E West Expy W,W,Freeway,0.5558544591160001,0.0,6994,8201,W,2,65863,6,408,66500,65863,65,61,65.0,0.00914458168973
1213,1,6716.206593406593,63.55795828756882,1.333195128925894,0.021015519540181587,3.0311264351902625,0.8755361313871817,0.28972994104132394,6213.045454545455,66.217693502527,1.240080452993922,0.018798322114917197,3.3738446308072256,1.0286505996144828,0.3056636762766521,6994_8201,1.0,0.0,1.0,304,2,11,1,304,1,304,0,1,303,11,408,E West Expy W,W,Freeway,0.5558544591160001,0.0,6994,8201,W,2,65863,6,408,66500,65863,65,61,65.0,0.00914458168973
1214,2,13574.208242950108,59.836888896054745,3.636693500878103,0.06622560661823412,6.421080212805776,2.258561744002837,0.30543536260643345,12921.107296137341,61.3052392755412,5.4261798807598725,0.10702801609495764,8.69440757859643,3.4170577717577624,0.3342632502403169,6994_8201,1.0,1.0,0.0,304,2,11,1,304,1,304,0,1,303,11,408,E West Expy W,W,Freeway,0.5558544591160001,0.0,6994,8201,W,2,65863,6,408,66500,65863,65,61,65.0,0.00914458168973
1215,3,18210.76789587852,63.035680577359216,1.416038423115845,0.02257922629810272,3.383564189714414,0.7713625163164342,0.22665048067575835,16955.448497854082,66.07861599987237,1.3920846514228182,0.02122876058164956,3.936409744324069,1.03301203907194,0.26095049014867,6994_8201,2.0,1.0,1.0,304,2,11,1,304,1,304,0,1,303,11,408,E West Expy W,W,Freeway,0.5558544591160001,0.0,6994,8201,W,2,65863,6,408,66500,65863,65,61,65.0,0.00914458168973
1216,0,7215.443207126948,68.01972384776374,2.6906034416278897,0.04017807128557377,1.0025089356335972,0.8751075064428256,0.8660704640379281,8035.211087420042,66.9636138941426,2.5723388379739256,0.03905536240122335,1.08876828314311,0.9212452453645504,0.8318328249956479,6930_8210,1.0,1.0,0.0,305,2,12,1,305,1,305,0,1,304,12,408,E West Expy W,W,Freeway,0.252851879401,0.0,6930,8210,W,2,65863,6,408,73500,65863,65,68,65.0,0.00414314834347
1217,1,5315.419501133787,69.75030026938848,1.3176017585653452,0.018943807902716558,3.056583607790004,0.7942928011426106,0.2616776026741308,5748.279914529915,68.44753488934936,1.248927427455902,0.0182850958844414,3.069337932364697,0.7243986949339891,0.2372643968550145,6930_8210,0.0,0.0,0.0,305,2,12,1,305,1,305,0,1,304,12,408,E West Expy W,W,Freeway,0.252851879401,0.0,6930,8210,W,2,65863,6,408,73500,65863,65,68,65.0,0.00414314834347
1218,2,10591.002247191009,63.14363631507624,6.299085375236667,0.1229462308018512,8.329945997109506,3.322060638043783,0.34243206925738634,12517.462686567163,61.59952256090632,5.7274556806043115,0.11585724403054815,8.478557313599579,3.2310762913843454,0.32692550164076345,6930_8210,4.0,4.0,0.0,305,2,12,1,305,1,305,0,1,304,12,408,E West Expy W,W,Freeway,0.252851879401,0.0,6930,8210,W,2,65863,6,408,73500,65863,65,68,65.0,0.00414314834347
1219,3,14275.75442477876,70.23680470131903,1.5276674675850055,0.02198034335098939,3.5219321816244817,0.9907966361253152,0.27755382409541945,16447.97867803838,68.25302247746221,1.4987375685216622,0.022168578488331474,3.573573399083924,1.0105642824275651,0.27676678723810005,6930_8210,1.0,1.0,0.0,305,2,12,1,305,1,305,0,1,304,12,408,E West Expy W,W,Freeway,0.252851879401,0.0,6930,8210,W,2,65863,6,408,73500,65863,65,68,65.0,0.00414314834347
1220,0,8939.588486140725,64.38837323763607,2.7771753988078944,0.04401566365683807,1.161785602796264,0.9938941494362372,0.8482787982770439,8927.342733188721,63.86673222425654,2.7054091824659983,0.042713656427675405,1.0428221149338546,0.8468599353176113,0.8146327702752622,6489_6994,6.0,4.0,2.0,306,2,13,1,306,1,306,0,1,305,13,408,E West Expy W,W,Freeway,0.471200403667,0.0,6489,6994,W,2,65863,6,408,66500,65863,65,127,65.0,0.00775199669547
1221,1,6721.518201284796,65.71419450867569,1.2135694036704154,0.018500611988219284,3.254364955099411,0.9276311483835956,0.2853240434277161,6716.206593406593,63.55795828756882,1.333195128925894,0.021015519540181587,3.0311264351902625,0.8755361313871817,0.28972994104132394,6489_6994,1.0,0.0,1.0,306,2,13,1,306,1,306,0,1,305,13,408,E West Expy W,W,Freeway,0.471200403667,0.0,6489,6994,W,2,65863,6,408,66500,65863,65,127,65.0,0.00775199669547
1222,2,13532.968017057568,62.24523499884415,3.49879457170129,0.059852149215346886,7.1095749833396225,2.2234790666790176,0.2931933348107342,13574.208242950108,59.836888896054745,3.636693500878103,0.06622560661823412,6.421080212805776,2.258561744002837,0.30543536260643345,6489_6994,3.0,1.0,2.0,306,2,13,1,306,1,306,0,1,305,13,408,E West Expy W,W,Freeway,0.471200403667,0.0,6489,6994,W,2,65863,6,408,66500,65863,65,127,65.0,0.00775199669547
1223,3,18270.735607675902,65.19563422513225,1.3518245187415392,0.02086630488672947,3.7983858545859968,0.9512228883842566,0.2486516411170842,18210.76789587852,63.035680577359216,1.416038423115845,0.02257922629810272,3.383564189714414,0.7713625163164342,0.22665048067575835,6489_6994,3.0,2.0,1.0,306,2,13,1,306,1,306,0,1,305,13,408,E West Expy W,W,Freeway,0.471200403667,0.0,6489,6994,W,2,65863,6,408,66500,65863,65,127,65.0,0.00775199669547
1224,0,8916.311158798284,66.2450626916125,2.593349636141229,0.03991425145060072,1.727304711349516,1.5358274905964164,0.8864892376195171,8939.588486140725,64.38837323763607,2.7771753988078944,0.04401566365683807,1.161785602796264,0.9938941494362372,0.8482787982770439,5934_6489,3.0,1.0,2.0,307,2,14,1,307,1,307,0,1,306,14,408,E West Expy W,W,Freeway,0.37871294849799997,0.0,5934,6489,W,2,65863,6,408,66500,65863,65,86,65.0,0.0061146033158
1225,1,6763.418103448276,67.4686359163879,1.3141280331284968,0.019565953173617763,5.256248424605328,1.510147186551391,0.2876374553245629,6721.518201284796,65.71419450867569,1.2135694036704154,0.018500611988219284,3.254364955099411,0.9276311483835956,0.2853240434277161,5934_6489,0.0,0.0,0.0,307,2,14,1,307,1,307,0,1,306,14,408,E West Expy W,W,Freeway,0.37871294849799997,0.0,5934,6489,W,2,65863,6,408,66500,65863,65,86,65.0,0.0061146033158
1226,2,13626.023605150214,63.23623344104986,4.1267187937771785,0.06927209387241733,11.459679118756073,3.4538933770417484,0.2887280697137204,13532.968017057568,62.24523499884415,3.49879457170129,0.059852149215346886,7.1095749833396225,2.2234790666790176,0.2931933348107342,5934_6489,1.0,1.0,0.0,307,2,14,1,307,1,307,0,1,306,14,408,E West Expy W,W,Freeway,0.37871294849799997,0.0,5934,6489,W,2,65863,6,408,66500,65863,65,86,65.0,0.0061146033158
1227,3,18354.28540772532,67.21796855701514,1.4893916049355598,0.022321625844954857,6.156059165027021,1.5801091642297953,0.25557950376770194,18270.735607675902,65.19563422513225,1.3518245187415392,0.02086630488672947,3.7983858545859968,0.9512228883842566,0.2486516411170842,5934_6489,3.0,2.0,1.0,307,2,14,1,307,1,307,0,1,306,14,408,E West Expy W,W,Freeway,0.37871294849799997,0.0,5934,6489,W,2,65863,6,408,66500,65863,65,86,65.0,0.0061146033158
1228,0,7943.140086206897,60.82272024561681,2.7008125311278635,0.04477044700745215,1.5400368032422111,1.433466022365705,0.8836487327075802,8252.385927505331,60.79990389589883,2.449620512018024,0.040596920360877004,1.6741986860105738,1.4306712740964729,0.8552200742288539,8254_8252,2.0,1.0,1.0,308,2,15,1,308,1,308,0,1,307,15,408,E West Expy W,W,Freeway,0.265913166567,0.0,8254,8252,W,2,65863,6,408,85901,65863,55,162,55.0,0.00437412598084
1229,1,6954.3,61.17165374166938,1.9734296869187808,0.03277421782067025,5.030722623061381,1.4296594471085418,0.2703813325159258,7745.457081545063,61.93309905477192,1.4628578365272469,0.023780725958327826,6.187165671639353,1.655271521785537,0.2671420454784861,8254_8252,2.0,2.0,0.0,308,2,15,1,308,1,308,0,1,307,15,408,E West Expy W,W,Freeway,0.265913166567,0.0,8254,8252,W,2,65863,6,408,85901,65863,55,162,55.0,0.00437412598084
1230,2,9908.864224137933,58.4015414136999,3.2641829713690247,0.05996091458095025,7.784902681726138,2.302918178627611,0.2694106163702729,11637.202558635394,58.797600295344715,3.234863457430623,0.059713256356534024,10.047823649711109,2.8195397458576967,0.2664725240271612,8254_8252,3.0,3.0,0.0,308,2,15,1,308,1,308,0,1,307,15,408,E West Expy W,W,Freeway,0.265913166567,0.0,8254,8252,W,2,65863,6,408,85901,65863,55,162,55.0,0.00437412598084
1231,3,16420.935344827587,60.840282971842264,2.1474158581491927,0.03605776470629608,5.462158156809209,1.6399229619342586,0.27324549489291045,17888.349680170577,61.51890642159864,1.7272928238455132,0.02881952058300005,6.363426451701226,1.5836795428461934,0.24039755848199884,8254_8252,1.0,1.0,0.0,308,2,15,1,308,1,308,0,1,307,15,408,E West Expy W,W,Freeway,0.265913166567,0.0,8254,8252,W,2,65863,6,408,85901,65863,55,162,55.0,0.00437412598084
1232,0,8252.385927505331,60.79990389589883,2.449620512018024,0.040596920360877004,1.6741986860105738,1.4306712740964729,0.8552200742288539,9198.06396588486,62.30200204667478,2.793012030822055,0.045445108951267424,1.7038274929246828,1.3780625597345075,0.8020411070154201,8252_8244,0.0,0.0,0.0,309,2,16,1,309,1,309,0,1,308,16,408,E West Expy W,W,Freeway,0.53605387618,0.0,8252,8244,W,2,65863,6,408,84966,65863,55,166,55.0,0.00863192802219
1233,1,7745.457081545063,61.93309905477192,1.4628578365272469,0.023780725958327826,6.187165671639353,1.655271521785537,0.2671420454784861,8205.535331905781,61.629238707549,2.1019058610686345,0.034315965615433916,5.805168186852182,1.531603763718051,0.2621547741379001,8252_8244,2.0,1.0,1.0,309,2,16,1,309,1,309,0,1,308,16,408,E West Expy W,W,Freeway,0.53605387618,0.0,8252,8244,W,2,65863,6,408,84966,65863,55,166,55.0,0.00863192802219
1234,2,11637.202558635394,58.797600295344715,3.234863457430623,0.059713256356534024,10.047823649711109,2.8195397458576967,0.2664725240271612,13225.021321961622,57.556106176200274,3.630251408755485,0.06584846370269203,9.270491762510463,2.461713852410306,0.255635680508954,8252_8244,3.0,3.0,0.0,309,2,16,1,309,1,309,0,1,308,16,408,E West Expy W,W,Freeway,0.53605387618,0.0,8252,8244,W,2,65863,6,408,84966,65863,55,166,55.0,0.00863192802219
1235,3,17888.349680170577,61.51890642159864,1.7272928238455132,0.02881952058300005,6.363426451701226,1.5836795428461934,0.24039755848199884,19674.437100213217,61.06544810289849,2.2093876811712505,0.036422363975399434,5.997302932748686,1.2786043872955832,0.21072771986226416,8252_8244,6.0,3.0,3.0,309,2,16,1,309,1,309,0,1,308,16,408,E West Expy W,W,Freeway,0.53605387618,0.0,8252,8244,W,2,65863,6,408,84966,65863,55,166,55.0,0.00863192802219
1236,0,9198.06396588486,62.30200204667478,2.793012030822055,0.045445108951267424,1.7038274929246828,1.3780625597345075,0.8020411070154201,9265.993548387096,60.24607546443223,2.455239207292189,0.04122762578351144,1.5008645304821266,1.2916237797147223,0.8501483357230369,8244_8217,1.0,1.0,0.0,310,2,17,1,310,1,310,0,1,309,17,408,E West Expy W,W,Freeway,0.234501175013,0.0,8244,8217,W,2,65863,6,408,84500,65863,55,71,55.0,0.00367099375023
1237,1,8205.535331905781,61.629238707549,2.1019058610686345,0.034315965615433916,5.805168186852182,1.531603763718051,0.2621547741379001,8206.102173913043,60.16111983199927,1.37227519262681,0.023130668631090968,5.241960828847,1.5278405430419562,0.2871038805354538,8244_8217,0.0,0.0,0.0,310,2,17,1,310,1,310,0,1,309,17,408,E West Expy W,W,Freeway,0.234501175013,0.0,8244,8217,W,2,65863,6,408,84500,65863,55,71,55.0,0.00367099375023
1238,2,13225.021321961622,57.556106176200274,3.630251408755485,0.06584846370269203,9.270491762510463,2.461713852410306,0.255635680508954,13133.943965517241,57.083618565302494,3.2097869068619547,0.059122099932277086,8.855303131430386,2.6014400177420463,0.2810308220487933,8244_8217,0.0,0.0,0.0,310,2,17,1,310,1,310,0,1,309,17,408,E West Expy W,W,Freeway,0.234501175013,0.0,8244,8217,W,2,65863,6,408,84500,65863,55,71,55.0,0.00367099375023
1239,3,19674.437100213217,61.06544810289849,2.2093876811712505,0.036422363975399434,5.997302932748686,1.2786043872955832,0.21072771986226416,19573.696774193548,59.49905413072526,1.5261097637469103,0.025863562801920197,5.465977455607244,1.2924874369549422,0.23230296945775294,8244_8217,3.0,2.0,1.0,310,2,17,1,310,1,310,0,1,309,17,408,E West Expy W,W,Freeway,0.234501175013,0.0,8244,8217,W,2,65863,6,408,84500,65863,55,71,55.0,0.00367099375023
1240,0,8862.618181818181,64.93163774227574,2.384503569758788,0.03738446632524031,1.4942781511739838,1.181306043973638,0.8218507263415078,8916.311158798284,66.2450626916125,2.593349636141229,0.03991425145060072,1.727304711349516,1.5358274905964164,0.8864892376195171,8239_5934,2.0,2.0,0.0,311,2,18,1,311,1,311,0,1,310,18,408,E West Expy W,W,Freeway,0.530374073551,0.0,8239,5934,W,2,65863,6,408,66500,65863,65,121,65.0,0.00871097460343
1241,1,7528.849315068493,65.28369485003829,1.3055096321031672,0.0204900562076463,4.3431201520868585,1.2172583052984982,0.2771616330457641,6763.418103448276,67.4686359163879,1.3141280331284968,0.019565953173617763,5.256248424605328,1.510147186551391,0.2876374553245629,8239_5934,2.0,2.0,0.0,311,2,18,1,311,1,311,0,1,310,18,408,E West Expy W,W,Freeway,0.530374073551,0.0,8239,5934,W,2,65863,6,408,66500,65863,65,121,65.0,0.00871097460343
1242,2,13309.929742388756,61.73509051476863,3.8094855804139502,0.06576101854049554,8.379990146586982,2.5166183125377293,0.2777776845772978,13626.023605150214,63.23623344104986,4.1267187937771785,0.06927209387241733,11.459679118756073,3.4538933770417484,0.2887280697137204,8239_5934,1.0,0.0,1.0,311,2,18,1,311,1,311,0,1,310,18,408,E West Expy W,W,Freeway,0.530374073551,0.0,8239,5934,W,2,65863,6,408,66500,65863,65,121,65.0,0.00871097460343
1243,3,18217.8970917226,64.90909071511908,1.453026953636572,0.022563292522102898,4.804411975372894,1.1180710757365677,0.23106617204986435,18354.28540772532,67.21796855701514,1.4893916049355598,0.022321625844954857,6.156059165027021,1.5801091642297953,0.25557950376770194,8239_5934,1.0,0.0,1.0,311,2,18,1,311,1,311,0,1,310,18,408,E West Expy W,W,Freeway,0.530374073551,0.0,8239,5934,W,2,65863,6,408,66500,65863,65,121,65.0,0.00871097460343
1244,0,9265.993548387096,60.24607546443223,2.455239207292189,0.04122762578351144,1.5008645304821266,1.2916237797147223,0.8501483357230369,9408.963440860214,62.140664254804065,2.8778362560927584,0.046848496813627766,1.6170650613909263,1.326398919730902,0.8171955777055644,8217_8215,2.0,2.0,0.0,312,2,19,1,312,1,312,0,1,311,19,408,E West Expy W,W,Freeway,0.470414236762,0.0,8217,8215,W,2,65863,6,408,73340,65863,65,182,65.0,0.00737572684003
1245,1,8206.102173913043,60.16111983199927,1.37227519262681,0.023130668631090968,5.241960828847,1.5278405430419562,0.2871038805354538,7663.445887445888,61.43849100589154,1.5319395703606251,0.025333705538216702,5.149103366971175,1.4146554928194448,0.27138561554443386,8217_8215,2.0,2.0,0.0,312,2,19,1,312,1,312,0,1,311,19,408,E West Expy W,W,Freeway,0.470414236762,0.0,8217,8215,W,2,65863,6,408,73340,65863,65,182,65.0,0.00737572684003
1246,2,13133.943965517241,57.083618565302494,3.2097869068619547,0.059122099932277086,8.855303131430386,2.6014400177420463,0.2810308220487933,14204.976293103447,58.95279046365482,3.651091249536605,0.0663857719131356,9.936463291996454,3.0239341120916854,0.2875493818302654,8217_8215,3.0,3.0,0.0,312,2,19,1,312,1,312,0,1,311,19,408,E West Expy W,W,Freeway,0.470414236762,0.0,8217,8215,W,2,65863,6,408,73340,65863,65,182,65.0,0.00737572684003
1247,3,19573.696774193548,59.49905413072526,1.5261097637469103,0.025863562801920197,5.465977455607244,1.2924874369549422,0.23230296945775294,19748.675268817206,61.360929595137726,1.4342077850140296,0.02357393477812657,5.685303361879583,1.4126295532478224,0.2458256099854976,8217_8215,4.0,3.0,1.0,312,2,19,1,312,1,312,0,1,311,19,408,E West Expy W,W,Freeway,0.470414236762,0.0,8217,8215,W,2,65863,6,408,73340,65863,65,182,65.0,0.00737572684003
1248,0,9408.963440860214,62.140664254804065,2.8778362560927584,0.046848496813627766,1.6170650613909263,1.326398919730902,0.8171955777055644,9439.760348583875,64.49287418334251,2.5114469828904493,0.0396575502489899,1.6158092133144015,1.3857402514656756,0.8455051678552906,8215_6440,3.0,1.0,2.0,313,2,20,1,313,1,313,0,1,312,20,408,E West Expy W,W,Freeway,0.25761408424,0.0,8215,6440,W,2,65863,6,408,66500,65863,65,129,65.0,0.00417989880851
1249,1,7663.445887445888,61.43849100589154,1.5319395703606251,0.025333705538216702,5.149103366971175,1.4146554928194448,0.27138561554443386,7619.408791208792,64.46423583022366,1.375710747543476,0.021826781446033932,4.7865103048489805,1.3712018876593832,0.2828597687128297,8215_6440,3.0,2.0,1.0,313,2,20,1,313,1,313,0,1,312,20,408,E West Expy W,W,Freeway,0.25761408424,0.0,8215,6440,W,2,65863,6,408,66500,65863,65,129,65.0,0.00417989880851
1250,2,14204.976293103447,58.95279046365482,3.651091249536605,0.0663857719131356,9.936463291996454,3.0239341120916854,0.2875493818302654,14074.387799564267,60.64965440785283,4.48418165645844,0.07918512773726095,9.779499679067714,3.1873959707924318,0.3046097755977075,8215_6440,2.0,2.0,0.0,313,2,20,1,313,1,313,0,1,312,20,408,E West Expy W,W,Freeway,0.25761408424,0.0,8215,6440,W,2,65863,6,408,66500,65863,65,129,65.0,0.00417989880851
1251,3,19748.675268817206,61.360929595137726,1.4342077850140296,0.02357393477812657,5.685303361879583,1.4126295532478224,0.2458256099854976,19595.662309368192,64.13443258822032,1.5667346788838623,0.02465297330922321,5.3989765608499525,1.334182504795015,0.24421420356746826,8215_6440,2.0,1.0,1.0,313,2,20,1,313,1,313,0,1,312,20,408,E West Expy W,W,Freeway,0.25761408424,0.0,8215,6440,W,2,65863,6,408,66500,65863,65,129,65.0,0.00417989880851
1252,0,9439.760348583875,64.49287418334251,2.5114469828904493,0.0396575502489899,1.6158092133144015,1.3857402514656756,0.8455051678552906,8862.618181818181,64.93163774227574,2.384503569758788,0.03738446632524031,1.4942781511739838,1.181306043973638,0.8218507263415078,6440_8239,4.0,4.0,0.0,314,2,21,1,314,1,314,0,1,313,21,408,E West Expy W,W,Freeway,0.108833365524,0.0,6440,8239,W,2,65863,6,408,66500,65863,65,52,65.0,0.0017901213662999999
1253,1,7619.408791208792,64.46423583022366,1.375710747543476,0.021826781446033932,4.7865103048489805,1.3712018876593832,0.2828597687128297,7528.849315068493,65.28369485003829,1.3055096321031672,0.0204900562076463,4.3431201520868585,1.2172583052984982,0.2771616330457641,6440_8239,1.0,1.0,0.0,314,2,21,1,314,1,314,0,1,313,21,408,E West Expy W,W,Freeway,0.108833365524,0.0,6440,8239,W,2,65863,6,408,66500,65863,65,52,65.0,0.0017901213662999999
1254,2,14074.387799564267,60.64965440785283,4.48418165645844,0.07918512773726095,9.779499679067714,3.1873959707924318,0.3046097755977075,13309.929742388756,61.73509051476863,3.8094855804139502,0.06576101854049554,8.379990146586982,2.5166183125377293,0.2777776845772978,6440_8239,1.0,1.0,0.0,314,2,21,1,314,1,314,0,1,313,21,408,E West Expy W,W,Freeway,0.108833365524,0.0,6440,8239,W,2,65863,6,408,66500,65863,65,52,65.0,0.0017901213662999999
1255,3,19595.662309368192,64.13443258822032,1.5667346788838623,0.02465297330922321,5.3989765608499525,1.334182504795015,0.24421420356746826,18217.8970917226,64.90909071511908,1.453026953636572,0.022563292522102898,4.804411975372894,1.1180710757365677,0.23106617204986435,6440_8239,2.0,1.0,1.0,314,2,21,1,314,1,314,0,1,313,21,408,E West Expy W,W,Freeway,0.108833365524,0.0,6440,8239,W,2,65863,6,408,66500,65863,65,52,65.0,0.0017901213662999999
1256,0,16287.565031982942,62.62277544242793,2.7153115863172004,0.04395179118653544,2.0014699398498186,1.5051629497830887,0.7501972196398652,16288.850746268658,63.97385209853236,2.62685799200988,0.04163938636370016,1.8740993780648905,1.3526724379479889,0.7122425715739549,8318_8309,1.0,0.0,1.0,315,2,22,1,315,1,315,0,1,314,22,408,E West Expy W,W,Freeway,0.183840797773,0.0,8318,8309,W,2,65863,9,408,93000,65863,55,68,55.0,0.00302303734189
1257,1,20256.17094017094,52.928082530666934,8.231789490656611,0.1629803366142939,13.230611383568366,4.781942928899207,0.3463701428097585,20403.74358974359,53.506468069073456,9.81160306801362,0.19367377226593852,12.713642310407927,5.807459824273113,0.4301776191672344,8318_8309,10.0,6.0,4.0,315,2,22,1,315,1,315,0,1,314,22,408,E West Expy W,W,Freeway,0.183840797773,0.0,8318,8309,W,2,65863,9,408,93000,65863,55,68,55.0,0.00302303734189
1258,2,16194.346153846154,60.16976546836956,2.835148130488527,0.05246036455596826,8.393197723085239,1.7886366986049025,0.1895440010012754,16258.417910447759,61.165703936884434,3.187921375224473,0.057083485903872674,7.240090769151412,1.7719090836104407,0.2101934517490304,8318_8309,2.0,1.0,1.0,315,2,22,1,315,1,315,0,1,314,22,408,E West Expy W,W,Freeway,0.183840797773,0.0,8318,8309,W,2,65863,9,408,93000,65863,55,68,55.0,0.00302303734189
1259,3,33887.147121535185,61.24766391293284,2.4481912277677966,0.040838071216317065,7.366620587101889,1.493327684716103,0.1927740062334374,34031.827292110866,62.5034904067499,2.6192524223246827,0.042787412305943316,6.284837070487982,1.4480501534701162,0.21569856080069494,8318_8309,5.0,4.0,1.0,315,2,22,1,315,1,315,0,1,314,22,408,E West Expy W,W,Freeway,0.183840797773,0.0,8318,8309,W,2,65863,9,408,93000,65863,55,68,55.0,0.00302303734189
1260,0,15203.071274298056,63.987293634636934,2.8325169314832013,0.04498295721084878,1.6949307116181296,1.2822032493375262,0.7429806240724799,12691.63539445629,63.44925365646127,2.8193510444943173,0.0450717224601059,2.3330965640559858,1.6776958121032437,0.7078834998546067,8313_6737,2.0,1.0,1.0,316,2,23,1,316,1,316,0,1,315,23,408,E West Expy W,W,Freeway,0.46675185688299997,0.0,8313,6737,W,2,65863,8,408,93000,65863,55,92,55.0,0.00767739680024
1261,1,18536.472527472528,48.76024065172802,11.90682923122436,0.2575567607857723,13.6301137355985,6.7189064524518045,0.4773606401731661,13548.126881720429,47.22131980837991,11.643149972980556,0.258685944714446,16.16991384752021,6.525982277573553,0.39938146361028815,8313_6737,31.0,17.0,14.0,316,2,23,1,316,1,316,0,1,315,23,408,E West Expy W,W,Freeway,0.46675185688299997,0.0,8313,6737,W,2,65863,8,408,93000,65863,55,92,55.0,0.00767739680024
1262,2,15192.971800433841,61.06309544005748,3.911493017384473,0.07086219905657679,6.787548423677625,1.963531436537484,0.24172834268724985,11430.391025641024,61.110208144694205,4.61354882704573,0.08363709093019861,7.915260066535437,1.950998302412704,0.22016768880570445,8313_6737,4.0,3.0,1.0,316,2,23,1,316,1,316,0,1,315,23,408,E West Expy W,W,Freeway,0.46675185688299997,0.0,8313,6737,W,2,65863,8,408,93000,65863,55,92,55.0,0.00767739680024
1263,3,31674.004319654432,62.45815773150439,3.5476310573060084,0.058216862131102165,5.827877835464448,1.7669532944873567,0.2778499374327842,24970.92963752665,62.595131695831384,4.635746543662157,0.07592837965243852,7.677682576495979,2.257590366895971,0.27434869872074863,8313_6737,14.0,7.0,7.0,316,2,23,1,316,1,316,0,1,315,23,408,E West Expy W,W,Freeway,0.46675185688299997,0.0,8313,6737,W,2,65863,8,408,93000,65863,55,92,55.0,0.00767739680024
1264,0,16288.850746268658,63.97385209853236,2.62685799200988,0.04163938636370016,1.8740993780648905,1.3526724379479889,0.7122425715739549,15203.071274298056,63.987293634636934,2.8325169314832013,0.04498295721084878,1.6949307116181296,1.2822032493375262,0.7429806240724799,8309_8313,1.0,1.0,0.0,317,2,24,1,317,1,317,0,1,316,24,408,E West Expy W,W,Freeway,0.396972045378,0.0,8309,8313,W,2,65863,9,408,93000,65863,55,136,55.0,0.00650433139267
1265,1,20403.74358974359,53.506468069073456,9.81160306801362,0.19367377226593852,12.713642310407927,5.807459824273113,0.4301776191672344,18536.472527472528,48.76024065172802,11.90682923122436,0.2575567607857723,13.6301137355985,6.7189064524518045,0.4773606401731661,8309_8313,31.0,26.0,5.0,317,2,24,1,317,1,317,0,1,316,24,408,E West Expy W,W,Freeway,0.396972045378,0.0,8309,8313,W,2,65863,9,408,93000,65863,55,136,55.0,0.00650433139267
1266,2,16258.417910447759,61.165703936884434,3.187921375224473,0.057083485903872674,7.240090769151412,1.7719090836104407,0.2101934517490304,15192.971800433841,61.06309544005748,3.911493017384473,0.07086219905657679,6.787548423677625,1.963531436537484,0.24172834268724985,8309_8313,1.0,0.0,1.0,317,2,24,1,317,1,317,0,1,316,24,408,E West Expy W,W,Freeway,0.396972045378,0.0,8309,8313,W,2,65863,9,408,93000,65863,55,136,55.0,0.00650433139267
1267,3,34031.827292110866,62.5034904067499,2.6192524223246827,0.042787412305943316,6.284837070487982,1.4480501534701162,0.21569856080069494,31674.004319654432,62.45815773150439,3.5476310573060084,0.058216862131102165,5.827877835464448,1.7669532944873567,0.2778499374327842,8309_8313,10.0,5.0,5.0,317,2,24,1,317,1,317,0,1,316,24,408,E West Expy W,W,Freeway,0.396972045378,0.0,8309,8313,W,2,65863,9,408,93000,65863,55,136,55.0,0.00650433139267
1268,0,6226.384946236559,52.38705548032098,3.6018527141222765,0.07009235035922341,3.258080759518085,2.0615247767024165,0.6297120079235156,7311.3083511777295,55.14611814666684,3.017468803008424,0.055255433485408616,2.1850138475146434,1.5626340816748965,0.7214733487536589,8274_8272,3.0,2.0,1.0,318,2,25,1,318,1,318,0,1,317,25,408,E West Expy W,W,Freeway,0.301334366325,0.0,8274,8272,S,1,65863,7,4,144500,65863,55,0,55.0,0.00495680619726
1269,1,6397.2156862745105,44.313862033844316,5.531825269231097,0.12896467890667945,15.494187076564176,4.603363592353668,0.29703858863393034,7559.275109170307,54.505299380704365,1.9126598323099084,0.03543067661804312,8.48218235694263,2.33860758843412,0.27355495711520017,8274_8272,11.0,7.0,4.0,318,2,25,1,318,1,318,0,1,317,25,408,E West Expy W,W,Freeway,0.301334366325,0.0,8274,8272,S,1,65863,7,4,144500,65863,55,0,55.0,0.00495680619726
1270,2,6663.295258620688,48.719254201138284,4.383122438150592,0.09447489302466083,12.533078079577004,3.456318165302549,0.26480219143636863,10214.3282937365,51.67926580013775,2.6738042132642934,0.05411668932230308,12.12415469813339,3.2410104320353312,0.2613449658355241,8274_8272,6.0,4.0,2.0,318,2,25,1,318,1,318,0,1,317,25,408,E West Expy W,W,Freeway,0.301334366325,0.0,8274,8272,S,1,65863,7,4,144500,65863,55,0,55.0,0.00495680619726
1271,3,12463.678185745142,50.61384545694798,4.423086586270674,0.08949539434865302,10.381812394504019,3.1770007066408126,0.2946817574688348,15807.113978494624,54.28285835491169,1.8249060868595173,0.034152206639535714,7.818536590132169,1.9887483562456256,0.2480925498691025,8274_8272,12.0,7.0,5.0,318,2,25,1,318,1,318,0,1,317,25,408,E West Expy W,W,Freeway,0.301334366325,0.0,8274,8272,S,1,65863,7,4,144500,65863,55,0,55.0,0.00495680619726
1272,0,7311.3083511777295,55.14611814666684,3.017468803008424,0.055255433485408616,2.1850138475146434,1.5626340816748965,0.7214733487536589,7943.140086206897,60.82272024561681,2.7008125311278635,0.04477044700745215,1.5400368032422111,1.433466022365705,0.8836487327075802,8272_8254,8.0,4.0,4.0,319,2,26,1,319,1,319,0,1,318,26,408,E West Expy W,W,Freeway,0.523750841413,0.0,8272,8254,W,2,65863,6,408,85901,65863,55,67,55.0,0.00861528421267
1273,1,7559.275109170307,54.505299380704365,1.9126598323099084,0.03543067661804312,8.48218235694263,2.33860758843412,0.27355495711520017,6954.3,61.17165374166938,1.9734296869187808,0.03277421782067025,5.030722623061381,1.4296594471085418,0.2703813325159258,8272_8254,7.0,4.0,3.0,319,2,26,1,319,1,319,0,1,318,26,408,E West Expy W,W,Freeway,0.523750841413,0.0,8272,8254,W,2,65863,6,408,85901,65863,55,67,55.0,0.00861528421267
1274,2,10214.3282937365,51.67926580013775,2.6738042132642934,0.05411668932230308,12.12415469813339,3.2410104320353312,0.2613449658355241,9908.864224137933,58.4015414136999,3.2641829713690247,0.05996091458095025,7.784902681726138,2.302918178627611,0.2694106163702729,8272_8254,12.0,10.0,2.0,319,2,26,1,319,1,319,0,1,318,26,408,E West Expy W,W,Freeway,0.523750841413,0.0,8272,8254,W,2,65863,6,408,85901,65863,55,67,55.0,0.00861528421267
1275,3,15807.113978494624,54.28285835491169,1.8249060868595173,0.034152206639535714,7.818536590132169,1.9887483562456256,0.2480925498691025,16420.935344827587,60.840282971842264,2.1474158581491927,0.03605776470629608,5.462158156809209,1.6399229619342586,0.27324549489291045,8272_8254,10.0,5.0,5.0,319,2,26,1,319,1,319,0,1,318,26,408,E West Expy W,W,Freeway,0.523750841413,0.0,8272,8254,W,2,65863,6,408,85901,65863,55,67,55.0,0.00861528421267
1276,0,12691.63539445629,63.44925365646127,2.8193510444943173,0.0450717224601059,2.3330965640559858,1.6776958121032437,0.7078834998546067,11003.90645879733,59.27143210907745,3.501497755099017,0.060268022097669176,3.202195651497508,2.224641880900205,0.6903617949239177,6737_6230,4.0,2.0,2.0,320,2,27,1,320,1,320,0,1,319,27,408,E West Expy W,W,Freeway,0.312836275073,0.0,6737,6230,W,3,65863,4,0,23980,65863,55,145,55.0,0.005089346157529999
1277,1,13548.126881720429,47.22131980837991,11.643149972980556,0.258685944714446,16.16991384752021,6.525982277573553,0.39938146361028815,12721.121348314608,45.67917260278957,9.015092795429878,0.206860253647072,17.985494754361394,5.998509087961499,0.3305313676315307,6737_6230,21.0,12.0,9.0,320,2,27,1,320,1,320,0,1,319,27,408,E West Expy W,W,Freeway,0.312836275073,0.0,6737,6230,W,3,65863,4,0,23980,65863,55,145,55.0,0.005089346157529999
1278,2,11430.391025641024,61.110208144694205,4.61354882704573,0.08363709093019861,7.915260066535437,1.950998302412704,0.22016768880570445,11421.704697986577,54.61512992177337,5.346560775284472,0.1071996588283982,12.4868919025262,3.2505631104035,0.24806664922778,6737_6230,7.0,6.0,1.0,320,2,27,1,320,1,320,0,1,319,27,408,E West Expy W,W,Freeway,0.312836275073,0.0,6737,6230,W,3,65863,4,0,23980,65863,55,145,55.0,0.005089346157529999
1279,3,24970.92963752665,62.595131695831384,4.635746543662157,0.07592837965243852,7.677682576495979,2.257590366895971,0.27434869872074863,22473.83518930957,56.79940182574696,5.455573467649094,0.09910903738654553,10.735456488139397,3.1549621977082967,0.2829707758385625,6737_6230,23.0,14.0,9.0,320,2,27,1,320,1,320,0,1,319,27,408,E West Expy W,W,Freeway,0.312836275073,0.0,6737,6230,W,3,65863,4,0,23980,65863,55,145,55.0,0.005089346157529999
1280,0,11003.90645879733,59.27143210907745,3.501497755099017,0.060268022097669176,3.202195651497508,2.224641880900205,0.6903617949239177,6226.384946236559,52.38705548032098,3.6018527141222765,0.07009235035922341,3.258080759518085,2.0615247767024165,0.6297120079235156,6230_8274,7.0,6.0,1.0,321,2,28,1,321,1,321,0,1,320,28,408,E West Expy W,W,Freeway,0.203469708857,0.0,6230,8274,W,3,65863,4,0,23980,65863,55,129,55.0,0.00333259954669
1281,1,12721.121348314608,45.67917260278957,9.015092795429878,0.206860253647072,17.985494754361394,5.998509087961499,0.3305313676315307,6397.2156862745105,44.313862033844316,5.531825269231097,0.12896467890667945,15.494187076564176,4.603363592353668,0.29703858863393034,6230_8274,16.0,12.0,4.0,321,2,28,1,321,1,321,0,1,320,28,408,E West Expy W,W,Freeway,0.203469708857,0.0,6230,8274,W,3,65863,4,0,23980,65863,55,129,55.0,0.00333259954669
1282,2,11421.704697986577,54.61512992177337,5.346560775284472,0.1071996588283982,12.4868919025262,3.2505631104035,0.24806664922778,6663.295258620688,48.719254201138284,4.383122438150592,0.09447489302466083,12.533078079577004,3.456318165302549,0.26480219143636863,6230_8274,4.0,2.0,2.0,321,2,28,1,321,1,321,0,1,320,28,408,E West Expy W,W,Freeway,0.203469708857,0.0,6230,8274,W,3,65863,4,0,23980,65863,55,129,55.0,0.00333259954669
1283,3,22473.83518930957,56.79940182574696,5.455573467649094,0.09910903738654553,10.735456488139397,3.1549621977082967,0.2829707758385625,12463.678185745142,50.61384545694798,4.423086586270674,0.08949539434865302,10.381812394504019,3.1770007066408126,0.2946817574688348,6230_8274,9.0,7.0,2.0,321,2,28,1,321,1,321,0,1,320,28,408,E West Expy W,W,Freeway,0.203469708857,0.0,6230,8274,W,3,65863,4,0,23980,65863,55,129,55.0,0.00333259954669
1284,0,1611.471092077088,53.21102602724371,3.5442302172436557,0.06661749408365206,0.20506729037778992,0.23337930736795,1.2299648076587315,13330.66737739872,65.37204389819524,2.2721877746569104,0.03509106535011315,1.635673116355889,1.296281447155816,0.7859883736513066,6307_6229,0.0,0.0,0.0,322,2,29,1,322,1,322,0,1,321,29,408,E West Expy W,W,Freeway,0.314179016856,0.0,6307,6229,W,2,65863,7,408,139500,65863,65,59,65.0,0.00515046464292
1285,1,2366.7995689655168,56.827080199398296,2.182806945430643,0.03870558257376815,0.9622655949232564,0.5595311306621213,0.5610473447438056,18732.67521367521,56.992308626710795,8.55433399690204,0.1659581218673946,12.467855687315119,5.5475774622899605,0.40235979421725704,6307_6229,4.0,4.0,0.0,322,2,29,1,322,1,322,0,1,321,29,408,E West Expy W,W,Freeway,0.314179016856,0.0,6307,6229,W,2,65863,7,408,139500,65863,65,59,65.0,0.00515046464292
1286,2,1255.8451612903225,54.597067229136755,1.8991112586887384,0.03511700775845935,0.5181190925562149,0.2262081476431272,0.39316705621549336,13801.908315565031,63.43461815849472,1.8524344017462568,0.030865292461031483,6.6410559548806525,1.1893339612611773,0.1653532866915562,6307_6229,0.0,0.0,0.0,322,2,29,1,322,1,322,0,1,321,29,408,E West Expy W,W,Freeway,0.314179016856,0.0,6307,6229,W,2,65863,7,408,139500,65863,65,59,65.0,0.00515046464292
1287,3,2638.0818965517237,54.99594461595329,1.9729189812723131,0.03608641981821172,0.44534045247824494,0.24418518195722164,0.47696931303827,28830.275053304904,63.82877182402935,2.2007113120496937,0.035467031071033564,6.2111919136309135,1.3990221288034157,0.2032660309099841,6307_6229,2.0,2.0,0.0,322,2,29,1,322,1,322,0,1,321,29,408,E West Expy W,W,Freeway,0.314179016856,0.0,6307,6229,W,2,65863,7,408,139500,65863,65,59,65.0,0.00515046464292
1288,0,15573.833333333336,64.51715325066324,2.5174456854233824,0.03934884807412842,1.4384352615847251,1.086490396350452,0.7541683367028416,14829.929032258064,63.56222109497258,2.4322246483875234,0.039055002657301004,1.9979669012309889,1.5608073575537662,0.7680440629991554,8353_6185,2.0,2.0,0.0,323,2,30,1,323,1,323,0,1,322,30,408,E West Expy W,W,Freeway,0.42615895878,0.0,8353,6185,W,2,65863,10,408,137612,65863,55,163,55.0,0.00701033979363
1289,1,21080.4021978022,50.25571428776582,11.46588641389205,0.2440694694539541,12.74401572676041,6.429114914625195,0.4761388676559932,18601.907127429804,47.35642177878867,14.201214676830507,0.3226282275964013,17.828603001786718,8.948864385197197,0.4827973347333169,8353_6185,25.0,18.0,7.0,323,2,30,1,323,1,323,0,1,322,30,408,E West Expy W,W,Freeway,0.42615895878,0.0,8353,6185,W,2,65863,10,408,137612,65863,55,163,55.0,0.00701033979363
1290,2,15819.818777292576,61.698074674015636,2.126840927962554,0.037556541419456184,5.620714886655724,1.0623593369178903,0.1679112731172208,14124.522580645162,62.56573770128779,2.7962891495187927,0.04989680473403873,7.519830418190857,1.5050784594441402,0.1758850810678557,8353_6185,4.0,2.0,2.0,323,2,30,1,323,1,323,0,1,322,30,408,E West Expy W,W,Freeway,0.42615895878,0.0,8353,6185,W,2,65863,10,408,137612,65863,55,163,55.0,0.00701033979363
1291,3,32941.90064794816,62.056169747182636,2.5733707902391507,0.042397771942963715,5.170663283131575,1.3013373149157217,0.2321978217873521,30349.445161290318,63.24884736547789,3.1836461789636346,0.05144210703798911,7.018165866805309,1.815795886921044,0.24194900655000395,8353_6185,10.0,4.0,6.0,323,2,30,1,323,1,323,0,1,322,30,408,E West Expy W,W,Freeway,0.42615895878,0.0,8353,6185,W,2,65863,10,408,137612,65863,55,163,55.0,0.00701033979363
1292,0,14246.14163090129,64.49467795794885,1.9931661389905728,0.03095600954190812,1.4759100092177435,1.1326932220000645,0.7714180398777085,,,,,,,,8188_6226,2.0,2.0,0.0,324,2,31,1,324,1,324,0,1,323,31,408,E West Expy W,W,Freeway,0.40877709247500005,0.0,8188,6226,W,2,65863,7,408,139500,65863,65,56,65.0,0.0067193263005799996
1293,1,19603.21861471861,60.6400117565018,4.077333376117031,0.0716592343712218,9.182227014806656,2.6276255647584232,0.2710620651305149,,,,,,,,8188_6226,5.0,5.0,0.0,324,2,31,1,324,1,324,0,1,323,31,408,E West Expy W,W,Freeway,0.40877709247500005,0.0,8188,6226,W,2,65863,7,408,139500,65863,65,56,65.0,0.0067193263005799996
1294,2,14295.971982758621,63.812606236959255,1.4696302124706644,0.023619071320637463,6.00684088303534,0.8955517551314934,0.14597042652391734,,,,,,,,8188_6226,0.0,0.0,0.0,324,2,31,1,324,1,324,0,1,323,31,408,E West Expy W,W,Freeway,0.40877709247500005,0.0,8188,6226,W,2,65863,7,408,139500,65863,65,56,65.0,0.0067193263005799996
1295,3,29701.24463519313,64.0305159389722,1.6316804596011043,0.025890170717243848,5.605473062299454,0.9267347365466928,0.15984071188603766,,,,,,,,8188_6226,3.0,3.0,0.0,324,2,31,1,324,1,324,0,1,323,31,408,E West Expy W,W,Freeway,0.40877709247500005,0.0,8188,6226,W,2,65863,7,408,139500,65863,65,56,65.0,0.0067193263005799996
1296,0,13330.66737739872,65.37204389819524,2.2721877746569104,0.03509106535011315,1.635673116355889,1.296281447155816,0.7859883736513066,14481.957264957266,67.58673423135427,2.09235244858607,0.031112597739941617,1.4711175139604515,1.1842801663868945,0.8040463129622124,6229_6177,1.0,1.0,0.0,325,2,32,1,325,1,325,0,1,324,32,408,E West Expy W,W,Freeway,0.315060560134,0.0,6229,6177,W,2,65863,7,408,139500,65863,55,88,55.0,0.00517066319789
1297,1,18732.67521367521,56.992308626710795,8.55433399690204,0.1659581218673946,12.467855687315119,5.5475774622899605,0.40235979421725704,19804.07264957265,56.75821571760086,11.161203043411458,0.2144436517904472,13.187835109625256,6.392262615145768,0.44754866679950456,6229_6177,7.0,6.0,1.0,325,2,32,1,325,1,325,0,1,324,32,408,E West Expy W,W,Freeway,0.315060560134,0.0,6229,6177,W,2,65863,7,408,139500,65863,55,88,55.0,0.00517066319789
1298,2,13801.908315565031,63.43461815849472,1.8524344017462568,0.030865292461031483,6.6410559548806525,1.1893339612611773,0.1653532866915562,14662.279914529914,67.0790484126191,2.0370439502910784,0.03294520034819064,6.376878834865665,1.1213344150397626,0.1590163342446667,6229_6177,0.0,0.0,0.0,325,2,32,1,325,1,325,0,1,324,32,408,E West Expy W,W,Freeway,0.315060560134,0.0,6229,6177,W,2,65863,7,408,139500,65863,55,88,55.0,0.00517066319789
1299,3,28830.275053304904,63.82877182402935,2.2007113120496937,0.035467031071033564,6.2111919136309135,1.3990221288034157,0.2032660309099841,30656.61620469083,67.30021508347708,2.4690210320120154,0.03776679216250952,5.914747011746509,1.391330756952462,0.2112402444002796,6229_6177,2.0,2.0,0.0,325,2,32,1,325,1,325,0,1,324,32,408,E West Expy W,W,Freeway,0.315060560134,0.0,6229,6177,W,2,65863,7,408,139500,65863,55,88,55.0,0.00517066319789
1300,0,,,,,,,,1611.471092077088,53.21102602724371,3.5442302172436557,0.06661749408365206,0.20506729037778992,0.23337930736795,1.2299648076587315,6226_6307,0.0,0.0,0.0,326,2,33,1,326,1,326,0,1,325,33,408,E West Expy W,W,Freeway,0.00281311804758,0.0,6226,6307,W,2,65863,7,408,139500,65863,65,53,65.0,4.6208600858e-05
1301,1,,,,,,,,2366.7995689655168,56.827080199398296,2.182806945430643,0.03870558257376815,0.9622655949232564,0.5595311306621213,0.5610473447438056,6226_6307,0.0,0.0,0.0,326,2,33,1,326,1,326,0,1,325,33,408,E West Expy W,W,Freeway,0.00281311804758,0.0,6226,6307,W,2,65863,7,408,139500,65863,65,53,65.0,4.6208600858e-05
1302,2,,,,,,,,1255.8451612903225,54.597067229136755,1.8991112586887384,0.03511700775845935,0.5181190925562149,0.2262081476431272,0.39316705621549336,6226_6307,0.0,0.0,0.0,326,2,33,1,326,1,326,0,1,325,33,408,E West Expy W,W,Freeway,0.00281311804758,0.0,6226,6307,W,2,65863,7,408,139500,65863,65,53,65.0,4.6208600858e-05
1303,3,,,,,,,,2638.0818965517237,54.99594461595329,1.9729189812723131,0.03608641981821172,0.44534045247824494,0.24418518195722164,0.47696931303827,6226_6307,0.0,0.0,0.0,326,2,33,1,326,1,326,0,1,325,33,408,E West Expy W,W,Freeway,0.00281311804758,0.0,6226,6307,W,2,65863,7,408,139500,65863,65,53,65.0,4.6208600858e-05
1304,0,14829.929032258064,63.56222109497258,2.4322246483875234,0.039055002657301004,1.9979669012309889,1.5608073575537662,0.7680440629991554,16287.565031982942,62.62277544242793,2.7153115863172004,0.04395179118653544,2.0014699398498186,1.5051629497830887,0.7501972196398652,6185_8318,3.0,3.0,0.0,327,2,34,1,327,1,327,0,1,326,34,408,E West Expy W,W,Freeway,0.600533409331,0.0,6185,8318,W,2,65863,9,408,93000,65863,55,82,55.0,0.009878677042870002
1305,1,18601.907127429804,47.35642177878867,14.201214676830507,0.3226282275964013,17.828603001786718,8.948864385197197,0.4827973347333169,20256.17094017094,52.928082530666934,8.231789490656611,0.1629803366142939,13.230611383568366,4.781942928899207,0.3463701428097585,6185_8318,26.0,20.0,6.0,327,2,34,1,327,1,327,0,1,326,34,408,E West Expy W,W,Freeway,0.600533409331,0.0,6185,8318,W,2,65863,9,408,93000,65863,55,82,55.0,0.009878677042870002
1306,2,14124.522580645162,62.56573770128779,2.7962891495187927,0.04989680473403873,7.519830418190857,1.5050784594441402,0.1758850810678557,16194.346153846154,60.16976546836956,2.835148130488527,0.05246036455596826,8.393197723085239,1.7886366986049025,0.1895440010012754,6185_8318,3.0,0.0,3.0,327,2,34,1,327,1,327,0,1,326,34,408,E West Expy W,W,Freeway,0.600533409331,0.0,6185,8318,W,2,65863,9,408,93000,65863,55,82,55.0,0.009878677042870002
1307,3,30349.445161290318,63.24884736547789,3.1836461789636346,0.05144210703798911,7.018165866805309,1.815795886921044,0.24194900655000395,33887.147121535185,61.24766391293284,2.4481912277677966,0.040838071216317065,7.366620587101889,1.493327684716103,0.1927740062334374,6185_8318,6.0,5.0,1.0,327,2,34,1,327,1,327,0,1,326,34,408,E West Expy W,W,Freeway,0.600533409331,0.0,6185,8318,W,2,65863,9,408,93000,65863,55,82,55.0,0.009878677042870002
1308,0,14481.957264957266,67.58673423135427,2.09235244858607,0.031112597739941617,1.4711175139604515,1.1842801663868945,0.8040463129622124,15573.833333333336,64.51715325066324,2.5174456854233824,0.03934884807412842,1.4384352615847251,1.086490396350452,0.7541683367028416,6177_8353,3.0,3.0,0.0,328,2,35,1,328,1,328,0,1,327,35,408,E West Expy W,W,Freeway,0.468851634629,0.0,6177,8353,W,2,65863,10,408,139500,65863,55,154,55.0,0.00771233397922
1309,1,19804.07264957265,56.75821571760086,11.161203043411458,0.2144436517904472,13.187835109625256,6.392262615145768,0.44754866679950456,21080.4021978022,50.25571428776582,11.46588641389205,0.2440694694539541,12.74401572676041,6.429114914625195,0.4761388676559932,6177_8353,22.0,16.0,6.0,328,2,35,1,328,1,328,0,1,327,35,408,E West Expy W,W,Freeway,0.468851634629,0.0,6177,8353,W,2,65863,10,408,139500,65863,55,154,55.0,0.00771233397922
1310,2,14662.279914529914,67.0790484126191,2.0370439502910784,0.03294520034819064,6.376878834865665,1.1213344150397626,0.1590163342446667,15819.818777292576,61.698074674015636,2.126840927962554,0.037556541419456184,5.620714886655724,1.0623593369178903,0.1679112731172208,6177_8353,2.0,1.0,1.0,328,2,35,1,328,1,328,0,1,327,35,408,E West Expy W,W,Freeway,0.468851634629,0.0,6177,8353,W,2,65863,10,408,139500,65863,55,154,55.0,0.00771233397922
1311,3,30656.61620469083,67.30021508347708,2.4690210320120154,0.03776679216250952,5.914747011746509,1.391330756952462,0.2112402444002796,32941.90064794816,62.056169747182636,2.5733707902391507,0.042397771942963715,5.170663283131575,1.3013373149157217,0.2321978217873521,6177_8353,8.0,6.0,2.0,328,2,35,1,328,1,328,0,1,327,35,408,E West Expy W,W,Freeway,0.468851634629,0.0,6177,8353,W,2,65863,10,408,139500,65863,55,154,55.0,0.00771233397922
1312,0,12006.9311827957,67.70438490657348,2.0637450159198387,0.030539725460688574,1.15200566792583,0.9666509306153398,0.8358828102760828,12379.087606837607,67.49545726773408,2.294237387552513,0.034054140447618536,1.4793340714143313,1.3027089512383696,0.8768550921396198,8427_6883,2.0,1.0,1.0,329,2,36,1,329,1,329,0,1,328,36,408,E West Expy W,W,Freeway,0.495471928455,0.0,8427,6883,W,2,65863,8,408,128500,65863,65,64,65.0,0.00814446820113
1313,1,18057.214750542294,57.36274923426427,12.420789613803194,0.2347852254943432,11.112230088922017,6.0514466429857166,0.5050670073709956,18795.394849785407,55.2497488181929,13.626283495016766,0.26517697269748153,14.901551369721794,7.634737459940503,0.4881675596361326,8427_6883,15.0,10.0,5.0,329,2,36,1,329,1,329,0,1,328,36,408,E West Expy W,W,Freeway,0.495471928455,0.0,8427,6883,W,2,65863,8,408,128500,65863,65,64,65.0,0.00814446820113
1314,2,13255.159482758621,67.45136258141636,1.5781431256645535,0.024004339995293344,5.141250428245591,0.8282324530923456,0.1566017688543266,13840.194860813705,67.19506372816765,2.2318711522469377,0.03434094652774991,7.0125411557550175,1.2387300286025391,0.1692364407211403,8427_6883,5.0,3.0,2.0,329,2,36,1,329,1,329,0,1,328,36,408,E West Expy W,W,Freeway,0.495471928455,0.0,8427,6883,W,2,65863,8,408,128500,65863,65,64,65.0,0.00814446820113
1315,3,26931.113978494624,67.58618700219732,1.7206270281944682,0.026333284093436618,4.735081654268662,0.8984106026993744,0.17757368914511326,27892.2094017094,67.93380760101218,2.450219768097498,0.037067599535948084,6.269809583948022,1.2899666119690705,0.1919432450310275,8427_6883,4.0,3.0,1.0,329,2,36,1,329,1,329,0,1,328,36,408,E West Expy W,W,Freeway,0.495471928455,0.0,8427,6883,W,2,65863,8,408,128500,65863,65,64,65.0,0.00814446820113
1316,0,10252.095948827293,64.39112201231076,2.0763036572174096,0.032271690284751964,1.1106596314455384,1.0015674735718094,0.906413594915364,12006.9311827957,67.70438490657348,2.0637450159198387,0.030539725460688574,1.15200566792583,0.9666509306153398,0.8358828102760828,8406_8427,1.0,1.0,0.0,330,2,37,1,330,1,330,0,1,329,37,408,E West Expy W,W,Freeway,0.18251842594599998,0.0,8406,8427,W,2,65863,8,408,128500,65863,65,64,65.0,0.00297172802503
1317,1,16588.19700214133,55.79626893565775,10.594131545399437,0.20506726622447194,11.410599299561108,6.483558923327097,0.5224513984753641,18057.214750542294,57.36274923426427,12.420789613803194,0.2347852254943432,11.112230088922017,6.0514466429857166,0.5050670073709956,8406_8427,9.0,5.0,4.0,330,2,37,1,330,1,330,0,1,329,37,408,E West Expy W,W,Freeway,0.18251842594599998,0.0,8406,8427,W,2,65863,8,408,128500,65863,65,64,65.0,0.00297172802503
1318,2,12074.539445629,63.65240124567606,1.780735280223514,0.028411440997004312,5.71846290393524,1.0285073564062897,0.17811226312975886,13255.159482758621,67.45136258141636,1.5781431256645535,0.024004339995293344,5.141250428245591,0.8282324530923456,0.1566017688543266,8406_8427,0.0,0.0,0.0,330,2,37,1,330,1,330,0,1,329,37,408,E West Expy W,W,Freeway,0.18251842594599998,0.0,8406,8427,W,2,65863,8,408,128500,65863,65,64,65.0,0.00297172802503
1319,3,24104.189765458417,64.32455651706776,1.740994129302165,0.027671149377810404,5.012041249857973,0.9729637647734066,0.18507769972787275,26931.113978494624,67.58618700219732,1.7206270281944682,0.026333284093436618,4.735081654268662,0.8984106026993744,0.17757368914511326,8406_8427,1.0,1.0,0.0,330,2,37,1,330,1,330,0,1,329,37,408,E West Expy W,W,Freeway,0.18251842594599998,0.0,8406,8427,W,2,65863,8,408,128500,65863,65,64,65.0,0.00297172802503
1320,0,11680.153846153846,63.765974348838604,2.345321279777609,0.036855544026357136,1.549328432017174,1.252377765875673,0.8118866306777583,11252.04264392324,65.62826545305593,2.038118331931032,0.031092042973391014,1.5587086675447572,1.3414645897351578,0.8638880738154047,8376_6256,1.0,1.0,0.0,331,2,38,1,331,1,331,0,1,330,38,408,E West Expy W,W,Freeway,0.146797621086,0.0,8376,6256,W,2,65863,7,408,128500,65863,65,52,65.0,0.00241487080107
1321,1,18690.776824034336,58.52224346873068,5.016132454334449,0.08929930384305047,10.871313982281826,3.2528979101345867,0.2865627795979992,17475.514957264957,59.760915446078435,5.416784396902691,0.09605902799485452,12.412205627225411,3.980033289829337,0.3043072550257581,8376_6256,1.0,0.0,1.0,331,2,38,1,331,1,331,0,1,330,38,408,E West Expy W,W,Freeway,0.146797621086,0.0,8376,6256,W,2,65863,7,408,128500,65863,65,52,65.0,0.00241487080107
1322,2,13398.861111111111,62.10247864495515,1.993311645962756,0.032913940808280626,6.835374731336688,1.1804088118815448,0.16748219581209065,12130.275053304906,64.53522658463807,1.820130509462504,0.028946648012164688,7.351896991647346,1.2596600059567582,0.16761767700620167,8376_6256,0.0,0.0,0.0,331,2,38,1,331,1,331,0,1,330,38,408,E West Expy W,W,Freeway,0.146797621086,0.0,8376,6256,W,2,65863,7,408,128500,65863,65,52,65.0,0.00241487080107
1323,3,27137.852564102563,63.26551525190508,1.9418729775206447,0.031159497041559257,6.034512982276867,1.141776947183436,0.18075715254720887,24950.816631130063,65.40734538923735,1.9643711620759703,0.030632889436132068,6.577465096648817,1.350723587602266,0.19565956849892285,8376_6256,1.0,0.0,1.0,331,2,38,1,331,1,331,0,1,330,38,408,E West Expy W,W,Freeway,0.146797621086,0.0,8376,6256,W,2,65863,7,408,128500,65863,65,52,65.0,0.00241487080107
1324,0,11936.425485961123,67.00284950961809,2.150144186509171,0.032155396264779056,1.234262610067452,1.0616076077254872,0.8645589504687908,10252.095948827293,64.39112201231076,2.0763036572174096,0.032271690284751964,1.1106596314455384,1.0015674735718094,0.906413594915364,6918_8406,4.0,2.0,2.0,332,2,39,1,332,1,332,0,1,331,39,408,E West Expy W,W,Freeway,0.517864622603,0.0,6918,8406,W,2,65863,8,408,128500,65863,65,115,65.0,0.00829181216929
1325,1,12055.3,63.94976314927042,4.889214966515934,0.0845752714376767,6.242300452925263,2.7800384939892946,0.3901354314365102,16588.19700214133,55.79626893565775,10.594131545399437,0.20506726622447194,11.410599299561108,6.483558923327097,0.5224513984753641,6918_8406,17.0,11.0,6.0,332,2,39,1,332,1,332,0,1,331,39,408,E West Expy W,W,Freeway,0.517864622603,0.0,6918,8406,W,2,65863,8,408,128500,65863,65,115,65.0,0.00829181216929
1326,2,14842.287878787878,62.27427742726627,4.975213894573043,0.08999793535384255,7.901200593090201,2.753644486597154,0.2784707118856134,12074.539445629,63.65240124567606,1.780735280223514,0.028411440997004312,5.71846290393524,1.0285073564062897,0.17811226312975886,6918_8406,6.0,5.0,1.0,332,2,39,1,332,1,332,0,1,331,39,408,E West Expy W,W,Freeway,0.517864622603,0.0,6918,8406,W,2,65863,8,408,128500,65863,65,115,65.0,0.00829181216929
1327,3,22881.622030237584,66.60706583401233,1.5731918842566228,0.02404769810978717,4.315099258327228,1.020674481976597,0.2306822881461827,24104.189765458417,64.32455651706776,1.740994129302165,0.027671149377810404,5.012041249857973,0.9729637647734066,0.18507769972787275,6918_8406,3.0,3.0,0.0,332,2,39,1,332,1,332,0,1,331,39,408,E West Expy W,W,Freeway,0.517864622603,0.0,6918,8406,W,2,65863,8,408,128500,65863,65,115,65.0,0.00829181216929
1328,0,12379.087606837607,67.49545726773408,2.294237387552513,0.034054140447618536,1.4793340714143313,1.3027089512383696,0.8768550921396198,11680.153846153846,63.765974348838604,2.345321279777609,0.036855544026357136,1.549328432017174,1.252377765875673,0.8118866306777583,6883_8376,4.0,1.0,3.0,333,2,40,1,333,1,333,0,1,332,40,408,E West Expy W,W,Freeway,0.650045276787,0.0,6883,8376,W,2,65863,8,408,128500,65863,65,61,65.0,0.010693451283
1329,1,18795.394849785407,55.2497488181929,13.626283495016766,0.26517697269748153,14.901551369721794,7.634737459940503,0.4881675596361326,18690.776824034336,58.52224346873068,5.016132454334449,0.08929930384305047,10.871313982281826,3.2528979101345867,0.2865627795979992,6883_8376,21.0,17.0,4.0,333,2,40,1,333,1,333,0,1,332,40,408,E West Expy W,W,Freeway,0.650045276787,0.0,6883,8376,W,2,65863,8,408,128500,65863,65,61,65.0,0.010693451283
1330,2,13840.194860813705,67.19506372816765,2.2318711522469377,0.03434094652774991,7.0125411557550175,1.2387300286025391,0.1692364407211403,13398.861111111111,62.10247864495515,1.993311645962756,0.032913940808280626,6.835374731336688,1.1804088118815448,0.16748219581209065,6883_8376,4.0,3.0,1.0,333,2,40,1,333,1,333,0,1,332,40,408,E West Expy W,W,Freeway,0.650045276787,0.0,6883,8376,W,2,65863,8,408,128500,65863,65,61,65.0,0.010693451283
1331,3,27892.2094017094,67.93380760101218,2.450219768097498,0.037067599535948084,6.269809583948022,1.2899666119690705,0.1919432450310275,27137.852564102563,63.26551525190508,1.9418729775206447,0.031159497041559257,6.034512982276867,1.141776947183436,0.18075715254720887,6883_8376,3.0,2.0,1.0,333,2,40,1,333,1,333,0,1,332,40,408,E West Expy W,W,Freeway,0.650045276787,0.0,6883,8376,W,2,65863,8,408,128500,65863,65,61,65.0,0.010693451283
1332,0,11252.04264392324,65.62826545305593,2.038118331931032,0.031092042973391014,1.5587086675447572,1.3414645897351578,0.8638880738154047,14246.14163090129,64.49467795794885,1.9931661389905728,0.03095600954190812,1.4759100092177435,1.1326932220000645,0.7714180398777085,6256_8188,3.0,2.0,1.0,334,2,41,1,334,1,334,0,1,333,41,408,E West Expy W,W,Freeway,0.33261490044799996,0.0,6256,8188,N,3,65863,6,436,60000,65863,65,52,65.0,0.005470482258989999
1333,1,17475.514957264957,59.760915446078435,5.416784396902691,0.09605902799485452,12.412205627225411,3.980033289829337,0.3043072550257581,19603.21861471861,60.6400117565018,4.077333376117031,0.0716592343712218,9.182227014806656,2.6276255647584232,0.2710620651305149,6256_8188,5.0,2.0,3.0,334,2,41,1,334,1,334,0,1,333,41,408,E West Expy W,W,Freeway,0.33261490044799996,0.0,6256,8188,N,3,65863,6,436,60000,65863,65,52,65.0,0.005470482258989999
1334,2,12130.275053304906,64.53522658463807,1.820130509462504,0.028946648012164688,7.351896991647346,1.2596600059567582,0.16761767700620167,14295.971982758621,63.812606236959255,1.4696302124706644,0.023619071320637463,6.00684088303534,0.8955517551314934,0.14597042652391734,6256_8188,0.0,0.0,0.0,334,2,41,1,334,1,334,0,1,333,41,408,E West Expy W,W,Freeway,0.33261490044799996,0.0,6256,8188,N,3,65863,6,436,60000,65863,65,52,65.0,0.005470482258989999
1335,3,24950.816631130063,65.40734538923735,1.9643711620759703,0.030632889436132068,6.577465096648817,1.350723587602266,0.19565956849892285,29701.24463519313,64.0305159389722,1.6316804596011043,0.025890170717243848,5.605473062299454,0.9267347365466928,0.15984071188603766,6256_8188,8.0,7.0,1.0,334,2,41,1,334,1,334,0,1,333,41,408,E West Expy W,W,Freeway,0.33261490044799996,0.0,6256,8188,N,3,65863,6,436,60000,65863,65,52,65.0,0.005470482258989999
1336,0,7778.311475409836,62.945283643266194,2.9913926421309354,0.04841235685766943,1.496766121047027,1.385379681228181,0.9308289031849242,5468.788461538462,64.89972384103802,4.294639688186968,0.06854043476943672,1.6658147256063227,1.5909472640097018,0.9060305575942096,8024_6971,0.0,0.0,0.0,335,2,42,1,335,1,335,0,1,334,42,408,E West Expy W,W,Freeway,0.1860583606,0.0,8024,6971,W,2,65863,5,408,74500,65863,65,79,65.0,0.0030606097926500005
1337,1,10786.868852459016,60.68993190072424,5.134618738451032,0.08987637079354406,9.808456608661528,3.84493592406058,0.36662720053590864,7756.635775862069,62.115873362296725,5.2413925663541265,0.08974638717098936,10.1300353485594,3.8250184474244486,0.35233277507332283,8024_6971,0.0,0.0,0.0,335,2,42,1,335,1,335,0,1,334,42,408,E West Expy W,W,Freeway,0.1860583606,0.0,8024,6971,W,2,65863,5,408,74500,65863,65,79,65.0,0.0030606097926500005
1338,2,9619.6,62.28175578279744,1.479926315050532,0.02381180570373329,7.842302096052094,1.44219279711276,0.1842745630121976,6101.876068376068,64.58571168425617,1.876996921077646,0.02938955781479875,6.946550705702898,1.3976361997024882,0.20003216875183288,8024_6971,0.0,0.0,0.0,335,2,42,1,335,1,335,0,1,334,42,408,E West Expy W,W,Freeway,0.1860583606,0.0,8024,6971,W,2,65863,5,408,74500,65863,65,79,65.0,0.0030606097926500005
1339,3,16555.081967213115,63.7368967672539,1.4723493378393735,0.023299723270306254,5.8183972047555175,1.0120722521880288,0.17449669525123887,11429.858974358976,65.56383644660832,1.5827584886541337,0.02429094679356297,5.597256224280686,1.0165166266749817,0.18060932877371336,8024_6971,0.0,0.0,0.0,335,2,42,1,335,1,335,0,1,334,42,408,E West Expy W,W,Freeway,0.1860583606,0.0,8024,6971,W,2,65863,5,408,74500,65863,65,79,65.0,0.0030606097926500005
1340,0,5529.401709401709,66.35409098351785,4.547057338453271,0.07123228007799923,2.0187879373765694,1.8000450690863947,0.8902607213530814,7778.311475409836,62.945283643266194,2.9913926421309354,0.04841235685766943,1.496766121047027,1.385379681228181,0.9308289031849242,8013_8024,4.0,3.0,1.0,336,2,43,1,336,1,336,0,1,335,43,408,E West Expy W,W,Freeway,0.433746144336,0.0,8013,8024,W,2,65863,5,408,74500,65863,65,70,65.0,0.0071354529158
1341,1,7462.829741379312,61.0954348027205,6.786022831455517,0.11591402085187665,10.72342444172366,3.9772335571435993,0.3673956713443757,10786.868852459016,60.68993190072424,5.134618738451032,0.08987637079354406,9.808456608661528,3.84493592406058,0.36662720053590864,8013_8024,9.0,8.0,1.0,336,2,43,1,336,1,336,0,1,335,43,408,E West Expy W,W,Freeway,0.433746144336,0.0,8013,8024,W,2,65863,5,408,74500,65863,65,70,65.0,0.0071354529158
1342,2,6943.439914163089,63.06156433314069,3.966895067121925,0.06464342632823165,9.28317228152808,2.4024952805767814,0.25852551745622665,9619.6,62.28175578279744,1.479926315050532,0.02381180570373329,7.842302096052094,1.44219279711276,0.1842745630121976,8013_8024,4.0,2.0,2.0,336,2,43,1,336,1,336,0,1,335,43,408,E West Expy W,W,Freeway,0.433746144336,0.0,8013,8024,W,2,65863,5,408,74500,65863,65,70,65.0,0.0071354529158
1343,3,11976.63539445629,65.01651868796475,3.28332381333382,0.05244935530412263,6.718000614640957,1.373775887087627,0.21415124376017972,16555.081967213115,63.7368967672539,1.4723493378393735,0.023299723270306254,5.8183972047555175,1.0120722521880288,0.17449669525123887,8013_8024,7.0,6.0,1.0,336,2,43,1,336,1,336,0,1,335,43,408,E West Expy W,W,Freeway,0.433746144336,0.0,8013,8024,W,2,65863,5,408,74500,65863,65,70,65.0,0.0071354529158
1344,0,6331.457081545063,64.81652257160998,3.902512531993727,0.06111350249776886,1.5796923586717635,1.3721566753405958,0.8381999203889241,5529.401709401709,66.35409098351785,4.547057338453271,0.07123228007799923,2.0187879373765694,1.8000450690863947,0.8902607213530814,8005_8013,0.0,0.0,0.0,337,2,44,1,337,1,337,0,1,336,44,408,E West Expy W,W,Freeway,0.346659844981,0.0,8005,8013,W,2,65863,4,408,82724,65863,65,60,65.0,0.00570252184562
1345,1,7967.960954446856,60.77762870091821,6.4612365049526,0.11257179577053328,8.832978138619419,3.4666373277491207,0.3630288661217753,7462.829741379312,61.0954348027205,6.786022831455517,0.11591402085187665,10.72342444172366,3.9772335571435993,0.3673956713443757,8005_8013,7.0,6.0,1.0,337,2,44,1,337,1,337,0,1,336,44,408,E West Expy W,W,Freeway,0.346659844981,0.0,8005,8013,W,2,65863,4,408,82724,65863,65,60,65.0,0.00570252184562
1346,2,7751.592672413794,60.88922644865463,2.831698172828483,0.04767290621503047,6.693695875390204,1.6398895263819981,0.23734062393784935,6943.439914163089,63.06156433314069,3.966895067121925,0.06464342632823165,9.28317228152808,2.4024952805767814,0.25852551745622665,8005_8013,1.0,1.0,0.0,337,2,44,1,337,1,337,0,1,336,44,408,E West Expy W,W,Freeway,0.346659844981,0.0,8005,8013,W,2,65863,4,408,82724,65863,65,60,65.0,0.00570252184562
1347,3,13181.119914346897,63.051863563644226,2.116377447263116,0.03384360435214233,5.1439445329026485,0.9847876385429712,0.1901820823145204,11976.63539445629,65.01651868796475,3.28332381333382,0.05244935530412263,6.718000614640957,1.373775887087627,0.21415124376017972,8005_8013,0.0,0.0,0.0,337,2,44,1,337,1,337,0,1,336,44,408,E West Expy W,W,Freeway,0.346659844981,0.0,8005,8013,W,2,65863,4,408,82724,65863,65,60,65.0,0.00570252184562
1348,0,5468.788461538462,64.89972384103802,4.294639688186968,0.06854043476943672,1.6658147256063227,1.5909472640097018,0.9060305575942096,10328.343347639486,64.87989863615543,2.210180965180755,0.03442775279825575,1.1858330488463609,1.0198422347325435,0.8497012343018026,6971_6258,1.0,1.0,0.0,338,2,45,1,338,1,338,0,1,337,45,408,E West Expy W,W,Freeway,0.7917728009620001,0.0,6971,6258,S,2,65863,6,417,69354,65863,70,0,70.0,0.013023779959799999
1349,1,7756.635775862069,62.115873362296725,5.2413925663541265,0.08974638717098936,10.1300353485594,3.8250184474244486,0.35233277507332283,15932.034557235422,63.54902066733228,4.817966360543052,0.08029379296575789,8.514999397775684,3.256979363144169,0.3555317244288665,6971_6258,4.0,3.0,1.0,338,2,45,1,338,1,338,0,1,337,45,408,E West Expy W,W,Freeway,0.7917728009620001,0.0,6971,6258,S,2,65863,6,417,69354,65863,70,0,70.0,0.013023779959799999
1350,2,6101.876068376068,64.58571168425617,1.876996921077646,0.02938955781479875,6.946550705702898,1.3976361997024882,0.20003216875183288,12462.230107526882,65.29396963410117,1.4492182907807003,0.02262871860290993,5.74747629702873,0.9717560464768492,0.1662857671991775,6971_6258,4.0,3.0,1.0,338,2,45,1,338,1,338,0,1,337,45,408,E West Expy W,W,Freeway,0.7917728009620001,0.0,6971,6258,S,2,65863,6,417,69354,65863,70,0,70.0,0.013023779959799999
1351,3,11429.858974358976,65.56383644660832,1.5827584886541337,0.02429094679356297,5.597256224280686,1.0165166266749817,0.18060932877371336,23980.02795698925,65.77055751500926,1.2748738482577833,0.019602985136420423,4.859964800490944,0.7977254118445926,0.16311455117346751,6971_6258,5.0,4.0,1.0,338,2,45,1,338,1,338,0,1,337,45,408,E West Expy W,W,Freeway,0.7917728009620001,0.0,6971,6258,S,2,65863,6,417,69354,65863,70,0,70.0,0.013023779959799999
1352,0,11306.053304904053,67.17062041109745,2.113678184196307,0.03150073297892874,1.3211617141817178,1.1176753420461194,0.8496104773120551,11936.425485961123,67.00284950961809,2.150144186509171,0.032155396264779056,1.234262610067452,1.0616076077254872,0.8645589504687908,6879_6918,3.0,2.0,1.0,339,2,46,1,339,1,339,0,1,338,46,408,E West Expy W,W,Freeway,0.324815536283,0.0,6879,6918,W,2,65863,5,408,74500,65863,65,67,65.0,0.005224882994899999
1353,1,13741.27408993576,63.10532636985972,6.63295675854392,0.1145557829290316,8.401064027154096,3.9555141217076937,0.4135550964594403,12055.3,63.94976314927042,4.889214966515934,0.0845752714376767,6.242300452925263,2.7800384939892946,0.3901354314365102,6879_6918,3.0,3.0,0.0,339,2,46,1,339,1,339,0,1,338,46,408,E West Expy W,W,Freeway,0.324815536283,0.0,6879,6918,W,2,65863,5,408,74500,65863,65,67,65.0,0.005224882994899999
1354,2,13959.100213219617,64.34572011009766,3.45407438803773,0.06128497966747465,7.4238984644948935,1.9747738223351083,0.22245728023968228,14842.287878787878,62.27427742726627,4.975213894573043,0.08999793535384255,7.901200593090201,2.753644486597154,0.2784707118856134,6879_6918,4.0,4.0,0.0,339,2,46,1,339,1,339,0,1,338,46,408,E West Expy W,W,Freeway,0.324815536283,0.0,6879,6918,W,2,65863,5,408,74500,65863,65,67,65.0,0.005224882994899999
1355,3,23410.85501066098,67.06621294653786,1.5565554319607056,0.0236234490382897,4.977043811817405,1.0012229133441826,0.1982631284653452,22881.622030237584,66.60706583401233,1.5731918842566228,0.02404769810978717,4.315099258327228,1.020674481976597,0.2306822881461827,6879_6918,3.0,3.0,0.0,339,2,46,1,339,1,339,0,1,338,46,408,E West Expy W,W,Freeway,0.324815536283,0.0,6879,6918,W,2,65863,5,408,74500,65863,65,67,65.0,0.005224882994899999
1356,0,6327.839743589742,61.4287126270152,3.5673827299126155,0.05917497604150596,1.3366069409243533,1.1540970606340868,0.8622229023938024,6331.457081545063,64.81652257160998,3.902512531993727,0.06111350249776886,1.5796923586717635,1.3721566753405958,0.8381999203889241,6308_8005,0.0,0.0,0.0,340,2,47,1,340,1,340,0,1,339,47,408,E West Expy W,W,Freeway,0.218825062291,0.0,6308,8005,W,2,65863,4,408,90000,65863,65,90,65.0,0.00359986760412
1357,1,7944.030237580992,57.70617316206639,5.570181483401455,0.10409629054432153,7.6261636051620805,3.739475578926692,0.4148860750542971,7967.960954446856,60.77762870091821,6.4612365049526,0.11257179577053328,8.832978138619419,3.4666373277491207,0.3630288661217753,6308_8005,4.0,4.0,0.0,340,2,47,1,340,1,340,0,1,339,47,408,E West Expy W,W,Freeway,0.218825062291,0.0,6308,8005,W,2,65863,4,408,90000,65863,65,90,65.0,0.00359986760412
1358,2,7731.027896995708,58.828428307476365,2.34536505591812,0.040897555177040926,6.188185448230523,1.4986748847449651,0.2316853913757055,7751.592672413794,60.88922644865463,2.831698172828483,0.04767290621503047,6.693695875390204,1.6398895263819981,0.23734062393784935,6308_8005,2.0,1.0,1.0,340,2,47,1,340,1,340,0,1,339,47,408,E West Expy W,W,Freeway,0.218825062291,0.0,6308,8005,W,2,65863,4,408,90000,65863,65,90,65.0,0.00359986760412
1359,3,13197.055674518204,60.23673520662304,1.7286820721709282,0.028901524139480182,4.550536284482983,0.7906606072619919,0.1728243322181293,13181.119914346897,63.051863563644226,2.116377447263116,0.03384360435214233,5.1439445329026485,0.9847876385429712,0.1901820823145204,6308_8005,0.0,0.0,0.0,340,2,47,1,340,1,340,0,1,339,47,408,E West Expy W,W,Freeway,0.218825062291,0.0,6308,8005,W,2,65863,4,408,90000,65863,65,90,65.0,0.00359986760412
1360,0,10328.343347639486,64.87989863615543,2.210180965180755,0.03442775279825575,1.1858330488463609,1.0198422347325435,0.8497012343018026,11306.053304904053,67.17062041109745,2.113678184196307,0.03150073297892874,1.3211617141817178,1.1176753420461194,0.8496104773120551,6258_6879,0.0,0.0,0.0,341,2,48,1,341,1,341,0,1,340,48,408,E West Expy W,W,Freeway,0.209349816692,0.0,6258,6879,W,2,65863,5,408,74500,65863,65,55,65.0,0.0034235927301999995
1361,1,15932.034557235422,63.54902066733228,4.817966360543052,0.08029379296575789,8.514999397775684,3.256979363144169,0.3555317244288665,13741.27408993576,63.10532636985972,6.63295675854392,0.1145557829290316,8.401064027154096,3.9555141217076937,0.4135550964594403,6258_6879,0.0,0.0,0.0,341,2,48,1,341,1,341,0,1,340,48,408,E West Expy W,W,Freeway,0.209349816692,0.0,6258,6879,W,2,65863,5,408,74500,65863,65,55,65.0,0.0034235927301999995
1362,2,12462.230107526882,65.29396963410117,1.4492182907807003,0.02262871860290993,5.74747629702873,0.9717560464768492,0.1662857671991775,13959.100213219617,64.34572011009766,3.45407438803773,0.06128497966747465,7.4238984644948935,1.9747738223351083,0.22245728023968228,6258_6879,0.0,0.0,0.0,341,2,48,1,341,1,341,0,1,340,48,408,E West Expy W,W,Freeway,0.209349816692,0.0,6258,6879,W,2,65863,5,408,74500,65863,65,55,65.0,0.0034235927301999995
1363,3,23980.02795698925,65.77055751500926,1.2748738482577833,0.019602985136420423,4.859964800490944,0.7977254118445926,0.16311455117346751,23410.85501066098,67.06621294653786,1.5565554319607056,0.0236234490382897,4.977043811817405,1.0012229133441826,0.1982631284653452,6258_6879,4.0,3.0,1.0,341,2,48,1,341,1,341,0,1,340,48,408,E West Expy W,W,Freeway,0.209349816692,0.0,6258,6879,W,2,65863,5,408,74500,65863,65,55,65.0,0.0034235927301999995
1364,0,4834.047222222222,55.846600816983525,3.471739496464643,0.0638501313890329,1.3770669664181967,1.221231830912244,0.901654286057516,6842.371967654986,64.03479396265406,2.976584887743357,0.046907399545652935,1.2898634074959323,1.1001669846583164,0.8580509949343824,8057_6045,0.0,0.0,0.0,342,2,49,1,342,1,342,0,1,341,49,408,E West Expy W,W,Freeway,0.21179336135899998,0.0,8057,6045,W,2,65863,5,408,79495,65863,65,122,65.0,0.00348295188912
1365,1,6125.411267605634,53.69364422957962,3.06894280288771,0.06024330398766154,7.2086784526268675,2.4871314568071887,0.3417912598486553,8765.847411444141,61.456620360011314,4.481884375619738,0.07923356482943987,7.041254667196584,2.557583266965446,0.3323809929039849,8057_6045,6.0,5.0,1.0,342,2,49,1,342,1,342,0,1,341,49,408,E West Expy W,W,Freeway,0.21179336135899998,0.0,8057,6045,W,2,65863,5,408,79495,65863,65,122,65.0,0.00348295188912
1366,2,6062.120111731843,53.77899281138632,2.045159786047353,0.037920278297456915,7.016061173248085,1.8138594876860168,0.2656063670429862,8428.394594594594,62.15885065939943,2.613388335544513,0.04306989815322828,6.2026241524378785,1.4429797755761793,0.2282937028371039,8057_6045,2.0,1.0,1.0,342,2,49,1,342,1,342,0,1,341,49,408,E West Expy W,W,Freeway,0.21179336135899998,0.0,8057,6045,W,2,65863,5,408,79495,65863,65,122,65.0,0.00348295188912
1367,3,10135.698324022347,54.556871134761245,1.9129687584481643,0.035344182339367834,4.918971919194789,1.1363742399945074,0.2459547775334533,14346.353099730459,63.49338027083245,1.9701097568263517,0.03138978073120657,4.5736792838379925,0.8309253836864318,0.17987472462950635,8057_6045,0.0,0.0,0.0,342,2,49,1,342,1,342,0,1,341,49,408,E West Expy W,W,Freeway,0.21179336135899998,0.0,8057,6045,W,2,65863,5,408,79495,65863,65,122,65.0,0.00348295188912
1368,0,5203.7035040431265,61.35520501510705,3.59822170915162,0.05943496611068736,1.5723544887431395,1.3153896440137365,0.8382459474091031,6280.3133514986375,64.30571327159124,3.0440024899668296,0.04782312776875783,1.1270458752788803,0.9870569242021128,0.8763130001025186,8043_6946,1.0,1.0,0.0,343,2,50,1,343,1,343,0,1,342,50,408,E West Expy W,W,Freeway,0.10719335292,0.0,8043,6946,W,2,65863,4,408,68419,65863,65,53,65.0,0.00175663349943
1369,1,6325.669398907105,59.118391277666795,3.852895371360205,0.07343197180423644,8.424714938642223,2.950838417569899,0.3137655404808351,7823.524725274725,62.3429506877949,3.990332543405901,0.07273435873957376,6.707718322244833,2.5088812474147097,0.3146586926642882,8043_6946,1.0,0.0,1.0,343,2,50,1,343,1,343,0,1,342,50,408,E West Expy W,W,Freeway,0.10719335292,0.0,8043,6946,W,2,65863,4,408,68419,65863,65,53,65.0,0.00175663349943
1370,2,5708.062330623306,60.65120176853035,2.1590120765290464,0.036513858336976165,6.4573568572208835,1.385188203613,0.2078396037910485,7274.4082191780835,63.564046096065205,2.1252319543468885,0.03445464267007232,5.382447649679985,1.291926842446737,0.226829811672464,8043_6946,2.0,1.0,1.0,343,2,50,1,343,1,343,0,1,342,50,408,E West Expy W,W,Freeway,0.10719335292,0.0,8043,6946,W,2,65863,4,408,68419,65863,65,53,65.0,0.00175663349943
1371,3,10556.459239130434,60.53048207219202,2.071270063057746,0.034686922452404144,5.5237235716490485,1.1074371912141587,0.1940234198505715,12792.119891008177,64.18596823694743,1.7626367690100908,0.027737217251924087,4.227782686500993,0.8538681971614958,0.19254190295716875,8043_6946,1.0,1.0,0.0,343,2,50,1,343,1,343,0,1,342,50,408,E West Expy W,W,Freeway,0.10719335292,0.0,8043,6946,W,2,65863,4,408,68419,65863,65,53,65.0,0.00175663349943
1372,0,6280.3133514986375,64.30571327159124,3.0440024899668296,0.04782312776875783,1.1270458752788803,0.9870569242021128,0.8763130001025186,4834.047222222222,55.846600816983525,3.471739496464643,0.0638501313890329,1.3770669664181967,1.221231830912244,0.901654286057516,6946_8057,1.0,1.0,0.0,344,2,51,1,344,1,344,0,1,343,51,408,E West Expy W,W,Freeway,0.7051978777879999,0.0,6946,8057,W,2,65863,4,408,70000,65863,65,55,65.0,0.011580182401
1373,1,7823.524725274725,62.3429506877949,3.990332543405901,0.07273435873957376,6.707718322244833,2.5088812474147097,0.3146586926642882,6125.411267605634,53.69364422957962,3.06894280288771,0.06024330398766154,7.2086784526268675,2.4871314568071887,0.3417912598486553,6946_8057,13.0,9.0,4.0,344,2,51,1,344,1,344,0,1,343,51,408,E West Expy W,W,Freeway,0.7051978777879999,0.0,6946,8057,W,2,65863,4,408,70000,65863,65,55,65.0,0.011580182401
1374,2,7274.4082191780835,63.564046096065205,2.1252319543468885,0.03445464267007232,5.382447649679985,1.291926842446737,0.226829811672464,6062.120111731843,53.77899281138632,2.045159786047353,0.037920278297456915,7.016061173248085,1.8138594876860168,0.2656063670429862,6946_8057,4.0,3.0,1.0,344,2,51,1,344,1,344,0,1,343,51,408,E West Expy W,W,Freeway,0.7051978777879999,0.0,6946,8057,W,2,65863,4,408,70000,65863,65,55,65.0,0.011580182401
1375,3,12792.119891008177,64.18596823694743,1.7626367690100908,0.027737217251924087,4.227782686500993,0.8538681971614958,0.19254190295716875,10135.698324022347,54.556871134761245,1.9129687584481643,0.035344182339367834,4.918971919194789,1.1363742399945074,0.2459547775334533,6946_8057,1.0,1.0,0.0,344,2,51,1,344,1,344,0,1,343,51,408,E West Expy W,W,Freeway,0.7051978777879999,0.0,6946,8057,W,2,65863,4,408,70000,65863,65,55,65.0,0.011580182401
1376,0,9651.064239828696,60.23782868848765,4.3705588564185085,0.07546541415448302,0.8406191982551559,0.8571392509414951,1.6134740111542485,6327.839743589742,61.4287126270152,3.5673827299126155,0.05917497604150596,1.3366069409243533,1.1540970606340868,0.8622229023938024,6306_6308,0.0,0.0,0.0,345,2,52,1,345,1,345,0,1,344,52,408,E West Expy W,W,Freeway,0.383520670377,0.0,6306,6308,W,2,65863,4,408,90000,65863,65,113,65.0,0.00630951160561
1377,1,8470.45788336933,60.17496664503312,3.9619440779839783,0.06874891433827086,3.710937172562172,1.5865638323157765,0.7569276501555133,7944.030237580992,57.70617316206639,5.570181483401455,0.10409629054432153,7.6261636051620805,3.739475578926692,0.4148860750542971,6306_6308,0.0,0.0,0.0,345,2,52,1,345,1,345,0,1,344,52,408,E West Expy W,W,Freeway,0.383520670377,0.0,6306,6308,W,2,65863,4,408,90000,65863,65,113,65.0,0.00630951160561
1378,2,11475.25376344086,59.7783594029699,2.7335047113032624,0.04784225826142013,3.826537374195533,0.9958779602251996,0.4107749911694725,7731.027896995708,58.828428307476365,2.34536505591812,0.040897555177040926,6.188185448230523,1.4986748847449651,0.2316853913757055,6306_6308,0.0,0.0,0.0,345,2,52,1,345,1,345,0,1,344,52,408,E West Expy W,W,Freeway,0.383520670377,0.0,6306,6308,W,2,65863,4,408,90000,65863,65,113,65.0,0.00630951160561
1379,3,16745.217204301076,61.39683020211639,2.4193591717147824,0.04054370211112165,2.5254166314717774,0.6514549370949573,0.6843762332792142,13197.055674518204,60.23673520662304,1.7286820721709282,0.028901524139480182,4.550536284482983,0.7906606072619919,0.1728243322181293,6306_6308,1.0,1.0,0.0,345,2,52,1,345,1,345,0,1,344,52,408,E West Expy W,W,Freeway,0.383520670377,0.0,6306,6308,W,2,65863,4,408,90000,65863,65,113,65.0,0.00630951160561
1380,0,6842.371967654986,64.03479396265406,2.976584887743357,0.046907399545652935,1.2898634074959323,1.1001669846583164,0.8580509949343824,9651.064239828696,60.23782868848765,4.3705588564185085,0.07546541415448302,0.8406191982551559,0.8571392509414951,1.6134740111542485,6045_6306,0.0,0.0,0.0,346,2,53,1,346,1,346,0,1,345,53,408,E West Expy W,W,Freeway,0.364528650905,0.0,6045,6306,W,2,65863,5,408,90000,65863,65,93,65.0,0.00599713404367
1381,1,8765.847411444141,61.456620360011314,4.481884375619738,0.07923356482943987,7.041254667196584,2.557583266965446,0.3323809929039849,8470.45788336933,60.17496664503312,3.9619440779839783,0.06874891433827086,3.710937172562172,1.5865638323157765,0.7569276501555133,6045_6306,6.0,3.0,3.0,346,2,53,1,346,1,346,0,1,345,53,408,E West Expy W,W,Freeway,0.364528650905,0.0,6045,6306,W,2,65863,5,408,90000,65863,65,93,65.0,0.00599713404367
1382,2,8428.394594594594,62.15885065939943,2.613388335544513,0.04306989815322828,6.2026241524378785,1.4429797755761793,0.2282937028371039,11475.25376344086,59.7783594029699,2.7335047113032624,0.04784225826142013,3.826537374195533,0.9958779602251996,0.4107749911694725,6045_6306,0.0,0.0,0.0,346,2,53,1,346,1,346,0,1,345,53,408,E West Expy W,W,Freeway,0.364528650905,0.0,6045,6306,W,2,65863,5,408,90000,65863,65,93,65.0,0.00599713404367
1383,3,14346.353099730459,63.49338027083245,1.9701097568263517,0.03138978073120657,4.5736792838379925,0.8309253836864318,0.17987472462950635,16745.217204301076,61.39683020211639,2.4193591717147824,0.04054370211112165,2.5254166314717774,0.6514549370949573,0.6843762332792142,6045_6306,0.0,0.0,0.0,346,2,53,1,346,1,346,0,1,345,53,408,E West Expy W,W,Freeway,0.364528650905,0.0,6045,6306,W,2,65863,5,408,90000,65863,65,93,65.0,0.00599713404367
1384,0,3471.751605995717,63.57142350543093,3.241492478786133,0.05112796823562454,1.0824661298573262,0.9346308037556871,0.8754160981190086,5203.7035040431265,61.35520501510705,3.59822170915162,0.05943496611068736,1.5723544887431395,1.3153896440137365,0.8382459474091031,6921_8043,6.0,4.0,2.0,347,2,54,1,347,1,347,0,1,346,54,408,E West Expy W,W,Freeway,1.06838052112,0.0,6921,8043,W,2,65863,4,408,68419,65863,65,79,65.0,0.0173560081869
1385,1,4553.941558441558,66.30151696556477,1.685334555099777,0.02748518657636861,5.631599243942832,1.3279747354030385,0.2087195391053013,6325.669398907105,59.118391277666795,3.852895371360205,0.07343197180423644,8.424714938642223,2.950838417569899,0.3137655404808351,6921_8043,2.0,2.0,0.0,347,2,54,1,347,1,347,0,1,346,54,408,E West Expy W,W,Freeway,1.06838052112,0.0,6921,8043,W,2,65863,4,408,68419,65863,65,79,65.0,0.0173560081869
1386,2,4536.431330472104,65.34651765452344,1.5212597522002125,0.023629120734813575,5.47609395948913,1.502250679762832,0.2686228449478801,5708.062330623306,60.65120176853035,2.1590120765290464,0.036513858336976165,6.4573568572208835,1.385188203613,0.2078396037910485,6921_8043,1.0,0.0,1.0,347,2,54,1,347,1,347,0,1,346,54,408,E West Expy W,W,Freeway,1.06838052112,0.0,6921,8043,W,2,65863,4,408,68419,65863,65,79,65.0,0.0173560081869
1387,3,7094.057815845826,65.51596617764086,1.5308311930091518,0.023482464443064698,3.7657517339782687,0.8783465148810401,0.2284741833612428,10556.459239130434,60.53048207219202,2.071270063057746,0.034686922452404144,5.5237235716490485,1.1074371912141587,0.1940234198505715,6921_8043,2.0,1.0,1.0,347,2,54,1,347,1,347,0,1,346,54,408,E West Expy W,W,Freeway,1.06838052112,0.0,6921,8043,W,2,65863,4,408,68419,65863,65,79,65.0,0.0173560081869
