,period,VolumeUp,AvgSpeedUp,StdSpeedUp,CoefOfVarSpeedUp,AvgOccupancyUp,StdOccupancyUp,CoefOfVarOccupancyUp,VolumeDown,AvgSpeedDown,StdSpeedDown,CoefOfVarSpeedDown,AvgOccupancyDown,StdOccupancyDown,CoefOfVarOccupancyDown,SegmentId,TotalCrashes,OCrashes,KABCCrashes,OBJECTID_1,Join_Count,TARGET_FID,Join_Cou_1,TARGET_F_1,Join_Cou_2,TARGET_F_2,OBJECTID_2,Join_Cou_3,TARGET_F_3,OBJECTID,RoadNumber,RouteId,Direction,Roadtype,Miles,Shape_Le_1,UpStationId,DownStationId,Direction_,F_System,Urban_Code,ThruLanes,Route_Numb,AADT,Urban_Co_1,Speed_Limi,IRI,SpeedLimit,Shape_Le_2,RuralUrban,AvgVolume,AvgSpeed,StdSpeed,CoefOfVarSpeed,AvgOccupancy,StdOccupancy,CoefOfVarOccupancy,LogVolume,LogSegLength,LaneNumber
0,0,8221.92750533049,61.50745707173986,2.7955118119786286,0.046419753582673945,1.2438131312201377,1.1041857010493985,0.8496352824540504,16455.08547008547,65.49276156519589,2.8453737242389585,0.04476475170569698,1.7522955981286037,1.5614840688099292,0.8676005173534541,5905_6014,0.0,0.0,0.0,253,2,14,1,253,1,253,0,1,252,14,408,E West Expy E,E,Freeway,0.427382923572,0.0,5905,6014,E,2,65863,6,408,66500,65863,65,86,65.0,0.00691155769553,1,12338.506487707979,63.50010931846788,2.8204427681087934,0.04559225264418546,1.4980543646743707,1.3328348849296638,0.8586178999037523,9.420480259965105,-0.8500748911021124,1
1,1,12173.914346895075,53.01337752044122,11.689193035961685,0.24973267256727705,13.008026653241815,8.74035804112264,0.5995768658344244,23160.620171673818,53.25584619654813,14.386270755108187,0.3014662887528397,18.577871514431404,11.410179215149196,0.5751302903506479,5905_6014,3.0,2.5,0.5,253,2,14,1,253,1,253,0,1,252,14,408,E West Expy E,E,Freeway,0.427382923572,0.0,5905,6014,E,2,65863,6,408,66500,65863,65,86,65.0,0.00691155769553,1,17667.267259284446,53.13461185849467,13.037731895534936,0.27559948066005835,15.79294908383661,10.075268628135918,0.5873535780925361,9.779468899096859,-0.8500748911021124,1
2,2,8883.786780383796,62.585019632620856,1.8774437951035725,0.0316987135965477,5.0814631163642945,1.045539466240376,0.17603601725845192,17733.852564102563,64.56117722150039,3.603932116632431,0.0638704937105063,8.176716380722787,2.4822441626270573,0.2364004368947849,5905_6014,0.0,0.0,0.0,253,2,14,1,253,1,253,0,1,252,14,408,E West Expy E,E,Freeway,0.427382923572,0.0,5905,6014,E,2,65863,6,408,66500,65863,65,86,65.0,0.00691155769553,1,13308.819672243179,63.57309842706062,2.740687955868002,0.04778460365352699,6.6290897485435405,1.7638918144337166,0.2062182270766184,9.496182227685512,-0.8500748911021124,1
3,3,19584.904051172707,62.49089738284847,1.6762298489972596,0.02717149779992058,4.988868381266527,1.0344459574602611,0.1958692974132916,38594.67307692308,65.59274110194892,2.1723943419141687,0.03378166464022974,7.426136514297192,1.72541753273025,0.2199838250408077,5905_6014,0.5,0.5,0.0,253,2,14,1,253,1,253,0,1,252,14,408,E West Expy E,E,Freeway,0.427382923572,0.0,5905,6014,E,2,65863,6,408,66500,65863,65,86,65.0,0.00691155769553,1,29089.788564047893,64.0418192423987,1.924312095455714,0.030476581220075162,6.2075024477818594,1.3799317450952555,0.20792656122704967,10.278142483124844,-0.8500748911021124,1
4,0,8723.275109170305,66.22163665842523,2.8208454071902596,0.04344246798173649,1.8672235193245577,1.6137749595610569,0.8393010383236771,8760.284796573877,63.6099085961306,2.8573079116398166,0.04581206794450243,1.3982363372694355,1.2109760512968206,0.8355981128675617,6011_8219,0.5,0.0,0.5,261,2,22,1,261,1,261,0,1,260,22,408,E West Expy E,E,Freeway,0.26447248069400003,0.0,6011,8219,E,2,65863,6,408,66500,65863,65,55,65.0,0.0042867675845,1,8741.77995287209,64.91577262727792,2.839076659415038,0.04462726796311946,1.6327299282969965,1.4123755054289386,0.8374495755956194,9.075869103849548,-1.3300180758414062,1
5,1,12802.628571428571,58.16979147997253,8.77902730455514,0.1598022505148567,13.970734967178625,5.784459796275487,0.3968868057868487,12781.572354211665,57.523911801646435,7.4864038126588,0.13777755704228156,9.861492225631695,4.5469236133557285,0.4296129190182103,6011_8219,2.0,1.5,0.5,261,2,22,1,261,1,261,0,1,260,22,408,E West Expy E,E,Freeway,0.26447248069400003,0.0,6011,8219,E,2,65863,6,408,66500,65863,65,55,65.0,0.0042867675845,1,12792.100462820119,57.84685164080948,8.13271555860697,0.14878990377856913,11.916113596405161,5.1656917048156075,0.4132498624025295,9.456583108049252,-1.3300180758414062,1
6,2,9649.179431072209,62.10287526533839,6.858934353281952,0.12894795151095026,9.935555431226929,4.084013518515942,0.3325550690192756,9692.811158798284,56.98981881926907,8.854330389741731,0.18060206984256508,8.979083451353699,5.2888482764615965,0.4816028042667379,6011_8219,1.0,0.5,0.5,261,2,22,1,261,1,261,0,1,260,22,408,E West Expy E,E,Freeway,0.26447248069400003,0.0,6011,8219,E,2,65863,6,408,66500,65863,65,55,65.0,0.0042867675845,1,9670.995294935246,59.54634704230373,7.856632371511841,0.15477501067675767,9.457319441290313,4.686430897488769,0.40707893664300676,9.1768865092041,-1.3300180758414062,1
7,3,20809.70588235294,65.84046391335707,2.2249062139130915,0.0343241843387381,7.735229951422911,1.5364711427608948,0.1930844730221966,20801.004282655245,62.66535056064679,2.007983165529608,0.03252844762984919,5.545796314332246,1.2248144175166393,0.2107031590520327,6011_8219,1.5,1.5,0.0,261,2,22,1,261,1,261,0,1,260,22,408,E West Expy E,E,Freeway,0.26447248069400003,0.0,6011,8219,E,2,65863,6,408,66500,65863,65,55,65.0,0.0042867675845,1,20805.355082504095,64.25290723700193,2.11644468972135,0.033426315984293645,6.640513132877578,1.380642780138767,0.20189381603711465,9.94296568844295,-1.3300180758414062,1
8,0,6719.696832579186,68.02593983830678,2.7178279455293657,0.04037628224398164,0.8899354539453818,0.7747939016445087,0.8641520453539097,6794.675965665236,65.79054512179742,2.6058367621572107,0.04019871823110476,1.1944632128188533,0.9605522373984948,0.7892517811027802,6068_8208,1.5,1.0,0.5,251,2,12,1,251,1,251,0,1,250,12,408,E West Expy E,E,Freeway,0.252460012189,0.0,6068,8208,E,2,65863,6,408,73500,65863,65,67,65.0,0.0041405043817800006,1,6757.186399122211,66.90824248005211,2.6618323538432884,0.0402875002375432,1.0421993333821176,0.8676730695215018,0.8267019132283449,8.818361869248674,-1.376502410376507,1
9,1,11752.179723502304,66.89306930785443,4.898615973401838,0.07881103395788451,7.095243507575263,3.2188665250723867,0.4095674056091541,11707.619870410366,64.25884898684754,5.264290161788392,0.08831768209304736,8.928694675733473,4.032952614212096,0.4116797169015141,6068_8208,3.5,2.5,1.0,251,2,12,1,251,1,251,0,1,250,12,408,E West Expy E,E,Freeway,0.252460012189,0.0,6068,8208,E,2,65863,6,408,73500,65863,65,67,65.0,0.0041405043817800006,1,11729.899796956335,65.57595914735099,5.081453067595115,0.08356435802546594,8.011969091654368,3.6259095696422414,0.4106235612553341,9.369896399152069,-1.376502410376507,1
10,2,7800.126984126982,69.68061778763435,1.4943144888289162,0.021640928662095483,3.9775632845870224,0.6706302066740492,0.16892823286825348,7814.9635193133045,66.96253167194052,1.3384787243341143,0.020245846148903675,4.8900308608846395,0.7187231456439055,0.14872502942927732,6068_8208,1.0,1.0,0.0,251,2,12,1,251,1,251,0,1,250,12,408,E West Expy E,E,Freeway,0.252460012189,0.0,6068,8208,E,2,65863,6,408,73500,65863,65,67,65.0,0.0041405043817800006,1,7807.545251720143,68.32157472978744,1.4163966065815152,0.02094338740549958,4.433797072735831,0.6946766761589773,0.15882663114876538,8.96284588507001,-1.376502410376507,1
11,3,17718.941309255082,69.5438435162724,1.2918784462911417,0.018691151031598928,4.120707505050612,0.8126883226077468,0.19437602583548225,17934.78540772532,66.92982121252822,1.1631371647077131,0.017530194871731082,5.048319381960245,0.8900619237416274,0.17570982572174712,6068_8208,1.0,1.0,0.0,251,2,12,1,251,1,251,0,1,250,12,408,E West Expy E,E,Freeway,0.252460012189,0.0,6068,8208,E,2,65863,6,408,73500,65863,65,67,65.0,0.0041405043817800006,1,17826.8633584902,68.23683236440031,1.2275078054994273,0.018110672951665005,4.584513443505429,0.8513751231746871,0.1850429257786147,9.788461776059648,-1.376502410376507,1
12,0,14181.8547008547,71.77095359015968,2.141487984774492,0.030009605525578683,1.9274813102261856,1.6110930422350622,0.8295517939131456,14487.356076759062,68.25912978999864,2.020156654410377,0.029782495123495963,1.8604947410105053,1.6261293298580994,0.8662888944559984,6218_6235,0.5,0.5,0.0,281,2,42,1,281,1,281,0,1,280,42,408,E West Expy E,E,Freeway,0.120153933304,0.0,6218,6235,E,2,65863,8,408,128500,65863,65,102,65.0,0.00197655978496,1,14334.605388806882,70.01504169007916,2.0808223195924347,0.02989605032453732,1.8939880256183454,1.6186111860465808,0.847920344184572,9.570431850126008,-2.118981580722923,2
13,1,8625.257510729614,71.67710175304303,1.3700100487747626,0.019288033915984104,4.860171028039725,1.4609005664301324,0.3010038792191411,8667.767094017094,67.88710881491876,1.3715253835355945,0.02038449625665095,4.7522527871000495,1.4907102581268048,0.31419329762288306,6218_6235,0.5,0.0,0.5,281,2,42,1,281,1,281,0,1,280,42,408,E West Expy E,E,Freeway,0.120153933304,0.0,6218,6235,E,2,65863,8,408,128500,65863,65,102,65.0,0.00197655978496,1,8646.512302373354,69.7821052839809,1.3707677161551786,0.01983626508631753,4.806211907569887,1.4758054122784685,0.30759858842101206,9.064911316580364,-2.118981580722923,2
14,2,18237.818376068368,66.07145995971719,5.91361482457683,0.0982532865455872,11.445843902104142,3.4031351214420527,0.2757472320729327,18358.737739872067,62.70426858252971,4.9649704883673405,0.08535217074248018,11.319722253144619,3.172588432967792,0.2626317373323608,6218_6235,0.5,0.5,0.0,281,2,42,1,281,1,281,0,1,280,42,408,E West Expy E,E,Freeway,0.120153933304,0.0,6218,6235,E,2,65863,8,408,128500,65863,65,102,65.0,0.00197655978496,1,18298.278057970216,64.38786427112345,5.439292656472086,0.09180272864403369,11.382783077624381,3.287861777204922,0.26918948470264675,9.814562239209398,-2.118981580722923,2
15,3,22654.07905982906,71.50206767141931,1.7570998447659107,0.02474337044952277,5.466011729919993,1.4333193706394862,0.2616661238317967,22836.84648187633,67.65707381153616,1.6977476100319098,0.02527449487502317,5.432889065632153,1.5330405888102052,0.2801847423223231,6218_6235,0.5,0.5,0.0,281,2,42,1,281,1,281,0,1,280,42,408,E West Expy E,E,Freeway,0.120153933304,0.0,6218,6235,E,2,65863,8,408,128500,65863,65,102,65.0,0.00197655978496,1,22745.462770852697,69.57957074147774,1.7274237273989104,0.02500893266227297,5.449450397776073,1.4831799797248457,0.2709254330770599,10.032120965844728,-2.118981580722923,2
16,0,5787.0877944325475,68.48099540011424,3.292226091455924,0.048913004291794335,2.026472070966115,1.6471391671064697,0.8054089442984554,6358.025751072962,67.80541330036951,3.0012624277514384,0.04706688612681193,1.4882704623666132,1.1581191812687806,0.7743890519129162,6225_8114,0.0,0.0,0.0,240,2,1,1,240,1,240,0,1,239,1,408,E West Expy E,E,Freeway,0.262477307822,0.0,6225,8114,E,2,65863,4,408,51146,65863,55,90,55.0,0.00425177483443,1,6072.556772752754,68.14320435024187,3.146744259603681,0.047989945209303136,1.7573712666663641,1.4026291741876251,0.7898989981056859,8.71153500998911,-1.3375906470795442,0
17,1,8821.09677419355,66.7150375932313,3.2044140814497304,0.049092613863168856,12.077078968428266,3.417766747411907,0.2815111286870072,10040.792207792209,65.67645528124626,2.201967588027032,0.03517005271728112,7.747674983547678,1.9821480547231127,0.2566278521311374,6225_8114,0.5,0.5,0.0,240,2,1,1,240,1,240,0,1,239,1,408,E West Expy E,E,Freeway,0.262477307822,0.0,6225,8114,E,2,65863,4,408,51146,65863,55,90,55.0,0.00425177483443,1,9430.944490992879,66.19574643723878,2.7031908347383813,0.04213133329022499,9.912376975987971,2.69995740106751,0.2690694904090723,9.151751528723667,-1.3375906470795442,0
18,2,7110.289079229124,67.39083942780866,2.231717444463421,0.0336264968493207,9.438074006567499,1.579373824861686,0.16645073000371755,7594.905376344086,66.55820808027559,1.9221525799242385,0.02960842699442595,6.113327971199424,1.0269505103742798,0.1681544878439847,6225_8114,0.0,0.0,0.0,240,2,1,1,240,1,240,0,1,239,1,408,E West Expy E,E,Freeway,0.262477307822,0.0,6225,8114,E,2,65863,4,408,51146,65863,55,90,55.0,0.00425177483443,1,7352.597227786605,66.97452375404212,2.0769350121938297,0.03161746192187333,7.775700988883461,1.303162167617983,0.16730260892385113,8.902808894113122,-1.3375906470795442,0
19,3,14356.295503211992,68.13676216016133,1.8143909564158207,0.026773617820471458,8.43884486616172,1.5025010415998616,0.17857581745200354,15714.422746781116,66.76128556428597,1.6664800022407755,0.025930419744184727,5.430258360159124,0.998846687665886,0.1844808520795954,6225_8114,0.5,0.0,0.5,240,2,1,1,240,1,240,0,1,239,1,408,E West Expy E,E,Freeway,0.262477307822,0.0,6225,8114,E,2,65863,4,408,51146,65863,55,90,55.0,0.00425177483443,1,15035.359124996554,67.44902386222364,1.7404354793282981,0.026352018782328093,6.934551613160422,1.2506738646328739,0.18152833476579947,9.61815998106996,-1.3375906470795442,0
20,0,17078.84434968017,66.04699239493497,2.082817030620648,0.03174921955407017,1.872134188033844,1.5091239010026176,0.811951692971164,18165.394396551725,64.24063693438315,2.044758598477918,0.031902646435883066,1.5598518511951118,1.2282443010244153,0.7931817020661156,6227_8355,4.0,2.5,1.5,274,2,35,1,274,1,274,0,1,273,35,408,E West Expy E,E,Freeway,0.3034056567,0.0,6227,8355,E,2,65863,10,408,137874,65863,55,154,55.0,0.00499103782101,1,17622.119373115947,65.14381466465906,2.063787814549283,0.031825932994976616,1.715993019614478,1.3686841010135165,0.8025666975186398,9.776910174499518,-1.192684567877633,2
21,1,10436.32264957265,66.92422268439485,1.213524596101843,0.0186286859854164,4.816348141020661,1.3309153223687882,0.2760128548341025,11263.294759825327,64.11763242159522,1.384158457217152,0.021794598911723514,4.014919864320419,1.1535607330399438,0.2881986914697912,6227_8355,1.0,1.0,0.0,274,2,35,1,274,1,274,0,1,273,35,408,E West Expy E,E,Freeway,0.3034056567,0.0,6227,8355,E,2,65863,10,408,137874,65863,55,154,55.0,0.00499103782101,1,10849.80870469899,65.52092755299503,1.2988415266594975,0.020211642448569957,4.41563400267054,1.2422380277043659,0.28210577315194685,9.29190272790986,-1.192684567877633,2
22,2,19707.739872068232,63.9602615890203,3.0027353747292693,0.05083163838684706,9.469941584911739,2.1438807901115395,0.2087868414272136,21818.409978308027,60.906330839496825,2.9503216982203457,0.05197081759255087,8.128696753723622,2.0089766434465246,0.22785182656238115,6227_8355,4.0,3.0,1.0,274,2,35,1,274,1,274,0,1,273,35,408,E West Expy E,E,Freeway,0.3034056567,0.0,6227,8355,E,2,65863,10,408,137874,65863,55,154,55.0,0.00499103782101,1,20763.074925188128,62.43329621425856,2.9765285364748078,0.05140122798969897,8.79931916931768,2.076428716779032,0.21831933399479736,9.940931444095098,-1.192684567877633,2
23,3,27018.02985074627,66.65149403814085,1.4357011016488106,0.0217844887771116,5.335593455671957,1.2527919178229463,0.2343458590287163,29261.20734341253,63.37059591589088,1.4829702077855726,0.023633978852226824,4.4869417777284415,1.0829114300524605,0.23918945125088675,6227_8355,1.5,1.5,0.0,274,2,35,1,274,1,274,0,1,273,35,408,E West Expy E,E,Freeway,0.3034056567,0.0,6227,8355,E,2,65863,10,408,137874,65863,55,154,55.0,0.00499103782101,1,28139.6185970794,65.01104497701587,1.4593356547171916,0.02270923381466921,4.911267616700199,1.1678516739377034,0.23676765513980152,10.244933776812468,-1.192684567877633,2
24,0,14487.356076759062,68.25912978999864,2.020156654410377,0.029782495123495963,1.8604947410105053,1.6261293298580994,0.8662888944559984,15518.948827292112,67.20313500778205,1.9999956299366044,0.02994277813857552,1.8010736599820734,1.476119618497882,0.8150232608817289,6235_6881,1.5,0.5,1.0,279,2,40,1,279,1,279,0,1,278,40,408,E West Expy E,E,Freeway,0.338968050653,0.0,6235,6881,E,2,65863,8,408,128500,65863,65,63,65.0,0.005576080111539999,1,15003.152452025588,67.73113239889034,2.0100761421734905,0.029862636631035742,1.8307842004962893,1.5511244741779908,0.8406560776688636,9.616015621471472,-1.0818494219044639,2
25,1,8667.767094017094,67.88710881491876,1.3715253835355945,0.02038449625665095,4.7522527871000495,1.4907102581268048,0.31419329762288306,9627.504273504272,66.44465480475755,1.4214837579129267,0.02150182208979157,4.6348422153042055,1.4254492214878922,0.30676184929516176,6235_6881,2.0,1.5,0.5,279,2,40,1,279,1,279,0,1,278,40,408,E West Expy E,E,Freeway,0.338968050653,0.0,6235,6881,E,2,65863,8,408,128500,65863,65,63,65.0,0.005576080111539999,1,9147.635683760684,67.16588180983815,1.3965045707242605,0.02094315917322126,4.6935475012021275,1.4580797398073484,0.3104775734590224,9.121250729662359,-1.0818494219044639,2
26,2,18358.737739872067,62.70426858252971,4.9649704883673405,0.08535217074248018,11.319722253144619,3.172588432967792,0.2626317373323608,19662.80170575693,61.46502698632763,4.3751839994502015,0.07512659321670652,10.189648699509636,2.6626903608183845,0.2483430801902167,6235_6881,0.0,0.0,0.0,279,2,40,1,279,1,279,0,1,278,40,408,E West Expy E,E,Freeway,0.338968050653,0.0,6235,6881,E,2,65863,8,408,128500,65863,65,63,65.0,0.005576080111539999,1,19010.769722814497,62.08464778442867,4.670077243908771,0.08023938197959335,10.754685476327127,2.9176393968930885,0.2554874087612887,9.852760925079094,-1.0818494219044639,2
27,3,22836.84648187633,67.65707381153616,1.6977476100319098,0.02527449487502317,5.432889065632153,1.5330405888102052,0.2801847423223231,24912.771855010666,66.0999852546727,1.6998239305299236,0.025901864037736533,5.1326877207535535,1.2999677539842267,0.2526744362251853,6235_6881,3.0,2.5,0.5,279,2,40,1,279,1,279,0,1,278,40,408,E West Expy E,E,Freeway,0.338968050653,0.0,6235,6881,E,2,65863,8,408,128500,65863,65,63,65.0,0.005576080111539999,1,23874.8091684435,66.87852953310443,1.6987857702809168,0.025588179456379853,5.282788393192853,1.416504171397216,0.2664295892737542,10.080579172372213,-1.0818494219044639,2
28,0,6436.545842217484,63.96737861496679,4.465804809441712,0.07683441760426102,3.008971571085452,2.7077449114165097,0.9060678507941636,6955.781584582442,63.439796035655014,3.1958506875220842,0.051282496618920016,2.178480082758377,1.81770635387752,0.8310847381789279,6269_8009,2.5,1.0,1.5,287,2,48,1,287,1,287,0,1,286,48,408,E West Expy E,E,Freeway,0.34751609822400004,0.0,6269,8009,E,2,65863,4,408,82794,65863,65,55,65.0,0.005716646731470001,1,6696.163713399963,63.703587325310906,3.830827748481898,0.06405845711159051,2.5937258269219146,2.262725632647015,0.8685762944865458,8.80929006130292,-1.0569442892258376,0
29,1,4790.142241379311,63.88167514514492,2.9019524476042564,0.0490189436503743,7.904566873138,3.1099089512624882,0.398776252158452,5218.473002159827,63.17004534555648,1.916657039844584,0.030542718629975683,5.460852227980057,1.9605676415226925,0.3561278064332501,6269_8009,0.5,0.5,0.0,287,2,48,1,287,1,287,0,1,286,48,408,E West Expy E,E,Freeway,0.34751609822400004,0.0,6269,8009,E,2,65863,4,408,82794,65863,65,55,65.0,0.005716646731470001,1,5004.307621769569,63.5258602453507,2.4093047437244204,0.03978083114017499,6.682709550559029,2.53523829639259,0.3774520292958511,8.518054344871056,-1.0569442892258376,0
30,2,7687.6873661670215,55.938620879458114,6.7371800871243925,0.1312865172334885,14.761004483851616,3.913775609819621,0.26241160782464545,8308.89224137931,59.122585763119524,3.7372834145218397,0.06594205178010057,9.57329634670189,2.201718854543473,0.2250171812373363,6269_8009,2.5,2.5,0.0,287,2,48,1,287,1,287,0,1,286,48,408,E West Expy E,E,Freeway,0.34751609822400004,0.0,6269,8009,E,2,65863,4,408,82794,65863,65,55,65.0,0.005716646731470001,1,7998.289803773166,57.53060332128882,5.237231750823116,0.09861428450679453,12.167150415276753,3.057747232181547,0.24371439453099086,8.986983023280587,-1.0569442892258376,0
31,3,10543.82905982906,63.89475755640254,2.6827101899391086,0.04635114572112015,7.7611358273431374,2.0835054545520943,0.2686334059612684,11491.991434689508,63.16302797143029,1.868675243376409,0.02988439793604687,5.26267708573156,1.2315597153904412,0.23553488816344265,6269_8009,1.0,1.0,0.0,287,2,48,1,287,1,287,0,1,286,48,408,E West Expy E,E,Freeway,0.34751609822400004,0.0,6269,8009,E,2,65863,4,408,82794,65863,65,55,65.0,0.005716646731470001,1,11017.910247259284,63.52889276391642,2.2756927166577587,0.03811777182858351,6.511906456537348,1.6575325849712677,0.2520841470623555,9.307277431989252,-1.0569442892258376,0
32,0,14889.839743589744,61.769768218140975,3.5977253159900133,0.06012704968908264,4.095876082005203,3.006167921853286,0.7257868710747291,17080.087420042644,62.12411145386819,2.4161863151395946,0.03967939455203257,2.290452659211013,1.6951242116337129,0.7317412781201225,6276_8307,1.5,0.5,1.0,267,2,28,1,267,1,267,0,1,266,28,408,E West Expy E,E,Freeway,0.198420056878,0.0,6276,8307,E,2,65863,6,408,93000,65863,55,148,55.0,0.00323042027528,1,15984.963581816195,61.94693983600458,3.0069558155648037,0.0499032221205576,3.193164370608108,2.3506460667434994,0.7287640745974258,9.679403783218978,-1.6173689961058506,1
33,1,10494.0,59.9306423504924,2.6976644759322137,0.04620633251629058,10.57689768050819,2.795266983627064,0.26249898998008314,11283.438709677419,61.819664337516,1.5234451194432757,0.025839225392026488,5.771856006373657,1.4586816893661834,0.249796620296258,6276_8307,0.5,0.5,0.0,267,2,28,1,267,1,267,0,1,266,28,408,E West Expy E,E,Freeway,0.198420056878,0.0,6276,8307,E,2,65863,6,408,93000,65863,55,148,55.0,0.00323042027528,1,10888.71935483871,60.875153344004204,2.110554797687745,0.036022778954158535,8.174376843440923,2.1269743364966236,0.2561478051381706,9.295482610741697,-1.6173689961058506,1
34,2,14443.93376068376,57.174883650388146,2.617170486580748,0.047142898876564816,14.825048962514824,2.3197095581221117,0.15361271167469515,18523.916666666668,60.018645166710826,1.5662507977589202,0.02688844516732281,9.441265442441717,1.4911494669099532,0.15617783064008695,6276_8307,0.0,0.0,0.0,267,2,28,1,267,1,267,0,1,266,28,408,E West Expy E,E,Freeway,0.198420056878,0.0,6276,8307,E,2,65863,6,408,93000,65863,55,148,55.0,0.00323042027528,1,16483.925213675215,58.59676440854949,2.091710642169834,0.037015672021943814,12.13315720247827,1.9054295125160325,0.15489527115739105,9.710140955544462,-1.6173689961058506,1
35,3,24502.88888888889,60.35862613580093,1.9723757577710432,0.03304367578562807,10.439614669730151,1.960693251255338,0.18676848380614267,28440.95948827292,61.34054586259264,1.2170318677322098,0.02007909868794651,6.2174307795652375,1.2478823552323834,0.20008846096746136,6276_8307,2.0,2.0,0.0,267,2,28,1,267,1,267,0,1,266,28,408,E West Expy E,E,Freeway,0.198420056878,0.0,6276,8307,E,2,65863,6,408,93000,65863,55,148,55.0,0.00323042027528,1,26471.924188580906,60.84958599919679,1.5947038127516264,0.02656138723678729,8.328522724647694,1.6042878032438608,0.193428472386802,10.183839985763141,-1.6173689961058506,1
36,0,8225.356984478936,59.324312432686995,2.9155783891558897,0.05005021037551608,0.9859369145944592,0.8210418733799633,0.8052683114014463,8221.92750533049,61.50745707173986,2.7955118119786286,0.046419753582673945,1.2438131312201377,1.1041857010493985,0.8496352824540504,6294_5905,0.0,0.0,0.0,250,2,11,1,250,1,250,0,1,249,11,408,E West Expy E,E,Freeway,0.327148275026,0.0,6294,5905,E,2,65863,6,408,66500,65863,65,63,65.0,0.00538212365509,1,8223.642244904713,60.41588475221343,2.855545100567259,0.04823498197909501,1.1148750229072983,0.9626137872146809,0.8274517969277484,9.0147684853996,-1.1173417704114532,1
37,1,12318.512304250558,54.736414604639705,6.724377638405612,0.13173218413235382,7.366949731459048,3.7413480955057596,0.4630557092041489,12173.914346895075,53.01337752044122,11.689193035961685,0.24973267256727705,13.008026653241815,8.74035804112264,0.5995768658344244,6294_5905,3.0,2.0,1.0,250,2,11,1,250,1,250,0,1,249,11,408,E West Expy E,E,Freeway,0.327148275026,0.0,6294,5905,E,2,65863,6,408,66500,65863,65,63,65.0,0.00538212365509,1,12246.213325572817,53.87489606254046,9.206785337183648,0.19073242834981544,10.187488192350433,6.2408530683142,0.5313162875192866,9.412972051906818,-1.1173417704114532,1
38,2,8878.416851441241,59.71691529172833,1.7222818156904984,0.029285000029134218,3.5866083712744774,0.6061658789544145,0.16512282413995175,8883.786780383796,62.585019632620856,1.8774437951035725,0.0316987135965477,5.0814631163642945,1.045539466240376,0.17603601725845192,6294_5905,0.0,0.0,0.0,250,2,11,1,250,1,250,0,1,249,11,408,E West Expy E,E,Freeway,0.327148275026,0.0,6294,5905,E,2,65863,6,408,66500,65863,65,63,65.0,0.00538212365509,1,8881.10181591252,61.15096746217459,1.7998628053970354,0.03049185681284096,4.334035743819386,0.8258526725973954,0.17057942069920184,9.09168090665766,-1.1173417704114532,1
39,3,19499.791574279374,59.463173494461536,1.5241314722764805,0.025843578566446125,3.6144128146802608,0.6485968354868832,0.17593310652522526,19584.904051172707,62.49089738284847,1.6762298489972596,0.02717149779992058,4.988868381266527,1.0344459574602611,0.1958692974132916,6294_5905,0.5,0.5,0.0,250,2,11,1,250,1,250,0,1,249,11,408,E West Expy E,E,Freeway,0.327148275026,0.0,6294,5905,E,2,65863,6,408,66500,65863,65,63,65.0,0.00538212365509,1,19542.34781272604,60.97703543865501,1.60018066063687,0.026507538183183355,4.301640597973394,0.8415213964735722,0.1859012019692584,9.880339072561338,-1.1173417704114532,1
40,0,6985.600427350429,64.26533517051656,3.5352332499608816,0.05577168459323754,1.6391857657620013,1.3022375356989222,0.79299901659516,7476.678800856531,64.70149611402165,3.085563212721389,0.04839538858750144,1.583941848393705,1.3479912401645362,0.8574157669696368,6303_6305,2.0,1.5,0.5,286,2,47,1,286,1,286,0,1,285,47,408,E West Expy E,E,Freeway,0.385135760689,0.0,6303,6305,E,2,65863,4,408,90000,65863,65,90,65.0,0.00633605252537,1,7231.13961410348,64.48341564226911,3.3103982313411353,0.05208353659036949,1.6115638070778533,1.325114387931729,0.8252073917823984,8.886151925705816,-0.9541593816857612,0
41,1,5158.574514038877,63.789333570547505,1.9894591340469097,0.03127871294110677,4.51812796637157,1.59764997153329,0.35201429596744066,7319.375809935205,63.660676948441754,2.6993974921272272,0.04503513673635335,6.3193580979717305,2.224439329013712,0.349689587490757,6303_6305,1.0,0.5,0.5,286,2,47,1,286,1,286,0,1,285,47,408,E West Expy E,E,Freeway,0.385135760689,0.0,6303,6305,E,2,65863,4,408,90000,65863,65,90,65.0,0.00633605252537,1,6238.975161987041,63.72500525949463,2.3444283130870684,0.03815692483873006,5.41874303217165,1.911044650273501,0.35085194172909884,8.738571211014072,-0.9541593816857612,0
42,2,8209.506437768241,59.986959376585645,2.9761900610604384,0.05093879459943823,6.622354651384293,1.3238255533877374,0.1986377465327352,9153.754838709678,62.56606668229744,2.403115247148872,0.03961412753371903,7.568248336400727,1.5308233713528985,0.19908330820888,6303_6305,3.0,2.5,0.5,286,2,47,1,286,1,286,0,1,285,47,408,E West Expy E,E,Freeway,0.385135760689,0.0,6303,6305,E,2,65863,4,408,90000,65863,65,90,65.0,0.00633605252537,1,8681.63063823896,61.276513029441546,2.6896526541046555,0.045276461066578635,7.09530149389251,1.427324462370318,0.19886052737080762,9.068964651558892,-0.9541593816857612,0
43,3,11393.132762312634,63.43353296414721,1.9395881071215213,0.030755072396287036,4.067226490270024,0.8769868458099636,0.2167036032153376,13806.576344086021,64.650863924568,1.7182970763350187,0.026749894236664937,4.918159118238607,0.9554666364848116,0.1961762697669784,6303_6305,1.0,0.5,0.5,286,2,47,1,286,1,286,0,1,285,47,408,E West Expy E,E,Freeway,0.385135760689,0.0,6303,6305,E,2,65863,4,408,90000,65863,65,90,65.0,0.00633605252537,1,12599.854553199328,64.04219844435761,1.82894259172827,0.028752483316475987,4.4926928042543155,0.9162267411473876,0.206439936491158,9.441440549476065,-0.9541593816857612,0
44,0,7476.678800856531,64.70149611402165,3.085563212721389,0.04839538858750144,1.583941848393705,1.3479912401645362,0.8574157669696368,7209.9594882729225,64.34795952268693,3.0814403086436988,0.04848121453005957,1.4736886976518409,1.3074386394994588,0.8933125667328043,6305_8077,0.0,0.0,0.0,292,2,53,1,292,1,292,0,1,291,53,408,E West Expy E,E,Freeway,0.142732433716,0.0,6305,8077,E,2,65863,4,408,90000,65863,65,60,65.0,0.00234816031831,1,7343.319144564726,64.5247278183543,3.0835017606825437,0.048438301558780504,1.528815273022773,1.3277149398319974,0.8753641668512206,8.901546218929145,-1.946783494298273,0
45,1,7319.375809935205,63.660676948441754,2.6993974921272272,0.04503513673635335,6.3193580979717305,2.224439329013712,0.349689587490757,5327.148387096774,64.51365781042028,1.5903124971852771,0.02475607270501171,4.360625609292213,1.694075032515879,0.38641176933571136,6305_8077,0.0,0.0,0.0,292,2,53,1,292,1,292,0,1,291,53,408,E West Expy E,E,Freeway,0.142732433716,0.0,6305,8077,E,2,65863,4,408,90000,65863,65,60,65.0,0.00234816031831,1,6323.26209851599,64.08716737943102,2.144854994656252,0.03489560472068253,5.339991853631972,1.9592571807647956,0.3680506784132342,8.751990508807298,-1.946783494298273,0
46,2,9153.754838709678,62.56606668229744,2.403115247148872,0.03961412753371903,7.568248336400727,1.5308233713528985,0.19908330820888,8524.970085470086,61.99357232711241,2.8217206582297805,0.04853952760589839,7.339101694524357,1.536163262956372,0.1914148265643102,6305_8077,2.5,2.0,0.5,292,2,53,1,292,1,292,0,1,291,53,408,E West Expy E,E,Freeway,0.142732433716,0.0,6305,8077,E,2,65863,4,408,90000,65863,65,60,65.0,0.00234816031831,1,8839.36246208988,62.279819504704925,2.6124179526893263,0.04407682756980871,7.453675015462542,1.5334933171546352,0.1952490673865951,9.08697003335785,-1.946783494298273,0
47,3,13806.576344086021,64.650863924568,1.7182970763350187,0.026749894236664937,4.918159118238607,0.9554666364848116,0.1961762697669784,11733.247863247863,64.941507359249,1.6791160722611689,0.02602464002174297,4.108991025410887,0.9436726663783864,0.2297482275798521,6305_8077,0.5,0.5,0.0,292,2,53,1,292,1,292,0,1,291,53,408,E West Expy E,E,Freeway,0.142732433716,0.0,6305,8077,E,2,65863,4,408,90000,65863,65,60,65.0,0.00234816031831,1,12769.912103666942,64.7961856419085,1.6987065742980938,0.026387267129203952,4.5135750718247465,0.949569651431599,0.21296224867341526,9.454847065969767,-1.946783494298273,0
48,0,13023.413646055436,61.91577034486668,2.3069173961381138,0.037557614062824034,1.4458950947198232,1.1212045410599767,0.7784615548005384,12479.542918454936,68.27630377764777,1.9106625891889712,0.028134846314449857,1.4547484787056948,1.1656770600883206,0.7518287039166972,6309_6301,1.0,0.5,0.5,271,2,32,1,271,1,271,0,1,270,32,408,E West Expy E,E,Freeway,0.315680897233,0.0,6309,6301,E,2,65863,7,408,133593,65863,65,81,65.0,0.00519002379719,1,12751.478282255186,65.09603706125722,2.1087899926635423,0.03284623018863694,1.4503217867127591,1.1434408005741488,0.7651451293586178,9.453402487571909,-1.1530233944887336,1
49,1,7646.987152034261,61.746023797855216,1.3265651558978606,0.021526689777879332,3.5468604545168634,1.02994354598704,0.2925057937309649,7194.1652173913035,67.65234320732527,1.2774110356345958,0.018969797196301826,3.6359471844185673,1.1750366871166325,0.2933595749228001,6309_6301,0.0,0.0,0.0,271,2,32,1,271,1,271,0,1,270,32,408,E West Expy E,E,Freeway,0.315680897233,0.0,6309,6301,E,2,65863,7,408,133593,65863,65,81,65.0,0.00519002379719,1,7420.576184712782,64.69918350259024,1.3019880957662282,0.02024824348709058,3.5914038194677156,1.1024901165518362,0.2929326843268825,8.912011986072844,-1.1530233944887336,1
50,2,15903.648187633262,58.907362725968284,2.8983217041122287,0.05203957544826983,6.8556068494077955,1.6764434819982987,0.2266591664670968,14344.308189655168,64.78092796938864,4.332150916676187,0.07477264888892794,7.804607045553013,2.5671363126445907,0.2697505376146914,6309_6301,0.5,0.5,0.0,271,2,32,1,271,1,271,0,1,270,32,408,E West Expy E,E,Freeway,0.315680897233,0.0,6309,6301,E,2,65863,7,408,133593,65863,65,81,65.0,0.00519002379719,1,15123.978188644214,61.84414534767846,3.6152363103942076,0.06340611216859889,7.330106947480404,2.121789897321445,0.2482048520408941,9.624036722841323,-1.1530233944887336,1
51,3,20408.79104477612,61.401768180748526,1.461114160493678,0.023901277535695768,3.793355709439804,0.8688136106174311,0.2288743758184494,18579.774678111597,67.65663592447807,1.5742562810200629,0.023425070252060715,4.092470451736389,1.1781375853533749,0.26183044725480625,6309_6301,0.0,0.0,0.0,271,2,32,1,271,1,271,0,1,270,32,408,E West Expy E,E,Freeway,0.315680897233,0.0,6309,6301,E,2,65863,7,408,133593,65863,65,81,65.0,0.00519002379719,1,19494.28286144386,64.5292020526133,1.5176852207568703,0.02366317389387824,3.9429130805880965,1.0234755979854029,0.24535241153662785,9.877876514971623,-1.1530233944887336,1
52,0,12430.18376068376,57.90592829624834,3.988340417370809,0.07069070682802503,1.964204855256794,1.6411989839266077,0.7867216791873862,14889.839743589744,61.769768218140975,3.5977253159900133,0.06012704968908264,4.095876082005203,3.006167921853286,0.7257868710747291,6679_6276,8.5,5.0,3.5,266,2,27,1,266,1,266,0,1,265,27,408,E West Expy E,E,Freeway,0.703751292215,0.0,6679,6276,W,3,65863,4,0,23980,65863,55,145,55.0,0.0115384523144,1,13660.011752136752,59.83784825719466,3.793032866680411,0.06540887825855383,3.0300404686309985,2.323683452889947,0.7562542751310577,9.52222799345653,-0.351330263345198,0
53,1,13666.908296943233,43.98515104230727,13.209560212447991,0.31722708159325513,13.317576114404366,7.359303447665626,0.5350819280071487,10494.0,59.9306423504924,2.6976644759322137,0.04620633251629058,10.57689768050819,2.795266983627064,0.26249898998008314,6679_6276,6.0,4.5,1.5,266,2,27,1,266,1,266,0,1,265,27,408,E West Expy E,E,Freeway,0.703751292215,0.0,6679,6276,W,3,65863,4,0,23980,65863,55,145,55.0,0.0115384523144,1,12080.454148471617,51.957896696399835,7.953612344190103,0.18171670705477286,11.947236897456278,5.077285215646345,0.3987904589936159,9.399344065854283,-0.351330263345198,0
54,2,15638.103896103896,32.07033793632258,12.336020093825937,0.40310442992401496,20.99602591466022,7.802847456993837,0.3844468155681723,14443.93376068376,57.174883650388146,2.617170486580748,0.047142898876564816,14.825048962514824,2.3197095581221117,0.15361271167469515,6679_6276,7.5,5.5,2.0,266,2,27,1,266,1,266,0,1,265,27,408,E West Expy E,E,Freeway,0.703751292215,0.0,6679,6276,W,3,65863,4,0,23980,65863,55,145,55.0,0.0115384523144,1,15041.018828393828,44.62261079335536,7.476595290203342,0.22512366440028989,17.91053743858752,5.061278507557974,0.2690297636214337,9.618536336459085,-0.351330263345198,0
55,3,26537.63440860215,55.963524105689174,6.118609588184563,0.11168629898867226,7.045349393036855,3.282824507095827,0.4522978809949608,24502.88888888889,60.35862613580093,1.9723757577710432,0.03304367578562807,10.439614669730151,1.960693251255338,0.18676848380614267,6679_6276,10.0,7.0,3.0,266,2,27,1,266,1,266,0,1,265,27,408,E West Expy E,E,Freeway,0.703751292215,0.0,6679,6276,W,3,65863,4,0,23980,65863,55,145,55.0,0.0115384523144,1,25520.26164874552,58.16107512074505,4.045492672977803,0.07236498738715016,8.742482031383503,2.6217588791755824,0.31953318240055173,10.147227990099958,-0.351330263345198,0
56,0,30857.144827586206,64.00759712845205,3.6022875109440737,0.05682785279393854,2.263076249801935,2.3090910229768498,1.0230664857084908,6170.266846361186,63.21723954410904,3.7123866759014295,0.059442182067203024,1.2452698874507315,1.203461981397146,0.9603108912930072,6690_8041,2.5,2.5,0.0,291,2,52,1,291,1,291,0,1,290,52,408,E West Expy E,E,Freeway,0.446478018899,0.0,6690,8041,E,2,65863,4,408,68516,65863,65,55,65.0,0.00732783498468,1,18513.705836973695,63.61241833628054,3.6573370934227514,0.058135017430570785,1.7541730686263333,1.756276502186998,0.991688688500749,9.826266592820671,-0.8063651096668828,0
57,1,20943.465277777777,64.12346428594982,2.0339335459972614,0.03185001656306726,6.304130665502193,2.797815400494033,0.44433005494034,4726.172131147541,63.66208616769361,1.9891138257523,0.03125818808211348,3.6976802529312818,1.5783580081683273,0.4282646105290426,6690_8041,0.0,0.0,0.0,291,2,52,1,291,1,291,0,1,290,52,408,E West Expy E,E,Freeway,0.446478018899,0.0,6690,8041,E,2,65863,4,408,68516,65863,65,55,65.0,0.00732783498468,1,12834.81870446266,63.89277522682171,2.0115236858747805,0.03155410232259037,5.000905459216737,2.1880867043311802,0.4362973327346913,9.459916968114921,-0.8063651096668828,0
58,2,36372.375,57.87699861754113,4.189941082361422,0.07451150535126844,12.567442921902554,2.6683000235167937,0.2110465877330011,7731.127371273713,59.14982304823057,3.409744852620076,0.058832931609030165,6.691581407508565,1.4452667429788724,0.2119057929040633,6690_8041,6.5,5.0,1.5,291,2,52,1,291,1,291,0,1,290,52,408,E West Expy E,E,Freeway,0.446478018899,0.0,6690,8041,E,2,65863,4,408,68516,65863,65,55,65.0,0.00732783498468,1,22051.75118563686,58.51341083288585,3.799842967490749,0.0666722184801493,9.62951216470556,2.056783383247833,0.2114761903185322,10.001147296571226,-0.8063651096668828,0
59,3,48733.220689655165,63.8238238053819,2.0643452149018966,0.03251392317904201,6.535111089271681,1.6804053557189405,0.2557573264125301,10319.915760869566,63.20954491781565,2.0056680395062974,0.03183274259261441,3.6143001235249903,0.9655862752602056,0.2681073107659282,6690_8041,2.5,1.0,1.5,291,2,52,1,291,1,291,0,1,290,52,408,E West Expy E,E,Freeway,0.446478018899,0.0,6690,8041,E,2,65863,4,408,68516,65863,65,55,65.0,0.00732783498468,1,29526.568225262366,63.51668436159878,2.0350066272040968,0.032173332885828215,5.074705606398336,1.322995815489573,0.26193231858922916,10.293045754820536,-0.8063651096668828,0
60,0,6054.368308351178,66.70675809960186,2.9959241140178867,0.04581825807764142,1.0070821524084943,0.8433046502247167,0.8152647151510231,6373.9936034115135,69.32832929358108,2.9787756190237578,0.04339947580465338,0.9017338400365904,0.7441499921536362,0.8227381910996683,6788_8144,0.5,0.5,0.0,246,2,7,1,246,1,246,0,1,245,7,408,E West Expy E,E,Freeway,0.32942483801600003,0.0,6788,8144,E,2,65863,4,408,73500,65863,65,90,65.0,0.00541623493582,1,6214.180955881346,68.01754369659147,2.9873498665208222,0.0446088669411474,0.9544079962225424,0.7937273211891764,0.8190014531253457,8.734589210205105,-1.1104070602683282,0
61,1,10236.205183585313,66.60354782363183,2.1740970962685755,0.03374105741079783,6.341271349770192,1.9135742145295802,0.2934958486609888,10970.241452991451,69.99467314355893,2.7124380805818267,0.04056754888188953,6.394364944204023,2.0880349293916187,0.3072519447168753,6788_8144,1.0,0.5,0.5,246,2,7,1,246,1,246,0,1,245,7,408,E West Expy E,E,Freeway,0.32942483801600003,0.0,6788,8144,E,2,65863,4,408,73500,65863,65,90,65.0,0.00541623493582,1,10603.223318288383,68.29911048359537,2.443267588425201,0.03715430314634368,6.367818146987108,2.0008045719605994,0.30037389668893205,9.268913320506169,-1.1104070602683282,0
62,2,6996.99357601713,67.07636274463356,1.3832180694363072,0.020831737640136416,4.028530093797484,0.6277563306574275,0.1568354055361426,7468.4029850746265,70.72352230330587,1.4793025128980826,0.02112669261646371,4.012071846517108,0.6285717296511771,0.15846177998803812,6788_8144,0.0,0.0,0.0,246,2,7,1,246,1,246,0,1,245,7,408,E West Expy E,E,Freeway,0.32942483801600003,0.0,6788,8144,E,2,65863,4,408,73500,65863,65,90,65.0,0.00541623493582,1,7232.698280545878,68.89994252396971,1.4312602911671948,0.02097921512830006,4.020300970157296,0.6281640301543023,0.15764859276209037,8.886367451689969,-1.1104070602683282,0
63,3,15762.927194860813,66.83696710018629,1.267867837911643,0.019097315934820173,4.175558841220777,0.7316901856924936,0.17918325229371165,16801.046908315566,70.50026162552906,1.2823948386467343,0.018284866120671768,4.1364916724544685,0.7241251345578261,0.17554024201927695,6788_8144,0.0,0.0,0.0,246,2,7,1,246,1,246,0,1,245,7,408,E West Expy E,E,Freeway,0.32942483801600003,0.0,6788,8144,E,2,65863,4,408,73500,65863,65,90,65.0,0.00541623493582,1,16281.987051588188,68.66861436285768,1.2751313382791887,0.018691091027745972,4.156025256837623,0.7279076601251598,0.1773617471564943,9.697814686874313,-1.1104070602683282,0
64,0,15518.948827292112,67.20313500778205,1.9999956299366044,0.02994277813857552,1.8010736599820734,1.476119618497882,0.8150232608817289,15494.115879828327,65.85040529841856,1.9635574893973071,0.02985785802922722,1.3317030573096065,1.1069517183351107,0.8378847105744706,6881_8431,2.5,2.5,0.0,278,2,39,1,278,1,278,0,1,277,39,408,E West Expy E,E,Freeway,0.687809032898,0.0,6881,8431,E,2,65863,8,408,128500,65863,65,61,65.0,0.011309096359899998,1,15506.532353560218,66.5267701531003,1.9817765596669559,0.029900318083901367,1.56638835864584,1.2915356684164965,0.8264539857280997,9.649016656290707,-0.3742440480402581,2
65,1,9627.504273504272,66.44465480475755,1.4214837579129267,0.02150182208979157,4.6348422153042055,1.4254492214878922,0.30676184929516176,9545.987041036717,65.28568709671312,1.2857456238713765,0.01975205397905442,3.5081220434875178,1.1085115137835186,0.3155429799805769,6881_8431,2.0,1.5,0.5,278,2,39,1,278,1,278,0,1,277,39,408,E West Expy E,E,Freeway,0.687809032898,0.0,6881,8431,E,2,65863,8,408,128500,65863,65,61,65.0,0.011309096359899998,1,9586.745657270494,65.86517095073533,1.3536146908921516,0.020626938034422997,4.071482129395862,1.2669803676357054,0.31115241463786936,9.16813676276476,-0.3742440480402581,2
66,2,19662.80170575693,61.46502698632763,4.3751839994502015,0.07512659321670652,10.189648699509636,2.6626903608183845,0.2483430801902167,19587.56652360515,61.10242468402752,3.803276419389135,0.06569027251214772,7.778307541704041,2.0995480560042683,0.2506183641383234,6881_8431,8.0,7.5,0.5,278,2,39,1,278,1,278,0,1,277,39,408,E West Expy E,E,Freeway,0.687809032898,0.0,6881,8431,E,2,65863,8,408,128500,65863,65,61,65.0,0.011309096359899998,1,19625.18411468104,61.28372583517758,4.089230209419668,0.07040843286442712,8.983978120606839,2.3811192084113264,0.24948072216427003,9.8845689242464,-0.3742440480402581,2
67,3,24912.771855010666,66.0999852546727,1.6998239305299236,0.025901864037736533,5.1326877207535535,1.2999677539842267,0.2526744362251853,24821.538626609443,64.72588097551616,1.4419186672938726,0.02240377753630016,3.8971092640231233,1.0066397031564618,0.2581139505839017,6881_8431,2.5,2.5,0.0,278,2,39,1,278,1,278,0,1,277,39,408,E West Expy E,E,Freeway,0.687809032898,0.0,6881,8431,E,2,65863,8,408,128500,65863,65,61,65.0,0.011309096359899998,1,24867.155240810054,65.41293311509443,1.5708712989118983,0.024152820787018345,4.514898492388339,1.1533037285703442,0.2553941934045435,10.121303145084484,-0.3742440480402581,2
68,0,4050.5610278372583,59.581035340531045,2.6750861989204284,0.04499752635345634,1.1917088156198918,1.0571684305385147,0.8934700303279286,4126.687366167022,60.2498446402641,3.1778641053824126,0.05293955773371229,0.5433862643863322,0.4987725652917597,0.9099296590445382,6970_8174,0.5,0.5,0.0,293,2,54,1,293,1,293,0,1,292,54,408,E West Expy E,E,Freeway,0.470339973172,0.0,6970,8174,E,2,65863,4,408,38500,65863,65,79,65.0,0.006869121948,1,4088.62419700214,59.91543999039757,2.9264751521514203,0.048968542043584314,0.8675475400031121,0.7779704979151372,0.9016998446862334,8.315963810296616,-0.7542994985930412,0
69,1,3733.7727272727284,59.910218559378755,1.4050857775941954,0.023507534246776943,4.310603538217814,1.804693802240793,0.4202951918602391,3725.816414686825,62.13043372665623,1.6841440387014135,0.027245004427777712,1.8619825334387856,0.8506400057040631,0.4542472665332911,6970_8174,0.5,0.5,0.0,293,2,54,1,293,1,293,0,1,292,54,408,E West Expy E,E,Freeway,0.470339973172,0.0,6970,8174,E,2,65863,4,408,38500,65863,65,79,65.0,0.006869121948,1,3729.794570979777,61.02032614301749,1.5446149081478044,0.025376269337277328,3.0862930358283,1.327666903972428,0.4372712291967651,8.22410843631684,-0.7542994985930412,0
70,2,5141.8669527897,59.950072140216854,1.6707832966548553,0.029424814204208036,6.139025045478022,1.1789212242210538,0.18361906974782508,5150.432258064516,60.27992552386881,2.585240900128835,0.044305534066116564,3.010680092275837,1.1676741307953369,0.3469088916662411,6970_8174,1.5,1.5,0.0,293,2,54,1,293,1,293,0,1,292,54,408,E West Expy E,E,Freeway,0.470339973172,0.0,6970,8174,E,2,65863,4,408,38500,65863,65,79,65.0,0.006869121948,1,5146.149605427108,60.11499883204283,2.128012098391845,0.0368651741351623,4.5748525688769295,1.1732976775081954,0.2652639807070331,8.54600406459693,-0.7542994985930412,0
71,3,6954.524625267666,60.2967731402785,1.5223645256248517,0.025360790903733103,3.538578300369872,0.9325913376090219,0.2612448997023936,6968.062231759654,62.21067308166775,1.775767497564489,0.028643366970676862,1.4403767061445565,0.4619326472466597,0.3149520618358575,6970_8174,0.5,0.5,0.0,293,2,54,1,293,1,293,0,1,292,54,408,E West Expy E,E,Freeway,0.470339973172,0.0,6970,8174,E,2,65863,4,408,38500,65863,65,79,65.0,0.006869121948,1,6961.29342851366,61.25372311097313,1.6490660115946705,0.027002078937204983,2.489477503257214,0.6972619924278408,0.2880984807691256,8.848120573492952,-0.7542994985930412,0
72,0,6955.781584582442,63.439796035655014,3.1958506875220842,0.051282496618920016,2.178480082758377,1.81770635387752,0.8310847381789279,6985.600427350429,64.26533517051656,3.5352332499608816,0.05577168459323754,1.6391857657620013,1.3022375356989222,0.79299901659516,8009_6303,1.0,0.5,0.5,284,2,45,1,284,1,284,0,1,283,45,408,E West Expy E,E,Freeway,0.21678514424400006,0.0,8009,6303,E,2,65863,4,408,90000,65863,65,87,65.0,0.00356640114547,1,6970.691005966435,63.85256560308579,3.365541968741483,0.05352709060607878,1.9088329242601891,1.559971944788221,0.8120418773870439,8.8494696388644,-1.5288485346242227,0
73,1,5218.473002159827,63.17004534555648,1.916657039844584,0.030542718629975683,5.460852227980057,1.9605676415226925,0.3561278064332501,5158.574514038877,63.789333570547505,1.9894591340469097,0.03127871294110677,4.51812796637157,1.59764997153329,0.35201429596744066,8009_6303,1.0,0.5,0.5,284,2,45,1,284,1,284,0,1,283,45,408,E West Expy E,E,Freeway,0.21678514424400006,0.0,8009,6303,E,2,65863,4,408,90000,65863,65,87,65.0,0.00356640114547,1,5188.523758099353,63.47968945805199,1.9530580869457468,0.030910715785541228,4.989490097175814,1.7791088065279912,0.3540710512003454,8.554204496026726,-1.5288485346242227,0
74,2,8308.89224137931,59.122585763119524,3.7372834145218397,0.06594205178010057,9.57329634670189,2.201718854543473,0.2250171812373363,8209.506437768241,59.986959376585645,2.9761900610604384,0.05093879459943823,6.622354651384293,1.3238255533877374,0.1986377465327352,8009_6303,1.0,0.5,0.5,284,2,45,1,284,1,284,0,1,283,45,408,E West Expy E,E,Freeway,0.21678514424400006,0.0,8009,6303,E,2,65863,4,408,90000,65863,65,87,65.0,0.00356640114547,1,8259.199339573775,59.55477256985259,3.356736737791139,0.0584404231897694,8.097825499043092,1.7627722039656053,0.21182746388503576,9.019082929561797,-1.5288485346242227,0
75,3,11491.991434689508,63.16302797143029,1.868675243376409,0.02988439793604687,5.26267708573156,1.2315597153904412,0.23553488816344265,11393.132762312634,63.43353296414721,1.9395881071215213,0.030755072396287036,4.067226490270024,0.8769868458099636,0.2167036032153376,8009_6303,1.0,1.0,0.0,284,2,45,1,284,1,284,0,1,283,45,408,E West Expy E,E,Freeway,0.21678514424400006,0.0,8009,6303,E,2,65863,4,408,90000,65863,65,87,65.0,0.00356640114547,1,11442.562098501072,63.29828046778875,1.9041316752489652,0.030319735166166952,4.664951788000792,1.0542732806002024,0.22611924568939012,9.345095199517752,-1.5288485346242227,0
76,0,5412.847682119204,56.363522654912025,5.650693984374766,0.10173744880250372,1.9086442771065453,1.7619876532174896,0.9071638352778228,7701.770491803279,64.73313610344817,3.251409679382574,0.05102264884054372,2.361964329750514,2.2249600490035744,0.9489477419197424,8033_8027,1.5,1.0,0.5,282,2,43,1,282,1,282,0,1,281,43,408,E West Expy E,E,Freeway,0.286919626549,0.0,8033,8027,S,2,65863,6,417,69354,65863,70,0,70.0,0.00472026513411,1,6557.3090869612415,60.5483293791801,4.4510518318786705,0.07638004882152372,2.1353043034285295,1.993473851110532,0.9280557885987826,8.788335597624688,-1.2485531493105584,1
77,1,3511.3370786516853,54.125756359310934,2.8461452669323815,0.05301183960866478,4.277037870624653,1.7073539764910652,0.3923528616039032,4996.016393442624,63.78756590757958,2.1290706830034614,0.03365880527681287,6.208977460002052,2.4605093860666862,0.3954747429256165,8033_8027,2.0,2.0,0.0,282,2,43,1,282,1,282,0,1,281,43,408,E West Expy E,E,Freeway,0.286919626549,0.0,8033,8027,S,2,65863,6,417,69354,65863,70,0,70.0,0.00472026513411,1,4253.676736047155,58.95666113344525,2.487607974967921,0.04333532244273883,5.243007665313353,2.0839316812788757,0.39391380226475986,8.35553900228675,-1.2485531493105584,1
78,2,7058.501108647452,44.8403433356459,8.08016782337021,0.19286399262366616,12.572483938432288,5.783505054071775,0.4308406251443704,8945.116666666667,50.2097795080434,10.597267561459477,0.22148277636492805,16.344587542087545,5.926833730980848,0.3530595940227935,8033_8027,2.0,0.5,1.5,282,2,43,1,282,1,282,0,1,281,43,408,E West Expy E,E,Freeway,0.286919626549,0.0,8033,8027,S,2,65863,6,417,69354,65863,70,0,70.0,0.00472026513411,1,8001.80888765706,47.52506142184465,9.338717692414843,0.20717338449429712,14.458535740259917,5.855169392526312,0.39195010958358195,8.987422906059876,-1.2485531493105584,1
79,3,8545.42,53.135464217682866,2.380722390656624,0.0450515966701657,4.584659675224966,1.3262513448673268,0.28335801732218235,11535.868852459016,63.609159285505896,1.7735951612874,0.028037846056582508,6.301568616351987,1.5105541143233798,0.24012184663745426,8033_8027,0.5,0.5,0.0,282,2,43,1,282,1,282,0,1,281,43,408,E West Expy E,E,Freeway,0.286919626549,0.0,8033,8027,S,2,65863,6,417,69354,65863,70,0,70.0,0.00472026513411,1,10040.644426229508,58.37231175159438,2.077158775972012,0.036544721363374104,5.443114145788476,1.4184027295953534,0.2617399319798183,9.214396577065328,-1.2485531493105584,1
80,0,6358.025751072962,67.80541330036951,3.0012624277514384,0.04706688612681193,1.4882704623666132,1.1581191812687806,0.7743890519129162,6717.660215053764,64.6360332685223,3.16903390080017,0.049665217995256916,1.0517740211670883,0.8238307111605104,0.7774134384682158,8114_8152,0.5,0.0,0.5,241,2,2,1,241,1,241,0,1,240,2,408,E West Expy E,E,Freeway,0.5765476459619999,0.0,8114,8152,E,2,65863,6,408,60500,65863,65,55,65.0,0.00945308858353,1,6537.842983063363,66.22072328444591,3.085148164275804,0.04836605206103442,1.2700222417668507,0.9909749462146455,0.775901245190566,8.7853625709455,-0.5506972957462031,1
81,1,10040.792207792209,65.67645528124626,2.201967588027032,0.03517005271728112,7.747674983547678,1.9821480547231127,0.2566278521311374,10311.453362255965,65.39611917320046,1.7324786208086371,0.02667770692241976,5.899265181618648,1.5610925426317417,0.2636223639545669,8114_8152,2.5,2.5,0.0,241,2,2,1,241,1,241,0,1,240,2,408,E West Expy E,E,Freeway,0.5765476459619999,0.0,8114,8152,E,2,65863,6,408,60500,65863,65,55,65.0,0.00945308858353,1,10176.122785024087,65.53628722722337,1.9672231044178345,0.03092387981985044,6.823470082583163,1.7716202986774272,0.26012510804285216,9.227799351645482,-0.5506972957462031,1
82,2,7594.905376344086,66.55820808027559,1.9221525799242385,0.02960842699442595,6.113327971199424,1.0269505103742798,0.1681544878439847,8030.827213822894,65.46319165333394,1.4705481647272685,0.02267492915616813,4.602403019429444,0.7119572250890567,0.1546613472516878,8114_8152,5.0,4.5,0.5,241,2,2,1,241,1,241,0,1,240,2,408,E West Expy E,E,Freeway,0.5765476459619999,0.0,8114,8152,E,2,65863,6,408,60500,65863,65,55,65.0,0.00945308858353,1,7812.86629508349,66.01069986680477,1.6963503723257536,0.02614167807529704,5.357865495314433,0.8694538677316682,0.16140791754783623,8.963527178716241,-0.5506972957462031,1
83,3,15714.422746781116,66.76128556428597,1.6664800022407755,0.025930419744184727,5.430258360159124,0.998846687665886,0.1844808520795954,16364.64935064935,65.7834632980991,1.2983994006879092,0.019864903672864653,4.1068436043708765,0.7112836627904884,0.17283277402557998,8114_8152,3.0,1.5,1.5,241,2,2,1,241,1,241,0,1,240,2,408,E West Expy E,E,Freeway,0.5765476459619999,0.0,8114,8152,E,2,65863,6,408,60500,65863,65,55,65.0,0.00945308858353,1,16039.536048715232,66.27237443119253,1.4824397014643425,0.02289766170852469,4.768550982265,0.8550651752281873,0.17865681305258768,9.682811956358492,-0.5506972957462031,1
84,0,6373.9936034115135,69.32832929358108,2.9787756190237578,0.04339947580465338,0.9017338400365904,0.7441499921536362,0.8227381910996683,12264.927038626609,64.20917760909714,2.7886787420001538,0.04394191963194918,1.0312605422738708,0.90565938145142,0.8791720439469123,8144_8146,0.5,0.5,0.0,242,2,3,1,242,1,242,0,1,241,3,408,E West Expy E,E,Freeway,0.794468178966,0.0,8144,8146,E,2,65863,4,408,73500,65863,65,77,65.0,0.0130467443582,1,9319.460321019062,66.76875345133911,2.883727180511956,0.04367069771830128,0.9664971911552306,0.824904686802528,0.8509551175232903,9.139860000532993,-0.23008234545503217,0
85,1,10970.241452991451,69.99467314355893,2.7124380805818267,0.04056754888188953,6.394364944204023,2.0880349293916187,0.3072519447168753,20360.53779697624,62.963675386034716,3.855809931756351,0.06483741805970372,7.6525837635043485,2.924391598610189,0.3592491694373767,8144_8146,1.0,0.5,0.5,242,2,3,1,242,1,242,0,1,241,3,408,E West Expy E,E,Freeway,0.794468178966,0.0,8144,8146,E,2,65863,4,408,73500,65863,65,77,65.0,0.0130467443582,1,15665.389624983847,66.47917426479682,3.2841240061690886,0.052702483470796625,7.023474353854185,2.5062132640009036,0.33325055707712603,9.659209075402794,-0.23008234545503217,0
86,2,7468.4029850746265,70.72352230330587,1.4793025128980826,0.02112669261646371,4.012071846517108,0.6285717296511771,0.15846177998803812,13991.478540772532,65.45385327826804,1.6978528838058338,0.026352581867046983,4.689176297690186,0.7232922723895467,0.15650323215406722,8144_8146,1.0,1.0,0.0,242,2,3,1,242,1,242,0,1,241,3,408,E West Expy E,E,Freeway,0.794468178966,0.0,8144,8146,E,2,65863,4,408,73500,65863,65,77,65.0,0.0130467443582,1,10729.94076292358,68.08868779078696,1.5885776983519582,0.023739637241755346,4.350624072103647,0.675932001020362,0.15748250607105269,9.280793314912728,-0.23008234545503217,0
87,3,16801.046908315566,70.50026162552906,1.2823948386467343,0.018284866120671768,4.1364916724544685,0.7241251345578261,0.17554024201927695,31732.916309012875,65.31599760830781,1.3154908518413655,0.020292554327926912,4.762632242418476,0.8362429987368293,0.17517907625700846,8144_8146,2.0,1.5,0.5,242,2,3,1,242,1,242,0,1,241,3,408,E West Expy E,E,Freeway,0.794468178966,0.0,8144,8146,E,2,65863,4,408,73500,65863,65,77,65.0,0.0130467443582,1,24266.98160866422,67.90812961691844,1.29894284524405,0.01928871022429934,4.449561957436472,0.7801840666473276,0.17535965913814272,10.09687192381147,-0.23008234545503217,0
88,0,12264.927038626609,64.20917760909714,2.7886787420001538,0.04394191963194918,1.0312605422738708,0.90565938145142,0.8791720439469123,6719.696832579186,68.02593983830678,2.7178279455293657,0.04037628224398164,0.8899354539453818,0.7747939016445087,0.8641520453539097,8146_6068,0.0,0.0,0.0,245,2,6,1,245,1,245,0,1,244,6,408,E West Expy E,E,Freeway,0.252243134747,0.0,8146,6068,E,2,65863,6,408,73500,65863,65,67,65.0,0.0041325401507100006,1,9492.311935602898,66.11755872370196,2.7532533437647597,0.04215910093796541,0.9605979981096262,0.8402266415479643,0.871662044650411,9.158237480016405,-1.3773618361861761,1
89,1,20360.53779697624,62.963675386034716,3.855809931756351,0.06483741805970372,7.6525837635043485,2.924391598610189,0.3592491694373767,11752.179723502304,66.89306930785443,4.898615973401838,0.07881103395788451,7.095243507575263,3.2188665250723867,0.4095674056091541,8146_6068,2.5,2.0,0.5,245,2,6,1,245,1,245,0,1,244,6,408,E West Expy E,E,Freeway,0.252243134747,0.0,8146,6068,E,2,65863,6,408,73500,65863,65,67,65.0,0.0041325401507100006,1,16056.358760239273,64.92837234694457,4.377212952579095,0.07182422600879412,7.373913635539806,3.071629061841288,0.3844082875232654,9.683860234536414,-1.3773618361861761,1
90,2,13991.478540772532,65.45385327826804,1.6978528838058338,0.026352581867046983,4.689176297690186,0.7232922723895467,0.15650323215406722,7800.126984126982,69.68061778763435,1.4943144888289162,0.021640928662095483,3.9775632845870224,0.6706302066740492,0.16892823286825348,8146_6068,1.0,0.5,0.5,245,2,6,1,245,1,245,0,1,244,6,408,E West Expy E,E,Freeway,0.252243134747,0.0,8146,6068,E,2,65863,6,408,73500,65863,65,67,65.0,0.0041325401507100006,1,10895.802762449757,67.5672355329512,1.596083686317375,0.023996755264571235,4.333369791138605,0.6969612395317979,0.16271573251116034,9.296132926394485,-1.3773618361861761,1
91,3,31732.916309012875,65.31599760830781,1.3154908518413655,0.020292554327926912,4.762632242418476,0.8362429987368293,0.17517907625700846,17718.941309255082,69.5438435162724,1.2918784462911417,0.018691151031598928,4.120707505050612,0.8126883226077468,0.19437602583548225,8146_6068,1.0,1.0,0.0,245,2,6,1,245,1,245,0,1,244,6,408,E West Expy E,E,Freeway,0.252243134747,0.0,8146,6068,E,2,65863,6,408,73500,65863,65,67,65.0,0.0041325401507100006,1,24725.928809133977,67.4299205622901,1.3036846490662537,0.01949185267976292,4.441669873734544,0.824465660672288,0.18477755104624535,10.115607721372157,-1.3773618361861761,1
92,0,6717.660215053764,64.6360332685223,3.16903390080017,0.049665217995256916,1.0517740211670883,0.8238307111605104,0.7774134384682158,6303.9806866952795,65.58099208414947,3.2912539538738512,0.050750313870335656,1.0165406422854546,0.845760359096766,0.8164141049168673,8152_8154,0.0,0.0,0.0,244,2,5,1,244,1,244,0,1,243,5,408,E West Expy E,E,Freeway,0.19067652346500005,0.0,8152,8154,E,2,65863,6,408,73500,65863,65,77,65.0,0.00312739818786,1,6510.820450874522,65.10851267633589,3.2301439273370107,0.050207765932796286,1.0341573317262713,0.8347955351286382,0.7969137716925415,8.78122075658179,-1.657176881111911,1
93,1,10311.453362255965,65.39611917320046,1.7324786208086371,0.02667770692241976,5.899265181618648,1.5610925426317417,0.2636223639545669,11066.442764578833,64.9667738736525,1.5937243573738586,0.024737792689561028,6.800983007911498,1.9985109594574368,0.29242348250215583,8152_8154,0.0,0.0,0.0,244,2,5,1,244,1,244,0,1,243,5,408,E West Expy E,E,Freeway,0.19067652346500005,0.0,8152,8154,E,2,65863,6,408,73500,65863,65,77,65.0,0.00312739818786,1,10688.9480634174,65.18144652342647,1.6631014890912479,0.025707749805990394,6.350124094765073,1.7798017510445892,0.27802292322836136,9.276965595380805,-1.657176881111911,1
94,2,8030.827213822894,65.46319165333394,1.4705481647272685,0.02267492915616813,4.602403019429444,0.7119572250890567,0.1546613472516878,7505.220302375809,65.37426458285145,1.3285085035215314,0.02042461806564637,4.3641379409617445,0.6822675553646417,0.1583255286548763,8152_8154,0.5,0.5,0.0,244,2,5,1,244,1,244,0,1,243,5,408,E West Expy E,E,Freeway,0.19067652346500005,0.0,8152,8154,E,2,65863,6,408,73500,65863,65,77,65.0,0.00312739818786,1,7768.023758099352,65.4187281180927,1.3995283341243998,0.02154977361090725,4.4832704801955945,0.6971123902268492,0.15649343795328205,8.957771068424176,-1.657176881111911,1
95,3,16364.64935064935,65.7834632980991,1.2983994006879092,0.019864903672864653,4.1068436043708765,0.7112836627904884,0.17283277402557998,16956.45788336933,65.1463526673429,1.1900688306542484,0.018395019817968927,4.595695602924355,0.8327304641573514,0.18096870469462029,8152_8154,0.5,0.0,0.5,244,2,5,1,244,1,244,0,1,243,5,408,E West Expy E,E,Freeway,0.19067652346500005,0.0,8152,8154,E,2,65863,6,408,73500,65863,65,77,65.0,0.00312739818786,1,16660.55361700934,65.464907982721,1.2442341156710788,0.01912996174541679,4.351269603647616,0.7720070634739199,0.17690073936010015,9.720799145481404,-1.657176881111911,1
96,0,7294.373390557941,65.74724796192646,2.8360426287319584,0.04390449828936305,0.8932061444184671,0.7754091554148038,0.8573163007180837,8225.356984478936,59.324312432686995,2.9155783891558897,0.05005021037551608,0.9859369145944592,0.8210418733799633,0.8052683114014463,8205_6294,2.5,1.5,1.0,249,2,10,1,249,1,249,0,1,248,10,408,E West Expy E,E,Freeway,0.654533766357,0.0,8205,6294,E,2,65863,6,408,66500,65863,65,65,65.0,0.0107680165062,1,7759.865187518439,62.53578019730673,2.875810508943924,0.04697735433243956,0.9395715295064632,0.7982255143973835,0.831292306059765,8.956720240283888,-0.42383210389038156,1
97,1,11535.987012987012,61.22323088610293,7.860984821875317,0.14131681225637055,7.5769141003130756,3.985209003100582,0.4738487909972791,12318.512304250558,54.736414604639705,6.724377638405612,0.13173218413235382,7.366949731459048,3.7413480955057596,0.4630557092041489,8205_6294,8.0,7.0,1.0,249,2,10,1,249,1,249,0,1,248,10,408,E West Expy E,E,Freeway,0.654533766357,0.0,8205,6294,E,2,65863,6,408,66500,65863,65,65,65.0,0.0107680165062,1,11927.249658618784,57.97982274537132,7.292681230140465,0.1365244981943622,7.471931915886062,3.8632785493031707,0.468452250100714,9.386580948582179,-0.42383210389038156,1
98,2,8152.81974248927,66.83472279487988,1.4500008506126023,0.02191240454499385,3.8450198450731454,0.5922757104021821,0.1557490212503818,8878.416851441241,59.71691529172833,1.7222818156904984,0.029285000029134218,3.5866083712744774,0.6061658789544145,0.16512282413995175,8205_6294,2.0,2.0,0.0,249,2,10,1,249,1,249,0,1,248,10,408,E West Expy E,E,Freeway,0.654533766357,0.0,8205,6294,E,2,65863,6,408,66500,65863,65,65,65.0,0.0107680165062,1,8515.618296965255,63.275819043304104,1.5861413331515504,0.025598702287064033,3.715814108173811,0.5992207946782984,0.16043592269516677,9.049657203140034,-0.42383210389038156,1
99,3,17991.587982832618,66.54336093460398,1.2822949678021585,0.019428277054129788,3.896647114172101,0.6905965079172939,0.1746672220198339,19499.791574279374,59.463173494461536,1.5241314722764805,0.025843578566446125,3.6144128146802608,0.6485968354868832,0.17593310652522526,8205_6294,1.5,1.5,0.0,249,2,10,1,249,1,249,0,1,248,10,408,E West Expy E,E,Freeway,0.654533766357,0.0,8205,6294,E,2,65863,6,408,66500,65863,65,65,65.0,0.0107680165062,1,18745.689778555996,63.003267214532755,1.4032132200393195,0.022635927810287955,3.755529964426181,0.6695966717020885,0.1753001642725296,9.838719126495436,-0.42383210389038156,1
100,0,6794.675965665236,65.79054512179742,2.6058367621572107,0.04019871823110476,1.1944632128188533,0.9605522373984948,0.7892517811027802,7294.373390557941,65.74724796192646,2.8360426287319584,0.04390449828936305,0.8932061444184671,0.7754091554148038,0.8573163007180837,8208_8205,2.0,2.0,0.0,248,2,9,1,248,1,248,0,1,247,9,408,E West Expy E,E,Freeway,0.492966891604,0.0,8208,8205,N,3,65863,6,435,35610,65863,65,110,65.0,0.00803485256424,1,7044.524678111588,65.76889654186195,2.7209396954445846,0.04205160826023391,1.0438346786186603,0.8679806964066493,0.823284040910432,8.860005952661528,-0.7073132641844366,1
101,1,11707.619870410366,64.25884898684754,5.264290161788392,0.08831768209304736,8.928694675733473,4.032952614212096,0.4116797169015141,11535.987012987012,61.22323088610293,7.860984821875317,0.14131681225637055,7.5769141003130756,3.985209003100582,0.4738487909972791,8208_8205,4.0,3.5,0.5,248,2,9,1,248,1,248,0,1,247,9,408,E West Expy E,E,Freeway,0.492966891604,0.0,8208,8205,N,3,65863,6,435,35610,65863,65,110,65.0,0.00803485256424,1,11621.803441698688,62.74103993647523,6.562637491831855,0.11481724717470895,8.252804388023275,4.009080808656339,0.4427642539493966,9.360638219886514,-0.7073132641844366,1
102,2,7814.9635193133045,66.96253167194052,1.3384787243341143,0.020245846148903675,4.8900308608846395,0.7187231456439055,0.14872502942927732,8152.81974248927,66.83472279487988,1.4500008506126023,0.02191240454499385,3.8450198450731454,0.5922757104021821,0.1557490212503818,8208_8205,1.5,1.0,0.5,248,2,9,1,248,1,248,0,1,247,9,408,E West Expy E,E,Freeway,0.492966891604,0.0,8208,8205,N,3,65863,6,435,35610,65863,65,110,65.0,0.00803485256424,1,7983.8916309012875,66.8986272334102,1.3942397874733583,0.021079125346948762,4.367525352978893,0.6554994280230437,0.15223702533982955,8.985181244615275,-0.7073132641844366,1
103,3,17934.78540772532,66.92982121252822,1.1631371647077131,0.017530194871731082,5.048319381960245,0.8900619237416274,0.17570982572174712,17991.587982832618,66.54336093460398,1.2822949678021585,0.019428277054129788,3.896647114172101,0.6905965079172939,0.1746672220198339,8208_8205,0.5,0.5,0.0,248,2,9,1,248,1,248,0,1,247,9,408,E West Expy E,E,Freeway,0.492966891604,0.0,8208,8205,N,3,65863,6,435,35610,65863,65,110,65.0,0.00803485256424,1,17963.18669527897,66.7365910735661,1.222716066254936,0.018479235962930433,4.4724832480661725,0.7903292158294606,0.1751885238707905,9.796079759038824,-0.7073132641844366,1
104,0,9199.630901287554,60.521990460657655,2.860845446140738,0.04795725523854159,1.5217939556196187,1.2793919210971063,0.8180580984296549,7861.944444444444,65.31937212399453,2.9794762318461103,0.04618132458415659,1.6111586354227831,1.2706795433664322,0.7741675626191151,8213_8169,0.0,0.0,0.0,259,2,20,1,259,1,259,0,1,258,20,408,E West Expy E,E,Freeway,0.282358229389,0.0,8213,8169,E,2,65863,6,408,84500,65863,55,71,55.0,0.0044210546512200005,1,8530.787672866,62.920681292326094,2.920160838993424,0.047069289911349094,1.566476295521201,1.2750357322317694,0.796112830524385,9.05143697770739,-1.2645786972317163,1
105,1,12502.132321041216,52.510266336901644,8.647545156829258,0.17544790003277302,11.129909083194585,5.557778396635643,0.4638186623977104,10822.522580645162,56.886274265268476,9.96091457734269,0.18674336948150466,11.030830285228916,5.593211643887156,0.4711975802891954,8213_8169,6.0,4.5,1.5,259,2,20,1,259,1,259,0,1,258,20,408,E West Expy E,E,Freeway,0.282358229389,0.0,8213,8169,E,2,65863,6,408,84500,65863,55,71,55.0,0.0044210546512200005,1,11662.32745084319,54.69827030108506,9.304229867085974,0.18109563475713886,11.08036968421175,5.5754950202614,0.4675081213434529,9.364119049834418,-1.2645786972317163,1
106,2,10666.18064516129,47.30042040107856,12.719080585237545,0.3102015820736574,13.703177398906426,8.108321464787675,0.5451666663061225,9199.845824411137,48.03221038929738,15.055460257664352,0.3526660887416282,15.073587935815349,8.59115859862526,0.5539066639429667,8213_8169,5.5,1.5,4.0,259,2,20,1,259,1,259,0,1,258,20,408,E West Expy E,E,Freeway,0.282358229389,0.0,8213,8169,E,2,65863,6,408,84500,65863,55,71,55.0,0.0044210546512200005,1,9933.013234786213,47.66631539518797,13.88727042145095,0.3314338354076428,14.388382667360887,8.349740031706467,0.5495366651245446,9.203619158620208,-1.2645786972317163,1
107,3,21797.482832618025,59.176662070178395,2.448981105702984,0.042175200309486016,6.2614224103666976,1.5762955910498788,0.2396945271128688,18670.32051282051,64.39755228701445,3.0023343627423444,0.047558306802240886,6.098333959627223,1.6847124839319143,0.2614536592270029,8213_8169,1.5,0.5,1.0,259,2,20,1,259,1,259,0,1,258,20,408,E West Expy E,E,Freeway,0.282358229389,0.0,8213,8169,E,2,65863,6,408,84500,65863,55,71,55.0,0.0044210546512200005,1,20233.90167271927,61.78710717859642,2.725657734222664,0.04486675355586345,6.17987818499696,1.6305040374908966,0.25057409316993584,9.915114777246233,-1.2645786972317163,1
108,0,9032.434968017058,62.60883433969033,2.9361515490131973,0.04748934282719903,1.5196473517823408,1.2662490291219846,0.8181636780144417,9324.533049040512,60.77567998516922,3.2586896030119386,0.054197623124720366,1.646042195906978,1.3194333565859448,0.7842578172813292,8242_8248,1.5,1.5,0.0,256,2,17,1,256,1,256,0,1,255,17,408,E West Expy E,E,Freeway,0.265859066452,0.0,8242,8248,S,3,65863,4,17,35500,65863,55,131,55.0,0.00437326939294,1,9178.484008528785,61.692257162429776,3.097420576012568,0.0508434829759597,1.5828447738446594,1.2928411928539647,0.8012107476478854,9.124617329294173,-1.3247889359759157,0
109,1,12106.55364806867,51.45314922567237,10.894792258737764,0.2244770004674695,12.505787677483525,6.722063486102673,0.5104774833208906,11543.134615384617,48.54200653870453,11.33942772925411,0.24712753915600946,12.769296981603105,6.748233247773403,0.5050410243614001,8242_8248,1.0,1.0,0.0,256,2,17,1,256,1,256,0,1,255,17,408,E West Expy E,E,Freeway,0.265859066452,0.0,8242,8248,S,3,65863,4,17,35500,65863,55,131,55.0,0.00437326939294,1,11824.844131726644,49.99757788218845,11.117109993995937,0.23580226981173946,12.637542329543315,6.735148366938038,0.5077592538411453,9.377958032023928,-1.3247889359759157,0
110,2,10278.904051172707,39.25698574020243,14.999170154928887,0.4156195474136216,18.997038760859414,9.323591514220206,0.5026292615793092,11567.113006396587,34.955286779693516,14.547046380365055,0.4503823791498675,21.07744532390214,9.425048599693293,0.4584992686835385,8242_8248,3.0,2.0,1.0,256,2,17,1,256,1,256,0,1,255,17,408,E West Expy E,E,Freeway,0.265859066452,0.0,8242,8248,S,3,65863,4,17,35500,65863,55,131,55.0,0.00437326939294,1,10923.008528784647,37.106136259947974,14.773108267646972,0.43300096328174453,20.037242042380775,9.37432005695675,0.48056426513142386,9.298626717652965,-1.3247889359759157,0
111,3,21445.925373134327,60.60834188920535,3.5224816348887837,0.059476376246279015,6.289747048708527,2.063780410502362,0.3076304328583602,22089.53091684435,58.00747169607319,4.291492820408677,0.0758319958501474,6.7834004057242465,2.4447007005577173,0.34087888156589513,8242_8248,1.5,1.0,0.5,256,2,17,1,256,1,256,0,1,255,17,408,E West Expy E,E,Freeway,0.265859066452,0.0,8242,8248,S,3,65863,4,17,35500,65863,55,131,55.0,0.00437326939294,1,21767.728144989338,59.30790679263927,3.90698722764873,0.0676541860482132,6.536573727216387,2.2542405555300395,0.32425465721212765,9.98818379163966,-1.3247889359759157,0
112,0,9324.533049040512,60.77567998516922,3.2586896030119386,0.054197623124720366,1.646042195906978,1.3194333565859448,0.7842578172813292,5005.232258064516,60.342550436602714,4.398245420620661,0.0740663862242249,7.333279692918082,3.0556265992165392,0.5930618035436758,8248_8267,2.5,2.0,0.5,255,2,16,1,255,1,255,0,1,254,16,408,E West Expy E,E,Freeway,0.211098484251,0.0,8248,8267,E,2,65863,6,408,85500,65863,55,95,55.0,0.0034724618233600004,1,7164.882653552514,60.55911521088596,3.8284675118163,0.06413200467447264,4.48966094441253,2.1875299779012423,0.6886598104125025,8.876946962396476,-1.555430504395232,1
113,1,11543.134615384617,48.54200653870453,11.33942772925411,0.24712753915600946,12.769296981603105,6.748233247773403,0.5050410243614001,6303.508733624454,50.16526511837629,11.050930484864711,0.2312160653468332,12.842499805382998,4.7766863740850285,0.41073882963766384,8248_8267,4.5,1.5,3.0,255,2,16,1,255,1,255,0,1,254,16,408,E West Expy E,E,Freeway,0.211098484251,0.0,8248,8267,E,2,65863,6,408,85500,65863,55,95,55.0,0.0034724618233600004,1,8923.321674504536,49.353635828540405,11.19517910705941,0.23917180225142132,12.805898393493052,5.762459810929215,0.45788992699953196,9.096423541290097,-1.555430504395232,1
114,2,11567.113006396587,34.955286779693516,14.547046380365055,0.4503823791498675,21.07744532390214,9.425048599693293,0.4584992686835385,6266.544468546637,35.839081856462215,13.665997828049756,0.4017128746943157,17.491391263157062,5.920048436110477,0.3521982271617061,8248_8267,6.5,4.5,2.0,255,2,16,1,255,1,255,0,1,254,16,408,E West Expy E,E,Freeway,0.211098484251,0.0,8248,8267,E,2,65863,6,408,85500,65863,55,95,55.0,0.0034724618233600004,1,8916.828737471613,35.39718431807786,14.106522104207405,0.42604762692209164,19.2844182935296,7.672548517901885,0.4053487479226223,9.095695639655899,-1.555430504395232,1
115,3,22089.53091684435,58.00747169607319,4.291492820408677,0.0758319958501474,6.7834004057242465,2.4447007005577173,0.34087888156589513,11155.088172043013,59.07475289438344,5.203093672551665,0.0899068379828162,9.830859429512325,3.4231778623236115,0.3782743037817456,8248_8267,3.5,2.5,1.0,255,2,16,1,255,1,255,0,1,254,16,408,E West Expy E,E,Freeway,0.211098484251,0.0,8248,8267,E,2,65863,6,408,85500,65863,55,95,55.0,0.0034724618233600004,1,16622.30954444368,58.54111229522832,4.7472932464801705,0.08286941691648181,8.307129917618285,2.933939281440664,0.35957659267382036,9.718501020514696,-1.555430504395232,1
116,0,5005.232258064516,60.342550436602714,4.398245420620661,0.0740663862242249,7.333279692918082,3.0556265992165392,0.5930618035436758,12430.18376068376,57.90592829624834,3.988340417370809,0.07069070682802503,1.964204855256794,1.6411989839266077,0.7867216791873862,8267_6679,0.0,0.0,0.0,254,2,15,1,254,1,254,0,1,253,15,408,E West Expy E,E,Freeway,0.226706669041,0.0,8267,6679,E,2,65863,6,408,87957,65863,55,79,55.0,0.00372922319199,1,8717.708009374139,59.12423936642553,4.193292918995735,0.07237854652612496,4.648742274087438,2.3484127915715733,0.689891741365531,9.073111639392078,-1.48409830398781,1
117,1,6303.508733624454,50.16526511837629,11.050930484864711,0.2312160653468332,12.842499805382998,4.7766863740850285,0.41073882963766384,13666.908296943233,43.98515104230727,13.209560212447991,0.31722708159325513,13.317576114404366,7.359303447665626,0.5350819280071487,8267_6679,3.0,3.0,0.0,254,2,15,1,254,1,254,0,1,253,15,408,E West Expy E,E,Freeway,0.226706669041,0.0,8267,6679,E,2,65863,6,408,87957,65863,55,79,55.0,0.00372922319199,1,9985.208515283844,47.07520808034178,12.130245348656352,0.27422157347004417,13.080037959893682,6.067994910875328,0.4729103788224063,9.208860128484535,-1.48409830398781,1
118,2,6266.544468546637,35.839081856462215,13.665997828049756,0.4017128746943157,17.491391263157062,5.920048436110477,0.3521982271617061,15638.103896103896,32.07033793632258,12.336020093825937,0.40310442992401496,20.99602591466022,7.802847456993837,0.3844468155681723,8267_6679,6.5,3.0,3.5,254,2,15,1,254,1,254,0,1,253,15,408,E West Expy E,E,Freeway,0.226706669041,0.0,8267,6679,E,2,65863,6,408,87957,65863,55,79,55.0,0.00372922319199,1,10952.324182325267,33.9547098963924,13.001008960937845,0.40240865230916534,19.24370858890864,6.861447946552158,0.3683225213649392,9.301306966815565,-1.48409830398781,1
119,3,11155.088172043013,59.07475289438344,5.203093672551665,0.0899068379828162,9.830859429512325,3.4231778623236115,0.3782743037817456,26537.63440860215,55.963524105689174,6.118609588184563,0.11168629898867226,7.045349393036855,3.282824507095827,0.4522978809949608,8267_6679,7.0,4.5,2.5,254,2,15,1,254,1,254,0,1,253,15,408,E West Expy E,E,Freeway,0.226706669041,0.0,8267,6679,E,2,65863,6,408,87957,65863,55,79,55.0,0.00372922319199,1,18846.36129032258,57.519138500036306,5.660851630368114,0.10079656848574423,8.43810441127459,3.3530011847097194,0.41528609238835323,9.844075139246355,-1.48409830398781,1
120,0,28002.99354838709,63.51166270506744,2.2729471855779426,0.036627959586185456,1.9696866010508207,1.5608921431832978,0.7798694471071558,8136.824786324786,63.06314961584302,3.517254527101528,0.056800956397677675,0.9913321456560572,0.8729484589962195,0.8526145014370731,8305_8315,2.0,1.5,0.5,265,2,26,1,265,1,265,0,1,264,26,408,E West Expy E,E,Freeway,0.4136987489,0.0,8305,8315,E,2,65863,9,408,93000,65863,55,135,55.0,0.00678774805983,1,18069.909167355938,63.28740616045523,2.8951008563397354,0.046714457991931566,1.480509373353439,1.2169203010897587,0.8162419742721144,9.802003356863953,-0.8826172296914494,2
121,1,18264.989130434784,63.20084512649967,1.4882429611820849,0.025379597712793682,4.954536530227601,1.2982428826136458,0.2599347230707529,5699.884120171673,63.69578718945029,1.6161425764224588,0.02758694329853821,2.3921691089365544,0.6842010448335487,0.3129536381911551,8305_8315,1.0,1.0,0.0,265,2,26,1,265,1,265,0,1,264,26,408,E West Expy E,E,Freeway,0.4136987489,0.0,8305,8315,E,2,65863,9,408,93000,65863,55,135,55.0,0.00678774805983,1,11982.436625303228,63.448316157974986,1.5521927688022719,0.026483270505665946,3.673352819582078,0.9912219637235973,0.286444180630954,9.391197242082034,-0.8826172296914494,2
122,2,30296.464362850973,61.70720213055139,1.8181333367538943,0.03039605029803947,7.957138801549783,1.2788227706787123,0.15782667973166425,9856.504273504272,62.31262491505734,2.2790777267907187,0.03831037635808359,4.217689915984988,0.982818509887075,0.2619814887705969,8305_8315,2.0,1.5,0.5,265,2,26,1,265,1,265,0,1,264,26,408,E West Expy E,E,Freeway,0.4136987489,0.0,8305,8315,E,2,65863,9,408,93000,65863,55,135,55.0,0.00678774805983,1,20076.484318177623,62.00991352280437,2.0486055317723064,0.03435321332806153,6.0874143587673855,1.1308206402828938,0.20990408425113058,9.907304474720622,-0.8826172296914494,2
123,3,46094.2623655914,62.742888267409924,1.4709827036470315,0.02390513151166201,5.2769575891518485,1.0904381450415088,0.202560453299249,14428.294871794873,63.40865628810976,1.6865717976877992,0.027456661171728517,2.505995080772702,0.5798742528819807,0.2536488703790515,8305_8315,4.0,3.0,1.0,265,2,26,1,265,1,265,0,1,264,26,408,E West Expy E,E,Freeway,0.4136987489,0.0,8305,8315,E,2,65863,9,408,93000,65863,55,135,55.0,0.00678774805983,1,30261.278618693137,63.07577227775984,1.5787772506674154,0.025680896341695264,3.891476334962275,0.8351561989617448,0.22810466183915024,10.3176242408678,-0.8826172296914494,2
124,0,17080.087420042644,62.12411145386819,2.4161863151395946,0.03967939455203257,2.290452659211013,1.6951242116337129,0.7317412781201225,28002.99354838709,63.51166270506744,2.2729471855779426,0.036627959586185456,1.9696866010508207,1.5608921431832978,0.7798694471071558,8307_8305,0.5,0.0,0.5,264,2,25,1,264,1,264,0,1,263,25,408,E West Expy E,E,Freeway,0.344094433515,0.0,8307,8305,E,2,65863,6,408,93000,65863,55,92,55.0,0.005659939656060001,1,22541.540484214867,62.81788707946781,2.3445667503587684,0.038153677069109014,2.130069630130917,1.6280081774085053,0.7558053626136392,10.023115129722227,-1.0668391432493936,1
125,1,11283.438709677419,61.819664337516,1.5234451194432757,0.025839225392026488,5.771856006373657,1.4586816893661834,0.249796620296258,18264.989130434784,63.20084512649967,1.4882429611820849,0.025379597712793682,4.954536530227601,1.2982428826136458,0.2599347230707529,8307_8305,2.0,1.5,0.5,264,2,25,1,264,1,264,0,1,263,25,408,E West Expy E,E,Freeway,0.344094433515,0.0,8307,8305,E,2,65863,6,408,93000,65863,55,92,55.0,0.005659939656060001,1,14774.213920056101,62.51025473200784,1.5058440403126803,0.025609411552410085,5.363196268300629,1.3784622859899147,0.25486567168350543,9.600638637478651,-1.0668391432493936,1
126,2,18523.916666666668,60.018645166710826,1.5662507977589202,0.02688844516732281,9.441265442441717,1.4911494669099532,0.15617783064008695,30296.464362850973,61.70720213055139,1.8181333367538943,0.03039605029803947,7.957138801549783,1.2788227706787123,0.15782667973166425,8307_8305,0.5,0.5,0.0,264,2,25,1,264,1,264,0,1,263,25,408,E West Expy E,E,Freeway,0.344094433515,0.0,8307,8305,E,2,65863,6,408,93000,65863,55,92,55.0,0.005659939656060001,1,24410.19051475882,60.86292364863111,1.6921920672564073,0.02864224773268114,8.69920212199575,1.3849861187943326,0.1570022551858756,10.102755968139785,-1.0668391432493936,1
127,3,28440.95948827292,61.34054586259264,1.2170318677322098,0.02007909868794651,6.2174307795652375,1.2478823552323834,0.20008846096746136,46094.2623655914,62.742888267409924,1.4709827036470315,0.02390513151166201,5.2769575891518485,1.0904381450415088,0.202560453299249,8307_8305,1.5,1.0,0.5,264,2,25,1,264,1,264,0,1,263,25,408,E West Expy E,E,Freeway,0.344094433515,0.0,8307,8305,E,2,65863,6,408,93000,65863,55,92,55.0,0.005659939656060001,1,37267.61092693216,62.04171706500128,1.3440072856896208,0.02199211509980426,5.747194184358543,1.169160250136946,0.20132445713335517,10.525879888646017,-1.0668391432493936,1
128,0,18051.518123667374,64.26997243655433,2.267512823652329,0.03605932356961568,1.7368305680283058,1.3924325026762272,0.7890228058203665,17009.137634408602,66.05392767370772,1.9838986911870429,0.030262446931717764,2.0038478296318467,1.5601542052547732,0.7857736951207134,8311_6252,1.0,0.5,0.5,263,2,24,1,263,1,263,0,1,262,24,408,E West Expy E,E,Freeway,0.668274090403,0.0,8311,6252,E,2,65863,10,408,125797,65863,55,62,55.0,0.0109930859307,1,17530.327879037988,65.16195005513103,2.125705757419686,0.033160885250666725,1.8703391988300764,1.4762933539655,0.7873982504705399,9.771687681621597,-0.40305687462711004,2
129,1,11669.457081545064,64.28644863827334,1.2265652888970042,0.02191393618354868,4.516229147974066,1.2413232337664175,0.27455672543961657,10365.287257019438,67.07677167652135,1.1251648390425837,0.01680688765048206,4.91680888252682,1.2550299848698565,0.2607249357811901,8311_6252,1.0,0.5,0.5,263,2,24,1,263,1,263,0,1,262,24,408,E West Expy E,E,Freeway,0.668274090403,0.0,8311,6252,E,2,65863,10,408,125797,65863,55,62,55.0,0.0109930859307,1,11017.372169282251,65.68161015739734,1.1758650639697938,0.01936041191701537,4.716519015250443,1.248176609318137,0.26764083061040334,9.30722859413304,-0.40305687462711004,2
130,2,20953.490364025696,62.44580105064429,2.311614980532352,0.039034450027252525,8.156088202466103,1.6951369781635477,0.19721500900498407,19527.187096774192,64.68916988493908,2.6845093348630003,0.0446311671071748,9.437065642911787,1.9273815664113576,0.1972132764198044,8311_6252,1.5,1.0,0.5,263,2,24,1,263,1,263,0,1,262,24,408,E West Expy E,E,Freeway,0.668274090403,0.0,8311,6252,E,2,65863,10,408,125797,65863,55,62,55.0,0.0109930859307,1,20240.338730399944,63.567485467791684,2.4980621576976763,0.041832808567213664,8.796576922688946,1.8112592722874528,0.19721414271239424,9.915432858953059,-0.40305687462711004,2
131,3,29819.67803837953,63.920124088166254,1.3232771959668694,0.021740370919573426,4.931455415494677,1.0680955424882086,0.21395516055196892,26807.8688172043,67.03652611713282,1.2936688798465847,0.019435646577236117,5.505496624450495,1.2674007649261074,0.2315136751721812,8311_6252,1.0,0.5,0.5,263,2,24,1,263,1,263,0,1,262,24,408,E West Expy E,E,Freeway,0.668274090403,0.0,8311,6252,E,2,65863,10,408,125797,65863,55,62,55.0,0.0109930859307,1,28313.773427791915,65.47832510264953,1.308473037906727,0.020588008748404774,5.218476019972586,1.1677481537071581,0.22273441786207504,10.251103658795984,-0.40305687462711004,2
132,0,8136.824786324786,63.06314961584302,3.517254527101528,0.056800956397677675,0.9913321456560572,0.8729484589962195,0.8526145014370731,18051.518123667374,64.26997243655433,2.267512823652329,0.03605932356961568,1.7368305680283058,1.3924325026762272,0.7890228058203665,8315_8311,3.0,0.5,2.5,262,2,23,1,262,1,262,0,1,261,23,408,E West Expy E,E,Freeway,0.22320902867,0.0,8315,8311,E,2,65863,9,408,93000,65863,55,82,55.0,0.00366282338764,1,13094.17145499608,63.66656102619867,2.8923836753769283,0.04643013998364667,1.3640813568421815,1.1326904808362235,0.8208186536287199,9.479922483080276,-1.4996465982626361,2
133,1,5699.884120171673,63.69578718945029,1.6161425764224588,0.02758694329853821,2.3921691089365544,0.6842010448335487,0.3129536381911551,11669.457081545064,64.28644863827334,1.2265652888970042,0.02191393618354868,4.516229147974066,1.2413232337664175,0.27455672543961657,8315_8311,1.0,1.0,0.0,262,2,23,1,262,1,262,0,1,261,23,408,E West Expy E,E,Freeway,0.22320902867,0.0,8315,8311,E,2,65863,9,408,93000,65863,55,82,55.0,0.00366282338764,1,8684.670600858368,63.991117913861814,1.4213539326597315,0.024750439741043448,3.4541991284553104,0.9627621392999831,0.29375518181538585,9.069314750593637,-1.4996465982626361,2
134,2,9856.504273504272,62.31262491505734,2.2790777267907187,0.03831037635808359,4.217689915984988,0.982818509887075,0.2619814887705969,20953.490364025696,62.44580105064429,2.311614980532352,0.039034450027252525,8.156088202466103,1.6951369781635477,0.19721500900498407,8315_8311,0.5,0.5,0.0,262,2,23,1,262,1,262,0,1,261,23,408,E West Expy E,E,Freeway,0.22320902867,0.0,8315,8311,E,2,65863,9,408,93000,65863,55,82,55.0,0.00366282338764,1,15404.997318764985,62.37921298285082,2.295346353661535,0.03867241319266806,6.186889059225546,1.3389777440253114,0.22959824888779048,9.642447236981093,-1.4996465982626361,2
135,3,14428.294871794873,63.40865628810976,1.6865717976877992,0.027456661171728517,2.505995080772702,0.5798742528819807,0.2536488703790515,29819.67803837953,63.920124088166254,1.3232771959668694,0.021740370919573426,4.931455415494677,1.0680955424882086,0.21395516055196892,8315_8311,0.5,0.5,0.0,262,2,23,1,262,1,262,0,1,261,23,408,E West Expy E,E,Freeway,0.22320902867,0.0,8315,8311,E,2,65863,9,408,93000,65863,55,82,55.0,0.00366282338764,1,22123.9864550872,63.66439018813801,1.5049244968273343,0.02459851604565097,3.718725248133689,0.8239848976850946,0.23380201546551022,10.004417658887261,-1.4996465982626361,2
136,0,16747.496801705758,63.03769361856153,2.0406395133209885,0.0324858730425376,1.2735300911330785,1.0221663034719994,0.8032507583813226,,,,,,,,8348_7102,0.5,0.0,0.5,269,2,30,1,269,1,269,0,1,268,30,408,E West Expy E,E,Freeway,0.313002872394,0.0,8348,7102,E,2,65863,7,408,133593,65863,65,53,65.0,0.0051300477358,1,16747.496801705758,63.03769361856153,2.0406395133209885,0.0324858730425376,1.2735300911330785,1.0221663034719994,0.8032507583813226,9.726004081410961,-1.1615429115064564,1
137,1,10471.337606837607,63.67319812803095,1.2580842548951443,0.01983087704587887,3.3081458421608856,0.9317663894197079,0.2846393010278379,,,,,,,,8348_7102,1.0,1.0,0.0,269,2,30,1,269,1,269,0,1,268,30,408,E West Expy E,E,Freeway,0.313002872394,0.0,8348,7102,E,2,65863,7,408,133593,65863,65,53,65.0,0.0051300477358,1,10471.337606837607,63.67319812803095,1.2580842548951443,0.01983087704587887,3.3081458421608856,0.9317663894197079,0.2846393010278379,9.25639705184941,-1.1615429115064564,1
138,2,20466.006396588487,61.31619581549137,3.19115100465898,0.05602532916398964,6.844146432082706,1.7835568821302057,0.2384452129256894,,,,,,,,8348_7102,1.0,0.5,0.5,269,2,30,1,269,1,269,0,1,268,30,408,E West Expy E,E,Freeway,0.313002872394,0.0,8348,7102,E,2,65863,7,408,133593,65863,65,53,65.0,0.0051300477358,1,20466.006396588487,61.31619581549137,3.19115100465898,0.05602532916398964,6.844146432082706,1.7835568821302057,0.2384452129256894,9.92652056419373,-1.1615429115064564,1
139,3,27021.899786780385,63.59853859320798,1.4280684847504344,0.02263710880401396,3.6343854790065264,0.8934333628612172,0.24472903064664495,,,,,,,,8348_7102,1.0,0.5,0.5,269,2,30,1,269,1,269,0,1,268,30,408,E West Expy E,E,Freeway,0.313002872394,0.0,8348,7102,E,2,65863,7,408,133593,65863,65,53,65.0,0.0051300477358,1,27021.899786780385,63.59853859320798,1.4280684847504344,0.02263710880401396,3.6343854790065264,0.8934333628612172,0.24472903064664495,10.204402919434106,-1.1615429115064564,1
140,0,18165.394396551725,64.24063693438315,2.044758598477918,0.031902646435883066,1.5598518511951118,1.2282443010244153,0.7931817020661156,16747.496801705758,63.03769361856153,2.0406395133209885,0.0324858730425376,1.2735300911330785,1.0221663034719994,0.8032507583813226,8355_8348,2.0,1.0,1.0,268,2,29,1,268,1,268,0,1,267,29,408,E West Expy E,E,Freeway,0.483111091583,0.0,8355,8348,E,2,65863,10,408,139500,65863,55,52,55.0,0.00793195022125,1,17456.44559912874,63.63916527647234,2.0426990558994533,0.032194259739210335,1.4166909711640951,1.1252053022482074,0.7982162302237191,9.767464234736545,-0.7275086484988303,2
141,1,11263.294759825327,64.11763242159522,1.384158457217152,0.021794598911723514,4.014919864320419,1.1535607330399438,0.2881986914697912,10471.337606837607,63.67319812803095,1.2580842548951443,0.01983087704587887,3.3081458421608856,0.9317663894197079,0.2846393010278379,8355_8348,3.0,2.5,0.5,268,2,29,1,268,1,268,0,1,267,29,408,E West Expy E,E,Freeway,0.483111091583,0.0,8355,8348,E,2,65863,10,408,139500,65863,55,52,55.0,0.00793195022125,1,10867.316183331466,63.89541527481308,1.321121356056148,0.02081273797880119,3.661532853240652,1.0426635612298258,0.28641899624881456,9.293515048372667,-0.7275086484988303,2
142,2,21818.409978308027,60.906330839496825,2.9503216982203457,0.05197081759255087,8.128696753723622,2.0089766434465246,0.22785182656238115,20466.006396588487,61.31619581549137,3.19115100465898,0.05602532916398964,6.844146432082706,1.7835568821302057,0.2384452129256894,8355_8348,4.0,3.5,0.5,268,2,29,1,268,1,268,0,1,267,29,408,E West Expy E,E,Freeway,0.483111091583,0.0,8355,8348,E,2,65863,10,408,139500,65863,55,52,55.0,0.00793195022125,1,21142.208187448257,61.1112633274941,3.070736351439663,0.053998073378270256,7.486421592903164,1.8962667627883651,0.23314851974403528,9.959026709382966,-0.7275086484988303,2
143,3,29261.20734341253,63.37059591589088,1.4829702077855726,0.023633978852226824,4.4869417777284415,1.0829114300524605,0.23918945125088675,27021.899786780385,63.59853859320798,1.4280684847504344,0.02263710880401396,3.6343854790065264,0.8934333628612172,0.24472903064664495,8355_8348,2.5,2.5,0.0,268,2,29,1,268,1,268,0,1,267,29,408,E West Expy E,E,Freeway,0.483111091583,0.0,8355,8348,E,2,65863,10,408,139500,65863,55,52,55.0,0.00793195022125,1,28141.55356509646,63.48456725454943,1.4555193462680034,0.023135543828120393,4.060663628367484,0.9881723964568389,0.24195924094876586,10.245002537570054,-0.7275086484988303,2
144,0,13605.991416309009,65.40949153025889,1.9402832430247967,0.02971870903336823,1.5681828503744992,1.350592335047802,0.8707109637135602,11563.639130434785,66.88688234817084,2.138630620274942,0.03233469882989342,1.3653675642256875,1.1810899301855078,0.8498758481336909,8408_8412,3.5,1.5,2.0,277,2,38,1,277,1,277,0,1,276,38,408,E West Expy E,E,Freeway,0.565397634032,0.0,8408,8412,E,2,65863,8,408,128500,65863,65,70,65.0,0.00906487505768,1,12584.815273371896,66.14818693921487,2.0394569316498696,0.031026703931630824,1.4667752073000933,1.265841132616655,0.8602934059236256,9.440246229144,-0.5702260183228421,2
145,1,8541.380952380952,65.45009014822817,1.2551299539120424,0.01926582548933296,4.215622136822454,1.3849500474167535,0.3275870365487871,12683.516411378558,64.0395406050485,4.8808690342729335,0.08221081092554228,7.233604103887899,3.0579664659388994,0.3739170390572063,8408_8412,1.5,1.0,0.5,277,2,38,1,277,1,277,0,1,276,38,408,E West Expy E,E,Freeway,0.565397634032,0.0,8408,8412,E,2,65863,8,408,128500,65863,65,70,65.0,0.00906487505768,1,10612.448681879756,64.74481537663834,3.067999494092488,0.05073831820743762,5.724613120355176,2.2214582566778267,0.3507520378029967,9.269782994978206,-0.5702260183228421,2
146,2,17628.487124463518,59.87132525315838,5.804524250232316,0.1049673173634986,10.168500992766576,3.514888692625317,0.3096566013814745,14256.867102396514,62.47327216070324,4.940596038931134,0.09093017721779804,8.213624450440326,2.7837053134570438,0.27231768453099986,8408_8412,10.0,9.5,0.5,277,2,38,1,277,1,277,0,1,276,38,408,E West Expy E,E,Freeway,0.565397634032,0.0,8408,8412,E,2,65863,8,408,128500,65863,65,70,65.0,0.00906487505768,1,15942.677113430016,61.17229870693081,5.372560144581725,0.09794874729064831,9.191062721603451,3.1492970030411804,0.2909871429562372,9.67675488764191,-0.5702260183228421,2
147,3,21953.587982832618,65.13785448511193,1.4727510348230035,0.02276065843083573,4.586066365918934,1.192641073733272,0.26057541568928544,22861.31304347826,66.58065884905149,1.4608917620515625,0.02209356258786561,4.806810518128772,0.9638373765964506,0.20195213060523187,8408_8412,2.5,2.0,0.5,277,2,38,1,277,1,277,0,1,276,38,408,E West Expy E,E,Freeway,0.565397634032,0.0,8408,8412,E,2,65863,8,408,128500,65863,65,70,65.0,0.00906487505768,1,22407.45051315544,65.85925666708171,1.466821398437283,0.022427110509350673,4.696438442023853,1.0782392251648614,0.23126377314725866,10.017148794734398,-0.5702260183228421,2
148,0,11563.639130434785,66.88688234817084,2.138630620274942,0.03233469882989342,1.3653675642256875,1.1810899301855078,0.8498758481336909,12682.742729306487,65.11526086255452,2.521607973329532,0.03911607431653832,1.5950251672951854,1.3716256774062132,0.8477404200261032,8412_7015,4.5,2.5,2.0,276,2,37,1,276,1,276,0,1,275,37,408,E West Expy E,E,Freeway,1.09482016576,0.0,8412,7015,E,2,65863,8,408,128500,65863,65,57,65.0,0.0178687324645,1,12123.190929870636,66.00107160536268,2.330119296802237,0.03572538657321587,1.4801963657604364,1.2763578037958605,0.848808134079897,9.402875503013854,0.09059011759823415,2
149,1,12683.516411378558,64.0395406050485,4.8808690342729335,0.08221081092554228,7.233604103887899,3.0579664659388994,0.3739170390572063,8760.519274376416,65.83411449602971,1.3216344034350296,0.020273407879060547,4.3054757113324,1.401492945515154,0.3205079601890062,8412_7015,2.5,2.0,0.5,276,2,37,1,276,1,276,0,1,275,37,408,E West Expy E,E,Freeway,1.09482016576,0.0,8412,7015,E,2,65863,8,408,128500,65863,65,57,65.0,0.0178687324645,1,10722.017842877487,64.9368275505391,3.1012517188539817,0.05124210940230141,5.769539907610149,2.229729705727027,0.34721249962310624,9.280054648523151,0.09059011759823415,2
150,2,14256.867102396514,62.47327216070324,4.940596038931134,0.09093017721779804,8.213624450440326,2.7837053134570438,0.27231768453099986,16620.094594594593,55.71762030103181,9.397822659212297,0.17836224665153838,12.968982575730875,6.13947038862752,0.4382069441249673,8412_7015,13.5,8.0,5.5,276,2,37,1,276,1,276,0,1,275,37,408,E West Expy E,E,Freeway,1.09482016576,0.0,8412,7015,E,2,65863,8,408,128500,65863,65,57,65.0,0.0178687324645,1,15438.480848495554,59.09544623086752,7.169209349071716,0.13464621193466822,10.5913035130856,4.461587851042282,0.3552623143279836,9.64461842809661,0.09059011759823415,2
151,3,22861.31304347826,66.58065884905149,1.4608917620515625,0.02209356258786561,4.806810518128772,0.9638373765964506,0.20195213060523187,21166.95964125561,66.02865690468782,1.5067519336801338,0.022978101211820125,4.4217028416934285,1.1789608984168336,0.2650376322032221,8412_7015,2.0,1.5,0.5,276,2,37,1,276,1,276,0,1,275,37,408,E West Expy E,E,Freeway,1.09482016576,0.0,8412,7015,E,2,65863,8,408,128500,65863,65,57,65.0,0.0178687324645,1,22014.136342366935,66.30465787686965,1.483821847865848,0.022535831899842866,4.614256679911101,1.071399137506642,0.23349488140422697,9.999440087003194,0.09059011759823415,2
152,0,8916.311158798284,66.2450626916125,2.593349636141229,0.03991425145060072,1.727304711349516,1.5358274905964164,0.8864892376195171,8939.588486140725,64.38837323763607,2.7771753988078944,0.04401566365683807,1.161785602796264,0.9938941494362372,0.8482787982770439,5934_6489,1.5,0.5,1.0,307,2,14,1,307,1,307,0,1,306,14,408,E West Expy W,W,Freeway,0.378712948498,0.0,5934,6489,W,2,65863,6,408,66500,65863,65,86,65.0,0.0061146033158,1,8927.949822469505,65.31671796462429,2.6852625174745617,0.041964957553719394,1.44454515707289,1.264860820016327,0.8673840179482806,9.096942064362187,-0.9709767526916634,1
153,1,6763.418103448276,67.4686359163879,1.3141280331284968,0.019565953173617763,5.256248424605328,1.510147186551391,0.2876374553245629,6721.518201284796,65.71419450867569,1.2135694036704154,0.018500611988219284,3.254364955099411,0.9276311483835956,0.2853240434277161,5934_6489,0.0,0.0,0.0,307,2,14,1,307,1,307,0,1,306,14,408,E West Expy W,W,Freeway,0.378712948498,0.0,5934,6489,W,2,65863,6,408,66500,65863,65,86,65.0,0.0061146033158,1,6742.468152366537,66.59141521253179,1.2638487183994562,0.019033282580918524,4.25530668985237,1.2188891674674933,0.28648074937613954,8.816181331586568,-0.9709767526916634,1
154,2,13626.023605150214,63.23623344104986,4.1267187937771785,0.06927209387241733,11.459679118756073,3.4538933770417484,0.2887280697137204,13532.968017057568,62.24523499884415,3.49879457170129,0.059852149215346886,7.109574983339623,2.2234790666790176,0.2931933348107342,5934_6489,0.5,0.5,0.0,307,2,14,1,307,1,307,0,1,306,14,408,E West Expy W,W,Freeway,0.378712948498,0.0,5934,6489,W,2,65863,6,408,66500,65863,65,86,65.0,0.0061146033158,1,13579.49581110389,62.740734219947,3.8127566827392343,0.0645621215438821,9.284627051047849,2.838686221860383,0.29096070226222726,9.516316273111514,-0.9709767526916634,1
155,3,18354.28540772532,67.21796855701514,1.4893916049355598,0.022321625844954857,6.156059165027021,1.5801091642297953,0.25557950376770194,18270.735607675902,65.19563422513225,1.3518245187415392,0.02086630488672947,3.7983858545859968,0.9512228883842566,0.2486516411170842,5934_6489,1.5,1.0,0.5,307,2,14,1,307,1,307,0,1,306,14,408,E West Expy W,W,Freeway,0.378712948498,0.0,5934,6489,W,2,65863,6,408,66500,65863,65,86,65.0,0.0061146033158,1,18312.510507700612,66.2068013910737,1.4206080618385495,0.021593965365842162,4.977222509806509,1.2656660263070258,0.2521155724423931,9.81533973955861,-0.9709767526916634,1
156,0,6842.371967654986,64.03479396265406,2.976584887743357,0.046907399545652935,1.2898634074959323,1.1001669846583164,0.8580509949343824,9651.064239828696,60.237828688487646,4.3705588564185085,0.07546541415448302,0.8406191982551559,0.8571392509414951,1.6134740111542485,6045_6306,0.0,0.0,0.0,346,2,53,1,346,1,346,0,1,345,53,408,E West Expy W,W,Freeway,0.364528650905,0.0,6045,6306,W,2,65863,5,408,90000,65863,65,93,65.0,0.00599713404367,1,8246.718103741841,62.13631132557086,3.6735718720809327,0.06118640685006797,1.065241302875544,0.9786531177999058,1.2357625030443153,9.017570594576036,-1.0091501273166037,1
157,1,8765.847411444141,61.456620360011314,4.481884375619738,0.07923356482943987,7.041254667196584,2.557583266965446,0.3323809929039849,8470.45788336933,60.17496664503312,3.9619440779839774,0.06874891433827086,3.710937172562172,1.5865638323157765,0.7569276501555133,6045_6306,3.0,1.5,1.5,346,2,53,1,346,1,346,0,1,345,53,408,E West Expy W,W,Freeway,0.364528650905,0.0,6045,6306,W,2,65863,5,408,90000,65863,65,93,65.0,0.00599713404367,1,8618.152647406736,60.81579350252222,4.221914226801857,0.07399123958385537,5.376095919879377,2.0720735496406113,0.5446543215297491,9.061626030644437,-1.0091501273166037,1
158,2,8428.394594594594,62.158850659399434,2.613388335544513,0.04306989815322828,6.202624152437879,1.4429797755761793,0.2282937028371039,11475.25376344086,59.7783594029699,2.7335047113032624,0.047842258261420134,3.8265373741955333,0.9958779602251996,0.4107749911694725,6045_6306,0.0,0.0,0.0,346,2,53,1,346,1,346,0,1,345,53,408,E West Expy W,W,Freeway,0.364528650905,0.0,6045,6306,W,2,65863,5,408,90000,65863,65,93,65.0,0.00599713404367,1,9951.824179017727,60.968605031184666,2.6734465234238876,0.04545607820732421,5.014580763316706,1.2194288679006895,0.3195343470032882,9.205511147923556,-1.0091501273166037,1
159,3,14346.353099730459,63.49338027083245,1.970109756826352,0.03138978073120657,4.5736792838379925,0.8309253836864318,0.17987472462950635,16745.217204301076,61.39683020211639,2.4193591717147824,0.04054370211112165,2.5254166314717774,0.6514549370949573,0.6843762332792142,6045_6306,0.0,0.0,0.0,346,2,53,1,346,1,346,0,1,345,53,408,E West Expy W,W,Freeway,0.364528650905,0.0,6045,6306,W,2,65863,5,408,90000,65863,65,93,65.0,0.00599713404367,1,15545.785152015767,62.44510523647442,2.1947344642705673,0.03596674142116411,3.5495479576548847,0.7411901603906945,0.43212547895436026,9.65154482954902,-1.0091501273166037,1
160,0,14481.957264957266,67.58673423135427,2.09235244858607,0.031112597739941617,1.4711175139604515,1.1842801663868945,0.8040463129622124,15573.833333333336,64.51715325066324,2.5174456854233824,0.03934884807412842,1.4384352615847251,1.086490396350452,0.7541683367028416,6177_8353,1.5,1.5,0.0,328,2,35,1,328,1,328,0,1,327,35,408,E West Expy W,W,Freeway,0.468851634629,0.0,6177,8353,W,2,65863,10,408,139500,65863,55,154,55.0,0.00771233397922,1,15027.8952991453,66.05194374100876,2.304899067004726,0.035230722907035016,1.4547763877725883,1.1353852813686731,0.779107324832527,9.617663439617774,-0.7574689046578265,2
161,1,19804.07264957265,56.75821571760086,11.161203043411458,0.2144436517904472,13.187835109625256,6.392262615145768,0.44754866679950456,21080.4021978022,50.25571428776582,11.46588641389205,0.2440694694539541,12.744015726760411,6.429114914625195,0.4761388676559932,6177_8353,11.0,8.0,3.0,328,2,35,1,328,1,328,0,1,327,35,408,E West Expy W,W,Freeway,0.468851634629,0.0,6177,8353,W,2,65863,10,408,139500,65863,55,154,55.0,0.00771233397922,1,20442.237423687424,53.506965002683344,11.313544728651754,0.22925656062220065,12.965925418192834,6.410688764885482,0.4618437672277489,9.92535850132541,-0.7574689046578265,2
162,2,14662.279914529914,67.0790484126191,2.0370439502910784,0.03294520034819064,6.376878834865665,1.1213344150397626,0.1590163342446667,15819.818777292576,61.698074674015636,2.126840927962554,0.03755654141945618,5.620714886655724,1.0623593369178903,0.1679112731172208,6177_8353,1.0,0.5,0.5,328,2,35,1,328,1,328,0,1,327,35,408,E West Expy W,W,Freeway,0.468851634629,0.0,6177,8353,W,2,65863,10,408,139500,65863,55,154,55.0,0.00771233397922,1,15241.049345911244,64.38856154331737,2.0819424391268164,0.03525087088382341,5.998796860760695,1.0918468759788265,0.16346380368094376,9.631747681588845,-0.7574689046578265,2
163,3,30656.61620469083,67.30021508347708,2.4690210320120154,0.03776679216250952,5.914747011746509,1.391330756952462,0.2112402444002796,32941.90064794816,62.056169747182636,2.5733707902391507,0.04239777194296372,5.170663283131575,1.3013373149157217,0.2321978217873521,6177_8353,4.0,3.0,1.0,328,2,35,1,328,1,328,0,1,327,35,408,E West Expy W,W,Freeway,0.468851634629,0.0,6177,8353,W,2,65863,10,408,139500,65863,55,154,55.0,0.00771233397922,1,31799.258426319495,64.67819241532986,2.521195911125583,0.04008228205273662,5.542705147439042,1.3463340359340918,0.22171903309381585,10.367198248569295,-0.7574689046578265,2
164,0,13330.66737739872,65.37204389819524,2.2721877746569104,0.03509106535011315,1.635673116355889,1.296281447155816,0.7859883736513066,14481.957264957266,67.58673423135427,2.09235244858607,0.031112597739941617,1.4711175139604515,1.1842801663868945,0.8040463129622124,6229_6177,0.5,0.5,0.0,325,2,32,1,325,1,325,0,1,324,32,408,E West Expy W,W,Freeway,0.315060560134,0.0,6229,6177,W,2,65863,7,408,139500,65863,55,88,55.0,0.00517066319789,1,13906.312321177993,66.47938906477475,2.18227011162149,0.03310183154502738,1.5533953151581703,1.2402808067713553,0.7950173433067595,9.54009813986152,-1.1549904042413608,1
165,1,18732.67521367521,56.992308626710795,8.55433399690204,0.1659581218673946,12.467855687315119,5.5475774622899605,0.4023597942172569,19804.07264957265,56.75821571760086,11.161203043411458,0.2144436517904472,13.187835109625256,6.392262615145768,0.44754866679950456,6229_6177,3.5,3.0,0.5,325,2,32,1,325,1,325,0,1,324,32,408,E West Expy W,W,Freeway,0.315060560134,0.0,6229,6177,W,2,65863,7,408,139500,65863,55,88,55.0,0.00517066319789,1,19268.37393162393,56.87526217215583,9.85776852015675,0.1902008868289209,12.827845398470188,5.969920038717865,0.42495423050838077,9.866220374434539,-1.1549904042413608,1
166,2,13801.908315565031,63.43461815849472,1.8524344017462568,0.030865292461031483,6.6410559548806525,1.1893339612611773,0.1653532866915562,14662.279914529914,67.0790484126191,2.0370439502910784,0.03294520034819064,6.376878834865665,1.1213344150397626,0.1590163342446667,6229_6177,0.0,0.0,0.0,325,2,32,1,325,1,325,0,1,324,32,408,E West Expy W,W,Freeway,0.315060560134,0.0,6229,6177,W,2,65863,7,408,139500,65863,55,88,55.0,0.00517066319789,1,14232.094115047472,65.25683328555691,1.9447391760186676,0.03190524640461106,6.508967394873158,1.15533418815047,0.16218481046811145,9.563254842241701,-1.1549904042413608,1
167,3,28830.275053304904,63.82877182402935,2.2007113120496937,0.035467031071033564,6.2111919136309135,1.3990221288034157,0.2032660309099841,30656.61620469083,67.30021508347708,2.4690210320120154,0.03776679216250952,5.914747011746509,1.391330756952462,0.2112402444002796,6229_6177,1.0,1.0,0.0,325,2,32,1,325,1,325,0,1,324,32,408,E West Expy W,W,Freeway,0.315060560134,0.0,6229,6177,W,2,65863,7,408,139500,65863,55,88,55.0,0.00517066319789,1,29743.445628997866,65.56449345375322,2.3348661720308543,0.03661691161677154,6.062969462688711,1.395176442877939,0.20725313765513187,10.300364071709195,-1.1549904042413608,1
168,0,11003.90645879733,59.27143210907745,3.501497755099017,0.060268022097669176,3.202195651497508,2.224641880900205,0.6903617949239177,6226.384946236559,52.38705548032098,3.6018527141222765,0.07009235035922341,3.258080759518085,2.0615247767024165,0.6297120079235156,6230_8274,3.5,3.0,0.5,321,2,28,1,321,1,321,0,1,320,28,408,E West Expy W,W,Freeway,0.203469708857,0.0,6230,8274,W,3,65863,4,0,23980,65863,55,129,55.0,0.00333259954669,1,8615.145702516944,55.82924379469922,3.551675234610647,0.06518018622844629,3.2301382055077967,2.1430833288013105,0.6600369014237166,9.06127706147333,-1.5922381360044238,0
169,1,12721.121348314608,45.67917260278957,9.015092795429878,0.20686025364707197,17.985494754361394,5.998509087961499,0.3305313676315307,6397.2156862745105,44.313862033844316,5.5318252692310965,0.12896467890667945,15.494187076564176,4.603363592353668,0.29703858863393034,6230_8274,8.0,6.0,2.0,321,2,28,1,321,1,321,0,1,320,28,408,E West Expy W,W,Freeway,0.203469708857,0.0,6230,8274,W,3,65863,4,0,23980,65863,55,129,55.0,0.00333259954669,1,9559.168517294558,44.99651731831695,7.2734590323304875,0.16791246627687573,16.739840915462786,5.300936340157584,0.31378497813273054,9.165256027084494,-1.5922381360044238,0
170,2,11421.704697986577,54.61512992177337,5.3465607752844715,0.1071996588283982,12.4868919025262,3.2505631104035,0.24806664922778,6663.295258620688,48.719254201138284,4.3831224381505915,0.09447489302466083,12.533078079577004,3.456318165302549,0.26480219143636863,6230_8274,2.0,1.0,1.0,321,2,28,1,321,1,321,0,1,320,28,408,E West Expy W,W,Freeway,0.203469708857,0.0,6230,8274,W,3,65863,4,0,23980,65863,55,129,55.0,0.00333259954669,1,9042.499978303633,51.66719206145582,4.8648416067175315,0.10083727592652952,12.509984991051603,3.3534406378530246,0.2564344203320743,9.109690961426876,-1.5922381360044238,0
171,3,22473.83518930957,56.79940182574696,5.455573467649094,0.09910903738654553,10.735456488139397,3.1549621977082967,0.2829707758385625,12463.678185745142,50.61384545694798,4.423086586270674,0.08949539434865303,10.381812394504019,3.177000706640813,0.2946817574688348,6230_8274,4.5,3.5,1.0,321,2,28,1,321,1,321,0,1,320,28,408,E West Expy W,W,Freeway,0.203469708857,0.0,6230,8274,W,3,65863,4,0,23980,65863,55,129,55.0,0.00333259954669,1,17468.756687527355,53.70662364134747,4.939330026959884,0.09430221586759928,10.558634441321708,3.165981452174555,0.28882626665369865,9.768169232165478,-1.5922381360044238,0
172,0,10328.343347639486,64.87989863615543,2.210180965180755,0.03442775279825575,1.1858330488463609,1.0198422347325435,0.8497012343018026,11306.053304904053,67.17062041109745,2.113678184196307,0.03150073297892874,1.3211617141817178,1.1176753420461194,0.8496104773120551,6258_6879,0.0,0.0,0.0,341,2,48,1,341,1,341,0,1,340,48,408,E West Expy W,W,Freeway,0.209349816692,0.0,6258,6879,W,2,65863,5,408,74500,65863,65,55,65.0,0.0034235927301999995,1,10817.19832627177,66.02525952362643,2.161929574688531,0.032964242888592246,1.2534973815140393,1.0687587883893315,0.8496558558069288,9.288892584145744,-1.5637486621228134,1
173,1,15932.034557235422,63.54902066733228,4.817966360543052,0.08029379296575789,8.514999397775684,3.256979363144169,0.3555317244288665,13741.27408993576,63.10532636985972,6.63295675854392,0.1145557829290316,8.401064027154096,3.9555141217076937,0.4135550964594403,6258_6879,0.0,0.0,0.0,341,2,48,1,341,1,341,0,1,340,48,408,E West Expy W,W,Freeway,0.209349816692,0.0,6258,6879,W,2,65863,5,408,74500,65863,65,55,65.0,0.0034235927301999995,1,14836.65432358559,63.327173518596,5.725461559543486,0.09742478794739474,8.45803171246489,3.606246742425931,0.3845434104441534,9.604856041410569,-1.5637486621228134,1
174,2,12462.230107526882,65.29396963410117,1.4492182907807003,0.022628718602909933,5.74747629702873,0.9717560464768492,0.1662857671991775,13959.100213219617,64.34572011009766,3.45407438803773,0.06128497966747465,7.423898464494893,1.9747738223351083,0.22245728023968228,6258_6879,0.0,0.0,0.0,341,2,48,1,341,1,341,0,1,340,48,408,E West Expy W,W,Freeway,0.209349816692,0.0,6258,6879,W,2,65863,5,408,74500,65863,65,55,65.0,0.0034235927301999995,1,13210.66516037325,64.81984487209942,2.451646339409215,0.04195684913519229,6.5856873807618115,1.4732649344059787,0.1943715237194299,9.488779749040026,-1.5637486621228134,1
175,3,23980.02795698925,65.77055751500926,1.2748738482577833,0.019602985136420423,4.8599648004909435,0.7977254118445926,0.16311455117346751,23410.85501066098,67.06621294653786,1.5565554319607056,0.0236234490382897,4.977043811817405,1.0012229133441826,0.1982631284653452,6258_6879,2.0,1.5,0.5,341,2,48,1,341,1,341,0,1,340,48,408,E West Expy W,W,Freeway,0.209349816692,0.0,6258,6879,W,2,65863,5,408,74500,65863,65,55,65.0,0.0034235927301999995,1,23695.441483825114,66.41838523077357,1.4157146401092444,0.02161321708735506,4.918504306154174,0.8994741625943876,0.18068883981940637,10.073037966168403,-1.5637486621228134,1
176,0,7628.325842696629,66.85984688658665,3.0102032096954034,0.04615381137214922,1.3451139628189213,1.1414039968689051,0.8501243595790239,7600.495689655172,65.8685923239329,2.9696939405251968,0.04595774629929157,0.9708351620957028,0.7788809031635664,0.8063446589797695,6300_8156,0.5,0.0,0.5,300,2,7,1,300,1,300,0,1,299,7,408,E West Expy W,W,Freeway,0.325558727708,0.0,6300,8156,W,2,65863,4,408,73500,65863,65,77,65.0,0.0053384668912700006,1,7614.410766175901,66.36421960525978,2.9899485751103,0.046055778835720394,1.1579745624573121,0.9601424500162358,0.8282345092793967,8.937797884288926,-1.1222124105417448,0
177,1,5733.981941309256,67.32361557922988,1.300829040212551,0.01945592682265694,3.7767014229964633,0.981377993960139,0.25992995984668993,5717.784782608695,66.53952546583888,1.4215737564416189,0.02141615663414775,2.7832482560188185,0.6342193309707309,0.2281888428964413,6300_8156,0.5,0.5,0.0,300,2,7,1,300,1,300,0,1,299,7,408,E West Expy W,W,Freeway,0.325558727708,0.0,6300,8156,W,2,65863,4,408,73500,65863,65,77,65.0,0.0053384668912700006,1,5725.883361958976,66.93157052253437,1.361201398327085,0.020436041728402347,3.279974839507641,0.807798662465435,0.24405940137156562,8.652752115551705,-1.1222124105417448,0
178,2,12011.26126126126,61.33623890827254,5.690106071742945,0.09939025354463382,9.0695760250548,3.120761482865898,0.3270481041174429,12166.639130434785,60.77822204377971,5.56377808260366,0.09774040749371868,6.530810938615673,2.4417999169552767,0.3450591771045696,6300_8156,3.0,2.5,0.5,300,2,7,1,300,1,300,0,1,299,7,408,E West Expy W,W,Freeway,0.325558727708,0.0,6300,8156,W,2,65863,4,408,73500,65863,65,77,65.0,0.0053384668912700006,1,12088.950195848021,61.05723047602612,5.626942077173302,0.09856533051917625,7.800193481835237,2.781280699910587,0.3360536406110063,9.400047107402623,-1.1222124105417448,0
179,3,15713.937078651685,66.71324676916664,1.5136089003026685,0.0229707802244162,4.444055955929247,1.2155753944248031,0.26983093965418825,15700.182608695652,65.66500763600754,1.4765666167209668,0.022692851459426462,3.178944633257488,0.8665462476944553,0.2693658901363481,6300_8156,0.0,0.0,0.0,300,2,7,1,300,1,300,0,1,299,7,408,E West Expy W,W,Freeway,0.325558727708,0.0,6300,8156,W,2,65863,4,408,73500,65863,65,77,65.0,0.0053384668912700006,1,15707.05984367367,66.18912720258709,1.4950877585118176,0.02283181584192133,3.811500294593368,1.0410608210596293,0.26959841489526815,9.661865561836008,-1.1222124105417448,0
180,0,9651.064239828696,60.237828688487646,4.3705588564185085,0.07546541415448302,0.8406191982551559,0.8571392509414951,1.6134740111542485,6327.839743589742,61.4287126270152,3.5673827299126155,0.05917497604150596,1.3366069409243533,1.1540970606340868,0.8622229023938024,6306_6308,0.0,0.0,0.0,345,2,52,1,345,1,345,0,1,344,52,408,E West Expy W,W,Freeway,0.383520670377,0.0,6306,6308,W,2,65863,4,408,90000,65863,65,113,65.0,0.00630951160561,1,7989.451991709219,60.83327065775143,3.9689707931655622,0.06732019509799449,1.0886130695897545,1.005618155787791,1.2378484567740253,8.98587744963833,-0.9583617603392051,0
181,1,8470.45788336933,60.17496664503312,3.9619440779839774,0.06874891433827086,3.710937172562172,1.5865638323157765,0.7569276501555133,7944.030237580992,57.70617316206639,5.570181483401455,0.10409629054432153,7.62616360516208,3.739475578926692,0.4148860750542971,6306_6308,0.0,0.0,0.0,345,2,52,1,345,1,345,0,1,344,52,408,E West Expy W,W,Freeway,0.383520670377,0.0,6306,6308,W,2,65863,4,408,90000,65863,65,113,65.0,0.00630951160561,1,8207.244060475161,58.94056990354976,4.766062780692716,0.0864226024412962,5.668550388862126,2.663019705621234,0.5859068626049052,9.012772465273953,-0.9583617603392051,0
182,2,11475.25376344086,59.7783594029699,2.7335047113032624,0.047842258261420134,3.8265373741955333,0.9958779602251996,0.4107749911694725,7731.027896995708,58.828428307476365,2.34536505591812,0.040897555177040926,6.188185448230523,1.4986748847449651,0.2316853913757055,6306_6308,0.0,0.0,0.0,345,2,52,1,345,1,345,0,1,344,52,408,E West Expy W,W,Freeway,0.383520670377,0.0,6306,6308,W,2,65863,4,408,90000,65863,65,113,65.0,0.00630951160561,1,9603.140830218284,59.303393855223135,2.5394348836106913,0.04436990671923053,5.007361411213028,1.2472764224850823,0.321230191272589,9.16984549376196,-0.9583617603392051,0
183,3,16745.217204301076,61.39683020211639,2.4193591717147824,0.04054370211112165,2.5254166314717774,0.6514549370949573,0.6843762332792142,13197.055674518204,60.23673520662304,1.7286820721709282,0.028901524139480182,4.550536284482983,0.7906606072619919,0.1728243322181293,6306_6308,0.5,0.5,0.0,345,2,52,1,345,1,345,0,1,344,52,408,E West Expy W,W,Freeway,0.383520670377,0.0,6306,6308,W,2,65863,4,408,90000,65863,65,113,65.0,0.00630951160561,1,14971.13643940964,60.816782704369714,2.0740206219428554,0.034722613125300915,3.53797645797738,0.7210577721784746,0.42860028274867173,9.61387938898854,-0.9583617603392051,0
184,0,1611.471092077088,53.21102602724371,3.544230217243656,0.06661749408365206,0.20506729037778992,0.23337930736795,1.2299648076587315,13330.66737739872,65.37204389819524,2.2721877746569104,0.03509106535011315,1.635673116355889,1.296281447155816,0.7859883736513066,6307_6229,0.0,0.0,0.0,322,2,29,1,322,1,322,0,1,321,29,408,E West Expy W,W,Freeway,0.314179016856,0.0,6307,6229,W,2,65863,7,408,139500,65863,65,59,65.0,0.00515046464292,1,7471.0692347379045,59.29153496271948,2.9082089959502833,0.050854279716882604,0.9203702033668395,0.764830377261883,1.007976590655019,8.918793405064157,-1.1577923381532558,1
185,1,2366.7995689655168,56.827080199398296,2.182806945430643,0.03870558257376815,0.9622655949232564,0.5595311306621213,0.5610473447438056,18732.67521367521,56.992308626710795,8.55433399690204,0.1659581218673946,12.467855687315119,5.5475774622899605,0.4023597942172569,6307_6229,2.0,2.0,0.0,322,2,29,1,322,1,322,0,1,321,29,408,E West Expy W,W,Freeway,0.314179016856,0.0,6307,6229,W,2,65863,7,408,139500,65863,65,59,65.0,0.00515046464292,1,10549.737391320365,56.909694413054545,5.368570471166342,0.10233185222058137,6.715060641119187,3.053554296476041,0.4817035694805313,9.263856246776431,-1.1577923381532558,1
186,2,1255.8451612903225,54.597067229136755,1.8991112586887384,0.03511700775845935,0.5181190925562149,0.2262081476431272,0.39316705621549336,13801.908315565031,63.43461815849472,1.8524344017462568,0.030865292461031483,6.6410559548806525,1.1893339612611773,0.1653532866915562,6307_6229,0.0,0.0,0.0,322,2,29,1,322,1,322,0,1,321,29,408,E West Expy W,W,Freeway,0.314179016856,0.0,6307,6229,W,2,65863,7,408,139500,65863,65,59,65.0,0.00515046464292,1,7528.876738427677,59.01584269381574,1.8757728302174976,0.03299115010974542,3.5795875237184336,0.7077710544521523,0.2792601714535248,8.926501138143212,-1.1577923381532558,1
187,3,2638.0818965517237,54.99594461595329,1.972918981272313,0.03608641981821172,0.44534045247824494,0.24418518195722164,0.47696931303827,28830.275053304904,63.82877182402935,2.2007113120496937,0.035467031071033564,6.2111919136309135,1.3990221288034157,0.2032660309099841,6307_6229,1.0,1.0,0.0,322,2,29,1,322,1,322,0,1,321,29,408,E West Expy W,W,Freeway,0.314179016856,0.0,6307,6229,W,2,65863,7,408,139500,65863,65,59,65.0,0.00515046464292,1,15734.178474928314,59.41235821999132,2.0868151466610034,0.03577672544462264,3.328266183054579,0.8216036553803187,0.34011767197412707,9.66359059808965,-1.1577923381532558,1
188,0,6327.839743589742,61.4287126270152,3.5673827299126155,0.05917497604150596,1.3366069409243533,1.1540970606340868,0.8622229023938024,6331.457081545063,64.81652257160998,3.902512531993727,0.06111350249776886,1.5796923586717635,1.3721566753405958,0.8381999203889241,6308_8005,0.0,0.0,0.0,340,2,47,1,340,1,340,0,1,339,47,408,E West Expy W,W,Freeway,0.218825062291,0.0,6308,8005,W,2,65863,4,408,90000,65863,65,90,65.0,0.00359986760412,1,6329.648412567403,63.12261759931259,3.7349476309531715,0.06014423926963741,1.4581496497980584,1.2631268679873413,0.8502114113913632,8.752999970557326,-1.519482670702417,0
189,1,7944.030237580992,57.70617316206639,5.570181483401455,0.10409629054432153,7.62616360516208,3.739475578926692,0.4148860750542971,7967.960954446856,60.77762870091821,6.4612365049526,0.11257179577053328,8.832978138619419,3.4666373277491207,0.3630288661217753,6308_8005,2.0,2.0,0.0,340,2,47,1,340,1,340,0,1,339,47,408,E West Expy W,W,Freeway,0.218825062291,0.0,6308,8005,W,2,65863,4,408,90000,65863,65,90,65.0,0.00359986760412,1,7955.995596013924,59.241900931492296,6.015708994177027,0.1083340431574274,8.229570871890749,3.6030564533379064,0.3889574705880362,8.981681086430966,-1.519482670702417,0
190,2,7731.027896995708,58.828428307476365,2.34536505591812,0.040897555177040926,6.188185448230523,1.4986748847449651,0.2316853913757055,7751.592672413794,60.88922644865463,2.831698172828483,0.04767290621503047,6.693695875390204,1.639889526381998,0.2373406239378493,6308_8005,1.0,0.5,0.5,340,2,47,1,340,1,340,0,1,339,47,408,E West Expy W,W,Freeway,0.218825062291,0.0,6308,8005,W,2,65863,4,408,90000,65863,65,90,65.0,0.00359986760412,1,7741.310284704751,59.8588273780655,2.5885316143733013,0.044285230696035696,6.440940661810363,1.5692822055634816,0.2345130076567774,8.954326239685827,-1.519482670702417,0
191,3,13197.055674518204,60.23673520662304,1.7286820721709282,0.028901524139480182,4.550536284482983,0.7906606072619919,0.1728243322181293,13181.119914346897,63.051863563644226,2.116377447263116,0.03384360435214233,5.1439445329026485,0.9847876385429712,0.1901820823145204,6308_8005,0.0,0.0,0.0,340,2,47,1,340,1,340,0,1,339,47,408,E West Expy W,W,Freeway,0.218825062291,0.0,6308,8005,W,2,65863,4,408,90000,65863,65,90,65.0,0.00359986760412,1,13189.087794432551,61.644299385133635,1.9225297597170221,0.03137256424581125,4.847240408692816,0.8877241229024816,0.18150320726632485,9.487145084444306,-1.519482670702417,0
192,0,9439.760348583875,64.49287418334251,2.5114469828904493,0.0396575502489899,1.6158092133144015,1.3857402514656756,0.8455051678552906,8862.618181818181,64.93163774227574,2.384503569758788,0.03738446632524031,1.4942781511739838,1.181306043973638,0.8218507263415078,6440_8239,2.0,2.0,0.0,314,2,21,1,314,1,314,0,1,313,21,408,E West Expy W,W,Freeway,0.108833365524,0.0,6440,8239,W,2,65863,6,408,66500,65863,65,52,65.0,0.0017901213663,1,9151.189265201028,64.71225596280912,2.4479752763246188,0.038521008287115105,1.5550436822441926,1.2835231477196567,0.8336779470983993,9.121639124162545,-2.2179373231543256,1
193,1,7619.408791208792,64.46423583022366,1.375710747543476,0.02182678144603393,4.7865103048489805,1.3712018876593832,0.2828597687128297,7528.849315068493,65.28369485003829,1.3055096321031672,0.0204900562076463,4.3431201520868585,1.2172583052984982,0.2771616330457641,6440_8239,0.5,0.5,0.0,314,2,21,1,314,1,314,0,1,313,21,408,E West Expy W,W,Freeway,0.108833365524,0.0,6440,8239,W,2,65863,6,408,66500,65863,65,52,65.0,0.0017901213663,1,7574.129053138642,64.87396534013098,1.3406101898233216,0.021158418826840115,4.5648152284679195,1.2942300964789406,0.2800107008792969,8.93249364728392,-2.2179373231543256,1
194,2,14074.387799564267,60.64965440785283,4.48418165645844,0.07918512773726095,9.779499679067714,3.187395970792432,0.3046097755977075,13309.929742388755,61.73509051476863,3.8094855804139502,0.06576101854049554,8.379990146586982,2.5166183125377293,0.2777776845772978,6440_8239,0.5,0.5,0.0,314,2,21,1,314,1,314,0,1,313,21,408,E West Expy W,W,Freeway,0.108833365524,0.0,6440,8239,W,2,65863,6,408,66500,65863,65,52,65.0,0.0017901213663,1,13692.158770976512,61.192372461310725,4.146833618436196,0.07247307313887824,9.079744912827348,2.852007141665081,0.29119373008750266,9.524578595476543,-2.2179373231543256,1
195,3,19595.662309368192,64.13443258822032,1.5667346788838623,0.024652973309223208,5.3989765608499525,1.3341825047950149,0.24421420356746826,18217.8970917226,64.90909071511908,1.4530269536365719,0.022563292522102898,4.8044119753728936,1.1180710757365675,0.23106617204986435,6440_8239,1.0,0.5,0.5,314,2,21,1,314,1,314,0,1,313,21,408,E West Expy W,W,Freeway,0.108833365524,0.0,6440,8239,W,2,65863,6,408,66500,65863,65,52,65.0,0.0017901213663,1,18906.779700545398,64.52176165166969,1.509880816260217,0.023608132915663053,5.101694268111423,1.2261267902657913,0.2376401878086663,9.847275851039708,-2.2179373231543256,1
196,0,12691.63539445629,63.44925365646127,2.8193510444943173,0.0450717224601059,2.3330965640559858,1.6776958121032437,0.7078834998546067,11003.90645879733,59.27143210907745,3.501497755099017,0.060268022097669176,3.202195651497508,2.224641880900205,0.6903617949239177,6737_6230,2.0,1.0,1.0,320,2,27,1,320,1,320,0,1,319,27,408,E West Expy W,W,Freeway,0.312836275073,0.0,6737,6230,W,3,65863,4,0,23980,65863,55,145,55.0,0.005089346157529999,1,11847.77092662681,61.36034288276936,3.1604243997966672,0.05266987227888754,2.7676461077767467,1.9511688465017243,0.6991226473892622,9.379895021411198,-1.162075308131402,0
197,1,13548.126881720427,47.22131980837991,11.643149972980554,0.258685944714446,16.16991384752021,6.525982277573553,0.39938146361028815,12721.121348314608,45.67917260278957,9.015092795429878,0.20686025364707197,17.985494754361394,5.998509087961499,0.3305313676315307,6737_6230,10.5,6.0,4.5,320,2,27,1,320,1,320,0,1,319,27,408,E West Expy W,W,Freeway,0.312836275073,0.0,6737,6230,W,3,65863,4,0,23980,65863,55,145,55.0,0.005089346157529999,1,13134.624115017517,46.45024620558474,10.329121384205216,0.232773099180759,17.077704300940802,6.262245682767526,0.3649564156209094,9.483007084657824,-1.162075308131402,0
198,2,11430.391025641024,61.11020814469421,4.61354882704573,0.08363709093019861,7.915260066535437,1.9509983024127042,0.22016768880570445,11421.704697986577,54.61512992177337,5.3465607752844715,0.1071996588283982,12.4868919025262,3.2505631104035,0.24806664922778,6737_6230,3.5,3.0,0.5,320,2,27,1,320,1,320,0,1,319,27,408,E West Expy W,W,Freeway,0.312836275073,0.0,6737,6230,W,3,65863,4,0,23980,65863,55,145,55.0,0.005089346157529999,1,11426.0478618138,57.862669033233786,4.980054801165101,0.09541837487929841,10.201075984530817,2.600780706408102,0.23411716901674223,9.343650928126834,-1.162075308131402,0
199,3,24970.92963752665,62.595131695831384,4.635746543662157,0.07592837965243852,7.677682576495979,2.257590366895971,0.27434869872074863,22473.83518930957,56.79940182574696,5.455573467649094,0.09910903738654553,10.735456488139397,3.1549621977082967,0.2829707758385625,6737_6230,11.5,7.0,4.5,320,2,27,1,320,1,320,0,1,319,27,408,E West Expy W,W,Freeway,0.312836275073,0.0,6737,6230,W,3,65863,4,0,23980,65863,55,145,55.0,0.005089346157529999,1,23722.382413418112,59.69726676078918,5.045660005655625,0.08751870851949203,9.206569532317687,2.7062762823021336,0.27865973727965554,10.074174287082256,-1.162075308131402,0
200,0,11936.425485961123,67.00284950961809,2.150144186509171,0.032155396264779056,1.234262610067452,1.0616076077254872,0.8645589504687908,10252.095948827293,64.39112201231076,2.0763036572174096,0.032271690284751964,1.1106596314455384,1.0015674735718094,0.9064135949153641,6918_8406,2.0,1.0,1.0,332,2,39,1,332,1,332,0,1,331,39,408,E West Expy W,W,Freeway,0.517864622603,0.0,6918,8406,W,2,65863,8,408,128500,65863,65,115,65.0,0.00829181216929,1,11094.260717394209,65.69698576096442,2.1132239218632902,0.03221354327476551,1.1724611207564952,1.0315875406486483,0.8854862726920775,9.314183201095686,-0.6580414172058112,2
201,1,12055.3,63.94976314927042,4.889214966515934,0.0845752714376767,6.242300452925263,2.7800384939892946,0.3901354314365102,16588.19700214133,55.79626893565775,10.594131545399435,0.20506726622447194,11.410599299561108,6.483558923327098,0.5224513984753641,6918_8406,8.5,5.5,3.0,332,2,39,1,332,1,332,0,1,331,39,408,E West Expy W,W,Freeway,0.517864622603,0.0,6918,8406,W,2,65863,8,408,128500,65863,65,115,65.0,0.00829181216929,1,14321.748501070664,59.87301604246409,7.741673255957684,0.14482126883107432,8.826449876243185,4.631798708658196,0.45629341495593717,9.569534535090865,-0.6580414172058112,2
202,2,14842.287878787878,62.27427742726627,4.975213894573043,0.08999793535384255,7.901200593090201,2.753644486597154,0.2784707118856134,12074.539445629,63.65240124567606,1.7807352802235141,0.028411440997004312,5.71846290393524,1.0285073564062897,0.17811226312975886,6918_8406,3.0,2.5,0.5,332,2,39,1,332,1,332,0,1,331,39,408,E West Expy W,W,Freeway,0.517864622603,0.0,6918,8406,W,2,65863,8,408,128500,65863,65,115,65.0,0.00829181216929,1,13458.413662208439,62.963339336471165,3.3779745873982785,0.05920468817542343,6.809831748512721,1.8910759215017219,0.22829148750768613,9.507359740548022,-0.6580414172058112,2
203,3,22881.622030237584,66.60706583401233,1.5731918842566228,0.024047698109787168,4.315099258327228,1.020674481976597,0.2306822881461827,24104.189765458417,64.32455651706776,1.740994129302165,0.027671149377810404,5.0120412498579725,0.9729637647734066,0.18507769972787275,6918_8406,1.5,1.5,0.0,332,2,39,1,332,1,332,0,1,331,39,408,E West Expy W,W,Freeway,0.517864622603,0.0,6918,8406,W,2,65863,8,408,128500,65863,65,115,65.0,0.00829181216929,1,23492.905897848002,65.46581117554004,1.6570930067793939,0.025859423743798786,4.6635702540926,0.9968191233750018,0.20787999393702772,10.064453777870993,-0.6580414172058112,2
204,0,3471.751605995717,63.57142350543093,3.2414924787861334,0.05112796823562454,1.0824661298573262,0.9346308037556872,0.8754160981190086,5203.7035040431265,61.35520501510705,3.59822170915162,0.05943496611068736,1.5723544887431395,1.3153896440137365,0.8382459474091031,6921_8043,3.0,2.0,1.0,347,2,54,1,347,1,347,0,1,346,54,408,E West Expy W,W,Freeway,1.06838052112,0.0,6921,8043,W,2,65863,4,408,68419,65863,65,79,65.0,0.0173560081869,1,4337.727555019422,62.46331426026899,3.4198570939688766,0.05528146717315595,1.327410309300233,1.1250102238847117,0.8568310227640559,8.375105885131335,0.06614397026417981,0
205,1,4553.941558441558,66.30151696556477,1.685334555099777,0.02748518657636861,5.631599243942832,1.3279747354030385,0.2087195391053013,6325.669398907105,59.118391277666795,3.852895371360205,0.07343197180423644,8.424714938642223,2.950838417569899,0.3137655404808351,6921_8043,1.0,1.0,0.0,347,2,54,1,347,1,347,0,1,346,54,408,E West Expy W,W,Freeway,1.06838052112,0.0,6921,8043,W,2,65863,4,408,68419,65863,65,79,65.0,0.0173560081869,1,5439.805478674331,62.70995412161578,2.769114963229991,0.05045857919030253,7.0281570912925275,2.139406576486469,0.2612425397930682,8.60149858161404,0.06614397026417981,0
206,2,4536.431330472104,65.34651765452344,1.5212597522002125,0.02362912073481357,5.47609395948913,1.5022506797628319,0.2686228449478801,5708.062330623306,60.65120176853035,2.1590120765290464,0.036513858336976165,6.457356857220884,1.3851882036129999,0.2078396037910485,6921_8043,0.5,0.0,0.5,347,2,54,1,347,1,347,0,1,346,54,408,E West Expy W,W,Freeway,1.06838052112,0.0,6921,8043,W,2,65863,4,408,68419,65863,65,79,65.0,0.0173560081869,1,5122.246830547705,62.99885971152689,1.8401359143646294,0.03007148953589487,5.966725408355007,1.4437194416879158,0.23823122436946428,8.541348455865382,0.06614397026417981,0
207,3,7094.057815845827,65.51596617764086,1.5308311930091518,0.023482464443064698,3.7657517339782687,0.8783465148810401,0.2284741833612428,10556.459239130434,60.53048207219202,2.071270063057746,0.034686922452404144,5.5237235716490485,1.1074371912141587,0.1940234198505715,6921_8043,1.0,0.5,0.5,347,2,54,1,347,1,347,0,1,346,54,408,E West Expy W,W,Freeway,1.06838052112,0.0,6921,8043,W,2,65863,4,408,68419,65863,65,79,65.0,0.0173560081869,1,8825.258527488131,63.02322412491644,1.8010506280334488,0.02908469344773442,4.644737652813658,0.9928918530475994,0.21124880160590714,9.085373176271915,0.06614397026417981,0
208,0,7215.443207126948,68.01972384776374,2.6906034416278897,0.04017807128557377,1.0025089356335972,0.8751075064428256,0.8660704640379281,8035.211087420042,66.9636138941426,2.5723388379739256,0.03905536240122335,1.08876828314311,0.9212452453645504,0.8318328249956479,6930_8210,0.5,0.5,0.0,305,2,12,1,305,1,305,0,1,304,12,408,E West Expy W,W,Freeway,0.252851879401,0.0,6930,8210,W,2,65863,6,408,73500,65863,65,68,65.0,0.00414314834347,1,7625.327147273495,67.49166887095316,2.6314711398009076,0.039616716843398556,1.0456386093883536,0.898176375903688,0.848951644516788,8.939230505115697,-1.3749514186144784,1
209,1,5315.419501133787,69.75030026938848,1.3176017585653452,0.018943807902716558,3.056583607790004,0.7942928011426106,0.2616776026741308,5748.279914529915,68.44753488934936,1.2489274274559021,0.0182850958844414,3.069337932364697,0.7243986949339891,0.2372643968550145,6930_8210,0.0,0.0,0.0,305,2,12,1,305,1,305,0,1,304,12,408,E West Expy W,W,Freeway,0.252851879401,0.0,6930,8210,W,2,65863,6,408,73500,65863,65,68,65.0,0.00414314834347,1,5531.8497078318505,69.09891757936892,1.2832645930106237,0.01861445189357898,3.0629607700773507,0.7593457480382999,0.24947099976457265,8.618277524633937,-1.3749514186144784,1
210,2,10591.002247191009,63.14363631507624,6.299085375236667,0.1229462308018512,8.329945997109506,3.322060638043783,0.34243206925738634,12517.462686567163,61.59952256090632,5.727455680604312,0.11585724403054815,8.478557313599579,3.2310762913843454,0.32692550164076345,6930_8210,2.0,2.0,0.0,305,2,12,1,305,1,305,0,1,304,12,408,E West Expy W,W,Freeway,0.252851879401,0.0,6930,8210,W,2,65863,6,408,73500,65863,65,68,65.0,0.00414314834347,1,11554.232466879086,62.37157943799129,6.01327052792049,0.11940173741619967,8.404251655354543,3.2765684647140643,0.3346787854490749,9.354807096173346,-1.3749514186144784,1
211,3,14275.75442477876,70.23680470131903,1.5276674675850055,0.02198034335098939,3.5219321816244817,0.9907966361253152,0.27755382409541945,16447.97867803838,68.25302247746221,1.4987375685216622,0.022168578488331474,3.573573399083924,1.0105642824275651,0.27676678723810005,6930_8210,0.5,0.5,0.0,305,2,12,1,305,1,305,0,1,304,12,408,E West Expy W,W,Freeway,0.252851879401,0.0,6930,8210,W,2,65863,6,408,73500,65863,65,68,65.0,0.00414314834347,1,15361.86655140857,69.24491358939062,1.5132025180533337,0.022074460919660432,3.5477527903542025,1.0006804592764402,0.27716030566675975,9.639643519592669,-1.3749514186144784,1
212,0,6280.3133514986375,64.30571327159124,3.0440024899668296,0.04782312776875783,1.1270458752788803,0.9870569242021128,0.8763130001025186,4834.047222222222,55.846600816983525,3.471739496464643,0.0638501313890329,1.3770669664181967,1.221231830912244,0.9016542860575161,6946_8057,0.5,0.5,0.0,344,2,51,1,344,1,344,0,1,343,51,408,E West Expy W,W,Freeway,0.7051978777879999,0.0,6946,8057,W,2,65863,4,408,70000,65863,65,55,65.0,0.011580182401,1,5557.18028686043,60.076157044287385,3.2578709932157364,0.05583662957889536,1.2520564208485385,1.1041443775571784,0.8889836430800173,8.622846115953298,-0.3492768378390137,0
213,1,7823.524725274725,62.3429506877949,3.990332543405901,0.07273435873957376,6.707718322244832,2.5088812474147097,0.3146586926642882,6125.411267605634,53.69364422957962,3.06894280288771,0.06024330398766154,7.2086784526268675,2.4871314568071887,0.3417912598486553,6946_8057,6.5,4.5,2.0,344,2,51,1,344,1,344,0,1,343,51,408,E West Expy W,W,Freeway,0.7051978777879999,0.0,6946,8057,W,2,65863,4,408,70000,65863,65,55,65.0,0.011580182401,1,6974.467996440179,58.01829745868726,3.5296376731468055,0.06648883136361765,6.95819838743585,2.4980063521109495,0.32822497625647173,8.850011330868838,-0.3492768378390137,0
214,2,7274.4082191780835,63.564046096065205,2.1252319543468885,0.03445464267007232,5.382447649679985,1.291926842446737,0.22682981167246397,6062.120111731843,53.77899281138632,2.045159786047353,0.03792027829745692,7.016061173248085,1.8138594876860168,0.2656063670429862,6946_8057,2.0,1.5,0.5,344,2,51,1,344,1,344,0,1,343,51,408,E West Expy W,W,Freeway,0.7051978777879999,0.0,6946,8057,W,2,65863,4,408,70000,65863,65,55,65.0,0.011580182401,1,6668.264165454963,58.671519453725764,2.0851958701971207,0.036187460483764616,6.199254411464035,1.5528931650663769,0.24621808935772507,8.805114859980822,-0.3492768378390137,0
215,3,12792.119891008177,64.18596823694743,1.7626367690100908,0.027737217251924087,4.227782686500993,0.8538681971614958,0.19254190295716875,10135.698324022347,54.556871134761245,1.9129687584481645,0.035344182339367834,4.918971919194789,1.1363742399945074,0.2459547775334533,6946_8057,0.5,0.5,0.0,344,2,51,1,344,1,344,0,1,343,51,408,E West Expy W,W,Freeway,0.7051978777879999,0.0,6946,8057,W,2,65863,4,408,70000,65863,65,55,65.0,0.011580182401,1,11463.909107515261,59.371419685854335,1.8378027637291277,0.03154069979564596,4.5733773028478915,0.9951212185780016,0.21924834024531104,9.346959040962556,-0.3492768378390137,0
216,0,6331.457081545063,64.81652257160998,3.902512531993727,0.06111350249776886,1.5796923586717635,1.3721566753405958,0.8381999203889241,5529.401709401709,66.35409098351785,4.547057338453271,0.07123228007799923,2.0187879373765694,1.8000450690863947,0.8902607213530814,8005_8013,0.0,0.0,0.0,337,2,44,1,337,1,337,0,1,336,44,408,E West Expy W,W,Freeway,0.346659844981,0.0,8005,8013,W,2,65863,4,408,82724,65863,65,60,65.0,0.00570252184562,1,5930.429395473386,65.58530677756391,4.224784935223499,0.06617289128788405,1.7992401480241664,1.5861008722134953,0.8642303208710027,8.687851900074017,-1.0594112536478646,0
217,1,7967.960954446856,60.77762870091821,6.4612365049526,0.11257179577053328,8.832978138619419,3.4666373277491207,0.3630288661217753,7462.829741379312,61.0954348027205,6.786022831455518,0.11591402085187665,10.72342444172366,3.9772335571435993,0.3673956713443757,8005_8013,3.5,3.0,0.5,337,2,44,1,337,1,337,0,1,336,44,408,E West Expy W,W,Freeway,0.346659844981,0.0,8005,8013,W,2,65863,4,408,82724,65863,65,60,65.0,0.00570252184562,1,7715.395347913083,60.93653175181935,6.6236296682040585,0.11424290831120495,9.77820129017154,3.7219354424463598,0.3652122687330755,8.950973007543057,-1.0594112536478646,0
218,2,7751.592672413794,60.88922644865463,2.831698172828483,0.04767290621503047,6.693695875390204,1.639889526381998,0.2373406239378493,6943.439914163089,63.06156433314069,3.966895067121925,0.06464342632823165,9.28317228152808,2.4024952805767814,0.25852551745622665,8005_8013,0.5,0.5,0.0,337,2,44,1,337,1,337,0,1,336,44,408,E West Expy W,W,Freeway,0.346659844981,0.0,8005,8013,W,2,65863,4,408,82724,65863,65,60,65.0,0.00570252184562,1,7347.516293288441,61.97539539089766,3.399296619975204,0.05615816627163106,7.988434078459141,2.0211924034793896,0.24793307069703796,8.902117615818813,-1.0594112536478646,0
219,3,13181.119914346897,63.051863563644226,2.116377447263116,0.03384360435214233,5.1439445329026485,0.9847876385429712,0.1901820823145204,11976.63539445629,65.01651868796475,3.28332381333382,0.05244935530412263,6.718000614640957,1.373775887087627,0.2141512437601797,8005_8013,0.0,0.0,0.0,337,2,44,1,337,1,337,0,1,336,44,408,E West Expy W,W,Freeway,0.346659844981,0.0,8005,8013,W,2,65863,4,408,82724,65863,65,60,65.0,0.00570252184562,1,12578.877654401593,64.03419112580448,2.699850630298468,0.04314647982813248,5.930972573771802,1.1792817628152992,0.20216666303735004,9.439774309613147,-1.0594112536478646,0
220,0,5529.401709401709,66.35409098351785,4.547057338453271,0.07123228007799923,2.0187879373765694,1.8000450690863947,0.8902607213530814,7778.311475409836,62.945283643266194,2.991392642130936,0.04841235685766943,1.4967661210470269,1.385379681228181,0.9308289031849242,8013_8024,2.0,1.5,0.5,336,2,43,1,336,1,336,0,1,335,43,408,E West Expy W,W,Freeway,0.433746144336,0.0,8013,8024,W,2,65863,5,408,74500,65863,65,70,65.0,0.0071354529158,1,6653.856592405773,64.64968731339202,3.769224990292104,0.059822318467834326,1.7577770292117982,1.5927123751572878,0.9105448122690027,8.802951904258071,-0.8352958368994816,1
221,1,7462.829741379312,61.0954348027205,6.786022831455518,0.11591402085187665,10.72342444172366,3.9772335571435993,0.3673956713443757,10786.868852459016,60.68993190072424,5.1346187384510324,0.08987637079354406,9.808456608661528,3.84493592406058,0.36662720053590864,8013_8024,4.5,4.0,0.5,336,2,43,1,336,1,336,0,1,335,43,408,E West Expy W,W,Freeway,0.433746144336,0.0,8013,8024,W,2,65863,5,408,74500,65863,65,70,65.0,0.0071354529158,1,9124.849296919165,60.89268335172237,5.960320784953275,0.10289519582271035,10.265940525192594,3.9110847406020897,0.3670114359401422,9.118756662908192,-0.8352958368994816,1
222,2,6943.439914163089,63.06156433314069,3.966895067121925,0.06464342632823165,9.28317228152808,2.4024952805767814,0.25852551745622665,9619.6,62.28175578279744,1.479926315050532,0.023811805703733292,7.8423020960520935,1.44219279711276,0.1842745630121976,8013_8024,2.0,1.0,1.0,336,2,43,1,336,1,336,0,1,335,43,408,E West Expy W,W,Freeway,0.433746144336,0.0,8013,8024,W,2,65863,5,408,74500,65863,65,70,65.0,0.0071354529158,1,8281.519957081546,62.67166005796906,2.7234106910862286,0.04422761601598248,8.562737188790086,1.9223440388447708,0.22140004023421211,9.02178180022829,-0.8352958368994816,1
223,3,11976.63539445629,65.01651868796475,3.28332381333382,0.05244935530412263,6.718000614640957,1.373775887087627,0.2141512437601797,16555.081967213115,63.736896767253896,1.4723493378393735,0.023299723270306254,5.8183972047555175,1.0120722521880288,0.17449669525123887,8013_8024,3.5,3.0,0.5,336,2,43,1,336,1,336,0,1,335,43,408,E West Expy W,W,Freeway,0.433746144336,0.0,8013,8024,W,2,65863,5,408,74500,65863,65,70,65.0,0.0071354529158,1,14265.858680834703,64.37670772760933,2.377836575586597,0.037874539287214445,6.268198909698237,1.192924069637828,0.1943239695057093,9.565624456777051,-0.8352958368994816,1
224,0,7778.311475409836,62.945283643266194,2.991392642130936,0.04841235685766943,1.4967661210470269,1.385379681228181,0.9308289031849242,5468.788461538462,64.89972384103802,4.294639688186968,0.06854043476943672,1.6658147256063227,1.5909472640097018,0.9060305575942096,8024_6971,0.0,0.0,0.0,335,2,42,1,335,1,335,0,1,334,42,408,E West Expy W,W,Freeway,0.1860583606,0.0,8024,6971,W,2,65863,5,408,74500,65863,65,79,65.0,0.0030606097926500005,1,6623.549968474149,63.92250374215211,3.6430161651589517,0.05847639581355307,1.5812904233266747,1.4881634726189414,0.9184297303895669,8.798386754215155,-1.6816948878167355,1
225,1,10786.868852459016,60.68993190072424,5.1346187384510324,0.08987637079354406,9.808456608661528,3.84493592406058,0.36662720053590864,7756.635775862069,62.115873362296725,5.241392566354127,0.08974638717098936,10.1300353485594,3.8250184474244486,0.35233277507332283,8024_6971,0.0,0.0,0.0,335,2,42,1,335,1,335,0,1,334,42,408,E West Expy W,W,Freeway,0.1860583606,0.0,8024,6971,W,2,65863,5,408,74500,65863,65,79,65.0,0.0030606097926500005,1,9271.752314160542,61.402902631510486,5.18800565240258,0.08981137898226671,9.969245978610463,3.834977185742514,0.35947998780461576,9.134727671349639,-1.6816948878167355,1
226,2,9619.6,62.28175578279744,1.479926315050532,0.023811805703733292,7.8423020960520935,1.44219279711276,0.1842745630121976,6101.876068376068,64.58571168425617,1.876996921077646,0.02938955781479875,6.946550705702897,1.3976361997024882,0.20003216875183288,8024_6971,0.0,0.0,0.0,335,2,42,1,335,1,335,0,1,334,42,408,E West Expy W,W,Freeway,0.1860583606,0.0,8024,6971,W,2,65863,5,408,74500,65863,65,79,65.0,0.0030606097926500005,1,7860.738034188034,63.43373373352681,1.678461618064089,0.02660068175926602,7.394426400877496,1.419914498407624,0.19215336588201526,8.969635778494554,-1.6816948878167355,1
227,3,16555.081967213115,63.736896767253896,1.4723493378393735,0.023299723270306254,5.8183972047555175,1.0120722521880288,0.17449669525123887,11429.858974358976,65.56383644660832,1.5827584886541337,0.02429094679356297,5.597256224280686,1.0165166266749817,0.18060932877371336,8024_6971,0.0,0.0,0.0,335,2,42,1,335,1,335,0,1,334,42,408,E West Expy W,W,Freeway,0.1860583606,0.0,8024,6971,W,2,65863,5,408,74500,65863,65,79,65.0,0.0030606097926500005,1,13992.470470786046,64.6503666069311,1.5275539132467535,0.023795335031934612,5.707826714518102,1.0142944394315052,0.1775530120124761,9.546274640403169,-1.6816948878167355,1
228,0,5203.7035040431265,61.35520501510705,3.59822170915162,0.05943496611068736,1.5723544887431395,1.3153896440137365,0.8382459474091031,6280.3133514986375,64.30571327159124,3.0440024899668296,0.04782312776875783,1.1270458752788803,0.9870569242021128,0.8763130001025186,8043_6946,0.5,0.5,0.0,343,2,50,1,343,1,343,0,1,342,50,408,E West Expy W,W,Freeway,0.10719335292000001,0.0,8043,6946,W,2,65863,4,408,68419,65863,65,53,65.0,0.00175663349943,1,5742.008427770882,62.830459143349145,3.321112099559225,0.05362904693972259,1.34970018201101,1.1512232841079246,0.8572794737558108,8.65556432842129,-2.2331210386111917,0
229,1,6325.669398907105,59.118391277666795,3.852895371360205,0.07343197180423644,8.424714938642223,2.950838417569899,0.3137655404808351,7823.524725274725,62.3429506877949,3.990332543405901,0.07273435873957376,6.707718322244832,2.5088812474147097,0.3146586926642882,8043_6946,0.5,0.0,0.5,343,2,50,1,343,1,343,0,1,342,50,408,E West Expy W,W,Freeway,0.10719335292000001,0.0,8043,6946,W,2,65863,4,408,68419,65863,65,53,65.0,0.00175663349943,1,7074.597062090915,60.73067098273084,3.921613957383053,0.0730831652719051,7.566216630443527,2.7298598324923047,0.31421211657256165,8.86426576853495,-2.2331210386111917,0
230,2,5708.062330623306,60.65120176853035,2.1590120765290464,0.036513858336976165,6.457356857220884,1.3851882036129999,0.2078396037910485,7274.4082191780835,63.564046096065205,2.1252319543468885,0.03445464267007232,5.382447649679985,1.291926842446737,0.22682981167246397,8043_6946,1.0,0.5,0.5,343,2,50,1,343,1,343,0,1,342,50,408,E West Expy W,W,Freeway,0.10719335292000001,0.0,8043,6946,W,2,65863,4,408,68419,65863,65,53,65.0,0.00175663349943,1,6491.235274900695,62.10762393229778,2.1421220154379674,0.035484250503524245,5.919902253450434,1.3385575230298685,0.21733470773175623,8.778208126702376,-2.2331210386111917,0
231,3,10556.459239130434,60.53048207219202,2.071270063057746,0.034686922452404144,5.5237235716490485,1.1074371912141587,0.1940234198505715,12792.119891008177,64.18596823694743,1.7626367690100908,0.027737217251924087,4.227782686500993,0.8538681971614958,0.19254190295716875,8043_6946,0.5,0.5,0.0,343,2,50,1,343,1,343,0,1,342,50,408,E West Expy W,W,Freeway,0.10719335292000001,0.0,8043,6946,W,2,65863,4,408,68419,65863,65,53,65.0,0.00175663349943,1,11674.289565069306,62.35822515456972,1.9169534160339183,0.031212069852164116,4.8757531290750205,0.9806526941878273,0.19328266140387013,9.365144229727942,-2.2331210386111917,0
232,0,4834.047222222222,55.846600816983525,3.471739496464643,0.0638501313890329,1.3770669664181967,1.221231830912244,0.9016542860575161,6842.371967654986,64.03479396265406,2.976584887743357,0.046907399545652935,1.2898634074959323,1.1001669846583164,0.8580509949343824,8057_6045,0.0,0.0,0.0,342,2,49,1,342,1,342,0,1,341,49,408,E West Expy W,W,Freeway,0.211793361359,0.0,8057,6045,W,2,65863,5,408,79495,65863,65,122,65.0,0.00348295188912,1,5838.209594938604,59.940697389818794,3.224162192104,0.05537876546734291,1.3334651869570644,1.1606994077852804,0.8798526404959492,8.672179452609036,-1.5521441902201316,1
233,1,6125.411267605634,53.69364422957962,3.06894280288771,0.06024330398766154,7.2086784526268675,2.4871314568071887,0.3417912598486553,8765.847411444141,61.456620360011314,4.481884375619738,0.07923356482943987,7.041254667196584,2.557583266965446,0.3323809929039849,8057_6045,3.0,2.5,0.5,342,2,49,1,342,1,342,0,1,341,49,408,E West Expy W,W,Freeway,0.211793361359,0.0,8057,6045,W,2,65863,5,408,79495,65863,65,122,65.0,0.00348295188912,1,7445.629339524888,57.575132294795466,3.775413589253724,0.06973843440855071,7.124966559911726,2.5223573618863173,0.33708612637632007,8.915382473382284,-1.5521441902201316,1
234,2,6062.120111731843,53.77899281138632,2.045159786047353,0.03792027829745692,7.016061173248085,1.8138594876860168,0.2656063670429862,8428.394594594594,62.158850659399434,2.613388335544513,0.04306989815322828,6.202624152437879,1.4429797755761793,0.2282937028371039,8057_6045,1.0,0.5,0.5,342,2,49,1,342,1,342,0,1,341,49,408,E West Expy W,W,Freeway,0.211793361359,0.0,8057,6045,W,2,65863,5,408,79495,65863,65,122,65.0,0.00348295188912,1,7245.257353163219,57.968921735392875,2.329274060795933,0.040495088225342604,6.609342662842982,1.6284196316310982,0.24695003494004503,8.888102375609517,-1.5521441902201316,1
235,3,10135.698324022347,54.556871134761245,1.9129687584481645,0.035344182339367834,4.918971919194789,1.1363742399945074,0.2459547775334533,14346.353099730459,63.49338027083245,1.970109756826352,0.03138978073120657,4.5736792838379925,0.8309253836864318,0.17987472462950635,8057_6045,0.0,0.0,0.0,342,2,49,1,342,1,342,0,1,341,49,408,E West Expy W,W,Freeway,0.211793361359,0.0,8057,6045,W,2,65863,5,408,79495,65863,65,122,65.0,0.00348295188912,1,12241.025711876402,59.02512570279685,1.9415392576372583,0.0333669815352872,4.746325601516391,0.9836498118404695,0.21291475108147984,9.412548352545196,-1.5521441902201316,1
236,0,7600.495689655172,65.8685923239329,2.9696939405251968,0.04595774629929157,0.9708351620957028,0.7788809031635664,0.8063446589797695,7773.82869379015,64.90257150242006,2.498639353468772,0.0393012828227362,1.076137346341995,0.930679250584326,0.8575142572019505,8156_8150,2.0,1.0,1.0,298,2,5,1,298,1,298,0,1,297,5,408,E West Expy W,W,Freeway,0.460746220134,0.0,8156,8150,W,2,65863,6,408,67299,65863,65,62,65.0,0.00755594538579,1,7687.162191722661,65.38558191317648,2.734166646996984,0.04262951456101388,1.0234862542188488,0.8547800768739462,0.83192945809086,8.94730696860913,-0.7749078861902176,1
237,1,5717.784782608695,66.53952546583888,1.4215737564416189,0.02141615663414775,2.7832482560188185,0.6342193309707309,0.2281888428964413,6563.370689655172,65.45882095405341,1.0636661392109759,0.016305861571824794,3.7346975629730914,0.9372999688290992,0.2530179249650853,8156_8150,0.5,0.0,0.5,298,2,5,1,298,1,298,0,1,297,5,408,E West Expy W,W,Freeway,0.460746220134,0.0,8156,8150,W,2,65863,6,408,67299,65863,65,62,65.0,0.00755594538579,1,6140.577736131934,65.99917320994615,1.2426199478262974,0.01886100910298627,3.258972909495955,0.7857596498999151,0.2406033839307633,8.722674110547203,-0.7749078861902176,1
238,2,12166.639130434785,60.77822204377971,5.56377808260366,0.09774040749371868,6.530810938615673,2.4417999169552767,0.3450591771045696,11561.038543897217,57.53897584604615,8.486370707122896,0.16392485038757962,8.854185860489043,4.1566942893035534,0.4162855284419664,8156_8150,4.0,3.0,1.0,298,2,5,1,298,1,298,0,1,297,5,408,E West Expy W,W,Freeway,0.460746220134,0.0,8156,8150,W,2,65863,6,408,67299,65863,65,62,65.0,0.00755594538579,1,11863.838837166,59.158598944912924,7.025074394863278,0.13083262894064915,7.692498399552358,3.299247103129415,0.38067235277326805,9.381250299535179,-0.7749078861902176,1
239,3,15700.182608695652,65.66500763600754,1.4765666167209668,0.022692851459426462,3.178944633257488,0.8665462476944553,0.2693658901363481,15850.368308351177,65.13277671058054,1.3985753923019648,0.021700938684671944,3.8185762265272682,1.0091542123212698,0.2580096231588235,8156_8150,1.5,1.5,0.0,298,2,5,1,298,1,298,0,1,297,5,408,E West Expy W,W,Freeway,0.460746220134,0.0,8156,8150,W,2,65863,6,408,67299,65863,65,62,65.0,0.00755594538579,1,15775.275458523414,65.39889217329404,1.4375710045114658,0.0221968950720492,3.4987604298923785,0.9378502300078626,0.2636877566475858,9.666199148970014,-0.7749078861902176,1
240,0,3474.0085653104925,63.010807058117656,3.0873128179074696,0.04905545827590562,0.6424511481475103,0.5765874953327967,0.9182122274434548,3471.751605995717,63.57142350543093,3.2414924787861334,0.05112796823562454,1.0824661298573262,0.9346308037556872,0.8754160981190086,8178_6921,1.5,1.0,0.5,294,2,1,1,294,1,294,0,1,293,1,408,E West Expy W,W,Freeway,0.498662548024,0.0,8178,6921,W,2,65863,4,408,38500,65863,65,79,65.0,0.00727306453737,1,3472.8800856531047,63.291115281774296,3.1644026483468015,0.05009171325576508,0.8624586390024183,0.755609149544242,0.8968141627812316,8.15273952455026,-0.6958256684600929,0
241,1,4518.151515151515,64.00970851190668,1.4168813868734027,0.02245800571095241,3.205980809317987,0.6521847823541925,0.2014940255204004,4553.941558441558,66.30151696556477,1.685334555099777,0.02748518657636861,5.631599243942832,1.3279747354030385,0.2087195391053013,8178_6921,0.5,0.5,0.0,294,2,1,1,294,1,294,0,1,293,1,408,E West Expy W,W,Freeway,0.498662548024,0.0,8178,6921,W,2,65863,4,408,38500,65863,65,79,65.0,0.00727306453737,1,4536.046536796537,65.15561273873573,1.5511079709865898,0.024971596143660513,4.418790026630409,0.9900797588786154,0.20510678231285084,8.419811104789822,-0.6958256684600929,0
242,2,4529.676724137931,63.63937271182658,1.5192401195251228,0.024057245126975747,3.267969831223968,0.8996461710949422,0.2741695447434976,4536.431330472104,65.34651765452344,1.5212597522002125,0.02362912073481357,5.47609395948913,1.5022506797628319,0.2686228449478801,8178_6921,0.0,0.0,0.0,294,2,1,1,294,1,294,0,1,293,1,408,E West Expy W,W,Freeway,0.498662548024,0.0,8178,6921,W,2,65863,4,408,38500,65863,65,79,65.0,0.00727306453737,1,4533.054027305017,64.49294518317501,1.5202499358626675,0.023843182930894657,4.372031895356549,1.2009484254288871,0.27139619484568883,8.419151169534066,-0.6958256684600929,0
243,3,7065.984978540771,63.709741056906786,1.4692079695115785,0.02310926968777147,2.2151811667587027,0.5156841346555611,0.2327586319640742,7094.057815845827,65.51596617764086,1.5308311930091518,0.023482464443064698,3.7657517339782687,0.8783465148810401,0.2284741833612428,8178_6921,0.5,0.5,0.0,294,2,1,1,294,1,294,0,1,293,1,408,E West Expy W,W,Freeway,0.498662548024,0.0,8178,6921,W,2,65863,4,408,38500,65863,65,79,65.0,0.00727306453737,1,7080.021397193299,64.61285361727383,1.5000195812603652,0.023295867065418085,2.9904664503684857,0.6970153247683006,0.2306164076626585,8.865032208885642,-0.6958256684600929,0
244,0,14246.141630901291,64.49467795794885,1.9931661389905728,0.03095600954190812,1.4759100092177435,1.1326932220000645,0.7714180398777085,,,,,,,,8188_6226,1.0,1.0,0.0,324,2,31,1,324,1,324,0,1,323,31,408,E West Expy W,W,Freeway,0.4087770924750001,0.0,8188,6226,W,2,65863,7,408,139500,65863,65,56,65.0,0.00671932630058,1,14246.141630901291,64.49467795794885,1.9931661389905728,0.03095600954190812,1.4759100092177435,1.1326932220000645,0.7714180398777085,9.564241386290178,-0.8945852776827773,1
245,1,19603.218614718608,60.6400117565018,4.077333376117031,0.0716592343712218,9.182227014806656,2.6276255647584232,0.2710620651305149,,,,,,,,8188_6226,2.5,2.5,0.0,324,2,31,1,324,1,324,0,1,323,31,408,E West Expy W,W,Freeway,0.4087770924750001,0.0,8188,6226,W,2,65863,7,408,139500,65863,65,56,65.0,0.00671932630058,1,19603.218614718608,60.6400117565018,4.077333376117031,0.0716592343712218,9.182227014806656,2.6276255647584232,0.2710620651305149,9.883449046773459,-0.8945852776827773,1
246,2,14295.971982758621,63.812606236959255,1.4696302124706644,0.023619071320637463,6.00684088303534,0.8955517551314934,0.14597042652391734,,,,,,,,8188_6226,0.0,0.0,0.0,324,2,31,1,324,1,324,0,1,323,31,408,E West Expy W,W,Freeway,0.4087770924750001,0.0,8188,6226,W,2,65863,7,408,139500,65863,65,56,65.0,0.00671932630058,1,14295.971982758621,63.812606236959255,1.4696302124706644,0.023619071320637463,6.00684088303534,0.8955517551314934,0.14597042652391734,9.5677330970415,-0.8945852776827773,1
247,3,29701.24463519313,64.0305159389722,1.6316804596011043,0.025890170717243848,5.605473062299454,0.9267347365466928,0.15984071188603766,,,,,,,,8188_6226,1.5,1.5,0.0,324,2,31,1,324,1,324,0,1,323,31,408,E West Expy W,W,Freeway,0.4087770924750001,0.0,8188,6226,W,2,65863,7,408,139500,65863,65,56,65.0,0.00671932630058,1,29701.24463519313,64.0305159389722,1.6316804596011043,0.025890170717243848,5.605473062299454,0.9267347365466928,0.15984071188603766,10.298944230821581,-0.8945852776827773,1
248,0,8192.225321888413,64.99863479983905,2.5854522936813185,0.0403772813293962,1.0861986353613715,1.0105653868772286,0.9226401890152184,8044.217204301075,64.50123132635667,2.5305384970402893,0.039835233254421,1.333867675573956,1.1914800618261796,0.8872616340117471,8201_8203,1.0,1.0,0.0,303,2,10,1,303,1,303,0,1,302,10,408,E West Expy W,W,Freeway,0.492661043524,0.0,8201,8203,W,2,65863,6,408,70075,65863,65,110,65.0,0.00802848761702,1,8118.221263094743,64.74993306309787,2.5579953953608037,0.0401062572919086,1.2100331554676638,1.1010227243517041,0.9049509115134827,9.001866352890275,-0.7079338798932986,1
249,1,6213.045454545455,66.217693502527,1.240080452993922,0.0187983221149172,3.3738446308072256,1.0286505996144828,0.3056636762766521,5851.286334056399,64.40391799791547,1.1932534459268402,0.0185643150369643,3.844815070605757,1.02495232192384,0.2679047564477185,8201_8203,0.5,0.5,0.0,303,2,10,1,303,1,303,0,1,302,10,408,E West Expy W,W,Freeway,0.492661043524,0.0,8201,8203,W,2,65863,6,408,70075,65863,65,110,65.0,0.00802848761702,1,6032.165894300927,65.31080575022123,1.216666949460381,0.01868131857594075,3.6093298507064913,1.0268014607691613,0.2867842163621853,8.704861411680453,-0.7079338798932986,1
250,2,12921.10729613734,61.3052392755412,5.4261798807598725,0.10702801609495764,8.69440757859643,3.4170577717577624,0.3342632502403169,12794.163440860215,58.56208034675107,5.516581412845722,0.11491977715004792,10.302307682746065,3.782582055119134,0.3193456943920458,8201_8203,1.0,0.5,0.5,303,2,10,1,303,1,303,0,1,302,10,408,E West Expy W,W,Freeway,0.492661043524,0.0,8201,8203,W,2,65863,6,408,70075,65863,65,110,65.0,0.00802848761702,1,12857.635368498777,59.93365981114613,5.471380646802797,0.11097389662250279,9.498357630671247,3.599819913438448,0.32680447231618137,9.46169310596221,-0.7079338798932986,1
251,3,16955.448497854082,66.07861599987237,1.3920846514228182,0.021228760581649558,3.936409744324069,1.03301203907194,0.26095049014867,16569.649462365593,64.41450852414093,1.4106869959538268,0.02208453145211085,4.583699946180105,1.2527030111889097,0.27001303165552354,8201_8203,0.5,0.0,0.5,303,2,10,1,303,1,303,0,1,302,10,408,E West Expy W,W,Freeway,0.492661043524,0.0,8201,8203,W,2,65863,6,408,70075,65863,65,110,65.0,0.00802848761702,1,16762.548980109837,65.24656226200665,1.4013858236883225,0.021656646016880204,4.260054845252087,1.1428575251304247,0.26548176090209674,9.726902449590726,-0.7079338798932986,1
252,0,8044.217204301075,64.50123132635667,2.5305384970402893,0.039835233254421,1.333867675573956,1.1914800618261796,0.8872616340117471,7215.443207126948,68.01972384776374,2.6906034416278897,0.04017807128557377,1.0025089356335972,0.8751075064428256,0.8660704640379281,8203_6930,0.5,0.5,0.0,302,2,9,1,302,1,302,0,1,301,9,408,E West Expy W,W,Freeway,0.254236253283,0.0,8203,6930,W,2,65863,6,408,73500,65863,65,77,65.0,0.00417138399653,1,7629.830205714012,66.26047758706021,2.6105709693340895,0.04000665226999739,1.1681883056037767,1.0332937841345027,0.8766660490248376,8.939820870520276,-1.3694913132319937,1
253,1,5851.286334056399,64.40391799791547,1.1932534459268402,0.0185643150369643,3.844815070605757,1.02495232192384,0.2679047564477185,5315.419501133787,69.75030026938848,1.3176017585653452,0.018943807902716558,3.056583607790004,0.7942928011426106,0.2616776026741308,8203_6930,0.0,0.0,0.0,302,2,9,1,302,1,302,0,1,301,9,408,E West Expy W,W,Freeway,0.254236253283,0.0,8203,6930,W,2,65863,6,408,73500,65863,65,77,65.0,0.00417138399653,1,5583.3529175950935,67.07710913365197,1.2554276022460926,0.01875406146984043,3.4506993391978806,0.9096225615332252,0.2647911795609247,8.627544756207923,-1.3694913132319937,1
254,2,12794.163440860215,58.56208034675107,5.516581412845722,0.11491977715004792,10.302307682746065,3.782582055119134,0.3193456943920458,10591.002247191009,63.14363631507624,6.299085375236667,0.1229462308018512,8.329945997109506,3.322060638043783,0.34243206925738634,8203_6930,0.5,0.0,0.5,302,2,9,1,302,1,302,0,1,301,9,408,E West Expy W,W,Freeway,0.254236253283,0.0,8203,6930,W,2,65863,6,408,73500,65863,65,77,65.0,0.00417138399653,1,11692.582844025612,60.852858330913655,5.9078333940411945,0.11893300397594955,9.316126839927787,3.5523213465814587,0.3308888818247161,9.366709974802703,-1.3694913132319937,1
255,3,16569.649462365593,64.41450852414093,1.4106869959538268,0.02208453145211085,4.583699946180105,1.2527030111889097,0.27001303165552354,14275.75442477876,70.23680470131903,1.5276674675850055,0.02198034335098939,3.5219321816244817,0.9907966361253152,0.27755382409541945,8203_6930,0.5,0.5,0.0,302,2,9,1,302,1,302,0,1,301,9,408,E West Expy W,W,Freeway,0.254236253283,0.0,8203,6930,W,2,65863,6,408,73500,65863,65,77,65.0,0.00417138399653,1,15422.701943572176,67.32565661272997,1.4691772317694163,0.02203243740155012,4.052816063902293,1.1217498236571124,0.2737834278754715,9.643595855086067,-1.3694913132319937,1
256,0,8035.211087420042,66.9636138941426,2.5723388379739256,0.03905536240122335,1.08876828314311,0.9212452453645504,0.8318328249956479,7387.191897654584,65.53764323876436,2.7168343007334808,0.0424302557873823,1.2744386473523357,1.1101387647732956,0.8683459931449838,8210_8148,1.0,1.0,0.0,297,2,4,1,297,1,297,0,1,296,4,408,E West Expy W,W,Freeway,0.792189706103,0.0,8210,8148,W,2,65863,4,408,73500,65863,65,49,65.0,0.013009075556999998,1,7711.201492537313,66.25062856645349,2.644586569353703,0.04074280909430282,1.181603465247723,1.015692005068923,0.8500894090703159,8.950429290024221,-0.2329543879421122,0
257,1,5748.279914529915,68.44753488934936,1.2489274274559021,0.0182850958844414,3.069337932364697,0.7243986949339891,0.2372643968550145,5600.217948717948,66.66664344676299,1.1794164446978406,0.017793162054448034,3.729024159180984,0.9683432740351524,0.2577561986074406,8210_8148,0.5,0.5,0.0,297,2,4,1,297,1,297,0,1,296,4,408,E West Expy W,W,Freeway,0.792189706103,0.0,8210,8148,W,2,65863,4,408,73500,65863,65,49,65.0,0.013009075556999998,1,5674.248931623932,67.55708916805617,1.2141719360768715,0.018039128969444717,3.39918104577284,0.8463709844845708,0.24751029773122754,8.643693486740577,-0.2329543879421122,0
258,2,12517.462686567163,61.59952256090632,5.727455680604312,0.11585724403054815,8.478557313599579,3.2310762913843454,0.32692550164076345,11550.021321961622,62.1227977945407,5.011616114284986,0.08809960186289686,8.759797427559272,2.9208714822003343,0.31496219368840656,8210_8148,1.0,1.0,0.0,297,2,4,1,297,1,297,0,1,296,4,408,E West Expy W,W,Freeway,0.792189706103,0.0,8210,8148,W,2,65863,4,408,73500,65863,65,49,65.0,0.013009075556999998,1,12033.742004264393,61.86116017772351,5.369535897444649,0.1019784229467225,8.619177370579425,3.07597388679234,0.320943847664585,9.395469816649399,-0.2329543879421122,0
259,3,16447.97867803838,68.25302247746221,1.4987375685216622,0.022168578488331474,3.573573399083924,1.0105642824275651,0.27676678723810005,15242.660980810237,66.51528260913463,1.4947698727607597,0.022844422167704274,4.3765555440429065,1.2716903721331472,0.28522731562497505,8210_8148,2.5,2.5,0.0,297,2,4,1,297,1,297,0,1,296,4,408,E West Expy W,W,Freeway,0.792189706103,0.0,8210,8148,W,2,65863,4,408,73500,65863,65,49,65.0,0.013009075556999998,1,15845.319829424308,67.38415254329843,1.496753720641211,0.022506500328017875,3.975064471563415,1.1411273272803562,0.2809970514315375,9.670629456801354,-0.2329543879421122,0
260,0,9408.963440860214,62.140664254804065,2.8778362560927584,0.046848496813627766,1.6170650613909263,1.326398919730902,0.8171955777055644,9439.760348583875,64.49287418334251,2.5114469828904493,0.0396575502489899,1.6158092133144015,1.3857402514656756,0.8455051678552906,8215_6440,1.5,0.5,1.0,313,2,20,1,313,1,313,0,1,312,20,408,E West Expy W,W,Freeway,0.25761408424000004,0.0,8215,6440,W,2,65863,6,408,66500,65863,65,129,65.0,0.00417989880851,1,9424.361894722046,63.31676921907329,2.6946416194916036,0.04325302353130883,1.6164371373526638,1.3560695855982887,0.8313503727804274,9.15105330654646,-1.3562926114018328,1
261,1,7663.445887445888,61.43849100589154,1.5319395703606251,0.025333705538216702,5.149103366971175,1.4146554928194448,0.27138561554443386,7619.408791208792,64.46423583022366,1.375710747543476,0.02182678144603393,4.7865103048489805,1.3712018876593832,0.2828597687128297,8215_6440,1.5,1.0,0.5,313,2,20,1,313,1,313,0,1,312,20,408,E West Expy W,W,Freeway,0.25761408424000004,0.0,8215,6440,W,2,65863,6,408,66500,65863,65,129,65.0,0.00417989880851,1,7641.42733932734,62.951363418057596,1.4538251589520506,0.023580243492125313,4.967806835910078,1.392928690239414,0.2771226921286318,8.941339689230324,-1.3562926114018328,1
262,2,14204.976293103447,58.95279046365482,3.651091249536605,0.0663857719131356,9.936463291996454,3.0239341120916854,0.2875493818302654,14074.387799564267,60.64965440785283,4.48418165645844,0.07918512773726095,9.779499679067714,3.187395970792432,0.3046097755977075,8215_6440,1.0,1.0,0.0,313,2,20,1,313,1,313,0,1,312,20,408,E West Expy W,W,Freeway,0.25761408424000004,0.0,8215,6440,W,2,65863,6,408,66500,65863,65,129,65.0,0.00417989880851,1,14139.682046333857,59.80122243575383,4.067636452997522,0.07278544982519827,9.857981485532083,3.105665041442059,0.2960795787139865,9.556740453082744,-1.3562926114018328,1
263,3,19748.675268817206,61.360929595137726,1.4342077850140296,0.023573934778126568,5.6853033618795825,1.4126295532478224,0.2458256099854976,19595.662309368192,64.13443258822032,1.5667346788838623,0.024652973309223208,5.3989765608499525,1.3341825047950149,0.24421420356746826,8215_6440,1.0,0.5,0.5,313,2,20,1,313,1,313,0,1,312,20,408,E West Expy W,W,Freeway,0.25761408424000004,0.0,8215,6440,W,2,65863,6,408,66500,65863,65,129,65.0,0.00417989880851,1,19672.1687890927,62.74768109167903,1.500471231948946,0.02411345404367489,5.542139961364768,1.3734060290214187,0.24501990677648294,9.886960164028633,-1.3562926114018328,1
264,0,8862.618181818181,64.93163774227574,2.384503569758788,0.03738446632524031,1.4942781511739838,1.181306043973638,0.8218507263415078,8916.311158798284,66.2450626916125,2.593349636141229,0.03991425145060072,1.727304711349516,1.5358274905964164,0.8864892376195171,8239_5934,1.0,1.0,0.0,311,2,18,1,311,1,311,0,1,310,18,408,E West Expy W,W,Freeway,0.530374073551,0.0,8239,5934,W,2,65863,6,408,66500,65863,65,121,65.0,0.00871097460343,1,8889.464670308233,65.58835021694412,2.4889266029500083,0.03864935888792052,1.6107914312617497,1.3585667672850272,0.8541699819805124,9.09262210963164,-0.634172722242225,1
265,1,7528.849315068493,65.28369485003829,1.3055096321031672,0.0204900562076463,4.3431201520868585,1.2172583052984982,0.2771616330457641,6763.418103448276,67.4686359163879,1.3141280331284968,0.019565953173617763,5.256248424605328,1.510147186551391,0.2876374553245629,8239_5934,1.0,1.0,0.0,311,2,18,1,311,1,311,0,1,310,18,408,E West Expy W,W,Freeway,0.530374073551,0.0,8239,5934,W,2,65863,6,408,66500,65863,65,121,65.0,0.00871097460343,1,7146.133709258384,66.37616538321309,1.309818832615832,0.020028004690632033,4.799684288346093,1.3637027459249444,0.2823995441851635,8.874326749471612,-0.634172722242225,1
266,2,13309.929742388755,61.73509051476863,3.8094855804139502,0.06576101854049554,8.379990146586982,2.5166183125377293,0.2777776845772978,13626.023605150214,63.23623344104986,4.1267187937771785,0.06927209387241733,11.459679118756073,3.4538933770417484,0.2887280697137204,8239_5934,0.5,0.0,0.5,311,2,18,1,311,1,311,0,1,310,18,408,E West Expy W,W,Freeway,0.530374073551,0.0,8239,5934,W,2,65863,6,408,66500,65863,65,121,65.0,0.00871097460343,1,13467.976673769484,62.485661977909245,3.9681021870955644,0.06751655620645644,9.919834632671527,2.985255844789739,0.28325287714550906,9.508070048305118,-0.634172722242225,1
267,3,18217.8970917226,64.90909071511908,1.4530269536365719,0.022563292522102898,4.8044119753728936,1.1180710757365675,0.23106617204986435,18354.28540772532,67.21796855701514,1.4893916049355598,0.022321625844954857,6.156059165027021,1.5801091642297953,0.25557950376770194,8239_5934,0.5,0.0,0.5,311,2,18,1,311,1,311,0,1,310,18,408,E West Expy W,W,Freeway,0.530374073551,0.0,8239,5934,W,2,65863,6,408,66500,65863,65,121,65.0,0.00871097460343,1,18286.091249723962,66.0635296360671,1.4712092792860658,0.022442459183528878,5.480235570199957,1.3490901199831815,0.24332283790878315,9.813896008853229,-0.634172722242225,1
268,0,7943.140086206897,60.82272024561681,2.7008125311278635,0.04477044700745215,1.5400368032422111,1.433466022365705,0.8836487327075802,8252.385927505331,60.79990389589883,2.449620512018024,0.040596920360877004,1.6741986860105738,1.4306712740964729,0.8552200742288539,8254_8252,1.0,0.5,0.5,308,2,15,1,308,1,308,0,1,307,15,408,E West Expy W,W,Freeway,0.265913166567,0.0,8254,8252,W,2,65863,6,408,85901,65863,55,162,55.0,0.00437412598084,1,8097.763006856114,60.81131207075782,2.5752165215729437,0.04268368368416457,1.6071177446263925,1.432068648231089,0.8694344034682171,8.99934313052495,-1.3245854649714992,1
269,1,6954.3,61.17165374166938,1.9734296869187808,0.03277421782067025,5.030722623061381,1.4296594471085418,0.2703813325159258,7745.457081545063,61.93309905477192,1.4628578365272469,0.023780725958327826,6.187165671639353,1.655271521785537,0.2671420454784861,8254_8252,1.0,1.0,0.0,308,2,15,1,308,1,308,0,1,307,15,408,E West Expy W,W,Freeway,0.265913166567,0.0,8254,8252,W,2,65863,6,408,85901,65863,55,162,55.0,0.00437412598084,1,7349.878540772532,61.55237639822065,1.718143761723014,0.028277471889499035,5.608944147350368,1.5424654844470393,0.2687616889972059,8.90243906700538,-1.3245854649714992,1
270,2,9908.864224137933,58.401541413699896,3.2641829713690247,0.05996091458095025,7.7849026817261375,2.302918178627611,0.2694106163702729,11637.202558635394,58.797600295344715,3.234863457430623,0.05971325635653401,10.047823649711107,2.8195397458576967,0.2664725240271612,8254_8252,1.5,1.5,0.0,308,2,15,1,308,1,308,0,1,307,15,408,E West Expy W,W,Freeway,0.265913166567,0.0,8254,8252,W,2,65863,6,408,85901,65863,55,162,55.0,0.00437412598084,1,10773.033391386663,58.599570854522305,3.249523214399824,0.05983708546874213,8.916363165718622,2.561228962242654,0.26794157019871706,9.28480138243331,-1.3245854649714992,1
271,3,16420.935344827587,60.840282971842264,2.1474158581491927,0.03605776470629608,5.462158156809209,1.6399229619342586,0.27324549489291045,17888.349680170577,61.51890642159864,1.7272928238455132,0.02881952058300005,6.363426451701226,1.5836795428461934,0.24039755848199884,8254_8252,0.5,0.5,0.0,308,2,15,1,308,1,308,0,1,307,15,408,E West Expy W,W,Freeway,0.265913166567,0.0,8254,8252,W,2,65863,6,408,85901,65863,55,162,55.0,0.00437412598084,1,17154.642512499082,61.17959469672046,1.937354340997353,0.03243864264464807,5.912792304255218,1.6118012523902259,0.2568215266874546,9.750024116398597,-1.3245854649714992,1
272,0,7311.3083511777295,55.14611814666684,3.0174688030084242,0.055255433485408616,2.1850138475146434,1.5626340816748965,0.7214733487536589,7943.140086206897,60.82272024561681,2.7008125311278635,0.04477044700745215,1.5400368032422111,1.433466022365705,0.8836487327075802,8272_8254,4.0,2.0,2.0,319,2,26,1,319,1,319,0,1,318,26,408,E West Expy W,W,Freeway,0.523750841413,0.0,8272,8254,W,2,65863,6,408,85901,65863,55,67,55.0,0.00861528421267,1,7627.224218692313,57.98441919614183,2.859140667068144,0.05001294024643038,1.8625253253784273,1.4980500520203006,0.8025610407306195,8.939479259751309,-0.6467392012306122,1
273,1,7559.275109170307,54.505299380704365,1.9126598323099084,0.03543067661804312,8.48218235694263,2.33860758843412,0.27355495711520017,6954.3,61.17165374166938,1.9734296869187808,0.03277421782067025,5.030722623061381,1.4296594471085418,0.2703813325159258,8272_8254,3.5,2.0,1.5,319,2,26,1,319,1,319,0,1,318,26,408,E West Expy W,W,Freeway,0.523750841413,0.0,8272,8254,W,2,65863,6,408,85901,65863,55,67,55.0,0.00861528421267,1,7256.787554585153,57.83847656118687,1.9430447596143448,0.03410244721935668,6.7564524900020055,1.884133517771331,0.271968144815563,8.889692524298871,-0.6467392012306122,1
274,2,10214.3282937365,51.67926580013775,2.6738042132642934,0.05411668932230308,12.12415469813339,3.2410104320353312,0.2613449658355241,9908.864224137933,58.401541413699896,3.2641829713690247,0.05996091458095025,7.7849026817261375,2.302918178627611,0.2694106163702729,8272_8254,6.0,5.0,1.0,319,2,26,1,319,1,319,0,1,318,26,408,E West Expy W,W,Freeway,0.523750841413,0.0,8272,8254,W,2,65863,6,408,85901,65863,55,67,55.0,0.00861528421267,1,10061.596258937217,55.04040360691882,2.968993592316659,0.057038801951626666,9.954528689929763,2.771964305331471,0.2653777911028985,9.216481104916983,-0.6467392012306122,1
275,3,15807.113978494624,54.28285835491169,1.8249060868595173,0.03415220663953572,7.818536590132169,1.9887483562456256,0.2480925498691025,16420.935344827587,60.840282971842264,2.1474158581491927,0.03605776470629608,5.462158156809209,1.6399229619342586,0.27324549489291045,8272_8254,5.0,2.5,2.5,319,2,26,1,319,1,319,0,1,318,26,408,E West Expy W,W,Freeway,0.523750841413,0.0,8272,8254,W,2,65863,6,408,85901,65863,55,67,55.0,0.00861528421267,1,16114.024661661106,57.561570663376976,1.986160972504355,0.0351049856729159,6.640347373470689,1.814335659089942,0.2606690223810065,9.687445268785337,-0.6467392012306122,1
276,0,6226.384946236559,52.38705548032098,3.6018527141222765,0.07009235035922341,3.258080759518085,2.0615247767024165,0.6297120079235156,7311.3083511777295,55.14611814666684,3.0174688030084242,0.055255433485408616,2.1850138475146434,1.5626340816748965,0.7214733487536589,8274_8272,1.5,1.0,0.5,318,2,25,1,318,1,318,0,1,317,25,408,E West Expy W,W,Freeway,0.301334366325,0.0,8274,8272,S,1,65863,7,4,144500,65863,55,0,55.0,0.00495680619726,1,6768.846648707144,53.766586813493916,3.30966075856535,0.06267389192231601,2.721547303516364,1.8120794291886564,0.6755926783385873,8.82008598931139,-1.1995347791942559,1
277,1,6397.2156862745105,44.313862033844316,5.5318252692310965,0.12896467890667945,15.494187076564176,4.603363592353668,0.29703858863393034,7559.275109170307,54.505299380704365,1.9126598323099084,0.03543067661804312,8.48218235694263,2.33860758843412,0.27355495711520017,8274_8272,5.5,3.5,2.0,318,2,25,1,318,1,318,0,1,317,25,408,E West Expy W,W,Freeway,0.301334366325,0.0,8274,8272,S,1,65863,7,4,144500,65863,55,0,55.0,0.00495680619726,1,6978.245397722409,49.409580707274344,3.7222425507705026,0.08219767776236128,11.988184716753402,3.4709855903938944,0.28529677287456523,8.850552788471786,-1.1995347791942559,1
278,2,6663.295258620688,48.719254201138284,4.3831224381505915,0.09447489302466083,12.533078079577004,3.456318165302549,0.26480219143636863,10214.3282937365,51.67926580013775,2.6738042132642934,0.05411668932230308,12.12415469813339,3.2410104320353312,0.2613449658355241,8274_8272,3.0,2.0,1.0,318,2,25,1,318,1,318,0,1,317,25,408,E West Expy W,W,Freeway,0.301334366325,0.0,8274,8272,S,1,65863,7,4,144500,65863,55,0,55.0,0.00495680619726,1,8438.811776178594,50.19926000063802,3.5284633257074427,0.07429579117348195,12.328616388855197,3.34866429866894,0.2630735786359464,9.040596792865928,-1.1995347791942559,1
279,3,12463.678185745142,50.61384545694798,4.423086586270674,0.08949539434865303,10.381812394504019,3.177000706640813,0.2946817574688348,15807.113978494624,54.28285835491169,1.8249060868595173,0.03415220663953572,7.818536590132169,1.9887483562456256,0.2480925498691025,8274_8272,6.0,3.5,2.5,318,2,25,1,318,1,318,0,1,317,25,408,E West Expy W,W,Freeway,0.301334366325,0.0,8274,8272,S,1,65863,7,4,144500,65863,55,0,55.0,0.00495680619726,1,14135.396082119883,52.44835190592983,3.123996336565096,0.061823800494094375,9.100174492318093,2.5828745314432195,0.27138715366896865,9.556437291108987,-1.1995347791942559,1
280,0,16288.850746268658,63.97385209853236,2.62685799200988,0.04163938636370016,1.8740993780648905,1.3526724379479889,0.7122425715739549,15203.071274298056,63.98729363463693,2.8325169314832013,0.04498295721084878,1.6949307116181296,1.2822032493375262,0.7429806240724799,8309_8313,0.5,0.5,0.0,317,2,24,1,317,1,317,0,1,316,24,408,E West Expy W,W,Freeway,0.396972045378,0.0,8309,8313,W,2,65863,9,408,93000,65863,55,136,55.0,0.00650433139267,1,15745.961010283358,63.980572866584644,2.7296874617465408,0.04331117178727447,1.78451504484151,1.3174378436427574,0.7276115978232174,9.664339167574914,-0.9238894154391629,2
281,1,20403.74358974359,53.506468069073456,9.81160306801362,0.1936737722659385,12.713642310407927,5.807459824273112,0.4301776191672344,18536.472527472528,48.76024065172802,11.90682923122436,0.2575567607857723,13.6301137355985,6.7189064524518045,0.4773606401731661,8309_8313,15.5,13.0,2.5,317,2,24,1,317,1,317,0,1,316,24,408,E West Expy W,W,Freeway,0.396972045378,0.0,8309,8313,W,2,65863,9,408,93000,65863,55,136,55.0,0.00650433139267,1,19470.108058608057,51.13335436040074,10.859216149618991,0.2256152665258554,13.171878023003213,6.263183138362458,0.4537691296702002,9.876635648356395,-0.9238894154391629,2
282,2,16258.417910447759,61.165703936884434,3.187921375224473,0.057083485903872674,7.240090769151412,1.7719090836104407,0.2101934517490304,15192.971800433841,61.06309544005748,3.911493017384473,0.07086219905657679,6.787548423677625,1.9635314365374843,0.24172834268724985,8309_8313,0.5,0.0,0.5,317,2,24,1,317,1,317,0,1,316,24,408,E West Expy W,W,Freeway,0.396972045378,0.0,8309,8313,W,2,65863,9,408,93000,65863,55,136,55.0,0.00650433139267,1,15725.6948554408,61.114399688470954,3.549707196304473,0.06397284248022472,7.0138195964145185,1.8677202600739626,0.2259608972181401,9.663051268537744,-0.9238894154391629,2
283,3,34031.827292110866,62.5034904067499,2.6192524223246827,0.042787412305943316,6.284837070487982,1.4480501534701162,0.21569856080069494,31674.004319654432,62.45815773150439,3.5476310573060084,0.058216862131102165,5.827877835464448,1.7669532944873567,0.2778499374327842,8309_8313,5.0,2.5,2.5,317,2,24,1,317,1,317,0,1,316,24,408,E West Expy W,W,Freeway,0.396972045378,0.0,8309,8313,W,2,65863,9,408,93000,65863,55,136,55.0,0.00650433139267,1,32852.91580588265,62.480824069127145,3.0834417398153455,0.050502137218522744,6.056357452976215,1.6075017239787366,0.24677424911673956,10.399795781187796,-0.9238894154391629,2
284,0,16287.565031982942,62.62277544242793,2.7153115863172004,0.04395179118653544,2.0014699398498186,1.5051629497830887,0.7501972196398652,16288.850746268658,63.97385209853236,2.62685799200988,0.04163938636370016,1.8740993780648905,1.3526724379479889,0.7122425715739549,8318_8309,0.5,0.0,0.5,315,2,22,1,315,1,315,0,1,314,22,408,E West Expy W,W,Freeway,0.183840797773,0.0,8318,8309,W,2,65863,9,408,93000,65863,55,68,55.0,0.00302303734189,1,16288.207889125799,63.29831377048015,2.6710847891635403,0.0427955887751178,1.9377846589573546,1.4289176938655388,0.73121989560691,9.698196682599214,-1.693685125394806,2
285,1,20256.17094017094,52.928082530666934,8.231789490656611,0.1629803366142939,13.230611383568366,4.781942928899207,0.3463701428097585,20403.74358974359,53.506468069073456,9.81160306801362,0.1936737722659385,12.713642310407927,5.807459824273112,0.4301776191672344,8318_8309,5.0,3.0,2.0,315,2,22,1,315,1,315,0,1,314,22,408,E West Expy W,W,Freeway,0.183840797773,0.0,8318,8309,W,2,65863,9,408,93000,65863,55,68,55.0,0.00302303734189,1,20329.957264957266,53.217275299870195,9.021696279335115,0.1783270544401162,12.972126846988147,5.2947013765861595,0.38827388098849647,9.91985080455217,-1.693685125394806,2
286,2,16194.346153846154,60.16976546836956,2.835148130488527,0.05246036455596826,8.393197723085239,1.7886366986049025,0.1895440010012754,16258.417910447759,61.165703936884434,3.187921375224473,0.057083485903872674,7.240090769151412,1.7719090836104407,0.2101934517490304,8318_8309,1.0,0.5,0.5,315,2,22,1,315,1,315,0,1,314,22,408,E West Expy W,W,Freeway,0.183840797773,0.0,8318,8309,W,2,65863,9,408,93000,65863,55,68,55.0,0.00302303734189,1,16226.382032146957,60.667734702627,3.0115347528565,0.05477192522992047,7.816644246118326,1.7802728911076717,0.1998687263751529,9.69439371712176,-1.693685125394806,2
287,3,33887.147121535185,61.24766391293284,2.4481912277677966,0.040838071216317065,7.366620587101889,1.493327684716103,0.1927740062334374,34031.827292110866,62.5034904067499,2.6192524223246827,0.042787412305943316,6.284837070487982,1.4480501534701162,0.21569856080069494,8318_8309,2.5,2.0,0.5,315,2,22,1,315,1,315,0,1,314,22,408,E West Expy W,W,Freeway,0.183840797773,0.0,8318,8309,W,2,65863,9,408,93000,65863,55,68,55.0,0.00302303734189,1,33959.487206823025,61.87557715984137,2.5337218250462397,0.04181274176113019,6.825728828794936,1.4706889190931096,0.20423628351706619,10.432923540394407,-1.693685125394806,2
288,0,15573.833333333336,64.51715325066324,2.5174456854233824,0.03934884807412842,1.4384352615847251,1.086490396350452,0.7541683367028416,14829.929032258064,63.56222109497258,2.4322246483875234,0.039055002657301004,1.9979669012309889,1.5608073575537662,0.7680440629991554,8353_6185,1.0,1.0,0.0,323,2,30,1,323,1,323,0,1,322,30,408,E West Expy W,W,Freeway,0.42615895878,0.0,8353,6185,W,2,65863,10,408,137612,65863,55,163,55.0,0.00701033979363,1,15201.8811827957,64.0396871728179,2.4748351669054527,0.03920192536571471,1.718201081407857,1.323648876952109,0.7611061998509985,9.629174461202513,-0.8529428596371252,2
289,1,21080.4021978022,50.25571428776582,11.46588641389205,0.2440694694539541,12.744015726760411,6.429114914625195,0.4761388676559932,18601.907127429804,47.35642177878867,14.201214676830508,0.3226282275964013,17.828603001786718,8.948864385197197,0.4827973347333169,8353_6185,12.5,9.0,3.5,323,2,30,1,323,1,323,0,1,322,30,408,E West Expy W,W,Freeway,0.42615895878,0.0,8353,6185,W,2,65863,10,408,137612,65863,55,163,55.0,0.00701033979363,1,19841.154662616,48.80606803327724,12.83355054536128,0.2833488485251777,15.286309364273563,7.688989649911196,0.47946810119465505,9.895513577865948,-0.8529428596371252,2
290,2,15819.818777292576,61.698074674015636,2.126840927962554,0.03755654141945618,5.620714886655724,1.0623593369178903,0.1679112731172208,14124.522580645162,62.56573770128779,2.7962891495187927,0.04989680473403873,7.519830418190857,1.5050784594441402,0.1758850810678557,8353_6185,2.0,1.0,1.0,323,2,30,1,323,1,323,0,1,322,30,408,E West Expy W,W,Freeway,0.42615895878,0.0,8353,6185,W,2,65863,10,408,137612,65863,55,163,55.0,0.00701033979363,1,14972.170678968869,62.13190618765171,2.461565038740673,0.04372667307674745,6.570272652423291,1.2837188981810153,0.17189817709253824,9.613948468837037,-0.8529428596371252,2
291,3,32941.90064794816,62.056169747182636,2.5733707902391507,0.04239777194296372,5.170663283131575,1.3013373149157217,0.2321978217873521,30349.44516129032,63.248847365477886,3.1836461789636346,0.05144210703798911,7.018165866805309,1.815795886921044,0.24194900655000395,8353_6185,5.0,2.0,3.0,323,2,30,1,323,1,323,0,1,322,30,408,E West Expy W,W,Freeway,0.42615895878,0.0,8353,6185,W,2,65863,10,408,137612,65863,55,163,55.0,0.00701033979363,1,31645.67290461924,62.65250855633026,2.878508484601393,0.04691993949047642,6.094414574968442,1.558566600918383,0.23707341416867803,10.36235670115205,-0.8529428596371252,2
292,0,4244.139186295503,69.91302038800221,3.8871368446236962,0.05563296121948455,1.5280826225460418,1.017876452769636,0.6650865074930215,5906.456730769231,72.45811225884485,2.6287790433865275,0.036309444687864505,1.0254336323790632,0.7808500984715155,0.7638813735067884,11007_8480,1.0,0.0,1.0,20,2,20,1,20,1,20,21,1,19,21,417,FL-417 N,N,Freeway,0.282986482645,0.00462481575223,11007,8480,E,2,65863,4,417,47407,65863,70,0,70.0,0.00462481575223,1,5075.297958532367,71.18556632342353,3.2579579440051116,0.04597120295367453,1.2767581274625526,0.8993632756205758,0.7144839404999049,8.532140513227423,-1.2623561469849602,0
293,1,5123.071428571428,70.79869117720115,1.659467147622353,0.02359787613456479,4.68027535533324,1.1178812379767935,0.2403475047370205,5335.2337349397585,72.26421065486737,1.4275933182895593,0.020035877480066886,3.836587904422304,0.8983146656558771,0.23354477501702745,11007_8480,0.0,0.0,0.0,20,2,20,1,20,1,20,21,1,19,21,417,FL-417 N,N,Freeway,0.282986482645,0.00462481575223,11007,8480,E,2,65863,4,417,47407,65863,70,0,70.0,0.00462481575223,1,5229.152581755594,71.53145091603426,1.5435302329559561,0.021816876807315838,4.258431629877772,1.0080979518163353,0.23694613987702395,8.562004513673592,-1.2623561469849602,0
294,2,6625.0686695278955,70.57877519678864,2.116297642535484,0.030375188655129306,5.984598598189224,1.1341054625676399,0.18908786526199586,6773.9373549883985,71.3117464493371,1.881929698857814,0.026678897414410718,4.663079911008895,0.9042395925534896,0.18619582203378496,11007_8480,1.0,1.0,0.0,20,2,20,1,20,1,20,21,1,19,21,417,FL-417 N,N,Freeway,0.282986482645,0.00462481575223,11007,8480,E,2,65863,4,417,47407,65863,70,0,70.0,0.00462481575223,1,6699.503012258147,70.94526082306287,1.9991136706966488,0.02852704303477001,5.32383925459906,1.0191725275605648,0.1876418436478904,8.809788625352883,-1.2623561469849602,0
295,3,11071.18669527897,70.31513350289309,1.8636516399937664,0.0269040185142557,4.541573129951283,0.8983651920001944,0.1968807601294721,11431.102564102563,71.57874691347286,1.6217261931984686,0.02483859375259433,3.6653584617009813,0.7558719884139559,0.19499834758470908,11007_8480,0.0,0.0,0.0,20,2,20,1,20,1,20,21,1,19,21,417,FL-417 N,N,Freeway,0.282986482645,0.00462481575223,11007,8480,E,2,65863,4,417,47407,65863,70,0,70.0,0.00462481575223,1,11251.144629690767,70.94694020818298,1.7426889165961175,0.025871306133425014,4.103465795826132,0.8271185902070751,0.19593955385709058,9.32822514731831,-1.2623561469849602,0
296,0,1855.991304347826,43.469825464308826,3.1270117204982304,0.07201641016548703,1.5537414017921285,1.3506351841091906,0.8646722310243556,7518.963123644252,67.3768702505216,3.6439211230265878,0.055755357956016216,1.6816779077206054,1.3404285102759803,0.782093115511244,2529_11876,1.0,1.0,0.0,50,2,50,1,50,1,50,51,1,49,51,417,FL-417 N,N,Freeway,0.155378793407,0.00240078685003,2529,11876,N,2,65863,6,417,71707,65863,70,0,70.0,0.00240078685003,1,4687.477213996039,55.423347857415216,3.385466421762409,0.06388588406075163,1.617709654756367,1.3455318471925855,0.8233826732677998,8.452649809252673,-1.861889314923145,1
297,1,1847.8056768558954,45.23416706726358,1.8344287818389904,0.04066826599789247,5.740304778146089,2.581794582263683,0.4523649761835769,9258.252173913044,64.14641053072049,4.856462845122077,0.07834485956475983,8.726914659087232,3.5136851768407102,0.3887715223276612,2529_11876,0.5,0.5,0.0,50,2,50,1,50,1,50,51,1,49,51,417,FL-417 N,N,Freeway,0.155378793407,0.00240078685003,2529,11876,N,2,65863,6,417,71707,65863,70,0,70.0,0.00240078685003,1,5553.028925384469,54.69028879899203,3.3454458134805334,0.05950656278132615,7.233609718616661,3.0477398795521964,0.4205682492556191,8.62209881019337,-1.861889314923145,1
298,2,2298.513043478261,44.566023576238095,1.9197307544808968,0.04376103902071345,7.1879859817115275,1.760790689920682,0.2372151534347575,10246.954446854665,63.96268654160245,3.40924673823334,0.056794188413578764,8.804803762642246,2.04219152356134,0.22415238648765204,2529_11876,0.5,0.5,0.0,50,2,50,1,50,1,50,51,1,49,51,417,FL-417 N,N,Freeway,0.155378793407,0.00240078685003,2529,11876,N,2,65863,6,417,71707,65863,70,0,70.0,0.00240078685003,1,6272.7337451664625,54.26435505892027,2.6644887463571183,0.050277613717146105,7.996394872176887,1.901491106741011,0.23068376996120477,8.743967542618625,-1.861889314923145,1
299,3,3393.4152173913044,45.78919921444873,1.6853415867164188,0.03696865483295378,4.50873789279813,1.3007501887847244,0.2885235226239191,17526.088937093275,67.22326846611057,2.1241302852640054,0.032228827567133134,6.425542069638487,1.433011909050169,0.21748484678495592,2529_11876,1.0,0.0,1.0,50,2,50,1,50,1,50,51,1,49,51,417,FL-417 N,N,Freeway,0.155378793407,0.00240078685003,2529,11876,N,2,65863,6,417,71707,65863,70,0,70.0,0.00240078685003,1,10459.75207724229,56.50623384027965,1.904735935990212,0.034598741200043456,5.467139981218308,1.3668810489174468,0.25300418470443753,9.255290035353532,-1.861889314923145,1
300,0,9688.720682302772,69.55826419829268,2.3001009301122783,0.0332749838947941,1.3515404249412204,0.9529580929757928,0.7067411742799898,9641.545842217483,69.62196738239675,2.4664835276390997,0.03588976254292674,2.2657114106188767,1.6297797457299072,0.720962115262485,2531_6046,0.5,0.5,0.0,57,2,57,1,57,1,57,58,1,56,58,417,FL-417 N,N,Freeway,0.608960742813,0.00907390128016,2531,6046,N,2,65863,6,417,91500,65863,70,67,70.0,0.00907390128016,1,9665.133262260128,69.59011579034471,2.383292228875689,0.034582373218860415,1.8086259177800486,1.2913689193528501,0.7138516447712374,9.176280179675688,-0.4960014750691977,1
301,1,9084.664516129033,68.49032685268482,1.5662101391809489,0.023442854990139803,4.939328441296925,1.7443662568749083,0.34585174454332,8869.710300429184,69.09500660712368,2.3584352915549402,0.035428152856024527,7.834318990769813,2.6414003553398397,0.3330730690401881,2531_6046,1.5,1.0,0.5,57,2,57,1,57,1,57,58,1,56,58,417,FL-417 N,N,Freeway,0.608960742813,0.00907390128016,2531,6046,N,2,65863,6,417,91500,65863,70,67,70.0,0.00907390128016,1,8977.187408279107,68.79266672990425,1.9623227153679446,0.029435503923082165,6.386823716033369,2.1928833061073743,0.33946240679175405,9.102441906031938,-0.4960014750691977,1
302,2,12567.089743589744,56.18772539657682,11.32942324155195,0.2242917936549861,11.132733417373707,5.511188179552359,0.4524696260965917,12048.318376068377,52.694928595389406,13.003488836114814,0.27008004048761386,15.542875441844945,5.91287689000134,0.3668399821273885,2531_6046,2.5,1.5,1.0,57,2,57,1,57,1,57,58,1,56,58,417,FL-417 N,N,Freeway,0.608960742813,0.00907390128016,2531,6046,N,2,65863,6,417,91500,65863,70,67,70.0,0.00907390128016,1,12307.70405982906,54.44132699598312,12.166456038833381,0.2471859170713,13.337804429609326,5.712032534776849,0.40965480411199007,9.417980691615082,-0.4960014750691977,1
303,3,19536.889125799567,67.87749725396522,1.805422506532675,0.02719975441821944,4.6641442300235765,1.198356910339904,0.24500254885842804,19175.991471215348,68.84584905195476,2.578289850443288,0.03846223666011225,7.433312713931353,1.8350985087756235,0.24071476839022665,2531_6046,1.5,1.0,0.5,57,2,57,1,57,1,57,58,1,56,58,417,FL-417 N,N,Freeway,0.608960742813,0.00907390128016,2531,6046,N,2,65863,6,417,91500,65863,70,67,70.0,0.00907390128016,1,19356.440298507456,68.36167315295998,2.1918561784879813,0.032830995539165846,6.048728471977465,1.5167277095577638,0.24285865862432734,9.870780475045866,-0.4960014750691977,1
304,0,6030.938034188033,73.36833709927507,2.4550681588054704,0.0334894998071676,1.4876394480061153,1.2426877415738464,0.8380467239755091,6111.023454157783,68.4160833037354,2.5525323263777984,0.03732755750060635,1.0493449930393592,0.8691896026110829,0.8312120147470977,5900_8512,0.5,0.0,0.5,28,2,28,1,28,1,28,29,1,27,29,417,FL-417 N,N,Freeway,0.349027857505,0.00533092606564,5900,8512,E,2,65863,4,417,45500,65863,70,0,70.0,0.00533092606564,1,6070.980744172908,70.89221020150524,2.5038002425916344,0.03540852865388698,1.2684922205227371,1.0559386720924646,0.8346293693613034,8.711275443353523,-1.052603539033999,0
305,1,5410.9248927038625,73.42392368006307,1.4005639710207818,0.019430628291215044,5.623288968758169,1.5779209312772011,0.2804899907373615,5419.181623931624,68.82210587792547,1.4759265274053628,0.02194476020404177,3.947335347202512,1.1588408636868337,0.2885308859942077,5900_8512,0.5,0.5,0.0,28,2,28,1,28,1,28,29,1,27,29,417,FL-417 N,N,Freeway,0.349027857505,0.00533092606564,5900,8512,E,2,65863,4,417,45500,65863,70,0,70.0,0.00533092606564,1,5415.053258317743,71.12301477899427,1.4382452492130722,0.020687694247628407,4.785312157980341,1.3683808974820173,0.2845104383657846,8.596937994717795,-1.052603539033999,0
306,2,8152.057692307691,70.04809001190095,3.469901985556617,0.052407113688149334,8.738715063265762,2.1908362982358143,0.2388856457438109,8260.67803837953,66.52961604920915,2.9500329861724732,0.04728731959528293,6.23862574120273,1.6771503395977865,0.2483471173684825,5900_8512,0.0,0.0,0.0,28,2,28,1,28,1,28,29,1,27,29,417,FL-417 N,N,Freeway,0.349027857505,0.00533092606564,5900,8512,E,2,65863,4,417,45500,65863,70,0,70.0,0.00533092606564,1,8206.36786534361,68.28885303055506,3.209967485864545,0.04984721664171613,7.488670402234246,1.9339933189168004,0.2436163815561467,9.012665700823039,-1.052603539033999,0
307,3,12890.752136752137,72.58163995387856,1.6654314517854971,0.023126894597684685,5.926342332310562,1.2479835465428968,0.21185442417037206,13065.90618336887,68.44898314351579,1.4371516177835313,0.0211387960792897,4.139294249070977,0.9080246159971616,0.21871482228921948,5900_8512,1.0,0.5,0.5,28,2,28,1,28,1,28,29,1,27,29,417,FL-417 N,N,Freeway,0.349027857505,0.00533092606564,5900,8512,E,2,65863,4,417,45500,65863,70,0,70.0,0.00533092606564,1,12978.329160060504,70.51531154869718,1.5512915347845142,0.022132845338487195,5.03281829069077,1.0780040812700291,0.21528462322979577,9.47103625778601,-1.052603539033999,0
308,0,8373.227990970654,68.8915793915055,2.6000425671996625,0.038286919940784515,1.4320320101362076,1.1169083844292107,0.7653476604463048,1855.991304347826,43.469825464308826,3.1270117204982304,0.07201641016548703,1.5537414017921285,1.3506351841091906,0.8646722310243556,6035_2529,0.5,0.5,0.0,44,2,44,1,44,1,44,45,1,43,45,417,FL-417 N,N,Freeway,0.401925833537,0.00608920410172,6035,2529,N,2,65863,4,417,97500,65863,70,0,70.0,0.00608920410172,1,5114.60964765924,56.180702427907164,2.8635271438489465,0.055151665053135776,1.492886705964168,1.2337717842692006,0.8150099457353301,8.539856360255438,-0.9114877010732249,0
309,1,10228.954337899544,68.75563851480425,2.8316992342390823,0.042900547912647496,7.230063983807978,2.7574815187519084,0.3632118078014972,1847.8056768558954,45.23416706726358,1.8344287818389904,0.04066826599789247,5.740304778146089,2.581794582263683,0.4523649761835769,6035_2529,1.5,1.5,0.0,44,2,44,1,44,1,44,45,1,43,45,417,FL-417 N,N,Freeway,0.401925833537,0.00608920410172,6035,2529,N,2,65863,4,417,97500,65863,70,0,70.0,0.00608920410172,1,6038.38000737772,56.99490279103391,2.3330640080390364,0.041784406955269984,6.485184380977033,2.6696380505077957,0.407788391992537,8.705891044254885,-0.9114877010732249,0
310,2,11416.184090909092,67.9648742459687,2.2242802736447227,0.03688053778943909,7.817293114814966,1.6143959445545435,0.19622984294558202,2298.513043478261,44.566023576238095,1.9197307544808968,0.04376103902071345,7.1879859817115275,1.760790689920682,0.2372151534347575,6035_2529,0.5,0.5,0.0,44,2,44,1,44,1,44,45,1,43,45,417,FL-417 N,N,Freeway,0.401925833537,0.00608920410172,6035,2529,N,2,65863,4,417,97500,65863,70,0,70.0,0.00608920410172,1,6857.348567193676,56.2654489111034,2.07200551406281,0.040320788405076274,7.502639548263247,1.6875933172376127,0.21672249819016975,8.833076139767153,-0.9114877010732249,0
311,3,19146.751693002258,69.26483095487957,1.6328480893427726,0.0240498687820904,5.7768225724863935,1.2006020957432242,0.20528642608767647,3393.4152173913044,45.78919921444873,1.6853415867164188,0.03696865483295378,4.50873789279813,1.3007501887847244,0.2885235226239191,6035_2529,0.5,0.5,0.0,44,2,44,1,44,1,44,45,1,43,45,417,FL-417 N,N,Freeway,0.401925833537,0.00608920410172,6035,2529,N,2,65863,4,417,97500,65863,70,0,70.0,0.00608920410172,1,11270.083455196782,57.52701508466415,1.6590948380295956,0.03050926180752209,5.142780232642261,1.2506761422639743,0.24690497435579778,9.32990701208154,-0.9114877010732249,0
312,0,9641.545842217483,69.62196738239675,2.4664835276390997,0.03588976254292674,2.2657114106188767,1.6297797457299072,0.720962115262485,9586.195278969955,66.06355333899168,3.15962932494112,0.04892183283796587,2.137376056714095,1.4031039052272531,0.6485021422682989,6046_6317,0.0,0.0,0.0,56,2,56,1,56,1,56,57,1,55,57,417,FL-417 N,N,Freeway,0.347968123899,0.00529077781579,6046,6317,N,2,65863,4,417,91500,65863,70,43,70.0,0.00529077781579,1,9613.87056059372,67.84276036069421,2.81305642629011,0.042405797690446306,2.201543733666486,1.51644182547858,0.684732128765392,9.170962184726253,-1.0556444013943942,0
313,1,8869.710300429184,69.09500660712368,2.3584352915549402,0.035428152856024527,7.834318990769813,2.6414003553398397,0.3330730690401881,8929.767895878525,65.37200776893897,2.708053852529841,0.04250478829382192,6.597852559105354,2.2437504799778867,0.3342441916734264,6046_6317,0.0,0.0,0.0,56,2,56,1,56,1,56,57,1,55,57,417,FL-417 N,N,Freeway,0.347968123899,0.00529077781579,6046,6317,N,2,65863,4,417,91500,65863,70,43,70.0,0.00529077781579,1,8899.739098153856,67.23350718803133,2.5332445720423906,0.03896647057492322,7.216085774937584,2.442575417658863,0.3336586303568072,9.09377724047637,-1.0556444013943942,0
314,2,12048.318376068377,52.694928595389406,13.003488836114814,0.27008004048761386,15.542875441844945,5.91287689000134,0.3668399821273885,12181.396995708157,52.864651123249295,9.105067534258717,0.1826823557525967,12.410534918561435,4.147103664103145,0.32407874508199663,6046_6317,4.0,3.5,0.5,56,2,56,1,56,1,56,57,1,55,57,417,FL-417 N,N,Freeway,0.347968123899,0.00529077781579,6046,6317,N,2,65863,4,417,91500,65863,70,43,70.0,0.00529077781579,1,12114.857685888266,52.77978985931935,11.054278185186766,0.22638119812010526,13.97670518020319,5.029990277052242,0.34545936360469254,9.402187886247109,-1.0556444013943942,0
315,3,19175.991471215348,68.84584905195476,2.578289850443288,0.03846223666011225,7.433312713931353,1.8350985087756235,0.24071476839022665,19295.849785407725,64.8115699398785,2.6323216447147275,0.04132006871993208,6.221049989721,1.5674050196655709,0.2460427529349125,6046_6317,1.5,1.5,0.0,56,2,56,1,56,1,56,57,1,55,57,417,FL-417 N,N,Freeway,0.347968123899,0.00529077781579,6046,6317,N,2,65863,4,417,91500,65863,70,43,70.0,0.00529077781579,1,19235.920628311535,66.82870949591663,2.605305747579008,0.039891152690022164,6.827181351826177,1.701251764220597,0.24337876066256958,9.864534676183569,-1.0556444013943942,0
316,0,10479.778251599148,72.72942237545709,2.1001649665609463,0.028971496516871663,1.500217316058208,1.1046196586571306,0.7278715843453716,10455.469083155649,70.9126766890512,2.182916981351355,0.030820493862939717,1.4205083793566249,0.9862864046174892,0.6981223816012475,6173_8544,2.5,2.5,0.0,36,2,36,1,36,1,36,37,1,35,37,417,FL-417 N,N,Freeway,1.1323705209,0.016793898701,6173,8544,N,2,65863,6,417,96500,65863,70,52,70.0,0.016793898701,1,10467.623667377398,71.82104953225414,2.1415409739561504,0.02989599518990569,1.4603628477074164,1.0454530316373098,0.7129969829733096,9.2560423122374,0.12431324150771561,1
317,1,10577.903846153846,73.56646574907529,1.4828539232355384,0.020828270849681654,5.8067921970828404,1.7019321257926092,0.2876947358564933,10570.685224839399,70.57967845187282,1.597380322416875,0.02297949651384957,5.387739925570814,1.5419774980479262,0.28350912972672393,6173_8544,2.5,2.5,0.0,36,2,36,1,36,1,36,37,1,35,37,417,FL-417 N,N,Freeway,1.1323705209,0.016793898701,6173,8544,N,2,65863,6,417,96500,65863,70,52,70.0,0.016793898701,1,10574.294535496621,72.07307210047406,1.5401171228262067,0.02190388368176561,5.5972660613268275,1.6219548119202676,0.2856019327916086,9.266181291097892,0.12431324150771561,1
318,2,14082.260127931768,70.35778308970093,3.531455724573884,0.05586737193904919,8.03147880882882,1.835211875432569,0.21232097293197785,14072.01282051282,67.00004977430956,3.8041113162726035,0.05971449280299379,7.268838032895378,1.7638461687232394,0.2306796597116818,6173_8544,7.0,5.5,1.5,36,2,36,1,36,1,36,37,1,35,37,417,FL-417 N,N,Freeway,1.1323705209,0.016793898701,6173,8544,N,2,65863,6,417,96500,65863,70,52,70.0,0.016793898701,1,14077.136474222294,68.67891643200525,3.6677835204232436,0.057790932371021494,7.650158420862099,1.799529022077904,0.22150031632182982,9.552307233618102,0.12431324150771561,1
319,3,21410.67803837953,72.89246227792842,1.680806310201461,0.02335713987604797,5.229846424605425,1.0707297505301432,0.2028444102336691,21330.940298507463,70.10842373838986,1.7960803177410158,0.02585144689326781,4.891331824070591,1.0260673981944868,0.20801374377028206,6173_8544,8.0,6.0,2.0,36,2,36,1,36,1,36,37,1,35,37,417,FL-417 N,N,Freeway,1.1323705209,0.016793898701,6173,8544,N,2,65863,6,417,96500,65863,70,52,70.0,0.016793898701,1,21370.8091684435,71.50044300815914,1.7384433139712385,0.024604293384657888,5.060589124338009,1.048398574362315,0.20542907700197557,9.969781212287195,0.12431324150771561,1
320,0,9586.195278969955,66.06355333899168,3.15962932494112,0.04892183283796587,2.137376056714095,1.4031039052272531,0.6485021422682989,10098.526652452025,63.44607876342403,2.7174654979249517,0.04368317215945403,1.4398064243713415,1.035058159049933,0.7081657513954883,6317_6318,1.0,1.0,0.0,55,2,55,1,55,1,55,56,1,54,56,417,FL-417 N,N,Freeway,0.456139977588,0.006939068769350001,6317,6318,N,2,65863,4,417,91500,65863,70,52,70.0,0.006939068769350001,1,9842.36096571099,64.75481605120785,2.938547411433036,0.04630250249870995,1.7885912405427182,1.2190810321385932,0.6783339468318936,9.194450896806106,-0.7849555481781721,0
321,1,8929.767895878525,65.37200776893897,2.708053852529841,0.04250478829382192,6.597852559105354,2.2437504799778867,0.3342441916734264,9386.477516059957,63.22223132586197,1.5986348034255569,0.025710652142891727,5.101827747093212,1.746407529729434,0.3378304395386557,6317_6318,0.0,0.0,0.0,55,2,55,1,55,1,55,56,1,54,56,417,FL-417 N,N,Freeway,0.456139977588,0.006939068769350001,6317,6318,N,2,65863,4,417,91500,65863,70,52,70.0,0.006939068769350001,1,9158.122705969241,64.29711954740047,2.153344327977699,0.03410772021835683,5.849840153099283,1.9950790048536602,0.33603731560604105,9.122396491900945,-0.7849555481781721,0
322,2,12181.396995708157,52.864651123249295,9.105067534258717,0.1826823557525967,12.410534918561435,4.147103664103145,0.32407874508199663,12979.313432835821,53.90845861595722,7.270656735893378,0.1400131993470958,10.625205477354813,4.220596352468351,0.3837963969226316,6317_6318,2.5,1.0,1.5,55,2,55,1,55,1,55,56,1,54,56,417,FL-417 N,N,Freeway,0.456139977588,0.006939068769350001,6317,6318,N,2,65863,4,417,91500,65863,70,52,70.0,0.006939068769350001,1,12580.35521427199,53.38655486960326,8.187862135076047,0.16134777754984625,11.517870197958125,4.183850008285749,0.35393757100231416,9.439891766284408,-0.7849555481781721,0
323,3,19295.849785407725,64.8115699398785,2.6323216447147275,0.04132006871993208,6.221049989721,1.5674050196655709,0.2460427529349125,20221.808102345414,62.40934938417593,1.613350352046728,0.02626852252249787,4.754247437736937,1.0807935324931426,0.2223717599577491,6317_6318,1.5,1.5,0.0,55,2,55,1,55,1,55,56,1,54,56,417,FL-417 N,N,Freeway,0.456139977588,0.006939068769350001,6317,6318,N,2,65863,4,417,91500,65863,70,52,70.0,0.006939068769350001,1,19758.82894387657,63.61045966202721,2.1228359983807277,0.03379429562121498,5.4876487137289685,1.3240992760793566,0.2342072564463308,9.891355705571822,-0.7849555481781721,0
324,0,10098.526652452025,63.44607876342403,2.7174654979249517,0.04368317215945403,1.4398064243713415,1.035058159049933,0.7081657513954883,9508.611587982832,65.6852756862589,2.5838235740127256,0.039644602929189685,1.2559643897629935,0.8108505085351629,0.6533653772586095,6318_8120,0.0,0.0,0.0,54,2,54,1,54,1,54,55,1,53,55,417,FL-417 N,N,Freeway,0.332452042552,0.005027195689810001,6318,8120,N,2,65863,5,417,91500,65863,70,39,70.0,0.005027195689810001,1,9803.569120217428,64.56567722484147,2.650644535968839,0.04166388754432186,1.3478854070671675,0.922954333792548,0.6807655643270489,9.190501794295974,-1.1012596622151127,1
325,1,9386.477516059957,63.22223132586197,1.5986348034255569,0.025710652142891727,5.101827747093212,1.746407529729434,0.3378304395386557,8853.152173913044,66.31806988715785,1.4135950694527053,0.021589034247772528,3.8251321712522537,1.2072944442777214,0.3117893726648713,6318_8120,1.0,1.0,0.0,54,2,54,1,54,1,54,55,1,53,55,417,FL-417 N,N,Freeway,0.332452042552,0.005027195689810001,6318,8120,N,2,65863,5,417,91500,65863,70,39,70.0,0.005027195689810001,1,9119.8148449865,64.7701506065099,1.506114936439131,0.02364984319533213,4.463479959172733,1.4768509870035778,0.3248099061017635,9.118204780777473,-1.1012596622151127,1
326,2,12979.313432835821,53.90845861595722,7.270656735893378,0.1400131993470958,10.625205477354813,4.220596352468351,0.3837963969226316,12152.58747300216,55.98932890186059,7.867145832073816,0.1455441574108555,8.680552525229551,3.5600847949291063,0.3947705588541165,6318_8120,7.0,6.0,1.0,54,2,54,1,54,1,54,55,1,53,55,417,FL-417 N,N,Freeway,0.332452042552,0.005027195689810001,6318,8120,N,2,65863,5,417,91500,65863,70,39,70.0,0.005027195689810001,1,12565.95045291899,54.94889375890891,7.568901283983597,0.14277867837897565,9.652879001292181,3.8903405736987287,0.38928347788837403,9.438746090007403,-1.1012596622151127,1
327,3,20221.808102345414,62.40934938417593,1.613350352046728,0.02626852252249787,4.754247437736937,1.0807935324931426,0.2223717599577491,18845.010729613732,65.29102470213766,1.4943557359592592,0.02311558205049697,3.561945155893924,0.807081670351644,0.22216122588372972,6318_8120,1.5,1.5,0.0,54,2,54,1,54,1,54,55,1,53,55,417,FL-417 N,N,Freeway,0.332452042552,0.005027195689810001,6318,8120,N,2,65863,5,417,91500,65863,70,39,70.0,0.005027195689810001,1,19533.40941597957,63.850187043156794,1.5538530440029936,0.024692052286497422,4.1580962968154305,0.9439376014223932,0.2222664929207394,9.879881581905428,-1.1012596622151127,1
328,0,8000.299785867238,68.72832482508008,2.7924785970760126,0.04075159160923345,1.7983937096679068,1.2575386738117658,0.7007537818685807,4244.139186295503,69.91302038800221,3.8871368446236962,0.05563296121948455,1.5280826225460418,1.017876452769636,0.6650865074930215,6324_6854,0.0,0.0,0.0,17,2,17,1,17,1,17,18,1,16,18,417,FL-417 N,N,Freeway,0.514529769133,0.00844521123645,6324,6854,E,2,65863,4,417,49500,65863,70,0,70.0,0.00844521123645,1,6122.219486081371,69.32067260654114,3.3398077208498544,0.048192276414359,1.6632381661069742,1.137707563290701,0.6829201446808011,8.719679970885128,-0.6645018650650639,0
329,1,7245.6064516129045,66.12127079907528,1.5609958053817914,0.023673482085024303,6.165288048005513,1.2671679256234736,0.2056455297569796,5123.071428571428,70.79869117720115,1.659467147622353,0.02359787613456479,4.68027535533324,1.1178812379767935,0.2403475047370205,6324_6854,0.5,0.5,0.0,17,2,17,1,17,1,17,18,1,16,18,417,FL-417 N,N,Freeway,0.514529769133,0.00844521123645,6324,6854,E,2,65863,4,417,49500,65863,70,0,70.0,0.00844521123645,1,6184.338940092166,68.45998098813821,1.6102314765020722,0.023635679109794548,5.4227817016693765,1.1925245818001335,0.22299651724700004,8.729775397965186,-0.6645018650650639,0
330,2,8696.538626609443,65.16086691336379,2.0071951242592787,0.03133532898859223,7.425575265955491,1.3784494280045447,0.1854697215609234,6625.0686695278955,70.57877519678864,2.116297642535484,0.030375188655129306,5.984598598189224,1.1341054625676399,0.18908786526199586,6324_6854,1.0,0.5,0.5,17,2,17,1,17,1,17,18,1,16,18,417,FL-417 N,N,Freeway,0.514529769133,0.00844521123645,6324,6854,E,2,65863,4,417,49500,65863,70,0,70.0,0.00844521123645,1,7660.80364806867,67.86982105507622,2.0617463833973813,0.03085525882186077,6.705086932072357,1.2562774452860923,0.18727879341145964,8.943872172122926,-0.6645018650650639,0
331,3,15751.547008547006,66.18669199019122,1.5558684061951695,0.023583984067507745,5.789969997500736,0.9683010651718821,0.16801998292800793,11071.18669527897,70.31513350289309,1.8636516399937664,0.0269040185142557,4.541573129951283,0.8983651920001944,0.1968807601294721,6324_6854,1.5,1.5,0.0,17,2,17,1,17,1,17,18,1,16,18,417,FL-417 N,N,Freeway,0.514529769133,0.00844521123645,6324,6854,E,2,65863,4,417,49500,65863,70,0,70.0,0.00844521123645,1,13411.366851912988,68.25091274654216,1.7097600230944678,0.025244001290881724,5.165771563726009,0.9333331285860382,0.18245037152874,9.503857898890013,-0.6645018650650639,0
332,0,6241.547974413646,72.518299163983,2.760853049485149,0.03823687673360141,1.7885689841145884,1.497020058554115,0.8386849359820471,6511.571428571428,71.16031160454641,2.8017973813588206,0.0399185377127682,1.1074960890664771,1.0046488641811808,0.8976982532707568,6642_7993,0.5,0.0,0.5,35,2,35,1,35,1,35,36,1,34,36,417,FL-417 N,N,Freeway,0.464525947666,0.006760513474420001,6642,7993,N,2,65863,4,417,82000,65863,70,44,70.0,0.006760513474420001,1,6376.559701492537,71.8393053842647,2.781325215421985,0.03907770722318481,1.4480325365905329,1.2508344613676479,0.8681915946264019,8.760383999160133,-0.7667378607900538,0
333,1,8701.260683760684,69.71455797548677,4.138724797792519,0.062302494604592175,10.705754640199304,3.4570664083442524,0.31732496337439386,8537.610722610723,70.05771694916787,2.3759650125712826,0.0347598519948145,6.26209195167224,1.8768367567398883,0.2984529341396755,6642_7993,0.5,0.5,0.0,35,2,35,1,35,1,35,36,1,34,36,417,FL-417 N,N,Freeway,0.464525947666,0.006760513474420001,6642,7993,N,2,65863,4,417,82000,65863,70,44,70.0,0.006760513474420001,1,8619.435703185703,69.88613746232733,3.257344905181901,0.04853117329970334,8.483923295935773,2.66695158254207,0.30788894875703465,9.061774897847348,-0.7667378607900538,0
334,2,9017.559829059828,66.72725914078633,5.844249371695633,0.09315340999436422,11.595218999429074,3.2769173548066046,0.2732564236809648,9347.416666666666,67.13852993514261,3.992080615808247,0.06309195841900085,7.224206982503665,1.9148044832469755,0.24908824067207344,6642_7993,2.0,1.5,0.5,35,2,35,1,35,1,35,36,1,34,36,417,FL-417 N,N,Freeway,0.464525947666,0.006760513474420001,6642,7993,N,2,65863,4,417,82000,65863,70,44,70.0,0.006760513474420001,1,9182.488247863246,66.93289453796447,4.91816499375194,0.07812268420668253,9.40971299096637,2.59586091902679,0.26117233217651914,9.125053497852354,-0.7667378607900538,0
335,3,15950.7078891258,71.57366339169809,2.3386381744514844,0.03307965096118429,8.317421091579126,1.6792258042967954,0.20194897675203294,15935.752886836028,70.00235869516912,1.761551442951347,0.02542832887425016,5.104024178000422,1.0109538126475808,0.1985743868230086,6642_7993,1.5,1.0,0.5,35,2,35,1,35,1,35,36,1,34,36,417,FL-417 N,N,Freeway,0.464525947666,0.006760513474420001,6642,7993,N,2,65863,4,417,82000,65863,70,44,70.0,0.006760513474420001,1,15943.230387980915,70.78801104343361,2.0500948087014157,0.029253989917717223,6.710722634789774,1.345089808472188,0.20026168178752077,9.676789591032486,-0.7667378607900538,0
336,0,9137.219616204693,73.54626914322544,2.4361226794642183,0.03346385078519085,1.8635940490563687,1.4356922203910147,0.7639194861333142,8373.227990970654,68.8915793915055,2.6000425671996625,0.038286919940784515,1.4320320101362076,1.1169083844292107,0.7653476604463048,6689_11878,2.0,1.0,1.0,49,2,49,1,49,1,49,50,1,48,50,417,FL-417 N,N,Freeway,0.70811926113,0.0102989237466,6689,11878,N,2,65863,4,417,97500,65863,70,0,70.0,0.0102989237466,1,8755.223803587673,71.21892426736548,2.5180826233319404,0.035875385362987684,1.6478130295962883,1.2763003024101127,0.7646335732898095,9.077405807338705,-0.34514275155044694,0
337,1,11039.195278969955,73.76667789828706,2.029503175657461,0.02817724352227865,9.171586146745325,3.0400414001908564,0.32691747298027385,10228.954337899544,68.75563851480425,2.8316992342390823,0.042900547912647496,7.230063983807978,2.7574815187519084,0.3632118078014972,6689_11878,0.0,0.0,0.0,49,2,49,1,49,1,49,50,1,48,50,417,FL-417 N,N,Freeway,0.70811926113,0.0102989237466,6689,11878,N,2,65863,4,417,97500,65863,70,0,70.0,0.0102989237466,1,10634.07480843475,71.26115820654564,2.430601204948272,0.035538895717463076,8.200825065276652,2.898761459471382,0.3450646403908855,9.271818728874479,-0.34514275155044694,0
338,2,12350.972222222224,72.15132751010337,2.613450692054809,0.039258880342156535,10.251001507313386,2.0384618834487007,0.1943082818782668,11416.184090909092,67.9648742459687,2.2242802736447227,0.03688053778943909,7.817293114814966,1.6143959445545435,0.19622984294558202,6689_11878,2.5,2.0,0.5,49,2,49,1,49,1,49,50,1,48,50,417,FL-417 N,N,Freeway,0.70811926113,0.0102989237466,6689,11878,N,2,65863,4,417,97500,65863,70,0,70.0,0.0102989237466,1,11883.578156565658,70.05810087803604,2.4188654828497658,0.03806970906579781,9.034147311064176,1.826428914001622,0.1952690624119244,9.382912739197648,-0.34514275155044694,0
339,3,20579.47121535181,74.12352597831212,1.7087460929026983,0.023521576730730468,7.4824837205594,1.5166317335327042,0.20008391243756465,19146.751693002258,69.26483095487957,1.6328480893427726,0.0240498687820904,5.7768225724863935,1.2006020957432242,0.20528642608767647,6689_11878,1.0,1.0,0.0,49,2,49,1,49,1,49,50,1,48,50,417,FL-417 N,N,Freeway,0.70811926113,0.0102989237466,6689,11878,N,2,65863,4,417,97500,65863,70,0,70.0,0.0102989237466,1,19863.111454177033,71.69417846659584,1.6707970911227354,0.023785722756410436,6.629653146522896,1.358616914637964,0.20268516926262056,9.89661959472241,-0.34514275155044694,0
340,0,10386.739224137933,75.49264093896673,2.3658069621083957,0.031404361365583916,1.4903499435613108,1.2833359523686731,0.8689743056396553,6030.938034188033,73.36833709927507,2.4550681588054704,0.0334894998071676,1.4876394480061153,1.2426877415738464,0.8380467239755091,6701_5900,0.5,0.0,0.5,25,2,25,1,25,1,25,26,1,24,26,417,FL-417 N,N,Freeway,0.619111197154,0.00942224609489,6701,5900,E,2,65863,4,417,45500,65863,70,0,70.0,0.00942224609489,1,8208.838629162983,74.4304890191209,2.4104375604569332,0.03244693058637576,1.488994695783713,1.26301184697126,0.8535105148075821,9.01296673436031,-0.479470382440565,0
341,1,8995.57142857143,75.2823198075527,1.2595750883608288,0.01677511934372557,5.709713012365441,1.5773283760385448,0.27941880250213275,5410.9248927038625,73.42392368006307,1.4005639710207818,0.019430628291215044,5.623288968758169,1.5779209312772011,0.2804899907373615,6701_5900,0.0,0.0,0.0,25,2,25,1,25,1,25,26,1,24,26,417,FL-417 N,N,Freeway,0.619111197154,0.00942224609489,6701,5900,E,2,65863,4,417,45500,65863,70,0,70.0,0.00942224609489,1,7203.248160637646,74.35312174380789,1.3300695296908054,0.018102873817470305,5.666500990561805,1.5776246536578729,0.27995439661974714,8.882287336695954,-0.479470382440565,0
342,2,13818.560344827589,72.41355505334712,3.928279098154453,0.05927860013546477,9.108712068300338,2.6043951327381154,0.2612888343981844,8152.057692307691,70.04809001190095,3.469901985556617,0.052407113688149334,8.738715063265762,2.1908362982358143,0.2388856457438109,6701_5900,0.0,0.0,0.0,25,2,25,1,25,1,25,26,1,24,26,417,FL-417 N,N,Freeway,0.619111197154,0.00942224609489,6701,5900,E,2,65863,4,417,45500,65863,70,0,70.0,0.00942224609489,1,10985.30901856764,71.23082253262405,3.6990905418555347,0.05584285691180706,8.92371356578305,2.397615715486965,0.25008724007099764,9.304314115380498,-0.479470382440565,0
343,3,21851.26508620689,74.49095834790968,1.5759551867524777,0.02149914525965432,6.101366262343412,1.293215824614846,0.21065608034181207,12890.752136752137,72.58163995387856,1.6654314517854971,0.023126894597684685,5.926342332310562,1.2479835465428968,0.21185442417037206,6701_5900,0.5,0.0,0.5,25,2,25,1,25,1,25,26,1,24,26,417,FL-417 N,N,Freeway,0.619111197154,0.00942224609489,6701,5900,E,2,65863,4,417,45500,65863,70,0,70.0,0.00942224609489,1,17371.008611479512,73.53629915089412,1.6206933192689874,0.022313019928669502,6.013854297326987,1.2705996855788713,0.21125525225609207,9.762557923840648,-0.479470382440565,0
344,0,8769.824411134903,65.37840122930653,2.7210422738078397,0.04179927616938425,1.8394647300564344,1.2381658095583945,0.6490451565420344,8868.90364025696,73.68620664979423,2.3507980475175243,0.032017905007743215,2.583612537136727,1.7913475177003342,0.6866350166825844,6916_6959,0.5,0.5,0.0,3,2,3,1,3,1,3,4,1,2,4,417,FL-417 N,N,Freeway,0.5583604258389999,0.00910996722065,6916,6959,E,2,45451,4,417,69500,45451,70,0,70.0,0.00910996722065,1,8819.364025695932,69.53230393955039,2.535920160662682,0.03690859058856373,2.2115386335965805,1.5147566636293643,0.6678400866123094,9.084705040470913,-0.5827506006775797,0
345,1,5070.894623655914,65.08807039115979,1.3692531940675567,0.021038543161683732,3.9899052736940575,0.9126596575675268,0.2305265641232797,5113.3125,74.15876778151394,1.3797324410651282,0.0188157542384137,6.035410316744832,1.4958514248244386,0.2460739183453577,6916_6959,0.5,0.5,0.0,3,2,3,1,3,1,3,4,1,2,4,417,FL-417 N,N,Freeway,0.5583604258389999,0.00910996722065,6916,6959,E,2,45451,4,417,69500,45451,70,0,70.0,0.00910996722065,1,5092.103561827957,69.62341908633687,1.3744928175663425,0.019927148700048716,5.012657795219445,1.2042555411959825,0.2383002412343187,8.535446297614227,-0.5827506006775797,0
346,2,9315.675965665236,44.37311290531513,15.59143690299799,0.3944192036169185,19.090436357210315,11.220760183174733,0.6017558932270187,9394.060085836907,56.84935051065012,13.481317790449026,0.2513715382295276,17.499920397194394,7.277093068355282,0.4154538065578169,6916_6959,2.5,1.0,1.5,3,2,3,1,3,1,3,4,1,2,4,417,FL-417 N,N,Freeway,0.5583604258389999,0.00910996722065,6916,6959,E,2,45451,4,417,69500,45451,70,0,70.0,0.00910996722065,1,9354.868025751071,50.611231707982625,14.536377346723508,0.32289537092322307,18.295178377202355,9.248926625765007,0.5086048498924178,9.143652131259783,-0.5827506006775797,0
347,3,16990.25053533191,62.62369507052443,2.883544900442832,0.04877990659876653,6.317383255226897,1.8969544423792133,0.2636233039465333,17171.963597430407,71.32561285856565,3.4135485229743447,0.0504777569971885,9.540690005823222,2.381032873656337,0.2359088935387966,6916_6959,0.0,0.0,0.0,3,2,3,1,3,1,3,4,1,2,4,417,FL-417 N,N,Freeway,0.5583604258389999,0.00910996722065,6916,6959,E,2,45451,4,417,69500,45451,70,0,70.0,0.00910996722065,1,17081.10706638116,66.97465396454504,3.1485467117085886,0.049628831797977516,7.92903663052506,2.138993658017775,0.24976609874266498,9.745728281774914,-0.5827506006775797,0
348,0,10497.262260127933,72.20668521787876,2.0452862008018484,0.028367207252399662,1.3758939582592713,1.060372344313902,0.7748449163331573,10516.06652360515,72.00763879975212,2.0286399081692315,0.02824309888655652,1.3001347670109056,1.0245408288692306,0.7899827574469882,6965_8557,1.5,1.0,0.5,41,2,41,1,41,1,41,42,1,40,42,417,FL-417 N,N,Freeway,1.0266303223200002,0.0150744143424,6965,8557,N,2,65863,6,417,96500,65863,70,52,70.0,0.0150744143424,1,10506.664391866541,72.10716200881544,2.0369630544855397,0.02830515306947809,1.3380143626350884,1.0424565865915663,0.7824138368900728,9.259765038793518,0.0262819073531045,1
349,1,10871.702991452992,73.36811322192985,1.2875202822681555,0.017741926509172463,5.868371062267027,1.8507444400619169,0.3117812396913611,10790.829004329004,72.76510521212225,1.37383713541908,0.01904770530891068,5.693371013624956,1.7198653658264615,0.31343648219812825,6965_8557,3.5,3.0,0.5,41,2,41,1,41,1,41,42,1,40,42,417,FL-417 N,N,Freeway,1.0266303223200002,0.0150744143424,6965,8557,N,2,65863,6,417,96500,65863,70,52,70.0,0.0150744143424,1,10831.265997890998,73.06660921702604,1.3306787088436178,0.018394815909041573,5.7808710379459916,1.7853049029441892,0.3126088609447447,9.290192230475267,0.0262819073531045,1
350,2,14329.938166311298,70.96553092206055,2.0784965542034923,0.03088518154300333,7.885528419536227,1.5176239723570877,0.18738420736460065,14289.290043290044,70.57098761613531,2.3047437909354613,0.034624548136397704,7.401518260761392,1.3996699451070818,0.1860850429602317,6965_8557,2.5,2.0,0.5,41,2,41,1,41,1,41,42,1,40,42,417,FL-417 N,N,Freeway,1.0266303223200002,0.0150744143424,6965,8557,N,2,65863,6,417,96500,65863,70,52,70.0,0.0150744143424,1,14309.614104800672,70.76825926909794,2.191620172569477,0.03275486483970052,7.64352334014881,1.4586469587320847,0.18673462516241618,9.568686905366526,0.0262819073531045,1
351,3,21844.22174840085,72.90899837044931,1.3919202211369666,0.019239820296343697,5.216879060101303,1.1410315678129035,0.21703600287126928,21650.17094017094,72.78569161761021,1.4357367170748307,0.019954546735034863,4.8443054334963485,1.0305090582582277,0.2120760094394536,6965_8557,3.5,3.5,0.0,41,2,41,1,41,1,41,42,1,40,42,417,FL-417 N,N,Freeway,1.0266303223200002,0.0150744143424,6965,8557,N,2,65863,6,417,96500,65863,70,52,70.0,0.0150744143424,1,21747.196344285898,72.84734499402975,1.4138284691058987,0.01959718351568928,5.030592246798825,1.0857703130355656,0.21455600615536144,9.98724012449704,0.0262819073531045,1
352,0,8610.586353944564,63.95091679820117,3.173477615097497,0.050049153554994334,1.8520674463580802,1.0970554097494534,0.5822996142568941,8769.824411134903,65.37840122930653,2.7210422738078397,0.04179927616938425,1.8394647300564344,1.2381658095583945,0.6490451565420344,7010_6916,0.5,0.5,0.0,2,2,2,1,2,1,2,3,1,1,3,417,FL-417 N,N,Freeway,0.340712405056,0.00555858269248,7010,6916,E,2,45451,4,417,69500,45451,70,0,70.0,0.00555858269248,1,8690.205382539734,64.66465901375385,2.9472599444526684,0.0459242148621893,1.8457660882072573,1.167610609653924,0.6156723853994643,9.069951852334551,-1.0767165444820246,0
353,1,5099.655246252677,63.46660672511393,1.9008536797681408,0.02997470837692296,3.75523821855056,0.7688650573046962,0.20606138090537715,5070.894623655914,65.08807039115979,1.3692531940675567,0.021038543161683732,3.9899052736940575,0.9126596575675268,0.2305265641232797,7010_6916,0.0,0.0,0.0,2,2,2,1,2,1,2,3,1,1,3,417,FL-417 N,N,Freeway,0.340712405056,0.00555858269248,7010,6916,E,2,45451,4,417,69500,45451,70,0,70.0,0.00555858269248,1,5085.2749349542955,64.27733855813686,1.6350534369178487,0.025506625769303348,3.8725717461223086,0.8407623574361115,0.21829397251432842,8.534104374858668,-1.0767165444820246,0
354,2,9895.916488222698,49.11673225406639,10.3309312302719,0.2229703578096784,11.519290999138384,5.5015235656751535,0.4727868484738244,9315.675965665236,44.37311290531513,15.59143690299799,0.3944192036169185,19.090436357210315,11.220760183174733,0.6017558932270187,7010_6916,4.5,4.0,0.5,2,2,2,1,2,1,2,3,1,1,3,417,FL-417 N,N,Freeway,0.340712405056,0.00555858269248,7010,6916,E,2,45451,4,417,69500,45451,70,0,70.0,0.00555858269248,1,9605.796226943967,46.744922579690765,12.961184066634946,0.3086947807132985,15.30486367817435,8.361141874424943,0.5372713708504215,9.170121968897954,-1.0767165444820246,0
355,3,16911.170575692962,60.044255027598744,2.7535913152289067,0.047351234549250616,5.1719511663364255,1.332143966537207,0.2415839161097163,16990.25053533191,62.62369507052443,2.883544900442832,0.04877990659876653,6.317383255226897,1.8969544423792133,0.2636233039465333,7010_6916,1.0,1.0,0.0,2,2,2,1,2,1,2,3,1,1,3,417,FL-417 N,N,Freeway,0.340712405056,0.00555858269248,7010,6916,E,2,45451,4,417,69500,45451,70,0,70.0,0.00555858269248,1,16950.710555512436,61.333975049061586,2.818568107835869,0.04806557057400857,5.744667210781661,1.6145492044582102,0.2526036100281248,9.73806503260915,-1.0767165444820246,0
356,0,6511.571428571428,71.16031160454641,2.8017973813588206,0.0399185377127682,1.1074960890664771,1.0046488641811808,0.8976982532707568,4672.136659436009,74.82281282007405,2.796121058277273,0.037472284359156005,1.0927930440849598,1.0373265285008328,0.9589039821538295,7993_7091,4.0,3.0,1.0,33,2,33,1,33,1,33,34,1,32,34,417,FL-417 N,N,Freeway,1.10901760213,0.016125636869600002,7993,7091,E,2,65863,4,528,73393,65863,70,76,70.0,0.016125636869600002,1,5591.854044003719,72.99156221231023,2.798959219818047,0.03869541103596211,1.1001445665757186,1.020987696341007,0.9283011177122932,8.62906618271531,0.10347458031621044,0
357,1,8537.610722610723,70.05771694916787,2.3759650125712826,0.0347598519948145,6.26209195167224,1.8768367567398883,0.2984529341396755,6976.807095343679,74.62666314519568,1.7207150816175008,0.023749482148465468,7.1318483381444775,2.3983514896384577,0.33209023174631297,7993_7091,1.0,1.0,0.0,33,2,33,1,33,1,33,34,1,32,34,417,FL-417 N,N,Freeway,1.10901760213,0.016125636869600002,7993,7091,E,2,65863,4,528,73393,65863,70,76,70.0,0.016125636869600002,1,7757.208908977202,72.34219004718177,2.0483400470943915,0.029254667071639984,6.696970144908359,2.137594123189173,0.31527158294299423,8.956377871799898,0.10347458031621044,0
358,2,9347.416666666666,67.13852993514261,3.992080615808247,0.06309195841900085,7.224206982503665,1.9148044832469755,0.24908824067207344,6983.851203501095,72.00832195009941,3.1298862086588084,0.050420672272011836,7.692821855835675,2.0686157734344337,0.2434136645790095,7993_7091,1.5,0.0,1.5,33,2,33,1,33,1,33,34,1,32,34,417,FL-417 N,N,Freeway,1.10901760213,0.016125636869600002,7993,7091,E,2,65863,4,528,73393,65863,70,76,70.0,0.016125636869600002,1,8165.633935083881,69.57342594262101,3.5609834122335275,0.05675631534550635,7.45851441916967,1.9917101283407046,0.24625095262554147,9.007689642939853,0.10347458031621044,0
359,3,15935.752886836028,70.00235869516912,1.761551442951347,0.02542832887425016,5.104024178000422,1.0109538126475808,0.1985743868230086,11796.713665943602,74.33620387533206,1.6558376248066675,0.022523450337614805,5.410597172611181,1.2110259333979758,0.2237371741591902,7993_7091,0.5,0.0,0.5,33,2,33,1,33,1,33,34,1,32,34,417,FL-417 N,N,Freeway,1.10901760213,0.016125636869600002,7993,7091,E,2,65863,4,528,73393,65863,70,76,70.0,0.016125636869600002,1,13866.233276389816,72.16928128525059,1.7086945338790072,0.02397588960593248,5.257310675305801,1.1109898730227783,0.2111557804910994,9.537211902986321,0.10347458031621044,0
360,0,9293.935760171304,67.42458491170521,2.5052167672964103,0.037226322954423983,1.299843051508471,0.8273255290885448,0.642116128450797,7911.501066098081,69.09727708297945,2.4184591799997874,0.035106658146145615,1.7384458555769315,1.151328441916874,0.6639232916898042,7997_8466,1.0,0.5,0.5,11,2,11,1,11,1,11,12,1,10,12,417,FL-417 N,N,Freeway,0.8013759665989999,0.0131463405758,7997,8466,E,2,45451,4,417,49500,45451,70,0,70.0,0.0131463405758,1,8602.718413134691,68.26093099734233,2.461837973648099,0.0361664905502848,1.5191444535427012,0.9893269855027094,0.6530197100703006,9.059833526844788,-0.22142507049980759,0
361,1,7027.049783549784,68.72154972731647,1.6393333705273432,0.024229830632113054,3.683020484380489,0.7086130409545591,0.18824121573526176,7314.139784946236,66.83912264260664,2.0485123885377248,0.03269031006589463,6.403284743596022,1.5184710168512323,0.22206174998010936,7997_8466,1.0,1.0,0.0,11,2,11,1,11,1,11,12,1,10,12,417,FL-417 N,N,Freeway,0.8013759665989999,0.0131463405758,7997,8466,E,2,45451,4,417,49500,45451,70,0,70.0,0.0131463405758,1,7170.59478424801,67.78033618496156,1.843922879532534,0.028460070349003844,5.043152613988256,1.1135420289028957,0.20515148285768556,8.877743884720491,-0.22142507049980759,0
362,2,9883.309012875536,65.78576803496172,2.8002362430272885,0.04571797103415029,5.076094276397378,1.2318967960189218,0.21530023029949144,8823.289079229122,64.07475951849389,4.509441213997524,0.07982168802453042,8.17711496523431,2.3520904458517182,0.25951358791525125,7997_8466,1.0,1.0,0.0,11,2,11,1,11,1,11,12,1,10,12,417,FL-417 N,N,Freeway,0.8013759665989999,0.0131463405758,7997,8466,E,2,45451,4,417,49500,45451,70,0,70.0,0.0131463405758,1,9353.299046052329,64.9302637767278,3.6548387285124067,0.06276982952934035,6.626604620815844,1.79199362093532,0.23740690910737133,9.14348439919962,-0.22142507049980759,0
363,3,17201.55032119914,67.50979342840897,1.7625629051899347,0.026379411813297414,3.8341844181910463,0.6940426695069424,0.17683004824378795,15884.850427350428,67.0843368329686,1.8981946303534958,0.02871022198033605,5.906364886760043,1.099217230363413,0.1822256777419143,7997_8466,2.5,1.5,1.0,11,2,11,1,11,1,11,12,1,10,12,417,FL-417 N,N,Freeway,0.8013759665989999,0.0131463405758,7997,8466,E,2,45451,4,417,49500,45451,70,0,70.0,0.0131463405758,1,16543.200374274784,67.2970651306888,1.8303787677717152,0.02754481689681673,4.870274652475545,0.8966299499351776,0.17952786299285112,9.713730442863637,-0.22142507049980759,0
364,0,9243.438972162741,64.17193302349558,4.436280808433082,0.069274817710392,2.0921737272431087,1.3022463163794058,0.6236636569285717,8004.984881209503,65.85010477934615,4.374628380617176,0.06710451349400126,1.7110636350173052,1.1074219405814854,0.6501575182863664,8017_6167,2.0,2.0,0.0,10,2,10,1,10,1,10,11,1,9,11,417,FL-417 N,N,Freeway,1.0480055445899998,0.017008943702,8017,6167,S,2,45451,4,91,95000,45451,70,0,70.0,0.017008943702,1,8624.211926686123,65.01101890142087,4.405454594525129,0.06818966560219664,1.901618681130207,1.2048341284804456,0.636910587607469,9.062328866905993,0.04688887652416786,0
365,1,6792.144396551724,58.983330966431524,2.5400390041781002,0.043286211634954205,5.1773086527006695,1.040094331624084,0.20053886079467406,6171.6594360086765,62.76609421246143,1.5981117353729553,0.02569429660781074,4.784207203344627,1.0371580601828991,0.21365326976244525,8017_6167,1.5,1.5,0.0,10,2,10,1,10,1,10,11,1,9,11,417,FL-417 N,N,Freeway,1.0480055445899998,0.017008943702,8017,6167,S,2,45451,4,91,95000,45451,70,0,70.0,0.017008943702,1,6481.9019162802,60.874712589446474,2.0690753697755278,0.03449025412138247,4.980757928022648,1.0386261959034915,0.20709606527855967,8.776769251880774,0.04688887652416786,0
366,2,10757.817596566523,53.58843726594132,3.3962971974969727,0.06469533435733316,8.226251528066419,1.8107937526807685,0.21691644674031807,9174.273913043478,59.77208280626154,2.4839644817106663,0.04358339383060885,7.254956476109101,1.5623618578277894,0.20793798968739294,8017_6167,6.0,5.0,1.0,10,2,10,1,10,1,10,11,1,9,11,417,FL-417 N,N,Freeway,1.0480055445899998,0.017008943702,8017,6167,S,2,45451,4,91,95000,45451,70,0,70.0,0.017008943702,1,9966.045754805,56.68026003610143,2.9401308396038193,0.05413936409397101,7.7406040020877604,1.686577805254279,0.21242721821385552,9.206939169921018,0.04688887652416786,0
367,3,18578.982832618025,57.66340539281766,2.5175586709788464,0.043919883889409,6.368387716679004,1.1627858141749303,0.18180853722740264,15916.845652173914,61.51588587445426,1.6535460327387643,0.0270653144273812,5.540954230119288,1.0274281655838284,0.18395247321343489,8017_6167,4.5,4.0,0.5,10,2,10,1,10,1,10,11,1,9,11,417,FL-417 N,N,Freeway,1.0480055445899998,0.017008943702,8017,6167,S,2,45451,4,91,95000,45451,70,0,70.0,0.017008943702,1,17247.91424239597,59.58964563363596,2.0855523518588055,0.0354925991583951,5.954670973399146,1.0951069898793793,0.18288050522041877,9.75544650166459,0.04688887652416786,0
368,0,9619.409381663114,65.10677133329258,2.172223448911604,0.033500036975055325,1.7782314183676298,1.2223532665855656,0.6811333619523355,9235.025806451613,67.33419934194337,2.8424224803489944,0.043463447727092916,2.0023678614148106,1.317059818849886,0.6435438109526729,8107_8280,3.0,2.5,0.5,7,2,7,1,7,1,7,8,1,6,8,417,FL-417 N,N,Freeway,0.540099996322,0.008847969303379999,8107,8280,E,2,45451,4,417,48500,45451,70,0,70.0,0.008847969303379999,1,9427.217594057363,66.22048533761799,2.5073229646302995,0.03848174235107412,1.8902996398912202,1.2697065427177259,0.6623385864525042,9.151356273134365,-0.6160009781931417,0
369,1,6454.401709401709,65.12134064509748,1.1512991942936994,0.017968139461637583,4.9101053637297865,1.0383187011837058,0.20967776115067813,6420.890350877194,67.20784614732356,1.6889773564946118,0.0256279111008626,5.105957476826531,1.0622206870515276,0.2051305405341561,8107_8280,3.5,3.0,0.5,7,2,7,1,7,1,7,8,1,6,8,417,FL-417 N,N,Freeway,0.540099996322,0.008847969303379999,8107,8280,E,2,45451,4,417,48500,45451,70,0,70.0,0.008847969303379999,1,6437.646030139451,66.16459339621052,1.4201382753941556,0.02179802528125009,5.008031420278159,1.0502696941176168,0.20740415084241712,8.769918229008214,-0.6160009781931417,0
370,2,10450.848614072494,55.335675039246475,9.197276114377694,0.18491640043485924,11.220060475502017,5.117397319021621,0.41332254215581,10219.642533936652,59.24825359964217,5.043398822963432,0.08749841880441127,9.18709038362172,2.099502752647019,0.22736991766211345,8107_8280,4.0,3.5,0.5,7,2,7,1,7,1,7,8,1,6,8,417,FL-417 N,N,Freeway,0.540099996322,0.008847969303379999,8107,8280,E,2,45451,4,417,48500,45451,70,0,70.0,0.008847969303379999,1,10335.245574004573,57.29196431944432,7.120337468670563,0.13620740961963526,10.20357542956187,3.60845003583432,0.3203462299089617,9.243315233227337,-0.6160009781931417,0
371,3,18723.52665245203,63.33416365052725,1.8734883078191307,0.030043922111169668,6.362810645041652,1.2075638090023932,0.18692481177959314,17432.954741379308,64.28805145321611,3.0194998160915643,-0.031356784255832146,6.699086353172612,1.2065350235992678,0.1806880601533498,8107_8280,8.0,7.5,0.5,7,2,7,1,7,1,7,8,1,6,8,417,FL-417 N,N,Freeway,0.540099996322,0.008847969303379999,8107,8280,E,2,45451,4,417,48500,45451,70,0,70.0,0.008847969303379999,1,18078.24069691567,63.811107551871686,2.4464940619553475,-0.0006564310723312389,6.530948499107132,1.2070494163008305,0.18380643596647145,9.802464322625053,-0.6160009781931417,0
372,0,9508.611587982832,65.6852756862589,2.5838235740127256,0.039644602929189685,1.2559643897629935,0.8108505085351629,0.6533653772586095,5600.1330472103,63.37979037208867,4.065267372162424,0.0650937069180093,1.3490572266098153,0.9777256264175516,0.740295687059509,8120_8585,0.5,0.5,0.0,53,2,53,1,53,1,53,54,1,52,54,417,FL-417 N,N,Freeway,0.300087360572,0.00437923500722,8120,8585,N,2,65863,5,417,86381,65863,70,46,70.0,0.00437923500722,1,7554.372317596566,64.53253302917379,3.324545473087575,0.05236915492359949,1.3025108081864043,0.8942880674763573,0.6968305321590593,8.929881789534193,-1.2036816448103154,1
373,1,8853.152173913044,66.31806988715785,1.4135950694527053,0.021589034247772528,3.8251321712522537,1.2072944442777214,0.3117893726648713,5889.727861771058,61.01819508127989,1.8718456140371755,0.0314920570558388,4.918583946061936,1.6974588010975782,0.3431504056339453,8120_8585,1.5,0.5,1.0,53,2,53,1,53,1,53,54,1,52,54,417,FL-417 N,N,Freeway,0.300087360572,0.00437923500722,8120,8585,N,2,65863,5,417,86381,65863,70,46,70.0,0.00437923500722,1,7371.440017842051,63.66813248421887,1.6427203417449405,0.026540545651805664,4.371858058657095,1.4523766226876498,0.3274698891494083,8.905368355221166,-1.2036816448103154,1
374,2,12152.58747300216,55.98932890186059,7.867145832073816,0.1455441574108555,8.680552525229551,3.5600847949291063,0.3947705588541165,8484.371244635193,45.50360190392102,11.198209483567489,0.2625090783846822,12.58892899640743,5.885072409640758,0.4484746312114809,8120_8585,2.5,2.0,0.5,53,2,53,1,53,1,53,54,1,52,54,417,FL-417 N,N,Freeway,0.300087360572,0.00437923500722,8120,8585,N,2,65863,5,417,86381,65863,70,46,70.0,0.00437923500722,1,10318.479358818677,50.746465402890806,9.532677657820653,0.20402661789776882,10.634740760818492,4.722578602284932,0.4216225950327987,9.241691679226951,-1.2036816448103154,1
375,3,18845.010729613732,65.29102470213766,1.4943557359592592,0.02311558205049697,3.561945155893924,0.807081670351644,0.22216122588372972,12430.377682403436,60.09636995718096,1.8660116401782365,0.03155209021227353,4.2881861165984265,1.141203539291148,0.2647068385070161,8120_8585,3.0,2.0,1.0,53,2,53,1,53,1,53,54,1,52,54,417,FL-417 N,N,Freeway,0.300087360572,0.00437923500722,8120,8585,N,2,65863,5,417,86381,65863,70,46,70.0,0.00437923500722,1,15637.694206008584,62.693697329659315,1.6801836880687477,0.02733383613138525,3.9250656362461753,0.9741426048213959,0.2434340321953729,9.6574395739472,-1.2036816448103154,1
376,0,8785.909691629957,69.6858025243526,2.3443515257605334,0.03370719258238224,1.6124174467278891,1.0352924145899822,0.6402365404895869,9619.409381663114,65.10677133329258,2.172223448911604,0.033500036975055325,1.7782314183676298,1.2223532665855656,0.6811333619523355,8287_8107,1.0,0.5,0.5,5,2,5,1,5,1,5,6,1,4,6,417,FL-417 N,N,Freeway,0.662737377642,0.0104717333826,8287,8107,S,3,45451,6,0,76000,45451,70,0,70.0,0.0104717333826,1,9202.659536646535,67.39628692882259,2.2582874873360685,0.03360361477871878,1.6953244325477594,1.128822840587774,0.6606849512209612,9.127247801331814,-0.41137647942326333,1
377,1,5017.4988913525485,70.55201185788908,1.4521787678232687,0.020679352978208342,3.723983571150415,0.8011643007142162,0.2164489727382969,6454.401709401709,65.12134064509748,1.1512991942936994,0.017968139461637583,4.9101053637297865,1.0383187011837058,0.20967776115067813,8287_8107,1.0,0.5,0.5,5,2,5,1,5,1,5,6,1,4,6,417,FL-417 N,N,Freeway,0.662737377642,0.0104717333826,8287,8107,S,3,45451,6,0,76000,45451,70,0,70.0,0.0104717333826,1,5735.950300377129,67.83667625149329,1.301738981058484,0.019323746219922965,4.317044467440101,0.919741500948961,0.21306336694448752,8.65450871773305,-0.41137647942326333,1
378,2,9365.56732891832,60.76269035186662,6.067134080588497,0.10392880510777773,8.030662482540011,2.3388749022772704,0.27933457872626605,10450.848614072494,55.335675039246475,9.197276114377694,0.18491640043485924,11.220060475502017,5.117397319021621,0.41332254215581,8287_8107,4.5,2.0,2.5,5,2,5,1,5,1,5,6,1,4,6,417,FL-417 N,N,Freeway,0.662737377642,0.0104717333826,8287,8107,S,3,45451,6,0,76000,45451,70,0,70.0,0.0104717333826,1,9908.207971495407,58.049182695556546,7.632205097483095,0.1444226027713185,9.625361479021013,3.7281361106494457,0.346328560441038,9.20111878064889,-0.41137647942326333,1
379,3,16971.56953642384,67.35417352358122,2.2473897395399742,0.03388232456911667,5.5984213984715305,1.0906152967614549,0.1945045062122548,18723.52665245203,63.33416365052725,1.8734883078191307,0.030043922111169668,6.362810645041652,1.2075638090023932,0.18692481177959314,8287_8107,1.0,1.0,0.0,5,2,5,1,5,1,5,6,1,4,6,417,FL-417 N,N,Freeway,0.662737377642,0.0104717333826,8287,8107,S,3,45451,6,0,76000,45451,70,0,70.0,0.0104717333826,1,17847.548094437938,65.34416858705424,2.0604390236795522,0.03196312334014317,5.980616021756591,1.149089552881924,0.19071465899592396,9.78962141611667,-0.41137647942326333,1
380,0,10580.243070362474,70.84308726950059,2.3005283586385534,0.032661012627253745,1.532331481049476,1.1272345303777846,0.7394590917167869,10579.0,68.65897335436202,2.486182873524524,0.036539680027060484,1.5112587197898786,1.0550948008191854,0.7026075547677312,8386_6314,1.0,1.0,0.0,40,2,40,1,40,1,40,41,1,39,41,417,FL-417 N,N,Freeway,0.2435747542,0.00356276320136,8386,6314,N,2,65863,6,417,96500,65863,70,49,70.0,0.00356276320136,1,10579.621535181237,69.7510303119313,2.393355616081539,0.03460034632715711,1.5217951004196772,1.091164665598485,0.721033323242259,9.266684933050467,-1.4123313848060048,1
381,1,11090.167023554604,70.07640993725718,1.5991038279760088,0.02305182404133228,6.174951045153887,1.9263138048499413,0.309639520161477,10908.75,68.3283468013627,1.7590937901219899,0.02591786872565842,5.999733511173736,1.7187842362765189,0.2856446997909153,8386_6314,0.5,0.0,0.5,40,2,40,1,40,1,40,41,1,39,41,417,FL-417 N,N,Freeway,0.2435747542,0.00356276320136,8386,6314,N,2,65863,6,417,96500,65863,70,49,70.0,0.00356276320136,1,10999.458511777302,69.20237836930994,1.6790988090489993,0.02448484638349535,6.087342278163812,1.8225490205632302,0.2976421099761961,9.305601324366794,-1.4123313848060048,1
382,2,14490.313432835821,65.73783786409605,3.7912851419852918,0.05959186457131041,8.713890143428102,1.9597685208710802,0.21974226261706936,14347.385927505333,63.861267527253645,2.892687721504269,0.04631875521086055,7.561840483811884,1.5227491448812962,0.19791500972714007,8386_6314,0.0,0.0,0.0,40,2,40,1,40,1,40,41,1,39,41,417,FL-417 N,N,Freeway,0.2435747542,0.00356276320136,8386,6314,N,2,65863,6,417,96500,65863,70,49,70.0,0.00356276320136,1,14418.849680170577,64.79955269567485,3.3419864317447803,0.052955309891085475,8.137865313619994,1.7412588328761882,0.20882863617210473,9.57629163513063,-1.4123313848060048,1
383,3,22197.22814498933,69.74509598046164,1.7522053476938526,0.02533683367232385,5.525230990085803,1.255872478263664,0.22593076272829,21919.287846481875,67.28554148964396,1.7408389593100686,0.02604844685115812,4.989857456422266,1.0257969114216308,0.20519400303247606,8386_6314,0.0,0.0,0.0,40,2,40,1,40,1,40,41,1,39,41,417,FL-417 N,N,Freeway,0.2435747542,0.00356276320136,8386,6314,N,2,65863,6,417,96500,65863,70,49,70.0,0.00356276320136,1,22058.257995735603,68.5153187350528,1.7465221535019606,0.025692640261740986,5.257544223254035,1.1408346948426473,0.21556238288038304,10.001442323041033,-1.4123313848060048,1
384,0,5906.456730769231,72.45811225884485,2.6287790433865275,0.036309444687864505,1.0254336323790632,0.7808500984715155,0.7638813735067884,6133.395033860045,69.11454615235638,2.9903756075166266,0.043289923999001854,0.7789078830525616,0.5861240871460911,0.7618606174297323,8480_11010,1.5,0.5,1.0,23,2,23,1,23,1,23,24,1,22,24,417,FL-417 N,N,Freeway,0.982668303486,0.016051321075,8480,11010,E,2,65863,4,417,47407,65863,70,0,70.0,0.016051321075,1,6019.925882314638,70.78632920560062,2.809577325451577,0.03979968434343318,0.9021707577158125,0.6834870928088033,0.7628709954682604,8.702830226319207,-0.017483648651090655,0
385,1,5335.2337349397585,72.26421065486737,1.4275933182895593,0.020035877480066886,3.836587904422304,0.8983146656558771,0.23354477501702745,6000.054669703874,68.49399620209887,1.343901310345616,0.01965693238885436,3.146469696948189,0.7287778826308803,0.23628802238088176,8480_11010,0.5,0.5,0.0,23,2,23,1,23,1,23,24,1,22,24,417,FL-417 N,N,Freeway,0.982668303486,0.016051321075,8480,11010,E,2,65863,4,417,47407,65863,70,0,70.0,0.016051321075,1,5667.644202321817,70.37910342848312,1.3857473143175878,0.019846404934460625,3.4915288006852467,0.8135462741433788,0.2349163986989546,8.64252882578483,-0.017483648651090655,0
386,2,6773.9373549883985,71.3117464493371,1.881929698857814,0.026678897414410718,4.663079911008895,0.9042395925534896,0.18619582203378496,7945.7732426303855,68.006457403331,1.6123042501638982,0.02395591407169884,3.6337497715222544,0.645277921286433,0.1779815603808764,8480_11010,1.5,0.5,1.0,23,2,23,1,23,1,23,24,1,22,24,417,FL-417 N,N,Freeway,0.982668303486,0.016051321075,8480,11010,E,2,65863,4,417,47407,65863,70,0,70.0,0.016051321075,1,7359.8552988093925,69.65910192633405,1.7471169745108561,0.02531740574305478,4.148414841265574,0.7747587569199613,0.18208869120733068,8.903795551041798,-0.017483648651090655,0
387,3,11431.102564102563,71.57874691347286,1.6217261931984686,0.02483859375259433,3.6653584617009813,0.7558719884139559,0.19499834758470908,12792.51247165533,67.93111041101223,1.5502282325352656,0.023036785515372905,2.8618824832875545,0.5415517541473558,0.18880303320207675,8480_11010,0.5,0.5,0.0,23,2,23,1,23,1,23,24,1,22,24,417,FL-417 N,N,Freeway,0.982668303486,0.016051321075,8480,11010,E,2,65863,4,417,47407,65863,70,0,70.0,0.016051321075,1,12111.807517878946,69.75492866224255,1.585977212866867,0.023937689633983617,3.263620472494268,0.6487118712806559,0.19190069039339291,9.401936083698159,-0.017483648651090655,0
388,0,6095.518123667377,70.53153766967394,2.985598237150008,0.0423477992680123,1.0889318888295136,0.8484915147221295,0.7829397736493199,10386.739224137933,75.49264093896673,2.3658069621083957,0.031404361365583916,1.4903499435613108,1.2833359523686731,0.8689743056396553,8502_6701,0.5,0.5,0.0,24,2,24,1,24,1,24,25,1,23,25,417,FL-417 N,N,Freeway,1.00889997689,0.016254247577,8502,6701,E,2,65863,4,417,45500,65863,70,0,70.0,0.016254247577,1,8241.128673902655,73.01208930432034,2.6757025996292017,0.03687608031679811,1.2896409161954123,1.0659137335454014,0.8259570396444875,9.016892588511487,0.008860605526060895,0
389,1,5450.9229122055685,68.51837851108426,1.6496239487844708,0.024096165190129092,3.9513650763408887,1.0248256556383075,0.26389201930877515,8995.57142857143,75.2823198075527,1.2595750883608288,0.01677511934372557,5.709713012365441,1.5773283760385448,0.27941880250213275,8502_6701,0.0,0.0,0.0,24,2,24,1,24,1,24,25,1,23,25,417,FL-417 N,N,Freeway,1.00889997689,0.016254247577,8502,6701,E,2,65863,4,417,45500,65863,70,0,70.0,0.016254247577,1,7223.2471703884985,71.90034915931848,1.4545995185726497,0.02043564226692733,4.830539044353165,1.3010770158384262,0.271655410905454,8.885059877372392,0.008860605526060895,0
390,2,8246.560767590618,65.7270697127988,2.637771505936809,0.04298498671078637,6.107759811996067,1.6875876739452775,0.2534098441871748,13818.560344827589,72.41355505334712,3.928279098154453,0.05927860013546477,9.108712068300338,2.6043951327381154,0.2612888343981844,8502_6701,1.5,1.5,0.0,24,2,24,1,24,1,24,25,1,23,25,417,FL-417 N,N,Freeway,1.00889997689,0.016254247577,8502,6701,E,2,65863,4,417,45500,65863,70,0,70.0,0.016254247577,1,11032.560556209104,69.07031238307296,3.283025302045631,0.05113179342312557,7.608235940148203,2.1459914033416965,0.2573493392926796,9.308606230021374,0.008860605526060895,0
391,3,13098.933901918977,66.79491529291877,1.4973563765074431,0.022589011656914026,4.164237467781608,0.9167028935943168,0.2178291514463274,21851.26508620689,74.49095834790968,1.5759551867524777,0.02149914525965432,6.101366262343412,1.293215824614846,0.21065608034181207,8502_6701,0.0,0.0,0.0,24,2,24,1,24,1,24,25,1,23,25,417,FL-417 N,N,Freeway,1.00889997689,0.016254247577,8502,6701,E,2,65863,4,417,45500,65863,70,0,70.0,0.016254247577,1,17475.099494062935,70.64293682041423,1.5366557816299604,0.022044078458284173,5.13280186506251,1.1049593591045814,0.21424261589406973,9.768532260594412,0.008860605526060895,0
392,0,6111.023454157783,68.4160833037354,2.5525323263777984,0.03732755750060635,1.0493449930393592,0.8691896026110829,0.8312120147470977,6164.155650319829,70.10849654212824,2.627291042514767,0.037496009458477295,0.9722474142079964,0.8343859999746066,0.8637840641678947,8512_8598,0.5,0.5,0.0,27,2,27,1,27,1,27,28,1,26,28,417,FL-417 N,N,Freeway,0.7037703588070001,0.0111834476126,8512,8598,S,3,65863,4,15,35500,65863,70,0,70.0,0.0111834476126,1,6137.5895522388055,69.26228992293181,2.5899116844462826,0.03741178347954183,1.010796203623678,0.8517878012928448,0.8474980394574962,8.722187362992468,-0.35130317091363583,0
393,1,5419.181623931624,68.82210587792547,1.4759265274053628,0.02194476020404177,3.947335347202512,1.1588408636868337,0.2885308859942077,7308.6017130620985,67.58535930033878,2.5354935594361705,0.04115263265406383,5.613220435614992,2.0730495477583304,0.32825407771364074,8512_8598,1.0,0.5,0.5,27,2,27,1,27,1,27,28,1,26,28,417,FL-417 N,N,Freeway,0.7037703588070001,0.0111834476126,8512,8598,S,3,65863,4,15,35500,65863,70,0,70.0,0.0111834476126,1,6363.891668496861,68.20373258913213,2.0057100434207666,0.0315486964290528,4.780277891408752,1.615945205722582,0.3083924818539242,8.758395366763587,-0.35130317091363583,0
394,2,8260.67803837953,66.52961604920915,2.9500329861724732,0.04728731959528293,6.23862574120273,1.6771503395977865,0.2483471173684825,8425.471215351812,65.19860925831516,4.492635400113485,0.07916020858879957,6.7925210333836885,2.5266254435688658,0.31104175650715793,8512_8598,2.0,1.5,0.5,27,2,27,1,27,1,27,28,1,26,28,417,FL-417 N,N,Freeway,0.7037703588070001,0.0111834476126,8512,8598,S,3,65863,4,15,35500,65863,70,0,70.0,0.0111834476126,1,8343.074626865671,65.86411265376216,3.7213341931429795,0.06322376409204125,6.515573387293209,2.101887891583326,0.2796944369378202,9.029187087709927,-0.35130317091363583,0
395,3,13065.90618336887,68.44898314351579,1.4371516177835313,0.0211387960792897,4.139294249070977,0.9080246159971616,0.21871482228921948,14545.946695095947,67.95195367497004,1.6159801517854313,0.02415854190959942,4.562394521805447,1.026585660202968,0.2169597776988107,8512_8598,0.5,0.5,0.0,27,2,27,1,27,1,27,28,1,26,28,417,FL-417 N,N,Freeway,0.7037703588070001,0.0111834476126,8512,8598,S,3,65863,4,15,35500,65863,70,0,70.0,0.0111834476126,1,13805.926439232408,68.20046840924292,1.5265658847844814,0.022648668994444558,4.3508443854382115,0.9673051381000648,0.21783729999401508,9.532853231075418,-0.35130317091363583,0
396,0,6383.773987206822,71.59980987834186,2.8748860942135686,0.04023521471836351,1.1159774295164648,0.8773906631731678,0.7888893112117458,6095.518123667377,70.53153766967394,2.985598237150008,0.0423477992680123,1.0889318888295136,0.8484915147221295,0.7829397736493199,8520_8502,0.5,0.5,0.0,22,2,22,1,22,1,22,23,1,21,23,417,FL-417 N,N,Freeway,0.536463457053,0.00865953051307,8520,8502,E,2,65863,4,417,45500,65863,70,0,70.0,0.00865953051307,1,6239.6460554371,71.0656737740079,2.930242165681788,0.041291506993187906,1.1024546591729893,0.8629410889476486,0.7859145424305328,8.738678737869646,-0.6227568328323388,0
397,1,6067.282655246252,70.64636114938494,1.273137075197646,0.01804588615264561,4.410683964020957,1.0773490246540895,0.24693346801109026,5450.9229122055685,68.51837851108426,1.6496239487844708,0.024096165190129092,3.9513650763408887,1.0248256556383075,0.26389201930877515,8520_8502,0.0,0.0,0.0,22,2,22,1,22,1,22,23,1,21,23,417,FL-417 N,N,Freeway,0.536463457053,0.00865953051307,8520,8502,E,2,65863,4,417,45500,65863,70,0,70.0,0.00865953051307,1,5759.10278372591,69.5823698302346,1.4613805119910586,0.02107102567138735,4.181024520180923,1.0510873401461986,0.2554127436599327,8.658536974842791,-0.6227568328323388,0
398,2,8032.816631130064,69.27485156020667,2.299298677412136,0.034492860728056414,5.789091946950755,1.2285919326020731,0.2010364895916556,8246.560767590618,65.7270697127988,2.637771505936809,0.04298498671078637,6.107759811996067,1.6875876739452775,0.2534098441871748,8520_8502,0.5,0.5,0.0,22,2,22,1,22,1,22,23,1,21,23,417,FL-417 N,N,Freeway,0.536463457053,0.00865953051307,8520,8502,E,2,65863,4,417,45500,65863,70,0,70.0,0.00865953051307,1,8139.68869936034,67.50096063650273,2.4685350916744726,0.03873892371942139,5.948425879473412,1.4580898032736753,0.2272231668894152,9.004507214943466,-0.6227568328323388,0
399,3,12935.980810234541,70.14035374710298,1.5323646240123974,0.021919586442882937,4.082698762824196,0.7706226965532021,0.18973181502644704,13098.933901918977,66.79491529291877,1.4973563765074431,0.022589011656914026,4.164237467781608,0.9167028935943168,0.2178291514463274,8520_8502,1.5,1.0,0.5,22,2,22,1,22,1,22,23,1,21,23,417,FL-417 N,N,Freeway,0.536463457053,0.00865953051307,8520,8502,E,2,65863,4,417,45500,65863,70,0,70.0,0.00865953051307,1,13017.45735607676,68.46763452001088,1.5148605002599203,0.02225429904989848,4.123468115302902,0.8436627950737594,0.2037804832363872,9.474046609139755,-0.6227568328323388,0
400,0,6141.445887445888,70.74579840608119,2.5646063946006783,0.036287633586277485,1.1668729051150424,0.9473925136711864,0.8167155239275623,6134.686567164178,69.99583883737884,3.1051191907895737,0.04440240440352218,1.4945461553480226,1.3210076926129308,0.8812048819785311,8531_8533,0.0,0.0,0.0,32,2,32,1,32,1,32,33,1,31,33,417,FL-417 N,N,Freeway,0.35100178586400005,0.00534659980385,8531,8533,N,2,65863,4,417,82000,65863,70,101,70.0,0.00534659980385,1,6138.066227305033,70.37081862173002,2.8348627926951258,0.04034501899489983,1.3307095302315326,1.1342001031420585,0.8489602029530467,8.722265024842072,-1.0469639675975906,0
401,1,7270.205689277899,69.15087039776556,3.037296616241508,0.04683179544748137,5.953179482489697,1.7804882350217688,0.2821652555496182,7968.670940170941,63.48048502301128,4.219389001058705,0.07097296703065697,7.987092311135787,3.015513982057428,0.3493390317044226,8531_8533,0.5,0.5,0.0,32,2,32,1,32,1,32,33,1,31,33,417,FL-417 N,N,Freeway,0.35100178586400005,0.00534659980385,8531,8533,N,2,65863,4,417,82000,65863,70,101,70.0,0.00534659980385,1,7619.438314724421,66.31567771038843,3.6283428086501064,0.05890238123906917,6.970135896812742,2.3980011085395985,0.3157521436270204,8.938457933985408,-1.0469639675975906,0
402,2,8438.27922077922,66.85006514955057,4.5876933972825364,0.07587645377964485,6.7891790252532624,2.1905442820220933,0.2916906545140562,8789.083333333334,60.76611112860071,5.5009915840548,0.09938807109006803,9.445937115806352,3.278016370724133,0.3133028206736978,8531_8533,0.0,0.0,0.0,32,2,32,1,32,1,32,33,1,31,33,417,FL-417 N,N,Freeway,0.35100178586400005,0.00534659980385,8531,8533,N,2,65863,4,417,82000,65863,70,101,70.0,0.00534659980385,1,8613.681277056277,63.80808813907564,5.044342490668669,0.08763226243485644,8.117558070529807,2.7342803263731135,0.30249673759387696,9.0611070643556,-1.0469639675975906,0
403,3,14429.696969696968,69.5502405206806,1.9809620708379343,0.028903499282741225,5.014285543490722,1.0843045829347953,0.21235996808858096,15256.646055437099,64.77615785682853,2.8132068550225147,0.0440956761050879,6.451359547154348,1.4974459138292076,0.22471017637660728,8531_8533,0.5,0.5,0.0,32,2,32,1,32,1,32,33,1,31,33,417,FL-417 N,N,Freeway,0.35100178586400005,0.00534659980385,8531,8533,N,2,65863,4,417,82000,65863,70,101,70.0,0.00534659980385,1,14843.171512567034,67.16319918875456,2.3970844629302244,0.036499587693914565,5.732822545322534,1.2908752483820014,0.2185350722325941,9.605295207672674,-1.0469639675975906,0
404,0,6134.686567164178,69.99583883737884,3.1051191907895737,0.04440240440352218,1.4945461553480226,1.3210076926129308,0.8812048819785311,6221.790149892933,71.35651982516785,2.687660766854996,0.03769322630936285,1.4032392399705758,1.1016671607355537,0.7903442088182097,8533_8540,0.0,0.0,0.0,31,2,31,1,31,1,31,32,1,30,32,417,FL-417 N,N,Freeway,0.69521370128,0.0101795247672,8533,8540,N,2,65863,4,417,82000,65863,70,89,70.0,0.0101795247672,1,6178.238358528555,70.67617933127335,2.8963899788222847,0.041047815356442516,1.448892697659299,1.2113374266742423,0.8357745453983704,8.728788454561485,-0.3635359968247024,0
405,1,7968.670940170941,63.48048502301128,4.219389001058705,0.07097296703065697,7.987092311135787,3.015513982057428,0.3493390317044226,8173.567391304346,68.27213002533959,4.441655767354745,0.07032041858617921,8.017538722947274,2.7914915026557034,0.3227854157609743,8533_8540,3.5,2.5,1.0,31,2,31,1,31,1,31,32,1,30,32,417,FL-417 N,N,Freeway,0.69521370128,0.0101795247672,8533,8540,N,2,65863,4,417,82000,65863,70,89,70.0,0.0101795247672,1,8071.119165737644,65.87630752417544,4.330522384206725,0.0706466928084181,8.00231551704153,2.903502742356566,0.33606222373269845,8.99604743389604,-0.3635359968247024,0
406,2,8789.083333333334,60.76611112860071,5.5009915840548,0.09938807109006803,9.445937115806352,3.278016370724133,0.3133028206736978,8974.807280513918,65.30785956140936,6.27140534092878,0.10436114374827488,8.707554749031125,3.2759864890761703,0.3452161061842212,8533_8540,6.0,5.5,0.5,31,2,31,1,31,1,31,32,1,30,32,417,FL-417 N,N,Freeway,0.69521370128,0.0101795247672,8533,8540,N,2,65863,4,417,82000,65863,70,89,70.0,0.0101795247672,1,8881.945306923626,63.036985345005036,5.88619846249179,0.10187460741917145,9.076745932418739,3.2770014299001518,0.3292594634289595,9.091775878089745,-0.3635359968247024,0
407,3,15256.646055437099,64.77615785682853,2.8132068550225147,0.0440956761050879,6.451359547154348,1.4974459138292076,0.22471017637660728,15593.627408993576,70.0047192846533,2.2651254135754577,0.03291741964272444,6.016289708980281,1.3359868212037564,0.21406385253835075,8533_8540,4.5,3.5,1.0,31,2,31,1,31,1,31,32,1,30,32,417,FL-417 N,N,Freeway,0.69521370128,0.0101795247672,8533,8540,N,2,65863,4,417,82000,65863,70,89,70.0,0.0101795247672,1,15425.136732215338,67.39043857074091,2.539166134298986,0.03850654787390617,6.233824628067314,1.416716367516482,0.21938701445747902,9.643753713059445,-0.3635359968247024,0
408,0,6638.790432801822,67.83559006406955,3.4927711264934764,0.05153308495456116,1.205357812779819,0.9943170151400641,0.8303419855846893,6241.547974413646,72.518299163983,2.760853049485149,0.03823687673360141,1.7885689841145884,1.497020058554115,0.8386849359820471,8538_6642,1.0,1.0,0.0,30,2,30,1,30,1,30,31,1,29,31,417,FL-417 N,N,Freeway,0.587651023412,0.00855207347379,8538,6642,N,2,65863,4,417,82000,65863,70,52,70.0,0.00855207347379,1,6440.169203607735,70.17694461402627,3.126812087989313,0.04488498084408128,1.4969633984472037,1.2456685368470894,0.8345134607833682,8.77031009260538,-0.5316220048715647,0
409,1,9188.132723112129,60.410991554961825,4.1453908960124,0.07304005888558092,6.645726539480008,2.3491899710936783,0.3330211065161428,8701.260683760684,69.71455797548677,4.138724797792519,0.062302494604592175,10.705754640199304,3.4570664083442524,0.31732496337439386,8538_6642,3.5,3.0,0.5,30,2,30,1,30,1,30,31,1,29,31,417,FL-417 N,N,Freeway,0.587651023412,0.00855207347379,8538,6642,N,2,65863,4,417,82000,65863,70,52,70.0,0.00855207347379,1,8944.696703436406,65.0627747652243,4.14205784690246,0.06767127674508655,8.675740589839656,2.9031281897189656,0.32517303494526834,9.098816088541408,-0.5316220048715647,0
410,2,8743.660592255126,57.89797855571064,5.724425315080272,0.10563723339219508,7.1407362727913695,2.444994154900036,0.31995820927566443,9017.559829059828,66.72725914078633,5.844249371695633,0.09315340999436422,11.595218999429074,3.2769173548066046,0.2732564236809648,8538_6642,1.5,1.0,0.5,30,2,30,1,30,1,30,31,1,29,31,417,FL-417 N,N,Freeway,0.587651023412,0.00855207347379,8538,6642,N,2,65863,4,417,82000,65863,70,52,70.0,0.00855207347379,1,8880.610210657476,62.31261884824848,5.784337343387953,0.09939532169327965,9.367977636110222,2.86095575485332,0.2966073164783146,9.091625551041664,-0.5316220048715647,0
411,3,15646.19362186788,62.45912822269712,2.54545474002768,0.04112837873481396,4.8824522901302405,1.1134498123403074,0.22529489600037644,15950.7078891258,71.57366339169809,2.3386381744514844,0.03307965096118429,8.317421091579126,1.6792258042967954,0.20194897675203294,8538_6642,1.5,0.5,1.0,30,2,30,1,30,1,30,31,1,29,31,417,FL-417 N,N,Freeway,0.587651023412,0.00855207347379,8538,6642,N,2,65863,4,417,82000,65863,70,52,70.0,0.00855207347379,1,15798.45075549684,67.0163958071976,2.442046457239582,0.03710401484799912,6.599936690854683,1.3963378083185514,0.2136219363762047,9.667667160757937,-0.5316220048715647,0
412,0,6221.790149892933,71.35651982516785,2.687660766854996,0.03769322630936285,1.4032392399705758,1.1016671607355537,0.7903442088182097,6638.790432801822,67.83559006406955,3.4927711264934764,0.05153308495456116,1.205357812779819,0.9943170151400641,0.8303419855846893,8540_8538,0.5,0.5,0.0,29,2,29,1,29,1,29,30,1,28,30,417,FL-417 N,N,Freeway,0.346143731086,0.00503746932208,8540,8538,N,2,65863,4,417,82000,65863,70,66,70.0,0.00503746932208,1,6430.290291347377,69.5960549446187,3.0902159466742365,0.044613155631962005,1.3042985263751974,1.0479920879378088,0.8103430972014495,8.768774962611879,-1.0609011824193244,0
413,1,8173.567391304346,68.27213002533959,4.441655767354745,0.07032041858617921,8.017538722947274,2.7914915026557034,0.3227854157609743,9188.132723112129,60.410991554961825,4.1453908960124,0.07304005888558092,6.645726539480008,2.3491899710936783,0.3330211065161428,8540_8538,2.0,1.5,0.5,29,2,29,1,29,1,29,30,1,28,30,417,FL-417 N,N,Freeway,0.346143731086,0.00503746932208,8540,8538,N,2,65863,4,417,82000,65863,70,66,70.0,0.00503746932208,1,8680.850057208238,64.34156079015071,4.293523331683573,0.07168023873588006,7.33163263121364,2.570340736874691,0.32790326113855855,9.068874735717378,-1.0609011824193244,0
414,2,8974.807280513918,65.30785956140936,6.27140534092878,0.10436114374827488,8.707554749031125,3.2759864890761703,0.3452161061842212,8743.660592255126,57.89797855571064,5.724425315080272,0.10563723339219508,7.1407362727913695,2.444994154900036,0.31995820927566443,8540_8538,0.5,0.0,0.5,29,2,29,1,29,1,29,30,1,28,30,417,FL-417 N,N,Freeway,0.346143731086,0.00503746932208,8540,8538,N,2,65863,4,417,82000,65863,70,66,70.0,0.00503746932208,1,8859.233936384522,61.60291905856,5.997915328004526,0.10499918857023498,7.924145510911247,2.8604903219881033,0.33258715772994285,9.089215576698955,-1.0609011824193244,0
415,3,15593.627408993576,70.0047192846533,2.2651254135754577,0.03291741964272444,6.016289708980281,1.3359868212037564,0.21406385253835075,15646.19362186788,62.45912822269712,2.54545474002768,0.04112837873481396,4.8824522901302405,1.1134498123403074,0.22529489600037644,8540_8538,0.0,0.0,0.0,29,2,29,1,29,1,29,30,1,28,30,417,FL-417 N,N,Freeway,0.346143731086,0.00503746932208,8540,8538,N,2,65863,4,417,82000,65863,70,66,70.0,0.00503746932208,1,15619.910515430729,66.2319237536752,2.4052900768015686,0.0370228991887692,5.449370999555261,1.224718316772032,0.2196793742693636,9.656301694531603,-1.0609011824193244,0
416,0,10516.06652360515,72.00763879975212,2.0286399081692315,0.02824309888655652,1.3001347670109056,1.0245408288692306,0.7899827574469882,9300.351812366738,72.42608519797251,2.289946384718009,0.0317370136006512,1.3518617287265289,0.9976538111405904,0.7373058727031377,8557_8553,2.5,2.0,0.5,37,2,37,1,37,1,37,38,1,36,38,417,FL-417 N,N,Freeway,0.414658818261,0.00613950048481,8557,8553,N,2,65863,6,417,96944,65863,70,50,70.0,0.00613950048481,1,9908.209167985944,72.21686199886231,2.1592931464436202,0.02999005624360386,1.3259982478687173,1.0110973200049105,0.7636443150750629,9.201118901406394,-0.8802992215535523,1
417,1,10790.829004329004,72.76510521212225,1.37383713541908,0.01904770530891068,5.693371013624956,1.7198653658264615,0.31343648219812825,11272.006423982872,71.57386603902209,1.4167548766028708,0.020153161180496915,6.606719192293428,2.1174054001924167,0.31692476889019355,8557_8553,0.5,0.5,0.0,37,2,37,1,37,1,37,38,1,36,38,417,FL-417 N,N,Freeway,0.414658818261,0.00613950048481,8557,8553,N,2,65863,6,417,96944,65863,70,50,70.0,0.00613950048481,1,11031.417714155938,72.16948562557218,1.3952960060109754,0.0196004332447038,6.150045102959192,1.9186353830094391,0.31518062554416093,9.308502636549681,-0.8802992215535523,1
418,2,14289.290043290044,70.57098761613531,2.3047437909354613,0.034624548136397704,7.401518260761392,1.3996699451070818,0.1860850429602317,12333.658848614072,68.12496050240236,10.059007106968744,-0.054285345532573866,7.251528590412858,1.4860846929328089,0.1972855496612792,8557_8553,0.0,0.0,0.0,37,2,37,1,37,1,37,38,1,36,38,417,FL-417 N,N,Freeway,0.414658818261,0.00613950048481,8557,8553,N,2,65863,6,417,96944,65863,70,50,70.0,0.00613950048481,1,13311.474445952059,69.34797405926884,6.181875448952103,-0.009830398698088081,7.3265234255871245,1.4428773190199453,0.19168529631075545,9.496381682560497,-0.8802992215535523,1
419,3,21650.17094017094,72.78569161761021,1.4357367170748307,0.019954546735034863,4.8443054334963485,1.0305090582582277,0.2120760094394536,20335.99573560768,69.87485232590589,9.925978493494977,-0.4165766610890657,5.415238505870403,1.048490350084289,0.1913469496923048,8557_8553,1.0,1.0,0.0,37,2,37,1,37,1,37,38,1,36,38,417,FL-417 N,N,Freeway,0.414658818261,0.00613950048481,8557,8553,N,2,65863,6,417,96944,65863,70,50,70.0,0.00613950048481,1,20993.08333788931,71.33027197175805,5.680857605284904,-0.19831105717701542,5.129771969683375,1.0394997041712584,0.2017114795658792,9.951948297590627,-0.8802992215535523,1
420,0,10184.20895522388,65.76795783605225,1.9950989885072263,0.03041344653876917,1.1110386749499561,0.7667926270078224,0.6971089270742787,9378.044776119405,66.36914420047013,4.426850825261845,-0.21615610230371585,1.3781425367817832,1.053344993409068,0.7549613284563234,8570_6966,1.5,0.0,1.5,47,2,47,1,47,1,47,48,1,46,48,417,FL-417 N,N,Freeway,0.312125223583,0.00480051737589,8570,6966,N,2,65863,6,417,71707,65863,70,68,70.0,0.00480051737589,1,9781.126865671642,66.06855101826119,3.2109749068845357,-0.09287132788247333,1.2445906058658696,0.9100688102084451,0.726035127765301,9.188209977830201,-1.164350814057266,1
421,1,9348.147751605997,66.94142791423532,1.1038574764273774,0.016682182690914413,4.022024223623227,1.3726304676214895,0.3381176518861067,8697.477516059957,67.83161158059761,4.673792100059616,-0.06095502662696909,5.110880230105432,1.7875706235046174,0.34847229701875404,8570_6966,0.5,0.5,0.0,47,2,47,1,47,1,47,48,1,46,48,417,FL-417 N,N,Freeway,0.312125223583,0.00480051737589,8570,6966,N,2,65863,6,417,71707,65863,70,68,70.0,0.00480051737589,1,9022.812633832977,67.38651974741646,2.8888247882434968,-0.02213642196802734,4.56645222686433,1.5801005455630535,0.3432949744524304,9.107511386383017,-1.164350814057266,1
422,2,13235.825159914712,64.13333568314981,3.6820516125495297,0.06510353097301819,6.32969392240195,2.017049748330054,0.2645913359254393,12296.959488272922,63.406647760259645,6.909135824113097,0.12827440635986662,9.408503920961056,4.359079779294534,0.3721446280392914,8570_6966,1.0,1.0,0.0,47,2,47,1,47,1,47,48,1,46,48,417,FL-417 N,N,Freeway,0.312125223583,0.00480051737589,8570,6966,N,2,65863,6,417,71707,65863,70,68,70.0,0.00480051737589,1,12766.392324093817,63.76999172170473,5.295593718331313,0.0966889686664424,7.869098921681504,3.188064763812294,0.3183679819823654,9.454571397295362,-1.164350814057266,1
423,3,20346.486140724952,66.60185544189316,1.1648808491423814,0.017672503759580453,3.778702366584185,0.8290016337399669,0.21858034818708866,19596.119402985074,68.35104058023977,1.1233230011970938,0.01666071168057141,4.879076652204242,1.0810079352038169,0.22139914613951955,8570_6966,2.5,1.5,1.0,47,2,47,1,47,1,47,48,1,46,48,417,FL-417 N,N,Freeway,0.312125223583,0.00480051737589,8570,6966,N,2,65863,6,417,71707,65863,70,68,70.0,0.00480051737589,1,19971.302771855015,67.47644801106647,1.1441019251697377,0.01716660772007593,4.328889509394213,0.9550047844718919,0.2199897471633041,9.902051660729478,-1.164350814057266,1
424,0,17868.508620689656,65.03957212361374,1.8909502294756224,0.029099540648091508,1.2251819764597385,0.8584537457623684,0.6980763342773103,8610.586353944564,63.95091679820117,3.173477615097497,0.050049153554994334,1.8520674463580802,1.0970554097494534,0.5822996142568941,8581_7010,3.0,2.0,1.0,1,2,1,1,1,1,1,2,1,0,2,417,FL-417 N,N,Freeway,0.919987370544,0.0149705228431,8581,7010,E,2,45451,4,417,43569,45451,70,0,70.0,0.0149705228431,1,13239.54748731711,64.49524446090746,2.5322139222865596,0.03957434710154292,1.5386247114089093,0.9777545777559109,0.6401879742671022,9.490963651211846,-0.08339533670284155,0
425,1,10436.454545454546,65.8814393646211,1.1848496829205235,0.018006472067935157,2.94846230423586,0.7166120885366478,0.2453421637999301,5099.655246252677,63.46660672511393,1.9008536797681408,0.02997470837692296,3.75523821855056,0.7688650573046962,0.20606138090537715,8581_7010,2.0,2.0,0.0,1,2,1,1,1,1,1,2,1,0,2,417,FL-417 N,N,Freeway,0.919987370544,0.0149705228431,8581,7010,E,2,45451,4,417,43569,45451,70,0,70.0,0.0149705228431,1,7768.054895853611,64.67402304486751,1.5428516813443323,0.02399059022242906,3.35185026139321,0.742738572920672,0.22570177235265362,8.957775076868643,-0.08339533670284155,0
426,2,18790.060475161987,54.79485355360103,10.755696829281566,0.2396521148925612,10.395915100301671,6.517449573781687,0.5406191154502389,9895.916488222698,49.11673225406639,10.3309312302719,0.2229703578096784,11.519290999138384,5.5015235656751535,0.4727868484738244,8581_7010,4.0,3.5,0.5,1,2,1,1,1,1,1,2,1,0,2,417,FL-417 N,N,Freeway,0.919987370544,0.0149705228431,8581,7010,E,2,45451,4,417,43569,45451,70,0,70.0,0.0149705228431,1,14342.988481692342,51.95579290383371,10.543314029776734,0.23131123635111978,10.957603049720028,6.00948656972842,0.5067029819620317,9.57101649423263,-0.08339533670284155,0
427,3,35195.924568965514,64.20286085993327,1.955570271637468,0.03136779617443965,4.546020200090258,1.1075116749348621,0.2250852314890367,16911.170575692962,60.044255027598744,2.7535913152289067,0.047351234549250616,5.1719511663364255,1.332143966537207,0.2415839161097163,8581_7010,3.0,2.5,0.5,1,2,1,1,1,1,1,2,1,0,2,417,FL-417 N,N,Freeway,0.919987370544,0.0149705228431,8581,7010,E,2,45451,4,417,43569,45451,70,0,70.0,0.0149705228431,1,26053.54757232924,62.123557943766,2.3545807934331875,0.039359515361845135,4.858985683213342,1.2198278207360347,0.2333345737993765,10.167909221108243,-0.08339533670284155,0
428,0,6164.155650319829,70.10849654212824,2.627291042514767,0.037496009458477295,0.9722474142079964,0.8343859999746066,0.8637840641678947,6141.445887445888,70.74579840608119,2.5646063946006783,0.036287633586277485,1.1668729051150424,0.9473925136711864,0.8167155239275623,8598_8531,2.5,1.5,1.0,26,2,26,1,26,1,26,27,1,25,27,417,FL-417 N,N,Freeway,0.517090858241,0.008198573946200001,8598,8531,E,2,65863,4,417,82000,65863,70,0,70.0,0.008198573946200001,1,6152.800768882858,70.42714747410471,2.5959487185577226,0.03689182152237739,1.0695601596615194,0.8908892568228965,0.8402497940477285,8.724662666707545,-0.6595366786358674,0
429,1,7308.6017130620985,67.58535930033878,2.5354935594361705,0.04115263265406383,5.613220435614992,2.0730495477583304,0.32825407771364074,7270.205689277899,69.15087039776556,3.037296616241508,0.04683179544748137,5.953179482489697,1.7804882350217688,0.2821652555496182,8598_8531,2.5,1.0,1.5,26,2,26,1,26,1,26,27,1,25,27,417,FL-417 N,N,Freeway,0.517090858241,0.008198573946200001,8598,8531,E,2,65863,4,417,82000,65863,70,0,70.0,0.008198573946200001,1,7289.403701169998,68.36811484905218,2.786395087838839,0.043992214050772596,5.783199959052345,1.9267688913900496,0.30520966663162946,8.894177024835487,-0.6595366786358674,0
430,2,8425.471215351812,65.19860925831516,4.492635400113485,0.07916020858879957,6.7925210333836885,2.5266254435688658,0.31104175650715793,8438.27922077922,66.85006514955057,4.5876933972825364,0.07587645377964485,6.7891790252532624,2.1905442820220933,0.2916906545140562,8598_8531,2.5,2.5,0.0,26,2,26,1,26,1,26,27,1,25,27,417,FL-417 N,N,Freeway,0.517090858241,0.008198573946200001,8598,8531,E,2,65863,4,417,82000,65863,70,0,70.0,0.008198573946200001,1,8431.875218065517,66.02433720393287,4.5401643986980105,0.07751833118422222,6.7908500293184755,2.3585848627954795,0.30136620551060705,9.039774472055125,-0.6595366786358674,0
431,3,14545.946695095947,67.95195367497004,1.6159801517854313,0.02415854190959942,4.562394521805447,1.026585660202968,0.2169597776988107,14429.696969696968,69.5502405206806,1.9809620708379343,0.028903499282741225,5.014285543490722,1.0843045829347953,0.21235996808858096,8598_8531,0.5,0.0,0.5,26,2,26,1,26,1,26,27,1,25,27,417,FL-417 N,N,Freeway,0.517090858241,0.008198573946200001,8598,8531,E,2,65863,4,417,82000,65863,70,0,70.0,0.008198573946200001,1,14487.821832396457,68.75109709782532,1.7984711113116827,0.026531020596170324,4.788340032648085,1.0554451215688816,0.2146598728936958,9.581063701889377,-0.6595366786358674,0
432,0,5432.30835117773,69.5932654955664,3.2881029709427656,0.047349963103702736,0.8365597908695428,0.7898365386079804,0.9188543490738054,5234.857142857143,70.22128728518665,3.069666174866424,0.043795226975368695,0.9558805747125542,0.7605432425480223,0.7821258912334262,11015_8482,0.5,0.5,0.0,75,2,18,1,75,1,75,0,1,74,18,417,FL-417 S,S,Freeway,0.785772859603,0.0,11015,8482,W,2,65863,4,417,47654,65863,70,0,70.0,0.012835521021,1,5333.582747017437,69.90727639037652,3.178884572904595,0.045572595039535715,0.8962201827910485,0.7751898905780014,0.8504901201536158,8.581778476526127,-0.2410875110098594,0
433,1,6937.933045356372,69.55486381269108,1.8806006838633176,0.02752351325845472,4.539344070135198,1.4583915615044056,0.3186967293188737,7137.25,70.35889160148135,1.7972892065821413,0.0264313222800478,5.027556901154181,1.630527584520422,0.31951970193583024,11015_8482,1.0,1.0,0.0,75,2,18,1,75,1,75,0,1,74,18,417,FL-417 S,S,Freeway,0.785772859603,0.0,11015,8482,W,2,65863,4,417,47654,65863,70,0,70.0,0.012835521021,1,7037.591522678185,69.95687770708622,1.8389449452227296,0.02697741776925126,4.783450485644689,1.5444595730124138,0.319108215627352,8.859021277362057,-0.2410875110098594,0
434,2,7147.1416309012875,65.09772860944227,3.7736375209772857,0.06682170454315473,5.341646100066824,1.7382958946370168,0.2770691890232126,6712.496801705757,63.56549447311329,6.859938859001777,0.1318801568535741,6.6573843769427015,2.7674141999586994,0.351690388237806,11015_8482,8.0,6.5,1.5,75,2,18,1,75,1,75,0,1,74,18,417,FL-417 S,S,Freeway,0.785772859603,0.0,11015,8482,W,2,65863,4,417,47654,65863,70,0,70.0,0.012835521021,1,6929.819216303522,64.33161154127778,5.3167881899895315,0.09935093069836441,5.999515238504763,2.2528550472978583,0.3143797886305093,8.843589004730186,-0.2410875110098594,0
435,3,12878.751072961371,68.5587706757839,1.8880967519179728,0.027868063447675888,3.7397167429089264,0.8652647230537753,0.2252355841476424,12963.379530916844,69.96093111539436,1.9971052244656773,0.02903149673040501,4.024270754649302,1.010308084718141,0.2384695007082389,11015_8482,3.5,3.5,0.0,75,2,18,1,75,1,75,0,1,74,18,417,FL-417 S,S,Freeway,0.785772859603,0.0,11015,8482,W,2,65863,4,417,47654,65863,70,0,70.0,0.012835521021,1,12921.065301939107,69.25985089558912,1.942600988191825,0.02844978008904045,3.881993748779114,0.9377864038859581,0.23185254242794065,9.466614227647929,-0.2410875110098594,0
436,0,5574.68546637744,70.2054332177481,3.5738302631680536,0.05175323018757362,1.6542340120730132,1.217710773679538,0.7423051615162177,,,,,,,,11875_6251,0.5,0.5,0.0,103,2,46,1,103,1,103,0,1,102,46,417,FL-417 S,S,Freeway,0.115234451698,0.0,11875,6251,S,2,65863,6,417,69354,65863,70,0,70.0,0.00178172535959,1,5574.68546637744,70.2054332177481,3.5738302631680536,0.05175323018757362,1.6542340120730132,1.217710773679538,0.7423051615162177,8.625991176149725,-2.160786515551366,1
437,1,6926.704347826087,70.81408139059675,2.047518431118932,0.02944924914062572,8.050938160499149,1.8074102784208528,0.22263521875353293,,,,,,,,11875_6251,0.0,0.0,0.0,103,2,46,1,103,1,103,0,1,102,46,417,FL-417 S,S,Freeway,0.115234451698,0.0,11875,6251,S,2,65863,6,417,69354,65863,70,0,70.0,0.00178172535959,1,6926.704347826087,70.81408139059675,2.047518431118932,0.02944924914062572,8.050938160499149,1.8074102784208528,0.22263521875353293,8.843139415983703,-2.160786515551366,1
438,2,6836.4121475054235,68.65130538602723,2.7945822065831303,0.043611491921596336,8.019119614785735,1.824996150829612,0.21224035198857144,,,,,,,,11875_6251,0.0,0.0,0.0,103,2,46,1,103,1,103,0,1,102,46,417,FL-417 S,S,Freeway,0.115234451698,0.0,11875,6251,S,2,65863,6,417,69354,65863,70,0,70.0,0.00178172535959,1,6836.4121475054235,68.65130538602723,2.7945822065831303,0.043611491921596336,8.019119614785735,1.824996150829612,0.21224035198857144,8.83001833315906,-2.160786515551366,1
439,3,11671.2147505423,70.87155445681806,1.8679640737106509,0.0269202269985711,5.799404565398371,1.2706166376962085,0.2152738750185967,,,,,,,,11875_6251,0.0,0.0,0.0,103,2,46,1,103,1,103,0,1,102,46,417,FL-417 S,S,Freeway,0.115234451698,0.0,11875,6251,S,2,65863,6,417,69354,65863,70,0,70.0,0.00178172535959,1,11671.2147505423,70.87155445681806,1.8679640737106509,0.0269202269985711,5.799404565398371,1.2706166376962085,0.2152738750185967,9.364880811597992,-2.160786515551366,1
440,0,13701.43710021322,72.44761141523217,2.190637970273261,0.030341926395494205,1.4817704938292633,1.1292220498249474,0.7662205108095336,10363.620469083156,70.93439984880132,2.6043735725302444,0.037104477384805636,1.3871476623707173,0.99935335422114,0.7237812367917075,6030_6316,0.5,0.0,0.5,100,2,43,1,100,1,100,0,1,99,43,417,FL-417 S,S,Freeway,0.204291489822,0.0,6030,6316,S,2,65863,6,417,96500,65863,70,49,70.0,0.00297498721815,1,12032.528784648188,71.69100563201675,2.397505771401753,0.03372320189014992,1.4344590780999904,1.0642877020230437,0.7450008738006205,9.395368993416097,-1.5882074333271947,1
441,1,15314.805555555557,72.92601777630911,1.5517869947403606,0.021891748065263318,6.65986808414258,1.5543002799762704,0.232614291954614,12197.828693790148,70.08377027566321,1.6620331089525342,0.02425009933565481,6.104229117069764,1.355639161968633,0.2188445384519314,6030_6316,0.0,0.0,0.0,100,2,43,1,100,1,100,0,1,99,43,417,FL-417 S,S,Freeway,0.204291489822,0.0,6030,6316,S,2,65863,6,417,96500,65863,70,49,70.0,0.00297498721815,1,13756.317124672853,71.50489402598616,1.6069100518464474,0.023070923700459066,6.382048600606172,1.4549697209724517,0.2257294152032727,9.529253424839267,-1.5882074333271947,1
442,2,16875.575692963754,71.64455682551065,2.1401605063544644,0.03085596749652892,7.002634600416495,1.3864608603854462,0.1930363048857998,12665.289978678036,68.38406181207496,2.2364822182349515,0.033656485938377084,5.993740599925224,1.1429321628256772,0.186217142605398,6030_6316,1.0,0.5,0.5,100,2,43,1,100,1,100,0,1,99,43,417,FL-417 S,S,Freeway,0.204291489822,0.0,6030,6316,S,2,65863,6,417,96500,65863,70,49,70.0,0.00297498721815,1,14770.432835820895,70.01430931879281,2.188321362294708,0.032256226717453,6.498187600170859,1.2646965116055617,0.1896267237455989,9.600382680161776,-1.5882074333271947,1
443,3,28112.938166311294,73.04863293952647,1.5505498548107268,0.02141307210952226,5.143433951023266,0.9638837329136511,0.18539184294669608,20873.55650319829,70.31262707048937,1.5623485337723468,0.022365776133408368,4.362890091187081,0.7662748043657988,0.17528483955315782,6030_6316,0.0,0.0,0.0,100,2,43,1,100,1,100,0,1,99,43,417,FL-417 S,S,Freeway,0.204291489822,0.0,6030,6316,S,2,65863,6,417,96500,65863,70,49,70.0,0.00297498721815,1,24493.247334754793,71.68063000500791,1.5564491942915368,0.021889424121465315,4.753162021105174,0.865079268639725,0.18033834124992695,10.106152739553323,-1.5882074333271947,1
444,0,7068.680170575693,68.65234109689624,3.0240429501841044,0.04466907876987774,1.8777672877322973,1.434173247439564,0.7711119161052717,6734.339019189764,69.73144259577708,3.1839016407736707,0.046503084053330083,2.019983576246366,1.689811538546374,0.8557938316208994,6052_8088,0.5,0.0,0.5,115,2,58,1,115,1,115,0,1,114,58,417,FL-417 S,S,Freeway,0.544818945526,0.0,6052,8088,S,2,65863,5,417,78149,65863,70,39,70.0,0.00817758693968,1,6901.509594882729,69.19189184633666,3.1039722954788873,0.04558608141160391,1.9488754319893316,1.5619923929929689,0.8134528738630855,8.83949544852315,-0.6073017495569107,1
445,1,9373.622317596566,51.20844449318043,15.954854480995273,0.3402863138957798,15.660930952966408,7.4875340068964515,0.4569318386362619,9359.56316916488,57.918456207417535,10.041120252383614,0.17965500559607714,15.05748686901201,4.988984392598984,0.3266963013570694,6052_8088,2.5,2.0,0.5,115,2,58,1,115,1,115,0,1,114,58,417,FL-417 S,S,Freeway,0.544818945526,0.0,6052,8088,S,2,65863,5,417,78149,65863,70,39,70.0,0.00817758693968,1,9366.592743380723,54.56345035029898,12.997987366689443,0.2599706597459285,15.35920891098921,6.238259199747718,0.3918140699966657,9.144904674456825,-0.6073017495569107,1
446,2,8534.154175588865,56.874319976350755,10.798019498099187,0.21901736714177386,11.65134804044399,5.182963825966361,0.40736694164562737,8420.72921108742,58.91775014524878,8.754940709047082,0.15855750619637188,12.873721681182149,4.042721131416337,0.30816306223961604,6052_8088,1.5,1.5,0.0,115,2,58,1,115,1,115,0,1,114,58,417,FL-417 S,S,Freeway,0.544818945526,0.0,6052,8088,S,2,65863,5,417,78149,65863,70,39,70.0,0.00817758693968,1,8477.441693338144,57.89603506079977,9.776480103573135,0.18878743666907288,12.26253486081307,4.6128424786913484,0.35776500194262173,9.045163996162888,-0.6073017495569107,1
447,3,15485.843683083513,66.32825908864041,4.124961447564374,0.0638005778425195,6.668645204099892,2.204932803011509,0.3150214675506664,15120.5842217484,67.84015802127949,3.4796285915667844,0.05242181500665242,8.029771398537836,2.145511498767644,0.26384397962098033,6052_8088,2.5,2.0,0.5,115,2,58,1,115,1,115,0,1,114,58,417,FL-417 S,S,Freeway,0.544818945526,0.0,6052,8088,S,2,65863,5,417,78149,65863,70,39,70.0,0.00817758693968,1,15303.213952415957,67.08420855495996,3.8022950195655794,0.058111196424585954,7.349208301318864,2.1752221508895766,0.2894327235858234,9.635818147569951,-0.6073017495569107,1
448,0,5460.4655172413795,75.65030246191995,2.5925314397051937,0.03431619311948849,1.51474408790439,1.304140902179184,0.8634828887664237,5491.432835820896,70.31944129273249,2.7085908271893944,0.03854365471262953,0.9359072196583256,0.7716908754842707,0.8301440526147512,6170_8603,1.0,0.5,0.5,82,2,25,1,82,1,82,0,1,81,25,417,FL-417 S,S,Freeway,0.8435224530609999,0.0,6170,8603,W,2,65863,4,417,45500,65863,70,0,70.0,0.0136065154941,1,5475.949176531138,72.98487187732621,2.650561133447294,0.03642992391605901,1.2253256537813577,1.0379158888317275,0.8468134706905874,8.60812090523509,-0.170168758428044,0
449,1,7922.870129870129,75.26857073338373,2.220616867682123,0.030199218007456605,9.302041919723974,2.698185638989197,0.28753536216906944,7907.421841541756,67.87729615122967,1.9532370914210613,0.02908461255384252,5.457259689126367,1.6263521201163658,0.2977830941063005,6170_8603,1.5,1.5,0.0,82,2,25,1,82,1,82,0,1,81,25,417,FL-417 S,S,Freeway,0.8435224530609999,0.0,6170,8603,W,2,65863,4,417,45500,65863,70,0,70.0,0.0136065154941,1,7915.145985705943,71.57293344230669,2.0869269795515923,0.029641915280649564,7.379650804425171,2.1622688795527814,0.29265922813768497,8.976533416327705,-0.170168758428044,0
450,2,6903.387931034483,74.20140990124152,2.0848582556445434,0.03060312595834194,7.875813919639508,1.4393344509586599,0.17363876629398092,6900.2302771855,67.03616087765879,2.1408726950024684,0.033548430816857745,4.668650520980017,0.9454227108113336,0.19029513028006453,6170_8603,1.0,0.5,0.5,82,2,25,1,82,1,82,0,1,81,25,417,FL-417 S,S,Freeway,0.8435224530609999,0.0,6170,8603,W,2,65863,4,417,45500,65863,70,0,70.0,0.0136065154941,1,6901.8091041099915,70.61878538945015,2.112865475323506,0.03207577838759984,6.272232220309762,1.1923785808849967,0.18196694828702273,8.83953884522127,-0.170168758428044,0
451,3,13010.25,75.176418573186,1.4359342566010938,0.019212390865622472,6.5469662678357246,1.2003285942968436,0.18447547777218093,12935.614072494667,67.97169353220386,1.4980573787859817,0.02218729123028848,3.8311706202671623,0.7520918627114013,0.1964799754220825,6170_8603,0.5,0.0,0.5,82,2,25,1,82,1,82,0,1,81,25,417,FL-417 S,S,Freeway,0.8435224530609999,0.0,6170,8603,W,2,65863,4,417,45500,65863,70,0,70.0,0.0136065154941,1,12972.932036247334,71.57405605269493,1.4669958176935376,0.020699841047955476,5.189068444051443,0.9762102285041224,0.19047772659713172,9.470620314695603,-0.170168758428044,0
452,0,6027.650319829424,72.34208648048025,2.971406151269839,0.04113339957391997,1.3756617226310441,1.1541542430838658,0.8313803277126027,6059.470967741935,69.32917130861475,2.769258019342668,0.04011136820275407,1.0379561669109465,0.9706237258181,0.9278881769136174,6174_8596,0.0,0.0,0.0,89,2,32,1,89,1,89,0,1,88,32,417,FL-417 S,S,Freeway,0.7148514318989999,0.0,6174,8596,S,2,65863,4,417,82000,65863,70,0,70.0,0.011124147515100002,1,6043.5606437856795,70.8356288945475,2.8703320853062535,0.04062238388833702,1.2068089447709953,1.0623889844509828,0.87963425231311,8.706748627796312,-0.33568054543280035,0
453,1,7798.645299145299,70.57995619895141,2.457271733869072,0.03546732737429364,6.347960082159705,1.7265644204683477,0.2685120880527998,7733.420824295011,67.85448565790574,2.0186850741921805,0.03026144453940465,5.7445376219277255,1.6953786417484735,0.29422339958239063,6174_8596,1.5,1.0,0.5,89,2,32,1,89,1,89,0,1,88,32,417,FL-417 S,S,Freeway,0.7148514318989999,0.0,6174,8596,S,2,65863,4,417,82000,65863,70,0,70.0,0.011124147515100002,1,7766.033061720154,69.21722092842857,2.2379784040306263,0.032864385956849144,6.046248852043716,1.7109715311084106,0.2813677438175952,8.957514767521818,-0.33568054543280035,0
454,2,8830.05769230769,65.39541489437123,7.229126524675768,0.12108707448431093,8.256976125816351,3.0468205313680694,0.329551594558618,8779.168103448275,60.0657774175614,7.375339164099191,0.13065646167791972,8.242145279205824,2.871941517188859,0.3280374820317368,6174_8596,0.5,0.5,0.0,89,2,32,1,89,1,89,0,1,88,32,417,FL-417 S,S,Freeway,0.7148514318989999,0.0,6174,8596,S,2,65863,4,417,82000,65863,70,0,70.0,0.011124147515100002,1,8804.612897877982,62.73059615596631,7.302232844387479,0.12587176808111533,8.249560702511086,2.959381024278464,0.3287945382951774,9.08303105606585,-0.33568054543280035,0
455,3,13725.076759061834,71.16379748217034,2.0340358358429342,0.0288248740132108,4.844820138292032,1.019334767684221,0.2063287034262261,13643.741935483871,68.35694275943246,1.6475959134596627,0.024268173697412444,4.330280895662808,0.9255813853173228,0.21335029705367306,6174_8596,1.0,0.5,0.5,89,2,32,1,89,1,89,0,1,88,32,417,FL-417 S,S,Freeway,0.7148514318989999,0.0,6174,8596,S,2,65863,4,417,82000,65863,70,0,70.0,0.011124147515100002,1,13684.409347272853,69.7603701208014,1.8408158746512986,0.026546523855311623,4.58755051697742,0.972458076500772,0.20983950023994957,9.524012459949462,-0.33568054543280035,0
456,0,,,,,,,,9869.440180586907,66.77729181632431,2.1522045858394767,0.03230400494317578,1.4184372201477435,1.0891590185145923,0.7682553170339295,6251_11709,0.5,0.5,0.0,107,2,50,1,107,1,107,0,1,106,50,417,FL-417 S,S,Freeway,0.434654958051,0.0,6251,11709,S,2,65863,4,417,97500,65863,70,0,70.0,0.006597289192380001,1,9869.440180586907,66.77729181632431,2.1522045858394767,0.03230400494317578,1.4184372201477435,1.0891590185145923,0.7682553170339295,9.19719841152682,-0.833202762525689,0
457,1,,,,,,,,10610.328767123288,66.86023263171707,1.5444147716943395,0.024478942235691185,6.4197123505246125,1.4231007749967572,0.21242146565935108,6251_11709,1.0,1.0,0.0,107,2,50,1,107,1,107,0,1,106,50,417,FL-417 S,S,Freeway,0.434654958051,0.0,6251,11709,S,2,65863,4,417,97500,65863,70,0,70.0,0.006597289192380001,1,10610.328767123288,66.86023263171707,1.5444147716943395,0.024478942235691185,6.4197123505246125,1.4231007749967572,0.21242146565935108,9.269583217661726,-0.833202762525689,0
458,2,,,,,,,,12846.940909090908,64.51589601398236,2.8784490970346086,0.05016855666172724,7.792124268616407,1.9880169411740665,0.2267820667599929,6251_11709,1.0,0.5,0.5,107,2,50,1,107,1,107,0,1,106,50,417,FL-417 S,S,Freeway,0.434654958051,0.0,6251,11709,S,2,65863,4,417,97500,65863,70,0,70.0,0.006597289192380001,1,12846.940909090908,64.51589601398236,2.8784490970346086,0.05016855666172724,7.792124268616407,1.9880169411740665,0.2267820667599929,9.460861000432871,-0.833202762525689,0
459,3,,,,,,,,19882.18735891648,66.46065933307638,1.4674955935170313,0.02236888807776496,5.131413611009823,1.02204925928669,0.1941692600361739,6251_11709,2.0,1.5,0.5,107,2,50,1,107,1,107,0,1,106,50,417,FL-417 S,S,Freeway,0.434654958051,0.0,6251,11709,S,2,65863,4,417,97500,65863,70,0,70.0,0.006597289192380001,1,19882.18735891648,66.46065933307638,1.4674955935170313,0.02236888807776496,5.131413611009823,1.02204925928669,0.1941692600361739,9.897579502272427,-0.833202762525689,0
460,0,8420.948827292112,65.10731049986695,3.6389612932536974,0.05620012913165172,1.567991702773592,1.0874864067664776,0.6814993597348963,8374.575692963752,66.9508211227505,3.5345330036166924,0.053009966129833885,1.7558917913430547,1.3992916818906829,0.7617326160238135,6299_6323,0.0,0.0,0.0,74,2,17,1,74,1,74,0,1,73,17,417,FL-417 S,S,Freeway,0.400506023785,0.0,6299,6323,W,2,65863,4,417,49500,65863,70,0,70.0,0.00657305147509,1,8397.762260127933,66.02906581130873,3.5867471484351947,0.0546050476307428,1.6619417470583233,1.2433890443285802,0.7216159878793549,9.035720551737443,-0.9150264719251598,0
461,1,8015.7430406852245,66.62549333086902,2.6928012061219104,0.04171207903533948,5.8349715945299625,1.7534635292706775,0.2895408024770539,8085.424568965517,66.70629582044683,2.9740129529347934,0.04685762104973699,6.5660715009388175,2.2017134649246834,0.31297651832246626,6299_6323,0.5,0.0,0.5,74,2,17,1,74,1,74,0,1,73,17,417,FL-417 S,S,Freeway,0.400506023785,0.0,6299,6323,W,2,65863,4,417,49500,65863,70,0,70.0,0.00657305147509,1,8050.583804825371,66.66589457565792,2.833407079528352,0.04428485004253824,6.20052154773439,1.9775884970976805,0.30125866039976007,8.993499890121546,-0.9150264719251598,0
462,2,9264.476495726496,51.759361806606464,8.809935242981238,0.1858222663619284,10.614476204377393,4.355583406353165,0.3970691031468157,9318.745182012848,47.490600267256745,12.412309957415776,0.3036998493894038,16.273193553743166,7.4562443965503205,0.45027666868830346,6299_6323,1.5,1.0,0.5,74,2,17,1,74,1,74,0,1,73,17,417,FL-417 S,S,Freeway,0.400506023785,0.0,6299,6323,W,2,65863,4,417,49500,65863,70,0,70.0,0.00657305147509,1,9291.610838869672,49.6249810369316,10.611122600198506,0.2447610578756661,13.44383487906028,5.9059139014517426,0.4236728859175596,9.136867211703489,-0.9150264719251598,0
463,3,16590.739872068232,64.68472379947691,2.727055450397265,0.04285485980678218,4.81685612742141,1.2468397641798779,0.2432379167420113,16670.326226012792,65.66739870431721,3.1276270170916542,0.04904011454864441,5.810905129814844,1.8081520050711053,0.2763810043277103,6299_6323,0.5,0.5,0.0,74,2,17,1,74,1,74,0,1,73,17,417,FL-417 S,S,Freeway,0.400506023785,0.0,6299,6323,W,2,65863,4,417,49500,65863,70,0,70.0,0.00657305147509,1,16630.53304904051,65.17606125189707,2.9273412337444595,0.0459474871777133,5.3138806286181275,1.5274958846254916,0.2598094605348608,9.718995625133315,-0.9150264719251598,0
464,0,10363.620469083156,70.93439984880132,2.6043735725302444,0.037104477384805636,1.3871476623707173,0.99935335422114,0.7237812367917075,10393.031982942432,70.57367807738824,2.6696417156688197,0.038114004299531816,1.5403919107227644,1.1759279377125875,0.7604898714190738,6316_6895,0.5,0.5,0.0,99,2,42,1,99,1,99,0,1,98,42,417,FL-417 S,S,Freeway,0.384461451754,0.0,6316,6895,S,2,65863,6,417,96500,65863,70,46,70.0,0.0056234813884300005,1,10378.326226012794,70.75403896309479,2.637007644099532,0.037609240842168726,1.4637697865467407,1.0876406459668637,0.7421355541053907,9.247474893815289,-0.9559117505786136,1
465,1,12197.828693790148,70.08377027566321,1.6620331089525342,0.02425009933565481,6.104229117069764,1.355639161968633,0.2188445384519314,12307.147435897437,68.90529869543232,1.6546620338034776,0.024840695005293567,7.353303584321643,1.7231450842886575,0.2287568627782456,6316_6895,0.0,0.0,0.0,99,2,42,1,99,1,99,0,1,98,42,417,FL-417 S,S,Freeway,0.384461451754,0.0,6316,6895,S,2,65863,6,417,96500,65863,70,46,70.0,0.0056234813884300005,1,12252.488064843794,69.49453448554777,1.6583475713780058,0.024545397170474187,6.728766350695704,1.5393921231286454,0.2238007006150885,9.413484302683559,-0.9559117505786136,1
466,2,12665.289978678036,68.38406181207496,2.2364822182349515,0.033656485938377084,5.993740599925224,1.1429321628256772,0.186217142605398,12798.268656716418,67.60911403159902,2.0437974285089755,0.03119904351223961,7.428065110654608,1.4043895946989615,0.18578864294667968,6316_6895,0.0,0.0,0.0,99,2,42,1,99,1,99,0,1,98,42,417,FL-417 S,S,Freeway,0.384461451754,0.0,6316,6895,S,2,65863,6,417,96500,65863,70,46,70.0,0.0056234813884300005,1,12731.779317697226,67.99658792183699,2.1401398233719635,0.032427764725308346,6.710902855289916,1.2736608787623194,0.18600289277603885,9.451856455365906,-0.9559117505786136,1
467,3,20873.55650319829,70.31262707048937,1.5623485337723468,0.022365776133408368,4.362890091187081,0.7662748043657988,0.17528483955315782,21153.24093816632,69.62135498262265,1.4108733995910665,0.02036868428905584,5.266992840728299,0.9228110820631212,0.1754603589993994,6316_6895,0.0,0.0,0.0,99,2,42,1,99,1,99,0,1,98,42,417,FL-417 S,S,Freeway,0.384461451754,0.0,6316,6895,S,2,65863,6,417,96500,65863,70,46,70.0,0.0056234813884300005,1,21013.398720682308,69.966991026556,1.4866109666817067,0.021367230211232102,4.8149414659576895,0.84454294321446,0.17537259927627863,9.952915547566407,-0.9559117505786136,1
468,0,8398.234541577825,71.5058978237767,2.246421346501286,0.031484356936394266,1.1973411582887643,0.8537241080848141,0.7083251076915507,8420.948827292112,65.10731049986695,3.6389612932536974,0.05620012913165172,1.567991702773592,1.0874864067664776,0.6814993597348963,6618_6299,1.5,0.5,1.0,79,2,22,1,79,1,79,0,1,78,22,417,FL-417 S,S,Freeway,0.785759402068,0.0,6618,6299,W,2,65863,4,417,49500,65863,70,0,70.0,0.0128970603721,1,8409.591684434969,68.30660416182184,2.9426913198774916,0.043842243034022996,1.3826664305311782,0.9706052574256459,0.6949122337132234,9.037128200591553,-0.24110463765158172,0
469,1,8080.840860215054,72.39274295777544,1.7069718724720022,0.024142187681244636,4.572276895573063,1.3670606282777729,0.2907319029490981,8015.7430406852245,66.62549333086902,2.6928012061219104,0.04171207903533948,5.8349715945299625,1.7534635292706775,0.2895408024770539,6618_6299,1.0,1.0,0.0,79,2,22,1,79,1,79,0,1,78,22,417,FL-417 S,S,Freeway,0.785759402068,0.0,6618,6299,W,2,65863,4,417,49500,65863,70,0,70.0,0.0128970603721,1,8048.291950450139,69.50911814432223,2.199886539296956,0.03292713335829206,5.203624245051513,1.5602620787742252,0.29013635271307603,8.993215167830927,-0.24110463765158172,0
470,2,9259.244111349035,65.79903862807271,6.1718923386216975,0.10665983894117664,7.102020775502358,2.613793290904175,0.3210646491118841,9264.476495726496,51.759361806606464,8.809935242981238,0.1858222663619284,10.614476204377393,4.355583406353165,0.3970691031468157,6618_6299,5.5,3.0,2.5,79,2,22,1,79,1,79,0,1,78,22,417,FL-417 S,S,Freeway,0.785759402068,0.0,6618,6299,W,2,65863,4,417,49500,65863,70,0,70.0,0.0128970603721,1,9261.860303537766,58.779200217339586,7.490913790801468,0.14624105265155252,8.858248489939875,3.4846883486286697,0.3590668761293499,9.133660204173525,-0.24110463765158172,0
471,3,16693.183760683758,72.0403149631169,1.7939369989041944,0.02524474868858486,4.066409361304354,0.9219502880878424,0.21459692466611466,16590.739872068232,64.68472379947691,2.727055450397265,0.04285485980678218,4.81685612742141,1.2468397641798779,0.2432379167420113,6618_6299,2.0,0.5,1.5,79,2,22,1,79,1,79,0,1,78,22,417,FL-417 S,S,Freeway,0.785759402068,0.0,6618,6299,W,2,65863,4,417,49500,65863,70,0,70.0,0.0128970603721,1,16641.961816375995,68.3625193812969,2.26049622465073,0.034049804247683516,4.441632744362882,1.0843950261338602,0.22891742070406298,9.719682605044571,-0.24110463765158172,0
472,0,9064.978213507626,71.13723000635909,2.5133004657435696,0.035627224371582826,1.7142900342265632,1.3029576680902342,0.7639692381597321,9003.912579957356,70.0220455349573,2.646481595260494,0.038005890897941576,1.3282193513852716,0.958042722551585,0.7269963388323436,6691_8563,0.0,0.0,0.0,113,2,56,1,113,1,113,0,1,112,56,417,FL-417 S,S,Freeway,0.435234167071,0.0,6691,8563,S,2,65863,6,417,91500,65863,70,46,70.0,0.00652750783436,1,9034.445396732492,70.5796377706582,2.579891030502032,0.0368165576347622,1.5212546928059174,1.1305001953209095,0.7454827884960378,9.108799817272034,-0.8318710776273052,1
473,1,11901.04385964912,69.98006300569517,2.474906859190668,0.035884564533070776,9.043647834438948,2.057469701489415,0.2263058340216502,11818.337634408603,69.38014039101803,1.8964392717934668,0.0279607992212386,6.592061116105353,1.481784678395207,0.22092216791260005,6691_8563,0.0,0.0,0.0,113,2,56,1,113,1,113,0,1,112,56,417,FL-417 S,S,Freeway,0.435234167071,0.0,6691,8563,S,2,65863,6,417,91500,65863,70,46,70.0,0.00652750783436,1,11859.69074702886,69.6801016983566,2.1856730654920673,0.03192268187715469,7.817854475272151,1.769627189942311,0.22361400096712514,9.380900596919075,-0.8318710776273052,1
474,2,11198.03711790393,68.57661577097608,2.4376634027119817,0.03805260834805962,8.58187135708515,1.5844044253509628,0.17925597345102834,11114.891025641024,68.27753016664674,2.0746278778669485,0.031743232321971536,6.195448113251718,1.1395259677084757,0.1774530300649286,6691_8563,1.0,0.5,0.5,113,2,56,1,113,1,113,0,1,112,56,417,FL-417 S,S,Freeway,0.435234167071,0.0,6691,8563,S,2,65863,6,417,91500,65863,70,46,70.0,0.00652750783436,1,11156.464071772476,68.42707296881142,2.256145640289465,0.03489792033501558,7.388659735168434,1.3619651965297193,0.17835450175797846,9.319774346284168,-0.8318710776273052,1
475,3,19888.81481481481,70.86452362641477,1.6472117079586952,0.0235211389566063,6.4021484491750185,1.1909214422158385,0.18380090083614592,19738.232409381664,69.5511424106829,1.4580449177287902,0.021168714780277664,4.711765369173394,0.8608431928352404,0.18058588008757592,6691_8563,1.0,1.0,0.0,113,2,56,1,113,1,113,0,1,112,56,417,FL-417 S,S,Freeway,0.435234167071,0.0,6691,8563,S,2,65863,6,417,91500,65863,70,46,70.0,0.00652750783436,1,19813.523612098237,70.20783301854883,1.5526283128437428,0.022344926868441983,5.556956909174206,1.0258823175255394,0.18219339046186092,9.894119994248998,-0.8318710776273052,1
476,0,8177.652452025586,67.94134619978023,3.8410186584519614,0.05693259755521664,1.5043423303861836,0.8971958158530277,0.5905901116069877,7930.678038379531,65.23304890230605,2.9601113497617986,0.04563213222268183,1.5565180175652868,0.988829049506262,0.6200131851088448,6889_6071,1.0,0.5,0.5,61,2,3,1,61,1,61,0,1,60,3,417,FL-417 S,S,Freeway,0.341332374707,0.0,6889,6071,W,2,45451,4,417,69500,45451,70,0,70.0,0.0055685035959300005,1,8054.165245202559,66.58719755104315,3.40056500410688,0.05128236488894923,1.530430173975735,0.9430124326796449,0.6053016483579163,8.99394465836042,-1.0748985705303233,0
477,1,7808.108974358975,69.48737283982835,2.1220169532074173,0.030607640843072895,5.098898943473926,1.2538121243493692,0.2453462931913573,7423.385438972163,65.21416530656235,1.6960766285138622,0.02612899003132554,5.325669206996183,1.3623235644196103,0.25553972210115905,6889_6071,0.0,0.0,0.0,61,2,3,1,61,1,61,0,1,60,3,417,FL-417 S,S,Freeway,0.341332374707,0.0,6889,6071,W,2,45451,4,417,69500,45451,70,0,70.0,0.0055685035959300005,1,7615.747206665568,67.35076907319535,1.9090467908606397,0.02836831543719922,5.212284075235054,1.3080678443844898,0.25044300764625815,8.937973383518216,-1.0748985705303233,0
478,2,7409.62473347548,64.89737594532197,2.3054050665700982,0.035913629785464106,4.4141027755425535,0.6901750324355055,0.15814868782755087,7306.285407725322,62.805529858010274,1.7396335922300397,0.028683909745081882,5.126999460945389,0.8608691956715964,0.16018891661014684,6889_6071,0.0,0.0,0.0,61,2,3,1,61,1,61,0,1,60,3,417,FL-417 S,S,Freeway,0.341332374707,0.0,6889,6071,W,2,45451,4,417,69500,45451,70,0,70.0,0.0055685035959300005,1,7357.955070600401,63.85145290166612,2.022519329400069,0.032298769765272996,4.770551118243971,0.7755221140535509,0.15916880221884885,8.903537329448795,-1.0748985705303233,0
479,3,15129.867803837951,67.71406911710801,1.9424863505229184,0.028789316309069994,4.042900340497842,0.7361916786611826,0.18287126292145425,14746.925373134329,64.59687681295372,1.4117619481521753,0.021942990636742245,4.541165553823197,0.8095313733873941,0.17899445354572122,6889_6071,0.0,0.0,0.0,61,2,3,1,61,1,61,0,1,60,3,417,FL-417 S,S,Freeway,0.341332374707,0.0,6889,6071,W,2,45451,4,417,69500,45451,70,0,70.0,0.0055685035959300005,1,14938.396588486139,66.15547296503087,1.6771241493375468,0.02536615347290612,4.29203294716052,0.7728615260242884,0.18093285823358773,9.61169012953274,-1.0748985705303233,0
480,0,10393.031982942432,70.57367807738824,2.6696417156688197,0.038114004299531816,1.5403919107227644,1.1759279377125875,0.7604898714190738,10011.473347547975,71.70383104669322,2.4980288243394524,0.03510459199773028,1.3123326719796455,0.9882535847127044,0.7473068560410678,6895_8383,0.0,0.0,0.0,98,2,41,1,98,1,98,0,1,97,41,417,FL-417 S,S,Freeway,0.245820660608,0.0,6895,8383,S,2,65863,6,417,96500,65863,70,46,70.0,0.00359398865315,1,10202.252665245203,71.13875456204073,2.583835270004136,0.03660929814863105,1.426362291351205,1.082090761212646,0.7538983637300708,9.230363824422538,-1.4031530308341749,1
481,1,12307.147435897437,68.90529869543232,1.6546620338034776,0.024840695005293567,7.353303584321643,1.7231450842886575,0.2287568627782456,11960.721627408991,69.92084076030737,2.0796024221043585,0.030711383904307086,6.036120192398468,1.3726287909731376,0.2227149033114512,6895_8383,2.0,1.5,0.5,98,2,41,1,98,1,98,0,1,97,41,417,FL-417 S,S,Freeway,0.245820660608,0.0,6895,8383,S,2,65863,6,417,96500,65863,70,46,70.0,0.00359398865315,1,12133.934531653214,69.41306972786984,1.8671322279539182,0.027776039454800325,6.694711888360056,1.5478869376308975,0.2257358830448484,9.403761313041274,-1.4031530308341749,1
482,2,12798.268656716418,67.60911403159902,2.0437974285089755,0.03119904351223961,7.428065110654608,1.4043895946989615,0.18578864294667968,12431.417910447759,68.47669462229099,2.3491154196086312,0.0352018424057934,6.0337192798233925,1.1501510851737855,0.1866131349482743,6895_8383,0.0,0.0,0.0,98,2,41,1,98,1,98,0,1,97,41,417,FL-417 S,S,Freeway,0.245820660608,0.0,6895,8383,S,2,65863,6,417,96500,65863,70,46,70.0,0.00359398865315,1,12614.84328358209,68.042904326945,2.1964564240588036,0.03320044295901651,6.730892195239001,1.2772703399363734,0.186200888947477,9.442629437976358,-1.4031530308341749,1
483,3,21153.24093816632,69.62135498262265,1.4108733995910665,0.02036868428905584,5.266992840728299,0.9228110820631212,0.1754603589993994,20439.961620469083,70.58555908307167,1.8059465454109584,0.025689641851098673,4.489135697269017,0.7690300958784125,0.17122109161507082,6895_8383,0.5,0.0,0.5,98,2,41,1,98,1,98,0,1,97,41,417,FL-417 S,S,Freeway,0.245820660608,0.0,6895,8383,S,2,65863,6,417,96500,65863,70,46,70.0,0.00359398865315,1,20796.6012793177,70.10345703284716,1.6084099725010126,0.023029163070077255,4.878064268998658,0.8459205889707668,0.1733407253072351,9.942544852305367,-1.4031530308341749,1
484,0,9430.857142857143,131.21723737722044,3.2939766231200482,0.02519765013908468,1.9521769219580176,1.4628365145411135,0.7406544514338087,9808.351812366738,71.24968626955372,2.7329130580860967,0.03841977611032118,1.3331196004577082,1.0460750393326907,0.7699672778169,6968_8555,2.0,1.0,1.0,104,2,47,1,104,1,104,0,1,103,47,417,FL-417 S,S,Freeway,1.05000682196,0.0,6968,8555,S,2,65863,4,417,97500,65863,70,43,70.0,0.015279000597600003,1,9619.604477611942,101.23346182338707,3.0134448406030723,0.03180871312470293,1.6426482612078628,1.254455776936902,0.7553108646253544,9.171558428221172,0.04879666125308787,0
485,1,10499.946351931329,132.11282733390712,2.0620306189730937,0.017391284257894424,8.334711613276239,1.7746763287420466,0.21126123381616896,10472.036402569593,70.08140736922438,1.6045184998326882,0.024165754153651298,5.835967567133068,1.202853972455571,0.20496363999173053,6968_8555,2.5,1.0,1.5,104,2,47,1,104,1,104,0,1,103,47,417,FL-417 S,S,Freeway,1.05000682196,0.0,6968,8555,S,2,65863,4,417,97500,65863,70,43,70.0,0.015279000597600003,1,10485.99137725046,101.09711735156574,1.833274559402891,0.02077851920577286,7.085339590204653,1.4887651505988089,0.20811243690394976,9.257795490821485,0.04879666125308787,0
486,2,12772.863247863246,130.00209917695537,4.202850766383823,0.03453630903965342,9.868883633139923,1.936382645456328,0.1913926154328948,12733.162046908315,68.12379486170948,2.0274470198335828,0.03093659629733922,6.8184236824166335,1.301614319155196,0.18602366479489715,6968_8555,2.5,2.0,0.5,104,2,47,1,104,1,104,0,1,103,47,417,FL-417 S,S,Freeway,1.05000682196,0.0,6968,8555,S,2,65863,4,417,97500,65863,70,43,70.0,0.015279000597600003,1,12753.012647385782,99.06294701933243,3.115148893108703,0.03273645266849632,8.343653657778278,1.618998482305762,0.18870814011389597,9.45352280874489,0.04879666125308787,0
487,3,19566.07462686568,132.24974196439305,2.2007177280354044,0.016865608468235392,6.66937455706173,1.2372512602880217,0.1838076923231592,19681.358208955226,69.63701409532493,1.4783507708705284,0.02143714384356904,4.600624115091935,0.8714124720998707,0.18706541609338687,6968_8555,4.5,4.0,0.5,104,2,47,1,104,1,104,0,1,103,47,417,FL-417 S,S,Freeway,1.05000682196,0.0,6968,8555,S,2,65863,4,417,97500,65863,70,43,70.0,0.015279000597600003,1,19623.71641791045,100.94337802985899,1.8395342494529663,0.019151376155902216,5.634999336076833,1.0543318661939463,0.18543655420827304,9.884494135054787,0.04879666125308787,0
488,0,8099.434968017057,73.69579427184311,2.5118845527059186,0.03416735363955625,2.4873315560498224,1.6774727936049048,0.6654879892035517,8177.652452025586,67.94134619978023,3.8410186584519614,0.05693259755521664,1.5043423303861836,0.8971958158530277,0.5905901116069877,6975_6889,0.0,0.0,0.0,66,2,9,1,66,1,66,0,1,65,9,417,FL-417 S,S,Freeway,0.555496929504,0.0,6975,6889,W,2,45451,4,417,69500,45451,70,0,70.0,0.009061036913049998,1,8138.543710021322,70.81857023581168,3.17645160557894,0.045549975597386445,1.995836943218003,1.2873343047289663,0.6280390504052697,9.00436653758832,-0.5878921973632734,0
489,1,7753.094017094018,73.64179906992877,2.1668667877883627,0.0300296493211228,9.401044647623213,2.579436484668764,0.27153699806778675,7808.108974358975,69.48737283982835,2.1220169532074173,0.030607640843072895,5.098898943473926,1.2538121243493692,0.2453462931913573,6975_6889,1.5,0.5,1.0,66,2,9,1,66,1,66,0,1,65,9,417,FL-417 S,S,Freeway,0.555496929504,0.0,6975,6889,W,2,45451,4,417,69500,45451,70,0,70.0,0.009061036913049998,1,7780.601495726496,71.56458595487857,2.1444418704978903,0.030318645082097848,7.24997179554857,1.9166243045090665,0.25844164562957206,8.95938892725932,-0.5878921973632734,0
490,2,7359.8272921108755,70.42283029297963,3.23889826262321,0.048943897069486125,8.9937050856827,1.6882565519336274,0.1775661586449212,7409.62473347548,64.89737594532197,2.3054050665700982,0.035913629785464106,4.4141027755425535,0.6901750324355055,0.15814868782755087,6975_6889,1.0,1.0,0.0,66,2,9,1,66,1,66,0,1,65,9,417,FL-417 S,S,Freeway,0.555496929504,0.0,6975,6889,W,2,45451,4,417,69500,45451,70,0,70.0,0.009061036913049998,1,7384.726012793178,67.66010311915079,2.772151664596654,0.04242876342747512,6.703903930612627,1.1892157921845665,0.16785742323623604,8.9071690937753,-0.5878921973632734,0
491,3,14996.155650319832,73.32576405724086,1.99452756281448,0.02750211065815769,7.788525511278131,1.47670638095442,0.18858510340422466,15129.867803837951,67.71406911710801,1.9424863505229184,0.028789316309069994,4.042900340497842,0.7361916786611826,0.18287126292145425,6975_6889,1.0,0.5,0.5,66,2,9,1,66,1,66,0,1,65,9,417,FL-417 S,S,Freeway,0.555496929504,0.0,6975,6889,W,2,45451,4,417,69500,45451,70,0,70.0,0.009061036913049998,1,15063.01172707889,70.51991658717444,1.9685069566686992,0.028145713483613843,5.915712925887986,1.1064490298078014,0.18572818316283946,9.619997463237922,-0.5878921973632734,0
492,0,7763.250539956803,71.07818949647334,3.470855152216587,0.050127674158468784,1.9904534221456336,1.5111462847898431,0.7530915656571554,7764.483870967741,68.37782517394355,3.28071659819,0.04804811579040825,1.481043818424166,0.9938885617018394,0.6724990052768803,7090_8283,0.0,0.0,0.0,70,2,13,1,70,1,70,0,1,69,13,417,FL-417 S,S,Freeway,0.99231920565,0.0,7090,8283,S,2,45451,4,91,95000,45451,70,0,70.0,0.0161079110914,1,7763.867205462271,69.72800733520845,3.3757858752032934,0.049087894974438516,1.7357486202849,1.2525174232458411,0.7127952854670179,8.957235840260902,-0.007710443568196631,0
493,1,7621.316702819957,72.4417412532047,2.213972598250072,0.030783445350826333,7.579355860427794,2.2139143032481603,0.2912723322999162,7596.887445887446,69.32624994620743,1.7173801926786396,0.02482148545788618,5.19954831911117,1.422891576429674,0.2737169942638522,7090_8283,0.0,0.0,0.0,70,2,13,1,70,1,70,0,1,69,13,417,FL-417 S,S,Freeway,0.99231920565,0.0,7090,8283,S,2,45451,4,91,95000,45451,70,0,70.0,0.0161079110914,1,7609.102074353701,70.88399559970605,1.965676395464356,0.027802465404356255,6.389452089769483,1.8184029398389172,0.2824946632818842,8.937100451036432,-0.007710443568196631,0
494,2,7651.60737527115,68.53931135983345,2.5257693611360135,0.03757430176089231,7.752306807208326,1.1158180755372504,0.14445036418824972,7656.505399568035,65.88245343846546,2.2085910378996485,0.034189388556527096,5.249354479797477,0.8495949860391018,0.15822643823257934,7090_8283,1.0,1.0,0.0,70,2,13,1,70,1,70,0,1,69,13,417,FL-417 S,S,Freeway,0.99231920565,0.0,7090,8283,S,2,45451,4,91,95000,45451,70,0,70.0,0.0161079110914,1,7654.056387419592,67.21088239914945,2.367180199517831,0.03588184515870971,6.500830643502901,0.9827065307881762,0.15133840121041453,8.94299103301098,-0.007710443568196631,0
495,3,15084.632608695652,71.59750542700242,1.84863758370578,0.02598394589600689,6.526131529915589,1.215753309845669,0.18692333546050352,15063.926724137933,67.72624218109517,1.759437690842666,0.026099090974005423,4.537241709736079,0.8379736490359435,0.18504028854805285,7090_8283,1.5,1.5,0.0,70,2,13,1,70,1,70,0,1,69,13,417,FL-417 S,S,Freeway,0.99231920565,0.0,7090,8283,S,2,45451,4,91,95000,45451,70,0,70.0,0.0161079110914,1,15074.279666416793,69.6618738040488,1.804037637274223,0.026041518435006156,5.531686619825834,1.0268634794408062,0.18598181200427819,9.620745237131457,-0.007710443568196631,0
496,0,6977.728506787329,71.81920925324727,2.4710726945907835,0.03451661484645477,1.1616758375257081,1.0892657408028448,0.9312125010893094,7081.716417910448,73.3359868605647,3.3696118359569778,0.04599852059678253,1.3858327797901542,1.1778886247532316,0.8535067236926799,7999_8391,0.5,0.5,0.0,91,2,34,1,91,1,91,0,1,90,34,417,FL-417 S,S,Freeway,0.42654349412,0.0,7999,8391,S,2,65863,4,417,83057,65863,70,53,70.0,0.00620764730641,1,7029.722462348889,72.57759805690598,2.920342265273881,0.04025756772161865,1.273754308657931,1.1335771827780383,0.8923596123909947,8.857902504985406,-0.8520409380705594,0
497,1,8178.011441647596,70.90550454679037,2.0580805749275406,0.03099367102109856,6.057052533747518,1.9211412424967569,0.30694851007045226,7983.358974358975,70.87670892690599,2.579558896125499,0.03735147234124762,6.426983548787389,1.7975257720821425,0.27626803484618,7999_8391,2.0,1.5,0.5,91,2,34,1,91,1,91,0,1,90,34,417,FL-417 S,S,Freeway,0.42654349412,0.0,7999,8391,S,2,65863,4,417,83057,65863,70,53,70.0,0.00620764730641,1,8080.685208003286,70.89110673684817,2.31881973552652,0.03417257168117309,6.242018041267453,1.8593335072894497,0.2916082724583161,8.997231950890276,-0.8520409380705594,0
498,2,10068.539863325741,67.09439617276432,5.412463539466727,0.08936982465109597,8.029171046994389,2.635726534921807,0.2879887468766903,10234.284796573877,66.12852356393779,6.0210058711952845,0.0978168751113309,8.618819850635582,2.5552082916254486,0.27517414247294203,7999_8391,2.5,0.5,2.0,91,2,34,1,91,1,91,0,1,90,34,417,FL-417 S,S,Freeway,0.42654349412,0.0,7999,8391,S,2,65863,4,417,83057,65863,70,53,70.0,0.00620764730641,1,10151.41232994981,66.61145986835106,5.716734705331006,0.09359334988121343,8.323995448814985,2.595467413273628,0.28158144467481616,9.225368120597917,-0.8520409380705594,0
499,3,15193.990929705215,71.40036959749824,1.492913322678613,0.021077808116493263,4.702683157461663,0.9893945568641722,0.20912239160878746,15001.66737739872,71.57671300381422,1.9543186525039973,0.0274205828451262,5.035807146505277,1.0972055019053817,0.21641343043982844,7999_8391,3.0,2.0,1.0,91,2,34,1,91,1,91,0,1,90,34,417,FL-417 S,S,Freeway,0.42654349412,0.0,7999,8391,S,2,65863,4,417,83057,65863,70,53,70.0,0.00620764730641,1,15097.829153551967,71.48854130065624,1.7236159875913053,0.024249195480809733,4.8692451519834705,1.043300029384777,0.21276791102430795,9.622306247802452,-0.8520409380705594,0
500,0,8988.427038626609,67.45842559998434,2.9255019201124384,0.04390237544879203,1.9276596064961768,1.3963289830591783,0.7252649071103884,8718.0618336887,68.18660371947622,3.3759090478930665,0.05021429099651272,1.837937117635383,1.391888417722795,0.7806995821142511,8118_8456,0.5,0.5,0.0,112,2,55,1,112,1,112,0,1,111,55,417,FL-417 S,S,Freeway,0.344674752021,0.0,8118,8456,S,2,65863,5,417,91500,65863,70,43,70.0,0.0052072627194,1,8853.244436157654,67.82251465973027,3.1507054840027524,0.047058333222652377,1.8827983620657798,1.3941087003909867,0.7529822446123198,9.088539273775197,-1.0651540543821632,1
501,1,11962.882608695652,63.91360428548502,3.8658063950196615,0.06307831961631491,9.23436018326569,2.5153896509472715,0.2630707698431116,11418.488222698074,64.86898791459032,4.872392180701032,0.07777391047794972,8.777490373634457,2.2654121012498463,0.2582533518866979,8118_8456,0.5,0.5,0.0,112,2,55,1,112,1,112,0,1,111,55,417,FL-417 S,S,Freeway,0.344674752021,0.0,8118,8456,S,2,65863,5,417,91500,65863,70,43,70.0,0.0052072627194,1,11690.685415696862,64.39129610003766,4.369099287860347,0.07042611504713231,9.005925278450073,2.3904008760985587,0.26066206086490473,9.366547685398858,-1.0651540543821632,1
502,2,11024.043196544275,62.44543260595,3.9333258876993766,0.06691059481047693,8.838164164795323,2.2227166021572082,0.23832134378016234,10602.68869936034,62.293597362577714,5.102001982295549,0.08545894425669405,8.414957657903033,2.161860396841792,0.25457638425938456,8118_8456,1.0,1.0,0.0,112,2,55,1,112,1,112,0,1,111,55,417,FL-417 S,S,Freeway,0.344674752021,0.0,8118,8456,S,2,65863,5,417,91500,65863,70,43,70.0,0.0052072627194,1,10813.365947952308,62.36951498426386,4.517663934997463,0.0761847695335855,8.626560911349177,2.1922884994995,0.24644886401977345,9.288538235705179,-1.0651540543821632,1
503,3,19809.736051502143,65.02768792355333,1.815441662525686,0.028288774562826843,6.4175233675969965,1.2048080617892156,0.18445484179476654,19127.54371002132,66.7467791204089,2.5305406874647063,0.0383288422563642,6.027595545281769,1.2626738028487463,0.21194873836043945,8118_8456,2.5,2.0,0.5,112,2,55,1,112,1,112,0,1,111,55,417,FL-417 S,S,Freeway,0.344674752021,0.0,8118,8456,S,2,65863,5,417,91500,65863,70,43,70.0,0.0052072627194,1,19468.63988076173,65.88723352198112,2.1729911749951962,0.03330880840959552,6.222559456439383,1.233740932318981,0.198201790077603,9.876560238749013,-1.0651540543821632,1
504,0,8203.263948497854,65.46941958571611,2.7049274505051937,0.04166978711282409,1.7514750597389757,0.992417011887402,0.5673019212611732,8213.897654584222,68.34891631389108,2.550824477055505,0.037357145326417,1.3730214991747318,0.7414362521161669,0.5376659441268743,8277_8290,0.5,0.5,0.0,65,2,8,1,65,1,65,0,1,64,8,417,FL-417 S,S,Freeway,0.453181851131,0.0,8277,8290,W,2,45451,4,417,48500,45451,70,0,70.0,0.007427369034279999,1,8208.580801541037,66.90916794980359,2.6278759637803493,0.03951346621962054,1.5622482794568537,0.8669266320017844,0.5524839326940237,9.012935325328817,-0.7914617966782526,0
505,1,7860.845315904139,66.14386899367479,1.3562640470153056,0.020572085349905768,6.112067603895338,1.547404912649513,0.2529310114253411,7812.159139784946,69.35702530574362,1.5201570614915405,0.022041110723562136,4.440563836910839,1.0769102592179474,0.24104933303611245,8277_8290,1.5,1.0,0.5,65,2,8,1,65,1,65,0,1,64,8,417,FL-417 S,S,Freeway,0.453181851131,0.0,8277,8290,W,2,45451,4,417,48500,45451,70,0,70.0,0.007427369034279999,1,7836.502227844543,67.7504471497092,1.438210554253423,0.021306598036733952,5.276315720403089,1.3121575859337302,0.24699017223072678,8.966547869384843,-0.7914617966782526,0
506,2,7438.315334773218,64.59676022439004,1.9589267787177664,0.0315378633653427,5.5909917308500425,0.9405871062479556,0.15871375250672415,7416.698072805139,66.64116160058205,2.1851947298364665,0.03409724884108077,4.143453502331316,0.7996830435494781,0.1750894728568427,8277_8290,1.0,1.0,0.0,65,2,8,1,65,1,65,0,1,64,8,417,FL-417 S,S,Freeway,0.453181851131,0.0,8277,8290,W,2,45451,4,417,48500,45451,70,0,70.0,0.007427369034279999,1,7427.506703789179,65.61896091248605,2.0720607542771163,0.032817556103211735,4.867222616590679,0.8701350748987169,0.16690161268178344,8.912945509899691,-0.7914617966782526,0
507,3,15262.562231759655,65.87781755450847,1.4623723024488793,0.022348704111524845,5.182265578977343,0.901384333403645,0.1731338259482559,15255.034115138591,68.24538525184245,1.633583755292363,0.024124758230265445,3.7485502156687502,0.6959082670474461,0.1844324377627972,8277_8290,0.5,0.5,0.0,65,2,8,1,65,1,65,0,1,64,8,417,FL-417 S,S,Freeway,0.453181851131,0.0,8277,8290,W,2,45451,4,417,48500,45451,70,0,70.0,0.007427369034279999,1,15258.798173449122,67.06160140317546,1.547978028870621,0.023236731170895145,4.465407897323047,0.7986463002255455,0.17878313185552655,9.632911545082269,-0.7914617966782526,0
508,0,7764.483870967741,68.37782517394355,3.28071659819,0.04804811579040825,1.481043818424166,0.9938885617018394,0.6724990052768803,8203.263948497854,65.46941958571611,2.7049274505051937,0.04166978711282409,1.7514750597389757,0.992417011887402,0.5673019212611732,8283_8277,1.0,0.5,0.5,69,2,12,1,69,1,69,0,1,68,12,417,FL-417 S,S,Freeway,0.43647990356000005,0.0,8283,8277,W,2,45451,4,417,48687,45451,70,0,70.0,0.00705350357865,1,7983.873909732797,66.92362237982982,2.992822024347597,0.04485895145161617,1.616259439081571,0.9931527867946206,0.6199004632690268,8.985179024997453,-0.8290129447165322,0
509,1,7596.887445887446,69.32624994620743,1.7173801926786396,0.02482148545788618,5.19954831911117,1.422891576429674,0.2737169942638522,7860.845315904139,66.14386899367479,1.3562640470153056,0.020572085349905768,6.112067603895338,1.547404912649513,0.2529310114253411,8283_8277,0.0,0.0,0.0,69,2,12,1,69,1,69,0,1,68,12,417,FL-417 S,S,Freeway,0.43647990356000005,0.0,8283,8277,W,2,45451,4,417,48687,45451,70,0,70.0,0.00705350357865,1,7728.866380895793,67.7350594699411,1.5368221198469727,0.022696785403895976,5.655807961503254,1.4851482445395936,0.26332400284459667,8.952717478937739,-0.8290129447165322,0
510,2,7656.505399568035,65.88245343846546,2.2085910378996485,0.034189388556527096,5.249354479797477,0.8495949860391018,0.15822643823257934,7438.315334773218,64.59676022439004,1.9589267787177664,0.0315378633653427,5.5909917308500425,0.9405871062479556,0.15871375250672415,8283_8277,0.0,0.0,0.0,69,2,12,1,69,1,69,0,1,68,12,417,FL-417 S,S,Freeway,0.43647990356000005,0.0,8283,8277,W,2,45451,4,417,48687,45451,70,0,70.0,0.00705350357865,1,7547.410367170626,65.23960683142775,2.0837589083087074,0.032863625960934895,5.42017310532376,0.8950910461435286,0.15847009536965173,8.928959785680151,-0.8290129447165322,0
511,3,15063.926724137933,67.72624218109517,1.759437690842666,0.026099090974005423,4.537241709736079,0.8379736490359435,0.18504028854805285,15262.562231759655,65.87781755450847,1.4623723024488793,0.022348704111524845,5.182265578977343,0.901384333403645,0.1731338259482559,8283_8277,0.5,0.5,0.0,69,2,12,1,69,1,69,0,1,68,12,417,FL-417 S,S,Freeway,0.43647990356000005,0.0,8283,8277,W,2,45451,4,417,48687,45451,70,0,70.0,0.00705350357865,1,15163.244477948794,66.80202986780182,1.6109049966457727,0.024223897542765133,4.859753644356711,0.8696789912197942,0.17908705724815438,9.6266296519941,-0.8290129447165322,0
512,0,8213.897654584222,68.34891631389108,2.550824477055505,0.037357145326417,1.3730214991747318,0.7414362521161669,0.5376659441268743,8065.405117270789,68.4135819657665,2.3831742401190295,0.03494866879139898,1.7115196376046715,1.0541538540204696,0.5955845368945257,8290_8292,0.5,0.0,0.5,64,2,7,1,64,1,64,0,1,63,7,417,FL-417 S,S,Freeway,0.904211933125,0.0,8290,8292,S,3,45451,6,0,76000,45451,70,0,70.0,0.014383935776,1,8139.6513859275055,68.38124913982878,2.466999358587267,0.03615290705890799,1.5422705683897018,0.8977950530683183,0.5666252405107,9.00450263079784,-0.10069150676899195,1
513,1,7812.159139784946,69.35702530574362,1.5201570614915405,0.022041110723562136,4.440563836910839,1.0769102592179474,0.24104933303611245,7804.153846153847,68.10209294380205,1.7778935094553905,0.026760145139120343,6.080126992673205,1.6639453845606782,0.26744354335121906,8290_8292,0.0,0.0,0.0,64,2,7,1,64,1,64,0,1,63,7,417,FL-417 S,S,Freeway,0.904211933125,0.0,8290,8292,S,3,45451,6,0,76000,45451,70,0,70.0,0.014383935776,1,7808.156492969396,68.72955912477283,1.6490252854734655,0.02440062793134124,5.260345414792022,1.370427821889313,0.25424643819366577,8.962924170536724,-0.10069150676899195,1
514,2,7416.698072805139,66.64116160058205,2.1851947298364665,0.03409724884108077,4.143453502331316,0.7996830435494781,0.1750894728568427,7380.9936034115135,66.2023022731467,2.8977754446798687,0.048200922404954265,5.852802899244798,1.2832260888719358,0.1887860123263596,8290_8292,0.0,0.0,0.0,64,2,7,1,64,1,64,0,1,63,7,417,FL-417 S,S,Freeway,0.904211933125,0.0,8290,8292,S,3,45451,6,0,76000,45451,70,0,70.0,0.014383935776,1,7398.8458381083265,66.42173193686438,2.5414850872581676,0.041149085623017514,4.998128200788058,1.0414545662107069,0.18193774259160117,8.909079299204816,-0.10069150676899195,1
515,3,15255.034115138591,68.24538525184245,1.633583755292363,0.024124758230265445,3.7485502156687502,0.6959082670474461,0.1844324377627972,15059.445628997868,68.21892745363724,1.7950343462050844,0.02679132751164083,5.052433712033749,1.023368183243116,0.19539690175186408,8290_8292,1.0,1.0,0.0,64,2,7,1,64,1,64,0,1,63,7,417,FL-417 S,S,Freeway,0.904211933125,0.0,8290,8292,S,3,45451,6,0,76000,45451,70,0,70.0,0.014383935776,1,15157.239872068229,68.23215635273985,1.7143090507487238,0.025458042870953136,4.40049196385125,0.8596382251452811,0.18991466975733062,9.626233576133984,-0.10069150676899195,1
516,0,10011.473347547975,71.70383104669322,2.4980288243394524,0.03510459199773028,1.3123326719796455,0.9882535847127044,0.7473068560410678,10152.53846153846,71.37241144680178,2.3657806554551546,0.03327250473945812,1.5117533189660342,1.1001290947873459,0.7226357560307337,8383_8546,1.0,0.5,0.5,97,2,40,1,97,1,97,0,1,96,40,417,FL-417 S,S,Freeway,0.598281138529,0.0,8383,8546,S,2,65863,6,417,96500,65863,70,51,70.0,0.008748998254360001,1,10082.005904543217,71.5381212467475,2.4319047398973037,0.034188548368594196,1.4120429954728397,1.044191339750025,0.7349713060359008,9.21850752029438,-0.5136945041892116,1
517,1,11960.721627408991,69.92084076030737,2.0796024221043585,0.030711383904307086,6.036120192398468,1.3726287909731376,0.2227149033114512,12194.467811158798,70.27046144073614,1.577726600952538,0.02343772109828093,6.940276341847071,1.5594448489245794,0.2201623992673006,8383_8546,0.0,0.0,0.0,97,2,40,1,97,1,97,0,1,96,40,417,FL-417 S,S,Freeway,0.598281138529,0.0,8383,8546,S,2,65863,6,417,96500,65863,70,51,70.0,0.008748998254360001,1,12077.594719283894,70.09565110052176,1.8286645115284483,0.027074552501294008,6.48819826712277,1.4660368199488585,0.2214386512893759,9.39910733902119,-0.5136945041892116,1
518,2,12431.417910447759,68.47669462229099,2.3491154196086312,0.0352018424057934,6.0337192798233925,1.1501510851737855,0.1866131349482743,12569.768240343346,69.25596199973612,2.1270790812623717,0.031865802761404584,6.916123420294834,1.3094315754910593,0.1855844801141204,8383_8546,1.0,1.0,0.0,97,2,40,1,97,1,97,0,1,96,40,417,FL-417 S,S,Freeway,0.598281138529,0.0,8383,8546,S,2,65863,6,417,96500,65863,70,51,70.0,0.008748998254360001,1,12500.593075395553,68.86632831101355,2.2380972504355015,0.03353382258359899,6.474921350059113,1.2297913303324224,0.18609880753119734,9.43353136819651,-0.5136945041892116,1
519,3,20439.961620469083,70.58555908307167,1.8059465454109584,0.025689641851098673,4.489135697269017,0.7690300958784125,0.17122109161507082,20828.094017094016,70.90712282813315,1.4053924968993854,0.019913118055130862,5.06013307602013,0.8500363815661709,0.16841214441609756,8383_8546,2.5,2.0,0.5,97,2,40,1,97,1,97,0,1,96,40,417,FL-417 S,S,Freeway,0.598281138529,0.0,8383,8546,S,2,65863,6,417,96500,65863,70,51,70.0,0.008748998254360001,1,20634.02781878155,70.74634095560242,1.605669521155172,0.022801379953114768,4.774634386644573,0.8095332387222918,0.16981661801558418,9.934696827860515,-0.5136945041892116,1
520,0,7081.716417910448,73.3359868605647,3.3696118359569778,0.04599852059678253,1.3858327797901542,1.1778886247532316,0.8535067236926799,6722.876889848812,70.02052660375732,3.6280525813072906,0.051862266217025776,1.530370502705952,1.3300682506514807,0.8720057568925905,8391_8516,1.0,1.0,0.0,90,2,33,1,90,1,90,0,1,89,33,417,FL-417 S,S,Freeway,0.389091424584,0.0,8391,8516,S,2,65863,4,417,82000,65863,70,52,70.0,0.00566226912227,1,6902.29665387963,71.678256732161,3.498832208632134,0.04893039340690415,1.458101641248053,1.2539784377023562,0.8627562402926352,8.839609483591968,-0.9439409383401223,0
521,1,7983.358974358975,70.87670892690599,2.579558896125499,0.03735147234124762,6.426983548787389,1.7975257720821425,0.27626803484618,8089.288503253796,63.788467585061035,2.866567551980708,0.045406444338924976,6.852713286877083,1.9482157384761336,0.282208147287603,8391_8516,0.0,0.0,0.0,90,2,33,1,90,1,90,0,1,89,33,417,FL-417 S,S,Freeway,0.389091424584,0.0,8391,8516,S,2,65863,4,417,82000,65863,70,52,70.0,0.00566226912227,1,8036.323738806385,67.33258825598351,2.723063224053104,0.0413789583400863,6.639848417832235,1.8728707552791382,0.2792380910668915,8.991727011186876,-0.9439409383401223,0
522,2,10234.284796573877,66.12852356393779,6.0210058711952845,0.0978168751113309,8.618819850635582,2.5552082916254486,0.27517414247294203,9698.347732181426,60.15767188111565,4.7241542488833215,0.0822715026442874,8.775010058436614,2.2275796533965697,0.24088953638371602,8391_8516,1.0,1.0,0.0,90,2,33,1,90,1,90,0,1,89,33,417,FL-417 S,S,Freeway,0.389091424584,0.0,8391,8516,S,2,65863,4,417,82000,65863,70,52,70.0,0.00566226912227,1,9966.316264377652,63.14309772252672,5.3725800600393026,0.09004418887780916,8.696914954536098,2.3913939725110094,0.258031839428329,9.206966312672328,-0.9439409383401223,0
523,3,15001.66737739872,71.57671300381422,1.9543186525039973,0.0274205828451262,5.035807146505277,1.0972055019053817,0.21641343043982844,14693.501079913609,64.95904722527301,2.4137931661141456,0.03723492646627592,5.486054095573956,1.1460619474981844,0.2079661905322868,8391_8516,0.0,0.0,0.0,90,2,33,1,90,1,90,0,1,89,33,417,FL-417 S,S,Freeway,0.389091424584,0.0,8391,8516,S,2,65863,4,417,82000,65863,70,52,70.0,0.00566226912227,1,14847.584228656164,68.26788011454362,2.1840559093090715,0.03232775465570106,5.260930621039616,1.1216337247017831,0.21218981048605762,9.605592452792338,-0.9439409383401223,0
524,0,9325.402985074626,64.17707330979637,2.65682247444607,0.04176954468740618,0.913897134597514,0.7075459041117347,0.7731421312607276,9374.232409381662,63.50625112347546,3.0359640176398166,0.04831785877427722,1.3247255472601491,0.9598729458877754,0.7248851829667452,8453_8568,1.0,0.5,0.5,106,2,49,1,106,1,106,0,1,105,49,417,FL-417 S,S,Freeway,0.526801969099,0.0,8453,8568,S,2,65863,6,417,69354,65863,70,57,70.0,0.008114201248850001,1,9349.817697228144,63.84166221663591,2.8463932460429433,0.0450437017308417,1.1193113409288316,0.833709424999755,0.7490136571137365,9.143112124469994,-0.6409305712707182,1
525,1,11889.32548179871,65.85207078004126,1.1738222850358904,0.017928542858986037,4.663245241164418,1.024443650996172,0.2194182581597993,12046.187904967604,65.59620976510196,1.3460868108242643,0.02072637566060625,6.188454762241429,1.3773204037730855,0.2206667659110075,8453_8568,0.5,0.5,0.0,106,2,49,1,106,1,106,0,1,105,49,417,FL-417 S,S,Freeway,0.526801969099,0.0,8453,8568,S,2,65863,6,417,69354,65863,70,57,70.0,0.008114201248850001,1,11967.756693383159,65.72414027257162,1.2599545479300773,0.01932745925979614,5.425850001702924,1.2008820273846288,0.2200425120354034,9.389971370243499,-0.6409305712707182,1
526,2,11388.771855010658,64.50172903356486,1.5338406289793485,0.024332903558957827,4.3550276462225375,0.7928257373468286,0.17806010094580002,11538.321961620471,64.48106609979202,1.882365868324959,0.030174773666251764,5.863646373824174,1.1310118418760715,0.18488471407937435,8453_8568,0.0,0.0,0.0,106,2,49,1,106,1,106,0,1,105,49,417,FL-417 S,S,Freeway,0.526801969099,0.0,8453,8568,S,2,65863,6,417,69354,65863,70,57,70.0,0.008114201248850001,1,11463.546908315566,64.49139756667844,1.7081032486521537,0.027253838612604796,5.109337010023356,0.96191878961145,0.1814724075125872,9.34692744572587,-0.6409305712707182,1
527,3,19963.243070362474,65.09105549837025,1.1703481739392136,0.01816294892891314,3.3084222032985067,0.6423799176169015,0.19054181583903906,20147.091684434967,65.87193334150268,1.4301674682187384,0.022125231433155552,4.424707340825237,0.9018810029610296,0.1941480820138768,8453_8568,0.0,0.0,0.0,106,2,49,1,106,1,106,0,1,105,49,417,FL-417 S,S,Freeway,0.526801969099,0.0,8453,8568,S,2,65863,6,417,69354,65863,70,57,70.0,0.008114201248850001,1,20055.16737739872,65.48149441993647,1.3002578210789761,0.020144090181034344,3.8665647720618717,0.7721304602889656,0.19234494892645793,9.906242124087987,-0.6409305712707182,1
528,0,5713.4498933901905,68.59031969706429,2.9334101109819715,0.042778234575182,1.2541407515090721,1.0161882505232127,0.8123573630485246,5689.4763948497875,74.64482848420081,2.735601473971571,0.036720200794498815,1.4686171311942988,1.3283292113295038,0.896635339274598,8478_6486,0.0,0.0,0.0,78,2,21,1,78,1,78,0,1,77,21,417,FL-417 S,S,Freeway,0.568842641784,0.0,8478,6486,W,2,65863,4,417,45500,65863,70,0,70.0,0.00918172382702,1,5701.463144119989,71.61757409063256,2.8345057924767714,0.03974921768484041,1.3613789413516855,1.1722587309263583,0.8544963511615613,8.648478112833775,-0.5641514353283805,0
529,1,7280.252676659529,66.84914770043864,1.8931616397361761,0.028659894855362505,6.3911582635543205,1.9257188380922228,0.2995803388813171,7200.704989154013,74.0118931875072,2.128194238654669,0.029318882763585317,7.8731114478329225,2.4495477153316174,0.3095068325727049,8478_6486,0.0,0.0,0.0,78,2,21,1,78,1,78,0,1,77,21,417,FL-417 S,S,Freeway,0.568842641784,0.0,8478,6486,W,2,65863,4,417,45500,65863,70,0,70.0,0.00918172382702,1,7240.478832906771,70.43052044397291,2.0106779391954226,0.02898938880947391,7.1321348556936215,2.18763327671192,0.304543585727011,8.887442620334618,-0.5641514353283805,0
530,2,7388.486140724946,64.19156232455187,2.6785328499438967,0.04590625123663744,6.594824506412281,1.6456766303256092,0.2270631396543439,7333.7758620689665,70.25532784916768,3.798582637799466,0.05945121200168809,8.526732637290731,2.1952708291950107,0.2402147515505489,8478_6486,1.5,1.0,0.5,78,2,21,1,78,1,78,0,1,77,21,417,FL-417 S,S,Freeway,0.568842641784,0.0,8478,6486,W,2,65863,4,417,45500,65863,70,0,70.0,0.00918172382702,1,7361.131001396956,67.22344508685978,3.2385577438716813,0.05267873161916277,7.560778571851506,1.9204737297603098,0.2336389456024464,8.903968868585165,-0.5641514353283805,0
531,3,13447.287846481875,65.67964521692757,1.544281123087544,0.0239999245138146,5.148252457922268,1.0389730432057669,0.19923385527747506,13279.9311827957,73.353394688568,1.8726608841187709,0.025849549418299592,6.469138632817008,1.3693839962960728,0.2086902247945948,8478_6486,0.5,0.5,0.0,78,2,21,1,78,1,78,0,1,77,21,417,FL-417 S,S,Freeway,0.568842641784,0.0,8478,6486,W,2,65863,4,417,45500,65863,70,0,70.0,0.00918172382702,1,13363.609514638789,69.51651995274779,1.7084710036031574,0.0249247369660571,5.808695545369638,1.2041785197509198,0.2039620400360349,9.500290583851822,-0.5641514353283805,0
532,0,5234.857142857143,70.22128728518665,3.069666174866424,0.043795226975368695,0.9558805747125542,0.7605432425480223,0.7821258912334262,8398.234541577825,71.5058978237767,2.246421346501286,0.031484356936394266,1.1973411582887643,0.8537241080848141,0.7083251076915507,8482_6618,1.0,0.5,0.5,77,2,20,1,77,1,77,0,1,76,20,417,FL-417 S,S,Freeway,0.245238290843,0.0,8482,6618,W,2,65863,4,417,47654,65863,70,0,70.0,0.00400776084026,1,6816.545842217484,70.86359255448167,2.6580437606838547,0.03763979195588148,1.0766108665006593,0.8071336753164182,0.7452254994624885,8.82710814778768,-1.4055249254358633,0
533,1,7137.25,70.35889160148135,1.7972892065821413,0.0264313222800478,5.027556901154181,1.630527584520422,0.31951970193583024,8080.840860215054,72.39274295777544,1.7069718724720022,0.024142187681244636,4.572276895573063,1.3670606282777729,0.2907319029490981,8482_6618,0.5,0.5,0.0,77,2,20,1,77,1,77,0,1,76,20,417,FL-417 S,S,Freeway,0.245238290843,0.0,8482,6618,W,2,65863,4,417,47654,65863,70,0,70.0,0.00400776084026,1,7609.045430107527,71.3758172796284,1.7521305395270717,0.02528675498064622,4.799916898363622,1.4987941063990973,0.3051258024424642,8.937093006734008,-1.4055249254358633,0
534,2,6712.496801705757,63.56549447311329,6.859938859001777,0.1318801568535741,6.6573843769427015,2.7674141999586994,0.351690388237806,9259.244111349035,65.79903862807271,6.1718923386216975,0.10665983894117664,7.102020775502358,2.613793290904175,0.3210646491118841,8482_6618,1.5,0.5,1.0,77,2,20,1,77,1,77,0,1,76,20,417,FL-417 S,S,Freeway,0.245238290843,0.0,8482,6618,W,2,65863,4,417,47654,65863,70,0,70.0,0.00400776084026,1,7985.8704565273965,64.682266550593,6.515915598811738,0.11926999789737537,6.879702576222529,2.690603745431437,0.33637751867484506,8.985429066170212,-1.4055249254358633,0
535,3,12963.379530916844,69.96093111539436,1.9971052244656773,0.02903149673040501,4.024270754649302,1.010308084718141,0.2384695007082389,16693.183760683758,72.0403149631169,1.7939369989041944,0.02524474868858486,4.066409361304354,0.9219502880878424,0.21459692466611466,8482_6618,1.0,0.5,0.5,77,2,20,1,77,1,77,0,1,76,20,417,FL-417 S,S,Freeway,0.245238290843,0.0,8482,6618,W,2,65863,4,417,47654,65863,70,0,70.0,0.00400776084026,1,14828.2816458003,71.00062303925563,1.895521111684936,0.027138122709494936,4.045340057976828,0.9661291864029917,0.2265332126871768,9.60429155827693,-1.4055249254358633,0
536,0,8525.948827292112,68.55894595432784,3.0404738430555422,0.0458598465289473,1.7898222987294634,1.3705544482558003,0.7421591100928803,9548.910447761196,64.2025982633279,2.9226954410886483,0.04570982068274145,2.0255807950592923,1.442066935686468,0.7120005970840475,8484_8486,0.5,0.0,0.5,71,2,14,1,71,1,71,0,1,70,14,417,FL-417 S,S,Freeway,0.643379383497,0.0,8484,8486,W,2,45451,4,417,49500,45451,70,0,70.0,0.0105520966534,1,9037.429637526653,66.38077210882787,2.9815846420720953,0.04578483360584437,1.9077015468943779,1.4063106919711341,0.7270798535884639,9.10913008082417,-0.441020707747797,0
537,1,8028.80860215054,69.19653089861853,2.3082035427865297,0.033800142371349415,6.363965344896473,1.953588917687136,0.3040364693416448,10304.414163090129,62.56382946118345,2.129763020950404,0.034562125784678814,8.448869891805085,2.341497167635638,0.2731764431944224,8484_8486,0.5,0.5,0.0,71,2,14,1,71,1,71,0,1,70,14,417,FL-417 S,S,Freeway,0.643379383497,0.0,8484,8486,W,2,45451,4,417,49500,45451,70,0,70.0,0.0105520966534,1,9166.611382620335,65.88018017990099,2.218983281868467,0.03418113407801411,7.406417618350779,2.147543042661387,0.2886064562680336,9.123322963981494,-0.441020707747797,0
538,2,9400.882226980728,62.473235138785036,3.4075621112381236,0.056871483128284585,8.04376098023195,1.3036482279067358,0.16176278327136173,10234.068230277186,59.22089553138262,2.286831796920193,0.039540168026116464,8.367787671901597,1.2125414593975856,0.1454330220672913,8484_8486,1.0,0.5,0.5,71,2,14,1,71,1,71,0,1,70,14,417,FL-417 S,S,Freeway,0.643379383497,0.0,8484,8486,W,2,45451,4,417,49500,45451,70,0,70.0,0.0105520966534,1,9817.475228628957,60.847065335083826,2.847196954079158,0.048205825577200524,8.205774326066773,1.2580948436521608,0.15359790266932652,9.191919263263747,-0.441020707747797,0
539,3,16741.94230769231,68.00560691316839,2.135642300076531,0.03186974009369964,5.8593010859087045,1.2027243083247403,0.20039779534599225,19398.14285714286,62.338208302319316,1.8231730569407785,0.029638131040052473,6.873762504505807,1.2524951323556046,0.1781602796040621,8484_8486,1.0,0.5,0.5,71,2,14,1,71,1,71,0,1,70,14,417,FL-417 S,S,Freeway,0.643379383497,0.0,8484,8486,W,2,45451,4,417,49500,45451,70,0,70.0,0.0105520966534,1,18070.042582417584,65.17190760774386,1.9794076785086547,0.030753935566876056,6.366531795207256,1.2276097203401726,0.18927903747502717,9.802010740109097,-0.441020707747797,0
540,0,9548.910447761196,64.2025982633279,2.9226954410886483,0.04570982068274145,2.0255807950592923,1.442066935686468,0.7120005970840475,6379.443496801707,64.14125273909494,2.838814582661461,0.044542544893118534,1.4249428145802612,0.8294914840826941,0.5810434883550119,8486_9176,0.0,0.0,0.0,68,2,11,1,68,1,68,0,1,67,11,417,FL-417 S,S,Freeway,0.502781157042,0.0,8486,9176,W,2,45451,4,417,49500,45451,70,0,70.0,0.008257142353640001,1,7964.1769722814515,64.17192550121142,2.8807550118750544,0.04512618278792999,1.7252618048197768,1.1357792098845811,0.6465220427195297,8.982708886469268,-0.6876002790184087,0
541,1,10304.414163090129,62.56382946118345,2.129763020950404,0.034562125784678814,8.448869891805085,2.341497167635638,0.2731764431944224,6048.6188436830835,65.000395022104,1.704852544342614,0.026516717623092576,4.9252143197845655,1.3348503536250111,0.2655486212849417,8486_9176,1.0,0.5,0.5,68,2,11,1,68,1,68,0,1,67,11,417,FL-417 S,S,Freeway,0.502781157042,0.0,8486,9176,W,2,45451,4,417,49500,45451,70,0,70.0,0.008257142353640001,1,8176.516503386606,63.78211224164373,1.917307782646509,0.030539421703885697,6.687042105794825,1.8381737606303248,0.2693625322396821,9.009021483562949,-0.6876002790184087,0
542,2,10234.068230277186,59.22089553138262,2.286831796920193,0.039540168026116464,8.367787671901597,1.2125414593975856,0.1454330220672913,6147.737739872068,62.57466302822785,1.9357354268475464,0.03171573371980988,4.9707545763034675,0.8224195248470411,0.16178205210089214,8486_9176,1.0,1.0,0.0,68,2,11,1,68,1,68,0,1,67,11,417,FL-417 S,S,Freeway,0.502781157042,0.0,8486,9176,W,2,45451,4,417,49500,45451,70,0,70.0,0.008257142353640001,1,8190.9029850746265,60.897779279805235,2.1112836118838696,0.03562795087296317,6.669271124102533,1.0174804921223133,0.15360753708409172,9.010779425357391,-0.6876002790184087,0
543,3,19398.14285714286,62.338208302319316,1.8231730569407785,0.029638131040052473,6.873762504505807,1.2524951323556046,0.1781602796040621,11717.287846481875,64.54592562373273,1.6416553493233872,0.025662558438620482,4.11236084576677,0.7239341710871893,0.17419034925549387,8486_9176,0.5,0.5,0.0,68,2,11,1,68,1,68,0,1,67,11,417,FL-417 S,S,Freeway,0.502781157042,0.0,8486,9176,W,2,45451,4,417,49500,45451,70,0,70.0,0.008257142353640001,1,15557.715351812367,63.44206696302602,1.7324142031320828,0.027650344739336478,5.493061675136289,0.988214651721397,0.176175314429778,9.652311958662361,-0.6876002790184087,0
544,0,5443.447761194029,69.85772111442462,2.82888814817925,0.04051993390470295,0.911841926638318,0.7775597303082095,0.8571400105348559,5403.20299145299,72.85900801596928,2.6120041712676847,0.03587078315345271,1.363550999257729,1.1922957525689315,0.8757352472752844,8510_6855,0.5,0.5,0.0,84,2,27,1,84,1,84,0,1,83,27,417,FL-417 S,S,Freeway,0.34140083265,0.0,8510,6855,W,2,65863,4,417,45500,65863,70,0,70.0,0.00520647354583,1,5423.32537632351,71.35836456519695,2.7204461597234673,0.038195358529077836,1.1376964629480235,0.9849277414385704,0.8664376289050701,8.598464444363229,-1.0746980296968274,0
545,1,7995.636752136752,69.48616750235259,1.8169642757663016,0.02727373724610701,5.810496258980986,1.7354493923239351,0.29188654105865924,7868.4248927038625,71.73100059956545,2.6409419682173656,0.037782681771501785,8.677399390598817,2.6116839912464505,0.29813214138118405,8510_6855,0.0,0.0,0.0,84,2,27,1,84,1,84,0,1,83,27,417,FL-417 S,S,Freeway,0.34140083265,0.0,8510,6855,W,2,65863,4,417,45500,65863,70,0,70.0,0.00520647354583,1,7932.030822420307,70.60858405095902,2.2289531219918337,0.0325282095088044,7.243947824789901,2.173566691785193,0.2950093412199216,8.978664375464248,-1.0746980296968274,0
546,2,6919.004264392324,68.73147072854944,1.828459588988826,0.02762331104194752,4.831373322070285,0.8930737540033824,0.17624817358799755,6771.8226495726485,71.18789705418209,2.31343828889678,0.034721854786630466,7.321037610160228,1.413977459839541,0.18244096569446708,8510_6855,0.5,0.5,0.0,84,2,27,1,84,1,84,0,1,83,27,417,FL-417 S,S,Freeway,0.34140083265,0.0,8510,6855,W,2,65863,4,417,45500,65863,70,0,70.0,0.00520647354583,1,6845.413456982486,69.95968389136576,2.070948938942803,0.031172582914288993,6.0762054661152565,1.1535256069214617,0.1793445696412323,8.831334138671565,-1.0746980296968274,0
547,3,13027.552238805967,69.23419577419004,1.3035734124353953,0.018910822079721768,4.043453226838852,0.7449773915934212,0.18542860246460602,12695.805555555557,72.25823277039109,1.5695348945128418,0.0218828969437834,6.082722172752616,1.152910780831239,0.18985357149270332,8510_6855,0.0,0.0,0.0,84,2,27,1,84,1,84,0,1,83,27,417,FL-417 S,S,Freeway,0.34140083265,0.0,8510,6855,W,2,65863,4,417,45500,65863,70,0,70.0,0.00520647354583,1,12861.678897180762,70.74621427229056,1.4365541534741184,0.020396859511752585,5.063087699795734,0.9489440862123302,0.18764108697865467,9.462007541150763,-1.0746980296968274,0
548,0,6480.719486081371,73.88485239301511,3.1399589880288947,0.042550882766364685,1.3507239669608315,1.0871061430226179,0.8069057715076802,5902.087420042644,69.81569512715481,3.3131510498346697,0.04753062603132927,1.383907822724855,1.2290199446588543,0.8857349915535775,8536_8514,0.5,0.5,0.0,86,2,29,1,86,1,86,0,1,85,29,417,FL-417 S,S,Freeway,0.306133055603,0.0,8536,8514,S,2,65863,4,417,82000,65863,70,52,70.0,0.00445169703092,1,6191.403453062007,71.85027376008496,3.226555018931782,0.04504075439884698,1.3673158948428432,1.1580630438407362,0.8463203815306288,8.730917069068663,-1.1837354493055217,0
549,1,8098.821505376344,74.01050469831615,1.8344108560038763,0.025240281977958214,6.3369334387453184,1.7075242224553675,0.2671720601171821,7593.225321888412,65.15456496302882,3.006567018611406,0.046694616114050534,6.525078816908418,1.7940515406642623,0.2727355488785577,8536_8514,0.0,0.0,0.0,86,2,29,1,86,1,86,0,1,85,29,417,FL-417 S,S,Freeway,0.306133055603,0.0,8536,8514,S,2,65863,4,417,82000,65863,70,52,70.0,0.00445169703092,1,7846.023413632378,69.58253483067249,2.420488937307641,0.03596744904600437,6.431006127826868,1.7507878815598148,0.2699538044978699,8.96776211091396,-1.1837354493055217,0
550,2,9774.291845493564,70.38847128078159,5.095382523249028,0.07809817169656387,7.997524556775956,2.3270319146846994,0.2640323646404166,8617.455128205129,60.98633677632478,6.887198503907771,0.122922648496105,8.609100738491271,2.9965278755234164,0.31184880505915896,8536_8514,2.0,1.5,0.5,86,2,29,1,86,1,86,0,1,85,29,417,FL-417 S,S,Freeway,0.306133055603,0.0,8536,8514,S,2,65863,4,417,82000,65863,70,52,70.0,0.00445169703092,1,9195.873486849347,65.68740402855317,5.9912905135784,0.10051041009633443,8.303312647633614,2.6617798951040577,0.2879405848497878,9.126510128377536,-1.1837354493055217,0
551,3,14681.194860813705,74.28329566446837,1.6721910421074409,0.022808512975598792,4.865258306011481,1.0294739395321,0.2054060929329841,13283.76119402985,66.826669384801,3.0065480046573967,0.04524993469614971,5.298700734741307,1.1282914084938882,0.20837630728926507,8536_8514,1.0,0.5,0.5,86,2,29,1,86,1,86,0,1,85,29,417,FL-417 S,S,Freeway,0.306133055603,0.0,8536,8514,S,2,65863,4,417,82000,65863,70,52,70.0,0.00445169703092,1,13982.478027421777,70.55498252463468,2.3393695233824188,0.034029223835874256,5.081979520376394,1.078882674012994,0.20689120011112458,9.545560255260343,-1.1837354493055217,0
552,0,10152.53846153846,71.37241144680178,2.3657806554551546,0.03327250473945812,1.5117533189660342,1.1001290947873459,0.7226357560307337,10190.41791044776,72.51804873982697,2.16662307468626,0.03006230479059408,1.340791020775106,0.9903668950352026,0.7313681959385033,8546_7092,4.0,2.5,1.5,96,2,39,1,96,1,96,0,1,95,39,417,FL-417 S,S,Freeway,1.12851973566,0.0,8546,7092,S,2,65863,6,417,96500,65863,70,80,70.0,0.0167365149054,1,10171.47818599311,71.94523009331436,2.266201865070707,0.0316674047650261,1.42627216987057,1.0452479949112743,0.7270019759846185,9.227342826169258,0.12090680552306479,1
553,1,12194.467811158798,70.27046144073614,1.577726600952538,0.02343772109828093,6.940276341847071,1.5594448489245794,0.2201623992673006,12076.8952991453,72.41181045437162,1.878758488081564,0.02862362939392185,6.657887697229446,1.7062158370806373,0.2384500371845928,8546_7092,4.0,2.5,1.5,96,2,39,1,96,1,96,0,1,95,39,417,FL-417 S,S,Freeway,1.12851973566,0.0,8546,7092,S,2,65863,6,417,96500,65863,70,80,70.0,0.0167365149054,1,12135.681555152049,71.34113594755388,1.7282425445170508,0.026030675246101392,6.799082019538259,1.6328303430026083,0.2293062182259467,9.403905280996565,0.12090680552306479,1
554,2,12569.768240343346,69.25596199973612,2.1270790812623717,0.031865802761404584,6.916123420294834,1.3094315754910593,0.1855844801141204,12461.511727078892,71.08022798300603,2.6326176916041555,0.03945555733068457,6.408494904064157,1.3404814948220003,0.19765081175940288,8546_7092,4.5,2.5,2.0,96,2,39,1,96,1,96,0,1,95,39,417,FL-417 S,S,Freeway,1.12851973566,0.0,8546,7092,S,2,65863,6,417,96500,65863,70,80,70.0,0.0167365149054,1,12515.63998371112,70.16809499137108,2.3798483864332636,0.03566068004604458,6.662309162179495,1.3249565351565298,0.19161764593676164,9.434734339890497,0.12090680552306479,1
555,3,20828.094017094016,70.90712282813315,1.4053924968993854,0.019913118055130862,5.06013307602013,0.8500363815661709,0.16841214441609756,20764.038379530917,72.94478082568081,1.3896088938791828,0.01921337850012531,4.604866321872652,0.7940361332338767,0.17288939950515525,8546_7092,4.0,3.0,1.0,96,2,39,1,96,1,96,0,1,95,39,417,FL-417 S,S,Freeway,1.12851973566,0.0,8546,7092,S,2,65863,6,417,96500,65863,70,80,70.0,0.0167365149054,1,20796.066198312466,71.92595182690698,1.3975006953892841,0.019563248277628086,4.832499698946391,0.8220362574000237,0.1706507719606264,9.942519122721874,0.12090680552306479,1
556,0,9808.351812366738,71.24968626955372,2.7329130580860967,0.03841977611032118,1.3331196004577082,1.0460750393326907,0.7699672778169,17858.06032482599,73.64608142406377,2.091135774584115,0.028418522727398823,1.2572099277519189,0.9965961714661296,0.8003675389004528,8555_8559,0.0,0.0,0.0,94,2,37,1,94,1,94,0,1,93,37,417,FL-417 S,S,Freeway,0.410911915983,0.0,8555,8559,S,2,65863,6,417,97034,65863,70,63,70.0,0.00608646651501,1,13833.206068596364,72.44788384680874,2.4120244163351057,0.03341914941886,1.2951647641048134,1.0213356053994103,0.7851674083586764,9.534827217647857,-0.8893764037979974,1
557,1,10472.036402569593,70.08140736922438,1.6045184998326882,0.024165754153651298,5.835967567133068,1.202853972455571,0.20496363999173053,21068.345794392524,72.59379430636388,1.4046600752307297,0.020968306008529718,6.3514915171241935,1.4174679558568524,0.2188070992324259,8555_8559,0.5,0.5,0.0,94,2,37,1,94,1,94,0,1,93,37,417,FL-417 S,S,Freeway,0.410911915983,0.0,8555,8559,S,2,65863,6,417,97034,65863,70,63,70.0,0.00608646651501,1,15770.191098481058,71.33760083779413,1.5045892875317088,0.022567030081090508,6.093729542128631,1.3101609641562115,0.2118853696120782,9.66587679773281,-0.8893764037979974,1
558,2,12733.162046908315,68.12379486170948,2.0274470198335828,0.03093659629733922,6.8184236824166335,1.301614319155196,0.18602366479489715,22308.245327102803,71.79793402092203,1.9787822580705032,0.028523061352615526,6.325974923240065,1.1929547320644087,0.18437047492626613,8555_8559,1.0,0.5,0.5,94,2,37,1,94,1,94,0,1,93,37,417,FL-417 S,S,Freeway,0.410911915983,0.0,8555,8559,S,2,65863,6,417,97034,65863,70,63,70.0,0.00608646651501,1,17520.70368700556,69.96086444131575,2.003114638952043,0.02972982882497737,6.572199302828349,1.2472845256098024,0.18519706986058165,9.77113852846722,-0.8893764037979974,1
559,3,19681.358208955226,69.63701409532493,1.4783507708705284,0.02143714384356904,4.600624115091935,0.8714124720998707,0.18706541609338687,36639.71527777778,73.14774675169946,1.4366431654686285,0.019833056493694483,4.578854174995494,0.8419593215883322,0.18224418410630852,8555_8559,1.5,1.5,0.0,94,2,37,1,94,1,94,0,1,93,37,417,FL-417 S,S,Freeway,0.410911915983,0.0,8555,8559,S,2,65863,6,417,97034,65863,70,63,70.0,0.00608646651501,1,28160.5367433665,71.3923804235122,1.4574969681695784,0.02063510016863176,4.589739145043715,0.8566858968441015,0.1846548000998477,10.245676870579198,-0.8893764037979974,1
560,0,17858.06032482599,73.64608142406377,2.091135774584115,0.028418522727398823,1.2572099277519189,0.9965961714661296,0.8003675389004528,13701.43710021322,72.44761141523217,2.190637970273261,0.030341926395494205,1.4817704938292633,1.1292220498249474,0.7662205108095336,8559_6030,2.5,1.5,1.0,95,2,38,1,95,1,95,0,1,94,38,417,FL-417 S,S,Freeway,1.0378994552299998,0.0,8559,6030,S,2,65863,6,417,97034,65863,70,63,70.0,0.015239944357700003,1,15779.748712519606,73.04684641964798,2.140886872428688,0.029380224561446514,1.369490210790591,1.0629091106455384,0.7832940248549931,9.666482669844655,0.037198916111812544,1
561,1,21068.345794392524,72.59379430636388,1.4046600752307297,0.020968306008529718,6.3514915171241935,1.4174679558568524,0.2188070992324259,15314.805555555557,72.92601777630911,1.5517869947403606,0.021891748065263318,6.65986808414258,1.5543002799762704,0.232614291954614,8559_6030,1.0,1.0,0.0,95,2,38,1,95,1,95,0,1,94,38,417,FL-417 S,S,Freeway,1.0378994552299998,0.0,8559,6030,S,2,65863,6,417,97034,65863,70,63,70.0,0.015239944357700003,1,18191.57567497404,72.75990604133649,1.478223534985545,0.021430027036896518,6.505679800633387,1.4858841179165614,0.22571069559351994,9.808713890903757,0.037198916111812544,1
562,2,22308.245327102803,71.79793402092203,1.9787822580705032,0.028523061352615526,6.325974923240065,1.1929547320644087,0.18437047492626613,16875.575692963754,71.64455682551065,2.1401605063544644,0.03085596749652892,7.002634600416495,1.3864608603854462,0.1930363048857998,8559_6030,1.5,1.0,0.5,95,2,38,1,95,1,95,0,1,94,38,417,FL-417 S,S,Freeway,1.0378994552299998,0.0,8559,6030,S,2,65863,6,417,97034,65863,70,63,70.0,0.015239944357700003,1,19591.910510033278,71.72124542321635,2.0594713822124837,0.029689514424572225,6.66430476182828,1.2897077962249275,0.18870338990603297,9.882872030942584,0.037198916111812544,1
563,3,36639.71527777778,73.14774675169946,1.4366431654686285,0.019833056493694483,4.578854174995494,0.8419593215883322,0.18224418410630852,28112.938166311294,73.04863293952647,1.5505498548107268,0.02141307210952226,5.143433951023266,0.9638837329136511,0.18539184294669608,8559_6030,1.5,1.0,0.5,95,2,38,1,95,1,95,0,1,94,38,417,FL-417 S,S,Freeway,1.0378994552299998,0.0,8559,6030,S,2,65863,6,417,97034,65863,70,63,70.0,0.015239944357700003,1,32376.326722044538,73.09818984561296,1.4935965101396778,0.020623064301608374,4.86114406300938,0.9029215272509916,0.1838180135265023,10.38518277799368,0.037198916111812544,1
564,0,9003.912579957356,70.0220455349573,2.646481595260494,0.038005890897941576,1.3282193513852716,0.958042722551585,0.7269963388323436,9395.912393162393,67.05440458472839,2.9005155611621976,0.043525526176315416,1.3160585025456557,1.0014936886037349,0.7683008496783488,8563_8572,0.0,0.0,0.0,110,2,53,1,110,1,110,0,1,109,53,417,FL-417 S,S,Freeway,0.319507970381,0.0,8563,8572,S,2,65863,6,417,91500,65863,70,67,70.0,0.00467276097257,1,9199.912486559875,68.53822505984284,2.7734985782113455,0.04076570853712849,1.3221389269654638,0.97976820557766,0.7476485942553461,9.126949250661442,-1.140973059056299,1
565,1,11818.337634408603,69.38014039101803,1.8964392717934668,0.0279607992212386,6.592061116105353,1.481784678395207,0.22092216791260005,12108.15766738661,65.41810930701331,1.5778670710813532,0.02468899285753576,6.898747085370115,1.532854092313489,0.2203500377811092,8563_8572,0.5,0.5,0.0,110,2,53,1,110,1,110,0,1,109,53,417,FL-417 S,S,Freeway,0.319507970381,0.0,8563,8572,S,2,65863,6,417,91500,65863,70,67,70.0,0.00467276097257,1,11963.247650897607,67.39912484901566,1.73715317143741,0.02632489603938718,6.745404100737733,1.5073193853543478,0.22063610284685464,9.389594533360762,-1.140973059056299,1
566,2,11114.891025641024,68.27753016664674,2.0746278778669485,0.031743232321971536,6.195448113251718,1.1395259677084757,0.1774530300649286,11569.807280513918,64.41585450526615,1.7858900511699858,0.02891744857745778,6.564161563602796,1.2229038293774763,0.1822623688485593,8563_8572,1.5,0.5,1.0,110,2,53,1,110,1,110,0,1,109,53,417,FL-417 S,S,Freeway,0.319507970381,0.0,8563,8572,S,2,65863,6,417,91500,65863,70,67,70.0,0.00467276097257,1,11342.34915307747,66.34669233595645,1.9302589645184671,0.03033034044971466,6.3798048384272565,1.181214898542976,0.17985769945674396,9.336298712183867,-1.140973059056299,1
567,3,19738.232409381664,69.5511424106829,1.4580449177287902,0.021168714780277664,4.711765369173394,0.8608431928352404,0.18058588008757592,20279.143162393164,65.85855553701337,1.3154961652384551,0.02019454130858974,4.9003148530879885,0.9022691940529872,0.1820650957668172,8563_8572,0.5,0.5,0.0,110,2,53,1,110,1,110,0,1,109,53,417,FL-417 S,S,Freeway,0.319507970381,0.0,8563,8572,S,2,65863,6,417,91500,65863,70,67,70.0,0.00467276097257,1,20008.687785887414,67.70484897384813,1.3867705414836227,0.0206816280444337,4.806040111130692,0.8815561934441138,0.18132548792719655,9.903921847510782,-1.140973059056299,1
568,0,7363.043010752688,66.85161980134735,3.2995104834494504,0.05032027833732618,1.6833969953389496,1.2954803494372549,0.7740418605457099,8510.394849785407,58.55964680814443,3.4051239441175536,0.05887874668229661,2.083357558351868,1.6019017194724232,0.7757047607437194,8565_8588,0.5,0.5,0.0,117,2,60,1,117,1,117,0,1,116,60,417,FL-417 S,S,Freeway,0.426625792594,0.0,8565,8588,S,2,65863,5,417,83459,65863,70,37,70.0,0.006423783708,1,7936.718930269048,62.70563330474589,3.3523172137835022,0.05459951250981139,1.883377276845409,1.4486910344548392,0.7748733106447147,8.979255235873316,-0.8518480139333761,1
569,1,10011.741794310723,60.112448964554574,5.925137702501855,0.10069429357308997,9.8870798921479,2.589290709851351,0.2597335310182362,11186.654427645788,54.91383383997321,3.420389130982726,0.06402500277305757,10.971555829602806,2.8039287624051865,0.2514163857555245,8565_8588,2.0,2.0,0.0,117,2,60,1,117,1,117,0,1,116,60,417,FL-417 S,S,Freeway,0.426625792594,0.0,8565,8588,S,2,65863,5,417,83459,65863,70,37,70.0,0.006423783708,1,10599.198110978255,57.51314140226389,4.67276341674229,0.08235964817307377,10.429317860875354,2.696609736128269,0.2555749583868804,9.268533627330848,-0.8518480139333761,1
570,2,8996.702819956616,59.947944726755935,5.09853920514475,0.08842460930426545,8.78612522018991,2.0994218630657526,0.23521399659923825,10200.815450643775,53.66619326804908,3.1482712373915662,0.06181335991044906,10.311718868710114,2.353828078680165,0.2201316592003154,8565_8588,1.5,1.5,0.0,117,2,60,1,117,1,117,0,1,116,60,417,FL-417 S,S,Freeway,0.426625792594,0.0,8565,8588,S,2,65863,5,417,83459,65863,70,37,70.0,0.006423783708,1,9598.759135300195,56.80706899740251,4.123405221268158,0.07511898460735725,9.548922044450013,2.226624970872959,0.22767282789977683,9.169389112361992,-0.8518480139333761,1
571,3,16214.493534482759,65.26918445246731,2.4403329596566605,0.03799365084755153,6.114579864945215,1.3597556040387555,0.2152931368402555,18598.6330472103,56.77892985455747,1.7955695503022042,0.032070739373108045,7.667301572787899,1.4911716344573165,0.19134987277205007,8565_8588,2.0,1.5,0.5,117,2,60,1,117,1,117,0,1,116,60,417,FL-417 S,S,Freeway,0.426625792594,0.0,8565,8588,S,2,65863,5,417,83459,65863,70,37,70.0,0.006423783708,1,17406.56329084653,61.02405715351239,2.1179512549794324,0.03503219511032979,6.890940718866557,1.425463619248036,0.2033215048061528,9.764602614703714,-0.8518480139333761,1
572,0,9374.232409381662,63.50625112347546,3.0359640176398166,0.04831785877427722,1.3247255472601491,0.9598729458877754,0.7248851829667452,5574.68546637744,70.2054332177481,3.5738302631680536,0.05175323018757362,1.6542340120730132,1.217710773679538,0.7423051615162177,8568_11875,1.5,1.0,0.5,105,2,48,1,105,1,105,0,1,104,48,417,FL-417 S,S,Freeway,0.460695843984,0.0,8568,11875,S,2,65863,6,417,69354,65863,65,64,65.0,0.00712393992797,1,7474.458937879552,66.85584217061178,3.304897140403935,0.05003554448092542,1.4894797796665813,1.0887918597836568,0.7335951722414815,8.919247012746752,-0.7750172281706023,1
573,1,12046.187904967604,65.59620976510196,1.3460868108242643,0.02072637566060625,6.188454762241429,1.3773204037730855,0.2206667659110075,6926.704347826087,70.81408139059675,2.047518431118932,0.02944924914062572,8.050938160499149,1.8074102784208528,0.22263521875353293,8568_11875,0.0,0.0,0.0,105,2,48,1,105,1,105,0,1,104,48,417,FL-417 S,S,Freeway,0.460695843984,0.0,8568,11875,S,2,65863,6,417,69354,65863,65,64,65.0,0.00712393992797,1,9486.446126396846,68.20514557784935,1.696802620971598,0.025087812400615986,7.119696461370289,1.5923653410969691,0.2216509923322702,9.157619335312344,-0.7750172281706023,1
574,2,11538.321961620471,64.48106609979202,1.882365868324959,0.030174773666251764,5.863646373824174,1.1310118418760715,0.18488471407937435,6836.4121475054235,68.65130538602723,2.7945822065831303,0.043611491921596336,8.019119614785735,1.824996150829612,0.21224035198857144,8568_11875,1.5,1.0,0.5,105,2,48,1,105,1,105,0,1,104,48,417,FL-417 S,S,Freeway,0.460695843984,0.0,8568,11875,S,2,65863,6,417,69354,65863,65,64,65.0,0.00712393992797,1,9187.367054562947,66.56618574290962,2.3384740374540445,0.03689313279392405,6.941382994304955,1.4780039963528417,0.1985625330339729,9.125584673164745,-0.7750172281706023,1
575,3,20147.091684434967,65.87193334150268,1.4301674682187384,0.022125231433155552,4.424707340825237,0.9018810029610296,0.1941480820138768,11671.2147505423,70.87155445681806,1.8679640737106509,0.0269202269985711,5.799404565398371,1.2706166376962085,0.2152738750185967,8568_11875,1.5,0.0,1.5,105,2,48,1,105,1,105,0,1,104,48,417,FL-417 S,S,Freeway,0.460695843984,0.0,8568,11875,S,2,65863,6,417,69354,65863,65,64,65.0,0.00712393992797,1,15909.153217488634,68.37174389916038,1.6490657709646945,0.024522729215863327,5.112055953111804,1.0862488203286191,0.20471097851623676,9.674649896627468,-0.7750172281706023,1
576,0,8510.394849785407,58.55964680814443,3.4051239441175536,0.05887874668229661,2.083357558351868,1.6019017194724232,0.7757047607437194,8988.427038626609,67.45842559998434,2.9255019201124384,0.04390237544879203,1.9276596064961768,1.3963289830591783,0.7252649071103884,8588_8118,1.5,0.5,1.0,108,2,51,1,108,1,108,0,1,107,51,417,FL-417 S,S,Freeway,0.314190599054,0.0,8588,8118,S,2,65863,5,417,83459,65863,70,102,70.0,0.00458940847371,1,8749.410944206007,63.00903620406439,3.165312932114996,0.05139056106554432,2.0055085824240226,1.4991153512658006,0.7504848339270539,9.076741656423351,-1.1577554738692166,1
577,1,11186.654427645788,54.91383383997321,3.420389130982726,0.06402500277305757,10.971555829602806,2.8039287624051865,0.2514163857555245,11962.882608695652,63.91360428548502,3.8658063950196615,0.06307831961631491,9.23436018326569,2.5153896509472715,0.2630707698431116,8588_8118,2.5,2.0,0.5,108,2,51,1,108,1,108,0,1,107,51,417,FL-417 S,S,Freeway,0.314190599054,0.0,8588,8118,S,2,65863,5,417,83459,65863,70,102,70.0,0.00458940847371,1,11574.76851817072,59.413719062729115,3.643097763001194,0.06355166119468625,10.102958006434248,2.659659206676229,0.25724357779931806,9.356582880324288,-1.1577554738692166,1
578,2,10200.815450643775,53.66619326804908,3.1482712373915662,0.06181335991044906,10.311718868710114,2.353828078680165,0.2201316592003154,11024.043196544275,62.44543260595,3.9333258876993766,0.06691059481047693,8.838164164795323,2.2227166021572082,0.23832134378016234,8588_8118,4.0,3.5,0.5,108,2,51,1,108,1,108,0,1,107,51,417,FL-417 S,S,Freeway,0.314190599054,0.0,8588,8118,S,2,65863,5,417,83459,65863,70,102,70.0,0.00458940847371,1,10612.429323594024,58.055812936999544,3.540798562545471,0.064361977360463,9.57494151675272,2.2882723404186867,0.22922650149023888,9.269781170865414,-1.1577554738692166,1
579,3,18598.6330472103,56.77892985455747,1.7955695503022042,0.032070739373108045,7.667301572787899,1.4911716344573165,0.19134987277205007,19809.736051502143,65.02768792355333,1.815441662525686,0.028288774562826843,6.4175233675969965,1.2048080617892156,0.18445484179476654,8588_8118,5.5,4.0,1.5,108,2,51,1,108,1,108,0,1,107,51,417,FL-417 S,S,Freeway,0.314190599054,0.0,8588,8118,S,2,65863,5,417,83459,65863,70,102,70.0,0.00458940847371,1,19204.18454935622,60.903308889055396,1.805505606413945,0.030179756967967444,7.042412470192447,1.347989848123266,0.18790235728340832,9.86288347954822,-1.1577554738692166,1
580,0,6059.470967741935,69.32917130861475,2.769258019342668,0.04011136820275407,1.0379561669109465,0.9706237258181,0.9278881769136174,5443.447761194029,69.85772111442462,2.82888814817925,0.04051993390470295,0.911841926638318,0.7775597303082095,0.8571400105348559,8596_8510,0.0,0.0,0.0,83,2,26,1,83,1,83,0,1,82,26,417,FL-417 S,S,Freeway,0.8656342291470001,0.0,8596,8510,S,3,65863,4,15,35500,65863,70,0,70.0,0.013751320828799998,1,5751.459364467983,69.59344621151968,2.799073083760959,0.040315651053728516,0.9748990467746322,0.8740917280631547,0.8925140937242366,8.657208904105158,-0.14429282783280126,0
581,1,7733.420824295011,67.85448565790574,2.0186850741921805,0.03026144453940465,5.7445376219277255,1.6953786417484735,0.29422339958239063,7995.636752136752,69.48616750235259,1.8169642757663016,0.02727373724610701,5.810496258980986,1.7354493923239351,0.29188654105865924,8596_8510,1.0,0.5,0.5,83,2,26,1,83,1,83,0,1,82,26,417,FL-417 S,S,Freeway,0.8656342291470001,0.0,8596,8510,S,3,65863,4,15,35500,65863,70,0,70.0,0.013751320828799998,1,7864.528788215881,68.67032658012917,1.917824674979241,0.02876759089275583,5.777516940454356,1.7154140170362044,0.29305497032052497,8.970117901201162,-0.14429282783280126,0
582,2,8779.168103448275,60.0657774175614,7.375339164099191,0.13065646167791972,8.242145279205824,2.871941517188859,0.3280374820317368,6919.004264392324,68.73147072854944,1.828459588988826,0.02762331104194752,4.831373322070285,0.8930737540033824,0.17624817358799755,8596_8510,1.5,0.5,1.0,83,2,26,1,83,1,83,0,1,82,26,417,FL-417 S,S,Freeway,0.8656342291470001,0.0,8596,8510,S,3,65863,4,15,35500,65863,70,0,70.0,0.013751320828799998,1,7849.0861839203,64.39862407305542,4.601899376544009,0.07913988635993362,6.536759300638055,1.8825076355961206,0.2521428278098672,8.968152394308639,-0.14429282783280126,0
583,3,13643.741935483871,68.35694275943246,1.6475959134596627,0.024268173697412444,4.330280895662808,0.9255813853173228,0.21335029705367306,13027.552238805967,69.23419577419004,1.3035734124353953,0.018910822079721768,4.043453226838852,0.7449773915934212,0.18542860246460602,8596_8510,0.5,0.5,0.0,83,2,26,1,83,1,83,0,1,82,26,417,FL-417 S,S,Freeway,0.8656342291470001,0.0,8596,8510,S,3,65863,4,15,35500,65863,70,0,70.0,0.013751320828799998,1,13335.64708714492,68.79556926681124,1.4755846629475289,0.021589497888567108,4.18686706125083,0.835279388455372,0.19938944975913953,9.498195960908978,-0.14429282783280126,0
584,0,5447.357777777777,69.44454330559843,2.6824626124659576,0.03868755910887131,1.1091946872982952,0.9386461655865204,0.8533070856989666,5432.30835117773,69.5932654955664,3.2881029709427656,0.047349963103702736,0.8365597908695428,0.7898365386079804,0.9188543490738054,8601_11015,0.5,0.5,0.0,76,2,19,1,76,1,76,0,1,75,19,417,FL-417 S,S,Freeway,0.233338325617,0.0,8601,11015,W,2,65863,4,417,47654,65863,70,0,70.0,0.00381091465916,1,5439.833064477754,69.51890440058241,2.9852827917043614,0.04301876110628702,0.972877239083919,0.8642413520972504,0.886080717386386,8.60150365270226,-1.455265837334294,0
585,1,6930.440366972477,68.96318762078741,2.047555594220931,0.030137579110350542,5.3396968633304525,1.6675697701482894,0.3123067950534289,6937.933045356372,69.55486381269108,1.8806006838633176,0.02752351325845472,4.539344070135198,1.4583915615044056,0.3186967293188737,8601_11015,0.0,0.0,0.0,76,2,19,1,76,1,76,0,1,75,19,417,FL-417 S,S,Freeway,0.233338325617,0.0,8601,11015,W,2,65863,4,417,47654,65863,70,0,70.0,0.00381091465916,1,6934.186706164424,69.25902571673925,1.9640781390421242,0.02883054618440263,4.939520466732825,1.5629806658263474,0.31550176218615134,8.844219052067125,-1.455265837334294,0
586,2,7104.162471395883,65.02684981139205,3.636544965138713,0.06148895639906265,5.817932992747469,1.6687298652752378,0.2597089980206733,7147.1416309012875,65.09772860944227,3.7736375209772857,0.06682170454315473,5.341646100066824,1.7382958946370168,0.2770691890232126,8601_11015,2.0,0.5,1.5,76,2,19,1,76,1,76,0,1,75,19,417,FL-417 S,S,Freeway,0.233338325617,0.0,8601,11015,W,2,65863,4,417,47654,65863,70,0,70.0,0.00381091465916,1,7125.652051148585,65.06228921041716,3.7050912430579994,0.06415533047110869,5.579789546407147,1.7035128799561274,0.26838909352194296,8.871456516900201,-1.455265837334294,0
587,3,12583.59866962306,68.21151254130825,1.9815755877204888,0.029342747298170362,4.313406939088145,1.0096306288823031,0.2320202142399868,12878.751072961371,68.5587706757839,1.8880967519179728,0.027868063447675888,3.7397167429089264,0.8652647230537753,0.2252355841476424,8601_11015,1.5,1.0,0.5,76,2,19,1,76,1,76,0,1,75,19,417,FL-417 S,S,Freeway,0.233338325617,0.0,8601,11015,W,2,65863,4,417,47654,65863,70,0,70.0,0.00381091465916,1,12731.174871292216,68.38514160854608,1.934836169819231,0.028605405372923123,4.026561840998536,0.9374476759680392,0.2286278991938146,9.45180897883191,-1.455265837334294,0
588,0,5491.432835820896,70.31944129273249,2.7085908271893944,0.03854365471262953,0.9359072196583256,0.7716908754842707,0.8301440526147512,5713.4498933901905,68.59031969706429,2.9334101109819715,0.042778234575182,1.2541407515090721,1.0161882505232127,0.8123573630485246,8603_8478,0.5,0.0,0.5,81,2,24,1,81,1,81,0,1,80,24,417,FL-417 S,S,Freeway,0.663497519079,0.0,8603,8478,W,2,65863,4,417,45500,65863,70,0,70.0,0.0107101926905,1,5602.441364605544,69.45488049489839,2.821000469085683,0.040660944643905766,1.095023985583699,0.8939395630037417,0.8212507078316379,8.630957739686453,-0.410230164359292,0
589,1,7907.421841541756,67.87729615122967,1.9532370914210613,0.02908461255384252,5.457259689126367,1.6263521201163658,0.2977830941063005,7280.252676659529,66.84914770043864,1.8931616397361761,0.028659894855362505,6.3911582635543205,1.9257188380922228,0.2995803388813171,8603_8478,1.5,0.5,1.0,81,2,24,1,81,1,81,0,1,80,24,417,FL-417 S,S,Freeway,0.663497519079,0.0,8603,8478,W,2,65863,4,417,45500,65863,70,0,70.0,0.0107101926905,1,7593.837259100643,67.36322192583415,1.9231993655786188,0.028872253704602512,5.924208976340344,1.7760354791042943,0.2986817164938088,8.935092310367311,-0.410230164359292,0
590,2,6900.2302771855,67.03616087765879,2.1408726950024684,0.033548430816857745,4.668650520980017,0.9454227108113336,0.19029513028006453,7388.486140724946,64.19156232455187,2.6785328499438967,0.04590625123663744,6.594824506412281,1.6456766303256092,0.2270631396543439,8603_8478,0.5,0.5,0.0,81,2,24,1,81,1,81,0,1,80,24,417,FL-417 S,S,Freeway,0.663497519079,0.0,8603,8478,W,2,65863,4,417,45500,65863,70,0,70.0,0.0107101926905,1,7144.358208955224,65.61386160110533,2.4097027724731825,0.03972734102674759,5.631737513696149,1.2955496705684713,0.20867913496720422,8.874078262530439,-0.410230164359292,0
591,3,12935.614072494667,67.97169353220386,1.4980573787859817,0.02218729123028848,3.8311706202671623,0.7520918627114013,0.1964799754220825,13447.287846481875,65.67964521692757,1.544281123087544,0.0239999245138146,5.148252457922268,1.0389730432057669,0.19923385527747506,8603_8478,0.5,0.5,0.0,81,2,24,1,81,1,81,0,1,80,24,417,FL-417 S,S,Freeway,0.663497519079,0.0,8603,8478,W,2,65863,4,417,45500,65863,70,0,70.0,0.0107101926905,1,13191.450959488271,66.8256693745657,1.521169250936763,0.02309360787205154,4.489711539094715,0.8955324529585841,0.19785691534977878,9.487324244171411,-0.410230164359292,0
592,0,6379.443496801707,64.14125273909494,2.838814582661461,0.044542544893118534,1.4249428145802612,0.8294914840826941,0.5810434883550119,7763.250539956803,71.07818949647334,3.470855152216587,0.050127674158468784,1.9904534221456336,1.5111462847898431,0.7530915656571554,9176_7090,0.0,0.0,0.0,67,2,10,1,67,1,67,0,1,66,10,417,FL-417 S,S,Freeway,0.546637497002,0.0,9176,7090,W,2,45451,4,417,49500,45451,70,0,70.0,0.008977531572120001,1,7071.347018379254,67.60972111778415,3.154834867439024,0.04733510952579366,1.7076981183629474,1.1703188844362686,0.6670675270060836,8.863806266680516,-0.6039694073983352,0
593,1,6048.6188436830835,65.000395022104,1.704852544342614,0.026516717623092576,4.9252143197845655,1.3348503536250111,0.2655486212849417,7621.316702819957,72.4417412532047,2.213972598250072,0.030783445350826333,7.579355860427794,2.2139143032481603,0.2912723322999162,9176_7090,1.0,1.0,0.0,67,2,10,1,67,1,67,0,1,66,10,417,FL-417 S,S,Freeway,0.546637497002,0.0,9176,7090,W,2,45451,4,417,49500,45451,70,0,70.0,0.008977531572120001,1,6834.96777325152,68.72106813765436,1.959412571296343,0.028650081486959453,6.25228509010618,1.7743823284365856,0.278410476792429,8.829807034187391,-0.6039694073983352,0
594,2,6147.737739872068,62.57466302822785,1.9357354268475464,0.03171573371980988,4.9707545763034675,0.8224195248470411,0.16178205210089214,7651.60737527115,68.53931135983345,2.5257693611360135,0.03757430176089231,7.752306807208326,1.1158180755372504,0.14445036418824972,9176_7090,0.0,0.0,0.0,67,2,10,1,67,1,67,0,1,66,10,417,FL-417 S,S,Freeway,0.546637497002,0.0,9176,7090,W,2,45451,4,417,49500,45451,70,0,70.0,0.008977531572120001,1,6899.672557571609,65.55698719403065,2.23075239399178,0.0346450177403511,6.361530691755897,0.9691188001921458,0.15311620814457094,8.839229234034901,-0.6039694073983352,0
595,3,11717.287846481875,64.54592562373273,1.6416553493233872,0.025662558438620482,4.11236084576677,0.7239341710871893,0.17419034925549387,15084.632608695652,71.59750542700242,1.84863758370578,0.02598394589600689,6.526131529915589,1.215753309845669,0.18692333546050352,9176_7090,1.5,0.5,1.0,67,2,10,1,67,1,67,0,1,66,10,417,FL-417 S,S,Freeway,0.546637497002,0.0,9176,7090,W,2,45451,4,417,49500,45451,70,0,70.0,0.008977531572120001,1,13400.960227588763,68.07171552536758,1.7451464665145835,0.02582325216731369,5.31924618784118,0.9698437404664291,0.18055684235799868,9.503081642146917,-0.6039694073983352,0
596,0,3213.257995735608,75.76973481715319,3.2479686289744483,0.042898765988753286,0.5729195210403011,0.4882639085830348,0.8692759705883204,,,,,,,,5881_6875,0.5,0.5,0.0,148,2,32,1,148,1,148,0,1,147,32,429,FL-429 N,N,Freeway,0.7017932169140001,0.0,5881,6875,N,2,65863,6,429,38500,65863,70,55,70.0,0.0104243210886,1,3213.257995735608,75.76973481715319,3.2479686289744483,0.042898765988753286,0.5729195210403011,0.4882639085830348,0.8692759705883204,8.07504065335114,-0.3541164811490387,1
597,1,2368.43347639485,77.09106548797816,1.5696472292311003,0.020408839946846315,1.7970851328808002,0.5000805397396175,0.2847732106243304,,,,,,,,5881_6875,1.0,1.0,0.0,148,2,32,1,148,1,148,0,1,147,32,429,FL-429 N,N,Freeway,0.7017932169140001,0.0,5881,6875,N,2,65863,6,429,38500,65863,70,55,70.0,0.0104243210886,1,2368.43347639485,77.09106548797816,1.5696472292311003,0.020408839946846315,1.7970851328808002,0.5000805397396175,0.2847732106243304,7.769984035161195,-0.3541164811490387,1
598,2,5646.985074626867,78.80520046575181,1.4264250553551887,0.01846818891702124,3.980245701783588,0.8733792375805162,0.22045379339002205,,,,,,,,5881_6875,0.0,0.0,0.0,148,2,32,1,148,1,148,0,1,147,32,429,FL-429 N,N,Freeway,0.7017932169140001,0.0,5881,6875,N,2,65863,6,429,38500,65863,70,55,70.0,0.0104243210886,1,5646.985074626867,78.80520046575181,1.4264250553551887,0.01846818891702124,3.980245701783588,0.8733792375805162,0.22045379339002205,8.638877066606986,-0.3541164811490387,1
599,3,6682.87420042644,77.2944653783012,1.5768806627592509,0.020443452245572258,2.248999635522838,0.6666377201078741,0.29644575627185216,,,,,,,,5881_6875,0.5,0.0,0.5,148,2,32,1,148,1,148,0,1,147,32,429,FL-429 N,N,Freeway,0.7017932169140001,0.0,5881,6875,N,2,65863,6,429,38500,65863,70,55,70.0,0.0104243210886,1,6682.87420042644,77.2944653783012,1.5768806627592509,0.020443452245572258,2.248999635522838,0.6666377201078741,0.29644575627185216,8.807303443516219,-0.3541164811490387,1
600,0,6765.066098081024,76.56724151938388,2.6200389276869602,0.03428136873362958,1.9060977116897748,1.6242495519272235,0.8472608134910654,6577.277185501066,74.75176693561978,2.459863940573925,0.032937320599107534,1.960178437855441,1.6527356242905706,0.8406212935294659,6089_6220,0.5,0.0,0.5,141,2,25,1,141,1,141,0,1,140,25,429,FL-429 N,N,Freeway,1.21795466539,0.0,6089,6220,N,2,65863,4,429,64500,65863,70,118,70.0,0.0180384803813,1,6671.171641791045,75.65950422750183,2.5399514341304426,0.03360934466636856,1.933138074772608,1.638492588108897,0.8439410535102656,8.80555078192297,0.19717294806134225,0
601,1,6380.559829059829,75.55530455434794,1.7220225305589831,0.02399238017475013,7.6876931865338705,2.0706279066401647,0.26540666618305125,5986.33547008547,73.84724221165595,1.9959655505746496,0.029197434404763307,7.940988964215003,2.5391207965682616,0.3124571473531398,6089_6220,1.5,0.5,1.0,141,2,25,1,141,1,141,0,1,140,25,429,FL-429 N,N,Freeway,1.21795466539,0.0,6089,6220,N,2,65863,4,429,64500,65863,70,118,70.0,0.0180384803813,1,6183.447649572649,74.70127338300195,1.8589940405668164,0.02659490728975672,7.814341075374436,2.304874351604213,0.28893190676809555,8.72963126699808,0.19717294806134225,0
602,2,9788.456289978678,65.11717310064637,9.392662419920859,0.15792596704894102,14.63448643327374,4.557288461555448,0.2970109334176663,9362.326226012794,68.91346750708422,5.73070670552232,0.08803004167508366,12.523748639173727,3.785519644050944,0.2945189787755296,6089_6220,3.5,3.0,0.5,141,2,25,1,141,1,141,0,1,140,25,429,FL-429 N,N,Freeway,1.21795466539,0.0,6089,6220,N,2,65863,4,429,64500,65863,70,118,70.0,0.0180384803813,1,9575.391257995736,67.0153203038653,7.56168456272159,0.12297800436201234,13.579117536223734,4.1714040528031955,0.295764956096598,9.166951675667862,0.19717294806134225,0
603,3,13772.296375266524,74.93673011952127,2.5364428319383565,0.035078302691687754,7.570658110508234,2.279517539304195,0.2902118159312796,13219.270788912581,74.04156454201252,2.1451784010139936,0.029267131433680763,7.484020583169916,2.4668632121072056,0.32701979926165065,6089_6220,3.5,1.0,2.5,141,2,25,1,141,1,141,0,1,140,25,429,FL-429 N,N,Freeway,1.21795466539,0.0,6089,6220,N,2,65863,4,429,64500,65863,70,118,70.0,0.0180384803813,1,13495.783582089553,74.4891473307669,2.3408106164761753,0.03217271706268426,7.527339346839074,2.3731903757057005,0.3086158075964651,9.510132588389581,0.19717294806134225,0
604,0,3640.433760683761,71.50732863013467,3.073234908067581,0.04302652324443311,1.0105590848215902,0.7876449471515908,0.7813233447598612,3725.395143487858,75.02471885151573,2.82406383781496,0.03766614902985408,1.2953259216073605,0.9523449013292326,0.737350948868808,6186_6858,0.5,0.0,0.5,128,2,12,1,128,1,128,0,1,127,12,429,FL-429 N,N,Freeway,1.2393606740099998,0.0,6186,6858,N,2,65863,4,429,25600,65863,70,68,70.0,0.0192109896313,1,3682.91445208581,73.2660237408252,2.9486493729412704,0.0403463361371436,1.1529425032144753,0.8699949242404117,0.7593371468143346,8.211459688395173,0.21459566118124404,0
605,1,4122.443010752688,71.95934958288385,1.9120441988260144,0.027629034198128892,4.184895345882103,1.26497791680097,0.3008717764543831,4237.495555555555,76.75307440651981,1.3460018531479852,0.018314572336593067,4.920469199626727,1.4521065051969508,0.2921830898879535,6186_6858,1.0,0.5,0.5,128,2,12,1,128,1,128,0,1,127,12,429,FL-429 N,N,Freeway,1.2393606740099998,0.0,6186,6858,N,2,65863,4,429,25600,65863,70,68,70.0,0.0192109896313,1,4179.9692831541215,74.35621199470182,1.6290230259869998,0.02297180326736098,4.552682272754415,1.3585422109989604,0.2965274331711683,8.33805917696408,0.21459566118124404,0
606,2,5914.7628205128185,70.0466187329026,2.520076083631748,0.04126186136776153,6.339701446491562,1.6216546995455958,0.2428820949805837,6276.7086092715235,74.83082098495034,2.3387462116394206,0.03716274605995667,7.802678156192795,1.9924007447830343,0.2372700255587357,6186_6858,3.5,3.5,0.0,128,2,12,1,128,1,128,0,1,127,12,429,FL-429 N,N,Freeway,1.2393606740099998,0.0,6186,6858,N,2,65863,4,429,25600,65863,70,68,70.0,0.0192109896313,1,6095.735714892171,72.43871985892648,2.4294111476355846,0.0392123037138591,7.071189801342179,1.8070277221643152,0.2400760602696597,8.715344742570405,0.21459566118124404,0
607,3,9563.502136752137,69.91238392577866,2.222145039739545,0.03428016836545586,4.7177337125073935,1.1403355830048152,0.2315892813862417,10144.958057395144,75.2092542266767,1.5655505261589693,0.023486411125019143,5.727174340850057,1.2260586437714602,0.20888720762705204,6186_6858,1.5,1.5,0.0,128,2,12,1,128,1,128,0,1,127,12,429,FL-429 N,N,Freeway,1.2393606740099998,0.0,6186,6858,N,2,65863,4,429,25600,65863,70,68,70.0,0.0192109896313,1,9854.23009707364,72.56081907622769,1.893847782949257,0.028883289745237503,5.222454026678726,1.1831971133881378,0.22023824450664686,9.195656093457798,0.21459566118124404,0
608,0,3589.0106609808104,76.14514370144933,3.298517555044175,0.0433375010017434,1.02943146976436,0.8072196306473455,0.7820063246578381,3579.4646680942187,71.71349096869045,2.8889608760898664,0.04036294504070157,0.7699560128778317,0.5622182508221367,0.7329413185526055,6236_8048,0.5,0.0,0.5,123,2,7,1,123,1,123,0,1,122,7,429,FL-429 N,N,Freeway,0.878892742994,0.0,6236,8048,N,2,65863,4,429,25600,65863,70,79,70.0,0.0131808307116,1,3584.2376645375143,73.9293173350699,3.0937392155670205,0.04185022302122249,0.8996937413210959,0.6847189407347412,0.7574738216052218,8.184301084546211,-0.12909241036450195,0
609,1,2963.8351177730187,76.01727366180627,1.4988463792464048,0.01973649622045509,3.3911286858009912,0.9460825812843352,0.28340394759200044,2950.706896551724,73.12633001105378,1.6449935229000212,0.0225409811224179,2.5381831396890293,0.7025494729157706,0.2789317487649197,6236_8048,0.0,0.0,0.0,123,2,7,1,123,1,123,0,1,122,7,429,FL-429 N,N,Freeway,0.878892742994,0.0,6236,8048,N,2,65863,4,429,25600,65863,70,79,70.0,0.0131808307116,1,2957.2710071623715,74.57180183643003,1.571919951073213,0.021138738671436494,2.9646559127450103,0.8243160271000529,0.2811678481784601,7.992022165014571,-0.12909241036450195,0
610,2,5571.378205128206,75.27162091074791,1.760913555858289,0.024096779172464236,6.4948101164369225,1.7090828229577546,0.2581673769390457,5593.638709677421,71.84043394882758,1.7944217884783302,0.025857846790261825,4.246084484853852,1.0761619275671763,0.25102170991689426,6236_8048,0.5,0.5,0.0,123,2,7,1,123,1,123,0,1,122,7,429,FL-429 N,N,Freeway,0.878892742994,0.0,6236,8048,N,2,65863,4,429,25600,65863,70,79,70.0,0.0131808307116,1,5582.508457402813,73.55602742978775,1.7776676721683096,0.02497731298136303,5.370447300645387,1.3926223752624654,0.25459454342796994,8.627393498697995,-0.12909241036450195,0
611,3,8289.241452991453,74.49935622238381,1.6034642576887408,0.021712060764840314,4.524990315249998,1.1358187664327026,0.2504271975724736,8282.455913978494,71.92695272507855,1.66925927341267,0.02326226293474789,3.1891143647680984,0.7371621979522838,0.2320203239398647,6236_8048,1.5,1.5,0.0,123,2,7,1,123,1,123,0,1,122,7,429,FL-429 N,N,Freeway,0.878892742994,0.0,6236,8048,N,2,65863,4,429,25600,65863,70,79,70.0,0.0131808307116,1,8285.848683484974,73.21315447373118,1.6363617655507054,0.0224871618497941,3.8570523400090484,0.9364904821924932,0.24122376075616914,9.022304360762293,-0.12909241036450195,0
612,0,3337.464818763325,71.79449063314031,2.8604779217801384,0.03987168801081356,0.9730291267674496,0.7058880929160948,0.7273159034508113,3336.894396551724,69.0420227715342,2.8697904896314763,0.041592816859469285,0.7386555722276745,0.5286499091001036,0.7185062814380885,6244_9706,1.5,1.5,0.0,119,2,3,1,119,1,119,0,1,118,3,429,FL-429 N,N,Freeway,1.6095307445200002,0.0,6244,9706,N,2,65863,4,429,25600,65863,70,90,70.0,0.0238020576051,1,3337.1796076575247,70.41825670233726,2.8651342057058073,0.04073225243514142,0.855842349497562,0.6172690010080992,0.72291109244445,8.11288130039482,0.4759426734817115,0
613,1,2318.5662393162397,73.67177216815334,1.382380784749324,0.018782701990610044,2.6213293731723972,0.6986062911166449,0.27111349693796066,2289.85807860262,70.79480977856605,1.8322385177600613,0.02592409810471665,1.9672402740138863,0.5828902923798274,0.29914144808365595,6244_9706,0.5,0.5,0.0,119,2,3,1,119,1,119,0,1,118,3,429,FL-429 N,N,Freeway,1.6095307445200002,0.0,6244,9706,N,2,65863,4,429,25600,65863,70,90,70.0,0.0238020576051,1,2304.21215895943,72.23329097335969,1.6073096512546927,0.022353400047663348,2.294284823593142,0.6407482917482361,0.2851274725108083,7.742494100458111,0.4759426734817115,0
614,2,5094.051172707889,72.93964969586011,1.4930061466331974,0.020617317726882755,5.597281431228801,1.435029723692573,0.2569503201041396,5088.532467532467,69.72062273197639,1.74651363681366,0.025171587249937358,3.79329339708408,0.9749562707436866,0.25803214670749713,6244_9706,1.5,1.0,0.5,119,2,3,1,119,1,119,0,1,118,3,429,FL-429 N,N,Freeway,1.6095307445200002,0.0,6244,9706,N,2,65863,4,429,25600,65863,70,90,70.0,0.0238020576051,1,5091.291820120178,71.33013621391825,1.6197598917234286,0.022894452488410058,4.69528741415644,1.20499299721813,0.25749123340581836,8.535286873045298,0.4759426734817115,0
615,3,7260.400852878465,72.53956558012284,1.3478160439376756,0.018617750371906227,3.81748025521246,0.961241046882097,0.2544193614224766,7124.675268817205,69.84940031574962,1.7060086546426798,0.02447555139146924,2.8398178352000643,0.7213557675149076,0.25720610875532474,6244_9706,2.0,1.5,0.5,119,2,3,1,119,1,119,0,1,118,3,429,FL-429 N,N,Freeway,1.6095307445200002,0.0,6244,9706,N,2,65863,4,429,25600,65863,70,90,70.0,0.0238020576051,1,7192.538060847835,71.19448294793622,1.5269123492901777,0.021546650881687734,3.3286490452062623,0.8412984071985024,0.2558127350889007,8.880799387152798,0.4759426734817115,0
616,0,5507.3432835820895,71.64954321425245,3.2642953487496347,0.045860315582539474,1.2242493099866791,0.9779152595468982,0.79684853085408,5566.666666666668,71.32179814472764,2.5981531734752417,0.03646233014069055,1.0507842513871737,0.8271536946159668,0.7928101484601886,6295_8444,0.0,0.0,0.0,146,2,30,1,146,1,146,0,1,145,30,429,FL-429 N,N,Freeway,0.940974073356,0.0,6295,8444,N,2,65863,4,429,81000,65863,70,66,70.0,0.01383611209,1,5537.004975124379,71.48567067949004,2.931224261112438,0.041161322861615016,1.1375167806869264,0.9025344770814325,0.7948293396571343,8.61920901534602,-0.06083969200161916,0
617,1,5609.055674518199,69.84203200069115,2.128251086723522,0.031293918366132316,4.916230740076208,1.3331122498584569,0.26046457867176936,5581.56652360515,71.71290876018205,1.5105753941674671,0.02174994986854553,4.19990193714136,1.0974824261236993,0.2606834320479401,6295_8444,0.5,0.5,0.0,146,2,30,1,146,1,146,0,1,145,30,429,FL-429 N,N,Freeway,0.940974073356,0.0,6295,8444,N,2,65863,4,429,81000,65863,70,66,70.0,0.01383611209,1,5595.311099061675,70.7774703804366,1.8194132404454946,0.026521934117338924,4.558066338608784,1.215297337991078,0.26057400535985475,8.629684222249685,-0.06083969200161916,0
618,2,8586.22435897436,67.10096116526583,2.058943950344266,0.03149028326117485,6.954292391464379,1.3912610181824336,0.1973248065380865,8630.708779443254,69.61972989721548,2.2764940665438376,0.0338459623171061,6.4100096843613485,1.3303461884695944,0.2031057918703629,6295_8444,0.5,0.5,0.0,146,2,30,1,146,1,146,0,1,145,30,429,FL-429 N,N,Freeway,0.940974073356,0.0,6295,8444,N,2,65863,4,429,81000,65863,70,66,70.0,0.01383611209,1,8608.466569208806,68.36034553124065,2.1677190084440516,0.032668122789140476,6.682151037912863,1.360803603326014,0.2002152992042247,9.060501482745991,-0.06083969200161916,0
619,3,11956.558635394456,68.63457568950727,2.04243510194341,0.030115746065217282,4.605102557630573,1.1738330534793822,0.24641807968158536,11959.294871794873,70.88873083285353,1.710727133034308,0.024319911112289063,4.101894807451779,1.0564487888027565,0.2548550549364247,6295_8444,1.0,1.0,0.0,146,2,30,1,146,1,146,0,1,145,30,429,FL-429 N,N,Freeway,0.940974073356,0.0,6295,8444,N,2,65863,4,429,81000,65863,70,66,70.0,0.01383611209,1,11957.926753594664,69.7616532611804,1.876581117488859,0.02721782858875317,4.353498682541176,1.1151409211410694,0.250636567309005,9.389149664116408,-0.06083969200161916,0
620,0,5119.228144989339,71.34116223980489,2.368515040941733,0.033233357366929984,1.070643093308944,0.8270208721962434,0.7773464351126125,5116.034115138593,69.71200091701071,2.5651756507200263,0.036838737958654416,0.6432941447477161,0.539659715094692,0.8516168615406589,6652_8320,0.0,0.0,0.0,142,2,26,1,142,1,142,0,1,141,26,429,FL-429 N,N,Freeway,0.41478697259,0.0,6652,8320,N,2,65863,4,429,21000,65863,70,67,70.0,0.0060614931065,1,5117.631130063966,70.5265815784078,2.4668453458308797,0.0350360476627922,0.85696861902833,0.6833402936454678,0.8144816483266357,8.540446941059423,-0.8799902096050117,0
621,1,5331.787096774194,72.89505007484492,1.2014548176348356,0.01653394094299351,4.3133180140510685,1.128180733869749,0.264898666594228,5344.266666666666,71.77699141775138,1.3459730127585432,0.01882222451902613,2.7963054416735305,0.7941118816585417,0.2885912513678101,6652_8320,0.5,0.0,0.5,142,2,26,1,142,1,142,0,1,141,26,429,FL-429 N,N,Freeway,0.41478697259,0.0,6652,8320,N,2,65863,4,429,21000,65863,70,67,70.0,0.0060614931065,1,5338.0268817204305,72.33602074629815,1.2737139151966894,0.01767808273100982,3.5548117278622993,0.9611463077641453,0.27674495898101903,8.582611365867944,-0.8799902096050117,0
622,2,8138.778251599148,71.09301250318345,1.6559726042974054,0.02454716335006999,6.4940672377343205,1.2807646111267417,0.19477007346212885,8156.396145610278,70.57294030959001,1.8722177725441664,0.028100852476669942,4.372249773384754,0.8899724085444711,0.2009072871757216,6652_8320,1.0,1.0,0.0,142,2,26,1,142,1,142,0,1,141,26,429,FL-429 N,N,Freeway,0.41478697259,0.0,6652,8320,N,2,65863,4,429,21000,65863,70,67,70.0,0.0060614931065,1,8147.587198604713,70.83297640638673,1.7640951884207858,0.026324007913369966,5.433158505559537,1.0853685098356065,0.1978386803189252,9.005477113152722,-0.8799902096050117,0
623,3,11359.737739872067,71.63648225721971,1.3796007518669404,0.019419240474609863,4.203662000343583,1.0704941013259572,0.2503267507296819,11367.202991452994,70.8897884908188,1.3547758827974066,0.01937974201051233,2.714541614581322,0.7190003474053017,0.26445235208940704,6652_8320,0.5,0.5,0.0,142,2,26,1,142,1,142,0,1,141,26,429,FL-429 N,N,Freeway,0.41478697259,0.0,6652,8320,N,2,65863,4,429,21000,65863,70,67,70.0,0.0060614931065,1,11363.470365662532,71.26313537401926,1.3671883173321735,0.019399491242561094,3.459101807462453,0.8947472243656295,0.25738955140954445,9.338159135557675,-0.8799902096050117,0
624,0,2471.4622030237583,67.6194252941146,5.194521634391072,0.07706877098514388,0.7972928132052093,0.6053867978688734,0.7853998484479301,3640.433760683761,71.50732863013467,3.073234908067581,0.04302652324443311,1.0105590848215902,0.7876449471515908,0.7813233447598612,6763_6186,1.0,0.5,0.5,125,2,9,1,125,1,125,0,1,124,9,429,FL-429 N,N,Freeway,0.454262428776,0.0,6763,6186,N,2,65863,4,429,25600,65863,70,84,70.0,0.006913219719829999,1,3055.9479818537598,69.56337696212464,4.133878271229326,0.060047647114788494,0.9039259490133997,0.6965158725102321,0.7833615966038956,8.024845128496828,-0.7890802109882546,0
625,1,3060.7417218543046,50.18292687465083,2.473734001150311,0.03645925927283152,2.603718810969275,0.7838245079097891,0.3116558227114832,4122.443010752688,71.95934958288385,1.9120441988260144,0.027629034198128892,4.184895345882103,1.26497791680097,0.3008717764543831,6763_6186,1.5,1.0,0.5,125,2,9,1,125,1,125,0,1,124,9,429,FL-429 N,N,Freeway,0.454262428776,0.0,6763,6186,N,2,65863,4,429,25600,65863,70,84,70.0,0.006913219719829999,1,3591.5923663034964,61.07113822876734,2.1928890999881627,0.03204414673548021,3.3943070784256895,1.0244012123553796,0.30626379958293315,8.186350939213806,-0.7890802109882546,0
626,2,4985.973684210527,66.38426909396517,2.4718056198470744,0.039904025955808435,3.7568067713286704,0.9967523912609884,0.2639764926573385,5914.7628205128185,70.0466187329026,2.520076083631748,0.04126186136776153,6.339701446491562,1.6216546995455958,0.2428820949805837,6763_6186,1.0,0.5,0.5,125,2,9,1,125,1,125,0,1,124,9,429,FL-429 N,N,Freeway,0.454262428776,0.0,6763,6186,N,2,65863,4,429,25600,65863,70,84,70.0,0.006913219719829999,1,5450.368252361673,68.21544391343389,2.4959408517394115,0.040582943661784984,5.0482541089101165,1.309203545403292,0.2534292938189611,8.603438454615265,-0.7890802109882546,0
627,3,8276.507592190892,66.55921274951545,2.415630225215502,0.03680303145478648,3.002862546569883,0.7505527429219567,0.2479617222541564,9563.502136752137,69.91238392577866,2.222145039739545,0.03428016836545586,4.7177337125073935,1.1403355830048152,0.2315892813862417,6763_6186,0.0,0.0,0.0,125,2,9,1,125,1,125,0,1,124,9,429,FL-429 N,N,Freeway,0.454262428776,0.0,6763,6186,N,2,65863,4,429,25600,65863,70,84,70.0,0.006913219719829999,1,8920.004864471513,68.23579833764705,2.3188876324775234,0.035541599910121166,3.8602981295386383,0.945444162963386,0.23977550182019908,9.096051770918246,-0.7890802109882546,0
628,0,3579.4646680942187,71.71349096869045,2.8889608760898664,0.04036294504070157,0.7699560128778317,0.5622182508221367,0.7329413185526055,3864.76017130621,69.4320641166981,2.95963644648934,0.04265634781382312,0.8600152920234059,0.6285345830697115,0.7338607259443624,8048_8037,0.0,0.0,0.0,121,2,5,1,121,1,121,0,1,120,5,429,FL-429 N,N,Freeway,0.703296480051,0.0,8048,8037,N,2,65863,4,429,25600,65863,70,76,70.0,0.0102174904463,1,3722.1124197002146,70.57277754269427,2.924298661289603,0.04150964642726235,0.8149856524506187,0.5953764169459241,0.7334010222484839,8.222046640856812,-0.35197674058471295,0
629,1,2950.706896551724,73.12633001105378,1.6449935229000212,0.0225409811224179,2.5381831396890293,0.7025494729157706,0.2789317487649197,4292.4051724137935,69.50497512181289,1.229236040027932,0.017844378817098785,3.742569180987653,1.147956040960208,0.3049978763462178,8048_8037,0.5,0.5,0.0,121,2,5,1,121,1,121,0,1,120,5,429,FL-429 N,N,Freeway,0.703296480051,0.0,8048,8037,N,2,65863,4,429,25600,65863,70,76,70.0,0.0102174904463,1,3621.556034482759,71.31565256643333,1.4371147814639766,0.02019267996975834,3.140376160338341,0.9252527569379894,0.2919648125555687,8.194659056243212,-0.35197674058471295,0
630,2,5593.638709677421,71.84043394882758,1.7944217884783302,0.025857846790261825,4.246084484853852,1.0761619275671763,0.25102170991689426,6112.757510729613,67.98115206907167,1.7546782198320976,0.027940843892466486,5.254693227511115,1.3097498570316082,0.23678184748982986,8048_8037,1.0,0.0,1.0,121,2,5,1,121,1,121,0,1,120,5,429,FL-429 N,N,Freeway,0.703296480051,0.0,8048,8037,N,2,65863,4,429,25600,65863,70,76,70.0,0.0102174904463,1,5853.198110203517,69.91079300894963,1.774550004155214,0.026899345341364157,4.750388856182484,1.1929558922993921,0.24390177870336205,8.674743476352695,-0.35197674058471295,0
631,3,8282.455913978494,71.92695272507855,1.66925927341267,0.02326226293474789,3.1891143647680984,0.7371621979522838,0.2320203239398647,10157.757510729614,68.13889387023757,1.3545512136626825,0.019995796641791984,4.03623607225851,0.8807253159704284,0.21626885502981708,8048_8037,1.0,1.0,0.0,121,2,5,1,121,1,121,0,1,120,5,429,FL-429 N,N,Freeway,0.703296480051,0.0,8048,8037,N,2,65863,4,429,25600,65863,70,76,70.0,0.0102174904463,1,9220.106712354054,70.03292329765806,1.5119052435376763,0.021629029788269936,3.612675218513304,0.808943756961356,0.2241445894848409,9.129141890491693,-0.35197674058471295,0
632,0,6748.458244111349,70.08351268486611,2.4379567571020235,0.034823637945963465,1.2670094757661363,1.0666342438874363,0.8438261894873701,5543.362473347547,71.78118554383582,3.0049190945624846,0.04202188416063797,1.304335602963994,1.012604505676793,0.7803160001936948,8389_8460,0.0,0.0,0.0,139,2,23,1,139,1,139,0,1,138,23,429,FL-429 N,N,Freeway,0.6971669140819999,0.0,8389,8460,N,2,65863,4,429,81000,65863,70,53,70.0,0.0111911207397,1,6145.9103587294485,70.93234911435096,2.7214379258322543,0.03842276105330072,1.2856725393650652,1.0396193747821147,0.8120710948405325,8.723542157281338,-0.3607304218811334,0
633,1,6354.330472103005,68.29729790446282,1.9450215021125912,0.029262323082867338,5.149844962802415,1.440288002960889,0.2781536092139576,5616.483940042826,69.00470136954544,1.7642240191349052,0.025731340118716257,4.742014246430799,1.249678121598985,0.26443601896207325,8389_8460,0.0,0.0,0.0,139,2,23,1,139,1,139,0,1,138,23,429,FL-429 N,N,Freeway,0.6971669140819999,0.0,8389,8460,N,2,65863,4,429,81000,65863,70,53,70.0,0.0111911207397,1,5985.407206072916,68.65099963700413,1.8546227606237482,0.027496831600791798,4.945929604616607,1.344983062279937,0.2712948140880154,8.697079653450862,-0.3607304218811334,0
634,2,9863.658064516128,64.55106938102611,3.913227811427353,0.06220895147825078,8.247660895125058,1.8173805515062955,0.21786078448797325,8574.331196581197,67.21386838736626,2.358688696080022,0.0357051757239937,7.228602682327449,1.4735397690336995,0.2027147373588024,8389_8460,0.5,0.5,0.0,139,2,23,1,139,1,139,0,1,138,23,429,FL-429 N,N,Freeway,0.6971669140819999,0.0,8389,8460,N,2,65863,4,429,81000,65863,70,53,70.0,0.0111911207397,1,9218.994630548663,65.88246888419619,3.1359582537536874,0.04895706360112224,7.738131788726253,1.6454601602699976,0.21028776092338783,9.12902126836526,-0.3607304218811334,0
635,3,13705.910256410256,68.30815485446068,1.9054402624242321,0.028132384644753816,4.94763608731122,1.3808151474522363,0.27620433204334377,11984.844017094021,69.03985879715603,2.0202037695265824,0.029434131769132475,4.785286598730544,1.2054113446218977,0.2490244770969298,8389_8460,1.0,1.0,0.0,139,2,23,1,139,1,139,0,1,138,23,429,FL-429 N,N,Freeway,0.6971669140819999,0.0,8389,8460,N,2,65863,4,429,81000,65863,70,53,70.0,0.0111911207397,1,12845.377136752139,68.67400682580836,1.9628220159754073,0.028783258206943146,4.866461343020882,1.2931132460370671,0.2626144045701368,9.460739269700914,-0.3607304218811334,0
636,0,6733.717948717948,71.95654003623436,2.82475226231815,0.03930929199302674,1.368588769296781,1.0432040817192374,0.7596729866776091,6765.066098081024,76.56724151938388,2.6200389276869602,0.03428136873362958,1.9060977116897748,1.6242495519272235,0.8472608134910654,8425_6089,0.0,0.0,0.0,137,2,21,1,137,1,137,0,1,136,21,429,FL-429 N,N,Freeway,0.280633475566,0.0,8425,6089,N,2,65863,4,429,64500,65863,70,50,70.0,0.004077348790340001,1,6749.392023399487,74.26189077780913,2.7223955950025553,0.03679533036332816,1.637343240493278,1.3337268168232304,0.8034669000843373,8.817207709202492,-1.2707058184793427,0
637,1,6428.721030042919,69.90988800894354,1.8193240911826336,0.026826670806878783,4.86982272627163,1.2719554616012507,0.2573059027821106,6380.559829059829,75.55530455434794,1.7220225305589831,0.02399238017475013,7.6876931865338705,2.0706279066401647,0.26540666618305125,8425_6089,0.0,0.0,0.0,137,2,21,1,137,1,137,0,1,136,21,429,FL-429 N,N,Freeway,0.280633475566,0.0,8425,6089,N,2,65863,4,429,64500,65863,70,50,70.0,0.004077348790340001,1,6404.640429551374,72.73259628164574,1.7706733108708084,0.025409525490814457,6.27875795640275,1.6712916841207077,0.2613562844825809,8.764778073730996,-1.2707058184793427,0
638,2,9804.139186295502,59.903643843483714,9.804915089452528,0.1795356955849791,10.173265845299962,3.9455681489290853,0.3646755290790451,9788.456289978678,65.11717310064637,9.392662419920859,0.15792596704894102,14.63448643327374,4.557288461555448,0.2970109334176663,8425_6089,0.0,0.0,0.0,137,2,21,1,137,1,137,0,1,136,21,429,FL-429 N,N,Freeway,0.280633475566,0.0,8425,6089,N,2,65863,4,429,64500,65863,70,50,70.0,0.004077348790340001,1,9796.297738137091,62.51040847206504,9.598788754686694,0.16873083131696004,12.40387613928685,4.251428305242267,0.3308432312483557,9.189759811458387,-1.2707058184793427,0
639,3,13794.177350427351,69.53415805247188,2.563798521733831,0.037899634122468176,4.871611505693965,1.5122605714321264,0.2942480775447424,13772.296375266524,74.93673011952127,2.5364428319383565,0.035078302691687754,7.570658110508234,2.279517539304195,0.2902118159312796,8425_6089,0.0,0.0,0.0,137,2,21,1,137,1,137,0,1,136,21,429,FL-429 N,N,Freeway,0.280633475566,0.0,8425,6089,N,2,65863,4,429,64500,65863,70,50,70.0,0.004077348790340001,1,13783.236862846938,72.23544408599658,2.5501206768360936,0.036488968407077965,6.221134808101099,1.8958890553681607,0.292229946738011,9.531208412691297,-1.2707058184793427,0
640,0,5115.664529914528,68.12214785479895,2.7660545044939617,0.04062654681908321,1.2323558822898264,0.9491924968365381,0.7745924767882301,5119.228144989339,71.34116223980489,2.368515040941733,0.033233357366929984,1.070643093308944,0.8270208721962434,0.7773464351126125,8441_6652,0.0,0.0,0.0,145,2,29,1,145,1,145,0,1,144,29,429,FL-429 N,N,Freeway,0.200197714159,0.0,8441,6652,N,2,65863,4,429,81000,65863,70,49,70.0,0.00291586334777,1,5117.446337451934,69.73165504730193,2.5672847727178474,0.0369299520930066,1.1514994877993852,0.8881066845163907,0.7759694559504213,8.540410831393887,-1.6084498299534131,0
641,1,5326.830107526882,67.12853464293073,1.7377990618716066,0.0259526435126794,4.467573213814956,1.1510560715167109,0.26096743471604594,5331.787096774194,72.89505007484492,1.2014548176348356,0.01653394094299351,4.3133180140510685,1.128180733869749,0.264898666594228,8441_6652,0.5,0.0,0.5,145,2,29,1,145,1,145,0,1,144,29,429,FL-429 N,N,Freeway,0.200197714159,0.0,8441,6652,N,2,65863,4,429,81000,65863,70,49,70.0,0.00291586334777,1,5329.308602150538,70.01179235888782,1.4696269397532211,0.021243292227836455,4.390445613933013,1.13961840269323,0.26293305065513695,8.58097679057513,-1.6084498299534131,0
642,2,8139.678800856531,65.113715565389,2.1214841652831997,0.03346222406657552,6.8456820312409565,1.4017486657336953,0.2023046894060989,8138.778251599148,71.09301250318345,1.6559726042974054,0.02454716335006999,6.4940672377343205,1.2807646111267417,0.19477007346212885,8441_6652,0.0,0.0,0.0,145,2,29,1,145,1,145,0,1,144,29,429,FL-429 N,N,Freeway,0.200197714159,0.0,8441,6652,N,2,65863,4,429,81000,65863,70,49,70.0,0.00291586334777,1,8139.228526227839,68.10336403428622,1.8887283847903027,0.029004693708322756,6.6698746344876385,1.3412566384302185,0.19853738143411387,9.004450678857404,-1.6084498299534131,0
643,3,11342.418803418805,65.95767135217727,1.959536023066368,0.029859991057841345,4.485716283353348,1.1584321719704298,0.25498877824879584,11359.737739872067,71.63648225721971,1.3796007518669404,0.019419240474609863,4.203662000343583,1.0704941013259572,0.2503267507296819,8441_6652,0.0,0.0,0.0,145,2,29,1,145,1,145,0,1,144,29,429,FL-429 N,N,Freeway,0.200197714159,0.0,8441,6652,N,2,65863,4,429,81000,65863,70,49,70.0,0.00291586334777,1,11351.078271645436,68.79707680469849,1.6695683874666543,0.024639615766225604,4.344689141848466,1.1144631366481934,0.2526577644892389,9.33706802030424,-1.6084498299534131,0
644,0,5566.666666666668,71.32179814472764,2.5981531734752417,0.03646233014069055,1.0507842513871737,0.8271536946159668,0.7928101484601886,5115.664529914528,68.12214785479895,2.7660545044939617,0.04062654681908321,1.2323558822898264,0.9491924968365381,0.7745924767882301,8444_8441,0.0,0.0,0.0,144,2,28,1,144,1,144,0,1,143,28,429,FL-429 N,N,Freeway,0.545558459424,0.0,8444,8441,N,2,65863,4,429,81000,65863,70,82,70.0,0.008174562705720001,1,5341.165598290598,69.7219729997633,2.6821038389846015,0.03854443847988688,1.1415700668385,0.8881730957262524,0.7837013126242094,8.583199184968764,-0.6059453127708399,0
645,1,5581.56652360515,71.71290876018205,1.5105753941674671,0.02174994986854553,4.19990193714136,1.0974824261236993,0.2606834320479401,5326.830107526882,67.12853464293073,1.7377990618716066,0.0259526435126794,4.467573213814956,1.1510560715167109,0.26096743471604594,8444_8441,2.0,1.0,1.0,144,2,28,1,144,1,144,0,1,143,28,429,FL-429 N,N,Freeway,0.545558459424,0.0,8444,8441,N,2,65863,4,429,81000,65863,70,82,70.0,0.008174562705720001,1,5454.198315566016,69.42072170155639,1.6241872280195369,0.023851296690612464,4.333737575478158,1.124269248820205,0.26082543338199304,8.60414092423439,-0.6059453127708399,0
646,2,8630.708779443254,69.61972989721548,2.2764940665438376,0.0338459623171061,6.4100096843613485,1.3303461884695944,0.2031057918703629,8139.678800856531,65.113715565389,2.1214841652831997,0.03346222406657552,6.8456820312409565,1.4017486657336953,0.2023046894060989,8444_8441,0.5,0.5,0.0,144,2,28,1,144,1,144,0,1,143,28,429,FL-429 N,N,Freeway,0.545558459424,0.0,8444,8441,N,2,65863,4,429,81000,65863,70,82,70.0,0.008174562705720001,1,8385.193790149893,67.36672273130225,2.198989115913519,0.03365409319184081,6.6278458578011525,1.3660474271016447,0.2027052406382309,9.034222785516764,-0.6059453127708399,0
647,3,11959.294871794873,70.88873083285353,1.710727133034308,0.024319911112289063,4.101894807451779,1.0564487888027565,0.2548550549364247,11342.418803418805,65.95767135217727,1.959536023066368,0.029859991057841345,4.485716283353348,1.1584321719704298,0.25498877824879584,8444_8441,0.5,0.0,0.5,144,2,28,1,144,1,144,0,1,143,28,429,FL-429 N,N,Freeway,0.545558459424,0.0,8444,8441,N,2,65863,4,429,81000,65863,70,82,70.0,0.008174562705720001,1,11650.85683760684,68.4232010925154,1.8351315780503379,0.027089951085065206,4.293805545402563,1.1074404803865932,0.25492191659261026,9.363135004581736,-0.6059453127708399,0
648,0,5543.362473347547,71.78118554383582,3.0049190945624846,0.04202188416063797,1.304335602963994,1.012604505676793,0.7803160001936948,6234.30752688172,71.38653982296307,2.99438595829596,0.0421899269342708,1.1321437777987975,0.8740544908941666,0.7782863271224558,8460_6069,0.0,0.0,0.0,143,2,27,1,143,1,143,0,1,142,27,429,FL-429 N,N,Freeway,0.604044548781,0.0,8460,6069,N,2,65863,4,429,81000,65863,70,44,70.0,0.00884222110143,1,5888.835000114634,71.58386268339945,2.999652526429222,0.042105905547454386,1.2182396903813957,0.9433294982854799,0.7793011636580753,8.680813464232239,-0.5041073275072475,0
649,1,5616.483940042826,69.00470136954544,1.7642240191349052,0.025731340118716257,4.742014246430799,1.249678121598985,0.26443601896207325,6316.041125541125,70.96315409121915,1.8777109147219484,0.02692790782487077,4.498971858322711,1.2276353948785914,0.26958458767628324,8460_6069,2.5,2.5,0.0,143,2,27,1,143,1,143,0,1,142,27,429,FL-429 N,N,Freeway,0.604044548781,0.0,8460,6069,N,2,65863,4,429,81000,65863,70,44,70.0,0.00884222110143,1,5966.262532791976,69.9839277303823,1.8209674669284268,0.026329623971793514,4.620493052376755,1.2386567582387882,0.26701030331917824,8.69387596893252,-0.5041073275072475,0
650,2,8574.331196581197,67.21386838736626,2.358688696080022,0.0357051757239937,7.228602682327449,1.4735397690336995,0.2027147373588024,9657.507559395248,67.82407452647196,2.3996654082811943,0.036554260508178116,6.148729644687399,1.3346209202553665,0.20999278696899706,8460_6069,1.0,0.5,0.5,143,2,27,1,143,1,143,0,1,142,27,429,FL-429 N,N,Freeway,0.604044548781,0.0,8460,6069,N,2,65863,4,429,81000,65863,70,44,70.0,0.00884222110143,1,9115.919377988223,67.5189714569191,2.379177052180608,0.03612971811608591,6.688666163507424,1.404080344644533,0.20635376216389972,9.117777546314644,-0.5041073275072475,0
651,3,11984.844017094021,69.03985879715603,2.0202037695265824,0.029434131769132475,4.785286598730544,1.2054113446218977,0.2490244770969298,13548.797413793103,69.68350580385398,2.014208366340001,0.02932828831809304,4.091149044102438,1.0482157502875749,0.2475622961988765,8460_6069,1.0,0.5,0.5,143,2,27,1,143,1,143,0,1,142,27,429,FL-429 N,N,Freeway,0.604044548781,0.0,8460,6069,N,2,65863,4,429,81000,65863,70,44,70.0,0.00884222110143,1,12766.820715443562,69.36168230050501,2.0172060679332917,0.029381210043612757,4.438217821416491,1.1268135474547363,0.24829338664790315,9.454604952911659,-0.5041073275072475,0
652,0,5445.395698924731,69.26183621522965,2.5776372571612614,0.037680274555751264,1.1240148200174669,0.9187579657304481,0.8096940621756841,5682.074786324786,68.34871193775714,2.3696641270165544,0.03481876593901323,1.691064903919478,1.3368168796226747,0.7867384292730379,8462_6231,2.0,2.0,0.0,129,2,13,1,129,1,129,0,1,128,13,429,FL-429 N,N,Freeway,0.556776556083,0.0,8462,6231,E,2,65863,4,429,51670,65863,70,77,70.0,0.00880474694335,1,5563.735242624758,68.80527407649339,2.473650692088908,0.03624952024738225,1.4075398619684725,1.1277874226765614,0.798216245724361,8.624024967911316,-0.5855912755843478,0
653,1,7385.323913043479,66.78605568722226,4.818652759657409,0.08326523566796577,7.212470408491466,3.144088313210507,0.3809842315824679,7615.880952380952,63.93377697084565,7.331809023031868,0.12961042726997646,10.891247163645623,5.130297689196699,0.4278357816809736,8462_6231,3.0,1.5,1.5,129,2,13,1,129,1,129,0,1,128,13,429,FL-429 N,N,Freeway,0.556776556083,0.0,8462,6231,E,2,65863,4,429,51670,65863,70,77,70.0,0.00880474694335,1,7500.602432712216,65.35991632903395,6.0752308913446385,0.10643783146897112,9.051858786068545,4.137193001203603,0.4044100066317208,8.922738620660201,-0.5855912755843478,0
654,2,7749.547619047618,66.37109338806255,4.917063639092693,0.05462588784571357,7.417347201157522,2.3938276020132347,0.27515441045883243,7935.389721627408,64.58130132184397,4.514869404511893,0.07793111860903694,10.768823255452523,3.2256600165597127,0.2735812690770601,8462_6231,2.5,2.0,0.5,129,2,13,1,129,1,129,0,1,128,13,429,FL-429 N,N,Freeway,0.556776556083,0.0,8462,6231,E,2,65863,4,429,51670,65863,70,77,70.0,0.00880474694335,1,7842.468670337514,65.47619735495326,4.715966521802294,0.06627850322737525,9.093085228305021,2.8097438092864735,0.27436783976794626,8.967308945200305,-0.5855912755843478,0
655,3,14520.004301075269,68.3049786983312,2.1287043133417263,0.032187239510131284,5.7851484688417285,1.3666391808203249,0.22194731246114804,14861.856837606838,66.95365933413186,2.4044885187550817,0.036973305479586514,8.385833501516865,2.016315842873948,0.22886780426185924,8462_6231,2.0,1.5,0.5,129,2,13,1,129,1,129,0,1,128,13,429,FL-429 N,N,Freeway,0.556776556083,0.0,8462,6231,E,2,65863,4,429,51670,65863,70,77,70.0,0.00880474694335,1,14690.930569341053,67.62931901623153,2.266596416048404,0.0345802724948589,7.085490985179296,1.6914775118471366,0.22540755836150364,9.594985614291671,-0.5855912755843478,0
656,0,5724.008528784649,67.05653228931686,2.7490040510724976,0.04106036767868933,1.1274031521738992,0.9262346490406564,0.8203854903080658,5621.960352422908,66.23366475466311,2.608338417133555,0.0394128156334417,0.9405752712598984,0.7100331788134567,0.7621690537185983,8470_6274,0.0,0.0,0.0,133,2,17,1,133,1,133,0,1,132,17,429,FL-429 N,N,Freeway,0.243090348749,0.0,8470,6274,N,2,65863,4,429,64000,65863,70,66,70.0,0.00353328083952,1,5672.984440603778,66.64509852198998,2.6786712341030263,0.04023659165606551,1.0339892117168987,0.8181339139270566,0.7912772720133321,8.643470614612385,-1.4143220991927044,0
657,1,7664.059829059829,60.612569724116106,7.086143445111773,0.1209977718541861,7.9801670900453425,3.6056970534352737,0.43982308290092376,7654.374439461883,64.61473845803172,3.24646267891076,0.0509586753412209,5.682783620180082,2.0143312417762416,0.34945928883068705,8470_6274,1.0,0.5,0.5,133,2,17,1,133,1,133,0,1,132,17,429,FL-429 N,N,Freeway,0.243090348749,0.0,8470,6274,N,2,65863,4,429,64000,65863,70,66,70.0,0.00353328083952,1,7659.217134260856,62.61365409107391,5.166303062011266,0.0859782235977035,6.831475355112712,2.8100141476057576,0.39464118586580543,8.943665055718055,-1.4143220991927044,0
658,2,8094.087420042644,63.4139173042685,2.8868127238680565,0.04737899780493639,7.105365281719267,1.6744104189965918,0.23052243259969554,8092.104444444444,65.69794219271711,1.9228692070612188,0.030348700896685614,5.287900750830354,1.090678979547996,0.200778757326255,8470_6274,0.5,0.0,0.5,133,2,17,1,133,1,133,0,1,132,17,429,FL-429 N,N,Freeway,0.243090348749,0.0,8470,6274,N,2,65863,4,429,64000,65863,70,66,70.0,0.00353328083952,1,8093.095932243545,64.5559297484928,2.4048409654646377,0.038863849350811,6.196633016274811,1.382544699272294,0.21565059496297528,8.99876662315627,-1.4143220991927044,0
659,3,15181.059701492537,63.94072916704337,2.60574780756776,0.0413572818086435,5.959379852239312,1.408173945001269,0.23207605743380635,14901.713656387663,65.68197878804415,1.6463755381592913,0.025308829761618284,4.527569093368753,0.8626539537875488,0.18873532437210744,8470_6274,0.5,0.0,0.5,133,2,17,1,133,1,133,0,1,132,17,429,FL-429 N,N,Freeway,0.243090348749,0.0,8470,6274,N,2,65863,4,429,64000,65863,70,66,70.0,0.00353328083952,1,15041.3866789401,64.81135397754376,2.1260616728635258,0.03333305578513089,5.243474472804033,1.1354139493944089,0.2104056909029569,9.61856079265134,-1.4143220991927044,0
660,0,2984.089552238806,68.19893069125969,4.383634219386763,0.06432274151779233,0.5856363385024466,0.5047267270209921,0.8574865378407185,7376.615384615385,74.43900774365318,2.31961716694584,0.031228503941466507,1.0571348521496042,0.8936744796671334,0.8374641954719054,8498_8500,0.0,0.0,0.0,132,2,16,1,132,1,132,0,1,131,16,429,FL-429 N,N,Freeway,0.448090903793,0.0,8498,8500,N,2,65863,4,429,70235,65863,70,46,70.0,0.00652162488391,1,5180.352468427095,71.31896921745644,3.3516256931663015,0.047775622729629416,0.8213855953260254,0.6992006033440628,0.847475366656312,8.552628377036529,-0.8027591568984207,0
661,1,3192.4304068522483,68.59545344187403,1.5745002042730372,0.02304511838412319,2.445549874807329,0.7744709984605394,0.3229744089348199,6767.511363636364,75.50034206898773,1.2196174550452372,0.01648910289587257,3.9922775295441655,1.0116284290671056,0.2537280755347897,8498_8500,2.0,2.0,0.0,132,2,16,1,132,1,132,0,1,131,16,429,FL-429 N,N,Freeway,0.448090903793,0.0,8498,8500,N,2,65863,4,429,70235,65863,70,46,70.0,0.00652162488391,1,4979.970885244306,72.04789775543088,1.3970588296591373,0.01976711063999788,3.2189137021757475,0.8930497137638225,0.2883512422348048,8.513179323665124,-0.8027591568984207,0
662,2,4654.74358974359,64.48577438830338,4.939535715740647,0.09326482474408464,4.9526672266782885,2.6849109572379986,0.380838531592664,10539.070135746606,64.53099880148302,11.022147401898446,0.21032115934160053,9.803304185848358,4.899196889522352,0.4175303200679304,8498_8500,4.0,3.5,0.5,132,2,16,1,132,1,132,0,1,131,16,429,FL-429 N,N,Freeway,0.448090903793,0.0,8498,8500,N,2,65863,4,429,70235,65863,70,46,70.0,0.00652162488391,1,7596.906862745098,64.50838659489321,7.980841558819547,0.15179299204284258,7.377985706263323,3.792053923380175,0.39918442583029723,8.935496451686738,-0.8027591568984207,0
663,3,7086.277185501066,67.66591109347857,1.6374573780735715,0.024306034272824732,2.554379985067569,0.7391957901362702,0.28298484323093553,15011.463800904978,74.46943169452292,1.6763133324900936,0.023002630955080167,4.1190871292057585,1.2117909320457363,0.2819509776690977,8498_8500,1.5,1.0,0.5,132,2,16,1,132,1,132,0,1,131,16,429,FL-429 N,N,Freeway,0.448090903793,0.0,8498,8500,N,2,65863,4,429,70235,65863,70,46,70.0,0.00652162488391,1,11048.870493203021,71.06767139400074,1.6568853552818326,0.02365433261395245,3.3367335571366636,0.9754933610910033,0.2824679104500166,9.31008348391162,-0.8027591568984207,0
664,0,7376.615384615385,74.43900774365318,2.31961716694584,0.031228503941466507,1.0571348521496042,0.8936744796671334,0.8374641954719054,7393.497854077254,68.54008149816775,2.320590617678932,0.03393208820617186,0.9785732555362202,0.7248716065802414,0.7387315984953119,8500_8421,3.0,2.0,1.0,131,2,15,1,131,1,131,0,1,130,15,429,FL-429 N,N,Freeway,0.348546973,0.0,8500,8421,N,2,65863,4,429,70235,65863,70,51,70.0,0.00511615488768,1,7385.056619346319,71.48954462091046,2.3201038923123862,0.03258029607381918,1.0178540538429122,0.8092730431236874,0.7880978969836087,8.907213861739924,-1.05398227163772,0
665,1,6767.511363636364,75.50034206898773,1.2196174550452372,0.01648910289587257,3.9922775295441655,1.0116284290671056,0.2537280755347897,6760.671706263499,69.01781430618236,1.3727971536585497,0.020364374721889088,3.409190859874604,0.8456225595434183,0.2428397999869953,8500_8421,0.0,0.0,0.0,131,2,15,1,131,1,131,0,1,130,15,429,FL-429 N,N,Freeway,0.348546973,0.0,8500,8421,N,2,65863,4,429,70235,65863,70,51,70.0,0.00511615488768,1,6764.091534949932,72.25907818758505,1.2962073043518934,0.01842673880888083,3.700734194709385,0.9286254943052619,0.2482839377608925,8.819383242592478,-1.05398227163772,0
666,2,10539.070135746606,64.53099880148302,11.022147401898446,0.21032115934160053,9.803304185848358,4.899196889522352,0.4175303200679304,10582.509719222462,58.42137858421258,10.02985380927108,0.1957119996034908,9.396087044072852,5.078941820682691,0.4786213437498879,8500_8421,5.0,3.0,2.0,131,2,15,1,131,1,131,0,1,130,15,429,FL-429 N,N,Freeway,0.348546973,0.0,8500,8421,N,2,65863,4,429,70235,65863,70,51,70.0,0.00511615488768,1,10560.789927484533,61.4761886928478,10.526000605584763,0.20301657947254567,9.599695614960606,4.989069355102521,0.44807583190890915,9.264903358201657,-1.05398227163772,0
667,3,15011.463800904978,74.46943169452292,1.6763133324900936,0.023002630955080167,4.1190871292057585,1.2117909320457363,0.2819509776690977,14947.87339055794,68.15275514178275,1.8915437260240564,0.02842465620033852,3.4194262710700416,1.0778958595549817,0.29019916333897405,8500_8421,4.0,3.5,0.5,131,2,15,1,131,1,131,0,1,130,15,429,FL-429 N,N,Freeway,0.348546973,0.0,8500,8421,N,2,65863,4,429,70235,65863,70,51,70.0,0.00511615488768,1,14979.668595731458,71.31109341815284,1.783928529257075,0.025713643577709343,3.7692567001379,1.144843395800359,0.2860750705040359,9.614449133711101,-1.05398227163772,0
668,0,2765.1409978308025,69.10177310315423,3.7076657413113216,0.05370436669896534,0.4978792007505517,0.4122392999925207,0.8478740289000953,2984.089552238806,68.19893069125969,4.383634219386763,0.06432274151779233,0.5856363385024466,0.5047267270209921,0.8574865378407185,8522_8498,0.0,0.0,0.0,130,2,14,1,130,1,130,0,1,129,14,429,FL-429 N,N,Freeway,0.432996428543,0.0,8522,8498,W,3,65863,4,50,47500,65863,70,47,70.0,0.006314991494109999,1,2874.615275034804,68.65035189720696,4.045649980349042,0.05901355410837883,0.5417577696264991,0.45848301350675635,0.8526802833704069,7.963674126897908,-0.8370257991822547,0
669,1,3036.5087336244537,70.71585769107197,1.5986804174674791,0.022702741423031025,2.0066550557110343,0.6684528500672388,0.33922743318330945,3192.4304068522483,68.59545344187403,1.5745002042730372,0.02304511838412319,2.445549874807329,0.7744709984605394,0.3229744089348199,8522_8498,0.0,0.0,0.0,130,2,14,1,130,1,130,0,1,129,14,429,FL-429 N,N,Freeway,0.432996428543,0.0,8522,8498,W,3,65863,4,50,47500,65863,70,47,70.0,0.006314991494109999,1,3114.469570238351,69.655655566473,1.5865903108702581,0.02287392990357711,2.2261024652591814,0.7214619242638891,0.33110092105906463,8.04381413429436,-0.8370257991822547,0
670,2,4308.391304347826,69.06029913229588,2.443585700405004,0.03854434334000476,3.2258679325034025,1.0956258957443816,0.28320238755967936,4654.74358974359,64.48577438830338,4.939535715740647,0.09326482474408464,4.9526672266782885,2.6849109572379986,0.380838531592664,8522_8498,2.5,1.5,1.0,130,2,14,1,130,1,130,0,1,129,14,429,FL-429 N,N,Freeway,0.432996428543,0.0,8522,8498,W,3,65863,4,50,47500,65863,70,47,70.0,0.006314991494109999,1,4481.567447045708,66.77303676029963,3.6915607080728257,0.0659045840420447,4.089267579590846,1.8902684264911902,0.33202045957617166,8.407728140789198,-0.8370257991822547,0
671,3,6740.101952277658,69.56900151196157,1.6605453486926918,0.024051987292261663,2.1668186167859456,0.6597310166609976,0.29552907567060444,7086.277185501066,67.66591109347857,1.6374573780735715,0.024306034272824732,2.554379985067569,0.7391957901362702,0.28298484323093553,8522_8498,1.0,0.5,0.5,130,2,14,1,130,1,130,0,1,129,14,429,FL-429 N,N,Freeway,0.432996428543,0.0,8522,8498,W,3,65863,4,50,47500,65863,70,47,70.0,0.006314991494109999,1,6913.189568889362,68.61745630272007,1.6490013633831317,0.024179010782543198,2.360599300926757,0.699463403398634,0.28925695945077,8.841186397656566,-0.8370257991822547,0
672,0,3336.894396551724,69.0420227715342,2.8697904896314763,0.041592816859469285,0.7386555722276745,0.5286499091001036,0.7185062814380885,3564.322649572649,74.81638690751164,3.425694700970808,0.04580699370551117,0.8285444593860251,0.5638920708896462,0.6844082878644052,9706_9710,0.0,0.0,0.0,118,2,2,1,118,1,118,0,1,117,2,429,FL-429 N,N,Freeway,0.823554797869,0.0,9706,9710,N,2,65863,4,429,25600,65863,70,44,70.0,0.0120668193331,1,3450.6085230621866,71.92920483952292,3.147742595301142,0.04369990528249022,0.7836000158068498,0.5462709899948749,0.7014572846512468,8.14630587796795,-0.19412518893228264,0
673,1,2289.85807860262,70.79480977856605,1.8322385177600613,0.02592409810471665,1.9672402740138863,0.5828902923798274,0.29914144808365595,2955.8218884120174,72.5335086495012,1.4652392715307516,0.02020583184499476,2.305633193156788,0.6298703035926281,0.2773398196980237,9706_9710,0.0,0.0,0.0,118,2,2,1,118,1,118,0,1,117,2,429,FL-429 N,N,Freeway,0.823554797869,0.0,9706,9710,N,2,65863,4,429,25600,65863,70,44,70.0,0.0120668193331,1,2622.8399835073187,71.66415921403362,1.6487388946454065,0.023064964974855703,2.136436733585337,0.6063802979862277,0.2882406338908398,7.872012972861996,-0.19412518893228264,0
674,2,5088.532467532467,69.72062273197639,1.74651363681366,0.025171587249937358,3.79329339708408,0.9749562707436866,0.25803214670749713,5594.6474358974365,71.9269315959293,1.518939554201432,0.021219682302545173,4.198832369929296,0.9951887010772084,0.23780331979597336,9706_9710,0.0,0.0,0.0,118,2,2,1,118,1,118,0,1,117,2,429,FL-429 N,N,Freeway,0.823554797869,0.0,9706,9710,N,2,65863,4,429,25600,65863,70,44,70.0,0.0120668193331,1,5341.589951714952,70.82377716395285,1.6327265955075458,0.023195634776241265,3.9960628835066885,0.9850724859104475,0.24791773325173525,8.583278631404207,-0.19412518893228264,0
675,3,7124.675268817205,69.84940031574962,1.7060086546426798,0.02447555139146924,2.8398178352000643,0.7213557675149076,0.25720610875532474,8302.170940170941,71.26916495547505,1.5868166198226241,0.022337944845774737,3.0256323871899085,0.7013845713725649,0.23279932582675075,9706_9710,0.5,0.5,0.0,118,2,2,1,118,1,118,0,1,117,2,429,FL-429 N,N,Freeway,0.823554797869,0.0,9706,9710,N,2,65863,4,429,25600,65863,70,44,70.0,0.0120668193331,1,7713.423104494073,70.55928263561233,1.646412637232652,0.02340674811862199,2.932725111194986,0.7113701694437362,0.24500271729103773,8.950717350450994,-0.19412518893228264,0
676,0,2701.773987206823,75.24048909044998,3.514544138882453,0.04673759146681322,0.4689901484259574,0.4544151196965809,0.9930893638005436,2698.904051172708,73.08339733109767,3.5195645808610343,0.04819241079048599,0.4968597744843439,0.4687099464936343,0.9660402006600188,5880_6221,1.0,0.5,0.5,184,2,32,1,184,1,184,0,1,183,32,429,FL-429 S,S,Freeway,1.02912303418,0.0,5880,6221,S,2,65863,6,429,38500,65863,70,60,70.0,0.0152358627716,1,2700.3390191897656,74.16194321077383,3.517054359871744,0.047465001128649605,0.4829249614551506,0.4615625330951076,0.9795647822302812,7.901132606772966,0.028707016448791107,1
677,1,5760.879828326179,77.63417123867991,1.2019195251593882,0.01776688278719365,3.834666855074457,0.8347436323647042,0.20897963942012085,5783.854077253219,75.5148704138597,1.0743203415542175,0.014286240463540932,3.970738523114932,0.7877208717251067,0.20285386528728733,5880_6221,0.5,0.5,0.0,184,2,32,1,184,1,184,0,1,183,32,429,FL-429 S,S,Freeway,1.02912303418,0.0,5880,6221,S,2,65863,6,429,38500,65863,70,60,70.0,0.0152358627716,1,5772.366952789699,76.5745208262698,1.1381199333568028,0.01602656162536729,3.9027026890946948,0.8112322520449055,0.2059167523537041,8.66083749250737,0.028707016448791107,1
678,2,2746.712153518124,77.54262548815792,1.6228927358110892,0.021064252686543952,1.6667499273533557,0.448162155446054,0.2698660848189138,2764.831556503198,74.88245037514145,1.6740671309202926,0.02256962419328366,1.8017724908250927,0.46634973259126095,0.26039362946521405,5880_6221,0.0,0.0,0.0,184,2,32,1,184,1,184,0,1,183,32,429,FL-429 S,S,Freeway,1.02912303418,0.0,5880,6221,S,2,65863,6,429,38500,65863,70,60,70.0,0.0152358627716,1,2755.771855010661,76.21253793164968,1.648479933365691,0.021816938439913808,1.7342612090892242,0.45725594401865743,0.26512985714206394,7.92145284750622,0.028707016448791107,1
679,3,6338.5266524520275,76.12174566526821,1.5788094362231007,0.02101633354738372,1.8782792860921889,0.4838496832399831,0.23650724120461045,6391.639658848614,73.77281412412104,1.5128014748172032,0.020562340784710302,1.9960704909112843,0.4477987845711974,0.22574175691028,5880_6221,0.5,0.5,0.0,184,2,32,1,184,1,184,0,1,183,32,429,FL-429 S,S,Freeway,1.02912303418,0.0,5880,6221,S,2,65863,6,429,38500,65863,70,60,70.0,0.0152358627716,1,6365.083155650321,74.94727989469462,1.545805455520152,0.02078933716604701,1.9371748885017366,0.46582423390559025,0.23112449905744523,8.758582575423107,0.028707016448791107,1
680,0,2665.494646680942,69.9954957303915,3.728411473476584,0.05330086224484827,0.4605965303806235,0.4204172766362672,0.9389248481997584,4835.699360341151,69.25342774892125,2.5008407145976244,0.036136176050868135,0.6274238261291545,0.5355689673315575,0.866760092454652,5990_8339,0.0,0.0,0.0,183,2,31,1,183,1,183,0,1,182,31,429,FL-429 S,S,Freeway,0.945777286024,0.0,5990,8339,S,2,65863,4,429,21000,65863,70,59,70.0,0.0141008014659,1,3750.5970035110468,69.62446173965637,3.114626094037104,0.0447185191478582,0.544010178254889,0.4779931219839123,0.9028424703272052,8.229670307229611,-0.055748164683494535,0
681,1,5775.015184381778,72.08162134904943,1.1327126091541238,0.01575719723103429,3.2338733794400243,0.6254172441543927,0.19825842332318275,7612.406451612903,69.64940660513719,1.8808736639118704,0.03042334883485805,4.390495931143899,1.0148859015437854,0.1898493208516744,5990_8339,1.0,1.0,0.0,183,2,31,1,183,1,183,0,1,182,31,429,FL-429 S,S,Freeway,0.945777286024,0.0,5990,8339,S,2,65863,4,429,21000,65863,70,59,70.0,0.0141008014659,1,6693.71081799734,70.86551397709331,1.506793136532997,0.023090273032946168,3.812184655291962,0.8201515728490891,0.19405387208742858,8.808923680658454,-0.055748164683494535,0
682,2,2751.4957081545062,71.31714429046916,1.7440865043390892,0.02465131846698901,1.54916048136948,0.3986892422253743,0.2601247809373499,6619.239828693791,69.91422928820704,1.4441909957254568,0.02096108219525066,3.4305238142276893,0.7278279764688342,0.2104224031658208,5990_8339,1.5,1.5,0.0,183,2,31,1,183,1,183,0,1,182,31,429,FL-429 S,S,Freeway,0.945777286024,0.0,5990,8339,S,2,65863,4,429,21000,65863,70,59,70.0,0.0141008014659,1,4685.367768424148,70.6156867893381,1.594138750032273,0.02280620033111983,2.4898421477985844,0.5632586093471043,0.23527359205158538,8.452199690721647,-0.055748164683494535,0
683,3,6386.015021459229,70.3986118382221,1.5256399214768508,0.021736838465488902,1.6823489929270359,0.3768257600674981,0.2256377120847525,11274.273504273504,69.36963845300806,1.2562072024786033,0.01833335757030165,2.68592737286338,0.5612805359872559,0.20062695521620727,5990_8339,0.0,0.0,0.0,183,2,31,1,183,1,183,0,1,182,31,429,FL-429 S,S,Freeway,0.945777286024,0.0,5990,8339,S,2,65863,4,429,21000,65863,70,59,70.0,0.0141008014659,1,8830.144262866366,69.88412514561509,1.390923561977727,0.020035098017895277,2.1841381828952082,0.46905314802737696,0.2131323336504799,9.085926631275006,-0.055748164683494535,0
684,0,6040.5726495726485,71.77149173465891,2.5270791801439483,0.035255077509432416,1.5428118285736705,1.347402934464544,0.8764616314510917,6049.273504273503,70.14132042120102,2.8174014588491447,0.04025880345626063,1.249416893072883,0.9889109317098748,0.7951685085872137,5993_8395,1.0,0.5,0.5,174,2,22,1,174,1,174,0,1,173,22,429,FL-429 S,S,Freeway,0.202626820516,0.0,5993,8395,S,2,65863,4,429,64500,65863,70,50,70.0,0.00294394231547,1,6044.923076923076,70.95640607792996,2.6722403194965465,0.03775694048284652,1.396114360823277,1.1681569330872095,0.8358150700191527,8.706974037893168,-1.5963893143102736,0
685,1,9535.190987124464,62.965203687257976,6.474031701266433,0.10797962075787132,12.74191175657991,3.1256114096007948,0.24130927987439546,9413.109442060086,63.066250796037465,4.520286081307464,0.07497192434302324,8.278627763380857,1.8435959495577188,0.215528883659668,5993_8395,2.5,2.0,0.5,174,2,22,1,174,1,174,0,1,173,22,429,FL-429 S,S,Freeway,0.202626820516,0.0,5993,8395,S,2,65863,4,429,64500,65863,70,50,70.0,0.00294394231547,1,9474.150214592275,63.015727241647724,5.497158891286949,0.09147577255044728,10.510269759980384,2.4846036795792568,0.22841908176703174,9.156322338814226,-1.5963893143102736,0
686,2,7779.978632478633,68.94755056179244,3.240595297644864,0.04942541760043793,8.372613915362763,1.8724496019797223,0.2174554554291672,7723.297644539614,66.74427586648633,2.5511500983033915,0.03979725886037122,5.889063465453942,1.253204122144419,0.2052507224027253,5993_8395,0.0,0.0,0.0,174,2,22,1,174,1,174,0,1,173,22,429,FL-429 S,S,Freeway,0.202626820516,0.0,5993,8395,S,2,65863,4,429,64500,65863,70,50,70.0,0.00294394231547,1,7751.638138509124,67.84591321413939,2.895872697974128,0.04461133823040457,7.1308386904083525,1.5628268620620707,0.21135308891594623,8.955659472722184,-1.5963893143102736,0
687,3,13811.594017094021,70.67380903899847,1.867085759171489,0.02672440572299192,6.681173040340296,1.3138922103764572,0.19475844990450467,13649.745726495728,67.79279277276322,1.7956148784415584,0.02668286542785841,4.78551757827954,0.9112838666058256,0.1893893124000176,5993_8395,0.5,0.5,0.0,174,2,22,1,174,1,174,0,1,173,22,429,FL-429 S,S,Freeway,0.202626820516,0.0,5993,8395,S,2,65863,4,429,64500,65863,70,50,70.0,0.00294394231547,1,13730.669871794875,69.23330090588084,1.8313503188065237,0.026703635575425162,5.733345309309918,1.1125880384911415,0.19207388115226115,9.527387286486288,-1.5963893143102736,0
688,0,2698.904051172708,73.08339733109767,3.5195645808610343,0.04819241079048599,0.4968597744843439,0.4687099464936343,0.9660402006600188,2665.494646680942,69.9954957303915,3.728411473476584,0.05330086224484827,0.4605965303806235,0.4204172766362672,0.9389248481997584,6221_5990,0.5,0.5,0.0,182,2,30,1,182,1,182,0,1,181,30,429,FL-429 S,S,Freeway,0.632137811457,0.0,6221,5990,E,2,65863,4,414,38500,65863,70,47,70.0,0.009576818847,1,2682.199348926825,71.53944653074458,3.623988027168809,0.05074663651766713,0.4787281524324837,0.4445636115649507,0.9524825244298887,7.8943923895383215,-0.45864785250320805,0
689,1,5783.854077253219,75.5148704138597,1.0743203415542175,0.014286240463540932,3.970738523114932,0.7877208717251067,0.20285386528728733,5775.015184381778,72.08162134904943,1.1327126091541238,0.01575719723103429,3.2338733794400243,0.6254172441543927,0.19825842332318275,6221_5990,0.0,0.0,0.0,182,2,30,1,182,1,182,0,1,181,30,429,FL-429 S,S,Freeway,0.632137811457,0.0,6221,5990,E,2,65863,4,414,38500,65863,70,47,70.0,0.009576818847,1,5779.434630817499,73.79824588145456,1.1035164753541706,0.015021718847287611,3.6023059512774784,0.7065690579397497,0.20055614430523505,8.662061142144793,-0.45864785250320805,0
690,2,2764.831556503198,74.88245037514145,1.6740671309202926,0.02256962419328366,1.8017724908250927,0.46634973259126095,0.26039362946521405,2751.4957081545062,71.31714429046916,1.7440865043390892,0.02465131846698901,1.54916048136948,0.3986892422253743,0.2601247809373499,6221_5990,0.0,0.0,0.0,182,2,30,1,182,1,182,0,1,181,30,429,FL-429 S,S,Freeway,0.632137811457,0.0,6221,5990,E,2,65863,4,414,38500,65863,70,47,70.0,0.009576818847,1,2758.163632328852,73.09979733280531,1.7090768176296909,0.023610471330136336,1.6754664860972863,0.4325194874083176,0.260259205201282,7.922320386661762,-0.45864785250320805,0
691,3,6391.639658848614,73.77281412412104,1.5128014748172032,0.020562340784710302,1.9960704909112843,0.4477987845711974,0.22574175691028,6386.015021459229,70.3986118382221,1.5256399214768508,0.021736838465488902,1.6823489929270359,0.3768257600674981,0.2256377120847525,6221_5990,0.5,0.5,0.0,182,2,30,1,182,1,182,0,1,181,30,429,FL-429 S,S,Freeway,0.632137811457,0.0,6221,5990,E,2,65863,4,414,38500,65863,70,47,70.0,0.009576818847,1,6388.827340153921,72.08571298117157,1.519220698147027,0.0211495896250996,1.8392097419191602,0.41231227231934775,0.22568973449751625,8.762306015687779,-0.45864785250320805,0
692,0,4500.454746136866,73.51362409918282,2.8173343962508453,0.03842634227600096,1.2496098204447872,1.0897766180544877,0.8516513099966825,4499.707264957265,69.06172363665543,3.5831118804109057,0.05211520110048925,0.8963566369085058,0.6965432661203851,0.7689550426645234,6233_6759,0.0,0.0,0.0,164,2,12,1,164,1,164,0,1,163,12,429,FL-429 S,S,Freeway,1.2837906166700002,0.0,6233,6759,S,2,65863,4,429,25600,65863,70,76,70.0,0.0198887840322,1,4500.081005547065,71.28767386791912,3.2002231383308755,0.0452707716882451,1.0729832286766465,0.8931599420874363,0.810303176330603,8.411850676829072,0.24981712084094382,0
693,1,4949.4988913525485,74.0465314146525,1.312971702077261,0.017822296354744138,5.8380265595924605,1.1792990931644007,0.20497462358881105,4982.726881720429,70.03017564337578,1.6487713816253935,0.023954953761646792,3.953004102454119,0.8547125629006899,0.21730138781584027,6233_6759,0.5,0.5,0.0,164,2,12,1,164,1,164,0,1,163,12,429,FL-429 S,S,Freeway,1.2837906166700002,0.0,6233,6759,S,2,65863,4,429,25600,65863,70,76,70.0,0.0198887840322,1,4966.112886536489,72.03835352901415,1.4808715418513274,0.020888625058195463,4.89551533102329,1.0170058280325454,0.21113800570232566,8.510392697693856,0.24981712084094382,0
694,2,6291.626931567329,73.292669975535,1.6922213431164888,0.02348391771741677,6.701788135168653,1.08607987863808,0.16426458852185627,6308.489316239316,67.63946474467058,1.919516099661688,0.028644234484145287,3.935047041576596,0.6804410479105216,0.17411258247390882,6233_6759,0.5,0.5,0.0,164,2,12,1,164,1,164,0,1,163,12,429,FL-429 S,S,Freeway,1.2837906166700002,0.0,6233,6759,S,2,65863,4,429,25600,65863,70,76,70.0,0.0198887840322,1,6300.058123903323,70.46606736010278,1.8058687213890883,0.026064076100781028,5.318417588372625,0.8832604632743009,0.16918858549788254,8.748314138353464,0.24981712084094382,0
695,3,9232.949227373068,73.73181087395291,1.4754725041204924,0.020783341833082208,4.671788451748774,1.070185467736129,0.22041749184202203,9230.098290598293,69.10468355922029,1.7986641611290142,0.02617878109702951,2.9580868023175664,0.6389123209118889,0.21520863231636347,6233_6759,0.5,0.5,0.0,164,2,12,1,164,1,164,0,1,163,12,429,FL-429 S,S,Freeway,1.2837906166700002,0.0,6233,6759,S,2,65863,4,429,25600,65863,70,76,70.0,0.0198887840322,1,9231.52375898568,71.4182472165866,1.6370683326247533,0.02348106146505586,3.81493762703317,0.8545488943240089,0.21781306207919277,9.130379401518852,0.24981712084094382,0
696,0,6235.481876332623,72.55797246276411,2.5867963102954152,0.03572091816868135,1.8702787228024207,1.6289262704662375,0.8726368703858985,6040.5726495726485,71.77149173465891,2.5270791801439483,0.035255077509432416,1.5428118285736705,1.347402934464544,0.8764616314510917,6248_5993,1.0,0.5,0.5,173,2,21,1,173,1,173,0,1,172,21,429,FL-429 S,S,Freeway,1.23787216517,0.0,6248,5993,S,2,65863,4,429,64500,65863,70,89,70.0,0.018341342997400003,1,6138.027262952635,72.16473209871151,2.556937745219682,0.03548799783905689,1.7065452756880455,1.4881646024653907,0.8745492509184951,8.722258676836914,0.21339390977895326,0
697,1,9535.440170940172,60.47348208148198,11.022829950094176,0.20443245822701772,17.867356999298796,6.817640377213218,0.35363650912066474,9535.190987124464,62.965203687257976,6.474031701266433,0.10797962075787132,12.74191175657991,3.1256114096007948,0.24130927987439546,6248_5993,2.5,2.0,0.5,173,2,21,1,173,1,173,0,1,172,21,429,FL-429 S,S,Freeway,1.23787216517,0.0,6248,5993,S,2,65863,4,429,64500,65863,70,89,70.0,0.018341342997400003,1,9535.315579032318,61.71934288436998,8.748430825680304,0.15620603949244452,15.304634377939353,4.971625893407007,0.2974728944975301,9.162757614396353,0.21339390977895326,0
698,2,7835.923240938167,70.67169168800744,3.3889961038394514,0.054017595760120315,10.168829416786066,2.5655467179653333,0.2313323782722113,7779.978632478633,68.94755056179244,3.240595297644864,0.04942541760043793,8.372613915362763,1.8724496019797223,0.2174554554291672,6248_5993,1.0,1.0,0.0,173,2,21,1,173,1,173,0,1,172,21,429,FL-429 S,S,Freeway,1.23787216517,0.0,6248,5993,S,2,65863,4,429,64500,65863,70,89,70.0,0.018341342997400003,1,7807.950936708399,69.80962112489993,3.314795700742158,0.051721506680279125,9.270721666074415,2.2189981599725277,0.22439391685068924,8.962897844352439,0.21339390977895326,0
699,3,14017.275053304906,72.22514413042667,1.8571986576317725,0.026124611073630937,7.914081946428912,1.6297267011335783,0.20155951866578467,13811.594017094021,70.67380903899847,1.867085759171489,0.02672440572299192,6.681173040340296,1.3138922103764572,0.19475844990450467,6248_5993,1.0,1.0,0.0,173,2,21,1,173,1,173,0,1,172,21,429,FL-429 S,S,Freeway,1.23787216517,0.0,6248,5993,S,2,65863,4,429,64500,65863,70,89,70.0,0.018341342997400003,1,13914.434535199463,71.44947658471257,1.8621422084016306,0.02642450839831143,7.297627493384604,1.4718094557550176,0.19815898428514467,9.540682036066332,0.21339390977895326,0
700,0,3206.731343283582,74.30608640210676,3.0715125282966547,0.04137356205610628,0.9375698700304544,0.7818428520462671,0.8186885524993073,3216.5692963752667,73.48578536032038,3.5779329148985908,0.0487438681207454,1.0075869706397522,0.8664025076073409,0.8465084965200181,6253_6224,0.0,0.0,0.0,155,2,2,1,155,1,155,0,1,154,2,429,FL-429 S,S,Freeway,0.523487256664,0.0,6253,6224,S,2,65863,4,429,25600,65863,70,67,70.0,0.00771558428782,1,3211.6503198294245,73.89593588121357,3.324722721597623,0.04505871508842584,0.9725784203351033,0.824122679826804,0.8325985245096628,8.074540202337438,-0.6472425915389864,0
701,1,4201.903846153846,76.47991421734879,1.2436142039141254,0.016575985252799637,4.736276904644413,1.1646348770731405,0.24441037446686176,4239.508547008547,75.8552827154287,1.3025416932333171,0.01753212223103844,5.045060078114812,1.2658893602942518,0.2489188593253977,6253_6224,0.5,0.5,0.0,155,2,2,1,155,1,155,0,1,154,2,429,FL-429 S,S,Freeway,0.523487256664,0.0,6253,6224,S,2,65863,4,429,25600,65863,70,67,70.0,0.00771558428782,1,4220.706196581196,76.16759846638874,1.2730779485737211,0.01705405374191904,4.890668491379612,1.2152621186836963,0.24666461689612973,8.34775773819084,-0.6472425915389864,0
702,2,4594.9232409381675,75.48902880162431,1.6360189767371014,0.02223136439131796,4.906469780019656,0.9521269896833204,0.19145120983185016,4632.251599147122,74.97207593556317,1.7768324210592832,0.024194820368809312,5.242044309268941,1.0689379184887515,0.20179216463805846,6253_6224,0.0,0.0,0.0,155,2,2,1,155,1,155,0,1,154,2,429,FL-429 S,S,Freeway,0.523487256664,0.0,6253,6224,S,2,65863,4,429,25600,65863,70,67,70.0,0.00771558428782,1,4613.587420042644,75.23055236859375,1.7064256988981923,0.023213092380063638,5.074257044644298,1.0105324540860359,0.19662168723495432,8.436761015585729,-0.6472425915389864,0
703,3,7005.213219616205,75.55834855445077,1.3674197351517368,0.01814908869217341,3.468056919298717,0.8978087910883322,0.2568928832387948,7081.7078891258,75.05434756714001,1.4727078085200809,0.019666700852098533,3.6731037070694814,0.9961203946865844,0.2687314740509752,6253_6224,0.0,0.0,0.0,155,2,2,1,155,1,155,0,1,154,2,429,FL-429 S,S,Freeway,0.523487256664,0.0,6253,6224,S,2,65863,4,429,25600,65863,70,67,70.0,0.00771558428782,1,7043.460554371002,75.30634806079539,1.4200637718359088,0.01890789477213597,3.570580313184099,0.9469645928874584,0.262812178644885,8.859854884396613,-0.6472425915389864,0
704,0,4821.004273504273,72.66990628348636,2.6550523984606595,0.03656401595071485,0.7969050690993968,0.6336071747551166,0.8038102726287465,4804.886752136752,67.54729003875133,3.4138567834443636,0.05056393989274311,1.1215571708167038,0.9002910342768037,0.8075258034083644,6255_8434,0.0,0.0,0.0,181,2,29,1,181,1,181,0,1,180,29,429,FL-429 S,S,Freeway,0.227420345353,0.0,6255,8434,S,2,65863,4,429,73457,65863,70,51,70.0,0.00331523216594,1,4812.945512820513,70.10859816111883,3.0344545909525116,0.04356397792172898,0.9592311199580503,0.7669491045159602,0.8056680380185555,8.479064548403898,-1.480955232217546,0
705,1,7576.013015184381,72.29086113300295,2.6643732424065956,0.042222794060208936,5.0300177376467285,1.26707297945013,0.20551221464188665,7572.232258064517,64.00689983613543,3.7374470962814352,0.06548845133183448,7.259955053266134,2.152789299544231,0.24358980331286803,6255_8434,0.5,0.0,0.5,181,2,29,1,181,1,181,0,1,180,29,429,FL-429 S,S,Freeway,0.227420345353,0.0,6255,8434,S,2,65863,4,429,73457,65863,70,51,70.0,0.00331523216594,1,7574.122636624449,68.14888048456919,3.2009101693440156,0.053855622696021704,6.144986395456431,1.7099311394971806,0.22455100897737734,8.932492800121578,-1.480955232217546,0
706,2,6590.66452991453,72.91262837655023,1.6874496908956185,0.023710912503386097,3.6486909687645097,0.7565861020721028,0.2034838251078885,6558.796573875803,64.84244772058432,2.137237120009431,0.033575406569377256,5.089433518033818,1.119188771623636,0.2130315655293916,6255_8434,0.0,0.0,0.0,181,2,29,1,181,1,181,0,1,180,29,429,FL-429 S,S,Freeway,0.227420345353,0.0,6255,8434,S,2,65863,4,429,73457,65863,70,51,70.0,0.00331523216594,1,6574.730551895167,68.87753804856727,1.9123434054525248,0.028643159536381677,4.3690622433991635,0.9378874368478693,0.20825769531864005,8.790988875505878,-1.480955232217546,0
707,3,11200.96367521368,72.51557811009185,1.4902146942127283,0.02092862646421172,3.022689423182712,0.6198083759305059,0.1950488263803961,11187.175213675213,64.96448865130975,2.122005515043166,0.03297947350434238,4.198226302949766,0.8774687924264698,0.20134434528917505,6255_8434,0.5,0.0,0.5,181,2,29,1,181,1,181,0,1,180,29,429,FL-429 S,S,Freeway,0.227420345353,0.0,6255,8434,S,2,65863,4,429,73457,65863,70,51,70.0,0.00331523216594,1,11194.069444444445,68.7400333807008,1.806110104627947,0.02695404998427705,3.610457863066239,0.7486385841784878,0.19819658583478558,9.32313940315231,-1.480955232217546,0
708,0,5243.019189765459,68.27686932926757,3.3433516314208482,0.049206392287548,1.1706180255555776,0.926949760327452,0.7934241894614223,9733.498920086391,69.48057172296716,3.720760927473311,0.054295210916738335,1.4674034772004705,1.2055295042198226,0.8343906981783827,6296_7012,0.0,0.0,0.0,180,2,28,1,180,1,180,0,1,179,28,429,FL-429 S,S,Freeway,0.33280695705,0.0,6296,7012,S,2,65863,4,429,81000,65863,70,72,70.0,0.00483789568771,1,7488.259054925925,68.87872052611736,3.5320562794470796,0.05175080160214317,1.319010751378024,1.0662396322736374,0.8139074438199025,8.921091613569406,-1.1001926656562258,0
709,1,8107.151709401709,62.54215177567094,4.846798130453375,0.08650402863007996,7.907216511030643,2.308227192575396,0.2578337450286462,15396.762008733624,62.18781782262921,6.041323263356827,0.10897130198553064,10.51132171681479,3.329312334152447,0.2808564775934779,6296_7012,0.0,0.0,0.0,180,2,28,1,180,1,180,0,1,179,28,429,FL-429 S,S,Freeway,0.33280695705,0.0,6296,7012,S,2,65863,4,429,81000,65863,70,72,70.0,0.00483789568771,1,11751.956859067666,62.36498479915008,5.444060696905101,0.0977376653078053,9.209269113922716,2.8187697633639215,0.2693451113110621,9.371775046903107,-1.1001926656562258,0
710,2,6917.869936034115,64.88241759216788,2.3473886125945063,0.03770257541499555,5.2382872414057084,1.1683852801548191,0.21303720171783905,13222.717391304348,66.17894894063598,2.80776731524594,0.0439326821731121,7.040129111151531,1.5093897874718298,0.2073765010786668,6296_7012,0.0,0.0,0.0,180,2,28,1,180,1,180,0,1,179,28,429,FL-429 S,S,Freeway,0.33280695705,0.0,6296,7012,S,2,65863,4,429,81000,65863,70,72,70.0,0.00483789568771,1,10070.293663669232,65.53068326640192,2.5775779639202234,0.040817628794053824,6.13920817627862,1.3388875338133244,0.2102068513982529,9.217345147518703,-1.1001926656562258,0
711,3,11951.40724946695,65.38834304590068,2.038918655394487,0.031412523906668044,4.297320614270261,0.8495669491654547,0.19589401036501616,22776.112554112555,66.33279889671536,2.588270335249491,0.039218907445717946,5.662406670214112,1.1391791216641598,0.19890449293227427,6296_7012,0.5,0.5,0.0,180,2,28,1,180,1,180,0,1,179,28,429,FL-429 S,S,Freeway,0.33280695705,0.0,6296,7012,S,2,65863,4,429,81000,65863,70,72,70.0,0.00483789568771,1,17363.759901789752,65.86057097130802,2.313594495321989,0.035315715676192995,4.9798636422421865,0.9943730354148073,0.19739925164864522,9.762140548967848,-1.1001926656562258,0
712,0,4499.707264957265,69.06172363665543,3.5831118804109057,0.05211520110048925,0.8963566369085058,0.6965432661203851,0.7689550426645234,4225.656521739131,68.86265765610831,5.5117668621796705,117.99260375105595,0.9866169128620846,0.8073271045521414,0.8024219074179749,6759_6969,1.0,0.5,0.5,163,2,11,1,163,1,163,0,1,162,11,429,FL-429 S,S,Freeway,0.41400408576,0.0,6759,6969,S,2,65863,4,429,25600,65863,70,84,70.0,0.006300891171499999,1,4362.681893348197,68.96219064638187,4.5474393712952885,59.02235947607822,0.9414867748852952,0.7519351853362632,0.7856884750412492,8.380842260391784,-0.8818794362200136,0
713,1,4982.726881720429,70.03017564337578,1.6487713816253935,0.023954953761646792,3.953004102454119,0.8547125629006899,0.21730138781584027,4870.957777777778,68.75636863565134,1.5396762875031142,0.02252277345639846,4.367501232663267,0.9456769732787524,0.2164107932580786,6759_6969,0.0,0.0,0.0,163,2,11,1,163,1,163,0,1,162,11,429,FL-429 S,S,Freeway,0.41400408576,0.0,6759,6969,S,2,65863,4,429,25600,65863,70,84,70.0,0.006300891171499999,1,4926.842329749104,69.39327213951356,1.5942238345642539,0.023238863609022626,4.160252667558693,0.9001947680897211,0.21685609053695942,8.50245356076321,-0.8818794362200136,0
714,2,6308.489316239316,67.63946474467058,1.919516099661688,0.028644234484145287,3.935047041576596,0.6804410479105216,0.17411258247390882,6202.0285087719285,66.8349094651156,3.6576466411737454,0.020126405602121616,4.888711296057681,0.8248293500372716,0.1674906503403162,6759_6969,0.5,0.5,0.0,163,2,11,1,163,1,163,0,1,162,11,429,FL-429 S,S,Freeway,0.41400408576,0.0,6759,6969,S,2,65863,4,429,25600,65863,70,84,70.0,0.006300891171499999,1,6255.258912505622,67.23718710489308,2.7885813704177167,0.02438532004313345,4.411879168817139,0.7526351989738966,0.1708016164071125,8.74117781493094,-0.8818794362200136,0
715,3,9230.098290598293,69.10468355922029,1.7986641611290142,0.02617878109702951,2.9580868023175664,0.6389123209118889,0.21520863231636347,9017.083333333334,68.70595043385708,1.540945253143534,0.02254758713030246,3.4506138572203846,0.7589745484865024,0.21709791110619006,6759_6969,0.0,0.0,0.0,163,2,11,1,163,1,163,0,1,162,11,429,FL-429 S,S,Freeway,0.41400408576,0.0,6759,6969,S,2,65863,4,429,25600,65863,70,84,70.0,0.006300891171499999,1,9123.590811965812,68.90531699653869,1.669804707136274,0.024363184113665986,3.2043503297689755,0.6989434346991956,0.21615327171127677,9.11861873495952,-0.8818794362200136,0
716,0,4225.656521739131,68.86265765610831,5.5117668621796705,117.99260375105595,0.9866169128620846,0.8073271045521414,0.8024219074179749,4505.6137339055795,73.61586382608347,2.8057982786598403,0.03816623658692842,1.221813542080249,1.0329936761784484,0.8312488311791182,6969_6859,0.0,0.0,0.0,162,2,10,1,162,1,162,0,1,161,10,429,FL-429 S,S,Freeway,0.62979724156,0.0,6969,6859,S,2,65863,4,429,25600,65863,70,62,70.0,0.00958776727525,1,4365.635127822356,71.23926074109589,4.158782570419755,59.01538499382144,1.1042152274711667,0.9201603903652948,0.8168353692985466,8.381518962344678,-0.46235735019142865,0
717,1,4870.957777777778,68.75636863565134,1.5396762875031142,0.02252277345639846,4.367501232663267,0.9456769732787524,0.2164107932580786,4928.668817204301,74.10772612066262,1.383131984884122,0.018709351386933484,5.616495493705805,1.1587955594968282,0.2098683304049633,6969_6859,0.0,0.0,0.0,162,2,10,1,162,1,162,0,1,161,10,429,FL-429 S,S,Freeway,0.62979724156,0.0,6969,6859,S,2,65863,4,429,25600,65863,70,62,70.0,0.00958776727525,1,4899.8132974910395,71.43204737815698,1.461404136193618,0.02061606242166597,4.9919983631845355,1.0522362663877902,0.21313956183152094,8.496952380819948,-0.46235735019142865,0
718,2,6202.0285087719285,66.8349094651156,3.6576466411737454,0.020126405602121616,4.888711296057681,0.8248293500372716,0.1674906503403162,6283.032188841203,73.14044555720483,1.8803804977574343,0.026314865002523658,6.514402636902427,1.1017323984695084,0.1673828761939884,6969_6859,0.5,0.5,0.0,162,2,10,1,162,1,162,0,1,161,10,429,FL-429 S,S,Freeway,0.62979724156,0.0,6969,6859,S,2,65863,4,429,25600,65863,70,62,70.0,0.00958776727525,1,6242.530348806566,69.98767751116021,2.76901356946559,0.023220635302322636,5.701556966480054,0.96328087425339,0.1674367632671523,8.739140883785133,-0.46235735019142865,0
719,3,9017.083333333334,68.70595043385708,1.540945253143534,0.02254758713030246,3.4506138572203846,0.7589745484865024,0.21709791110619006,9183.01287553648,73.43578492471696,1.4725270865155038,0.020135488277010505,4.472902465746673,0.97308576246873,0.21498171740822108,6969_6859,0.0,0.0,0.0,162,2,10,1,162,1,162,0,1,161,10,429,FL-429 S,S,Freeway,0.62979724156,0.0,6969,6859,S,2,65863,4,429,25600,65863,70,62,70.0,0.00958776727525,1,9100.048104434907,71.07086767928702,1.506736169829519,0.02134153770365648,3.9617581614835284,0.8660301554776162,0.2160398142572056,9.116034978692607,-0.46235735019142865,0
720,0,6940.271948608137,73.78625281407878,2.610605248288578,0.03543615845522589,1.9540174301906639,1.6319922278965078,0.8327488698412946,6968.268817204301,66.66877606898908,2.6138977912089483,0.03925327266391621,1.4275629769060438,1.275536508844783,0.8905389735682958,6989_8464,1.0,0.5,0.5,170,2,18,1,170,1,170,0,1,169,18,429,FL-429 S,S,Freeway,0.848413117917,0.0,6989,8464,W,2,65863,4,429,53390,65863,70,58,70.0,0.013541189352799998,1,6954.270382906219,70.22751444153393,2.6122515197487632,0.03734471555957105,1.690790203548354,1.4537643683706454,0.8616439217047952,8.847111193449297,-0.16438759446277093,0
721,1,6447.400862068967,72.4649867231778,2.0624549419480984,0.030715214578527533,7.9381767511382115,1.6510230194100737,0.2038374607050883,6461.336225596529,67.03021236137666,1.5938954774691916,0.024437470347870343,5.574309240150422,1.2073572942261308,0.2152686252291965,6989_8464,0.0,0.0,0.0,170,2,18,1,170,1,170,0,1,169,18,429,FL-429 S,S,Freeway,0.848413117917,0.0,6989,8464,W,2,65863,4,429,53390,65863,70,58,70.0,0.013541189352799998,1,6454.368543832748,69.74759954227723,1.828175209708645,0.027576342463198938,6.756242995644317,1.4291901568181022,0.2095530429671424,8.772512474147488,-0.16438759446277093,0
722,2,8947.372844827587,60.28450427187396,9.70505744548175,0.17079962261465068,12.679216460034782,3.749415763007271,0.28102786167050925,8878.034632034633,59.70809705930139,5.272512036031128,0.09129974859741824,9.91785746949648,3.2403303349693977,0.30848263903731016,6989_8464,6.0,6.0,0.0,170,2,18,1,170,1,170,0,1,169,18,429,FL-429 S,S,Freeway,0.848413117917,0.0,6989,8464,W,2,65863,4,429,53390,65863,70,58,70.0,0.013541189352799998,1,8912.70373843111,59.996300665587675,7.488784740756438,0.13104968560603447,11.298536964765631,3.4948730489883344,0.2947552503539097,9.095232924313287,-0.16438759446277093,0
723,3,13445.546038543896,72.5583462106801,2.3763999672509537,0.03317439685686644,6.869363841148792,1.5375801136312095,0.21705413288723646,13470.810752688172,66.54410095758908,1.7815425733564032,0.026984548776870683,5.051661879359966,1.205560906793535,0.2323450463787816,6989_8464,1.5,1.0,0.5,170,2,18,1,170,1,170,0,1,169,18,429,FL-429 S,S,Freeway,0.848413117917,0.0,6989,8464,W,2,65863,4,429,53390,65863,70,58,70.0,0.013541189352799998,1,13458.178395616034,69.55122358413459,2.0789712703036782,0.030079472816868562,5.960512860254379,1.371570510212372,0.224699589633009,9.507342259390533,-0.16438759446277093,0
724,0,9733.498920086391,69.48057172296716,3.720760927473311,0.054295210916738335,1.4674034772004705,1.2055295042198226,0.8343906981783827,5224.84434968017,70.52500032890036,2.3397492989234925,0.03319531073900845,1.4248320412128552,1.1090333864629085,0.7819620678961211,7012_8458,1.0,0.5,0.5,179,2,27,1,179,1,179,0,1,178,27,429,FL-429 S,S,Freeway,0.592448460444,0.0,7012,8458,S,2,65863,4,429,81000,65863,70,44,70.0,0.0086708397753,1,7479.171634883281,70.00278602593376,3.0302551131984017,0.04374526082787339,1.446117759206663,1.1572814453413656,0.8081763830372519,8.919877320836392,-0.5234913963488089,0
725,1,15396.762008733624,62.18781782262921,6.041323263356827,0.10897130198553064,10.51132171681479,3.329312334152447,0.2808564775934779,8144.880085653105,63.26937512132763,8.174114219362908,0.1473397778783416,11.1722841505742,4.754226347047752,0.3675281909981721,7012_8458,4.5,3.0,1.5,179,2,27,1,179,1,179,0,1,178,27,429,FL-429 S,S,Freeway,0.592448460444,0.0,7012,8458,S,2,65863,4,429,81000,65863,70,44,70.0,0.0086708397753,1,11770.821047193363,62.72859647197842,7.107718741359868,0.12815553993193612,10.841802933694495,4.0417693406001,0.324192334295825,9.37337895544188,-0.5234913963488089,0
726,2,13222.717391304348,66.17894894063598,2.80776731524594,0.0439326821731121,7.040129111151531,1.5093897874718298,0.2073765010786668,6942.228632478633,68.7714525213779,2.312374795497142,0.036379948658460136,6.398128945244921,1.557641536842758,0.22255947021548614,7012_8458,1.0,1.0,0.0,179,2,27,1,179,1,179,0,1,178,27,429,FL-429 S,S,Freeway,0.592448460444,0.0,7012,8458,S,2,65863,4,429,81000,65863,70,44,70.0,0.0086708397753,1,10082.47301189149,67.47520073100694,2.560071055371541,0.04015631541578612,6.7191290281982265,1.5335156621572938,0.21496798564707648,9.218553850016095,-0.5234913963488089,0
727,3,22776.112554112555,66.33279889671536,2.588270335249491,0.039218907445717946,5.662406670214112,1.1391791216641598,0.19890449293227427,12005.243589743592,69.34072025955602,1.5856921049067625,0.02304723012283445,5.300629160118636,1.0637757998814463,0.1982195517708512,7012_8458,0.5,0.5,0.0,179,2,27,1,179,1,179,0,1,178,27,429,FL-429 S,S,Freeway,0.592448460444,0.0,7012,8458,S,2,65863,4,429,81000,65863,70,44,70.0,0.0086708397753,1,17390.678071928072,67.83675957813568,2.0869812200781266,0.0311330687842762,5.481517915166374,1.101477460772803,0.19856202235156273,9.763689598648426,-0.5234913963488089,0
728,0,3319.1548387096773,73.00123211047921,3.562360848753092,0.04880897915730837,1.2539951686147035,0.861781163112076,0.6847403539963658,3592.627408993576,69.1226446588962,3.238535722315377,0.04687077030559764,0.7710205983429045,0.6003107469162082,0.7760690696149685,8035_9704,0.0,0.0,0.0,159,2,7,1,159,1,159,0,1,158,7,429,FL-429 S,S,Freeway,1.24378829138,0.0,8035,9704,S,2,65863,4,429,25600,65863,70,65,70.0,0.0187304846288,1,3455.8911238516266,71.0619383846877,3.4004482855342344,0.047839874731453,1.012507883478804,0.7310459550141422,0.7304047118056671,8.147835625912546,0.21816179605595032,0
729,1,4437.509761388286,74.66732417502556,1.9337559952689631,0.025900208572629282,4.815675325243423,0.9211748175184141,0.19505329087495826,4598.301724137931,69.60672737292882,1.4682644119731036,0.02113227964109239,3.5333191727497852,0.7675592810535518,0.2204458347048553,8035_9704,0.0,0.0,0.0,159,2,7,1,159,1,159,0,1,158,7,429,FL-429 S,S,Freeway,1.24378829138,0.0,8035,9704,S,2,65863,4,429,25600,65863,70,65,70.0,0.0187304846288,1,4517.905742763109,72.13702577397719,1.7010102036210335,0.02351624410686084,4.174497248996604,0.8443670492859829,0.20774956278990678,8.415803834208088,0.21816179605595032,0
730,2,4941.175324675325,73.77109842670285,2.045275280532445,0.027808257055064046,5.0555130082427455,0.9209362958913258,0.1853175727364869,5128.37687366167,69.32501374124557,1.6502797791731247,0.02401735098562412,3.6036076915979103,0.6634512294610597,0.18787921048229564,8035_9704,0.0,0.0,0.0,159,2,7,1,159,1,159,0,1,158,7,429,FL-429 S,S,Freeway,1.24378829138,0.0,8035,9704,S,2,65863,4,429,25600,65863,70,65,70.0,0.0187304846288,1,5034.776099168497,71.54805608397422,1.847777529852785,0.025912804020344085,4.329560349920328,0.7921937626761928,0.1865983916093913,8.524124335279781,0.21816179605595032,0
731,3,7446.0518358531335,73.87844426358222,2.0016471282285964,0.0271025040593102,3.6117585078695633,0.8408576586103266,0.2320314478935893,7735.995717344754,69.36600661950281,1.5525199823440992,0.022442793759999573,2.6157945487000887,0.644702666519683,0.245087111349658,8035_9704,0.5,0.0,0.5,159,2,7,1,159,1,159,0,1,158,7,429,FL-429 S,S,Freeway,1.24378829138,0.0,8035,9704,S,2,65863,4,429,25600,65863,70,65,70.0,0.0187304846288,1,7591.023776598944,71.62222544154253,1.7770835552863478,0.024772648909654887,3.113776528284826,0.7427801625650048,0.23855927962162365,8.93472174622092,0.21816179605595032,0
732,0,4835.699360341151,69.25342774892125,2.5008407145976244,0.036136176050868135,0.6274238261291545,0.5355689673315575,0.866760092454652,4821.004273504273,72.66990628348636,2.6550523984606595,0.03656401595071485,0.7969050690993968,0.6336071747551166,0.8038102726287465,8339_6255,0.0,0.0,0.0,185,2,33,1,185,1,185,0,1,184,33,429,FL-429 S,S,Freeway,0.252299707485,0.0,8339,6255,S,2,65863,4,451,13600,65863,70,50,70.0,0.00369409810363,1,4828.351816922712,70.9616670162038,2.5779465565291417,0.03635009600079149,0.7121644476142757,0.5845880710433371,0.8352851825416993,8.482260449679076,-1.3771375827293761,0
733,1,7612.406451612903,69.64940660513719,1.8808736639118704,0.03042334883485805,4.390495931143899,1.0148859015437854,0.1898493208516744,7576.013015184381,72.29086113300295,2.6643732424065956,0.042222794060208936,5.0300177376467285,1.26707297945013,0.20551221464188665,8339_6255,0.5,0.5,0.0,185,2,33,1,185,1,185,0,1,184,33,429,FL-429 S,S,Freeway,0.252299707485,0.0,8339,6255,S,2,65863,4,451,13600,65863,70,50,70.0,0.00369409810363,1,7594.209733398642,70.97013386907007,2.272623453159233,0.036323071447533495,4.710256834395314,1.1409794404969578,0.19768076774678053,8.935141358714114,-1.3771375827293761,0
734,2,6619.239828693791,69.91422928820704,1.4441909957254568,0.02096108219525066,3.4305238142276893,0.7278279764688342,0.2104224031658208,6590.66452991453,72.91262837655023,1.6874496908956185,0.023710912503386097,3.6486909687645097,0.7565861020721028,0.2034838251078885,8339_6255,0.0,0.0,0.0,185,2,33,1,185,1,185,0,1,184,33,429,FL-429 S,S,Freeway,0.252299707485,0.0,8339,6255,S,2,65863,4,451,13600,65863,70,50,70.0,0.00369409810363,1,6604.95217930416,71.41342883237863,1.5658203433105378,0.022335997349318376,3.5396073914960997,0.7422070392704685,0.20695311413685466,8.795574976855146,-1.3771375827293761,0
735,3,11274.273504273504,69.36963845300806,1.2562072024786033,0.01833335757030165,2.68592737286338,0.5612805359872559,0.20062695521620727,11200.96367521368,72.51557811009185,1.4902146942127283,0.02092862646421172,3.022689423182712,0.6198083759305059,0.1950488263803961,8339_6255,0.5,0.5,0.0,185,2,33,1,185,1,185,0,1,184,33,429,FL-429 S,S,Freeway,0.252299707485,0.0,8339,6255,S,2,65863,4,451,13600,65863,70,50,70.0,0.00369409810363,1,11237.618589743592,70.94260828154995,1.3732109483456658,0.019630992017256686,2.854308398023046,0.5905444559588808,0.1978378907983017,9.32702223176033,-1.3771375827293761,0
736,0,6049.273504273503,70.14132042120102,2.8174014588491447,0.04025880345626063,1.249416893072883,0.9889109317098748,0.7951685085872137,5202.251121076233,59.98617068250413,9.495748217327176,-0.4551585831188032,1.6272872845603898,1.2212314969884683,0.7476377943763789,8395_8429,1.5,1.0,0.5,175,2,23,1,175,1,175,0,1,174,23,429,FL-429 S,S,Freeway,0.373292190617,0.0,8395,8429,S,2,65863,4,429,64500,65863,70,98,70.0,0.00542352822207,1,5625.762312674868,65.06374555185258,6.15657483808816,-0.20744988983127127,1.4383520888166363,1.1050712143491714,0.7714031514817963,8.63511174014362,-0.9853938131384453,0
737,1,9413.109442060086,63.066250796037465,4.520286081307464,0.07497192434302324,8.278627763380857,1.8435959495577188,0.215528883659668,9925.313199105143,52.70920348363081,6.451724009719891,0.08018922556571234,10.51770213527411,2.3786154540957907,0.21564221874168704,8395_8429,0.5,0.5,0.0,175,2,23,1,175,1,175,0,1,174,23,429,FL-429 S,S,Freeway,0.373292190617,0.0,8395,8429,S,2,65863,4,429,64500,65863,70,98,70.0,0.00542352822207,1,9669.211320582614,57.88772713983414,5.486005045513678,0.07758057495436779,9.398164949327484,2.1111057018267547,0.21558555120067752,9.176702025719186,-0.9853938131384453,0
738,2,7723.297644539614,66.74427586648633,2.5511500983033915,0.03979725886037122,5.889063465453942,1.253204122144419,0.2052507224027253,8063.387387387386,39.04497966855503,2.2254695408571337,0.04022369080487431,7.039050256071974,1.5146440466762316,0.20496420853672,8395_8429,0.0,0.0,0.0,175,2,23,1,175,1,175,0,1,174,23,429,FL-429 S,S,Freeway,0.373292190617,0.0,8395,8429,S,2,65863,4,429,64500,65863,70,98,70.0,0.00542352822207,1,7893.342515963501,52.89462776752068,2.388309819580263,0.04001047483262277,6.464056860762958,1.3839240844103253,0.20510746546972264,8.973774963669126,-0.9853938131384453,0
739,3,13649.745726495728,67.79279277276322,1.7956148784415584,0.02668286542785841,4.78551757827954,0.9112838666058256,0.1893893124000176,14450.433035714286,57.902965290187424,1.5743370680119784,0.027285224836269845,5.854619894134755,1.0371000782211304,0.1768266339833672,8395_8429,0.5,0.5,0.0,175,2,23,1,175,1,175,0,1,174,23,429,FL-429 S,S,Freeway,0.373292190617,0.0,8395,8429,S,2,65863,4,429,64500,65863,70,98,70.0,0.00542352822207,1,14050.089381105008,62.84787903147532,1.6849759732267684,0.02698404513206413,5.320068736207148,0.974191972413478,0.18310797319169242,9.550384036386141,-0.9853938131384453,0
740,0,6511.3439024390245,69.926881611141,2.8519574802724783,0.04092525694769319,1.4206500389001948,1.0964976442044732,0.7745777429791512,5742.3795309168445,68.05844475144728,3.276909659252526,0.0481924796813722,0.8698056282994325,0.7239745814729491,0.8403071314129785,8423_8507,0.0,0.0,0.0,169,2,17,1,169,1,169,0,1,168,17,429,FL-429 S,S,Freeway,0.580105995913,0.0,8423,8507,S,2,65863,4,429,70581,65863,70,102,70.0,0.0084475048407,1,6126.861716677935,68.99266318129415,3.0644335697625023,0.04455886831453269,1.1452278335998136,0.9102361128387111,0.8074424371960649,8.720437942971683,-0.5445444405645687,0
741,1,10030.926470588236,66.37176013432556,3.0235237818920297,0.047362777912979256,8.88821564836326,1.7561704652250998,0.1999855539941936,9115.643776824034,66.33984424726539,4.519962658929584,0.07142124224086807,6.879627691046605,2.498127850243009,0.3206265946385879,8423_8507,3.0,2.5,0.5,169,2,17,1,169,1,169,0,1,168,17,429,FL-429 S,S,Freeway,0.580105995913,0.0,8423,8507,S,2,65863,4,429,70581,65863,70,102,70.0,0.0084475048407,1,9573.285123706135,66.35580219079547,3.771743220410807,0.059392010076923664,7.883921669704932,2.1271491577340544,0.26030607431639075,9.166731698656802,-0.5445444405645687,0
742,2,8045.041666666668,68.98935341308957,2.069587529763927,0.030693076733272862,6.203963085601673,1.2063633797539373,0.194072809056375,7089.907725321888,69.51729765196906,2.036783542624935,0.030117094547607387,4.061499870128333,0.8906427428660355,0.2093032664303122,8423_8507,2.0,1.0,1.0,169,2,17,1,169,1,169,0,1,168,17,429,FL-429 S,S,Freeway,0.580105995913,0.0,8423,8507,S,2,65863,4,429,70581,65863,70,102,70.0,0.0084475048407,1,7567.474695994279,69.25332553252932,2.053185536194431,0.030405085640440123,5.132731477865003,1.0485030613099864,0.2016880377433436,8.931614697116816,-0.5445444405645687,0
743,3,14458.0900243309,68.99443655818249,1.7591308984649157,0.025604215862260547,5.4280541184687126,0.9855495890338888,0.1906364955322492,12846.624733475479,69.18402571959457,1.764556357058498,0.025691315513245973,3.4982856007962373,0.6986114716530619,0.1964794010272912,8423_8507,1.5,0.5,1.0,169,2,17,1,169,1,169,0,1,168,17,429,FL-429 S,S,Freeway,0.580105995913,0.0,8423,8507,S,2,65863,4,429,70581,65863,70,102,70.0,0.0084475048407,1,13652.35737890319,69.08923113888852,1.7618436277617069,0.02564776568775326,4.463169859632475,0.8420805303434753,0.1935579482797702,9.521667487453024,-0.5445444405645687,0
744,0,5224.84434968017,70.52500032890036,2.3397492989234925,0.03319531073900845,1.4248320412128552,1.1090333864629085,0.7819620678961211,6065.438972162739,69.55667173731848,2.4498001956210285,0.03524011269338844,1.104283789431448,0.9300351507187076,0.8466343455576787,8458_8393,0.0,0.0,0.0,176,2,24,1,176,1,176,0,1,175,24,429,FL-429 S,S,Freeway,0.671556703433,0.0,8458,8393,W,2,65863,4,429,72601,65863,70,42,70.0,0.010776328713,1,5645.141660921455,70.04083603310943,2.3947747472722605,0.034217711716198446,1.2645579153221516,1.019534268590808,0.8142982067268999,8.63855057120626,-0.39815682364575095,0
745,1,8144.880085653105,63.26937512132763,8.174114219362908,0.1473397778783416,11.1722841505742,4.754226347047752,0.3675281909981721,9530.375536480691,58.917010624558074,9.767220451821203,0.1907362752631365,11.409375063922017,5.157931936149017,0.397372486252454,8458_8393,3.0,1.5,1.5,176,2,24,1,176,1,176,0,1,175,24,429,FL-429 S,S,Freeway,0.671556703433,0.0,8458,8393,W,2,65863,4,429,72601,65863,70,42,70.0,0.010776328713,1,8837.627811066897,61.09319287294285,8.970667335592054,0.16903802657073905,11.290829607248108,4.9560791415983845,0.3824503386253131,9.086773772455768,-0.39815682364575095,0
746,2,6942.228632478633,68.7714525213779,2.312374795497142,0.036379948658460136,6.398128945244921,1.557641536842758,0.22255947021548614,7778.645161290324,67.24399667329553,2.6623255747685417,0.044157749041057216,5.958664169363092,1.5249472739341217,0.2300332959402317,8458_8393,0.0,0.0,0.0,176,2,24,1,176,1,176,0,1,175,24,429,FL-429 S,S,Freeway,0.671556703433,0.0,8458,8393,W,2,65863,4,429,72601,65863,70,42,70.0,0.010776328713,1,7360.436896884478,68.0077245973367,2.4873501851328417,0.040268848849758676,6.178396557304007,1.5412944053884399,0.22629638307785893,8.903874570950867,-0.39815682364575095,0
747,3,12005.243589743592,69.34072025955602,1.5856921049067625,0.02304723012283445,5.300629160118636,1.0637757998814463,0.1982195517708512,13793.893162393162,68.14910176017409,1.5862830810336608,0.023583645319887568,4.662460682164348,0.9997585359138952,0.20693966185110585,8458_8393,1.5,1.5,0.0,176,2,24,1,176,1,176,0,1,175,24,429,FL-429 S,S,Freeway,0.671556703433,0.0,8458,8393,W,2,65863,4,429,72601,65863,70,42,70.0,0.010776328713,1,12899.568376068377,68.74491100986506,1.5859875929702116,0.023315437721361007,4.981544921141492,1.0317671678976708,0.20257960681097853,9.464949130570485,-0.39815682364575095,0
748,0,6968.268817204301,66.66877606898908,2.6138977912089483,0.03925327266391621,1.4275629769060438,1.275536508844783,0.8905389735682958,3706.417061611375,74.0728030830443,3.620057717257028,0.06109647605701327,1.7999696602756865,0.992248763325427,0.8540033458635776,8464_8492,0.0,0.0,0.0,165,2,13,1,165,1,165,0,1,164,13,429,FL-429 S,S,Freeway,0.967510003583,0.0,8464,8492,W,2,65863,4,429,25600,65863,70,86,70.0,0.015481832621799996,1,5337.342939407838,70.37078957601669,3.1169777542329884,0.05017487436046474,1.6137663185908653,1.133892636085105,0.8722711597159367,8.582483231231862,-0.033029514510981864,0
749,1,6461.336225596529,67.03021236137666,1.5938954774691916,0.024437470347870343,5.574309240150422,1.2073572942261308,0.2152686252291965,4260.043583535109,74.44555271746138,1.9493589276868224,0.028942382646532195,3.4600391382968003,0.7422078468112102,0.2909428363622444,8464_8492,1.0,0.0,1.0,165,2,13,1,165,1,165,0,1,164,13,429,FL-429 S,S,Freeway,0.967510003583,0.0,8464,8492,W,2,65863,4,429,25600,65863,70,86,70.0,0.015481832621799996,1,5360.689904565819,70.73788253941902,1.7716272025780069,0.02668992649720127,4.517174189223611,0.9747825705186706,0.2531057307957204,8.58684795932037,-0.033029514510981864,0
750,2,8878.034632034633,59.70809705930139,5.272512036031128,0.09129974859741824,9.91785746949648,3.2403303349693977,0.30848263903731016,5170.138424821002,73.26618327405937,2.3057154127145445,0.04456799213417786,4.355582893341587,1.060606139095688,0.29170390316280514,8464_8492,1.0,0.0,1.0,165,2,13,1,165,1,165,0,1,164,13,429,FL-429 S,S,Freeway,0.967510003583,0.0,8464,8492,W,2,65863,4,429,25600,65863,70,86,70.0,0.015481832621799996,1,7024.086528427817,66.48714016668038,3.7891137243728363,0.06793387036579805,7.136720181419034,2.150468237032543,0.3000932711000577,8.857100454206588,-0.033029514510981864,0
751,3,13470.810752688172,66.54410095758908,1.7815425733564032,0.026984548776870683,5.051661879359966,1.205560906793535,0.2323450463787816,7605.158018867924,73.02624445925919,2.1780337399263416,0.04526348365125758,3.2338259279963504,0.920777271934886,0.3262422084191557,8464_8492,1.0,0.5,0.5,165,2,13,1,165,1,165,0,1,164,13,429,FL-429 S,S,Freeway,0.967510003583,0.0,8464,8492,W,2,65863,4,429,25600,65863,70,86,70.0,0.015481832621799996,1,10537.984385778047,69.78517270842414,1.9797881566413724,0.036124016214064136,4.142743903678158,1.0631690893642105,0.2792936273989686,9.262741569061742,-0.033029514510981864,0
752,0,3706.417061611375,74.0728030830443,3.620057717257028,0.06109647605701327,1.7999696602756865,0.992248763325427,0.8540033458635776,4500.454746136866,73.51362409918282,2.8173343962508453,0.03842634227600096,1.2496098204447872,1.0897766180544877,0.8516513099966825,8492_6233,0.0,0.0,0.0,161,2,9,1,161,1,161,0,1,160,9,429,FL-429 S,S,Freeway,0.427864777443,0.0,8492,6233,S,2,65863,4,429,25600,65863,70,61,70.0,0.007005944767229999,1,4103.43590387412,73.79321359111356,3.2186960567539367,0.04976140916650712,1.5247897403602368,1.0410126906899573,0.85282732793013,8.319579927080374,-0.84894807387381,0
753,1,4260.043583535109,74.44555271746138,1.9493589276868224,0.028942382646532195,3.4600391382968003,0.7422078468112102,0.2909428363622444,4949.4988913525485,74.0465314146525,1.312971702077261,0.017822296354744138,5.8380265595924605,1.1792990931644007,0.20497462358881105,8492_6233,0.0,0.0,0.0,161,2,9,1,161,1,161,0,1,160,9,429,FL-429 S,S,Freeway,0.427864777443,0.0,8492,6233,S,2,65863,4,429,25600,65863,70,61,70.0,0.007005944767229999,1,4604.771237443829,74.24604206605694,1.6311653148820418,0.023382339500638165,4.64903284894463,0.9607534699878055,0.2479587299755277,8.434848270461725,-0.84894807387381,0
754,2,5170.138424821002,73.26618327405937,2.3057154127145445,0.04456799213417786,4.355582893341587,1.060606139095688,0.29170390316280514,6291.626931567329,73.292669975535,1.6922213431164888,0.02348391771741677,6.701788135168653,1.08607987863808,0.16426458852185627,8492_6233,0.0,0.0,0.0,161,2,9,1,161,1,161,0,1,160,9,429,FL-429 S,S,Freeway,0.427864777443,0.0,8492,6233,S,2,65863,4,429,25600,65863,70,61,70.0,0.007005944767229999,1,5730.882678194166,73.2794266247972,1.9989683779155167,0.03402595492579731,5.52868551425512,1.073343008866884,0.2279842458423307,8.653624842905128,-0.84894807387381,0
755,3,7605.158018867924,73.02624445925919,2.1780337399263416,0.04526348365125758,3.2338259279963504,0.920777271934886,0.3262422084191557,9232.949227373068,73.73181087395291,1.4754725041204924,0.020783341833082208,4.671788451748774,1.070185467736129,0.22041749184202203,8492_6233,2.0,0.5,1.5,161,2,9,1,161,1,161,0,1,160,9,429,FL-429 S,S,Freeway,0.427864777443,0.0,8492,6233,S,2,65863,4,429,25600,65863,70,61,70.0,0.007005944767229999,1,8419.053623120497,73.37902766660605,1.826753122023417,0.0330234127421699,3.952807189872562,0.9954813698355076,0.27332985013058886,9.038252704615456,-0.84894807387381,0
756,0,5742.3795309168445,68.05844475144728,3.276909659252526,0.0481924796813722,0.8698056282994325,0.7239745814729491,0.8403071314129785,2817.5973451327427,67.60341472676257,4.686897809340331,0.0694461723498207,0.5973014630057769,0.4850279339151754,0.821932334136797,8507_8529,0.0,0.0,0.0,168,2,16,1,168,1,168,0,1,167,16,429,FL-429 S,S,Freeway,0.299953468587,0.0,8507,8529,W,3,65863,4,50,47500,65863,70,47,70.0,0.00437397327582,1,4279.988438024793,67.83092973910493,3.9819037342964285,0.058819326015596446,0.7335535456526048,0.6045012576940623,0.8311197327748878,8.361705587176118,-1.2041279210659155,0
757,1,9115.643776824034,66.33984424726539,4.519962658929584,0.07142124224086807,6.879627691046605,2.498127850243009,0.3206265946385879,3757.828125,67.88064372863117,1.9313825795076385,0.028678216047214718,3.2514795772241483,0.6355679038339345,0.1961382564132975,8507_8529,0.0,0.0,0.0,168,2,16,1,168,1,168,0,1,167,16,429,FL-429 S,S,Freeway,0.299953468587,0.0,8507,8529,W,3,65863,4,50,47500,65863,70,47,70.0,0.00437397327582,1,6436.735950912017,67.11024398794828,3.2256726192186114,0.05004972914404139,5.065553634135377,1.5668478770384717,0.2583824255259427,8.769776850691136,-1.2041279210659155,0
758,2,7089.907725321888,69.51729765196906,2.036783542624935,0.030117094547607387,4.061499870128333,0.8906427428660355,0.2093032664303122,3818.6422222222222,68.09301650404088,2.543180763315042,0.04049078120803835,3.0701308494830566,1.016107056111009,0.2683541044233748,8507_8529,0.0,0.0,0.0,168,2,16,1,168,1,168,0,1,167,16,429,FL-429 S,S,Freeway,0.299953468587,0.0,8507,8529,W,3,65863,4,50,47500,65863,70,47,70.0,0.00437397327582,1,5454.274973772055,68.80515707800497,2.2899821529699884,0.035303937877822864,3.565815359805695,0.9533748994885223,0.2388286854268435,8.604154979034545,-1.2041279210659155,0
759,3,12846.624733475479,69.18402571959457,1.764556357058498,0.025691315513245973,3.4982856007962373,0.6986114716530619,0.1964794010272912,6280.166297117517,68.02829658845371,1.8319951117319857,0.02712063326732868,2.2420823221964334,0.5607407714512419,0.2425366641298292,8507_8529,1.0,0.5,0.5,168,2,16,1,168,1,168,0,1,167,16,429,FL-429 S,S,Freeway,0.299953468587,0.0,8507,8529,W,3,65863,4,50,47500,65863,70,47,70.0,0.00437397327582,1,9563.395515296499,68.60616115402414,1.7982757343952418,0.02640597439028733,2.8701839614963354,0.6296761215521519,0.2195080325785602,9.165698122408488,-1.2041279210659155,0
760,0,6904.739910313901,68.9642593532213,2.6095874616343995,0.03792566675917797,1.4410972228108243,1.1939723953918284,0.8274504323286778,6940.271948608137,73.78625281407878,2.610605248288578,0.03543615845522589,1.9540174301906639,1.6319922278965078,0.8327488698412946,8524_6989,1.0,1.0,0.0,167,2,15,1,167,1,167,0,1,166,15,429,FL-429 S,S,Freeway,1.23110504284,0.0,8524,6989,W,2,65863,4,429,53390,65863,70,44,70.0,0.0189019296271,1,6922.505929461019,71.37525608365004,2.610096354961489,0.036680912607201924,1.697557326500744,1.4129823116441682,0.8300996510849862,8.842533111593832,0.20791217486968736,0
761,1,6500.24200913242,68.49947386372754,1.6410527074784549,0.025884964712429147,5.675393418030759,1.2577854510588549,0.20824963947305816,6447.400862068967,72.4649867231778,2.0624549419480984,0.030715214578527533,7.9381767511382115,1.6510230194100737,0.2038374607050883,8524_6989,2.5,2.0,0.5,167,2,15,1,167,1,167,0,1,166,15,429,FL-429 S,S,Freeway,1.23110504284,0.0,8524,6989,W,2,65863,4,429,53390,65863,70,44,70.0,0.0189019296271,1,6473.821435600694,70.48223029345267,1.8517538247132768,0.028300089645478338,6.806785084584485,1.4544042352344642,0.2060435500890732,8.775521852332666,0.20791217486968736,0
762,2,8963.364253393665,58.006582315289705,10.292469448188383,0.21233617277154007,11.527594649320905,5.2698660442908,0.4057513157749125,8947.372844827587,60.28450427187396,9.70505744548175,0.17079962261465068,12.679216460034782,3.749415763007271,0.28102786167050925,8524_6989,6.0,5.0,1.0,167,2,15,1,167,1,167,0,1,166,15,429,FL-429 S,S,Freeway,1.23110504284,0.0,8524,6989,W,2,65863,4,429,53390,65863,70,44,70.0,0.0189019296271,1,8955.368549110626,59.14554329358184,9.998763446835067,0.19156789769309537,12.103405554677844,4.509640903649036,0.34338958872271086,9.10000846932752,0.20791217486968736,0
763,3,13463.76062639821,68.66547467434367,2.0652244015045262,0.03065476734695134,5.024216827449599,1.3535403997190223,0.249963459816132,13445.546038543896,72.5583462106801,2.3763999672509537,0.03317439685686644,6.869363841148792,1.5375801136312095,0.21705413288723646,8524_6989,2.5,2.5,0.0,167,2,15,1,167,1,167,0,1,166,15,429,FL-429 S,S,Freeway,1.23110504284,0.0,8524,6989,W,2,65863,4,429,53390,65863,70,44,70.0,0.0189019296271,1,13454.653332471054,70.61191044251188,2.22081218437774,0.03191458210190889,5.9467903342991955,1.4455602566751158,0.23350879635168423,9.507080297869667,0.20791217486968736,0
764,0,2817.5973451327427,67.60341472676257,4.686897809340331,0.0694461723498207,0.5973014630057769,0.4850279339151754,0.821932334136797,6904.739910313901,68.9642593532213,2.6095874616343995,0.03792566675917797,1.4410972228108243,1.1939723953918284,0.8274504323286778,8529_8524,0.5,0.5,0.0,166,2,14,1,166,1,166,0,1,165,14,429,FL-429 S,S,Freeway,0.464191004704,0.0,8529,8524,S,2,65863,4,429,64000,65863,70,64,70.0,0.0067659728614,1,4861.168627723322,68.28383703999194,3.648242635487365,0.053685919554499334,1.0191993429083006,0.8395001646535019,0.8246913832327374,8.489034146368342,-0.7674591633907379,0
765,1,3757.828125,67.88064372863117,1.9313825795076385,0.028678216047214718,3.2514795772241483,0.6355679038339345,0.1961382564132975,6500.24200913242,68.49947386372754,1.6410527074784549,0.025884964712429147,5.675393418030759,1.2577854510588549,0.20824963947305816,8529_8524,1.0,0.5,0.5,166,2,14,1,166,1,166,0,1,165,14,429,FL-429 S,S,Freeway,0.464191004704,0.0,8529,8524,S,2,65863,4,429,64000,65863,70,64,70.0,0.0067659728614,1,5129.03506706621,68.19005879617936,1.7862176434930466,0.027281590379821932,4.463436497627454,0.9466766774463946,0.20219394794317783,8.54267282438407,-0.7674591633907379,0
766,2,3818.6422222222222,68.09301650404088,2.543180763315042,0.04049078120803835,3.0701308494830566,1.016107056111009,0.2683541044233748,8963.364253393665,58.006582315289705,10.292469448188383,0.21233617277154007,11.527594649320905,5.2698660442908,0.4057513157749125,8529_8524,2.0,2.0,0.0,166,2,14,1,166,1,166,0,1,165,14,429,FL-429 S,S,Freeway,0.464191004704,0.0,8529,8524,S,2,65863,4,429,64000,65863,70,64,70.0,0.0067659728614,1,6391.003237807944,63.04979940966529,6.417825105751712,0.12641347698978922,7.298862749401981,3.1429865502009044,0.33705271009914367,8.76264653627008,-0.7674591633907379,0
767,3,6280.166297117517,68.02829658845371,1.8319951117319857,0.02712063326732868,2.2420823221964334,0.5607407714512419,0.2425366641298292,13463.76062639821,68.66547467434367,2.0652244015045262,0.03065476734695134,5.024216827449599,1.3535403997190223,0.249963459816132,8529_8524,1.5,1.0,0.5,166,2,14,1,166,1,166,0,1,165,14,429,FL-429 S,S,Freeway,0.464191004704,0.0,8529,8524,S,2,65863,4,429,64000,65863,70,64,70.0,0.0067659728614,1,9871.963461757863,68.34688563139869,1.9486097566182559,0.02888770030714001,3.6331495748230163,0.957140585585132,0.2462500619729806,9.197454044938752,-0.7674591633907379,0
768,0,3592.627408993576,69.1226446588962,3.238535722315377,0.04687077030559764,0.7710205983429045,0.6003107469162082,0.7760690696149685,3159.3049040511733,75.89796798693264,3.1346801655088585,0.04131526071618605,0.7906900479077171,0.6385578944377597,0.8046084839287455,9704_9708,0.0,0.0,0.0,157,2,5,1,157,1,157,0,1,156,5,429,FL-429 S,S,Freeway,0.6361188168330001,0.0,9704,9708,S,2,65863,4,429,25600,65863,70,46,70.0,0.00929921511649,1,3375.9661565223746,72.51030632291443,3.1866079439121178,0.04409301551089184,0.7808553231253108,0.6194343206769839,0.790338776771857,8.124436830938816,-0.45236991417068473,0
769,1,4598.301724137931,69.60672737292882,1.4682644119731036,0.02113227964109239,3.5333191727497852,0.7675592810535518,0.2204458347048553,4192.709401709401,75.755388792722,2.178759059179296,0.02884772078047433,3.5735492908470747,0.8318023445049333,0.2351819933432973,9704_9708,0.0,0.0,0.0,157,2,5,1,157,1,157,0,1,156,5,429,FL-429 S,S,Freeway,0.6361188168330001,0.0,9704,9708,S,2,65863,4,429,25600,65863,70,46,70.0,0.00929921511649,1,4395.505562923667,72.68105808282542,1.8235117355761998,0.02499000021078336,3.55343423179843,0.7996808127792425,0.2278139140240763,8.388337834885624,-0.45236991417068473,0
770,2,5128.37687366167,69.32501374124557,1.6502797791731247,0.02401735098562412,3.6036076915979103,0.6634512294610597,0.18787921048229564,4573.031982942431,75.35732180553187,2.0120033297193607,0.02678740789156161,3.987242966530393,0.7983693837569376,0.20448512411458947,9704_9708,0.0,0.0,0.0,157,2,5,1,157,1,157,0,1,156,5,429,FL-429 S,S,Freeway,0.6361188168330001,0.0,9704,9708,S,2,65863,4,429,25600,65863,70,46,70.0,0.00929921511649,1,4850.7044283020505,72.34116777338872,1.8311415544462428,0.025402379438592866,3.7954253290641518,0.7309103066089986,0.19618216729844257,8.48687921633367,-0.45236991417068473,0
771,3,7735.995717344754,69.36600661950281,1.5525199823440992,0.022442793759999573,2.6157945487000887,0.644702666519683,0.245087111349658,6965.072494669511,75.00040331142505,2.0253329995573823,0.02711154786732579,2.8339051369078674,0.7592494252538826,0.2614714027808396,9704_9708,0.5,0.5,0.0,157,2,5,1,157,1,157,0,1,156,5,429,FL-429 S,S,Freeway,0.6361188168330001,0.0,9704,9708,S,2,65863,4,429,25600,65863,70,46,70.0,0.00929921511649,1,7350.534106007132,72.18320496546393,1.7889264909507407,0.02477717081366268,2.724849842803978,0.7019760458867828,0.2532792570652488,8.902528257050692,-0.45236991417068473,0
772,0,3159.3049040511733,75.89796798693264,3.1346801655088585,0.04131526071618605,0.7906900479077171,0.6385578944377597,0.8046084839287455,3206.731343283582,74.30608640210676,3.0715125282966547,0.04137356205610628,0.9375698700304544,0.7818428520462671,0.8186885524993073,9708_6253,0.0,0.0,0.0,156,2,4,1,156,1,156,0,1,155,4,429,FL-429 S,S,Freeway,1.27751302979,0.0,9708,6253,S,2,65863,4,429,25600,65863,70,101,70.0,0.018911674683400003,1,3183.018123667378,75.1020271945197,3.1030963469027566,0.04134441138614617,0.8641299589690858,0.7102003732420135,0.8116485182140264,8.065585121160755,0.24491524248793542,0
773,1,4192.709401709401,75.755388792722,2.178759059179296,0.02884772078047433,3.5735492908470747,0.8318023445049333,0.2351819933432973,4201.903846153846,76.47991421734879,1.2436142039141254,0.016575985252799637,4.736276904644413,1.1646348770731405,0.24441037446686176,9708_6253,0.5,0.0,0.5,156,2,4,1,156,1,156,0,1,155,4,429,FL-429 S,S,Freeway,1.27751302979,0.0,9708,6253,S,2,65863,4,429,25600,65863,70,101,70.0,0.018911674683400003,1,4197.306623931623,76.1176515050354,1.7111866315467106,0.022711853016636984,4.154913097745744,0.998218610789037,0.23979618390507954,8.3421983185472,0.24491524248793542,0
774,2,4573.031982942431,75.35732180553187,2.0120033297193607,0.02678740789156161,3.987242966530393,0.7983693837569376,0.20448512411458947,4594.9232409381675,75.48902880162431,1.6360189767371014,0.02223136439131796,4.906469780019656,0.9521269896833204,0.19145120983185016,9708_6253,0.0,0.0,0.0,156,2,4,1,156,1,156,0,1,155,4,429,FL-429 S,S,Freeway,1.27751302979,0.0,9708,6253,S,2,65863,4,429,25600,65863,70,101,70.0,0.018911674683400003,1,4583.9776119402995,75.42317530357809,1.824011153228231,0.024509386141439785,4.446856373275025,0.8752481867201289,0.1979681669732198,8.430322374425472,0.24491524248793542,0
775,3,6965.072494669511,75.00040331142505,2.0253329995573823,0.02711154786732579,2.8339051369078674,0.7592494252538826,0.2614714027808396,7005.213219616205,75.55834855445077,1.3674197351517368,0.01814908869217341,3.468056919298717,0.8978087910883322,0.2568928832387948,9708_6253,0.5,0.0,0.5,156,2,4,1,156,1,156,0,1,155,4,429,FL-429 S,S,Freeway,1.27751302979,0.0,9708,6253,S,2,65863,4,429,25600,65863,70,101,70.0,0.018911674683400003,1,6985.142857142858,75.27937593293791,1.6963763673545595,0.022630318279749602,3.150981028103292,0.8285291081711075,0.2591821430098172,8.85154072347088,0.24491524248793542,0
776,0,13619.20895522388,70.53486965620212,1.9099132156717709,0.027202244837863657,2.057684949625905,1.3190934149451796,0.6410705021341965,13580.991471215351,66.66802852727422,1.903106735802824,0.028780355229439482,1.6264627370593816,1.0052789393104309,0.6183880454568054,6156_8052,4.0,2.0,2.0,225,2,12,1,225,1,225,0,1,224,12,528,FL-528 E,E,Freeway,0.330283548486,0.0,6156,8052,E,2,65863,6,528,89199,65863,70,57,70.0,0.005428500371100001,1,13600.100213219615,68.60144909173817,1.9065099757372974,0.02799130003365157,1.8420738433426433,1.1621861771278053,0.6297292737955009,9.517832440316084,-1.1078037556187579,1
777,1,6037.070512820513,70.96196214519173,1.2016354128138933,0.017244107101417657,3.808907728075801,0.7953407896326853,0.2032428864208129,5994.6873661670215,66.7292967296295,1.2234568409960342,0.018433982960898886,2.9419588645057564,0.5825893190494751,0.1991672809308284,6156_8052,1.0,1.0,0.0,225,2,12,1,225,1,225,0,1,224,12,528,FL-528 E,E,Freeway,0.330283548486,0.0,6156,8052,E,2,65863,6,528,89199,65863,70,57,70.0,0.005428500371100001,1,6015.878939493767,68.84562943741062,1.2125461269049638,0.01783904503115827,3.3754332962907787,0.6889650543410801,0.20120508367582063,8.702157742337736,-1.1078037556187579,1
778,2,13746.157782515991,63.88593192962739,7.967542351161405,0.1403641136197843,10.37169011142139,3.688284880381024,0.31108351189772443,13746.066098081023,59.00826708748311,8.094205840970211,0.15141623615113609,8.641604385600168,3.5540943536345737,0.3636598667276382,6156_8052,5.0,4.5,0.5,225,2,12,1,225,1,225,0,1,224,12,528,FL-528 E,E,Freeway,0.330283548486,0.0,6156,8052,E,2,65863,6,528,89199,65863,70,57,70.0,0.005428500371100001,1,13746.111940298506,61.447099508555254,8.030874096065808,0.1458901748854602,9.50664724851078,3.621189617007799,0.33737168931268136,9.528511295130023,-1.1078037556187579,1
779,3,18711.027718550107,71.29384887154126,1.4117615612992067,0.019943240783395055,4.826493145310421,1.1323916802827971,0.23304284291128385,18583.08102345416,66.83033383402837,1.4289612155089113,0.02153863339922205,3.688245003005164,0.8643660166146017,0.2325036226685201,6156_8052,4.0,4.0,0.0,225,2,12,1,225,1,225,0,1,224,12,528,FL-528 E,E,Freeway,0.330283548486,0.0,6156,8052,E,2,65863,6,528,89199,65863,70,57,70.0,0.005428500371100001,1,18647.054371002134,69.06209135278482,1.420361388404059,0.020740937091308552,4.2573690741577925,0.9983788484486994,0.23277323278990197,9.833443470024108,-1.1078037556187579,1
780,0,5781.969162995594,70.21283722192986,2.934230875180595,0.042508409048611376,1.1703127857300002,0.6917342864847841,0.6782471395941531,5780.07882882883,68.92746755350943,2.603349218878632,0.038486696446457656,1.1798829117305392,0.7676261290280458,0.6173616147597061,6321_7008,0.0,0.0,0.0,237,2,24,1,237,1,237,0,1,236,24,528,FL-528 E,E,Freeway,0.46645608311000003,0.0,6321,7008,E,2,99999,4,528,51210,99999,70,73,70.0,0.00766699433359,0,5781.023995912212,69.57015238771965,2.768790047029613,0.04049755274753451,1.1750978487302697,0.729680207756415,0.6478043771769295,8.66233610789763,-0.7625914043696046,0
781,1,3913.237777777778,71.22679438495227,1.7644019060388916,0.02481241617893589,3.1133632396959263,0.5695403235406448,0.1965588939386361,3877.384439359268,69.11696209737286,1.6134060181438852,0.02347061159462056,3.2248952537435067,0.6070815976909545,0.18825342782726168,6321_7008,0.0,0.0,0.0,237,2,24,1,237,1,237,0,1,236,24,528,FL-528 E,E,Freeway,0.46645608311000003,0.0,6321,7008,E,2,99999,4,528,51210,99999,70,73,70.0,0.00766699433359,0,3895.311108568523,70.17187824116257,1.6889039620913884,0.024141513886778224,3.1691292467197165,0.5883109606157997,0.19240616088294887,8.267528828945277,-0.7625914043696046,0
782,2,5782.938189845475,70.28760152022842,1.9023595744561657,0.028177993656495613,3.675016795459312,0.7545229850747651,0.19453561124223487,5779.459090909089,69.28039117418554,1.6048491698388374,0.025771292191858062,4.006930501571054,0.8445335607608287,0.1898620641353828,6321_7008,1.0,0.5,0.5,237,2,24,1,237,1,237,0,1,236,24,528,FL-528 E,E,Freeway,0.46645608311000003,0.0,6321,7008,E,2,99999,4,528,51210,99999,70,73,70.0,0.00766699433359,0,5781.198640377283,69.78399634720698,1.7536043721475014,0.02697464292417684,3.840973648515183,0.7995282729177969,0.19219883768880885,8.662366317394643,-0.7625914043696046,0
783,3,11188.006607929517,69.1701749844039,2.0318680739413946,0.029558541715158707,3.2132904341908763,0.6424484208875256,0.20362169369000546,11166.3,68.39967255629476,1.5518133735505455,0.02287358418143995,3.572437625531784,0.6924093179105182,0.18848078958057832,6321_7008,0.5,0.5,0.0,237,2,24,1,237,1,237,0,1,236,24,528,FL-528 E,E,Freeway,0.46645608311000003,0.0,6321,7008,E,2,99999,4,528,51210,99999,70,73,70.0,0.00766699433359,0,11177.153303964758,68.78492377034934,1.79184072374597,0.026216062948299326,3.39286402986133,0.6674288693990219,0.1960512416352919,9.321627090312372,-0.7625914043696046,0
784,0,6343.5947136563855,73.1309089390716,3.2482474048055456,0.0462674087717093,1.9495385927212496,1.291461251416368,0.6505979246094284,6400.302771855011,70.3810102881385,3.602477851270151,0.05290474599788314,1.5302724258781826,0.9755552172821416,0.6136553222697021,6488_8109,1.5,1.5,0.0,235,2,22,1,235,1,235,0,1,234,22,528,FL-528 E,E,Freeway,0.34529106027900003,0.0,6488,8109,E,2,99999,4,528,51210,99999,70,51,70.0,0.00567532054912,0,6371.948742755698,71.75595961360506,3.425362628037848,0.049586077384796215,1.739905509299716,1.1335082343492546,0.6321266234395653,8.759660626860061,-1.0633675646433158,0
785,1,4248.815315315315,74.26380077460958,1.3658487229798295,0.018430101201867118,5.132996456689268,0.8576863082809746,0.17237595283361745,4210.7360515021455,69.7324464916138,1.9869588535947567,0.02853681979091855,3.924825693721549,0.6678847583177101,0.17448184565633978,6488_8109,0.0,0.0,0.0,235,2,22,1,235,1,235,0,1,234,22,528,FL-528 E,E,Freeway,0.34529106027900003,0.0,6488,8109,E,2,99999,4,528,51210,99999,70,51,70.0,0.00567532054912,0,4229.77568340873,71.99812363311169,1.676403788287293,0.023483460496392834,4.528911075205409,0.7627855332993423,0.17342889924497862,8.349904240707174,-1.0633675646433158,0
786,2,6542.3982300884945,74.11292903575726,2.00457549574916,0.027917147755115647,6.895992190304503,1.3304346841516703,0.18714350654538284,6609.119658119658,69.60819605353997,1.8590088878334188,0.029045748321311564,5.000374679965135,0.9915146192266936,0.18839611921458085,6488_8109,0.5,0.5,0.0,235,2,22,1,235,1,235,0,1,234,22,528,FL-528 E,E,Freeway,0.34529106027900003,0.0,6488,8109,E,2,99999,4,528,51210,99999,70,51,70.0,0.00567532054912,0,6575.758944104076,71.86056254464862,1.9317921917912892,0.028481448038213605,5.948183435134819,1.160974651689182,0.18776981287998185,8.791145279145654,-1.0633675646433158,0
787,3,12274.898230088496,73.71502521267495,2.0135314394472505,0.028383285646742345,6.087471557534842,1.1499877625990735,0.17814172748766186,12200.309168443497,69.01323268881518,2.1022482831666505,0.03212164644266974,4.510641911889007,0.8829052490745736,0.1843971593542653,6488_8109,3.0,2.5,0.5,235,2,22,1,235,1,235,0,1,234,22,528,FL-528 E,E,Freeway,0.34529106027900003,0.0,6488,8109,E,2,99999,4,528,51210,99999,70,51,70.0,0.00567532054912,0,12237.603699265997,71.36412895074506,2.0578898613069505,0.030252466044706043,5.299056734711924,1.0164465058368235,0.18126944342096357,9.412268760695897,-1.0633675646433158,0
788,0,10324.243315508022,72.05476355852302,2.022362839318376,0.028383138022552493,3.2670898267131316,1.943074712990225,0.5931576469082377,10231.206823027718,68.2700176594592,1.977984181480032,0.029139344082915825,1.4724269552759013,0.9337807345824588,0.6364368748055985,6666_8074,1.5,0.5,1.0,228,2,15,1,228,1,228,0,1,227,15,528,FL-528 E,E,Freeway,0.508568576953,0.0,6666,8074,E,2,65863,4,528,77500,65863,70,69,70.0,0.00835693292534,1,10277.72506926787,70.1623906089911,2.000173510399204,0.028761241052734157,2.3697583909945164,1.4384277237863419,0.6147972608569181,9.237734217755587,-0.6761552113219819,0
789,1,5132.522788203753,71.74879950488783,1.2736319317108582,0.017784516714845166,6.796017792649777,1.3945993942023456,0.2064965352742908,5118.301282051281,68.21216874857005,1.2125467576350963,0.017818199139587636,3.1764941997111444,0.6951549908343321,0.22071182736922929,6666_8074,1.0,1.0,0.0,228,2,15,1,228,1,228,0,1,227,15,528,FL-528 E,E,Freeway,0.508568576953,0.0,6666,8074,E,2,65863,4,528,77500,65863,70,69,70.0,0.00835693292534,1,5125.412035127518,69.98048412672894,1.2430893446729772,0.0178013579272164,4.986255996180461,1.0448771925183389,0.21360418132176004,8.541966197872988,-0.6761552113219819,0
790,2,10829.16577540107,63.5110284472586,5.497552014151889,0.08848178903720713,14.410249595629509,2.971724916725416,0.205108115784868,10889.699360341152,66.42597662481208,2.2872126797325527,0.03549649176987588,6.316466095339148,1.1131248686020017,0.1714217017299945,6666_8074,3.0,3.0,0.0,228,2,15,1,228,1,228,0,1,227,15,528,FL-528 E,E,Freeway,0.508568576953,0.0,6666,8074,E,2,65863,4,528,77500,65863,70,69,70.0,0.00835693292534,1,10859.43256787111,64.96850253603534,3.892382346942221,0.061989140403541504,10.363357845484328,2.0424248926637087,0.18826490875743124,9.292789342387236,-0.6761552113219819,0
791,3,15121.890374331553,71.52303916843064,1.9840555944358085,0.02797258326600351,8.07098929732568,1.8857011365218568,0.23309393479557944,15091.940298507463,68.36930411942326,1.4714499940719143,0.02164944482551048,3.8352952484068688,0.8913815981276199,0.2315892573714404,6666_8074,2.5,2.0,0.5,228,2,15,1,228,1,228,0,1,227,15,528,FL-528 E,E,Freeway,0.508568576953,0.0,6666,8074,E,2,65863,4,528,77500,65863,70,69,70.0,0.00835693292534,1,15106.915336419508,69.94617164392696,1.7277527942538615,0.024811014045756995,5.953142272866274,1.3885413673247382,0.2323415960835099,9.622907887266388,-0.6761552113219819,0
792,0,4926.334047109208,67.62622064355944,2.512950202886284,0.0372272699310269,0.7951206488302056,0.4919174139242419,0.6928397927567133,,,,,,,,6945_8095,1.5,1.5,0.0,230,2,17,1,230,1,230,0,1,229,17,528,FL-528 E,E,Freeway,2.31964253346,0.0,6945,8095,E,2,99999,4,528,67500,99999,70,57,70.0,0.0381275313939,0,4926.334047109208,67.62622064355944,2.512950202886284,0.0372272699310269,0.7951206488302056,0.4919174139242419,0.6928397927567133,8.502350389436339,0.8414130934014411,0
793,1,3047.15367965368,67.45093492331483,1.7284995713894928,0.025652980580695827,1.9504674343574733,0.4689823078239591,0.2797109354073802,,,,,,,,6945_8095,1.0,0.5,0.5,230,2,17,1,230,1,230,0,1,229,17,528,FL-528 E,E,Freeway,2.31964253346,0.0,6945,8095,E,2,99999,4,528,67500,99999,70,57,70.0,0.0381275313939,0,3047.15367965368,67.45093492331483,1.7284995713894928,0.025652980580695827,1.9504674343574733,0.4689823078239591,0.2797109354073802,8.021963214095091,0.8414130934014411,0
794,2,4426.582251082251,67.34429601103612,2.0522464902907283,0.03337301472453499,2.2323524809659383,0.6191394650513947,0.2664835861810278,,,,,,,,6945_8095,2.0,1.0,1.0,230,2,17,1,230,1,230,0,1,229,17,528,FL-528 E,E,Freeway,2.31964253346,0.0,6945,8095,E,2,99999,4,528,67500,99999,70,57,70.0,0.0381275313939,0,4426.582251082251,67.34429601103612,2.0522464902907283,0.03337301472453499,2.2323524809659383,0.6191394650513947,0.2664835861810278,8.39538306439485,0.8414130934014411,0
795,3,8504.618843683083,67.45315816978047,1.8961352065816584,0.02891149094841125,1.9600244889319798,0.5801127368189235,0.272796818737128,,,,,,,,6945_8095,2.0,2.0,0.0,230,2,17,1,230,1,230,0,1,229,17,528,FL-528 E,E,Freeway,2.31964253346,0.0,6945,8095,E,2,99999,4,528,67500,99999,70,57,70.0,0.0381275313939,0,8504.618843683083,67.45315816978047,1.8961352065816584,0.02891149094841125,1.9600244889319798,0.5801127368189235,0.272796818737128,9.04836468826817,0.8414130934014411,0
796,0,5780.07882882883,68.92746755350943,2.603349218878632,0.038486696446457656,1.1798829117305392,0.7676261290280458,0.6173616147597061,5754.87420042644,74.96104617644697,2.903936002362273,0.04014196719639216,1.59671560983141,1.0727648034054156,0.6504697113786093,7008_7061,1.5,1.0,0.5,236,2,23,1,236,1,236,0,1,235,23,528,FL-528 E,E,Freeway,2.26116329901,0.0,7008,7061,E,2,99999,4,528,51210,99999,70,43,70.0,0.0371663520612,0,5767.476514627635,71.9442568649782,2.753642610620452,0.03931433182142491,1.3882992607809745,0.9201954662167307,0.6339156630691577,8.659989918020136,0.815879414929274,0
797,1,3877.384439359268,69.11696209737286,1.6134060181438852,0.02347061159462056,3.2248952537435067,0.6070815976909545,0.18825342782726168,3757.886509635974,75.07096141839234,1.3168755308962448,0.01773193326094528,4.445160619676534,0.8576596097521271,0.19451963040526452,7008_7061,2.0,1.5,0.5,236,2,23,1,236,1,236,0,1,235,23,528,FL-528 E,E,Freeway,2.26116329901,0.0,7008,7061,E,2,99999,4,528,51210,99999,70,43,70.0,0.0371663520612,0,3817.635474497621,72.0939617578826,1.4651407745200649,0.02060127242778292,3.83502793671002,0.7323706037215407,0.19138652911626308,8.247386524216255,0.815879414929274,0
798,2,5779.459090909089,69.28039117418554,1.6048491698388374,0.025771292191858062,4.006930501571054,0.8445335607608287,0.1898620641353828,5529.070512820513,75.91479978141801,1.828103107602494,0.025776225565032854,5.706109708400867,1.197113359858567,0.20038975740234288,7008_7061,1.0,0.5,0.5,236,2,23,1,236,1,236,0,1,235,23,528,FL-528 E,E,Freeway,2.26116329901,0.0,7008,7061,E,2,99999,4,528,51210,99999,70,43,70.0,0.0371663520612,0,5654.2648018648015,72.59759547780178,1.7164761387206657,0.025773758878445456,4.856520104985961,1.020823460309698,0.19512591076886285,8.640165371586411,0.815879414929274,0
799,3,11166.3,68.39967255629476,1.5518133735505455,0.02287358418143995,3.572437625531784,0.6924093179105182,0.18848078958057832,10711.944562899787,75.00569893651851,1.7812877542249823,0.02402895441290473,5.151261431442311,0.9623075364960398,0.18590105327200712,7008_7061,5.5,5.0,0.5,236,2,23,1,236,1,236,0,1,235,23,528,FL-528 E,E,Freeway,2.26116329901,0.0,7008,7061,E,2,99999,4,528,51210,99999,70,43,70.0,0.0371663520612,0,10939.122281449894,71.70268574640664,1.666550563887764,0.02345126929717234,4.361849528487047,0.827358427203279,0.18719092142629273,9.30010084254254,0.815879414929274,0
800,0,5754.87420042644,74.96104617644697,2.903936002362273,0.04014196719639216,1.59671560983141,1.0727648034054156,0.6504697113786093,5820.872844827585,70.42116410603839,3.1645217732409767,0.046378908153975364,1.1910304094136288,0.7482773905498781,0.6129506986706567,7061_8083,2.0,1.5,0.5,238,2,25,1,238,1,238,0,1,237,25,528,FL-528 E,E,Freeway,2.01129198425,0.0,7061,8083,E,2,99999,4,528,51210,99999,70,51,70.0,0.0330598741889,0,5787.873522627013,72.69110514124267,3.034228887801625,0.04326043767518376,1.3938730096225194,0.9105210969776468,0.631710205024633,8.663520235858687,0.6987772938113679,0
801,1,3757.886509635974,75.07096141839234,1.3168755308962448,0.01773193326094528,4.445160619676534,0.8576596097521271,0.19451963040526452,3859.019522776573,71.14780747572456,1.4144339184226706,0.019924508161327653,3.1430484289705696,0.6023017866772931,0.1962446565429289,7061_8083,0.5,0.5,0.0,238,2,25,1,238,1,238,0,1,237,25,528,FL-528 E,E,Freeway,2.01129198425,0.0,7061,8083,E,2,99999,4,528,51210,99999,70,51,70.0,0.0330598741889,0,3808.453016206274,73.10938444705846,1.3656547246594577,0.01882822071113647,3.7941045243235516,0.7299806982147101,0.19538214347409671,8.244978353175442,0.6987772938113679,0
802,2,5529.070512820513,75.91479978141801,1.828103107602494,0.025776225565032854,5.706109708400867,1.197113359858567,0.20038975740234288,5799.2363238512025,71.86444859902251,1.6155991675698718,0.022758648138923813,4.0719575047588785,0.7954495765797662,0.1960844366964584,7061_8083,3.0,2.5,0.5,238,2,25,1,238,1,238,0,1,237,25,528,FL-528 E,E,Freeway,2.01129198425,0.0,7061,8083,E,2,99999,4,528,51210,99999,70,51,70.0,0.0330598741889,0,5664.153418335858,73.88962419022026,1.721851137586183,0.02426743685197833,4.889033606579873,0.9962814682191666,0.19823709704940062,8.641912721577318,0.6987772938113679,0
803,3,10711.944562899787,75.00569893651851,1.7812877542249823,0.02402895441290473,5.151261431442311,0.9623075364960398,0.18590105327200712,11045.081896551723,70.96603215590612,1.6803223817424902,0.02380442265556277,3.647687853147984,0.7002859278224192,0.19246681697660795,7061_8083,2.5,1.0,1.5,238,2,25,1,238,1,238,0,1,237,25,528,FL-528 E,E,Freeway,2.01129198425,0.0,7061,8083,E,2,99999,4,528,51210,99999,70,51,70.0,0.0330598741889,0,10878.513229725755,72.98586554621232,1.7308050679837361,0.02391668853423375,4.399474642295147,0.8312967321592295,0.18918393512430753,9.294544859392625,0.6987772938113679,0
804,0,10231.206823027718,68.2700176594592,1.977984181480032,0.029139344082915825,1.4724269552759013,0.9337807345824588,0.6364368748055985,7484.576086956522,66.44548513288011,2.4612790809527274,0.03723996300905389,1.7536070344891102,0.986699369860538,0.5619159400210663,8074_8019,2.0,1.5,0.5,226,2,13,1,226,1,226,0,1,225,13,528,FL-528 E,E,Freeway,0.888061025934,0.0,8074,8019,E,2,65863,4,528,73393,65863,70,82,70.0,0.0145967958229,1,8857.891454992121,67.35775139616965,2.2196316312163797,0.033189653545984854,1.6130169948825057,0.9602400522214984,0.5991764074133323,9.08906403051239,-0.1187148154526285,0
805,1,5118.301282051281,68.21216874857005,1.2125467576350963,0.017818199139587636,3.1764941997111444,0.6951549908343321,0.22071182736922929,4872.201312910283,65.44786273728884,1.1139574276397637,0.01706871780035599,4.594400229303976,0.6548660931220465,0.14624688242419506,8074_8019,1.0,1.0,0.0,226,2,13,1,226,1,226,0,1,225,13,528,FL-528 E,E,Freeway,0.888061025934,0.0,8074,8019,E,2,65863,4,528,73393,65863,70,82,70.0,0.0145967958229,1,4995.251297480782,66.83001574292945,1.1632520926374301,0.017443458469971813,3.8854472145075603,0.6750105419781893,0.1834793548967122,8.51624299962312,-0.1187148154526285,0
806,2,10889.699360341152,66.42597662481208,2.2872126797325527,0.03549649176987588,6.316466095339148,1.1131248686020017,0.1714217017299945,7781.777292576418,66.3565599075212,1.394917018010254,0.021530816920203925,6.155706712185607,1.051107422512649,0.16887097031833212,8074_8019,0.0,0.0,0.0,226,2,13,1,226,1,226,0,1,225,13,528,FL-528 E,E,Freeway,0.888061025934,0.0,8074,8019,E,2,65863,4,528,73393,65863,70,82,70.0,0.0145967958229,1,9335.738326458784,66.39126826616663,1.8410648488714032,0.028513654345039906,6.2360864037623776,1.0821161455573254,0.1701463360241633,9.14160514513087,-0.1187148154526285,0
807,3,15091.940298507463,68.36930411942326,1.4714499940719143,0.02164944482551048,3.8352952484068688,0.8913815981276199,0.2315892573714404,13246.310869565215,65.53637173615667,1.474500832752044,0.02270990498294153,5.0123469911336285,0.7739218752303458,0.15434170078617182,8074_8019,2.0,1.0,1.0,226,2,13,1,226,1,226,0,1,225,13,528,FL-528 E,E,Freeway,0.888061025934,0.0,8074,8019,E,2,65863,4,528,73393,65863,70,82,70.0,0.0145967958229,1,14169.12558403634,66.95283792778997,1.4729754134119792,0.022179674904226003,4.423821119770249,0.8326517366789828,0.19296547907880612,9.558820621820617,-0.1187148154526285,0
808,0,,,,,,,,6166.836363636364,72.42934823421916,3.888657341361351,0.05672555299393399,1.943296425663364,1.4165822072727894,0.6815721860878285,8095_8101,0.5,0.5,0.0,233,2,20,1,233,1,233,0,1,232,20,528,FL-528 E,E,Freeway,0.6635559599759999,0.0,8095,8101,E,2,99999,4,528,58498,99999,70,59,70.0,0.0109067643923,0,6166.836363636364,72.42934823421916,3.888657341361351,0.05672555299393399,1.943296425663364,1.4165822072727894,0.6815721860878285,8.7269412404472,-0.4101420881845785,0
809,1,,,,,,,,4189.366972477064,72.80708420656809,1.688817980382197,0.023296372433556246,4.424510922733399,0.7778174002008761,0.17891746860917745,8095_8101,0.0,0.0,0.0,233,2,20,1,233,1,233,0,1,232,20,528,FL-528 E,E,Freeway,0.6635559599759999,0.0,8095,8101,E,2,99999,4,528,58498,99999,70,59,70.0,0.0109067643923,0,4189.366972477064,72.80708420656809,1.688817980382197,0.023296372433556246,4.424510922733399,0.7778174002008761,0.17891746860917745,8.340304920947966,-0.4101420881845785,0
810,2,,,,,,,,6537.6513761467895,73.66524354072138,2.0236398052701343,0.02799285956934163,5.9821611860220445,1.1606521613896477,0.18362963076040892,8095_8101,1.0,0.5,0.5,233,2,20,1,233,1,233,0,1,232,20,528,FL-528 E,E,Freeway,0.6635559599759999,0.0,8095,8101,E,2,99999,4,528,58498,99999,70,59,70.0,0.0109067643923,0,6537.6513761467895,73.66524354072138,2.0236398052701343,0.02799285956934163,5.9821611860220445,1.1606521613896477,0.18362963076040892,8.785333263156238,-0.4101420881845785,0
811,3,,,,,,,,11970.090909090908,72.55117489352878,2.2246190145705818,0.0329617125893449,5.437859550562471,1.1008864355471983,0.1874968962968717,8095_8101,2.0,2.0,0.0,233,2,20,1,233,1,233,0,1,232,20,528,FL-528 E,E,Freeway,0.6635559599759999,0.0,8095,8101,E,2,99999,4,528,58498,99999,70,59,70.0,0.0109067643923,0,11970.090909090908,72.55117489352878,2.2246190145705818,0.0329617125893449,5.437859550562471,1.1008864355471983,0.1874968962968717,9.390166393267616,-0.4101420881845785,0
812,0,6166.836363636364,72.42934823421916,3.888657341361351,0.05672555299393399,1.943296425663364,1.4165822072727894,0.6815721860878285,6343.5947136563855,73.1309089390716,3.2482474048055456,0.0462674087717093,1.9495385927212496,1.291461251416368,0.6505979246094284,8101_6488,3.0,2.5,0.5,232,2,19,1,232,1,232,0,1,231,19,528,FL-528 E,E,Freeway,3.04418050116,0.0,8101,6488,E,2,99999,4,528,51210,99999,70,44,70.0,0.050036772779,0,6255.215538646375,72.78012858664539,3.5684523730834483,0.051496480882821646,1.9464175091923068,1.3540217293445787,0.6660850553486285,8.741170880923853,1.113231735600159,0
813,1,4189.366972477064,72.80708420656809,1.688817980382197,0.023296372433556246,4.424510922733399,0.7778174002008761,0.17891746860917745,4248.815315315315,74.26380077460958,1.3658487229798295,0.018430101201867118,5.132996456689268,0.8576863082809746,0.17237595283361745,8101_6488,1.0,1.0,0.0,232,2,19,1,232,1,232,0,1,231,19,528,FL-528 E,E,Freeway,3.04418050116,0.0,8101,6488,E,2,99999,4,528,51210,99999,70,44,70.0,0.050036772779,0,4219.09114389619,73.53544249058884,1.5273333516810133,0.020863236817711683,4.778753689711333,0.8177518542409253,0.17564671072139745,8.3473750150899,1.113231735600159,0
814,2,6537.6513761467895,73.66524354072138,2.0236398052701343,0.02799285956934163,5.9821611860220445,1.1606521613896477,0.18362963076040892,6542.3982300884945,74.11292903575726,2.00457549574916,0.027917147755115647,6.895992190304503,1.3304346841516703,0.18714350654538284,8101_6488,2.0,1.0,1.0,232,2,19,1,232,1,232,0,1,231,19,528,FL-528 E,E,Freeway,3.04418050116,0.0,8101,6488,E,2,99999,4,528,51210,99999,70,44,70.0,0.050036772779,0,6540.024803117642,73.88908628823933,2.014107650509647,0.02795500366222864,6.439076688163274,1.245543422770659,0.18538656865289588,8.785696236969686,1.113231735600159,0
815,3,11970.090909090908,72.55117489352878,2.2246190145705818,0.0329617125893449,5.437859550562471,1.1008864355471983,0.1874968962968717,12274.898230088496,73.71502521267495,2.0135314394472505,0.028383285646742345,6.087471557534842,1.1499877625990735,0.17814172748766186,8101_6488,7.0,5.0,2.0,232,2,19,1,232,1,232,0,1,231,19,528,FL-528 E,E,Freeway,3.04418050116,0.0,8101,6488,E,2,99999,4,528,51210,99999,70,44,70.0,0.050036772779,0,12122.494569589702,73.13310005310186,2.119075227008916,0.030672499118043622,5.762665554048656,1.125437099073136,0.18281931189226677,9.402818061018154,1.113231735600159,0
816,0,6400.302771855011,70.3810102881385,3.602477851270151,0.05290474599788314,1.5302724258781826,0.9755552172821416,0.6136553222697021,5781.969162995594,70.21283722192986,2.934230875180595,0.042508409048611376,1.1703127857300002,0.6917342864847841,0.6782471395941531,8109_6321,2.5,1.5,1.0,234,2,21,1,234,1,234,0,1,233,21,528,FL-528 E,E,Freeway,2.31793492149,0.0,8109,6321,E,2,99999,4,528,51210,99999,70,56,70.0,0.0380991691531,0,6091.135967425303,70.29692375503419,3.268354363225373,0.04770657752324726,1.3502926058040914,0.8336447518834629,0.6459512309319275,8.714589873264288,0.8406766692387135,0
817,1,4210.7360515021455,69.7324464916138,1.9869588535947567,0.02853681979091855,3.924825693721549,0.6678847583177101,0.17448184565633978,3913.237777777778,71.22679438495227,1.7644019060388916,0.02481241617893589,3.1133632396959263,0.5695403235406448,0.1965588939386361,8109_6321,2.5,1.5,1.0,234,2,21,1,234,1,234,0,1,233,21,528,FL-528 E,E,Freeway,2.31793492149,0.0,8109,6321,E,2,99999,4,528,51210,99999,70,56,70.0,0.0380991691531,0,4061.9869146399615,70.47962043828304,1.8756803798168242,0.02667461798492722,3.5190944667087374,0.6187125409291774,0.18552036979748793,8.309427520726958,0.8406766692387135,0
818,2,6609.119658119658,69.60819605353997,1.8590088878334188,0.029045748321311564,5.000374679965135,0.9915146192266936,0.18839611921458085,5782.938189845475,70.28760152022842,1.9023595744561657,0.028177993656495613,3.675016795459312,0.7545229850747651,0.19453561124223487,8109_6321,3.0,2.5,0.5,234,2,21,1,234,1,234,0,1,233,21,528,FL-528 E,E,Freeway,2.31793492149,0.0,8109,6321,E,2,99999,4,528,51210,99999,70,56,70.0,0.0380991691531,0,6196.028923982567,69.9478987868842,1.8806842311447922,0.02861187098890359,4.337695737712224,0.8730188021507294,0.19146586522840786,8.731663869696064,0.8406766692387135,0
819,3,12200.309168443497,69.01323268881518,2.1022482831666505,0.03212164644266974,4.510641911889007,0.8829052490745736,0.1843971593542653,11188.006607929517,69.1701749844039,2.0318680739413946,0.029558541715158707,3.2132904341908763,0.6424484208875256,0.20362169369000546,8109_6321,5.5,2.0,3.5,234,2,21,1,234,1,234,0,1,233,21,528,FL-528 E,E,Freeway,2.31793492149,0.0,8109,6321,E,2,99999,4,528,51210,99999,70,56,70.0,0.0380991691531,0,11694.157888186506,69.09170383660954,2.0670581785540225,0.03084009407891422,3.8619661730399413,0.7626768349810495,0.19400942652213538,9.366844670285182,0.8406766692387135,0
820,0,13046.850746268658,66.33240222675371,1.8773125108542583,0.02833490956471915,1.931349690203464,1.1552082675417596,0.5986775754261638,13607.961620469085,65.3373381733959,1.8909028192787023,0.029012633716175205,2.052714164920202,1.2787216306349805,0.6227111863810294,8186_8176,0.5,0.5,0.0,222,2,9,1,222,1,222,0,1,221,9,528,FL-528 E,E,Freeway,0.783069502972,0.0,8186,8176,E,2,65863,7,528,89199,65863,70,44,65.0,0.0128341107641,1,13327.406183368872,65.83487020007482,1.8841076650664803,0.028673771640447175,1.992031927561833,1.21696494908837,0.6106943809035966,9.497577809345099,-0.2445338219600851,1
821,1,5886.826923076923,66.35991749963458,1.3127367732845887,0.020011856073017236,3.640142053952287,0.7401647513524495,0.19989464135939766,6020.228632478633,65.54964274761693,1.1719482602466322,0.0180967812226987,3.7944200493897795,0.7613231246954197,0.1979161507655237,8186_8176,0.0,0.0,0.0,222,2,9,1,222,1,222,0,1,221,9,528,FL-528 E,E,Freeway,0.783069502972,0.0,8186,8176,E,2,65863,7,528,89199,65863,70,44,65.0,0.0128341107641,1,5953.527777777777,65.95478012362575,1.2423425167656106,0.01905431864785797,3.7172810516710335,0.7507439380239347,0.1989053960624607,8.691739226669844,-0.2445338219600851,1
822,2,12440.569296375266,62.80354584226586,3.7407592924032067,0.06380541756287984,7.316714250170885,1.6755104293650909,0.20785590058376507,13715.76119402985,60.26748771458935,5.551985917021546,0.1028903415988498,9.184393659424266,2.6459850886944696,0.2558783539915616,8186_8176,2.5,2.0,0.5,222,2,9,1,222,1,222,0,1,221,9,528,FL-528 E,E,Freeway,0.783069502972,0.0,8186,8176,E,2,65863,7,528,89199,65863,70,44,65.0,0.0128341107641,1,13078.16524520256,61.535516778427606,4.646372604712377,0.08334787958086481,8.250553954797576,2.16074775902978,0.23186712728766334,9.478699343398679,-0.2445338219600851,1
823,3,16740.238805970148,66.33474935045697,1.545798959768906,0.0235810439954266,4.083391204398102,0.9115984965768285,0.2214810288987804,18651.287846481875,65.59050257882927,1.3301360172990089,0.02039714688792413,4.746567610391148,1.0778470189601534,0.2263761412176605,8186_8176,0.0,0.0,0.0,222,2,9,1,222,1,222,0,1,221,9,528,FL-528 E,E,Freeway,0.783069502972,0.0,8186,8176,E,2,65863,7,528,89199,65863,70,44,65.0,0.0128341107641,1,17695.763326226013,65.96262596464312,1.4379674885339573,0.021989095441675367,4.414979407394625,0.994722757768491,0.22392858505822044,9.781080529810495,-0.2445338219600851,1
824,0,13055.57356076759,61.4821281067426,1.8165237055544885,0.02957376148835046,2.76324900814468,1.7360869178762677,0.6298273564557081,13046.850746268658,66.33240222675371,1.8773125108542583,0.02833490956471915,1.931349690203464,1.1552082675417596,0.5986775754261638,8190_8186,0.5,0.0,0.5,221,2,8,1,221,1,221,0,1,220,8,528,FL-528 E,E,Freeway,0.420730895759,0.0,8190,8186,E,2,65863,6,528,89199,65863,65,47,65.0,0.00689468015209,1,13051.212153518125,63.90726516674816,1.8469181082043735,0.028954335526534807,2.347299349174072,1.4456475927090136,0.614252465940936,9.476636293764324,-0.865761852149437,1
825,1,5883.460385438973,60.98119905866144,1.178872911402293,0.0194552365613908,5.2289254865237735,1.0035343912363106,0.19207032202148874,5886.826923076923,66.35991749963458,1.3127367732845887,0.020011856073017236,3.640142053952287,0.7401647513524495,0.19989464135939766,8190_8186,0.5,0.0,0.5,221,2,8,1,221,1,221,0,1,220,8,528,FL-528 E,E,Freeway,0.420730895759,0.0,8190,8186,E,2,65863,6,528,89199,65863,65,47,65.0,0.00689468015209,1,5885.143654257949,63.67055827914801,1.245804842343441,0.019733546317204018,4.43453377023803,0.8718495712943801,0.1959824816904432,8.680186429635695,-0.865761852149437,1
826,2,12776.7078891258,53.06680547953498,5.544748214550438,0.10723547279721578,12.059889115037475,2.679894691772056,0.2165846342781286,12440.569296375266,62.80354584226586,3.7407592924032067,0.06380541756287984,7.316714250170885,1.6755104293650909,0.20785590058376507,8190_8186,0.5,0.5,0.0,221,2,8,1,221,1,221,0,1,220,8,528,FL-528 E,E,Freeway,0.420730895759,0.0,8190,8186,E,2,65863,6,528,89199,65863,65,47,65.0,0.00689468015209,1,12608.638592750533,57.93517566090042,4.642753753476822,0.08552044518004781,9.68830168260418,2.1777025605685734,0.21222026743094685,9.442137460620723,-0.865761852149437,1
827,3,17716.703624733476,60.875408816498755,1.4071892410589226,0.023332810752644338,6.395874123015706,1.3981906674352678,0.21677241164407304,16740.238805970148,66.33474935045697,1.545798959768906,0.0235810439954266,4.083391204398102,0.9115984965768285,0.2214810288987804,8190_8186,0.0,0.0,0.0,221,2,8,1,221,1,221,0,1,220,8,528,FL-528 E,E,Freeway,0.420730895759,0.0,8190,8186,E,2,65863,6,528,89199,65863,65,47,65.0,0.00689468015209,1,17228.471215351812,63.60507908347786,1.4764941004139143,0.02345692737403547,5.239632663706904,1.154894582006048,0.2191267202714267,9.754318597515287,-0.865761852149437,1
828,0,8910.9140969163,60.83185340420148,2.5317446112808684,0.041684630357418435,2.6798031478521205,1.6734762769587337,0.6225522765319514,13055.57356076759,61.4821281067426,1.8165237055544885,0.02957376148835046,2.76324900814468,1.7360869178762677,0.6298273564557081,8296_8190,0.5,0.0,0.5,220,2,7,1,220,1,220,0,1,219,7,528,FL-528 E,E,Freeway,0.7367734431499999,0.0,8296,8190,E,2,65863,6,528,89199,65863,55,62,55.0,0.0121089209274,1,10983.243828841945,61.15699075547204,2.1741341584176785,0.03562919592288445,2.7215260779984005,1.7047815974175007,0.6261898164938298,9.304126102110246,-0.3054748381895368,1
829,1,4741.494456762749,59.04306228616067,1.4226528673023344,0.0244813940566634,5.664042921791892,1.2866679200893263,0.2223775227895989,5883.460385438973,60.98119905866144,1.178872911402293,0.0194552365613908,5.2289254865237735,1.0035343912363106,0.19207032202148874,8296_8190,3.5,1.5,2.0,220,2,7,1,220,1,220,0,1,219,7,528,FL-528 E,E,Freeway,0.7367734431499999,0.0,8296,8190,E,2,65863,6,528,89199,65863,55,62,55.0,0.0121089209274,1,5312.477421100861,60.012130672411054,1.3007628893523138,0.021968315309027098,5.446484204157833,1.1451011556628186,0.20722392240554383,8.57781356307792,-0.3054748381895368,1
830,2,10754.741150442478,46.21496880862431,10.709714745864073,0.24176405074374765,16.965315893221966,6.721586814377147,0.3865510344617903,12776.7078891258,53.06680547953498,5.544748214550438,0.10723547279721578,12.059889115037475,2.679894691772056,0.2165846342781286,8296_8190,2.5,2.0,0.5,220,2,7,1,220,1,220,0,1,219,7,528,FL-528 E,E,Freeway,0.7367734431499999,0.0,8296,8190,E,2,65863,6,528,89199,65863,55,62,55.0,0.0121089209274,1,11765.72451978414,49.64088714407964,8.127231480207255,0.1744997617704817,14.51260250412972,4.7007407530746015,0.30156783436995943,9.372945881907416,-0.3054748381895368,1
831,3,13643.488986784141,58.80700299620885,1.4867667755826437,0.0254988043651576,6.563128950299577,1.6076036816001709,0.2423034531457599,17716.703624733476,60.875408816498755,1.4071892410589226,0.023332810752644338,6.395874123015706,1.3981906674352678,0.21677241164407304,8296_8190,1.0,0.5,0.5,220,2,7,1,220,1,220,0,1,219,7,528,FL-528 E,E,Freeway,0.7367734431499999,0.0,8296,8190,E,2,65863,6,528,89199,65863,55,62,55.0,0.0121089209274,1,15680.096305758809,59.84120590635381,1.4469780083207833,0.02441580755890097,6.479501536657642,1.5028971745177193,0.2295379323949165,9.66014743583444,-0.3054748381895368,1
832,0,14147.281449893391,62.71505210205287,1.6968612206767668,0.02709032931866117,2.160567943170111,1.2019648146761508,0.5563151548035835,8910.9140969163,60.83185340420148,2.5317446112808684,0.041684630357418435,2.6798031478521205,1.6734762769587337,0.6225522765319514,8301_8296,0.5,0.5,0.0,219,2,6,1,219,1,219,0,1,218,6,528,FL-528 E,E,Freeway,0.213732098865,0.0,8301,8296,E,2,65863,4,528,71692,65863,55,55,55.0,0.0035130536072,1,11529.097773404847,61.773452753127174,2.1143029159788176,0.0343874798380398,2.4201855455111154,1.4377205458174422,0.5894337156677675,9.352629359846212,-1.543031922672327,0
833,1,8213.16452991453,62.374528115776975,1.1773573382949345,0.019061557961293944,4.997792010387134,0.8235719511475573,0.1627780757535519,4741.494456762749,59.04306228616067,1.4226528673023344,0.0244813940566634,5.664042921791892,1.2866679200893263,0.2223775227895989,8301_8296,0.0,0.0,0.0,219,2,6,1,219,1,219,0,1,218,6,528,FL-528 E,E,Freeway,0.213732098865,0.0,8301,8296,E,2,65863,4,528,71692,65863,55,55,55.0,0.0035130536072,1,6477.329493338639,60.70879520096882,1.3000051027986346,0.02177147600897867,5.330917466089513,1.0551199356184418,0.19257779927157542,8.776063589177983,-1.543031922672327,0
834,2,13966.53632478632,49.767656738416996,11.343723281018221,0.23869605917420256,12.609466417295375,5.546090903695101,0.4264366279064659,10754.741150442478,46.21496880862431,10.709714745864073,0.24176405074374765,16.965315893221966,6.721586814377147,0.3865510344617903,8301_8296,0.0,0.0,0.0,219,2,6,1,219,1,219,0,1,218,6,528,FL-528 E,E,Freeway,0.213732098865,0.0,8301,8296,E,2,65863,4,528,71692,65863,55,55,55.0,0.0035130536072,1,12360.6387376144,47.991312773520654,11.026719013441147,0.2402300549589751,14.787391155258671,6.133838859036125,0.4064938311841281,9.422272407476948,-1.543031922672327,0
835,3,21820.58547008547,61.985683318079005,1.3183700117757666,0.02140470366756773,5.4548403078088095,0.9888606485357174,0.18075615756048027,13643.488986784141,58.80700299620885,1.4867667755826437,0.0254988043651576,6.563128950299577,1.6076036816001709,0.2423034531457599,8301_8296,0.5,0.5,0.0,219,2,6,1,219,1,219,0,1,218,6,528,FL-528 E,E,Freeway,0.213732098865,0.0,8301,8296,E,2,65863,4,528,71692,65863,55,55,55.0,0.0035130536072,1,17732.037228434805,60.39634315714393,1.4025683936792053,0.023451754016362666,6.0089846290541935,1.2982321650679443,0.2115298053531201,9.783128295368424,-1.543031922672327,0
836,0,14449.569593147751,61.292163602036865,2.0553085155764608,0.034100759008291084,2.7230478042419755,1.5530017817113881,0.5649713628368596,14416.963752665246,62.79293893625121,2.174309197375649,0.035207389214777625,2.311955718894409,1.311209524323311,0.5653351646672063,8327_8331,2.0,1.0,1.0,215,2,2,1,215,1,215,0,1,214,2,528,FL-528 E,E,Freeway,0.475330651307,0.0,8327,8331,E,2,65863,6,528,63500,65863,55,67,55.0,0.007809394302300002,1,14433.266672906499,62.04255126914404,2.114808856476055,0.03465407411153436,2.5175017615681923,1.4321056530173495,0.5651532637520329,9.577291006806483,-0.743744609103565,1
837,1,8290.488172043011,61.41246523413076,1.0707300241113482,0.01748285289520041,6.153196246180781,0.996014460313054,0.16213150645809027,8219.944086021505,63.50582768363505,1.2330819089828011,0.019487778957826576,5.139677206052988,0.8386163960436254,0.1631209898307257,8327_8331,0.0,0.0,0.0,215,2,2,1,215,1,215,0,1,214,2,528,FL-528 E,E,Freeway,0.475330651307,0.0,8327,8331,E,2,65863,6,528,63500,65863,55,67,55.0,0.007809394302300002,1,8255.216129032258,62.4591464588829,1.1519059665470746,0.018485315926513493,5.646436726116884,0.9173154281783397,0.162626248144408,9.018600537602321,-0.743744609103565,1
838,2,13974.612419700215,53.373948844178436,9.447341272731864,0.1936217000460746,13.353450630151622,5.8146806296654905,0.3954744281802343,13807.920770877945,53.04650360194165,10.848177711577348,0.2205262396457344,12.673308179305902,6.204459935781684,0.4551065611834486,8327_8331,4.5,3.5,1.0,215,2,2,1,215,1,215,0,1,214,2,528,FL-528 E,E,Freeway,0.475330651307,0.0,8327,8331,E,2,65863,6,528,63500,65863,55,67,55.0,0.007809394302300002,1,13891.26659528908,53.21022622306005,10.147759492154606,0.20707396984590448,13.013379404728763,6.009570282723587,0.42529049468184144,9.539015619156865,-0.743744609103565,1
839,3,21830.41970021413,61.22285126556361,1.3313402054639438,0.021884113058094658,6.773798357663834,1.275740805557044,0.1877867150898148,21602.16417910448,63.19776221235054,1.5231899532037214,0.024309839832541,5.711756568871733,1.1264961509296672,0.19576005526943016,8327_8331,0.5,0.0,0.5,215,2,2,1,215,1,215,0,1,214,2,528,FL-528 E,E,Freeway,0.475330651307,0.0,8327,8331,E,2,65863,6,528,63500,65863,55,67,55.0,0.007809394302300002,1,21716.291939659306,62.21030673895707,1.4272650793338326,0.02309697644531783,6.2427774632677835,1.2011184782433557,0.19177338517962247,9.98581803846322,-0.743744609103565,1
840,0,14416.963752665246,62.79293893625121,2.174309197375649,0.035207389214777625,2.311955718894409,1.311209524323311,0.5653351646672063,14050.34328358209,63.15165545361429,2.212065135285725,0.035098808630894235,2.536791167581713,1.334892969870957,0.5275335051903949,8331_8341,0.0,0.0,0.0,218,2,5,1,218,1,218,0,1,217,5,528,FL-528 E,E,Freeway,0.604560913417,0.0,8331,8341,E,2,65863,6,528,63500,65863,55,59,55.0,0.00993114960298,1,14233.653518123669,62.97229719493275,2.193187166330687,0.035153098922835926,2.424373443238061,1.323051247097134,0.5464343349288006,9.563364405714113,-0.5032528473918276,1
841,1,8219.944086021505,63.50582768363505,1.2330819089828011,0.019487778957826576,5.139677206052988,0.8386163960436254,0.1631209898307257,8168.380341880342,62.04803483750673,1.332360347820961,0.02155253842776625,5.679410496216142,0.9253008745060824,0.16308844050289356,8331_8341,0.0,0.0,0.0,218,2,5,1,218,1,218,0,1,217,5,528,FL-528 E,E,Freeway,0.604560913417,0.0,8331,8341,E,2,65863,6,528,63500,65863,55,59,55.0,0.00993114960298,1,8194.162213950924,62.77693126057089,1.2827211284018811,0.020520158692796414,5.409543851134565,0.8819586352748539,0.16310471516680963,9.011177254585373,-0.5032528473918276,1
842,2,13807.920770877945,53.04650360194165,10.848177711577348,0.2205262396457344,12.673308179305902,6.204459935781684,0.4551065611834486,14141.946695095947,51.01413231505206,10.848589003266817,0.2258065631359761,13.762954523972338,6.2474771633918325,0.4306447032036477,8331_8341,3.0,2.5,0.5,218,2,5,1,218,1,218,0,1,217,5,528,FL-528 E,E,Freeway,0.604560913417,0.0,8331,8341,E,2,65863,6,528,63500,65863,55,59,55.0,0.00993114960298,1,13974.933732986945,52.03031795849685,10.848383357422083,0.22316640139085525,13.21813135163912,6.225968549586758,0.4428756321935482,9.545020556186437,-0.5032528473918276,1
843,3,21602.16417910448,63.19776221235054,1.5231899532037214,0.024309839832541,5.711756568871733,1.1264961509296672,0.19576005526943016,21735.460554371002,61.85496669909895,1.5275726274064536,0.02488087735089924,6.284912496825728,1.1769782420556578,0.1858031832001745,8331_8341,1.0,1.0,0.0,218,2,5,1,218,1,218,0,1,217,5,528,FL-528 E,E,Freeway,0.604560913417,0.0,8331,8341,E,2,65863,6,528,63500,65863,55,59,55.0,0.00993114960298,1,21668.81236673774,62.526364455724746,1.5253812903050874,0.024595358591720122,5.99833453284873,1.1517371964926624,0.19078161923480233,9.983629287617262,-0.5032528473918276,1
844,0,14050.34328358209,63.15165545361429,2.212065135285725,0.035098808630894235,2.536791167581713,1.334892969870957,0.5275335051903949,14371.607675906183,66.01861789668764,2.020199477128781,0.030649252961708368,2.32124224303922,1.3353751704938472,0.5758851034152862,8341_6947,0.0,0.0,0.0,217,2,4,1,217,1,217,0,1,216,4,528,FL-528 E,E,Freeway,0.229515974678,0.0,8341,6947,E,2,65863,6,528,63500,65863,55,60,55.0,0.0037724826158,1,14210.975479744136,64.58513667515096,2.116132306207253,0.0328740307963013,2.4290167053104668,1.3351340701824022,0.5517093043028405,9.561769866148401,-1.4717826454638658,1
845,1,8168.380341880342,62.04803483750673,1.332360347820961,0.02155253842776625,5.679410496216142,0.9253008745060824,0.16308844050289356,8346.831196581197,64.98979257225076,1.4871138217593125,0.02299257337143204,5.627780853767681,1.012918698561866,0.17974681470788376,8341_6947,0.0,0.0,0.0,217,2,4,1,217,1,217,0,1,216,4,528,FL-528 E,E,Freeway,0.229515974678,0.0,8341,6947,E,2,65863,6,528,63500,65863,55,60,55.0,0.0037724826158,1,8257.60576923077,63.51891370487874,1.4097370847901367,0.022272555899599145,5.653595674991911,0.9691097865339742,0.17141762760538864,9.018889966051306,-1.4717826454638658,1
846,2,14141.946695095947,51.01413231505206,10.848589003266817,0.2258065631359761,13.762954523972338,6.2474771633918325,0.4306447032036477,14012.598290598291,51.93714383512104,11.747645213770301,0.24157935220756285,13.831327008655494,6.301833466864383,0.43292639161694857,8341_6947,2.0,1.0,1.0,217,2,4,1,217,1,217,0,1,216,4,528,FL-528 E,E,Freeway,0.229515974678,0.0,8341,6947,E,2,65863,6,528,63500,65863,55,60,55.0,0.0037724826158,1,14077.272492847118,51.47563807508655,11.298117108518559,0.23369295767176948,13.797140766313916,6.274655315128108,0.4317855474102982,9.552316895950206,-1.4717826454638658,1
847,3,21735.460554371002,61.85496669909895,1.5275726274064536,0.02488087735089924,6.284912496825728,1.1769782420556578,0.1858031832001745,22101.439232409386,64.3770752324351,1.7670746548821734,0.027682120812515282,6.243973786667459,1.2182974681718721,0.19328330494395146,8341_6947,0.0,0.0,0.0,217,2,4,1,217,1,217,0,1,216,4,528,FL-528 E,E,Freeway,0.229515974678,0.0,8341,6947,E,2,65863,6,528,63500,65863,55,60,55.0,0.0037724826158,1,21918.449893390192,63.11602096576703,1.6473236411443135,0.02628149908170726,6.264443141746593,1.197637855113765,0.18954324407206297,9.995084022019,-1.4717826454638658,1
848,0,13057.6452991453,60.704894107046925,2.766780389246477,0.04610425792290546,1.6857971656828508,0.9303729785561252,0.5541014854421059,22723.05781584583,65.2043476044616,2.9320849779641134,0.04545083881092047,1.8659016762323668,1.2501081045464482,0.6741405036531917,11452_8329,0.0,0.0,0.0,187,2,3,1,187,1,187,0,1,186,3,528,FL-528 W,W,Freeway,0.396100453277,0.0,11452,8329,W,2,65863,6,528,80539,65863,55,67,55.0,0.006507565175229999,1,17890.351557495567,62.954620855754264,2.8494326836052952,0.045777548366912967,1.7758494209576088,1.0902405415512866,0.6141209945476488,9.792016827371484,-0.9260874300050093,1
849,1,12298.667381974248,64.2242633007744,1.5105951809711584,0.02399211262725047,5.023884501150646,0.9916660350863,0.1920981946709412,20977.3311827957,68.39748389998206,1.881157595280025,0.0284222918558498,5.958333878827966,1.4351919114987255,0.2306335226638211,11452_8329,2.0,0.5,1.5,187,2,3,1,187,1,187,0,1,186,3,528,FL-528 W,W,Freeway,0.396100453277,0.0,11452,8329,W,2,65863,6,528,80539,65863,55,67,55.0,0.006507565175229999,1,16637.999282384975,66.31087360037823,1.6958763881255918,0.026207202241550133,5.491109189989306,1.2134289732925128,0.21136585866738114,9.719444471712745,-0.9260874300050093,1
850,2,9363.48717948718,61.50196427355439,1.6832728174457905,0.027771730371813387,4.204746483205764,0.5403549425759626,0.12762515018219292,16202.064239828696,66.51187652526211,2.064808932349508,0.03202493417343265,4.893464725852823,0.8006044997776355,0.15988624419173414,11452_8329,0.0,0.0,0.0,187,2,3,1,187,1,187,0,1,186,3,528,FL-528 W,W,Freeway,0.396100453277,0.0,11452,8329,W,2,65863,6,528,80539,65863,55,67,55.0,0.006507565175229999,1,12782.775709657937,64.00692039940824,1.8740408748976494,0.029898332272623018,4.549105604529293,0.670479721176799,0.14375569718696352,9.455853896027852,-0.9260874300050093,1
851,3,22184.927350427348,62.0389771812804,1.4706579226253116,0.023863963085100533,4.293630183536598,0.5449424029358315,0.1274412251656921,38037.68736616703,66.89502874591047,1.8666799561174023,0.02812584703330196,5.1173440155543695,0.8241809464898622,0.16160724958908465,11452_8329,3.5,3.5,0.0,187,2,3,1,187,1,187,0,1,186,3,528,FL-528 W,W,Freeway,0.396100453277,0.0,11452,8329,W,2,65863,6,528,80539,65863,55,67,55.0,0.006507565175229999,1,30111.307358297192,64.46700296359543,1.668668939371357,0.025994905059201247,4.705487099545484,0.6845616747128469,0.14452423737738837,10.312656039938604,-0.9260874300050093,1
852,0,5125.837953091685,77.14751075329082,3.17494967594071,0.04231602771619828,1.4704493025513952,1.1835614435308588,0.8037512244241388,5009.1493212669675,69.13354256542024,3.6283025322860407,0.053397203196740704,1.2341685921185792,0.9155264134186619,0.7227600175799023,5943_6937,1.5,1.0,0.5,213,2,29,1,213,1,213,0,1,212,29,528,FL-528 W,W,Freeway,2.2298043904599996,0.0,5943,6937,W,2,99999,4,528,51210,99999,70,63,70.0,0.0366512796462,0,5067.4936371793265,73.14052665935553,3.401626104113375,0.04785661545646949,1.3523089473349872,1.0495439284747603,0.7632556210020205,8.530601622712012,0.8019138643421302,0
853,1,5476.419700214134,78.30493924329977,1.4811470427096267,0.020271068325080792,6.054007952058612,1.073782829686682,0.17891036479936712,5419.5821917808225,71.04458481262272,1.8544377372892988,0.026233049877901336,4.204519731379182,0.7105173613624092,0.1720456863235727,5943_6937,2.5,1.5,1.0,213,2,29,1,213,1,213,0,1,212,29,528,FL-528 W,W,Freeway,2.2298043904599996,0.0,5943,6937,W,2,99999,4,528,51210,99999,70,63,70.0,0.0366512796462,0,5448.000945997478,74.67476202796124,1.6677923899994629,0.023252059101491064,5.129263841718897,0.8921500955245456,0.1754780255614699,8.603004021470573,0.8019138643421302,0
854,2,5524.938034188033,76.63728892254616,2.020101712664608,0.02873883822262208,6.131226120693518,1.185650408306913,0.1864716108719567,5543.328018223235,68.20627244110383,2.093229628321115,0.03140792285860131,4.216754209781128,0.8139462622550244,0.18761745659604911,5943_6937,1.0,0.0,1.0,213,2,29,1,213,1,213,0,1,212,29,528,FL-528 W,W,Freeway,2.2298043904599996,0.0,5943,6937,W,2,99999,4,528,51210,99999,70,63,70.0,0.0366512796462,0,5534.133026205634,72.421780681825,2.056665670492862,0.030073380540611698,5.173990165237323,0.9997983352809687,0.18704453373400293,8.618690198042357,0.8019138643421302,0
855,3,11210.857142857143,76.90591423243565,1.8744482709655224,0.02528103722082471,5.711142826287857,1.0738562368809734,0.17699739070926215,11197.579185520359,68.73515799973202,1.913259675360505,0.0283621982239598,3.9258917336458223,0.7852893683168408,0.185553659901728,5943_6937,5.5,3.0,2.5,213,2,29,1,213,1,213,0,1,212,29,528,FL-528 W,W,Freeway,2.2298043904599996,0.0,5943,6937,W,2,99999,4,528,51210,99999,70,63,70.0,0.0366512796462,0,11204.218164188751,72.82053611608384,1.8938539731630137,0.026821617722392256,4.81851727996684,0.9295728025989072,0.18127552530549507,9.324045608181564,0.8019138643421302,0
856,0,13040.586353944564,63.85306484675797,3.0064418974972145,0.04787955266263251,2.9143904624058887,1.8690640989878613,0.6269168708381802,13182.144989339022,61.274826161251724,2.9870960149392767,0.04973868569657065,2.477466982508157,1.527794264912914,0.5993412724645946,6094_8344,1.5,1.5,0.0,193,2,9,1,193,1,193,0,1,192,9,528,FL-528 W,W,Freeway,0.232166139071,0.0,6094,8344,W,2,65863,6,528,63500,65863,55,56,55.0,0.00381602677137,1,13111.365671641794,62.56394550400485,2.9967689562182453,0.04880911917960158,2.6959287224570225,1.6984291819503876,0.6131290716513873,9.481234741556797,-1.4603020469196877,1
857,1,11847.495726495728,63.7680411031054,2.4227790600008805,0.038821518698368265,9.77442750829245,2.0498978686876463,0.20762429239721028,11871.989130434782,61.884841930054606,1.7799759380375841,0.02913384997175825,7.58304355777538,1.5289430074689587,0.20150631256135385,6094_8344,0.0,0.0,0.0,193,2,9,1,193,1,193,0,1,192,9,528,FL-528 W,W,Freeway,0.232166139071,0.0,6094,8344,W,2,65863,6,528,63500,65863,55,56,55.0,0.00381602677137,1,11859.742428465255,62.826441516580005,2.1013774990192324,0.033977684335063256,8.678735533033915,1.7894204380783025,0.20456530247928206,9.380904954648537,-1.4603020469196877,1
858,2,9330.367521367521,62.07606636037014,2.1266059807333524,0.03471772818344603,8.23748635467163,1.0622049045369315,0.1287707242177211,9394.933618843685,60.04826335057787,1.7935474173597965,0.030205211084389495,6.456752238020978,0.759531841822741,0.1185324844651162,6094_8344,0.0,0.0,0.0,193,2,9,1,193,1,193,0,1,192,9,528,FL-528 W,W,Freeway,0.232166139071,0.0,6094,8344,W,2,65863,6,528,63500,65863,55,56,55.0,0.00381602677137,1,9362.650570105603,61.06216485547401,1.9600766990465743,0.032461469633917765,7.347119296346303,0.9108683731798363,0.12365160434141864,9.144483709950427,-1.4603020469196877,1
859,3,21891.236673773987,63.23969141009758,1.9277844147038303,0.030822781519182774,8.23081089039984,1.1090060298104336,0.13434438958838044,21968.20042643923,60.9875373903735,1.6158507273937779,0.02678150879128389,6.442021205912527,0.820459159850177,0.1274023292344857,6094_8344,0.5,0.0,0.5,193,2,9,1,193,1,193,0,1,192,9,528,FL-528 W,W,Freeway,0.232166139071,0.0,6094,8344,W,2,65863,6,528,63500,65863,55,56,55.0,0.00381602677137,1,21929.71855010661,62.113614400235534,1.7718175710488042,0.028802145155233334,7.336416048156183,0.9647325948303054,0.13087335941143308,9.995598007317112,-1.4603020469196877,1
860,0,6430.886752136752,68.88588241056016,2.9922437071551378,0.04373580675367378,1.1015133344072754,0.7564220354639932,0.6892223233741868,4054.854347826087,75.24524636592739,3.172792459368496,0.04272246801861025,1.1449896038742762,0.884328249671183,0.7763611320745941,6320_6667,1.5,1.0,0.5,206,2,22,1,206,1,206,0,1,205,22,528,FL-528 W,W,Freeway,0.583377203835,0.0,6320,6667,W,2,99999,6,528,67500,99999,70,48,70.0,0.00958880925812,0,5242.87054998142,72.06556438824377,3.082518083261817,0.043229137386142015,1.1232514691407758,0.820375142567588,0.7327917277243905,8.564624442201243,-0.5389212969862739,1
861,1,8039.645161290324,68.55277011757957,1.6099922605596284,0.02353631228400688,4.681853060819474,0.9463886809348306,0.20428128250534933,4846.586433260394,77.39927009558704,1.5375409653410763,0.02092135481444948,5.15498092463783,1.1541437247509134,0.2121370670233108,6320_6667,1.0,0.0,1.0,206,2,22,1,206,1,206,0,1,205,22,528,FL-528 W,W,Freeway,0.583377203835,0.0,6320,6667,W,2,99999,6,528,67500,99999,70,48,70.0,0.00958880925812,0,6443.115797275359,72.9760201065833,1.5737666129503523,0.02222883354922818,4.918416992728652,1.050266202842872,0.20820917476433007,8.770767521548201,-0.5389212969862739,1
862,2,6948.605995717345,66.76627991756386,1.670199474401603,0.02528380232973387,3.9058069581598978,0.7502922734837185,0.19132989294660047,3619.139737991265,76.10684722847978,1.6685797642780371,0.02211591649859464,3.972791383151185,0.7854847351872577,0.19930126022473693,6320_6667,1.0,0.5,0.5,206,2,22,1,206,1,206,0,1,205,22,528,FL-528 W,W,Freeway,0.583377203835,0.0,6320,6667,W,2,99999,6,528,67500,99999,70,48,70.0,0.00958880925812,0,5283.872866854304,71.43656357302183,1.66938961933982,0.023699859414164255,3.9392991706555414,0.7678885043354882,0.1953155765856687,8.572414605332765,-0.5389212969862739,1
863,3,13964.662393162393,67.46877932300903,1.5441837624696777,0.022978026073554144,3.6562218054862083,0.5993792372029154,0.16470466175170045,7943.745652173913,76.6258608373485,1.6057499803028226,0.021093728413555488,3.91428908755434,0.7746887784792278,0.19578010212326324,6320_6667,3.0,2.5,0.5,206,2,22,1,206,1,206,0,1,205,22,528,FL-528 W,W,Freeway,0.583377203835,0.0,6320,6667,W,2,99999,6,528,67500,99999,70,48,70.0,0.00958880925812,0,10954.204022668153,72.04732008017876,1.5749668713862501,0.022035877243554818,3.7852554465202743,0.6870340078410716,0.18024238193748185,9.301478590573552,-0.5389212969862739,1
864,0,4767.081023454158,74.79374925111564,3.1516123147692485,0.04301562829468837,1.2558275371545524,1.0641597554455318,0.8280990853662836,5104.295258620689,67.69756506489037,3.3452650326685185,0.05032590342000656,1.0413052779218015,0.8342694294897137,0.7777760575808059,6598_8091,1.0,1.0,0.0,186,2,1,1,186,1,186,0,1,185,1,528,FL-528 W,W,Freeway,1.14923929654,0.0,6598,8091,S,3,99999,4,520,18615,99999,70,55,70.0,0.0188902569819,0,4935.6881410374235,71.24565715800301,3.2484386737188835,0.04667076585734747,1.148566407538177,0.9492145924676227,0.8029375714735447,8.504247383086298,0.1391002422303319,0
865,1,4832.602564102564,77.06333445358196,1.355141834964572,0.01859429894075731,4.988068204988545,0.9769555585831964,0.19373836669561734,5487.839479392625,67.40080637565855,1.4783041110469062,0.024364358782839032,4.185562832786542,0.8231441619912583,0.18818651498213626,6598_8091,1.5,1.5,0.0,186,2,1,1,186,1,186,0,1,185,1,528,FL-528 W,W,Freeway,1.14923929654,0.0,6598,8091,S,3,99999,4,520,18615,99999,70,55,70.0,0.0188902569819,0,5160.221021747595,72.23207041462025,1.4167229730057391,0.021479328861798173,4.586815518887544,0.9000498602872273,0.1909624408388768,8.548734691230287,0.1391002422303319,0
866,2,5198.9356223175955,74.84977178238888,2.0644283695815813,0.03045134167507735,5.58315312072286,1.2178409826601602,0.19952772415779046,5512.638949671772,66.11669484984014,1.7727555351206412,0.030179339077841164,4.217997605253425,0.8980327336425445,0.1931274322508139,6598_8091,0.5,0.5,0.0,186,2,1,1,186,1,186,0,1,185,1,528,FL-528 W,W,Freeway,1.14923929654,0.0,6598,8091,S,3,99999,4,520,18615,99999,70,55,70.0,0.0188902569819,0,5355.787285994684,70.48323331611451,1.9185919523511112,0.030315340376459256,4.900575362988143,1.0579368581513524,0.1963275782043022,8.58593299093552,0.1391002422303319,0
867,3,10135.950959488271,75.62741722853497,1.5831079072847558,0.02116762650079337,4.892128702394059,0.8952237325487731,0.17922735122841912,11138.459051724138,66.2584787089206,1.6174206341455664,0.02521055224776295,3.8936729223152313,0.7362032797835817,0.1791048045629013,6598_8091,1.5,1.0,0.5,186,2,1,1,186,1,186,0,1,185,1,528,FL-528 W,W,Freeway,1.14923929654,0.0,6598,8091,S,3,99999,4,520,18615,99999,70,55,70.0,0.0188902569819,0,10637.205005606203,70.9429479687278,1.600264270715161,0.02318908937427816,4.392900812354645,0.8157135061661773,0.1791660778956602,9.27211304094422,0.1391002422303319,0
868,0,11217.624733475479,64.24435598050381,3.2209130502870518,0.050250277886387626,3.861076985644632,2.4403301950096594,0.6308366735274518,13109.00213219616,62.83791422917646,2.6006132399658455,0.04146212221347298,2.5816607338352457,1.5328937368096696,0.5945737435994387,6602_7054,0.5,0.5,0.0,192,2,8,1,192,1,192,0,1,191,8,528,FL-528 W,W,Freeway,0.356748765535,0.0,6602,7054,W,2,65863,6,528,63500,65863,55,65,55.0,0.005863710190109999,1,12163.31343283582,63.54113510484014,2.910763145126449,0.0458562000499303,3.221368859739939,1.9866119659096646,0.6127052085634452,9.406179604655467,-1.0307234829395173,1
869,1,10038.777777777776,54.106908850030976,10.359929287003693,0.19786644783549784,17.19394933886819,5.818999049372652,0.332355986227014,11782.918803418805,60.381159504980744,4.0094791350392684,0.06736465212247253,8.873868267833021,2.0535374747272734,0.23008787400823835,6602_7054,1.0,1.0,0.0,192,2,8,1,192,1,192,0,1,191,8,528,FL-528 W,W,Freeway,0.356748765535,0.0,6602,7054,W,2,65863,6,528,63500,65863,55,65,55.0,0.005863710190109999,1,10910.84829059829,57.24403417750586,7.184704211021481,0.13261554997898517,13.033908803350606,3.936268262049963,0.2812219301176262,9.297512829296522,-1.0307234829395173,1
870,2,7967.140724946696,59.09781342954542,4.427873982633427,0.08002237606030302,12.107410574442605,2.284010088038984,0.17981640989094988,9227.818376068377,60.26326781575499,2.4419791200526366,0.0411975122537362,7.265182403599554,1.024206891627364,0.1436379403030794,6602_7054,0.5,0.5,0.0,192,2,8,1,192,1,192,0,1,191,8,528,FL-528 W,W,Freeway,0.356748765535,0.0,6602,7054,W,2,65863,6,528,63500,65863,55,65,55.0,0.005863710190109999,1,8597.479550507536,59.680540622650206,3.4349265513430316,0.060609944157019605,9.68629648902108,1.654108489833174,0.16172717509701462,9.059224363764196,-1.0307234829395173,1
871,3,18556.722814498935,62.10614327084194,5.140380959401331,0.0847341182922912,11.562096818730627,2.8490383006134,0.2398930836367225,21813.202991452992,61.532510541563965,2.4735914591259447,0.040570384521602935,7.167541452081793,1.1158572527197566,0.1557698164741886,6602_7054,1.5,1.5,0.0,192,2,8,1,192,1,192,0,1,191,8,528,FL-528 W,W,Freeway,0.356748765535,0.0,6602,7054,W,2,65863,6,528,63500,65863,55,65,55.0,0.005863710190109999,1,20184.962902975964,61.81932690620295,3.8069862092636377,0.06265225140694707,9.36481913540621,1.9824477766665782,0.19783145005545555,9.912693195434272,-1.0307234829395173,1
872,0,5980.310160427806,72.77673790173327,3.1044169422584145,0.042963259203943636,2.2316459208556183,1.368934690236571,0.6789774786632501,7993.089552238806,68.68680353423825,2.376745391197467,0.03469530529200217,1.2325007134014527,0.8052438893003199,0.6541425076107411,6663_8065,1.0,0.5,0.5,203,2,19,1,203,1,203,0,1,202,19,528,FL-528 W,W,Freeway,0.688888188513,0.0,6663,8065,W,2,65863,4,528,77500,65863,70,68,70.0,0.0112357237646,1,6986.699856333306,70.73177071798577,2.7405811667279405,0.0388292822479729,1.7320733171285356,1.0870892897684454,0.6665599931369957,8.85176360018497,-0.37267630196036766,0
873,1,7373.257372654157,74.21978145035284,1.7287576311647723,0.024578206730195968,7.119269574333915,1.7433255027504917,0.2398581670000299,10233.600427350428,69.79410299675374,1.7969944863113132,0.02725978905751255,5.58841680377229,1.2726827897266249,0.21451660270804004,6663_8065,0.5,0.5,0.0,203,2,19,1,203,1,203,0,1,202,19,528,FL-528 W,W,Freeway,0.688888188513,0.0,6663,8065,W,2,65863,4,528,77500,65863,70,68,70.0,0.0112357237646,1,8803.428900002293,72.0069422235533,1.7628760587380428,0.02591899789385426,6.353843189053102,1.5080041462385583,0.22718738485403497,9.08289657230087,-0.37267630196036766,0
874,2,5461.943850267379,72.83000415650108,1.7401723409139405,0.024584410335619544,5.394419582877449,1.1780911081827552,0.2113380923940892,7295.2921108742,68.4152989113405,1.6591375260906185,0.024763097293245568,4.193144619525744,0.7430093555629271,0.17286687904088965,6663_8065,0.5,0.0,0.5,203,2,19,1,203,1,203,0,1,202,19,528,FL-528 W,W,Freeway,0.688888188513,0.0,6663,8065,W,2,65863,4,528,77500,65863,70,68,70.0,0.0112357237646,1,6378.61798057079,70.62265153392079,1.6996549335022795,0.024673753814432556,4.793782101201597,0.9605502318728412,0.19210248571748945,8.76070673540849,-0.37267630196036766,0
875,3,11922.449197860962,73.70954659017401,1.7523257791518343,0.02412535107575066,5.067104628366118,1.186061920100261,0.22444971859776475,15850.697228144987,69.62211926257206,1.5560999693881203,0.02255772758665484,3.8654602922187657,0.6586037976812255,0.16936273265378865,6663_8065,2.5,1.5,1.0,203,2,19,1,203,1,203,0,1,202,19,528,FL-528 W,W,Freeway,0.688888188513,0.0,6663,8065,W,2,65863,4,528,77500,65863,70,68,70.0,0.0112357237646,1,13886.573213002976,71.66583292637304,1.6542128742699773,0.023341539331202747,4.466282460292442,0.9223328588907431,0.1969062256257767,9.538677696383663,-0.37267630196036766,0
876,0,5363.940298507463,68.01235555774538,2.6121405870561207,0.038461565023986725,1.7816102359204813,1.2844777248833101,0.7074386287892748,11049.793406593406,56.94940295353911,3.004157015451582,0.05281427179184981,3.201719826255481,1.9554096285094549,0.6050462036523871,6664_8199,0.5,0.5,0.0,199,2,15,1,199,1,199,0,1,198,15,528,FL-528 W,W,Freeway,0.269871958387,0.0,6664,8199,W,2,65863,4,528,78462,65863,55,63,55.0,0.00443567649601,1,8206.866852550434,62.48087925564225,2.8081488012538514,0.04563791840791827,2.4916650310879813,1.6199436766963826,0.6562424162208309,9.01272650385371,-1.3098076606618123,0
877,1,7968.057815845827,48.8162791604709,18.71352104907371,0.4215321885235628,23.81991604911145,15.302199723305476,0.6146350670641862,9872.467849223947,44.99507752452569,11.756659462814223,0.2770643426683231,15.301729699888526,7.537752984987924,0.47170560596357397,6664_8199,0.5,0.5,0.0,199,2,15,1,199,1,199,0,1,198,15,528,FL-528 W,W,Freeway,0.269871958387,0.0,6664,8199,W,2,65863,4,528,78462,65863,55,63,55.0,0.00443567649601,1,8920.262832534887,46.90567834249829,15.235090255943966,0.3492982655959429,19.560822874499987,11.4199763541467,0.5431703365138801,9.096080690670771,-1.3098076606618123,0
878,2,5077.140724946695,65.31836568463254,3.466929958139255,0.06616274696598835,7.847627550379414,2.296379178413716,0.2308101097006873,7962.426048565121,53.19073020192407,3.6647566668377625,0.0827924331268229,9.850231929348007,2.477444625343801,0.20680899469739653,6664_8199,0.0,0.0,0.0,199,2,15,1,199,1,199,0,1,198,15,528,FL-528 W,W,Freeway,0.269871958387,0.0,6664,8199,W,2,65863,4,528,78462,65863,55,63,55.0,0.00443567649601,1,6519.7833867559075,59.254547943278304,3.565843312488509,0.07447759004640563,8.84892973986371,2.386911901878759,0.2188095521990419,8.782596431478607,-1.3098076606618123,0
879,3,12041.571428571433,66.21004711324368,6.665583897185294,0.10439911518984668,7.874760324148434,4.893606532223919,0.5625954761066897,18298.254945054945,55.194684311281996,5.167625545174267,0.09757842573522857,8.954569277479468,3.334781535757332,0.34190535498874786,6664_8199,0.5,0.5,0.0,199,2,15,1,199,1,199,0,1,198,15,528,FL-528 W,W,Freeway,0.269871958387,0.0,6664,8199,W,2,65863,4,528,78462,65863,55,63,55.0,0.00443567649601,1,15169.913186813188,60.70236571226283,5.91660472117978,0.10098877046253762,8.41466480081395,4.114194033990626,0.4522504155477188,9.627069349637553,-1.3098076606618123,0
880,0,10349.24946695096,69.83076606010317,2.1476883221021046,0.030779930239846213,1.932158386006651,1.3465885675412963,0.6992359073985025,10284.814655172411,65.65834763367253,2.039832425788426,0.03109723177863125,1.569846663326526,1.0625500456532877,0.6797167357764468,6665_8172,1.0,0.5,0.5,198,2,14,1,198,1,198,0,1,197,14,528,FL-528 W,W,Freeway,0.345362370034,0.0,6665,8172,W,2,65863,7,528,89199,65863,70,39,70.0,0.005676334743539999,1,10317.032061061685,67.74455684688786,2.0937603739452655,0.03093858100923873,1.7510025246665886,1.204569306597292,0.6894763215874746,9.241551406690942,-1.0631610652555663,1
881,1,13004.655982905979,66.60755029461313,5.074204101419338,0.0823521586311504,10.492273385744113,3.1833310134083166,0.2802558549068763,13035.83660130719,62.97801687001342,4.450107731534362,0.07509532135151048,8.345735219351155,2.6161622410312835,0.2900156758796779,6665_8172,2.5,1.5,1.0,198,2,14,1,198,1,198,0,1,197,14,528,FL-528 W,W,Freeway,0.345362370034,0.0,6665,8172,W,2,65863,7,528,89199,65863,70,39,70.0,0.005676334743539999,1,13020.246292106585,64.79278358231328,4.76215591647685,0.07872373999133045,9.419004302547634,2.8997466272198,0.2851357653932771,9.474260832028085,-1.0631610652555663,1
882,2,8622.31130063966,68.92604946577114,1.6570741627962309,0.02432217536536916,6.555049012020992,0.980505269994393,0.14945846868327142,8602.03711790393,64.80898966704541,1.6101112630717482,0.02514872256889597,5.186331262397548,0.7973252715619035,0.15254352470202262,6665_8172,1.0,1.0,0.0,198,2,14,1,198,1,198,0,1,197,14,528,FL-528 W,W,Freeway,0.345362370034,0.0,6665,8172,W,2,65863,7,528,89199,65863,70,39,70.0,0.005676334743539999,1,8612.174209271794,66.86751956640828,1.6335927129339896,0.024735448967132565,5.8706901372092695,0.8889152707781482,0.15100099669264702,9.06093208694568,-1.0631610652555663,1
883,3,19695.006396588487,69.95712599691882,1.7821836862379283,0.02588539485232367,6.48080838351506,1.0730645902893037,0.16097735592570064,19485.23440860215,65.67403225887648,1.6676927130330694,0.025687865338425386,5.134850229180986,0.8775707222301583,0.1669688588141034,6665_8172,0.5,0.0,0.5,198,2,14,1,198,1,198,0,1,197,14,528,FL-528 W,W,Freeway,0.345362370034,0.0,6665,8172,W,2,65863,7,528,89199,65863,70,39,70.0,0.005676334743539999,1,19590.12040259532,67.81557912789765,1.7249381996354989,0.025786630095374526,5.807829306348023,0.975317656259731,0.163973107369902,9.882780657045034,-1.0631610652555663,1
884,0,4054.854347826087,75.24524636592739,3.172792459368496,0.04272246801861025,1.1449896038742762,0.884328249671183,0.7763611320745941,4331.094420600858,69.98693208230071,3.736490653453511,0.05403227161232396,0.959098068917136,0.6930807630527195,0.7276896697176916,6667_8001,0.0,0.0,0.0,205,2,21,1,205,1,205,0,1,204,21,528,FL-528 W,W,Freeway,0.400906790324,0.0,6667,8001,W,2,99999,4,528,71737,99999,70,72,70.0,0.0065895464919100005,0,4192.974384213472,72.61608922411405,3.4546415564110036,0.04837736981546711,1.052043836395706,0.7887045063619512,0.7520254008961429,8.341165637973345,-0.9140263217769424,0
885,1,4846.586433260394,77.39927009558704,1.5375409653410763,0.02092135481444948,5.15498092463783,1.1541437247509134,0.2121370670233108,5392.679653679654,67.9682058562889,2.099249680579012,0.032806868953632974,3.9539712632795285,1.0395794086752237,0.22901545577256785,6667_8001,0.5,0.5,0.0,205,2,21,1,205,1,205,0,1,204,21,528,FL-528 W,W,Freeway,0.400906790324,0.0,6667,8001,W,2,99999,4,528,71737,99999,70,72,70.0,0.0065895464919100005,0,5119.633043470024,72.68373797593797,1.8183953229600442,0.026864111884041225,4.554476093958679,1.0968615667130686,0.22057626139793934,8.54083804426779,-0.9140263217769424,0
886,2,3619.139737991265,76.10684722847978,1.6685797642780371,0.02211591649859464,3.972791383151185,0.7854847351872577,0.19930126022473693,4046.7672413793102,67.09907122664058,1.6923799408879092,0.025532304896139668,2.9931007816684723,0.589797127813818,0.19490756361635986,6667_8001,0.0,0.0,0.0,205,2,21,1,205,1,205,0,1,204,21,528,FL-528 W,W,Freeway,0.400906790324,0.0,6667,8001,W,2,99999,4,528,71737,99999,70,72,70.0,0.0065895464919100005,0,3832.9534896852874,71.60295922756018,1.6804798525829732,0.023824110697367153,3.4829460824098284,0.6876409315005378,0.1971044119205484,8.251390931126211,-0.9140263217769424,0
887,3,7943.745652173913,76.6258608373485,1.6057499803028226,0.021093728413555488,3.91428908755434,0.7746887784792278,0.19578010212326324,8871.443010752688,67.519834904165,1.7507750352524634,0.02616127818729669,2.973563034666518,0.5961973936954054,0.1909915010818728,6667_8001,0.0,0.0,0.0,205,2,21,1,205,1,205,0,1,204,21,528,FL-528 W,W,Freeway,0.400906790324,0.0,6667,8001,W,2,99999,4,528,71737,99999,70,72,70.0,0.0065895464919100005,0,8407.5943314633,72.07284787075675,1.678262507777643,0.023627503300426088,3.443926061110429,0.6854430860873166,0.19338580160256802,9.036890663469805,-0.9140263217769424,0
888,0,5009.1493212669675,69.13354256542024,3.6283025322860407,0.053397203196740704,1.2341685921185792,0.9155264134186619,0.7227600175799023,5083.234513274338,69.49751500377964,3.0926287058146182,0.045357861624242636,1.0631199621709235,0.8880617225639924,0.7896797083009747,6937_6322,0.0,0.0,0.0,211,2,27,1,211,1,211,0,1,210,27,528,FL-528 W,W,Freeway,0.549981743498,0.0,6937,6322,W,2,99999,4,528,51210,99999,70,103,70.0,0.00903988338691,0,5046.191917270653,69.31552878459993,3.3604656190503297,0.04937753241049167,1.1486442771447514,0.9017940679913272,0.7562198629404384,8.526389162023259,-0.5978701949465415,0
889,1,5419.5821917808225,71.04458481262272,1.8544377372892988,0.026233049877901336,4.204519731379182,0.7105173613624092,0.1720456863235727,5387.534675615212,70.56759679960071,1.5494514309079033,0.022275854580150297,3.89477465002386,0.7418633415856212,0.1881024261611061,6937_6322,1.0,0.5,0.5,211,2,27,1,211,1,211,0,1,210,27,528,FL-528 W,W,Freeway,0.549981743498,0.0,6937,6322,W,2,99999,4,528,51210,99999,70,103,70.0,0.00903988338691,0,5403.558433698017,70.80609080611171,1.7019445840986012,0.024254452229025815,4.049647190701521,0.7261903514740151,0.1800740562423394,8.594812984730833,-0.5978701949465415,0
890,2,5543.328018223235,68.20627244110383,2.093229628321115,0.03140792285860131,4.216754209781128,0.8139462622550244,0.18761745659604911,5526.0824053452125,68.65688527420676,1.6901304208584669,0.026384405063909242,4.12024772125745,0.8519081174310346,0.18782595331791088,6937_6322,0.5,0.5,0.0,211,2,27,1,211,1,211,0,1,210,27,528,FL-528 W,W,Freeway,0.549981743498,0.0,6937,6322,W,2,99999,4,528,51210,99999,70,103,70.0,0.00903988338691,0,5534.705211784223,68.4315788576553,1.8916800245897911,0.02889616396125528,4.168500965519289,0.8329271898430295,0.18772170495697998,8.618793584787523,-0.5978701949465415,0
891,3,11197.579185520359,68.73515799973202,1.913259675360505,0.0283621982239598,3.9258917336458223,0.7852893683168408,0.185553659901728,11095.509933774834,68.75720128677862,1.7725436573730815,0.0268226018359927,3.867511203489067,0.8840961461127018,0.19164157384190167,6937_6322,1.0,1.0,0.0,211,2,27,1,211,1,211,0,1,210,27,528,FL-528 W,W,Freeway,0.549981743498,0.0,6937,6322,W,2,99999,4,528,51210,99999,70,103,70.0,0.00903988338691,0,11146.544559647597,68.74617964325532,1.8429016663667932,0.02759240002997625,3.8967014685674446,0.8346927572147713,0.18859761687181484,9.318884823893457,-0.5978701949465415,0
892,0,6429.3226495726485,68.22764380922747,2.93539027219956,0.04365580724095538,1.3680116481463984,0.96911508720275,0.7088759114170905,6430.886752136752,68.88588241056016,2.9922437071551378,0.04373580675367378,1.1015133344072754,0.7564220354639932,0.6892223233741868,6953_6320,0.5,0.5,0.0,204,2,20,1,204,1,204,0,1,203,20,528,FL-528 W,W,Freeway,0.5546165182899999,0.0,6953,6320,W,2,99999,4,528,67500,99999,70,56,70.0,0.00911614714517,0,6430.1047008547,68.55676310989381,2.963816989677349,0.04369580699731458,1.234762491276837,0.8627685613333715,0.6990491173956386,8.76874610028023,-0.5894783620932593,0
893,1,8119.18064516129,69.64458614611607,1.4970589340190728,0.021577780938761948,5.915617664596637,1.174320212670566,0.20025560579172133,8039.645161290324,68.55277011757957,1.6099922605596284,0.02353631228400688,4.681853060819474,0.9463886809348306,0.20428128250534933,6953_6320,0.5,0.5,0.0,204,2,20,1,204,1,204,0,1,203,20,528,FL-528 W,W,Freeway,0.5546165182899999,0.0,6953,6320,W,2,99999,4,528,67500,99999,70,56,70.0,0.00911614714517,0,8079.412903225807,69.09867813184782,1.5535255972893505,0.022557046611384413,5.298735362708056,1.0603544468026984,0.20226844414853534,8.997074488383385,-0.5894783620932593,0
894,2,6967.379828326179,68.08822246226345,1.9170395098697948,0.028473339592542887,4.853037582453769,0.9102666465741128,0.1886150570428168,6948.605995717345,66.76627991756386,1.670199474401603,0.02528380232973387,3.9058069581598978,0.7502922734837185,0.19132989294660047,6953_6320,0.0,0.0,0.0,204,2,20,1,204,1,204,0,1,203,20,528,FL-528 W,W,Freeway,0.5546165182899999,0.0,6953,6320,W,2,99999,4,528,67500,99999,70,56,70.0,0.00911614714517,0,6957.992912021762,67.42725118991365,1.793619492135699,0.026878570961138378,4.379422270306834,0.8302794600289156,0.18997247499470865,8.847646337030966,-0.5894783620932593,0
895,3,14087.540598290598,68.88288168952928,1.5345653672229775,0.0224352449080877,4.458219315659757,0.7523949808576456,0.1683342319802217,13964.662393162393,67.46877932300903,1.5441837624696777,0.022978026073554144,3.6562218054862083,0.5993792372029154,0.16470466175170045,6953_6320,0.5,0.5,0.0,204,2,20,1,204,1,204,0,1,203,20,528,FL-528 W,W,Freeway,0.5546165182899999,0.0,6953,6320,W,2,99999,4,528,67500,99999,70,56,70.0,0.00911614714517,0,14026.101495726496,68.17583050626916,1.5393745648463275,0.02270663549082092,4.057220560572983,0.6758871090302805,0.1665194468659611,9.548675265326663,-0.5894783620932593,0
896,0,4331.094420600858,69.98693208230071,3.736490653453511,0.05403227161232396,0.959098068917136,0.6930807630527195,0.7276896697176916,7959.163101604278,68.37415050592425,2.571104543836773,0.03846371000246162,1.2217900993923323,0.8797415157897183,0.7178899259489915,8001_8007,0.5,0.5,0.0,202,2,18,1,202,1,202,0,1,201,18,528,FL-528 W,W,Freeway,0.326578194392,0.0,8001,8007,N,2,65863,4,417,82802,65863,70,116,70.0,0.00536783559076,1,6145.128761102568,69.18054129411249,3.1537975986451423,0.046247990807392794,1.090444084154734,0.7864111394212189,0.7227897978333415,8.723414975580862,-1.1190858661615208,0
897,1,5392.679653679654,67.9682058562889,2.099249680579012,0.032806868953632974,3.9539712632795285,1.0395794086752237,0.22901545577256785,10113.222520107238,69.19307386730864,1.4426353398943654,0.021613394160985285,5.731079012622918,1.2339452853299764,0.2056189181477303,8001_8007,0.5,0.5,0.0,202,2,18,1,202,1,202,0,1,201,18,528,FL-528 W,W,Freeway,0.326578194392,0.0,8001,8007,N,2,65863,4,417,82802,65863,70,116,70.0,0.00536783559076,1,7752.951086893446,68.58063986179877,1.7709425102366887,0.027210131557309128,4.842525137951223,1.1367623470026,0.21731718696014907,8.955828835272635,-1.1190858661615208,0
898,2,4046.7672413793102,67.09907122664058,1.6923799408879092,0.025532304896139668,2.9931007816684723,0.589797127813818,0.19490756361635986,7154.045454545455,67.86565914692325,1.4255583880735243,0.021248268287570714,4.2588176770789214,0.728575528545199,0.17100742609112066,8001_8007,0.0,0.0,0.0,202,2,18,1,202,1,202,0,1,201,18,528,FL-528 W,W,Freeway,0.326578194392,0.0,8001,8007,N,2,65863,4,417,82802,65863,70,116,70.0,0.00536783559076,1,5600.406347962383,67.48236518678192,1.5589691644807169,0.023390286591855193,3.625959229373697,0.6591863281795085,0.18295749485374024,8.630594436226875,-1.1190858661615208,0
899,3,8871.443010752688,67.519834904165,1.7507750352524634,0.02616127818729669,2.973563034666518,0.5961973936954054,0.1909915010818728,15684.005347593584,68.51226449025938,1.4460627771067045,0.021477969825134384,4.103073716959315,0.7090623518205966,0.1644588916017354,8001_8007,2.0,1.5,0.5,202,2,18,1,202,1,202,0,1,201,18,528,FL-528 W,W,Freeway,0.326578194392,0.0,8001,8007,N,2,65863,4,417,82802,65863,70,116,70.0,0.00536783559076,1,12277.724179173136,68.0160496972122,1.598418906179584,0.02381962400621554,3.5383183758129166,0.652629872758001,0.17772519634180411,9.415541857096986,-1.1190858661615208,0
900,0,7959.163101604278,68.37415050592425,2.571104543836773,0.03846371000246162,1.2217900993923323,0.8797415157897183,0.7178899259489915,5980.310160427806,72.77673790173327,3.1044169422584145,0.042963259203943636,2.2316459208556183,1.368934690236571,0.6789774786632501,8007_6663,0.5,0.0,0.5,201,2,17,1,201,1,201,0,1,200,17,528,FL-528 W,W,Freeway,0.7784888730399999,0.0,8007,6663,W,2,65863,4,528,77500,65863,70,72,70.0,0.0127934915514,1,6969.736631016042,70.57544420382877,2.8377607430475935,0.04071348460320263,1.7267180101239754,1.1243381030131447,0.6984337023061208,8.849332716959745,-0.2504005806297522,0
901,1,10113.222520107238,69.19307386730864,1.4426353398943654,0.021613394160985285,5.731079012622918,1.2339452853299764,0.2056189181477303,7373.257372654157,74.21978145035284,1.7287576311647723,0.024578206730195968,7.119269574333915,1.7433255027504917,0.2398581670000299,8007_6663,1.5,1.5,0.0,201,2,17,1,201,1,201,0,1,200,17,528,FL-528 W,W,Freeway,0.7784888730399999,0.0,8007,6663,W,2,65863,4,528,77500,65863,70,72,70.0,0.0127934915514,1,8743.239946380698,71.70642765883073,1.585696485529569,0.023095800445590627,6.425174293478417,1.4886353940402342,0.2227385425738801,9.076036103203329,-0.2504005806297522,0
902,2,7154.045454545455,67.86565914692325,1.4255583880735243,0.021248268287570714,4.2588176770789214,0.728575528545199,0.17100742609112066,5461.943850267379,72.83000415650108,1.7401723409139405,0.024584410335619544,5.394419582877449,1.1780911081827552,0.2113380923940892,8007_6663,1.5,1.5,0.0,201,2,17,1,201,1,201,0,1,200,17,528,FL-528 W,W,Freeway,0.7784888730399999,0.0,8007,6663,W,2,65863,4,528,77500,65863,70,72,70.0,0.0127934915514,1,6307.994652406417,70.34783165171217,1.5828653644937325,0.02291633931159513,4.826618629978185,0.9533333183639772,0.19117275924260493,8.749573100334697,-0.2504005806297522,0
903,3,15684.005347593584,68.51226449025938,1.4460627771067045,0.021477969825134384,4.103073716959315,0.7090623518205966,0.1644588916017354,11922.449197860962,73.70954659017401,1.7523257791518343,0.02412535107575066,5.067104628366118,1.186061920100261,0.22444971859776475,8007_6663,1.0,0.5,0.5,201,2,17,1,201,1,201,0,1,200,17,528,FL-528 W,W,Freeway,0.7784888730399999,0.0,8007,6663,W,2,65863,4,528,77500,65863,70,72,70.0,0.0127934915514,1,13803.227272727272,71.11090554021669,1.5991942781292694,0.02280166045044252,4.585089172662716,0.9475621359604287,0.1944543050997501,9.532657704146784,-0.2504005806297522,0
904,0,10316.191897654584,67.28356185563729,2.245653234203639,0.03340130996876518,1.8034297165898328,1.2203326717157723,0.6785131214950405,10349.24946695096,69.83076606010317,2.1476883221021046,0.030779930239846213,1.932158386006651,1.3465885675412963,0.6992359073985025,8055_6665,0.0,0.0,0.0,197,2,13,1,197,1,197,0,1,196,13,528,FL-528 W,W,Freeway,0.331355761779,0.0,8055,6665,W,2,65863,6,528,89199,65863,70,63,70.0,0.005446220125270001,1,10332.720682302772,68.55716395787023,2.196670778152872,0.032090620104305696,1.8677940512982418,1.2834606196285343,0.6888745144467715,9.243070904232113,-1.1045626717987225,1
905,1,13148.751605995718,65.55012614992259,4.145502566945513,0.07066169699540714,9.680399081888577,2.900010120294413,0.27055216134040105,13004.655982905979,66.60755029461313,5.074204101419338,0.0823521586311504,10.492273385744113,3.1833310134083166,0.2802558549068763,8055_6665,1.0,0.5,0.5,197,2,13,1,197,1,197,0,1,196,13,528,FL-528 W,W,Freeway,0.331355761779,0.0,8055,6665,W,2,65863,6,528,89199,65863,70,63,70.0,0.005446220125270001,1,13076.703794450848,66.07883822226786,4.609853334182425,0.07650692781327878,10.086336233816345,3.041670566851365,0.2754040081236387,9.478587589770626,-1.1045626717987225,1
906,2,8653.545842217483,67.20335663886628,1.4303213623823818,0.021486341800829336,5.921434188312883,0.8611878569324821,0.1463190586820123,8622.31130063966,68.92604946577114,1.6570741627962309,0.02432217536536916,6.555049012020992,0.980505269994393,0.14945846868327142,8055_6665,1.5,1.5,0.0,197,2,13,1,197,1,197,0,1,196,13,528,FL-528 W,W,Freeway,0.331355761779,0.0,8055,6665,W,2,65863,6,528,89199,65863,70,63,70.0,0.005446220125270001,1,8637.928571428572,68.06470305231872,1.5436977625893062,0.022904258583099246,6.238241600166937,0.9208465634634375,0.14788876368264187,9.063918084376544,-1.1045626717987225,1
907,3,19862.01918976546,67.94802828309028,1.5887496901715918,0.023787707060778342,5.982252581809249,1.0140742808553522,0.16379706246716338,19695.006396588487,69.95712599691882,1.7821836862379283,0.02588539485232367,6.48080838351506,1.0730645902893037,0.16097735592570064,8055_6665,2.0,2.0,0.0,197,2,13,1,197,1,197,0,1,196,13,528,FL-528 W,W,Freeway,0.331355761779,0.0,8055,6665,W,2,65863,6,528,89199,65863,70,63,70.0,0.005446220125270001,1,19778.512793176975,68.95257714000455,1.6854666882047602,0.024836550956551004,6.231530482662155,1.043569435572328,0.16238720919643201,9.89235141494741,-1.1045626717987225,1
908,0,7993.089552238806,68.68680353423825,2.376745391197467,0.03469530529200217,1.2325007134014527,0.8052438893003199,0.6541425076107411,10316.191897654584,67.28356185563729,2.245653234203639,0.03340130996876518,1.8034297165898328,1.2203326717157723,0.6785131214950405,8065_8055,1.0,1.0,0.0,200,2,16,1,200,1,200,0,1,199,16,528,FL-528 W,W,Freeway,0.680578221173,0.0,8065,8055,S,3,65863,4,15,23000,65863,70,79,70.0,0.011185967621,1,9154.640724946696,67.98518269493778,2.311199312700553,0.034048307630383676,1.5179652149956429,1.0127882805080461,0.6663278145528908,9.122016212749998,-0.3848125168792792,0
909,1,10233.600427350428,69.79410299675374,1.7969944863113132,0.02725978905751255,5.58841680377229,1.2726827897266249,0.21451660270804004,13148.751605995718,65.55012614992259,4.145502566945513,0.07066169699540714,9.680399081888577,2.900010120294413,0.27055216134040105,8065_8055,1.5,1.5,0.0,200,2,16,1,200,1,200,0,1,199,16,528,FL-528 W,W,Freeway,0.680578221173,0.0,8065,8055,S,3,65863,4,15,23000,65863,70,79,70.0,0.011185967621,1,11691.176016673073,67.67211457333816,2.971248526628413,0.04896074302645985,7.634407942830434,2.086346455010519,0.24253438202422056,9.366589649634914,-0.3848125168792792,0
910,2,7295.2921108742,68.4152989113405,1.6591375260906185,0.024763097293245568,4.193144619525744,0.7430093555629271,0.17286687904088965,8653.545842217483,67.20335663886628,1.4303213623823818,0.021486341800829336,5.921434188312883,0.8611878569324821,0.1463190586820123,8065_8055,0.0,0.0,0.0,200,2,16,1,200,1,200,0,1,199,16,528,FL-528 W,W,Freeway,0.680578221173,0.0,8065,8055,S,3,65863,4,15,23000,65863,70,79,70.0,0.011185967621,1,7974.418976545841,67.80932777510338,1.5447294442365003,0.023124719547037452,5.057289403919313,0.8020986062477047,0.15959296886145097,8.98399406939341,-0.3848125168792792,0
911,3,15850.697228144987,69.62211926257206,1.5560999693881203,0.02255772758665484,3.8654602922187657,0.6586037976812255,0.16936273265378865,19862.01918976546,67.94802828309028,1.5887496901715918,0.023787707060778342,5.982252581809249,1.0140742808553522,0.16379706246716338,8065_8055,1.0,0.5,0.5,200,2,16,1,200,1,200,0,1,199,16,528,FL-528 W,W,Freeway,0.680578221173,0.0,8065,8055,S,3,65863,4,15,23000,65863,70,79,70.0,0.011185967621,1,17856.358208955222,68.78507377283117,1.5724248297798562,0.02317271732371659,4.923856437014007,0.8363390392682888,0.16657989756047603,9.790114925965215,-0.3848125168792792,0
912,0,5104.295258620689,67.69756506489037,3.3452650326685185,0.05032590342000656,1.0413052779218015,0.8342694294897137,0.7777760575808059,5125.837953091685,77.14751075329082,3.17494967594071,0.04231602771619828,1.4704493025513952,1.1835614435308588,0.8037512244241388,8091_5943,5.5,4.5,1.0,214,2,30,1,214,1,214,0,1,213,30,528,FL-528 W,W,Freeway,1.95874020406,0.0,8091,5943,W,2,99999,4,528,51210,99999,70,40,70.0,0.0321961426427,0,5115.066605856187,72.4225379090906,3.260107354304614,0.04632096556810242,1.2558772902365982,1.0089154365102861,0.7907636410024723,8.539945699973709,0.6723015135575279,0
913,1,5487.839479392625,67.40080637565855,1.4783041110469062,0.024364358782839032,4.185562832786542,0.8231441619912583,0.18818651498213626,5476.419700214134,78.30493924329977,1.4811470427096267,0.020271068325080792,6.054007952058612,1.073782829686682,0.17891036479936712,8091_5943,0.5,0.5,0.0,214,2,30,1,214,1,214,0,1,213,30,528,FL-528 W,W,Freeway,1.95874020406,0.0,8091,5943,W,2,99999,4,528,51210,99999,70,40,70.0,0.0321961426427,0,5482.1295898033795,72.85287280947915,1.4797255768782664,0.022317713553959912,5.1197853924225765,0.9484634958389702,0.1835484398907517,8.609248915730245,0.6723015135575279,0
914,2,5512.638949671772,66.11669484984014,1.7727555351206412,0.030179339077841164,4.217997605253425,0.8980327336425445,0.1931274322508139,5524.938034188033,76.63728892254616,2.020101712664608,0.02873883822262208,6.131226120693518,1.185650408306913,0.1864716108719567,8091_5943,3.5,2.5,1.0,214,2,30,1,214,1,214,0,1,213,30,528,FL-528 W,W,Freeway,1.95874020406,0.0,8091,5943,W,2,99999,4,528,51210,99999,70,40,70.0,0.0321961426427,0,5518.788491929903,71.37699188619315,1.8964286238926247,0.02945908865023162,5.174611862973471,1.0418415709747288,0.1897995215613853,8.615913639083082,0.6723015135575279,0
915,3,11138.459051724138,66.2584787089206,1.6174206341455664,0.02521055224776295,3.8936729223152313,0.7362032797835817,0.1791048045629013,11210.857142857143,76.90591423243565,1.8744482709655224,0.02528103722082471,5.711142826287857,1.0738562368809734,0.17699739070926215,8091_5943,6.5,5.0,1.5,214,2,30,1,214,1,214,0,1,213,30,528,FL-528 W,W,Freeway,1.95874020406,0.0,8091,5943,W,2,99999,4,528,51210,99999,70,40,70.0,0.0321961426427,0,11174.658097290641,71.58219647067813,1.7459344525555442,0.02524579473429383,4.802407874301545,0.9050297583322775,0.17805109763608173,9.321403823692975,0.6723015135575279,0
916,0,,,,,,,,6429.3226495726485,68.22764380922747,2.93539027219956,0.04365580724095538,1.3680116481463984,0.96911508720275,0.7088759114170905,8097_6953,3.5,2.0,1.5,208,2,24,1,208,1,208,0,1,207,24,528,FL-528 W,W,Freeway,2.31971979501,0.0,8097,6953,W,2,99999,4,528,60096,99999,70,65,70.0,0.0381286205206,0,6429.3226495726485,68.22764380922747,2.93539027219956,0.04365580724095538,1.3680116481463984,0.96911508720275,0.7088759114170905,8.768624469470133,0.8414464003710361,0
917,1,,,,,,,,8119.18064516129,69.64458614611607,1.4970589340190728,0.021577780938761948,5.915617664596637,1.174320212670566,0.20025560579172133,8097_6953,3.5,3.0,0.5,208,2,24,1,208,1,208,0,1,207,24,528,FL-528 W,W,Freeway,2.31971979501,0.0,8097,6953,W,2,99999,4,528,60096,99999,70,65,70.0,0.0381286205206,0,8119.18064516129,69.64458614611607,1.4970589340190728,0.021577780938761948,5.915617664596637,1.174320212670566,0.20025560579172133,9.00198452229608,0.8414464003710361,0
918,2,,,,,,,,6967.379828326179,68.08822246226345,1.9170395098697948,0.028473339592542887,4.853037582453769,0.9102666465741128,0.1886150570428168,8097_6953,0.5,0.5,0.0,208,2,24,1,208,1,208,0,1,207,24,528,FL-528 W,W,Freeway,2.31971979501,0.0,8097,6953,W,2,99999,4,528,60096,99999,70,65,70.0,0.0381286205206,0,6967.379828326179,68.08822246226345,1.9170395098697948,0.028473339592542887,4.853037582453769,0.9102666465741128,0.1886150570428168,8.848994511747899,0.8414464003710361,0
919,3,,,,,,,,14087.540598290598,68.88288168952928,1.5345653672229775,0.0224352449080877,4.458219315659757,0.7523949808576456,0.1683342319802217,8097_6953,0.5,0.5,0.0,208,2,24,1,208,1,208,0,1,207,24,528,FL-528 W,W,Freeway,2.31971979501,0.0,8097,6953,W,2,99999,4,528,60096,99999,70,65,70.0,0.0381286205206,0,14087.540598290598,68.88288168952928,1.5345653672229775,0.0224352449080877,4.458219315659757,0.7523949808576456,0.1683342319802217,9.553046040210114,0.8414464003710361,0
920,0,5385.623853211009,74.95001116740195,3.981274786703141,0.055609215008505436,1.5386432609093403,1.4287149200575693,0.8941170748126857,,,,,,,,8099_8097,0.0,0.0,0.0,207,2,23,1,207,1,207,0,1,206,23,528,FL-528 W,W,Freeway,0.663365749511,0.0,8099,8097,W,2,99999,4,528,60096,99999,70,59,70.0,0.010903681191,0,5385.623853211009,74.95001116740195,3.981274786703141,0.055609215008505436,1.5386432609093403,1.4287149200575693,0.8941170748126857,8.591488433058835,-0.41042878251619247,0
921,1,6365.149532710279,75.80081159465897,2.3436497602032405,0.0335920168920738,6.72773955809392,1.656092670476444,0.22347508300924465,,,,,,,,8099_8097,1.0,1.0,0.0,207,2,23,1,207,1,207,0,1,206,23,528,FL-528 W,W,Freeway,0.663365749511,0.0,8099,8097,W,2,99999,4,528,60096,99999,70,59,70.0,0.010903681191,0,6365.149532710279,75.80081159465897,2.3436497602032405,0.0335920168920738,6.72773955809392,1.656092670476444,0.22347508300924465,8.758593003678675,-0.41042878251619247,0
922,2,5912.2037037037035,74.27773067410416,2.420003438979076,0.03495536379302398,6.325007796487353,1.235297038164241,0.1842979566954755,,,,,,,,8099_8097,1.0,1.0,0.0,207,2,23,1,207,1,207,0,1,206,23,528,FL-528 W,W,Freeway,0.663365749511,0.0,8099,8097,W,2,99999,4,528,60096,99999,70,59,70.0,0.010903681191,0,5912.2037037037035,74.27773067410416,2.420003438979076,0.03495536379302398,6.325007796487353,1.235297038164241,0.1842979566954755,8.684773918005977,-0.41042878251619247,0
923,3,11728.275229357798,74.82234703076492,2.0650502709564216,0.027955853699653813,5.755893559046178,1.1283446503649317,0.1895118928689409,,,,,,,,8099_8097,0.0,0.0,0.0,207,2,23,1,207,1,207,0,1,206,23,528,FL-528 W,W,Freeway,0.663365749511,0.0,8099,8097,W,2,99999,4,528,60096,99999,70,59,70.0,0.010903681191,0,11728.275229357798,74.82234703076492,2.0650502709564216,0.027955853699653813,5.755893559046178,1.1283446503649317,0.1895118928689409,9.369757891565753,-0.41042878251619247,0
924,0,5595.014925373133,72.54475035769123,3.886327879009431,0.05479429661182567,1.3223532041090855,1.0505652299788537,0.7663767165375754,5262.272921108742,71.94040839915063,3.867214566468277,0.056404663340845276,1.5738174225188082,1.4040262634552487,0.8810281972412771,8112_6073,2.0,2.0,0.0,209,2,25,1,209,1,209,0,1,208,25,528,FL-528 W,W,Freeway,0.229158921073,0.0,8112,6073,W,2,99999,4,528,51210,99999,70,48,70.0,0.0037664762288000006,0,5428.6439232409375,72.24257937842093,3.8767712227388538,0.05559947997633548,1.4480853133139469,1.227295746717051,0.8237024568894262,8.599444643845267,-1.4733395376348997,0
925,1,6506.5236051502125,70.08273446202804,1.946011947789597,0.028550657680417462,5.323282958306003,1.1185278250277109,0.2029332320743492,5991.709677419355,71.52044942416808,2.8686079119637826,0.04448198207418727,6.881644466466137,1.541948583263425,0.2831658108747109,8112_6073,1.0,0.5,0.5,209,2,25,1,209,1,209,0,1,208,25,528,FL-528 W,W,Freeway,0.229158921073,0.0,8112,6073,W,2,99999,4,528,51210,99999,70,48,70.0,0.0037664762288000006,0,6249.116641284783,70.80159194309806,2.40730992987669,0.03651631987730237,6.10246371238607,1.330238204145568,0.24304952147453004,8.740195395346941,-1.4733395376348997,0
926,2,5931.168803418804,69.66183892704434,2.437502813697794,0.03648549764681478,4.913294490582335,0.981778134702722,0.18986683031312468,5521.873390557939,70.98378306266454,2.7163118125737125,0.04099583553759688,6.436196306705082,1.475785571557926,0.28421843440143796,8112_6073,0.0,0.0,0.0,209,2,25,1,209,1,209,0,1,208,25,528,FL-528 W,W,Freeway,0.229158921073,0.0,8112,6073,W,2,99999,4,528,51210,99999,70,48,70.0,0.0037664762288000006,0,5726.521096988372,70.32281099485445,2.576907313135753,0.03874066659220583,5.674745398643708,1.228781853130324,0.23704263235728132,8.65286348692919,-1.4733395376348997,0
927,3,12310.673773987208,68.67255351050125,2.3854591788501303,0.036098265559431165,4.748073898145205,0.993875292905708,0.1863112463769588,11456.37339055794,70.36737598921182,2.8412443438230484,0.04432056721542335,6.256056465989407,1.5256494743964202,0.2830466555837206,8112_6073,2.5,2.5,0.0,209,2,25,1,209,1,209,0,1,208,25,528,FL-528 W,W,Freeway,0.229158921073,0.0,8112,6073,W,2,99999,4,528,51210,99999,70,48,70.0,0.0037664762288000006,0,11883.523582272574,69.51996474985654,2.613351761336589,0.040209416387427255,5.502065182067306,1.259762383651064,0.2346789509803397,9.382908146774586,-1.4733395376348997,0
928,0,10284.814655172411,65.65834763367253,2.039832425788426,0.03109723177863125,1.569846663326526,1.0625500456532877,0.6797167357764468,9302.510683760684,68.01640754542518,2.764049884343707,0.040657684872322096,1.7333330974807375,1.2067925875365921,0.6992793353156455,8172_8180,0.0,0.0,0.0,196,2,12,1,196,1,196,0,1,195,12,528,FL-528 W,W,Freeway,0.309585350742,0.0,8172,8180,W,2,65863,7,528,89199,65863,70,39,70.0,0.00507540943606,1,9793.662669466547,66.83737758954885,2.4019411550660665,0.035877458325476674,1.6515898804036317,1.13467131659494,0.689498035546046,9.18949078909881,-1.1725214551108427,1
929,1,13035.83660130719,62.97801687001342,4.450107731534362,0.07509532135151048,8.345735219351155,2.6161622410312835,0.2900156758796779,11734.68669527897,63.8119277606824,6.912358437651157,0.11695584863155654,10.14555045314752,3.7665175552603816,0.3403263467449048,8172_8180,2.0,1.5,0.5,196,2,12,1,196,1,196,0,1,195,12,528,FL-528 W,W,Freeway,0.309585350742,0.0,8172,8180,W,2,65863,7,528,89199,65863,70,39,70.0,0.00507540943606,1,12385.261648293079,63.394972315347914,5.68123308459276,0.09602558499153352,9.245642836249338,3.1913398981458325,0.31517101131229136,9.424262467925018,-1.1725214551108427,1
930,2,8602.03711790393,64.80898966704541,1.6101112630717482,0.02514872256889597,5.186331262397548,0.7973252715619035,0.15254352470202262,8005.80128205128,66.41261661124996,1.9835626820329602,0.029989667785284183,5.475270207508646,0.7869422477942647,0.14465622883712365,8172_8180,0.5,0.5,0.0,196,2,12,1,196,1,196,0,1,195,12,528,FL-528 W,W,Freeway,0.309585350742,0.0,8172,8180,W,2,65863,7,528,89199,65863,70,39,70.0,0.00507540943606,1,8303.919199977605,65.61080313914769,1.796836972552354,0.027569195177090076,5.3308007349530975,0.7921337596780841,0.14859987676957315,9.024482875105152,-1.1725214551108427,1
931,3,19485.23440860215,65.67403225887648,1.6676927130330694,0.025687865338425386,5.134850229180986,0.8775707222301583,0.1669688588141034,18218.96581196581,66.90015675386519,2.353555780523096,0.03553561356773412,5.506446421238733,1.1649668404328604,0.20564962277184728,8172_8180,0.5,0.5,0.0,196,2,12,1,196,1,196,0,1,195,12,528,FL-528 W,W,Freeway,0.309585350742,0.0,8172,8180,W,2,65863,7,528,89199,65863,70,39,70.0,0.00507540943606,1,18852.10011028398,66.28709450637083,2.010624246778083,0.030611739453079753,5.320648325209859,1.0212687813315093,0.18630924079297534,9.844379598356488,-1.1725214551108427,1
932,0,11049.793406593406,56.94940295353911,3.004157015451582,0.05281427179184981,3.201719826255481,1.9554096285094549,0.6050462036523871,11217.624733475479,64.24435598050381,3.2209130502870518,0.050250277886387626,3.861076985644632,2.4403301950096594,0.6308366735274518,8199_6602,0.0,0.0,0.0,190,2,6,1,190,1,190,0,1,189,6,528,FL-528 W,W,Freeway,0.174025220088,0.0,8199,6602,W,2,65863,4,528,78462,65863,55,60,55.0,0.00286037747621,1,11133.709070034442,60.596879467021466,3.112535032869317,0.05153227483911872,3.5313984059500565,2.197869911759557,0.6179414385899195,9.317732638532693,-1.748555047236352,0
933,1,9872.467849223947,44.99507752452569,11.756659462814223,0.2770643426683231,15.301729699888526,7.537752984987924,0.47170560596357397,10038.777777777776,54.106908850030976,10.359929287003693,0.19786644783549784,17.19394933886819,5.818999049372652,0.332355986227014,8199_6602,2.0,1.0,1.0,190,2,6,1,190,1,190,0,1,189,6,528,FL-528 W,W,Freeway,0.174025220088,0.0,8199,6602,W,2,65863,4,528,78462,65863,55,60,55.0,0.00286037747621,1,9955.62281350086,49.55099318727834,11.058294374908957,0.23746539525191046,16.24783951937836,6.678376017180288,0.402030796095294,9.205892777424381,-1.748555047236352,0
934,2,7962.426048565121,53.19073020192407,3.6647566668377625,0.0827924331268229,9.850231929348007,2.477444625343801,0.20680899469739653,7967.140724946696,59.09781342954542,4.427873982633427,0.08002237606030302,12.107410574442605,2.284010088038984,0.17981640989094988,8199_6602,0.0,0.0,0.0,190,2,6,1,190,1,190,0,1,189,6,528,FL-528 W,W,Freeway,0.174025220088,0.0,8199,6602,W,2,65863,4,528,78462,65863,55,60,55.0,0.00286037747621,1,7964.783386755908,56.14427181573474,4.046315324735595,0.08140740459356297,10.978821251895306,2.3807273566913922,0.1933127022941732,8.98278502633792,-1.748555047236352,0
935,3,18298.254945054945,55.194684311281996,5.167625545174267,0.09757842573522857,8.954569277479468,3.334781535757332,0.34190535498874786,18556.722814498935,62.10614327084194,5.140380959401331,0.0847341182922912,11.562096818730627,2.8490383006134,0.2398930836367225,8199_6602,0.0,0.0,0.0,190,2,6,1,190,1,190,0,1,189,6,528,FL-528 W,W,Freeway,0.174025220088,0.0,8199,6602,W,2,65863,4,528,78462,65863,55,60,55.0,0.00286037747621,1,18427.488879776938,58.650413791061965,5.154003252287799,0.09115627201375989,10.258333048105047,3.091909918185366,0.29089921931273516,9.82159878960522,-1.748555047236352,0
936,0,12823.872068230276,60.12847215294335,3.3456536304745845,0.05666979443853105,2.5071385984780337,1.5429671360338597,0.6122493230996311,13057.6452991453,60.704894107046925,2.766780389246477,0.04610425792290546,1.6857971656828508,0.9303729785561252,0.5541014854421059,8336_11452,0.5,0.5,0.0,189,2,5,1,189,1,189,0,1,188,5,528,FL-528 W,W,Freeway,0.450708500052,0.0,8336,11452,W,2,65863,6,528,80539,65863,55,57,55.0,0.00740280617138,1,12940.758683687789,60.416683129995135,3.056217009860531,0.051387026180718255,2.096467882080442,1.2366700572949925,0.5831754042708686,9.468137197223943,-0.7969344897961913,1
937,1,12205.638888888889,58.76754209213604,1.8227258237450288,0.03134230378782596,7.907952400034594,1.5969534315562135,0.20147401264270245,12298.667381974248,64.2242633007744,1.5105951809711584,0.02399211262725047,5.023884501150646,0.9916660350863,0.1920981946709412,8336_11452,1.0,0.5,0.5,189,2,5,1,189,1,189,0,1,188,5,528,FL-528 W,W,Freeway,0.450708500052,0.0,8336,11452,W,2,65863,6,528,80539,65863,55,57,55.0,0.00740280617138,1,12252.153135431568,61.49590269645522,1.6666605023580936,0.027667208207538214,6.4659184505926195,1.2943097333212568,0.1967861036568218,9.41345696668549,-0.7969344897961913,1
938,2,9224.52025586354,58.17768374582009,1.8805557020230121,0.032529062624394284,6.420703434268558,0.8136287420548038,0.12767119208407599,9363.48717948718,61.50196427355439,1.6832728174457905,0.027771730371813387,4.204746483205764,0.5403549425759626,0.12762515018219292,8336_11452,1.0,0.5,0.5,189,2,5,1,189,1,189,0,1,188,5,528,FL-528 W,W,Freeway,0.450708500052,0.0,8336,11452,W,2,65863,6,528,80539,65863,55,57,55.0,0.00740280617138,1,9294.00371767536,59.83982400968724,1.7819142597344013,0.030150396498103835,5.312724958737161,0.6769918423153832,0.12764817113313445,9.137124709652952,-0.7969344897961913,1
939,3,21870.260127931768,58.62772789015492,1.8065535972131697,0.031050727496315964,6.589737096276172,0.8726307966161736,0.1323916374743904,22184.927350427348,62.0389771812804,1.4706579226253116,0.023863963085100533,4.293630183536598,0.5449424029358315,0.1274412251656921,8336_11452,0.5,0.0,0.5,189,2,5,1,189,1,189,0,1,188,5,528,FL-528 W,W,Freeway,0.450708500052,0.0,8336,11452,W,2,65863,6,528,80539,65863,55,57,55.0,0.00740280617138,1,22027.59373917956,60.333352535717665,1.6386057599192405,0.02745734529070825,5.441683639906385,0.7087865997760026,0.12991643132004124,10.000051207284187,-0.7969344897961913,1
940,0,13182.144989339022,61.274826161251724,2.9870960149392767,0.04973868569657065,2.477466982508157,1.527794264912914,0.5993412724645946,12823.872068230276,60.12847215294335,3.3456536304745845,0.05666979443853105,2.5071385984780337,1.5429671360338597,0.6122493230996311,8344_8336,1.0,0.5,0.5,188,2,4,1,188,1,188,0,1,187,4,528,FL-528 W,W,Freeway,0.232467719765,0.0,8344,8336,W,2,65863,6,528,63500,65863,55,57,55.0,0.00381971307874,1,13003.008528784649,60.701649157097535,3.1663748227069304,0.053204240067550854,2.4923027904930954,1.5353807004733868,0.6057952977821128,9.4729360349601,-1.4590039033142823,1
941,1,11871.989130434782,61.884841930054606,1.7799759380375841,0.02913384997175825,7.58304355777538,1.5289430074689587,0.20150631256135385,12205.638888888889,58.76754209213604,1.8227258237450288,0.03134230378782596,7.907952400034594,1.5969534315562135,0.20147401264270245,8344_8336,0.5,0.5,0.0,188,2,4,1,188,1,188,0,1,187,4,528,FL-528 W,W,Freeway,0.232467719765,0.0,8344,8336,W,2,65863,6,528,63500,65863,55,57,55.0,0.00381971307874,1,12038.814009661835,60.32619201109532,1.8013508808913063,0.030238076879792103,7.745497978904987,1.5629482195125861,0.20149016260202815,9.395891209830046,-1.4590039033142823,1
942,2,9394.933618843685,60.04826335057787,1.7935474173597965,0.030205211084389495,6.456752238020978,0.759531841822741,0.1185324844651162,9224.52025586354,58.17768374582009,1.8805557020230121,0.032529062624394284,6.420703434268558,0.8136287420548038,0.12767119208407599,8344_8336,0.0,0.0,0.0,188,2,4,1,188,1,188,0,1,187,4,528,FL-528 W,W,Freeway,0.232467719765,0.0,8344,8336,W,2,65863,6,528,63500,65863,55,57,55.0,0.00381971307874,1,9309.726937353611,59.11297354819898,1.8370515596914043,0.03136713685439189,6.438727836144768,0.7865802919387724,0.12310183827459609,9.138815039803772,-1.4590039033142823,1
943,3,21968.20042643923,60.9875373903735,1.6158507273937779,0.02678150879128389,6.442021205912527,0.820459159850177,0.1274023292344857,21870.260127931768,58.62772789015492,1.8065535972131697,0.031050727496315964,6.589737096276172,0.8726307966161736,0.1323916374743904,8344_8336,0.5,0.5,0.0,188,2,4,1,188,1,188,0,1,187,4,528,FL-528 W,W,Freeway,0.232467719765,0.0,8344,8336,W,2,65863,6,528,63500,65863,55,57,55.0,0.00381971307874,1,21919.2302771855,59.80763264026421,1.7112021623034739,0.028916118143799928,6.5158791510943495,0.8465449782331753,0.12989698335443806,9.9951196253535,-1.4590039033142823,1
