,period,VolumeUp,AvgSpeedUp,StdSpeedUp,CoefOfVarSpeedUp,AvgOccupancyUp,StdOccupancyUp,CoefOfVarOccupancyUp,VolumeDown,AvgSpeedDown,StdSpeedDown,CoefOfVarSpeedDown,AvgOccupancyDown,StdOccupancyDown,CoefOfVarOccupancyDown,SegmentId
0,0,17868.508620689656,65.03957212361374,1.8909502294756222,0.029099540648091508,1.2251819764597385,0.8584537457623684,0.6980763342773103,8610.586353944564,63.95091679820117,3.173477615097497,0.05004915355499433,1.8520674463580802,1.0970554097494534,0.5822996142568941,8581_7010
1,1,10436.454545454546,65.8814393646211,1.1848496829205237,0.018006472067935157,2.9484623042358593,0.7166120885366478,0.24534216379993012,5099.655246252677,63.46660672511392,1.9008536797681415,0.029974708376922964,3.75523821855056,0.7688650573046962,0.20606138090537715,8581_7010
2,2,18790.060475161987,54.79485355360102,10.755696829281566,0.2396521148925612,10.395915100301671,6.517449573781687,0.5406191154502389,9895.916488222698,49.11673225406638,10.3309312302719,0.22297035780967842,11.519290999138384,5.501523565675154,0.47278684847382435,8581_7010
3,3,35195.924568965514,64.20286085993327,1.9555702716374679,0.03136779617443965,4.546020200090258,1.1075116749348621,0.2250852314890367,16911.170575692962,60.04425502759874,2.753591315228907,0.04735123454925062,5.171951166336427,1.332143966537207,0.24158391610971627,8581_7010
4,0,8610.586353944564,63.95091679820117,3.173477615097497,0.05004915355499433,1.8520674463580802,1.0970554097494534,0.5822996142568941,8769.824411134903,65.37840122930653,2.7210422738078397,0.04179927616938425,1.8394647300564346,1.2381658095583945,0.6490451565420344,7010_6916
5,1,5099.655246252677,63.46660672511392,1.9008536797681415,0.029974708376922964,3.75523821855056,0.7688650573046962,0.20606138090537715,5070.894623655914,65.08807039115979,1.3692531940675567,0.021038543161683732,3.9899052736940583,0.9126596575675269,0.23052656412327974,7010_6916
6,2,9895.916488222698,49.11673225406638,10.3309312302719,0.22297035780967842,11.519290999138384,5.501523565675154,0.47278684847382435,9315.675965665236,44.37311290531513,15.59143690299799,0.3944192036169185,19.090436357210315,11.220760183174733,0.6017558932270187,7010_6916
7,3,16911.170575692962,60.04425502759874,2.753591315228907,0.04735123454925062,5.171951166336427,1.332143966537207,0.24158391610971627,16990.250535331907,62.62369507052443,2.883544900442832,0.04877990659876653,6.317383255226896,1.8969544423792133,0.26362330394653327,7010_6916
8,0,8769.824411134903,65.37840122930653,2.7210422738078397,0.04179927616938425,1.8394647300564346,1.2381658095583945,0.6490451565420344,8868.90364025696,73.68620664979424,2.3507980475175243,0.03201790500774321,2.583612537136727,1.7913475177003342,0.6866350166825844,6916_6959
9,1,5070.894623655914,65.08807039115979,1.3692531940675567,0.021038543161683732,3.9899052736940583,0.9126596575675269,0.23052656412327974,5113.3125,74.15876778151396,1.3797324410651282,0.0188157542384137,6.035410316744832,1.4958514248244386,0.24607391834535766,6916_6959
10,2,9315.675965665236,44.37311290531513,15.59143690299799,0.3944192036169185,19.090436357210315,11.220760183174733,0.6017558932270187,9394.06008583691,56.84935051065012,13.481317790449024,0.2513715382295276,17.499920397194394,7.277093068355282,0.4154538065578169,6916_6959
11,3,16990.250535331907,62.62369507052443,2.883544900442832,0.04877990659876653,6.317383255226896,1.8969544423792133,0.26362330394653327,17171.963597430407,71.32561285856565,3.4135485229743447,0.0504777569971885,9.540690005823222,2.381032873656337,0.2359088935387966,6916_6959
12,0,4442.599147121535,71.00279872580286,2.5813398098980684,0.03638198817648083,1.4133313934725285,0.9777781265378706,0.6829607744638989,17868.508620689656,65.03957212361374,1.8909502294756222,0.029099540648091508,1.2251819764597385,0.8584537457623684,0.6980763342773103,6044_8581
13,1,3576.6431623931626,73.05241696842556,1.163948166529126,0.015957934637667367,4.4332890450498,1.00546846157106,0.23021737145694177,10436.454545454546,65.8814393646211,1.1848496829205237,0.018006472067935157,2.9484623042358593,0.7166120885366478,0.24534216379993012,6044_8581
14,2,5236.846153846154,63.99839043351199,10.769094180149754,0.2190827205440627,10.733648678567654,6.693190079702665,0.5107294725684614,18790.060475161987,54.79485355360102,10.755696829281566,0.2396521148925612,10.395915100301671,6.517449573781687,0.5406191154502389,6044_8581
15,3,11045.910447761195,71.74408693507766,2.0553751428493774,0.02945277118411487,6.164998313659605,1.4268638086664969,0.21946656307602547,35195.924568965514,64.20286085993327,1.9555702716374679,0.03136779617443965,4.546020200090258,1.1075116749348621,0.2250852314890367,6044_8581
16,0,8785.909691629957,69.6858025243526,2.344351525760533,0.03370719258238224,1.6124174467278891,1.0352924145899822,0.6402365404895869,9619.409381663114,65.10677133329258,2.172223448911604,0.033500036975055325,1.7782314183676298,1.2223532665855656,0.6811333619523355,8287_8107
17,1,5017.498891352549,70.5520118578891,1.4521787678232687,0.020679352978208342,3.7239835711504146,0.8011643007142162,0.21644897273829694,6454.401709401709,65.12134064509748,1.1512991942936994,0.017968139461637583,4.9101053637297865,1.038318701183706,0.20967776115067815,8287_8107
18,2,9365.567328918321,60.76269035186662,6.067134080588498,0.10392880510777773,8.03066248254001,2.3388749022772704,0.27933457872626605,10450.848614072494,55.33567503924648,9.197276114377694,0.18491640043485924,11.22006047550202,5.117397319021621,0.41332254215581,8287_8107
19,3,16971.56953642384,67.35417352358122,2.247389739539974,0.03388232456911667,5.5984213984715305,1.0906152967614549,0.19450450621225474,18723.526652452027,63.33416365052725,1.8734883078191307,0.030043922111169668,6.36281064504165,1.2075638090023932,0.18692481177959314,8287_8107
20,0,9235.025806451613,67.33419934194337,2.8424224803489944,0.04346344772709291,2.0023678614148106,1.3170598188498859,0.6435438109526729,9243.438972162741,64.17193302349558,4.436280808433082,0.069274817710392,2.0921737272431087,1.3022463163794058,0.6236636569285717,8280_8017
21,1,6420.890350877193,67.20784614732356,1.688977356494612,0.025627911100862596,5.105957476826531,1.0622206870515276,0.2051305405341561,6792.144396551724,58.98333096643152,2.5400390041780994,0.043286211634954205,5.177308652700669,1.040094331624084,0.20053886079467412,8280_8017
22,2,10219.642533936652,59.24825359964217,5.043398822963431,0.08749841880441128,9.18709038362172,2.099502752647019,0.22736991766211345,10757.817596566523,53.58843726594131,3.3962971974969727,0.06469533435733316,8.226251528066417,1.8107937526807685,0.21691644674031807,8280_8017
23,3,17432.95474137931,64.28805145321611,3.0194998160915643,-0.031356784255832146,6.699086353172614,1.2065350235992678,0.1806880601533498,18578.982832618025,57.66340539281766,2.5175586709788464,0.043919883889409,6.368387716679002,1.1627858141749303,0.18180853722740264,8280_8017
24,0,9619.409381663114,65.10677133329258,2.172223448911604,0.033500036975055325,1.7782314183676298,1.2223532665855656,0.6811333619523355,9235.025806451613,67.33419934194337,2.8424224803489944,0.04346344772709291,2.0023678614148106,1.3170598188498859,0.6435438109526729,8107_8280
25,1,6454.401709401709,65.12134064509748,1.1512991942936994,0.017968139461637583,4.9101053637297865,1.038318701183706,0.20967776115067815,6420.890350877193,67.20784614732356,1.688977356494612,0.025627911100862596,5.105957476826531,1.0622206870515276,0.2051305405341561,8107_8280
26,2,10450.848614072494,55.33567503924648,9.197276114377694,0.18491640043485924,11.22006047550202,5.117397319021621,0.41332254215581,10219.642533936652,59.24825359964217,5.043398822963431,0.08749841880441128,9.18709038362172,2.099502752647019,0.22736991766211345,8107_8280
27,3,18723.526652452027,63.33416365052725,1.8734883078191307,0.030043922111169668,6.36281064504165,1.2075638090023932,0.18692481177959314,17432.95474137931,64.28805145321611,3.0194998160915643,-0.031356784255832146,6.699086353172614,1.2065350235992678,0.1806880601533498,8107_8280
28,0,8868.90364025696,73.68620664979424,2.3507980475175243,0.03201790500774321,2.583612537136727,1.7913475177003342,0.6866350166825844,8785.909691629957,69.6858025243526,2.344351525760533,0.03370719258238224,1.6124174467278891,1.0352924145899822,0.6402365404895869,6959_8287
29,1,5113.3125,74.15876778151396,1.3797324410651282,0.0188157542384137,6.035410316744832,1.4958514248244386,0.24607391834535766,5017.498891352549,70.5520118578891,1.4521787678232687,0.020679352978208342,3.7239835711504146,0.8011643007142162,0.21644897273829694,6959_8287
30,2,9394.06008583691,56.84935051065012,13.481317790449024,0.2513715382295276,17.499920397194394,7.277093068355282,0.4154538065578169,9365.567328918321,60.76269035186662,6.067134080588498,0.10392880510777773,8.03066248254001,2.3388749022772704,0.27933457872626605,6959_8287
31,3,17171.963597430407,71.32561285856565,3.4135485229743447,0.0504777569971885,9.540690005823222,2.381032873656337,0.2359088935387966,16971.56953642384,67.35417352358122,2.247389739539974,0.03388232456911667,5.5984213984715305,1.0906152967614549,0.19450450621225474,6959_8287
32,0,9279.151385927506,69.28000611047705,2.590361952491273,0.03756120212680111,1.3802323988215885,0.877501461157951,0.6392610076965819,9293.935760171305,67.42458491170521,2.5052167672964103,0.037226322954423983,1.2998430515084707,0.8273255290885448,0.642116128450797,9178_7997
33,1,6997.847639484979,69.51326038898782,1.3731669530016393,0.019940484785467304,3.8769944954378674,0.7786653092390763,0.20163709231325913,7027.049783549784,68.72154972731647,1.6393333705273432,0.024229830632113054,3.683020484380489,0.7086130409545591,0.18824121573526176,9178_7997
34,2,9845.533190578159,66.82304516523166,2.484317901192191,0.03871530496943817,5.6756005861610825,1.1877545495270287,0.2015494504526787,9883.309012875536,65.78576803496172,2.8002362430272885,0.04571797103415029,5.076094276397378,1.2318967960189218,0.21530023029949144,9178_7997
35,3,17171.94871794872,68.69634419614673,1.6179728570980303,0.023784062760459725,4.247921218443753,0.7846169437843278,0.1830073098703381,17201.55032119914,67.50979342840897,1.7625629051899347,0.026379411813297414,3.834184418191046,0.6940426695069424,0.17683004824378795,9178_7997
36,0,9243.438972162741,64.17193302349558,4.436280808433082,0.069274817710392,2.0921737272431087,1.3022463163794058,0.6236636569285717,8004.984881209503,65.85010477934615,4.374628380617175,0.06710451349400126,1.7110636350173052,1.1074219405814854,0.6501575182863664,8017_6167
37,1,6792.144396551724,58.98333096643152,2.5400390041780994,0.043286211634954205,5.177308652700669,1.040094331624084,0.20053886079467412,6171.6594360086765,62.76609421246142,1.598111735372955,0.02569429660781074,4.784207203344627,1.0371580601828991,0.21365326976244525,8017_6167
38,2,10757.817596566523,53.58843726594131,3.3962971974969727,0.06469533435733316,8.226251528066417,1.8107937526807685,0.21691644674031807,9174.273913043478,59.77208280626154,2.483964481710666,0.04358339383060885,7.254956476109101,1.5623618578277894,0.20793798968739294,8017_6167
39,3,18578.982832618025,57.66340539281766,2.5175586709788464,0.043919883889409,6.368387716679002,1.1627858141749303,0.18180853722740264,15916.845652173914,61.515885874454256,1.6535460327387643,0.027065314427381193,5.540954230119288,1.0274281655838284,0.18395247321343489,8017_6167
40,0,9293.935760171305,67.42458491170521,2.5052167672964103,0.037226322954423983,1.2998430515084707,0.8273255290885448,0.642116128450797,7911.501066098081,69.09727708297945,2.4184591799997874,0.03510665814614561,1.7384458555769315,1.151328441916874,0.6639232916898042,7997_8466
41,1,7027.049783549784,68.72154972731647,1.6393333705273432,0.024229830632113054,3.683020484380489,0.7086130409545591,0.18824121573526176,7314.139784946236,66.83912264260664,2.0485123885377248,0.03269031006589463,6.403284743596024,1.5184710168512325,0.22206174998010939,7997_8466
42,2,9883.309012875536,65.78576803496172,2.8002362430272885,0.04571797103415029,5.076094276397378,1.2318967960189218,0.21530023029949144,8823.289079229122,64.07475951849389,4.509441213997524,0.07982168802453042,8.17711496523431,2.352090445851718,0.25951358791525125,7997_8466
43,3,17201.55032119914,67.50979342840897,1.7625629051899347,0.026379411813297414,3.834184418191046,0.6940426695069424,0.17683004824378795,15884.850427350428,67.08433683296859,1.8981946303534956,0.028710221980336046,5.906364886760042,1.0992172303634127,0.1822256777419143,7997_8466
44,0,8004.984881209503,65.85010477934615,4.374628380617175,0.06710451349400126,1.7110636350173052,1.1074219405814854,0.6501575182863664,9279.151385927506,69.28000611047705,2.590361952491273,0.03756120212680111,1.3802323988215885,0.877501461157951,0.6392610076965819,6167_9178
45,1,6171.6594360086765,62.76609421246142,1.598111735372955,0.02569429660781074,4.784207203344627,1.0371580601828991,0.21365326976244525,6997.847639484979,69.51326038898782,1.3731669530016393,0.019940484785467304,3.8769944954378674,0.7786653092390763,0.20163709231325913,6167_9178
46,2,9174.273913043478,59.77208280626154,2.483964481710666,0.04358339383060885,7.254956476109101,1.5623618578277894,0.20793798968739294,9845.533190578159,66.82304516523166,2.484317901192191,0.03871530496943817,5.6756005861610825,1.1877545495270287,0.2015494504526787,6167_9178
47,3,15916.845652173914,61.515885874454256,1.6535460327387643,0.027065314427381193,5.540954230119288,1.0274281655838284,0.18395247321343489,17171.94871794872,68.69634419614673,1.6179728570980303,0.023784062760459725,4.247921218443753,0.7846169437843278,0.1830073098703381,6167_9178
48,0,7911.501066098081,69.09727708297945,2.4184591799997874,0.03510665814614561,1.7384458555769315,1.151328441916874,0.6639232916898042,8032.191897654584,71.08202039310844,2.3432173956698286,0.03301201170375879,2.246933913993096,1.6836847701188657,0.75011976862106,8466_7095
49,1,7314.139784946236,66.83912264260664,2.0485123885377248,0.03269031006589463,6.403284743596024,1.5184710168512325,0.22206174998010939,7257.5,68.67151808377318,2.468929952531655,0.03680595738857144,8.922034015896347,2.002255954047077,0.22220717740359794,8466_7095
50,2,8823.289079229122,64.07475951849389,4.509441213997524,0.07982168802453042,8.17711496523431,2.352090445851718,0.25951358791525125,8732.63539445629,64.40809283640823,4.712222983862684,0.0770851543933874,11.451682757174844,2.733625623196813,0.2333878851171154,8466_7095
51,3,15884.850427350428,67.08433683296859,1.8981946303534956,0.028710221980336046,5.906364886760042,1.0992172303634127,0.1822256777419143,15796.507462686568,68.37798715080038,2.3255881741529603,0.034463452975659406,8.50438800988052,1.6260521374136514,0.19005604399835835,8466_7095
52,0,8032.191897654584,71.08202039310844,2.3432173956698286,0.03301201170375879,2.246933913993096,1.6836847701188657,0.75011976862106,7762.987206823028,69.34177527097526,2.9461149619238607,0.04283447293282456,1.671523554702731,1.1588834647456252,0.6967209343274158,7095_6630
53,1,7257.5,68.67151808377318,2.468929952531655,0.03680595738857144,8.922034015896347,2.002255954047077,0.22220717740359794,7129.543103448276,66.85945823041473,2.1754335994483593,0.03284343212411871,5.615309208404814,1.1955878862311204,0.21259821647450597,7095_6630
54,2,8732.63539445629,64.40809283640823,4.712222983862684,0.0770851543933874,11.451682757174844,2.733625623196813,0.2333878851171154,8535.237687366167,64.67105767747039,2.731772529682759,0.04265574309034776,6.71796523587808,1.3178646886412293,0.1944890833908884,7095_6630
55,3,15796.507462686568,68.37798715080038,2.3255881741529603,0.034463452975659406,8.50438800988052,1.6260521374136514,0.19005604399835835,15388.057569296376,65.69925688513769,2.168109943407129,0.03308895571027438,5.052571789166721,0.9660271871200197,0.18995754533634798,7095_6630
56,0,4244.139186295503,69.91302038800222,3.8871368446236962,0.05563296121948455,1.5280826225460418,1.017876452769636,0.6650865074930215,4244.139186295503,69.91302038800222,3.8871368446236962,0.05563296121948455,1.5280826225460418,1.017876452769636,0.6650865074930215,6854_11007
57,1,5123.071428571428,70.79869117720116,1.659467147622353,0.02359787613456479,4.68027535533324,1.1178812379767935,0.24034750473702057,5123.071428571428,70.79869117720116,1.659467147622353,0.02359787613456479,4.68027535533324,1.1178812379767935,0.24034750473702057,6854_11007
58,2,6625.068669527897,70.57877519678864,2.116297642535484,0.030375188655129306,5.984598598189224,1.1341054625676399,0.18908786526199584,6625.068669527897,70.57877519678864,2.116297642535484,0.030375188655129306,5.984598598189224,1.1341054625676399,0.18908786526199584,6854_11007
59,3,11071.18669527897,70.31513350289309,1.8636516399937664,0.0269040185142557,4.541573129951283,0.8983651920001944,0.1968807601294721,11071.18669527897,70.31513350289309,1.8636516399937664,0.0269040185142557,4.541573129951283,0.8983651920001944,0.1968807601294721,6854_11007
60,0,7762.987206823028,69.34177527097526,2.9461149619238607,0.04283447293282456,1.671523554702731,1.1588834647456252,0.6967209343274158,8000.299785867238,68.72832482508008,2.7924785970760126,0.040751591609233445,1.7983937096679068,1.2575386738117658,0.7007537818685807,6630_6324
61,1,7129.543103448276,66.85945823041473,2.1754335994483593,0.03284343212411871,5.615309208404814,1.1955878862311204,0.21259821647450597,7245.606451612904,66.12127079907528,1.5609958053817914,0.023673482085024303,6.165288048005511,1.2671679256234736,0.2056455297569796,6630_6324
62,2,8535.237687366167,64.67105767747039,2.731772529682759,0.04265574309034776,6.71796523587808,1.3178646886412293,0.1944890833908884,8696.538626609443,65.16086691336379,2.0071951242592787,0.03133532898859223,7.4255752659554926,1.3784494280045447,0.1854697215609234,6630_6324
63,3,15388.057569296376,65.69925688513769,2.168109943407129,0.03308895571027438,5.052571789166721,0.9660271871200197,0.18995754533634798,15751.547008547008,66.18669199019122,1.5558684061951695,0.023583984067507745,5.7899699975007355,0.9683010651718819,0.16801998292800793,6630_6324
64,0,8000.299785867238,68.72832482508008,2.7924785970760126,0.040751591609233445,1.7983937096679068,1.2575386738117658,0.7007537818685807,4244.139186295503,69.91302038800222,3.8871368446236962,0.05563296121948455,1.5280826225460418,1.017876452769636,0.6650865074930215,6324_6854
65,1,7245.606451612904,66.12127079907528,1.5609958053817914,0.023673482085024303,6.165288048005511,1.2671679256234736,0.2056455297569796,5123.071428571428,70.79869117720116,1.659467147622353,0.02359787613456479,4.68027535533324,1.1178812379767935,0.24034750473702057,6324_6854
66,2,8696.538626609443,65.16086691336379,2.0071951242592787,0.03133532898859223,7.4255752659554926,1.3784494280045447,0.1854697215609234,6625.068669527897,70.57877519678864,2.116297642535484,0.030375188655129306,5.984598598189224,1.1341054625676399,0.18908786526199584,6324_6854
67,3,15751.547008547008,66.18669199019122,1.5558684061951695,0.023583984067507745,5.7899699975007355,0.9683010651718819,0.16801998292800793,11071.18669527897,70.31513350289309,1.8636516399937664,0.0269040185142557,4.541573129951283,0.8983651920001944,0.1968807601294721,6324_6854
68,0,6361.720085470086,73.84388479444064,2.573129723810575,0.03486992311717172,0.8326165550946985,0.6330924974073755,0.7673392607229911,6307.5491452991455,73.01759396514863,2.7038820118826457,0.03705721686914016,1.1079769540385114,0.8619550398059063,0.7822793444144831,8476_8600
69,1,6070.81330472103,73.76448159953873,1.2828178325213102,0.0174225917615528,3.1699564777191975,0.7563943519160637,0.2424720140757317,6095.640086206897,73.04392285213318,1.2742070869251665,0.01748756016112765,4.3460222610124095,1.0492075176665343,0.24459538673026346,8476_8600
70,2,8023.273504273504,73.3440583109855,1.7252026040534691,0.023979579260229797,4.012568663362626,0.7460609075780231,0.18301391487249985,8032.594420600858,71.99420962924326,2.0176344671170905,0.02937877267336125,5.680320031275262,1.111110160589299,0.18990428191338513,8476_8600
71,3,12936.273504273504,73.12937607478602,1.5932154410186115,0.022155119740235558,3.0126709481294287,0.587455463523449,0.19005914528606344,12931.62312633833,72.50676446156528,1.562263996355388,0.022175137011150207,4.097554690450049,0.8137933695442298,0.1934755802298282,8476_8600
72,0,6133.395033860045,69.11454615235638,2.990375607516626,0.043289923999001854,0.7789078830525616,0.586124087146091,0.7618606174297323,6361.720085470086,73.84388479444064,2.573129723810575,0.03486992311717172,0.8326165550946985,0.6330924974073755,0.7673392607229911,11010_8476
73,1,6000.054669703873,68.49399620209887,1.3439013103456159,0.019656932388854357,3.146469696948189,0.7287778826308803,0.23628802238088176,6070.81330472103,73.76448159953873,1.2828178325213102,0.0174225917615528,3.1699564777191975,0.7563943519160637,0.2424720140757317,11010_8476
74,2,7945.7732426303855,68.00645740333101,1.6123042501638982,0.023955914071698836,3.6337497715222544,0.645277921286433,0.1779815603808764,8023.273504273504,73.3440583109855,1.7252026040534691,0.023979579260229797,4.012568663362626,0.7460609075780231,0.18301391487249985,11010_8476
75,3,12792.51247165533,67.93111041101223,1.5502282325352656,0.023036785515372905,2.8618824832875545,0.5415517541473558,0.18880303320207673,12936.273504273504,73.12937607478602,1.5932154410186115,0.022155119740235558,3.0126709481294287,0.587455463523449,0.19005914528606344,11010_8476
76,0,4244.139186295503,69.91302038800222,3.8871368446236962,0.05563296121948455,1.5280826225460418,1.017876452769636,0.6650865074930215,5906.4567307692305,72.45811225884485,2.6287790433865275,0.036309444687864505,1.0254336323790632,0.7808500984715155,0.7638813735067884,11007_8480
77,1,5123.071428571428,70.79869117720116,1.659467147622353,0.02359787613456479,4.68027535533324,1.1178812379767935,0.24034750473702057,5335.233734939759,72.26421065486736,1.427593318289559,0.020035877480066883,3.836587904422303,0.898314665655877,0.23354477501702745,11007_8480
78,2,6625.068669527897,70.57877519678864,2.116297642535484,0.030375188655129306,5.984598598189224,1.1341054625676399,0.18908786526199584,6773.937354988399,71.3117464493371,1.881929698857814,0.02667889741441072,4.663079911008895,0.9042395925534895,0.186195822033785,11007_8480
79,3,11071.18669527897,70.31513350289309,1.8636516399937664,0.0269040185142557,4.541573129951283,0.8983651920001944,0.1968807601294721,11431.102564102564,71.57874691347286,1.6217261931984686,0.024838593752594323,3.6653584617009813,0.755871988413956,0.19499834758470908,11007_8480
80,0,6307.5491452991455,73.01759396514863,2.7038820118826457,0.03705721686914016,1.1079769540385114,0.8619550398059063,0.7822793444144831,6383.773987206823,71.59980987834186,2.8748860942135686,0.04023521471836351,1.1159774295164648,0.8773906631731678,0.7888893112117458,8600_8520
81,1,6095.640086206897,73.04392285213318,1.2742070869251665,0.01748756016112765,4.3460222610124095,1.0492075176665343,0.24459538673026346,6067.282655246253,70.64636114938494,1.273137075197646,0.018045886152645615,4.410683964020957,1.0773490246540895,0.24693346801109026,8600_8520
82,2,8032.594420600858,71.99420962924326,2.0176344671170905,0.02937877267336125,5.680320031275262,1.111110160589299,0.18990428191338513,8032.816631130064,69.27485156020667,2.299298677412136,0.03449286072805641,5.789091946950755,1.2285919326020733,0.2010364895916556,8600_8520
83,3,12931.62312633833,72.50676446156528,1.562263996355388,0.022175137011150207,4.097554690450049,0.8137933695442298,0.1934755802298282,12935.980810234541,70.14035374710298,1.5323646240123974,0.021919586442882937,4.0826987628241955,0.7706226965532021,0.18973181502644706,8600_8520
84,0,6383.773987206823,71.59980987834186,2.8748860942135686,0.04023521471836351,1.1159774295164648,0.8773906631731678,0.7888893112117458,6095.518123667377,70.53153766967394,2.985598237150008,0.0423477992680123,1.0889318888295136,0.8484915147221295,0.7829397736493199,8520_8502
85,1,6067.282655246253,70.64636114938494,1.273137075197646,0.018045886152645615,4.410683964020957,1.0773490246540895,0.24693346801109026,5450.922912205568,68.51837851108426,1.649623948784471,0.024096165190129092,3.9513650763408887,1.0248256556383077,0.26389201930877515,8520_8502
86,2,8032.816631130064,69.27485156020667,2.299298677412136,0.03449286072805641,5.789091946950755,1.2285919326020733,0.2010364895916556,8246.560767590618,65.7270697127988,2.637771505936809,0.04298498671078637,6.107759811996068,1.6875876739452775,0.25340984418717477,8520_8502
87,3,12935.980810234541,70.14035374710298,1.5323646240123974,0.021919586442882937,4.0826987628241955,0.7706226965532021,0.18973181502644706,13098.933901918977,66.79491529291877,1.497356376507443,0.022589011656914022,4.164237467781608,0.9167028935943167,0.2178291514463274,8520_8502
88,0,5906.4567307692305,72.45811225884485,2.6287790433865275,0.036309444687864505,1.0254336323790632,0.7808500984715155,0.7638813735067884,6133.395033860045,69.11454615235638,2.990375607516626,0.043289923999001854,0.7789078830525616,0.586124087146091,0.7618606174297323,8480_11010
89,1,5335.233734939759,72.26421065486736,1.427593318289559,0.020035877480066883,3.836587904422303,0.898314665655877,0.23354477501702745,6000.054669703873,68.49399620209887,1.3439013103456159,0.019656932388854357,3.146469696948189,0.7287778826308803,0.23628802238088176,8480_11010
90,2,6773.937354988399,71.3117464493371,1.881929698857814,0.02667889741441072,4.663079911008895,0.9042395925534895,0.186195822033785,7945.7732426303855,68.00645740333101,1.6123042501638982,0.023955914071698836,3.6337497715222544,0.645277921286433,0.1779815603808764,8480_11010
91,3,11431.102564102564,71.57874691347286,1.6217261931984686,0.024838593752594323,3.6653584617009813,0.755871988413956,0.19499834758470908,12792.51247165533,67.93111041101223,1.5502282325352656,0.023036785515372905,2.8618824832875545,0.5415517541473558,0.18880303320207673,8480_11010
92,0,6095.518123667377,70.53153766967394,2.985598237150008,0.0423477992680123,1.0889318888295136,0.8484915147221295,0.7829397736493199,10386.739224137931,75.49264093896673,2.365806962108395,0.031404361365583916,1.4903499435613108,1.2833359523686731,0.8689743056396553,8502_6701
93,1,5450.922912205568,68.51837851108426,1.649623948784471,0.024096165190129092,3.9513650763408887,1.0248256556383077,0.26389201930877515,8995.57142857143,75.28231980755268,1.2595750883608288,0.016775119343725567,5.709713012365441,1.5773283760385448,0.27941880250213275,8502_6701
94,2,8246.560767590618,65.7270697127988,2.637771505936809,0.04298498671078637,6.107759811996068,1.6875876739452775,0.25340984418717477,13818.560344827587,72.41355505334712,3.9282790981544533,0.05927860013546477,9.108712068300338,2.6043951327381154,0.2612888343981844,8502_6701
95,3,13098.933901918977,66.79491529291877,1.497356376507443,0.022589011656914022,4.164237467781608,0.9167028935943167,0.2178291514463274,21851.265086206895,74.49095834790968,1.5759551867524777,0.02149914525965432,6.101366262343411,1.293215824614846,0.21065608034181207,8502_6701
96,0,10386.739224137931,75.49264093896673,2.365806962108395,0.031404361365583916,1.4903499435613108,1.2833359523686731,0.8689743056396553,6030.938034188034,73.36833709927507,2.45506815880547,0.033489499807167596,1.4876394480061153,1.2426877415738464,0.838046723975509,6701_5900
97,1,8995.57142857143,75.28231980755268,1.2595750883608288,0.016775119343725567,5.709713012365441,1.5773283760385448,0.27941880250213275,5410.9248927038625,73.42392368006307,1.4005639710207818,0.019430628291215044,5.623288968758169,1.5779209312772013,0.2804899907373615,6701_5900
98,2,13818.560344827587,72.41355505334712,3.9282790981544533,0.05927860013546477,9.108712068300338,2.6043951327381154,0.2612888343981844,8152.057692307692,70.04809001190095,3.469901985556617,0.052407113688149334,8.738715063265762,2.1908362982358143,0.23888564574381096,6701_5900
99,3,21851.265086206895,74.49095834790968,1.5759551867524777,0.02149914525965432,6.101366262343411,1.293215824614846,0.21065608034181207,12890.752136752137,72.58163995387856,1.6654314517854971,0.023126894597684685,5.926342332310563,1.2479835465428968,0.21185442417037212,6701_5900
100,0,6164.15565031983,70.10849654212824,2.627291042514767,0.037496009458477295,0.9722474142079965,0.8343859999746066,0.8637840641678947,6141.445887445888,70.74579840608119,2.5646063946006783,0.03628763358627749,1.1668729051150424,0.9473925136711864,0.8167155239275623,8598_8531
101,1,7308.6017130620985,67.58535930033877,2.5354935594361705,0.041152632654063825,5.613220435614992,2.0730495477583304,0.32825407771364074,7270.205689277899,69.15087039776556,3.037296616241508,0.04683179544748137,5.953179482489698,1.7804882350217688,0.2821652555496182,8598_8531
102,2,8425.471215351812,65.19860925831516,4.492635400113485,0.07916020858879957,6.792521033383689,2.5266254435688666,0.31104175650715793,8438.27922077922,66.85006514955057,4.5876933972825364,0.07587645377964485,6.789179025253262,2.1905442820220933,0.2916906545140562,8598_8531
103,3,14545.946695095949,67.95195367497004,1.6159801517854313,0.02415854190959942,4.562394521805447,1.026585660202968,0.2169597776988107,14429.69696969697,69.5502405206806,1.9809620708379343,0.028903499282741222,5.014285543490722,1.0843045829347953,0.21235996808858096,8598_8531
104,0,6111.023454157783,68.4160833037354,2.5525323263777984,0.03732755750060635,1.0493449930393592,0.8691896026110829,0.8312120147470977,6164.15565031983,70.10849654212824,2.627291042514767,0.037496009458477295,0.9722474142079965,0.8343859999746066,0.8637840641678947,8512_8598
105,1,5419.181623931624,68.82210587792548,1.4759265274053628,0.021944760204041767,3.947335347202512,1.1588408636868335,0.2885308859942077,7308.6017130620985,67.58535930033877,2.5354935594361705,0.041152632654063825,5.613220435614992,2.0730495477583304,0.32825407771364074,8512_8598
106,2,8260.67803837953,66.52961604920915,2.9500329861724732,0.04728731959528293,6.23862574120273,1.6771503395977863,0.2483471173684825,8425.471215351812,65.19860925831516,4.492635400113485,0.07916020858879957,6.792521033383689,2.5266254435688666,0.31104175650715793,8512_8598
107,3,13065.90618336887,68.4489831435158,1.4371516177835313,0.0211387960792897,4.139294249070977,0.9080246159971616,0.21871482228921948,14545.946695095949,67.95195367497004,1.6159801517854313,0.02415854190959942,4.562394521805447,1.026585660202968,0.2169597776988107,8512_8598
108,0,6030.938034188034,73.36833709927507,2.45506815880547,0.033489499807167596,1.4876394480061153,1.2426877415738464,0.838046723975509,6111.023454157783,68.4160833037354,2.5525323263777984,0.03732755750060635,1.0493449930393592,0.8691896026110829,0.8312120147470977,5900_8512
109,1,5410.9248927038625,73.42392368006307,1.4005639710207818,0.019430628291215044,5.623288968758169,1.5779209312772013,0.2804899907373615,5419.181623931624,68.82210587792548,1.4759265274053628,0.021944760204041767,3.947335347202512,1.1588408636868335,0.2885308859942077,5900_8512
110,2,8152.057692307692,70.04809001190095,3.469901985556617,0.052407113688149334,8.738715063265762,2.1908362982358143,0.23888564574381096,8260.67803837953,66.52961604920915,2.9500329861724732,0.04728731959528293,6.23862574120273,1.6771503395977863,0.2483471173684825,5900_8512
111,3,12890.752136752137,72.58163995387856,1.6654314517854971,0.023126894597684685,5.926342332310563,1.2479835465428968,0.21185442417037212,13065.90618336887,68.4489831435158,1.4371516177835313,0.0211387960792897,4.139294249070977,0.9080246159971616,0.21871482228921948,5900_8512
112,0,6221.790149892933,71.35651982516784,2.687660766854996,0.03769322630936285,1.4032392399705758,1.1016671607355537,0.7903442088182097,6638.790432801822,67.83559006406955,3.4927711264934764,0.05153308495456116,1.205357812779819,0.9943170151400641,0.8303419855846893,8540_8538
113,1,8173.567391304347,68.27213002533959,4.441655767354745,0.07032041858617921,8.017538722947274,2.7914915026557034,0.3227854157609743,9188.132723112129,60.410991554961804,4.1453908960124,0.07304005888558093,6.645726539480007,2.349189971093678,0.3330211065161428,8540_8538
114,2,8974.807280513918,65.30785956140936,6.27140534092878,0.10436114374827488,8.707554749031125,3.2759864890761703,0.3452161061842212,8743.660592255126,57.897978555710644,5.724425315080273,0.10563723339219507,7.1407362727913695,2.444994154900035,0.31995820927566443,8540_8538
115,3,15593.627408993576,70.0047192846533,2.2651254135754577,0.03291741964272444,6.016289708980281,1.3359868212037564,0.21406385253835075,15646.193621867882,62.45912822269712,2.54545474002768,0.04112837873481396,4.88245229013024,1.1134498123403074,0.22529489600037644,8540_8538
116,0,6638.790432801822,67.83559006406955,3.4927711264934764,0.05153308495456116,1.205357812779819,0.9943170151400641,0.8303419855846893,6241.547974413646,72.518299163983,2.760853049485149,0.03823687673360141,1.7885689841145884,1.4970200585541147,0.8386849359820471,8538_6642
117,1,9188.132723112129,60.410991554961804,4.1453908960124,0.07304005888558093,6.645726539480007,2.349189971093678,0.3330211065161428,8701.260683760684,69.71455797548677,4.138724797792519,0.06230249460459218,10.705754640199304,3.4570664083442524,0.31732496337439386,8538_6642
118,2,8743.660592255126,57.897978555710644,5.724425315080273,0.10563723339219507,7.1407362727913695,2.444994154900035,0.31995820927566443,9017.559829059828,66.72725914078632,5.844249371695632,0.09315340999436422,11.595218999429076,3.2769173548066046,0.2732564236809648,8538_6642
119,3,15646.193621867882,62.45912822269712,2.54545474002768,0.04112837873481396,4.88245229013024,1.1134498123403074,0.22529489600037644,15950.707889125799,71.57366339169809,2.3386381744514844,0.03307965096118429,8.317421091579126,1.6792258042967954,0.20194897675203294,8538_6642
120,0,6134.686567164179,69.99583883737884,3.1051191907895737,0.04440240440352218,1.4945461553480226,1.3210076926129308,0.8812048819785311,6221.790149892933,71.35651982516784,2.687660766854996,0.03769322630936285,1.4032392399705758,1.1016671607355537,0.7903442088182097,8533_8540
121,1,7968.67094017094,63.480485023011276,4.219389001058705,0.07097296703065697,7.987092311135787,3.0155139820574273,0.3493390317044226,8173.567391304347,68.27213002533959,4.441655767354745,0.07032041858617921,8.017538722947274,2.7914915026557034,0.3227854157609743,8533_8540
122,2,8789.083333333334,60.7661111286007,5.500991584054801,0.099388071090068,9.445937115806352,3.278016370724133,0.3133028206736978,8974.807280513918,65.30785956140936,6.27140534092878,0.10436114374827488,8.707554749031125,3.2759864890761703,0.3452161061842212,8533_8540
123,3,15256.6460554371,64.77615785682853,2.8132068550225147,0.0440956761050879,6.451359547154348,1.4974459138292076,0.22471017637660723,15593.627408993576,70.0047192846533,2.2651254135754577,0.03291741964272444,6.016289708980281,1.3359868212037564,0.21406385253835075,8533_8540
124,0,6141.445887445888,70.74579840608119,2.5646063946006783,0.03628763358627749,1.1668729051150424,0.9473925136711864,0.8167155239275623,6134.686567164179,69.99583883737884,3.1051191907895737,0.04440240440352218,1.4945461553480226,1.3210076926129308,0.8812048819785311,8531_8533
125,1,7270.205689277899,69.15087039776556,3.037296616241508,0.04683179544748137,5.953179482489698,1.7804882350217688,0.2821652555496182,7968.67094017094,63.480485023011276,4.219389001058705,0.07097296703065697,7.987092311135787,3.0155139820574273,0.3493390317044226,8531_8533
126,2,8438.27922077922,66.85006514955057,4.5876933972825364,0.07587645377964485,6.789179025253262,2.1905442820220933,0.2916906545140562,8789.083333333334,60.7661111286007,5.500991584054801,0.099388071090068,9.445937115806352,3.278016370724133,0.3133028206736978,8531_8533
127,3,14429.69696969697,69.5502405206806,1.9809620708379343,0.028903499282741222,5.014285543490722,1.0843045829347953,0.21235996808858096,15256.6460554371,64.77615785682853,2.8132068550225147,0.0440956761050879,6.451359547154348,1.4974459138292076,0.22471017637660723,8531_8533
128,0,6511.571428571428,71.1603116045464,2.8017973813588206,0.0399185377127682,1.1074960890664773,1.004648864181181,0.8976982532707568,4672.136659436009,74.82281282007405,2.796121058277273,0.037472284359156005,1.0927930440849598,1.0373265285008328,0.9589039821538297,7993_7091
129,1,8537.610722610723,70.05771694916787,2.3759650125712826,0.0347598519948145,6.2620919516722395,1.8768367567398878,0.2984529341396755,6976.807095343681,74.62666314519568,1.7207150816175008,0.02374948214846547,7.131848338144479,2.398351489638458,0.33209023174631297,7993_7091
130,2,9347.416666666666,67.13852993514261,3.9920806158082467,0.06309195841900085,7.224206982503664,1.914804483246975,0.24908824067207344,6983.8512035010945,72.0083219500994,3.129886208658809,0.05042067227201184,7.692821855835675,2.0686157734344337,0.2434136645790095,7993_7091
131,3,15935.752886836028,70.00235869516912,1.761551442951347,0.025428328874250165,5.104024178000422,1.0109538126475808,0.1985743868230086,11796.7136659436,74.33620387533206,1.6558376248066677,0.022523450337614805,5.410597172611182,1.211025933397976,0.2237371741591902,7993_7091
132,0,4672.136659436009,74.82281282007405,2.796121058277273,0.037472284359156005,1.0927930440849598,1.0373265285008328,0.9589039821538297,10479.778251599148,72.72942237545709,2.100164966560946,0.02897149651687166,1.500217316058208,1.1046196586571306,0.7278715843453716,7091_6173
133,1,6976.807095343681,74.62666314519568,1.7207150816175008,0.02374948214846547,7.131848338144479,2.398351489638458,0.33209023174631297,10577.903846153846,73.56646574907529,1.4828539232355384,0.020828270849681654,5.8067921970828404,1.7019321257926092,0.2876947358564933,7091_6173
134,2,6983.8512035010945,72.0083219500994,3.129886208658809,0.05042067227201184,7.692821855835675,2.0686157734344337,0.2434136645790095,14082.26012793177,70.35778308970093,3.531455724573884,0.05586737193904919,8.03147880882882,1.835211875432569,0.21232097293197782,7091_6173
135,3,11796.7136659436,74.33620387533206,1.6558376248066677,0.022523450337614805,5.410597172611182,1.211025933397976,0.2237371741591902,21410.67803837953,72.8924622779284,1.680806310201461,0.023357139876047966,5.229846424605425,1.0707297505301432,0.2028444102336691,7091_6173
136,0,6241.547974413646,72.518299163983,2.760853049485149,0.03823687673360141,1.7885689841145884,1.4970200585541147,0.8386849359820471,6511.571428571428,71.1603116045464,2.8017973813588206,0.0399185377127682,1.1074960890664773,1.004648864181181,0.8976982532707568,6642_7993
137,1,8701.260683760684,69.71455797548677,4.138724797792519,0.06230249460459218,10.705754640199304,3.4570664083442524,0.31732496337439386,8537.610722610723,70.05771694916787,2.3759650125712826,0.0347598519948145,6.2620919516722395,1.8768367567398878,0.2984529341396755,6642_7993
138,2,9017.559829059828,66.72725914078632,5.844249371695632,0.09315340999436422,11.595218999429076,3.2769173548066046,0.2732564236809648,9347.416666666666,67.13852993514261,3.9920806158082467,0.06309195841900085,7.224206982503664,1.914804483246975,0.24908824067207344,6642_7993
139,3,15950.707889125799,71.57366339169809,2.3386381744514844,0.03307965096118429,8.317421091579126,1.6792258042967954,0.20194897675203294,15935.752886836028,70.00235869516912,1.761551442951347,0.025428328874250165,5.104024178000422,1.0109538126475808,0.1985743868230086,6642_7993
140,0,10479.778251599148,72.72942237545709,2.100164966560946,0.02897149651687166,1.500217316058208,1.1046196586571306,0.7278715843453716,10455.46908315565,70.91267668905118,2.182916981351355,0.03082049386293972,1.4205083793566247,0.9862864046174893,0.6981223816012475,6173_8544
141,1,10577.903846153846,73.56646574907529,1.4828539232355384,0.020828270849681654,5.8067921970828404,1.7019321257926092,0.2876947358564933,10570.6852248394,70.57967845187281,1.597380322416875,0.022979496513849566,5.387739925570814,1.5419774980479262,0.28350912972672393,6173_8544
142,2,14082.26012793177,70.35778308970093,3.531455724573884,0.05586737193904919,8.03147880882882,1.835211875432569,0.21232097293197782,14072.01282051282,67.00004977430956,3.8041113162726035,0.05971449280299379,7.268838032895378,1.7638461687232394,0.2306796597116818,6173_8544
143,3,21410.67803837953,72.8924622779284,1.680806310201461,0.023357139876047966,5.229846424605425,1.0707297505301432,0.2028444102336691,21330.940298507463,70.10842373838986,1.796080317741016,0.02585144689326781,4.89133182407059,1.0260673981944868,0.20801374377028212,6173_8544
144,0,10516.06652360515,72.00763879975213,2.0286399081692315,0.028243098886556517,1.3001347670109056,1.0245408288692306,0.7899827574469882,9300.351812366738,72.42608519797251,2.289946384718009,0.0317370136006512,1.3518617287265289,0.9976538111405903,0.7373058727031377,8557_8553
145,1,10790.829004329004,72.76510521212225,1.37383713541908,0.019047705308910676,5.693371013624956,1.7198653658264615,0.31343648219812825,11272.00642398287,71.5738660390221,1.4167548766028708,0.020153161180496915,6.606719192293427,2.117405400192417,0.31692476889019355,8557_8553
146,2,14289.290043290044,70.57098761613531,2.3047437909354613,0.034624548136397704,7.401518260761393,1.3996699451070818,0.1860850429602317,12333.658848614072,68.12496050240236,10.059007106968744,-0.05428534553257386,7.251528590412858,1.4860846929328089,0.19728554966127917,8557_8553
147,3,21650.17094017094,72.78569161761021,1.4357367170748307,0.019954546735034863,4.844305433496349,1.0305090582582275,0.2120760094394536,20335.995735607677,69.87485232590589,9.925978493494975,-0.41657666108906566,5.415238505870404,1.048490350084289,0.19134694969230476,8557_8553
148,0,9300.351812366738,72.42608519797251,2.289946384718009,0.0317370136006512,1.3518617287265289,0.9976538111405903,0.7373058727031377,9137.219616204691,73.54626914322544,2.4361226794642183,0.033463850785190846,1.863594049056369,1.4356922203910147,0.7639194861333142,8553_6689
149,1,11272.00642398287,71.5738660390221,1.4167548766028708,0.020153161180496915,6.606719192293427,2.117405400192417,0.31692476889019355,11039.195278969957,73.76667789828707,2.029503175657461,0.028177243522278655,9.171586146745325,3.0400414001908564,0.32691747298027385,8553_6689
150,2,12333.658848614072,68.12496050240236,10.059007106968744,-0.05428534553257386,7.251528590412858,1.4860846929328089,0.19728554966127917,12350.972222222223,72.15132751010337,2.613450692054809,0.039258880342156535,10.251001507313386,2.0384618834487007,0.19430828187826682,8553_6689
151,3,20335.995735607677,69.87485232590589,9.925978493494975,-0.41657666108906566,5.415238505870404,1.048490350084289,0.19134694969230476,20579.471215351812,74.12352597831213,1.7087460929026985,0.02352157673073047,7.4824837205594,1.5166317335327042,0.20008391243756463,8553_6689
152,0,10455.46908315565,70.91267668905118,2.182916981351355,0.03082049386293972,1.4205083793566247,0.9862864046174893,0.6981223816012475,10580.243070362474,70.84308726950059,2.3005283586385534,0.032661012627253745,1.5323314810494761,1.1272345303777846,0.7394590917167869,8544_8386
153,1,10570.6852248394,70.57967845187281,1.597380322416875,0.022979496513849566,5.387739925570814,1.5419774980479262,0.28350912972672393,11090.167023554604,70.07640993725718,1.5991038279760088,0.02305182404133228,6.174951045153887,1.9263138048499415,0.309639520161477,8544_8386
154,2,14072.01282051282,67.00004977430956,3.8041113162726035,0.05971449280299379,7.268838032895378,1.7638461687232394,0.2306796597116818,14490.313432835821,65.73783786409605,3.7912851419852918,0.059591864571310424,8.713890143428102,1.9597685208710796,0.21974226261706936,8544_8386
155,3,21330.940298507463,70.10842373838986,1.796080317741016,0.02585144689326781,4.89133182407059,1.0260673981944868,0.20801374377028212,22197.228144989338,69.74509598046163,1.7522053476938526,0.02533683367232385,5.525230990085804,1.255872478263664,0.22593076272828994,8544_8386
156,0,10580.243070362474,70.84308726950059,2.3005283586385534,0.032661012627253745,1.5323314810494761,1.1272345303777846,0.7394590917167869,10579.0,68.65897335436202,2.486182873524524,0.03653968002706048,1.5112587197898786,1.0550948008191854,0.7026075547677312,8386_6314
157,1,11090.167023554604,70.07640993725718,1.5991038279760088,0.02305182404133228,6.174951045153887,1.9263138048499415,0.309639520161477,10908.75,68.3283468013627,1.7590937901219899,0.02591786872565842,5.999733511173736,1.7187842362765187,0.28564469979091534,8386_6314
158,2,14490.313432835821,65.73783786409605,3.7912851419852918,0.059591864571310424,8.713890143428102,1.9597685208710796,0.21974226261706936,14347.385927505331,63.861267527253645,2.892687721504269,0.04631875521086055,7.561840483811884,1.5227491448812962,0.19791500972714007,8386_6314
159,3,22197.228144989338,69.74509598046163,1.7522053476938526,0.02533683367232385,5.525230990085804,1.255872478263664,0.22593076272828994,21919.287846481875,67.28554148964396,1.7408389593100686,0.026048446851158116,4.989857456422266,1.0257969114216308,0.20519400303247612,8386_6314
160,0,10497.262260127933,72.20668521787876,2.0452862008018484,0.028367207252399666,1.3758939582592713,1.060372344313902,0.7748449163331573,10516.06652360515,72.00763879975213,2.0286399081692315,0.028243098886556517,1.3001347670109056,1.0245408288692306,0.7899827574469882,6965_8557
161,1,10871.702991452992,73.36811322192985,1.2875202822681555,0.017741926509172463,5.868371062267028,1.8507444400619166,0.3117812396913611,10790.829004329004,72.76510521212225,1.37383713541908,0.019047705308910676,5.693371013624956,1.7198653658264615,0.31343648219812825,6965_8557
162,2,14329.9381663113,70.96553092206055,2.0784965542034923,0.03088518154300333,7.885528419536229,1.5176239723570877,0.18738420736460062,14289.290043290044,70.57098761613531,2.3047437909354613,0.034624548136397704,7.401518260761393,1.3996699451070818,0.1860850429602317,6965_8557
163,3,21844.221748400854,72.90899837044931,1.3919202211369666,0.019239820296343697,5.216879060101304,1.1410315678129037,0.21703600287126928,21650.17094017094,72.78569161761021,1.4357367170748307,0.019954546735034863,4.844305433496349,1.0305090582582275,0.2120760094394536,6965_8557
164,0,10342.961620469083,67.56207353373576,2.206181937210659,0.03284214700067615,1.4857595108909487,1.0926808637859347,0.7385532788803958,10497.262260127933,72.20668521787876,2.0452862008018484,0.028367207252399666,1.3758939582592713,1.060372344313902,0.7748449163331573,6315_6965
165,1,10849.496788008566,67.1262721259242,1.533277297892185,0.02295089649823527,6.010108639002957,1.7764091117796668,0.29492364444444347,10871.702991452992,73.36811322192985,1.2875202822681555,0.017741926509172463,5.868371062267028,1.8507444400619166,0.3117812396913611,6315_6965
166,2,14250.402985074626,64.21123157778577,2.0425463359281135,0.033332548936349786,7.8802684468278485,1.468801686141922,0.1825999873553454,14329.9381663113,70.96553092206055,2.0784965542034923,0.03088518154300333,7.885528419536229,1.5176239723570877,0.18738420736460062,6315_6965
167,3,21749.407249466953,66.52151766217052,1.4621431212951785,0.022107204690720392,5.287788119296144,1.086422854274394,0.20546046186461334,21844.221748400854,72.90899837044931,1.3919202211369666,0.019239820296343697,5.216879060101304,1.1410315678129037,0.21703600287126928,6315_6965
168,0,10579.0,68.65897335436202,2.486182873524524,0.03653968002706048,1.5112587197898786,1.0550948008191854,0.7026075547677312,10342.961620469083,67.56207353373576,2.206181937210659,0.03284214700067615,1.4857595108909487,1.0926808637859347,0.7385532788803958,6314_6315
169,1,10908.75,68.3283468013627,1.7590937901219899,0.02591786872565842,5.999733511173736,1.7187842362765187,0.28564469979091534,10849.496788008566,67.1262721259242,1.533277297892185,0.02295089649823527,6.010108639002957,1.7764091117796668,0.29492364444444347,6314_6315
170,2,14347.385927505331,63.861267527253645,2.892687721504269,0.04631875521086055,7.561840483811884,1.5227491448812962,0.19791500972714007,14250.402985074626,64.21123157778577,2.0425463359281135,0.033332548936349786,7.8802684468278485,1.468801686141922,0.1825999873553454,6314_6315
171,3,21919.287846481875,67.28554148964396,1.7408389593100686,0.026048446851158116,4.989857456422266,1.0257969114216308,0.20519400303247612,21749.407249466953,66.52151766217052,1.4621431212951785,0.022107204690720392,5.287788119296144,1.086422854274394,0.20546046186461334,6314_6315
172,0,8373.227990970654,68.8915793915055,2.6000425671996625,0.038286919940784515,1.4320320101362076,1.1169083844292107,0.7653476604463048,1855.9913043478261,43.46982546430883,3.1270117204982304,0.07201641016548703,1.5537414017921283,1.3506351841091906,0.8646722310243556,6035_2529
173,1,10228.954337899544,68.75563851480425,2.8316992342390823,0.042900547912647496,7.230063983807977,2.7574815187519084,0.3632118078014972,1847.8056768558952,45.23416706726358,1.8344287818389902,0.04066826599789246,5.74030477814609,2.581794582263683,0.4523649761835769,6035_2529
174,2,11416.184090909092,67.9648742459687,2.2242802736447227,0.03688053778943909,7.817293114814966,1.6143959445545435,0.19622984294558196,2298.513043478261,44.56602357623809,1.9197307544808966,0.04376103902071345,7.187985981711529,1.760790689920682,0.23721515343475752,6035_2529
175,3,19146.751693002258,69.26483095487957,1.6328480893427726,0.024049868782090405,5.776822572486394,1.2006020957432242,0.20528642608767647,3393.4152173913044,45.78919921444873,1.685341586716419,0.03696865483295379,4.50873789279813,1.3007501887847244,0.2885235226239191,6035_2529
176,0,8373.227990970654,68.8915793915055,2.6000425671996625,0.038286919940784515,1.4320320101362076,1.1169083844292107,0.7653476604463048,8373.227990970654,68.8915793915055,2.6000425671996625,0.038286919940784515,1.4320320101362076,1.1169083844292107,0.7653476604463048,6035_11878
177,1,10228.954337899544,68.75563851480425,2.8316992342390823,0.042900547912647496,7.230063983807977,2.7574815187519084,0.3632118078014972,10228.954337899544,68.75563851480425,2.8316992342390823,0.042900547912647496,7.230063983807977,2.7574815187519084,0.3632118078014972,6035_11878
178,2,11416.184090909092,67.9648742459687,2.2242802736447227,0.03688053778943909,7.817293114814966,1.6143959445545435,0.19622984294558196,11416.184090909092,67.9648742459687,2.2242802736447227,0.03688053778943909,7.817293114814966,1.6143959445545435,0.19622984294558196,6035_11878
179,3,19146.751693002258,69.26483095487957,1.6328480893427726,0.024049868782090405,5.776822572486394,1.2006020957432242,0.20528642608767647,19146.751693002258,69.26483095487957,1.6328480893427726,0.024049868782090405,5.776822572486394,1.2006020957432242,0.20528642608767647,6035_11878
180,0,7518.963123644252,67.3768702505216,3.6439211230265878,0.05575535795601622,1.6816779077206054,1.3404285102759803,0.782093115511244,10184.208955223881,65.76795783605225,1.9950989885072266,0.03041344653876917,1.1110386749499561,0.7667926270078224,0.6971089270742787,11876_8570
181,1,9258.252173913044,64.14641053072049,4.856462845122077,0.07834485956475983,8.726914659087232,3.5136851768407102,0.38877152232766116,9348.147751605995,66.94142791423532,1.1038574764273774,0.016682182690914413,4.022024223623226,1.3726304676214895,0.3381176518861067,11876_8570
182,2,10246.954446854665,63.962686541602444,3.40924673823334,0.05679418841357876,8.804803762642246,2.04219152356134,0.22415238648765204,13235.825159914712,64.13333568314981,3.6820516125495297,0.06510353097301819,6.32969392240195,2.017049748330054,0.26459133592543926,11876_8570
183,3,17526.088937093275,67.22326846611057,2.1241302852640054,0.032228827567133134,6.425542069638488,1.433011909050169,0.21748484678495592,20346.48614072495,66.60185544189316,1.1648808491423814,0.017672503759580453,3.7787023665841852,0.8290016337399669,0.21858034818708863,11876_8570
184,0,10184.208955223881,65.76795783605225,1.9950989885072266,0.03041344653876917,1.1110386749499561,0.7667926270078224,0.6971089270742787,9378.044776119403,66.36914420047013,4.426850825261845,-0.21615610230371585,1.3781425367817832,1.053344993409068,0.7549613284563234,8570_6966
185,1,9348.147751605995,66.94142791423532,1.1038574764273774,0.016682182690914413,4.022024223623226,1.3726304676214895,0.3381176518861067,8697.477516059957,67.83161158059761,4.673792100059616,-0.06095502662696909,5.110880230105432,1.7875706235046174,0.34847229701875404,8570_6966
186,2,13235.825159914712,64.13333568314981,3.6820516125495297,0.06510353097301819,6.32969392240195,2.017049748330054,0.26459133592543926,12296.959488272922,63.406647760259645,6.909135824113098,0.12827440635986662,9.408503920961055,4.359079779294534,0.3721446280392914,8570_6966
187,3,20346.48614072495,66.60185544189316,1.1648808491423814,0.017672503759580453,3.7787023665841852,0.8290016337399669,0.21858034818708863,19596.119402985074,68.35104058023977,1.1233230011970938,0.01666071168057141,4.879076652204242,1.0810079352038169,0.22139914613951955,8570_6966
188,0,9378.044776119403,66.36914420047013,4.426850825261845,-0.21615610230371585,1.3781425367817832,1.053344993409068,0.7549613284563234,10108.970021413275,68.71579375952149,2.1735847760875666,0.03185431288189713,1.2728060807986668,0.8600226559994947,0.6834104653391487,6966_8451
189,1,8697.477516059957,67.83161158059761,4.673792100059616,-0.06095502662696909,5.110880230105432,1.7875706235046174,0.34847229701875404,9279.930885529158,69.35825074261554,1.359065098796962,0.019835437288934502,4.356562717788348,1.4603178607729055,0.3312170305614353,6966_8451
190,2,12296.959488272922,63.406647760259645,6.909135824113098,0.12827440635986662,9.408503920961055,4.359079779294534,0.3721446280392914,13145.750537634409,60.440097811085764,8.821747290414782,0.16124170167382504,8.750094521616901,4.071746868683736,0.4124759352713253,6966_8451
191,3,19596.119402985074,68.35104058023977,1.1233230011970938,0.01666071168057141,4.879076652204242,1.0810079352038169,0.22139914613951955,20204.268240343346,68.9613136881891,1.5225552109820324,0.022247603800868838,4.157018783792586,0.9450614972547875,0.2252903914884036,6966_8451
192,0,9137.219616204691,73.54626914322544,2.4361226794642183,0.033463850785190846,1.863594049056369,1.4356922203910147,0.7639194861333142,8373.227990970654,68.8915793915055,2.6000425671996625,0.038286919940784515,1.4320320101362076,1.1169083844292107,0.7653476604463048,6689_11878
193,1,11039.195278969957,73.76667789828707,2.029503175657461,0.028177243522278655,9.171586146745325,3.0400414001908564,0.32691747298027385,10228.954337899544,68.75563851480425,2.8316992342390823,0.042900547912647496,7.230063983807977,2.7574815187519084,0.3632118078014972,6689_11878
194,2,12350.972222222223,72.15132751010337,2.613450692054809,0.039258880342156535,10.251001507313386,2.0384618834487007,0.19430828187826682,11416.184090909092,67.9648742459687,2.2242802736447227,0.03688053778943909,7.817293114814966,1.6143959445545435,0.19622984294558196,6689_11878
195,3,20579.471215351812,74.12352597831213,1.7087460929026985,0.02352157673073047,7.4824837205594,1.5166317335327042,0.20008391243756463,19146.751693002258,69.26483095487957,1.6328480893427726,0.024049868782090405,5.776822572486394,1.2006020957432242,0.20528642608767647,6689_11878
196,0,1855.9913043478261,43.46982546430883,3.1270117204982304,0.07201641016548703,1.5537414017921283,1.3506351841091906,0.8646722310243556,7518.963123644252,67.3768702505216,3.6439211230265878,0.05575535795601622,1.6816779077206054,1.3404285102759803,0.782093115511244,2529_11876
197,1,1847.8056768558952,45.23416706726358,1.8344287818389902,0.04066826599789246,5.74030477814609,2.581794582263683,0.4523649761835769,9258.252173913044,64.14641053072049,4.856462845122077,0.07834485956475983,8.726914659087232,3.5136851768407102,0.38877152232766116,2529_11876
198,2,2298.513043478261,44.56602357623809,1.9197307544808966,0.04376103902071345,7.187985981711529,1.760790689920682,0.23721515343475752,10246.954446854665,63.962686541602444,3.40924673823334,0.05679418841357876,8.804803762642246,2.04219152356134,0.22415238648765204,2529_11876
199,3,3393.4152173913044,45.78919921444873,1.685341586716419,0.03696865483295379,4.50873789279813,1.3007501887847244,0.2885235226239191,17526.088937093275,67.22326846611057,2.1241302852640054,0.032228827567133134,6.425542069638488,1.433011909050169,0.21748484678495592,2529_11876
200,0,5600.1330472103,63.37979037208867,4.065267372162424,0.0650937069180093,1.3490572266098153,0.9777256264175517,0.740295687059509,7558.157782515991,70.43245692474267,2.9233259826732567,0.042093860384798135,1.3650552750041736,0.9454935207460977,0.6965863041340535,8585_8449
201,1,5889.727861771058,61.01819508127989,1.8718456140371753,0.0314920570558388,4.918583946061937,1.697458801097578,0.34315040563394533,7082.190578158458,68.98162936470665,1.860530363323676,0.02867474465391041,4.474843572234561,1.4314900352774258,0.30954262560547574,8585_8449
202,2,8484.371244635193,45.50360190392102,11.198209483567487,0.2625090783846822,12.58892899640743,5.885072409640757,0.44847463121148085,10717.394456289978,46.479152891977584,15.444232047265514,0.363304450938435,16.88877685900235,8.751898184414431,0.5074321939450789,8585_8449
203,3,12430.377682403434,60.096369957180954,1.8660116401782365,0.03155209021227353,4.288186116598426,1.141203539291148,0.2647068385070161,15893.522388059702,68.00729213998392,2.342096053665013,0.035164389255552896,4.402260704808645,1.2662199402530614,0.2724873883571313,8585_8449
204,0,10108.970021413275,68.71579375952149,2.1735847760875666,0.03185431288189713,1.2728060807986668,0.8600226559994947,0.6834104653391487,9688.720682302772,69.55826419829268,2.3001009301122783,0.0332749838947941,1.3515404249412204,0.9529580929757927,0.7067411742799898,8451_2531
205,1,9279.930885529158,69.35825074261554,1.359065098796962,0.019835437288934502,4.356562717788348,1.4603178607729055,0.3312170305614353,9084.664516129033,68.49032685268482,1.5662101391809489,0.023442854990139803,4.939328441296925,1.7443662568749083,0.34585174454331996,8451_2531
206,2,13145.750537634409,60.440097811085764,8.821747290414782,0.16124170167382504,8.750094521616901,4.071746868683736,0.4124759352713253,12567.089743589744,56.18772539657683,11.32942324155195,0.2242917936549861,11.132733417373709,5.511188179552359,0.4524696260965917,8451_2531
207,3,20204.268240343346,68.9613136881891,1.5225552109820324,0.022247603800868838,4.157018783792586,0.9450614972547875,0.2252903914884036,19536.889125799575,67.87749725396522,1.805422506532675,0.02719975441821944,4.6641442300235765,1.198356910339904,0.24500254885842804,8451_2531
208,0,9508.611587982832,65.6852756862589,2.5838235740127256,0.03964460292918968,1.2559643897629937,0.810850508535163,0.6533653772586095,5600.1330472103,63.37979037208867,4.065267372162424,0.0650937069180093,1.3490572266098153,0.9777256264175517,0.740295687059509,8120_8585
209,1,8853.152173913044,66.31806988715785,1.4135950694527053,0.021589034247772528,3.8251321712522537,1.2072944442777214,0.31178937266487133,5889.727861771058,61.01819508127989,1.8718456140371753,0.0314920570558388,4.918583946061937,1.697458801097578,0.34315040563394533,8120_8585
210,2,12152.58747300216,55.98932890186059,7.867145832073816,0.1455441574108555,8.680552525229551,3.560084794929106,0.3947705588541165,8484.371244635193,45.50360190392102,11.198209483567487,0.2625090783846822,12.58892899640743,5.885072409640757,0.44847463121148085,8120_8585
211,3,18845.010729613732,65.29102470213766,1.4943557359592592,0.023115582050496974,3.561945155893924,0.807081670351644,0.22216122588372977,12430.377682403434,60.096369957180954,1.8660116401782365,0.03155209021227353,4.288186116598426,1.141203539291148,0.2647068385070161,8120_8585
212,0,10098.526652452025,63.44607876342403,2.717465497924951,0.04368317215945403,1.4398064243713415,1.035058159049933,0.7081657513954883,9508.611587982832,65.6852756862589,2.5838235740127256,0.03964460292918968,1.2559643897629937,0.810850508535163,0.6533653772586095,6318_8120
213,1,9386.477516059957,63.22223132586197,1.5986348034255569,0.025710652142891727,5.101827747093213,1.746407529729434,0.3378304395386557,8853.152173913044,66.31806988715785,1.4135950694527053,0.021589034247772528,3.8251321712522537,1.2072944442777214,0.31178937266487133,6318_8120
214,2,12979.313432835821,53.90845861595722,7.270656735893377,0.1400131993470958,10.625205477354811,4.220596352468351,0.38379639692263157,12152.58747300216,55.98932890186059,7.867145832073816,0.1455441574108555,8.680552525229551,3.560084794929106,0.3947705588541165,6318_8120
215,3,20221.808102345414,62.40934938417593,1.613350352046728,0.02626852252249787,4.754247437736936,1.0807935324931426,0.2223717599577491,18845.010729613732,65.29102470213766,1.4943557359592592,0.023115582050496974,3.561945155893924,0.807081670351644,0.22216122588372977,6318_8120
216,0,9586.195278969957,66.06355333899168,3.1596293249411196,0.04892183283796587,2.137376056714095,1.4031039052272531,0.6485021422682989,10098.526652452025,63.44607876342403,2.717465497924951,0.04368317215945403,1.4398064243713415,1.035058159049933,0.7081657513954883,6317_6318
217,1,8929.767895878525,65.37200776893897,2.708053852529841,0.04250478829382192,6.597852559105354,2.243750479977887,0.3342441916734264,9386.477516059957,63.22223132586197,1.5986348034255569,0.025710652142891727,5.101827747093213,1.746407529729434,0.3378304395386557,6317_6318
218,2,12181.396995708155,52.8646511232493,9.105067534258717,0.1826823557525967,12.410534918561435,4.147103664103145,0.32407874508199663,12979.313432835821,53.90845861595722,7.270656735893377,0.1400131993470958,10.625205477354811,4.220596352468351,0.38379639692263157,6317_6318
219,3,19295.849785407725,64.8115699398785,2.6323216447147275,0.041320068719932074,6.221049989721,1.5674050196655709,0.2460427529349125,20221.808102345414,62.40934938417593,1.613350352046728,0.02626852252249787,4.754247437736936,1.0807935324931426,0.2223717599577491,6317_6318
220,0,9641.545842217483,69.62196738239675,2.466483527639099,0.03588976254292674,2.265711410618877,1.6297797457299072,0.720962115262485,9586.195278969957,66.06355333899168,3.1596293249411196,0.04892183283796587,2.137376056714095,1.4031039052272531,0.6485021422682989,6046_6317
221,1,8869.710300429184,69.09500660712368,2.3584352915549394,0.035428152856024527,7.8343189907698125,2.6414003553398397,0.33307306904018813,8929.767895878525,65.37200776893897,2.708053852529841,0.04250478829382192,6.597852559105354,2.243750479977887,0.3342441916734264,6046_6317
222,2,12048.318376068377,52.69492859538941,13.003488836114817,0.27008004048761386,15.542875441844945,5.91287689000134,0.3668399821273885,12181.396995708155,52.8646511232493,9.105067534258717,0.1826823557525967,12.410534918561435,4.147103664103145,0.32407874508199663,6046_6317
223,3,19175.99147121535,68.84584905195476,2.578289850443288,0.03846223666011225,7.433312713931352,1.8350985087756233,0.24071476839022662,19295.849785407725,64.8115699398785,2.6323216447147275,0.041320068719932074,6.221049989721,1.5674050196655709,0.2460427529349125,6046_6317
224,0,9688.720682302772,69.55826419829268,2.3001009301122783,0.0332749838947941,1.3515404249412204,0.9529580929757927,0.7067411742799898,9641.545842217483,69.62196738239675,2.466483527639099,0.03588976254292674,2.265711410618877,1.6297797457299072,0.720962115262485,2531_6046
225,1,9084.664516129033,68.49032685268482,1.5662101391809489,0.023442854990139803,4.939328441296925,1.7443662568749083,0.34585174454331996,8869.710300429184,69.09500660712368,2.3584352915549394,0.035428152856024527,7.8343189907698125,2.6414003553398397,0.33307306904018813,2531_6046
226,2,12567.089743589744,56.18772539657683,11.32942324155195,0.2242917936549861,11.132733417373709,5.511188179552359,0.4524696260965917,12048.318376068377,52.69492859538941,13.003488836114817,0.27008004048761386,15.542875441844945,5.91287689000134,0.3668399821273885,2531_6046
227,3,19536.889125799575,67.87749725396522,1.805422506532675,0.02719975441821944,4.6641442300235765,1.198356910339904,0.24500254885842804,19175.99147121535,68.84584905195476,2.578289850443288,0.03846223666011225,7.433312713931352,1.8350985087756233,0.24071476839022662,2531_6046
228,0,7558.157782515991,70.43245692474267,2.9233259826732567,0.042093860384798135,1.3650552750041736,0.9454935207460977,0.6965863041340535,7983.936034115139,72.1913910300146,2.5962664984862576,0.03649908781797084,1.7216356439978462,1.2460030823201953,0.727001553000081,8449_5988
229,1,7082.190578158458,68.98162936470665,1.860530363323676,0.02867474465391041,4.474843572234561,1.4314900352774258,0.30954262560547574,7380.546038543897,71.39004753903406,2.2742366445075586,0.03501934298484036,6.174954726533721,2.060212851055431,0.3236953906513698,8449_5988
230,2,10717.394456289978,46.479152891977584,15.444232047265514,0.363304450938435,16.88877685900235,8.751898184414431,0.5074321939450789,10769.181236673774,44.88616331893251,16.21400590345205,0.39177832083040365,20.4054354452209,8.820543061152145,0.43117476898745155,8449_5988
231,3,15893.522388059702,68.00729213998392,2.342096053665013,0.035164389255552896,4.402260704808645,1.2662199402530614,0.2724873883571313,16724.1684434968,70.51787401309275,3.0682063751757083,0.04496000386257965,6.041505719213459,1.9071679247044644,0.29639719240807333,8449_5988
232,0,7983.936034115139,72.1913910300146,2.5962664984862576,0.03649908781797084,1.7216356439978462,1.2460030823201953,0.727001553000081,8246.59488272921,70.62326953527383,2.9111426550078345,0.04200709607307107,2.3541177685988144,1.8117200569426497,0.8203127025275575,5988_6758
233,1,7380.546038543897,71.39004753903406,2.2742366445075586,0.03501934298484036,6.174954726533721,2.060212851055431,0.3236953906513698,7703.768240343347,69.70738615775932,2.703320563906281,0.041250470335447605,8.240648086576371,2.8255813526772777,0.34514555500466465,5988_6758
234,2,10769.181236673774,44.88616331893251,16.21400590345205,0.39177832083040365,20.4054354452209,8.820543061152145,0.43117476898745155,11478.620469083156,57.36615838584641,6.56182301041686,0.11691839506001933,14.797604102127908,3.3206283626581827,0.2256736148811441,5988_6758
235,3,16724.1684434968,70.51787401309275,3.0682063751757083,0.04496000386257965,6.041505719213459,1.9071679247044644,0.29639719240807333,17279.86111111111,68.67453204282981,2.6433596943340616,0.039165722476403986,8.003466143228573,2.1411459626289395,0.26460665963395896,5988_6758
236,0,18087.90301724138,66.14507389907362,2.2237202788287744,0.03362509651462774,1.1032965044766743,0.7553239762050882,0.6918968858292673,4926.660980810235,69.90901713918645,2.603336846728647,0.03727620010427725,1.5172886722999057,0.9853522900323844,0.6448328079935796,8579_6492
237,1,16805.387445887445,68.48566703686737,1.2168978421775973,0.017815586481943438,4.1189103536891745,1.1486092496678597,0.2793657245727645,4272.899572649572,72.591225934383,1.3405177485375896,0.01850862773474675,5.001762146279846,1.4016075847187386,0.28214227716753376,8579_6492
238,2,16425.95464362851,66.35013038662788,1.5306978244054201,0.023234690697124777,3.8753765663659228,0.5558553531426026,0.1461410891629455,4821.9508547008545,70.12628951177855,1.7122656378462495,0.024613967749151686,5.409052691243085,0.8872168599100988,0.16667642833334742,8579_6492
239,3,33289.9224137931,67.54831943279372,1.2731568154333799,0.018952826414856298,3.507788883603153,0.6339907857166023,0.18195401876348427,9339.703624733476,71.53578441282431,1.4686534921181662,0.020638782333335715,4.789893986145543,0.941928240719061,0.1980200984851397,8579_6492
240,0,8177.652452025586,67.94134619978023,3.8410186584519628,0.05693259755521664,1.5043423303861836,0.8971958158530277,0.5905901116069877,7930.678038379531,65.23304890230605,2.9601113497617986,0.04563213222268183,1.5565180175652868,0.988829049506262,0.6200131851088448,6889_6071
241,1,7808.108974358975,69.48737283982834,2.122016953207417,0.030607640843072895,5.098898943473926,1.2538121243493692,0.24534629319135726,7423.385438972163,65.21416530656234,1.6960766285138622,0.02612899003132554,5.325669206996184,1.3623235644196103,0.25553972210115905,6889_6071
242,2,7409.62473347548,64.89737594532197,2.305405066570098,0.035913629785464106,4.4141027755425535,0.6901750324355055,0.15814868782755087,7306.285407725322,62.80552985801027,1.7396335922300397,0.028683909745081882,5.126999460945389,0.8608691956715964,0.16018891661014684,6889_6071
243,3,15129.867803837953,67.71406911710801,1.9424863505229182,0.028789316309069994,4.042900340497842,0.7361916786611826,0.18287126292145425,14746.925373134329,64.59687681295372,1.4117619481521753,0.021942990636742245,4.541165553823197,0.8095313733873941,0.17899445354572122,6889_6071
244,0,7930.678038379531,65.23304890230605,2.9601113497617986,0.04563213222268183,1.5565180175652868,0.988829049506262,0.6200131851088448,18087.90301724138,66.14507389907362,2.2237202788287744,0.03362509651462774,1.1032965044766743,0.7553239762050882,0.6918968858292673,6071_8579
245,1,7423.385438972163,65.21416530656234,1.6960766285138622,0.02612899003132554,5.325669206996184,1.3623235644196103,0.25553972210115905,16805.387445887445,68.48566703686737,1.2168978421775973,0.017815586481943438,4.1189103536891745,1.1486092496678597,0.2793657245727645,6071_8579
246,2,7306.285407725322,62.80552985801027,1.7396335922300397,0.028683909745081882,5.126999460945389,0.8608691956715964,0.16018891661014684,16425.95464362851,66.35013038662788,1.5306978244054201,0.023234690697124777,3.8753765663659228,0.5558553531426026,0.1461410891629455,6071_8579
247,3,14746.925373134329,64.59687681295372,1.4117619481521753,0.021942990636742245,4.541165553823197,0.8095313733873941,0.17899445354572122,33289.9224137931,67.54831943279372,1.2731568154333799,0.018952826414856298,3.507788883603153,0.6339907857166023,0.18195401876348427,6071_8579
248,0,8065.405117270789,68.4135819657665,2.3831742401190286,0.03494866879139898,1.7115196376046717,1.0541538540204696,0.5955845368945257,8099.434968017057,73.69579427184311,2.5118845527059186,0.034167353639556246,2.4873315560498224,1.6774727936049048,0.6654879892035517,8292_6975
249,1,7804.153846153846,68.10209294380205,1.7778935094553903,0.026760145139120343,6.080126992673205,1.6639453845606782,0.26744354335121906,7753.0940170940175,73.64179906992877,2.1668667877883627,0.030029649321122797,9.401044647623214,2.579436484668764,0.27153699806778675,8292_6975
250,2,7380.9936034115135,66.2023022731467,2.8977754446798687,0.04820092240495426,5.852802899244797,1.2832260888719358,0.18878601232635958,7359.827292110875,70.42283029297963,3.23889826262321,0.048943897069486125,8.9937050856827,1.6882565519336274,0.1775661586449212,8292_6975
251,3,15059.445628997868,68.21892745363724,1.7950343462050844,0.02679132751164083,5.052433712033749,1.023368183243116,0.19539690175186408,14996.15565031983,73.32576405724086,1.9945275628144798,0.027502110658157695,7.788525511278131,1.47670638095442,0.18858510340422463,8292_6975
252,0,8213.897654584222,68.34891631389108,2.550824477055505,0.037357145326417,1.3730214991747318,0.7414362521161669,0.5376659441268743,8065.405117270789,68.4135819657665,2.3831742401190286,0.03494866879139898,1.7115196376046717,1.0541538540204696,0.5955845368945257,8290_8292
253,1,7812.159139784946,69.35702530574362,1.5201570614915405,0.022041110723562136,4.44056383691084,1.0769102592179474,0.24104933303611245,7804.153846153846,68.10209294380205,1.7778935094553903,0.026760145139120343,6.080126992673205,1.6639453845606782,0.26744354335121906,8290_8292
254,2,7416.698072805139,66.64116160058205,2.1851947298364665,0.03409724884108077,4.143453502331316,0.7996830435494781,0.1750894728568427,7380.9936034115135,66.2023022731467,2.8977754446798687,0.04820092240495426,5.852802899244797,1.2832260888719358,0.18878601232635958,8290_8292
255,3,15255.034115138593,68.24538525184245,1.6335837552923633,0.024124758230265445,3.7485502156687502,0.6959082670474461,0.18443243776279714,15059.445628997868,68.21892745363724,1.7950343462050844,0.02679132751164083,5.052433712033749,1.023368183243116,0.19539690175186408,8290_8292
256,0,8203.263948497854,65.46941958571612,2.704927450505193,0.04166978711282409,1.751475059738976,0.992417011887402,0.5673019212611732,8213.897654584222,68.34891631389108,2.550824477055505,0.037357145326417,1.3730214991747318,0.7414362521161669,0.5376659441268743,8277_8290
257,1,7860.845315904139,66.14386899367479,1.3562640470153056,0.02057208534990577,6.112067603895337,1.547404912649513,0.2529310114253411,7812.159139784946,69.35702530574362,1.5201570614915405,0.022041110723562136,4.44056383691084,1.0769102592179474,0.24104933303611245,8277_8290
258,2,7438.315334773218,64.59676022439004,1.9589267787177662,0.0315378633653427,5.5909917308500425,0.9405871062479557,0.15871375250672415,7416.698072805139,66.64116160058205,2.1851947298364665,0.03409724884108077,4.143453502331316,0.7996830435494781,0.1750894728568427,8277_8290
259,3,15262.562231759657,65.87781755450847,1.462372302448879,0.022348704111524852,5.182265578977343,0.901384333403645,0.1731338259482559,15255.034115138593,68.24538525184245,1.6335837552923633,0.024124758230265445,3.7485502156687502,0.6959082670474461,0.18443243776279714,8277_8290
260,0,8099.434968017057,73.69579427184311,2.5118845527059186,0.034167353639556246,2.4873315560498224,1.6774727936049048,0.6654879892035517,8177.652452025586,67.94134619978023,3.8410186584519628,0.05693259755521664,1.5043423303861836,0.8971958158530277,0.5905901116069877,6975_6889
261,1,7753.0940170940175,73.64179906992877,2.1668667877883627,0.030029649321122797,9.401044647623214,2.579436484668764,0.27153699806778675,7808.108974358975,69.48737283982834,2.122016953207417,0.030607640843072895,5.098898943473926,1.2538121243493692,0.24534629319135726,6975_6889
262,2,7359.827292110875,70.42283029297963,3.23889826262321,0.048943897069486125,8.9937050856827,1.6882565519336274,0.1775661586449212,7409.62473347548,64.89737594532197,2.305405066570098,0.035913629785464106,4.4141027755425535,0.6901750324355055,0.15814868782755087,6975_6889
263,3,14996.15565031983,73.32576405724086,1.9945275628144798,0.027502110658157695,7.788525511278131,1.47670638095442,0.18858510340422463,15129.867803837953,67.71406911710801,1.9424863505229182,0.028789316309069994,4.042900340497842,0.7361916786611826,0.18287126292145425,6975_6889
264,0,6379.443496801706,64.14125273909494,2.8388145826614615,0.044542544893118534,1.4249428145802612,0.8294914840826941,0.5810434883550119,7763.250539956804,71.07818949647334,3.470855152216587,0.050127674158468784,1.9904534221456338,1.5111462847898431,0.7530915656571554,9176_7090
265,1,6048.6188436830835,65.000395022104,1.704852544342614,0.026516717623092576,4.925214319784565,1.3348503536250111,0.26554862128494167,7621.316702819957,72.4417412532047,2.2139725982500713,0.030783445350826333,7.579355860427794,2.2139143032481603,0.2912723322999162,9176_7090
266,2,6147.737739872068,62.57466302822784,1.9357354268475462,0.03171573371980988,4.9707545763034675,0.8224195248470411,0.16178205210089217,7651.60737527115,68.53931135983345,2.5257693611360135,0.037574301760892305,7.752306807208326,1.1158180755372504,0.14445036418824972,9176_7090
267,3,11717.287846481877,64.54592562373273,1.6416553493233872,0.025662558438620482,4.11236084576677,0.7239341710871893,0.17419034925549387,15084.632608695652,71.5975054270024,1.8486375837057798,0.025983945896006895,6.526131529915589,1.215753309845669,0.18692333546050352,9176_7090
268,0,9548.910447761195,64.20259826332791,2.9226954410886483,0.04570982068274145,2.0255807950592923,1.442066935686468,0.7120005970840475,6379.443496801706,64.14125273909494,2.8388145826614615,0.044542544893118534,1.4249428145802612,0.8294914840826941,0.5810434883550119,8486_9176
269,1,10304.414163090129,62.563829461183445,2.1297630209504033,0.03456212578467881,8.448869891805085,2.3414971676356386,0.27317644319442236,6048.6188436830835,65.000395022104,1.704852544342614,0.026516717623092576,4.925214319784565,1.3348503536250111,0.26554862128494167,8486_9176
270,2,10234.068230277186,59.220895531382624,2.286831796920193,0.039540168026116464,8.367787671901596,1.2125414593975856,0.1454330220672913,6147.737739872068,62.57466302822784,1.9357354268475462,0.03171573371980988,4.9707545763034675,0.8224195248470411,0.16178205210089217,8486_9176
271,3,19398.14285714286,62.33820830231933,1.8231730569407782,0.029638131040052473,6.873762504505808,1.2524951323556046,0.1781602796040621,11717.287846481877,64.54592562373273,1.6416553493233872,0.025662558438620482,4.11236084576677,0.7239341710871893,0.17419034925549387,8486_9176
272,0,7764.4838709677415,68.37782517394355,3.2807165981899993,0.04804811579040825,1.4810438184241659,0.9938885617018394,0.6724990052768803,8203.263948497854,65.46941958571612,2.704927450505193,0.04166978711282409,1.751475059738976,0.992417011887402,0.5673019212611732,8283_8277
273,1,7596.887445887446,69.32624994620743,1.7173801926786396,0.02482148545788618,5.19954831911117,1.422891576429674,0.2737169942638522,7860.845315904139,66.14386899367479,1.3562640470153056,0.02057208534990577,6.112067603895337,1.547404912649513,0.2529310114253411,8283_8277
274,2,7656.505399568035,65.88245343846546,2.2085910378996485,0.034189388556527096,5.249354479797477,0.8495949860391018,0.15822643823257934,7438.315334773218,64.59676022439004,1.9589267787177662,0.0315378633653427,5.5909917308500425,0.9405871062479557,0.15871375250672415,8283_8277
275,3,15063.926724137931,67.72624218109517,1.7594376908426659,0.026099090974005423,4.537241709736078,0.8379736490359435,0.18504028854805285,15262.562231759657,65.87781755450847,1.462372302448879,0.022348704111524852,5.182265578977343,0.901384333403645,0.1731338259482559,8283_8277
276,0,7763.250539956804,71.07818949647334,3.470855152216587,0.050127674158468784,1.9904534221456338,1.5111462847898431,0.7530915656571554,7764.4838709677415,68.37782517394355,3.2807165981899993,0.04804811579040825,1.4810438184241659,0.9938885617018394,0.6724990052768803,7090_8283
277,1,7621.316702819957,72.4417412532047,2.2139725982500713,0.030783445350826333,7.579355860427794,2.2139143032481603,0.2912723322999162,7596.887445887446,69.32624994620743,1.7173801926786396,0.02482148545788618,5.19954831911117,1.422891576429674,0.2737169942638522,7090_8283
278,2,7651.60737527115,68.53931135983345,2.5257693611360135,0.037574301760892305,7.752306807208326,1.1158180755372504,0.14445036418824972,7656.505399568035,65.88245343846546,2.2085910378996485,0.034189388556527096,5.249354479797477,0.8495949860391018,0.15822643823257934,7090_8283
279,3,15084.632608695652,71.5975054270024,1.8486375837057798,0.025983945896006895,6.526131529915589,1.215753309845669,0.18692333546050352,15063.926724137931,67.72624218109517,1.7594376908426659,0.026099090974005423,4.537241709736078,0.8379736490359435,0.18504028854805285,7090_8283
280,0,8525.948827292112,68.55894595432784,3.0404738430555422,0.0458598465289473,1.7898222987294634,1.3705544482558005,0.7421591100928803,9548.910447761195,64.20259826332791,2.9226954410886483,0.04570982068274145,2.0255807950592923,1.442066935686468,0.7120005970840475,8484_8486
281,1,8028.808602150538,69.19653089861852,2.30820354278653,0.033800142371349415,6.363965344896473,1.9535889176871357,0.3040364693416448,10304.414163090129,62.563829461183445,2.1297630209504033,0.03456212578467881,8.448869891805085,2.3414971676356386,0.27317644319442236,8484_8486
282,2,9400.882226980728,62.473235138785036,3.4075621112381236,0.05687148312828459,8.04376098023195,1.3036482279067358,0.16176278327136173,10234.068230277186,59.220895531382624,2.286831796920193,0.039540168026116464,8.367787671901596,1.2125414593975856,0.1454330220672913,8484_8486
283,3,16741.94230769231,68.00560691316839,2.135642300076531,0.03186974009369964,5.8593010859087045,1.2027243083247403,0.20039779534599225,19398.14285714286,62.33820830231933,1.8231730569407782,0.029638131040052473,6.873762504505808,1.2524951323556046,0.1781602796040621,8484_8486
284,0,8356.205240174673,70.84959566581229,3.175347290890919,0.04511060822415287,2.534216344940132,2.0397158201167698,0.7916089975397744,8525.948827292112,68.55894595432784,3.0404738430555422,0.0458598465289473,1.7898222987294634,1.3705544482558005,0.7421591100928803,6700_8484
285,1,8023.825607064017,70.29765602249331,3.537585966254613,0.052205900917654376,9.99340438991689,3.400732203368161,0.33312420711089163,8028.808602150538,69.19653089861852,2.30820354278653,0.033800142371349415,6.363965344896473,1.9535889176871357,0.3040364693416448,6700_8484
286,2,9274.53947368421,54.778574146867,9.881845368040903,0.1916439883779829,16.269034857189933,4.647314246781183,0.28581292178152895,9400.882226980728,62.473235138785036,3.4075621112381236,0.05687148312828459,8.04376098023195,1.3036482279067358,0.16176278327136173,6700_8484
287,3,16516.886462882096,69.9570945202387,3.393636047935171,0.049642142355545205,8.936108342315924,2.2428125141375053,0.24139351994895555,16741.94230769231,68.00560691316839,2.135642300076531,0.03186974009369964,5.8593010859087045,1.2027243083247403,0.20039779534599225,6700_8484
288,0,8374.575692963752,66.9508211227505,3.5345330036166924,0.05300996612983389,1.7558917913430547,1.399291681890683,0.7617326160238135,8356.205240174673,70.84959566581229,3.175347290890919,0.04511060822415287,2.534216344940132,2.0397158201167698,0.7916089975397744,6323_6700
289,1,8085.424568965517,66.70629582044683,2.974012952934793,0.04685762104973699,6.566071500938817,2.2017134649246834,0.31297651832246626,8023.825607064017,70.29765602249331,3.537585966254613,0.052205900917654376,9.99340438991689,3.400732203368161,0.33312420711089163,6323_6700
290,2,9318.745182012848,47.49060026725676,12.412309957415774,0.3036998493894038,16.273193553743166,7.4562443965503205,0.45027666868830346,9274.53947368421,54.778574146867,9.881845368040903,0.1916439883779829,16.269034857189933,4.647314246781183,0.28581292178152895,6323_6700
291,3,16670.326226012792,65.6673987043172,3.1276270170916542,0.04904011454864441,5.810905129814844,1.8081520050711055,0.2763810043277103,16516.886462882096,69.9570945202387,3.393636047935171,0.049642142355545205,8.936108342315924,2.2428125141375053,0.24139351994895555,6323_6700
292,0,8420.948827292112,65.10731049986695,3.6389612932536988,0.05620012913165172,1.567991702773592,1.0874864067664776,0.6814993597348963,8374.575692963752,66.9508211227505,3.5345330036166924,0.05300996612983389,1.7558917913430547,1.399291681890683,0.7617326160238135,6299_6323
293,1,8015.7430406852245,66.62549333086902,2.6928012061219104,0.04171207903533948,5.834971594529964,1.7534635292706775,0.2895408024770539,8085.424568965517,66.70629582044683,2.974012952934793,0.04685762104973699,6.566071500938817,2.2017134649246834,0.31297651832246626,6299_6323
294,2,9264.476495726496,51.75936180660645,8.809935242981238,0.1858222663619284,10.614476204377393,4.355583406353165,0.3970691031468157,9318.745182012848,47.49060026725676,12.412309957415774,0.3036998493894038,16.273193553743166,7.4562443965503205,0.45027666868830346,6299_6323
295,3,16590.73987206823,64.68472379947691,2.727055450397265,0.042854859806782185,4.81685612742141,1.2468397641798779,0.2432379167420113,16670.326226012792,65.6673987043172,3.1276270170916542,0.04904011454864441,5.810905129814844,1.8081520050711055,0.2763810043277103,6299_6323
296,0,5432.30835117773,69.5932654955664,3.2881029709427656,0.047349963103702736,0.8365597908695428,0.7898365386079804,0.9188543490738054,5234.857142857143,70.22128728518666,3.069666174866423,0.043795226975368695,0.9558805747125542,0.7605432425480223,0.7821258912334262,11015_8482
297,1,6937.933045356372,69.55486381269108,1.8806006838633178,0.02752351325845472,4.539344070135198,1.4583915615044056,0.31869672931887366,7137.25,70.35889160148135,1.7972892065821413,0.0264313222800478,5.027556901154181,1.630527584520422,0.31951970193583024,11015_8482
298,2,7147.1416309012875,65.09772860944227,3.7736375209772857,0.06682170454315473,5.341646100066824,1.7382958946370168,0.2770691890232126,6712.496801705757,63.56549447311329,6.859938859001778,0.1318801568535741,6.6573843769427015,2.767414199958699,0.351690388237806,11015_8482
299,3,12878.751072961373,68.5587706757839,1.8880967519179732,0.027868063447675888,3.7397167429089264,0.8652647230537753,0.22523558414764236,12963.379530916844,69.96093111539436,1.9971052244656777,0.02903149673040501,4.024270754649302,1.010308084718141,0.23846950070823889,11015_8482
300,0,5447.357777777778,69.44454330559843,2.6824626124659576,0.03868755910887131,1.1091946872982952,0.9386461655865203,0.8533070856989666,5432.30835117773,69.5932654955664,3.2881029709427656,0.047349963103702736,0.8365597908695428,0.7898365386079804,0.9188543490738054,8601_11015
301,1,6930.440366972477,68.96318762078741,2.047555594220931,0.030137579110350542,5.3396968633304525,1.6675697701482894,0.312306795053429,6937.933045356372,69.55486381269108,1.8806006838633178,0.02752351325845472,4.539344070135198,1.4583915615044056,0.31869672931887366,8601_11015
302,2,7104.162471395881,65.02684981139205,3.636544965138713,0.061488956399062655,5.817932992747469,1.6687298652752378,0.2597089980206733,7147.1416309012875,65.09772860944227,3.7736375209772857,0.06682170454315473,5.341646100066824,1.7382958946370168,0.2770691890232126,8601_11015
303,3,12583.59866962306,68.21151254130825,1.9815755877204888,0.02934274729817036,4.313406939088145,1.0096306288823031,0.23202021423998678,12878.751072961373,68.5587706757839,1.8880967519179732,0.027868063447675888,3.7397167429089264,0.8652647230537753,0.22523558414764236,8601_11015
304,0,5234.857142857143,70.22128728518666,3.069666174866423,0.043795226975368695,0.9558805747125542,0.7605432425480223,0.7821258912334262,8398.234541577825,71.5058978237767,2.246421346501286,0.03148435693639426,1.1973411582887639,0.853724108084814,0.7083251076915507,8482_6618
305,1,7137.25,70.35889160148135,1.7972892065821413,0.0264313222800478,5.027556901154181,1.630527584520422,0.31951970193583024,8080.840860215054,72.39274295777543,1.7069718724720022,0.02414218768124463,4.572276895573063,1.3670606282777729,0.29073190294909806,8482_6618
306,2,6712.496801705757,63.56549447311329,6.859938859001778,0.1318801568535741,6.6573843769427015,2.767414199958699,0.351690388237806,9259.244111349037,65.79903862807271,6.171892338621696,0.10665983894117664,7.102020775502358,2.613793290904175,0.3210646491118841,8482_6618
307,3,12963.379530916844,69.96093111539436,1.9971052244656777,0.02903149673040501,4.024270754649302,1.010308084718141,0.23846950070823889,16693.18376068376,72.04031496311691,1.7939369989041944,0.02524474868858486,4.066409361304354,0.9219502880878425,0.21459692466611463,8482_6618
308,0,5713.449893390192,68.59031969706429,2.933410110981972,0.042778234575182,1.2541407515090721,1.0161882505232127,0.8123573630485246,5689.476394849786,74.64482848420081,2.735601473971571,0.03672020079449882,1.4686171311942988,1.3283292113295038,0.896635339274598,8478_6486
309,1,7280.252676659529,66.84914770043864,1.8931616397361757,0.028659894855362505,6.3911582635543205,1.9257188380922228,0.2995803388813171,7200.704989154013,74.01189318750721,2.128194238654669,0.02931888276358532,7.8731114478329225,2.4495477153316174,0.3095068325727049,8478_6486
310,2,7388.486140724946,64.19156232455187,2.678532849943897,0.045906251236637434,6.59482450641228,1.6456766303256092,0.22706313965434388,7333.775862068966,70.25532784916768,3.798582637799466,0.05945121200168809,8.526732637290731,2.1952708291950107,0.2402147515505489,8478_6486
311,3,13447.287846481877,65.67964521692757,1.544281123087544,0.0239999245138146,5.148252457922268,1.0389730432057669,0.19923385527747503,13279.931182795699,73.353394688568,1.8726608841187709,0.025849549418299592,6.469138632817007,1.3693839962960728,0.20869022479459473,8478_6486
312,0,8398.234541577825,71.5058978237767,2.246421346501286,0.03148435693639426,1.1973411582887639,0.853724108084814,0.7083251076915507,8420.948827292112,65.10731049986695,3.6389612932536988,0.05620012913165172,1.567991702773592,1.0874864067664776,0.6814993597348963,6618_6299
313,1,8080.840860215054,72.39274295777543,1.7069718724720022,0.02414218768124463,4.572276895573063,1.3670606282777729,0.29073190294909806,8015.7430406852245,66.62549333086902,2.6928012061219104,0.04171207903533948,5.834971594529964,1.7534635292706775,0.2895408024770539,6618_6299
314,2,9259.244111349037,65.79903862807271,6.171892338621696,0.10665983894117664,7.102020775502358,2.613793290904175,0.3210646491118841,9264.476495726496,51.75936180660645,8.809935242981238,0.1858222663619284,10.614476204377393,4.355583406353165,0.3970691031468157,6618_6299
315,3,16693.18376068376,72.04031496311691,1.7939369989041944,0.02524474868858486,4.066409361304354,0.9219502880878425,0.21459692466611463,16590.73987206823,64.68472379947691,2.727055450397265,0.042854859806782185,4.81685612742141,1.2468397641798779,0.2432379167420113,6618_6299
316,0,5689.476394849786,74.64482848420081,2.735601473971571,0.03672020079449882,1.4686171311942988,1.3283292113295038,0.896635339274598,5447.357777777778,69.44454330559843,2.6824626124659576,0.03868755910887131,1.1091946872982952,0.9386461655865203,0.8533070856989666,6486_8601
317,1,7200.704989154013,74.01189318750721,2.128194238654669,0.02931888276358532,7.8731114478329225,2.4495477153316174,0.3095068325727049,6930.440366972477,68.96318762078741,2.047555594220931,0.030137579110350542,5.3396968633304525,1.6675697701482894,0.312306795053429,6486_8601
318,2,7333.775862068966,70.25532784916768,3.798582637799466,0.05945121200168809,8.526732637290731,2.1952708291950107,0.2402147515505489,7104.162471395881,65.02684981139205,3.636544965138713,0.061488956399062655,5.817932992747469,1.6687298652752378,0.2597089980206733,6486_8601
319,3,13279.931182795699,73.353394688568,1.8726608841187709,0.025849549418299592,6.469138632817007,1.3693839962960728,0.20869022479459473,12583.59866962306,68.21151254130825,1.9815755877204888,0.02934274729817036,4.313406939088145,1.0096306288823031,0.23202021423998678,6486_8601
320,0,5491.432835820896,70.31944129273249,2.7085908271893944,0.03854365471262953,0.9359072196583256,0.7716908754842707,0.8301440526147512,5713.449893390192,68.59031969706429,2.933410110981972,0.042778234575182,1.2541407515090721,1.0161882505232127,0.8123573630485246,8603_8478
321,1,7907.421841541756,67.87729615122967,1.9532370914210615,0.02908461255384252,5.457259689126367,1.626352120116366,0.29778309410630055,7280.252676659529,66.84914770043864,1.8931616397361757,0.028659894855362505,6.3911582635543205,1.9257188380922228,0.2995803388813171,8603_8478
322,2,6900.230277185501,67.03616087765879,2.1408726950024684,0.033548430816857745,4.668650520980016,0.9454227108113337,0.19029513028006453,7388.486140724946,64.19156232455187,2.678532849943897,0.045906251236637434,6.59482450641228,1.6456766303256092,0.22706313965434388,8603_8478
323,3,12935.614072494669,67.97169353220387,1.4980573787859817,0.022187291230288477,3.8311706202671623,0.7520918627114013,0.1964799754220825,13447.287846481877,65.67964521692757,1.544281123087544,0.0239999245138146,5.148252457922268,1.0389730432057669,0.19923385527747503,8603_8478
324,0,5460.4655172413795,75.65030246191995,2.592531439705194,0.03431619311948849,1.51474408790439,1.304140902179184,0.8634828887664237,5491.432835820896,70.31944129273249,2.7085908271893944,0.03854365471262953,0.9359072196583256,0.7716908754842707,0.8301440526147512,6170_8603
325,1,7922.87012987013,75.26857073338374,2.220616867682123,0.030199218007456605,9.302041919723974,2.698185638989197,0.28753536216906944,7907.421841541756,67.87729615122967,1.9532370914210615,0.02908461255384252,5.457259689126367,1.626352120116366,0.29778309410630055,6170_8603
326,2,6903.387931034483,74.20140990124152,2.0848582556445434,0.03060312595834194,7.8758139196395085,1.4393344509586599,0.17363876629398092,6900.230277185501,67.03616087765879,2.1408726950024684,0.033548430816857745,4.668650520980016,0.9454227108113337,0.19029513028006453,6170_8603
327,3,13010.25,75.176418573186,1.4359342566010938,0.019212390865622472,6.5469662678357246,1.2003285942968436,0.18447547777218093,12935.614072494669,67.97169353220387,1.4980573787859817,0.022187291230288477,3.8311706202671623,0.7520918627114013,0.1964799754220825,6170_8603
328,0,6059.470967741935,69.32917130861475,2.769258019342668,0.04011136820275407,1.0379561669109465,0.9706237258180999,0.9278881769136174,5443.44776119403,69.85772111442462,2.82888814817925,0.04051993390470295,0.911841926638318,0.7775597303082095,0.8571400105348559,8596_8510
329,1,7733.420824295011,67.85448565790574,2.0186850741921805,0.030261444539404648,5.7445376219277255,1.6953786417484737,0.29422339958239063,7995.636752136752,69.48616750235259,1.8169642757663016,0.027273737246107006,5.810496258980985,1.7354493923239351,0.29188654105865924,8596_8510
330,2,8779.168103448275,60.0657774175614,7.375339164099191,0.13065646167791972,8.242145279205824,2.871941517188859,0.32803748203173677,6919.004264392324,68.73147072854944,1.828459588988826,0.027623311041947513,4.831373322070285,0.8930737540033824,0.17624817358799755,8596_8510
331,3,13643.741935483871,68.35694275943246,1.6475959134596627,0.024268173697412444,4.330280895662808,0.9255813853173227,0.21335029705367303,13027.55223880597,69.23419577419004,1.3035734124353953,0.018910822079721768,4.043453226838852,0.7449773915934212,0.18542860246460596,8596_8510
332,0,5443.44776119403,69.85772111442462,2.82888814817925,0.04051993390470295,0.911841926638318,0.7775597303082095,0.8571400105348559,5403.202991452991,72.85900801596928,2.6120041712676847,0.03587078315345271,1.363550999257729,1.1922957525689315,0.8757352472752844,8510_6855
333,1,7995.636752136752,69.48616750235259,1.8169642757663016,0.027273737246107006,5.810496258980985,1.7354493923239351,0.29188654105865924,7868.4248927038625,71.73100059956545,2.640941968217366,0.03778268177150178,8.677399390598818,2.6116839912464505,0.29813214138118405,8510_6855
334,2,6919.004264392324,68.73147072854944,1.828459588988826,0.027623311041947513,4.831373322070285,0.8930737540033824,0.17624817358799755,6771.822649572649,71.1878970541821,2.31343828889678,0.03472185478663046,7.321037610160229,1.413977459839541,0.18244096569446708,8510_6855
335,3,13027.55223880597,69.23419577419004,1.3035734124353953,0.018910822079721768,4.043453226838852,0.7449773915934212,0.18542860246460596,12695.805555555555,72.25823277039109,1.5695348945128418,0.0218828969437834,6.082722172752616,1.1529107808312393,0.18985357149270338,8510_6855
336,0,5403.202991452991,72.85900801596928,2.6120041712676847,0.03587078315345271,1.363550999257729,1.1922957525689315,0.8757352472752844,5460.4655172413795,75.65030246191995,2.592531439705194,0.03431619311948849,1.51474408790439,1.304140902179184,0.8634828887664237,6855_6170
337,1,7868.4248927038625,71.73100059956545,2.640941968217366,0.03778268177150178,8.677399390598818,2.6116839912464505,0.29813214138118405,7922.87012987013,75.26857073338374,2.220616867682123,0.030199218007456605,9.302041919723974,2.698185638989197,0.28753536216906944,6855_6170
338,2,6771.822649572649,71.1878970541821,2.31343828889678,0.03472185478663046,7.321037610160229,1.413977459839541,0.18244096569446708,6903.387931034483,74.20140990124152,2.0848582556445434,0.03060312595834194,7.8758139196395085,1.4393344509586599,0.17363876629398092,6855_6170
339,3,12695.805555555555,72.25823277039109,1.5695348945128418,0.0218828969437834,6.082722172752616,1.1529107808312393,0.18985357149270338,13010.25,75.176418573186,1.4359342566010938,0.019212390865622472,6.5469662678357246,1.2003285942968436,0.18447547777218093,6855_6170
340,0,6480.719486081371,73.88485239301511,3.1399589880288947,0.04255088276636469,1.3507239669608317,1.0871061430226179,0.8069057715076802,5902.087420042644,69.81569512715481,3.31315104983467,0.04753062603132926,1.3839078227248547,1.2290199446588543,0.8857349915535775,8536_8514
341,1,8098.821505376344,74.01050469831615,1.8344108560038765,0.02524028197795822,6.3369334387453184,1.7075242224553677,0.26717206011718214,7593.225321888412,65.15456496302882,3.006567018611407,0.046694616114050534,6.525078816908418,1.7940515406642625,0.2727355488785577,8536_8514
342,2,9774.291845493563,70.38847128078159,5.095382523249029,0.07809817169656387,7.997524556775956,2.3270319146846994,0.2640323646404166,8617.455128205129,60.98633677632479,6.887198503907771,0.12292264849610499,8.609100738491271,2.9965278755234164,0.311848805059159,8536_8514
343,3,14681.194860813705,74.28329566446837,1.672191042107441,0.022808512975598792,4.865258306011482,1.0294739395321,0.2054060929329841,13283.76119402985,66.826669384801,3.0065480046573967,0.04524993469614971,5.298700734741306,1.1282914084938882,0.20837630728926507,8536_8514
344,0,6722.876889848812,70.02052660375732,3.6280525813072906,0.051862266217025776,1.530370502705952,1.3300682506514807,0.8720057568925905,6480.719486081371,73.88485239301511,3.1399589880288947,0.04255088276636469,1.3507239669608317,1.0871061430226179,0.8069057715076802,8516_8536
345,1,8089.288503253796,63.788467585061035,2.8665675519807077,0.045406444338924976,6.852713286877083,1.9482157384761336,0.282208147287603,8098.821505376344,74.01050469831615,1.8344108560038765,0.02524028197795822,6.3369334387453184,1.7075242224553677,0.26717206011718214,8516_8536
346,2,9698.347732181426,60.15767188111566,4.724154248883321,0.0822715026442874,8.775010058436614,2.2275796533965697,0.24088953638371596,9774.291845493563,70.38847128078159,5.095382523249029,0.07809817169656387,7.997524556775956,2.3270319146846994,0.2640323646404166,8516_8536
347,3,14693.501079913607,64.95904722527301,2.4137931661141456,0.03723492646627592,5.486054095573956,1.1460619474981844,0.20796619053228682,14681.194860813705,74.28329566446837,1.672191042107441,0.022808512975598792,4.865258306011482,1.0294739395321,0.2054060929329841,8516_8536
348,0,5902.087420042644,69.81569512715481,3.31315104983467,0.04753062603132926,1.3839078227248547,1.2290199446588543,0.8857349915535775,6027.650319829424,72.34208648048025,2.971406151269839,0.04113339957391997,1.3756617226310441,1.1541542430838658,0.8313803277126027,8514_6174
349,1,7593.225321888412,65.15456496302882,3.006567018611407,0.046694616114050534,6.525078816908418,1.7940515406642625,0.2727355488785577,7798.645299145299,70.57995619895141,2.457271733869072,0.03546732737429364,6.347960082159705,1.7265644204683477,0.2685120880527998,8514_6174
350,2,8617.455128205129,60.98633677632479,6.887198503907771,0.12292264849610499,8.609100738491271,2.9965278755234164,0.311848805059159,8830.057692307691,65.39541489437123,7.229126524675767,0.12108707448431091,8.256976125816351,3.0468205313680694,0.329551594558618,8514_6174
351,3,13283.76119402985,66.826669384801,3.0065480046573967,0.04524993469614971,5.298700734741306,1.1282914084938882,0.20837630728926507,13725.076759061834,71.16379748217034,2.0340358358429342,0.0288248740132108,4.8448201382920315,1.019334767684221,0.20632870342622614,8514_6174
352,0,6027.650319829424,72.34208648048025,2.971406151269839,0.04113339957391997,1.3756617226310441,1.1541542430838658,0.8313803277126027,6059.470967741935,69.32917130861475,2.769258019342668,0.04011136820275407,1.0379561669109465,0.9706237258180999,0.9278881769136174,6174_8596
353,1,7798.645299145299,70.57995619895141,2.457271733869072,0.03546732737429364,6.347960082159705,1.7265644204683477,0.2685120880527998,7733.420824295011,67.85448565790574,2.0186850741921805,0.030261444539404648,5.7445376219277255,1.6953786417484737,0.29422339958239063,6174_8596
354,2,8830.057692307691,65.39541489437123,7.229126524675767,0.12108707448431091,8.256976125816351,3.0468205313680694,0.329551594558618,8779.168103448275,60.0657774175614,7.375339164099191,0.13065646167791972,8.242145279205824,2.871941517188859,0.32803748203173677,6174_8596
355,3,13725.076759061834,71.16379748217034,2.0340358358429342,0.0288248740132108,4.8448201382920315,1.019334767684221,0.20632870342622614,13643.741935483871,68.35694275943246,1.6475959134596627,0.024268173697412444,4.330280895662808,0.9255813853173227,0.21335029705367303,6174_8596
356,0,7081.7164179104475,73.3359868605647,3.3696118359569778,0.04599852059678253,1.385832779790154,1.1778886247532316,0.8535067236926799,6722.876889848812,70.02052660375732,3.6280525813072906,0.051862266217025776,1.530370502705952,1.3300682506514807,0.8720057568925905,8391_8516
357,1,7983.358974358975,70.87670892690598,2.579558896125499,0.037351472341247624,6.426983548787389,1.7975257720821423,0.27626803484617996,8089.288503253796,63.788467585061035,2.8665675519807077,0.045406444338924976,6.852713286877083,1.9482157384761336,0.282208147287603,8391_8516
358,2,10234.284796573877,66.12852356393779,6.0210058711952845,0.0978168751113309,8.618819850635582,2.5552082916254486,0.275174142472942,9698.347732181426,60.15767188111566,4.724154248883321,0.0822715026442874,8.775010058436614,2.2275796533965697,0.24088953638371596,8391_8516
359,3,15001.66737739872,71.57671300381422,1.9543186525039973,0.0274205828451262,5.035807146505277,1.0972055019053817,0.21641343043982844,14693.501079913607,64.95904722527301,2.4137931661141456,0.03723492646627592,5.486054095573956,1.1460619474981844,0.20796619053228682,8391_8516
360,0,6977.72850678733,71.81920925324727,2.4710726945907835,0.03451661484645477,1.1616758375257081,1.0892657408028448,0.9312125010893094,7081.7164179104475,73.3359868605647,3.3696118359569778,0.04599852059678253,1.385832779790154,1.1778886247532316,0.8535067236926799,7999_8391
361,1,8178.011441647597,70.90550454679038,2.0580805749275406,0.030993671021098554,6.057052533747518,1.921141242496757,0.30694851007045226,7983.358974358975,70.87670892690598,2.579558896125499,0.037351472341247624,6.426983548787389,1.7975257720821423,0.27626803484617996,7999_8391
362,2,10068.539863325741,67.09439617276432,5.412463539466726,0.08936982465109597,8.029171046994387,2.635726534921807,0.2879887468766903,10234.284796573877,66.12852356393779,6.0210058711952845,0.0978168751113309,8.618819850635582,2.5552082916254486,0.275174142472942,7999_8391
363,3,15193.990929705215,71.40036959749825,1.492913322678613,0.021077808116493263,4.702683157461663,0.9893945568641722,0.20912239160878743,15001.66737739872,71.57671300381422,1.9543186525039973,0.0274205828451262,5.035807146505277,1.0972055019053817,0.21641343043982844,7999_8391
364,0,9362.201735357918,70.03998630946637,2.4323915160100227,0.03515802425220475,1.0766358762648214,0.758107935917489,0.7068547615637504,6977.72850678733,71.81920925324727,2.4710726945907835,0.03451661484645477,1.1616758375257081,1.0892657408028448,0.9312125010893094,7991_7999
365,1,11357.268292682927,70.33473350972417,1.6699643973291678,0.0248996717240257,4.986263738595799,1.1959443850500493,0.22858803136513908,8178.011441647597,70.90550454679038,2.0580805749275406,0.030993671021098554,6.057052533747518,1.921141242496757,0.30694851007045226,7991_7999
366,2,11944.052516411379,67.82422914950595,3.6992792992559242,0.05830182892458544,5.14567369214154,1.6083775164946532,0.2789914085477222,10068.539863325741,67.09439617276432,5.412463539466726,0.08936982465109597,8.029171046994387,2.635726534921807,0.2879887468766903,7991_7999
367,3,19310.167028199565,70.05644873639645,1.3950479716940574,0.020041752274015216,3.502104490169494,0.631753467736905,0.18009547799347253,15193.990929705215,71.40036959749825,1.492913322678613,0.021077808116493263,4.702683157461663,0.9893945568641722,0.20912239160878743,7991_7999
368,0,10190.41791044776,72.51804873982697,2.16662307468626,0.03006230479059408,1.340791020775106,0.9903668950352026,0.7313681959385033,9362.201735357918,70.03998630946637,2.4323915160100227,0.03515802425220475,1.0766358762648214,0.758107935917489,0.7068547615637504,7092_7991
369,1,12076.895299145299,72.41181045437162,1.878758488081564,0.028623629393921848,6.657887697229446,1.7062158370806373,0.23845003718459276,11357.268292682927,70.33473350972417,1.6699643973291678,0.0248996717240257,4.986263738595799,1.1959443850500493,0.22858803136513908,7092_7991
370,2,12461.51172707889,71.08022798300603,2.6326176916041555,0.03945555733068457,6.408494904064157,1.3404814948220005,0.19765081175940283,11944.052516411379,67.82422914950595,3.6992792992559242,0.05830182892458544,5.14567369214154,1.6083775164946532,0.2789914085477222,7092_7991
371,3,20764.038379530917,72.94478082568081,1.3896088938791828,0.01921337850012531,4.604866321872651,0.7940361332338767,0.17288939950515525,19310.167028199565,70.05644873639645,1.3950479716940574,0.020041752274015216,3.502104490169494,0.631753467736905,0.18009547799347253,7092_7991
372,0,9808.351812366738,71.24968626955372,2.7329130580860967,0.03841977611032118,1.3331196004577082,1.0460750393326907,0.7699672778169,17858.060324825987,73.64608142406377,2.091135774584115,0.028418522727398827,1.257209927751919,0.9965961714661296,0.8003675389004528,8555_8559
373,1,10472.036402569593,70.08140736922438,1.604518499832688,0.024165754153651298,5.835967567133066,1.2028539724555707,0.20496363999173053,21068.345794392524,72.59379430636388,1.4046600752307297,0.020968306008529718,6.351491517124194,1.4174679558568524,0.2188070992324259,8555_8559
374,2,12733.162046908315,68.12379486170948,2.0274470198335828,0.03093659629733922,6.8184236824166335,1.301614319155196,0.18602366479489713,22308.245327102803,71.79793402092203,1.978782258070503,0.028523061352615526,6.325974923240065,1.1929547320644087,0.18437047492626613,8555_8559
375,3,19681.358208955226,69.63701409532493,1.4783507708705284,0.02143714384356904,4.600624115091935,0.8714124720998707,0.18706541609338695,36639.71527777778,73.14774675169946,1.4366431654686285,0.019833056493694476,4.578854174995494,0.8419593215883322,0.18224418410630858,8555_8559
376,0,17858.060324825987,73.64608142406377,2.091135774584115,0.028418522727398827,1.257209927751919,0.9965961714661296,0.8003675389004528,13701.43710021322,72.44761141523217,2.1906379702732606,0.030341926395494205,1.4817704938292633,1.1292220498249474,0.7662205108095336,8559_6030
377,1,21068.345794392524,72.59379430636388,1.4046600752307297,0.020968306008529718,6.351491517124194,1.4174679558568524,0.2188070992324259,15314.805555555555,72.92601777630911,1.5517869947403606,0.02189174806526332,6.65986808414258,1.5543002799762704,0.232614291954614,8559_6030
378,2,22308.245327102803,71.79793402092203,1.978782258070503,0.028523061352615526,6.325974923240065,1.1929547320644087,0.18437047492626613,16875.575692963754,71.64455682551065,2.1401605063544644,0.030855967496528913,7.002634600416495,1.3864608603854462,0.1930363048857998,8559_6030
379,3,36639.71527777778,73.14774675169946,1.4366431654686285,0.019833056493694476,4.578854174995494,0.8419593215883322,0.18224418410630858,28112.9381663113,73.04863293952647,1.5505498548107268,0.02141307210952226,5.143433951023266,0.9638837329136511,0.18539184294669606,8559_6030
380,0,10152.538461538461,71.37241144680178,2.3657806554551546,0.03327250473945811,1.511753318966034,1.1001290947873459,0.7226357560307337,10190.41791044776,72.51804873982697,2.16662307468626,0.03006230479059408,1.340791020775106,0.9903668950352026,0.7313681959385033,8546_7092
381,1,12194.467811158798,70.27046144073614,1.577726600952538,0.023437721098280934,6.9402763418470705,1.5594448489245794,0.2201623992673006,12076.895299145299,72.41181045437162,1.878758488081564,0.028623629393921848,6.657887697229446,1.7062158370806373,0.23845003718459276,8546_7092
382,2,12569.768240343348,69.25596199973612,2.1270790812623717,0.03186580276140458,6.916123420294835,1.3094315754910593,0.18558448011412038,12461.51172707889,71.08022798300603,2.6326176916041555,0.03945555733068457,6.408494904064157,1.3404814948220005,0.19765081175940283,8546_7092
383,3,20828.094017094016,70.90712282813315,1.4053924968993854,0.019913118055130862,5.06013307602013,0.850036381566171,0.16841214441609756,20764.038379530917,72.94478082568081,1.3896088938791828,0.01921337850012531,4.604866321872651,0.7940361332338767,0.17288939950515525,8546_7092
384,0,10011.473347547975,71.70383104669324,2.4980288243394524,0.03510459199773029,1.3123326719796455,0.9882535847127044,0.7473068560410678,10152.538461538461,71.37241144680178,2.3657806554551546,0.03327250473945811,1.511753318966034,1.1001290947873459,0.7226357560307337,8383_8546
385,1,11960.721627408993,69.92084076030737,2.0796024221043585,0.03071138390430709,6.036120192398469,1.3726287909731376,0.22271490331145122,12194.467811158798,70.27046144073614,1.577726600952538,0.023437721098280934,6.9402763418470705,1.5594448489245794,0.2201623992673006,8383_8546
386,2,12431.41791044776,68.47669462229099,2.3491154196086312,0.0352018424057934,6.033719279823391,1.1501510851737855,0.1866131349482743,12569.768240343348,69.25596199973612,2.1270790812623717,0.03186580276140458,6.916123420294835,1.3094315754910593,0.18558448011412038,8383_8546
387,3,20439.961620469083,70.58555908307167,1.8059465454109584,0.025689641851098673,4.489135697269017,0.7690300958784125,0.17122109161507082,20828.094017094016,70.90712282813315,1.4053924968993854,0.019913118055130862,5.06013307602013,0.850036381566171,0.16841214441609756,8383_8546
388,0,10393.031982942432,70.57367807738824,2.6696417156688197,0.03811400429953182,1.5403919107227644,1.1759279377125875,0.7604898714190738,10011.473347547975,71.70383104669324,2.4980288243394524,0.03510459199773029,1.3123326719796455,0.9882535847127044,0.7473068560410678,6895_8383
389,1,12307.147435897436,68.90529869543232,1.6546620338034776,0.024840695005293567,7.353303584321642,1.7231450842886575,0.22875686277824553,11960.721627408993,69.92084076030737,2.0796024221043585,0.03071138390430709,6.036120192398469,1.3726287909731376,0.22271490331145122,6895_8383
390,2,12798.268656716418,67.60911403159902,2.0437974285089755,0.03119904351223961,7.428065110654608,1.4043895946989615,0.18578864294667963,12431.41791044776,68.47669462229099,2.3491154196086312,0.0352018424057934,6.033719279823391,1.1501510851737855,0.1866131349482743,6895_8383
391,3,21153.240938166313,69.62135498262265,1.4108733995910663,0.02036868428905584,5.266992840728299,0.9228110820631213,0.1754603589993994,20439.961620469083,70.58555908307167,1.8059465454109584,0.025689641851098673,4.489135697269017,0.7690300958784125,0.17122109161507082,6895_8383
392,0,10363.620469083156,70.93439984880133,2.6043735725302444,0.037104477384805636,1.3871476623707173,0.9993533542211401,0.7237812367917075,10393.031982942432,70.57367807738824,2.6696417156688197,0.03811400429953182,1.5403919107227644,1.1759279377125875,0.7604898714190738,6316_6895
393,1,12197.82869379015,70.08377027566321,1.662033108952534,0.02425009933565481,6.104229117069765,1.355639161968633,0.21884453845193141,12307.147435897436,68.90529869543232,1.6546620338034776,0.024840695005293567,7.353303584321642,1.7231450842886575,0.22875686277824553,6316_6895
394,2,12665.289978678038,68.38406181207496,2.2364822182349515,0.033656485938377084,5.993740599925224,1.1429321628256772,0.18621714260539796,12798.268656716418,67.60911403159902,2.0437974285089755,0.03119904351223961,7.428065110654608,1.4043895946989615,0.18578864294667963,6316_6895
395,3,20873.556503198295,70.31262707048937,1.5623485337723468,0.022365776133408375,4.362890091187081,0.7662748043657988,0.17528483955315782,21153.240938166313,69.62135498262265,1.4108733995910663,0.02036868428905584,5.266992840728299,0.9228110820631213,0.1754603589993994,6316_6895
396,0,13701.43710021322,72.44761141523217,2.1906379702732606,0.030341926395494205,1.4817704938292633,1.1292220498249474,0.7662205108095336,10363.620469083156,70.93439984880133,2.6043735725302444,0.037104477384805636,1.3871476623707173,0.9993533542211401,0.7237812367917075,6030_6316
397,1,15314.805555555555,72.92601777630911,1.5517869947403606,0.02189174806526332,6.65986808414258,1.5543002799762704,0.232614291954614,12197.82869379015,70.08377027566321,1.662033108952534,0.02425009933565481,6.104229117069765,1.355639161968633,0.21884453845193141,6030_6316
398,2,16875.575692963754,71.64455682551065,2.1401605063544644,0.030855967496528913,7.002634600416495,1.3864608603854462,0.1930363048857998,12665.289978678038,68.38406181207496,2.2364822182349515,0.033656485938377084,5.993740599925224,1.1429321628256772,0.18621714260539796,6030_6316
399,3,28112.9381663113,73.04863293952647,1.5505498548107268,0.02141307210952226,5.143433951023266,0.9638837329136511,0.18539184294669606,20873.556503198295,70.31262707048937,1.5623485337723468,0.022365776133408375,4.362890091187081,0.7662748043657988,0.17528483955315782,6030_6316
400,0,9869.440180586907,66.7772918163243,2.152204585839477,0.03230400494317579,1.4184372201477435,1.0891590185145925,0.7682553170339295,9869.440180586907,66.7772918163243,2.152204585839477,0.03230400494317579,1.4184372201477435,1.0891590185145925,0.7682553170339295,7071_11709
401,1,10610.328767123288,66.86023263171707,1.5444147716943395,0.024478942235691182,6.4197123505246125,1.4231007749967572,0.21242146565935108,10610.328767123288,66.86023263171707,1.5444147716943395,0.024478942235691182,6.4197123505246125,1.4231007749967572,0.21242146565935108,7071_11709
402,2,12846.940909090908,64.51589601398237,2.8784490970346095,0.05016855666172724,7.792124268616408,1.9880169411740665,0.2267820667599929,12846.940909090908,64.51589601398237,2.8784490970346095,0.05016855666172724,7.792124268616408,1.9880169411740665,0.2267820667599929,7071_11709
403,3,19882.18735891648,66.46065933307638,1.4674955935170313,0.022368888077764958,5.1314136110098225,1.02204925928669,0.1941692600361739,19882.18735891648,66.46065933307638,1.4674955935170313,0.022368888077764958,5.1314136110098225,1.02204925928669,0.1941692600361739,7071_11709
404,0,9869.440180586907,66.7772918163243,2.152204585839477,0.03230400494317579,1.4184372201477435,1.0891590185145925,0.7682553170339295,9430.857142857143,131.21723737722044,3.2939766231200474,0.025197650139084676,1.9521769219580178,1.4628365145411137,0.7406544514338087,7071_6968
405,1,10610.328767123288,66.86023263171707,1.5444147716943395,0.024478942235691182,6.4197123505246125,1.4231007749967572,0.21242146565935108,10499.94635193133,132.11282733390712,2.0620306189730937,0.017391284257894424,8.334711613276239,1.7746763287420466,0.21126123381616896,7071_6968
406,2,12846.940909090908,64.51589601398237,2.8784490970346095,0.05016855666172724,7.792124268616408,1.9880169411740665,0.2267820667599929,12772.863247863248,130.00209917695537,4.202850766383823,0.03453630903965342,9.868883633139925,1.9363826454563278,0.1913926154328948,7071_6968
407,3,19882.18735891648,66.46065933307638,1.4674955935170313,0.022368888077764958,5.1314136110098225,1.02204925928669,0.1941692600361739,19566.074626865673,132.24974196439305,2.200717728035404,0.016865608468235392,6.66937455706173,1.2372512602880215,0.1838076923231592,7071_6968
408,0,5574.68546637744,70.2054332177481,3.5738302631680536,0.05175323018757362,1.6542340120730132,1.217710773679538,0.7423051615162177,,,,,,,,11875_6251
409,1,6926.704347826087,70.81408139059675,2.047518431118932,0.02944924914062572,8.050938160499149,1.8074102784208534,0.22263521875353293,,,,,,,,11875_6251
410,2,6836.412147505423,68.65130538602723,2.7945822065831303,0.043611491921596336,8.019119614785735,1.824996150829612,0.21224035198857144,,,,,,,,11875_6251
411,3,11671.2147505423,70.87155445681807,1.8679640737106507,0.0269202269985711,5.799404565398371,1.2706166376962083,0.2152738750185967,,,,,,,,11875_6251
412,0,9430.857142857143,131.21723737722044,3.2939766231200474,0.025197650139084676,1.9521769219580178,1.4628365145411137,0.7406544514338087,9808.351812366738,71.24968626955372,2.7329130580860967,0.03841977611032118,1.3331196004577082,1.0460750393326907,0.7699672778169,6968_8555
413,1,10499.94635193133,132.11282733390712,2.0620306189730937,0.017391284257894424,8.334711613276239,1.7746763287420466,0.21126123381616896,10472.036402569593,70.08140736922438,1.604518499832688,0.024165754153651298,5.835967567133066,1.2028539724555707,0.20496363999173053,6968_8555
414,2,12772.863247863248,130.00209917695537,4.202850766383823,0.03453630903965342,9.868883633139925,1.9363826454563278,0.1913926154328948,12733.162046908315,68.12379486170948,2.0274470198335828,0.03093659629733922,6.8184236824166335,1.301614319155196,0.18602366479489713,6968_8555
415,3,19566.074626865673,132.24974196439305,2.200717728035404,0.016865608468235392,6.66937455706173,1.2372512602880215,0.1838076923231592,19681.358208955226,69.63701409532493,1.4783507708705284,0.02143714384356904,4.600624115091935,0.8714124720998707,0.18706541609338695,6968_8555
416,0,9374.232409381662,63.50625112347547,3.0359640176398166,0.04831785877427722,1.324725547260149,0.9598729458877754,0.7248851829667452,5574.68546637744,70.2054332177481,3.5738302631680536,0.05175323018757362,1.6542340120730132,1.217710773679538,0.7423051615162177,8568_11875
417,1,12046.187904967603,65.59620976510196,1.3460868108242643,0.020726375660606255,6.188454762241429,1.3773204037730855,0.2206667659110075,6926.704347826087,70.81408139059675,2.047518431118932,0.02944924914062572,8.050938160499149,1.8074102784208534,0.22263521875353293,8568_11875
418,2,11538.32196162047,64.48106609979202,1.882365868324959,0.03017477366625176,5.863646373824175,1.1310118418760715,0.18488471407937435,6836.412147505423,68.65130538602723,2.7945822065831303,0.043611491921596336,8.019119614785735,1.824996150829612,0.21224035198857144,8568_11875
419,3,20147.091684434967,65.87193334150268,1.4301674682187384,0.022125231433155552,4.424707340825237,0.9018810029610297,0.1941480820138768,11671.2147505423,70.87155445681807,1.8679640737106507,0.0269202269985711,5.799404565398371,1.2706166376962083,0.2152738750185967,8568_11875
420,0,9325.402985074626,64.17707330979637,2.65682247444607,0.04176954468740618,0.913897134597514,0.7075459041117347,0.7731421312607276,9374.232409381662,63.50625112347547,3.0359640176398166,0.04831785877427722,1.324725547260149,0.9598729458877754,0.7248851829667452,8453_8568
421,1,11889.325481798714,65.85207078004126,1.1738222850358904,0.017928542858986037,4.663245241164418,1.024443650996172,0.2194182581597993,12046.187904967603,65.59620976510196,1.3460868108242643,0.020726375660606255,6.188454762241429,1.3773204037730855,0.2206667659110075,8453_8568
422,2,11388.77185501066,64.50172903356486,1.533840628979348,0.024332903558957827,4.355027646222537,0.7928257373468286,0.17806010094580002,11538.32196162047,64.48106609979202,1.882365868324959,0.03017477366625176,5.863646373824175,1.1310118418760715,0.18488471407937435,8453_8568
423,3,19963.243070362474,65.09105549837025,1.1703481739392136,0.01816294892891314,3.3084222032985067,0.6423799176169015,0.19054181583903904,20147.091684434967,65.87193334150268,1.4301674682187384,0.022125231433155552,4.424707340825237,0.9018810029610297,0.1941480820138768,8453_8568
424,0,,,,,,,,9869.440180586907,66.7772918163243,2.152204585839477,0.03230400494317579,1.4184372201477435,1.0891590185145925,0.7682553170339295,6251_11709
425,1,,,,,,,,10610.328767123288,66.86023263171707,1.5444147716943395,0.024478942235691182,6.4197123505246125,1.4231007749967572,0.21242146565935108,6251_11709
426,2,,,,,,,,12846.940909090908,64.51589601398237,2.8784490970346095,0.05016855666172724,7.792124268616408,1.9880169411740665,0.2267820667599929,6251_11709
427,3,,,,,,,,19882.18735891648,66.46065933307638,1.4674955935170313,0.022368888077764958,5.1314136110098225,1.02204925928669,0.1941692600361739,6251_11709
428,0,8510.394849785407,58.55964680814443,3.4051239441175536,0.058878746682296604,2.0833575583518678,1.601901719472423,0.7757047607437194,8988.427038626609,67.45842559998434,2.9255019201124384,0.04390237544879203,1.9276596064961766,1.3963289830591785,0.7252649071103884,8588_8118
429,1,11186.654427645788,54.91383383997321,3.420389130982726,0.06402500277305757,10.971555829602806,2.8039287624051865,0.2514163857555245,11962.882608695652,63.91360428548502,3.8658063950196615,0.06307831961631491,9.23436018326569,2.5153896509472715,0.2630707698431116,8588_8118
430,2,10200.815450643777,53.66619326804908,3.1482712373915662,0.06181335991044906,10.311718868710114,2.3538280786801655,0.2201316592003154,11024.043196544277,62.445432605949996,3.9333258876993766,0.06691059481047693,8.838164164795323,2.2227166021572082,0.23832134378016234,8588_8118
431,3,18598.6330472103,56.77892985455747,1.7955695503022042,0.032070739373108045,7.667301572787899,1.4911716344573165,0.19134987277205012,19809.736051502146,65.02768792355332,1.815441662525686,0.028288774562826843,6.4175233675969965,1.2048080617892156,0.18445484179476657,8588_8118
432,0,9395.912393162393,67.05440458472839,2.9005155611621976,0.043525526176315416,1.3160585025456555,1.0014936886037349,0.7683008496783488,9325.402985074626,64.17707330979637,2.65682247444607,0.04176954468740618,0.913897134597514,0.7075459041117347,0.7731421312607276,8572_8453
433,1,12108.15766738661,65.41810930701331,1.577867071081353,0.024688992857535754,6.898747085370115,1.532854092313489,0.22035003778110918,11889.325481798714,65.85207078004126,1.1738222850358904,0.017928542858986037,4.663245241164418,1.024443650996172,0.2194182581597993,8572_8453
434,2,11569.807280513918,64.41585450526615,1.785890051169986,0.028917448577457785,6.564161563602796,1.2229038293774765,0.18226236884855931,11388.77185501066,64.50172903356486,1.533840628979348,0.024332903558957827,4.355027646222537,0.7928257373468286,0.17806010094580002,8572_8453
435,3,20279.143162393164,65.85855553701337,1.315496165238455,0.02019454130858974,4.900314853087988,0.9022691940529871,0.18206509576681718,19963.243070362474,65.09105549837025,1.1703481739392136,0.01816294892891314,3.3084222032985067,0.6423799176169015,0.19054181583903904,8572_8453
436,0,9003.912579957356,70.0220455349573,2.646481595260494,0.038005890897941576,1.3282193513852716,0.958042722551585,0.7269963388323436,9395.912393162393,67.05440458472839,2.9005155611621976,0.043525526176315416,1.3160585025456555,1.0014936886037349,0.7683008496783488,8563_8572
437,1,11818.337634408603,69.38014039101803,1.896439271793467,0.027960799221238595,6.592061116105353,1.481784678395207,0.22092216791260003,12108.15766738661,65.41810930701331,1.577867071081353,0.024688992857535754,6.898747085370115,1.532854092313489,0.22035003778110918,8563_8572
438,2,11114.891025641025,68.27753016664674,2.0746278778669485,0.03174323232197154,6.195448113251719,1.1395259677084755,0.1774530300649286,11569.807280513918,64.41585450526615,1.785890051169986,0.028917448577457785,6.564161563602796,1.2229038293774765,0.18226236884855931,8563_8572
439,3,19738.232409381664,69.5511424106829,1.4580449177287902,0.021168714780277664,4.711765369173393,0.8608431928352404,0.18058588008757592,20279.143162393164,65.85855553701337,1.315496165238455,0.02019454130858974,4.900314853087988,0.9022691940529871,0.18206509576681718,8563_8572
440,0,8718.0618336887,68.18660371947622,3.3759090478930665,0.05021429099651271,1.837937117635383,1.391888417722795,0.7806995821142511,8929.324034334764,66.70123517106501,3.1126639145220345,0.047798736437451986,1.865519370843524,1.512766660630162,0.7790402550273272,8456_6789
441,1,11418.488222698074,64.86898791459032,4.872392180701032,0.07777391047794972,8.777490373634457,2.2654121012498463,0.2582533518866979,11759.863340563992,63.31080839373201,3.0449163088042073,0.04894877680216306,9.339722595121664,2.26315326074826,0.24073335351148167,8456_6789
442,2,10602.68869936034,62.293597362577714,5.10200198229555,0.08545894425669405,8.414957657903033,2.1618603968417913,0.25457638425938456,11038.93991416309,61.247110061834995,2.9548506833694144,0.050879197391702734,8.807600165888788,1.8417909698421537,0.20234767301685755,8456_6789
443,3,19127.54371002132,66.7467791204089,2.5305406874647063,0.038328842256364196,6.02759554528177,1.2626738028487463,0.21194873836043945,19639.79399141631,63.994850813924856,2.0083255553392476,0.0319971900788666,6.477840610561615,1.3328633898054778,0.19980057508306354,8456_6789
444,0,8988.427038626609,67.45842559998434,2.9255019201124384,0.04390237544879203,1.9276596064961766,1.3963289830591785,0.7252649071103884,8718.0618336887,68.18660371947622,3.3759090478930665,0.05021429099651271,1.837937117635383,1.391888417722795,0.7806995821142511,8118_8456
445,1,11962.882608695652,63.91360428548502,3.8658063950196615,0.06307831961631491,9.23436018326569,2.5153896509472715,0.2630707698431116,11418.488222698074,64.86898791459032,4.872392180701032,0.07777391047794972,8.777490373634457,2.2654121012498463,0.2582533518866979,8118_8456
446,2,11024.043196544277,62.445432605949996,3.9333258876993766,0.06691059481047693,8.838164164795323,2.2227166021572082,0.23832134378016234,10602.68869936034,62.293597362577714,5.10200198229555,0.08545894425669405,8.414957657903033,2.1618603968417913,0.25457638425938456,8118_8456
447,3,19809.736051502146,65.02768792355332,1.815441662525686,0.028288774562826843,6.4175233675969965,1.2048080617892156,0.18445484179476657,19127.54371002132,66.7467791204089,2.5305406874647063,0.038328842256364196,6.02759554528177,1.2626738028487463,0.21194873836043945,8118_8456
448,0,9064.978213507626,71.13723000635909,2.5133004657435696,0.035627224371582826,1.7142900342265632,1.302957668090234,0.7639692381597321,9003.912579957356,70.0220455349573,2.646481595260494,0.038005890897941576,1.3282193513852716,0.958042722551585,0.7269963388323436,6691_8563
449,1,11901.043859649122,69.98006300569517,2.4749068591906673,0.035884564533070776,9.04364783443895,2.057469701489415,0.2263058340216502,11818.337634408603,69.38014039101803,1.896439271793467,0.027960799221238595,6.592061116105353,1.481784678395207,0.22092216791260003,6691_8563
450,2,11198.03711790393,68.57661577097608,2.4376634027119817,0.038052608348059624,8.58187135708515,1.5844044253509628,0.17925597345102837,11114.891025641025,68.27753016664674,2.0746278778669485,0.03174323232197154,6.195448113251719,1.1395259677084755,0.1774530300649286,6691_8563
451,3,19888.814814814814,70.86452362641477,1.6472117079586952,0.0235211389566063,6.402148449175018,1.1909214422158383,0.18380090083614592,19738.232409381664,69.5511424106829,1.4580449177287902,0.021168714780277664,4.711765369173393,0.8608431928352404,0.18058588008757592,6691_8563
452,0,8929.324034334764,66.70123517106501,3.1126639145220345,0.047798736437451986,1.865519370843524,1.512766660630162,0.7790402550273272,9064.978213507626,71.13723000635909,2.5133004657435696,0.035627224371582826,1.7142900342265632,1.302957668090234,0.7639692381597321,6789_6691
453,1,11759.863340563992,63.31080839373201,3.0449163088042073,0.04894877680216306,9.339722595121664,2.26315326074826,0.24073335351148167,11901.043859649122,69.98006300569517,2.4749068591906673,0.035884564533070776,9.04364783443895,2.057469701489415,0.2263058340216502,6789_6691
454,2,11038.93991416309,61.247110061834995,2.9548506833694144,0.050879197391702734,8.807600165888788,1.8417909698421537,0.20234767301685755,11198.03711790393,68.57661577097608,2.4376634027119817,0.038052608348059624,8.58187135708515,1.5844044253509628,0.17925597345102837,6789_6691
455,3,19639.79399141631,63.994850813924856,2.0083255553392476,0.0319971900788666,6.477840610561615,1.3328633898054778,0.19980057508306354,19888.814814814814,70.86452362641477,1.6472117079586952,0.0235211389566063,6.402148449175018,1.1909214422158383,0.18380090083614592,6789_6691
456,0,7068.680170575693,68.65234109689624,3.0240429501841044,0.04466907876987774,1.8777672877322973,1.434173247439564,0.7711119161052717,6734.339019189765,69.73144259577708,3.1839016407736707,0.04650308405333008,2.019983576246366,1.689811538546374,0.8557938316208994,6052_8088
457,1,9373.622317596566,51.20844449318043,15.954854480995271,0.3402863138957798,15.660930952966408,7.4875340068964515,0.4569318386362619,9359.563169164881,57.91845620741753,10.041120252383612,0.17965500559607714,15.05748686901201,4.988984392598984,0.3266963013570694,6052_8088
458,2,8534.154175588865,56.874319976350755,10.798019498099189,0.21901736714177383,11.65134804044399,5.182963825966361,0.40736694164562737,8420.72921108742,58.917750145248775,8.754940709047082,0.15855750619637188,12.873721681182149,4.042721131416336,0.30816306223961604,6052_8088
459,3,15485.843683083513,66.32825908864041,4.124961447564374,0.0638005778425195,6.668645204099894,2.204932803011509,0.3150214675506664,15120.5842217484,67.8401580212795,3.4796285915667844,0.05242181500665242,8.029771398537836,2.1455114987676436,0.26384397962098033,6052_8088
460,0,6734.339019189765,69.73144259577708,3.1839016407736707,0.04650308405333008,2.019983576246366,1.689811538546374,0.8557938316208994,7363.043010752688,66.85161980134735,3.2995104834494504,0.05032027833732618,1.6833969953389496,1.2954803494372547,0.7740418605457099,8088_8565
461,1,9359.563169164881,57.91845620741753,10.041120252383612,0.17965500559607714,15.05748686901201,4.988984392598984,0.3266963013570694,10011.741794310723,60.11244896455458,5.925137702501855,0.10069429357308998,9.887079892147899,2.589290709851351,0.2597335310182362,8088_8565
462,2,8420.72921108742,58.917750145248775,8.754940709047082,0.15855750619637188,12.873721681182149,4.042721131416336,0.30816306223961604,8996.702819956616,59.947944726755935,5.09853920514475,0.08842460930426545,8.78612522018991,2.0994218630657526,0.23521399659923825,8088_8565
463,3,15120.5842217484,67.8401580212795,3.4796285915667844,0.05242181500665242,8.029771398537836,2.1455114987676436,0.26384397962098033,16214.493534482759,65.26918445246731,2.4403329596566605,0.03799365084755153,6.114579864945215,1.3597556040387557,0.2152931368402555,8088_8565
464,0,7363.043010752688,66.85161980134735,3.2995104834494504,0.05032027833732618,1.6833969953389496,1.2954803494372547,0.7740418605457099,8510.394849785407,58.55964680814443,3.4051239441175536,0.058878746682296604,2.0833575583518678,1.601901719472423,0.7757047607437194,8565_8588
465,1,10011.741794310723,60.11244896455458,5.925137702501855,0.10069429357308998,9.887079892147899,2.589290709851351,0.2597335310182362,11186.654427645788,54.91383383997321,3.420389130982726,0.06402500277305757,10.971555829602806,2.8039287624051865,0.2514163857555245,8565_8588
466,2,8996.702819956616,59.947944726755935,5.09853920514475,0.08842460930426545,8.78612522018991,2.0994218630657526,0.23521399659923825,10200.815450643777,53.66619326804908,3.1482712373915662,0.06181335991044906,10.311718868710114,2.3538280786801655,0.2201316592003154,8565_8588
467,3,16214.493534482759,65.26918445246731,2.4403329596566605,0.03799365084755153,6.114579864945215,1.3597556040387557,0.2152931368402555,18598.6330472103,56.77892985455747,1.7955695503022042,0.032070739373108045,7.667301572787899,1.4911716344573165,0.19134987277205012,8565_8588
468,0,3336.894396551724,69.0420227715342,2.8697904896314763,0.04159281685946929,0.7386555722276745,0.5286499091001036,0.7185062814380885,3564.3226495726494,74.81638690751164,3.425694700970808,0.045806993705511174,0.828544459386025,0.5638920708896462,0.6844082878644052,9706_9710
469,1,2289.85807860262,70.79480977856605,1.8322385177600613,0.02592409810471665,1.9672402740138863,0.5828902923798274,0.29914144808365595,2955.821888412017,72.5335086495012,1.4652392715307516,0.020205831844994762,2.3056331931567873,0.6298703035926281,0.27733981969802374,9706_9710
470,2,5088.532467532467,69.72062273197638,1.74651363681366,0.025171587249937358,3.7932933970840796,0.9749562707436866,0.25803214670749713,5594.647435897436,71.92693159592929,1.518939554201432,0.021219682302545173,4.198832369929295,0.9951887010772085,0.23780331979597336,9706_9710
471,3,7124.675268817205,69.84940031574962,1.7060086546426798,0.02447555139146924,2.8398178352000643,0.7213557675149076,0.25720610875532474,8302.17094017094,71.26916495547505,1.5868166198226241,0.022337944845774737,3.025632387189909,0.701384571372565,0.23279932582675075,9706_9710
472,0,3337.464818763326,71.79449063314031,2.8604779217801384,0.03987168801081356,0.9730291267674496,0.7058880929160948,0.7273159034508113,3336.894396551724,69.0420227715342,2.8697904896314763,0.04159281685946929,0.7386555722276745,0.5286499091001036,0.7185062814380885,6244_9706
473,1,2318.5662393162393,73.67177216815334,1.382380784749324,0.018782701990610044,2.6213293731723972,0.6986062911166449,0.27111349693796066,2289.85807860262,70.79480977856605,1.8322385177600613,0.02592409810471665,1.9672402740138863,0.5828902923798274,0.29914144808365595,6244_9706
474,2,5094.051172707889,72.93964969586011,1.4930061466331974,0.020617317726882755,5.597281431228801,1.435029723692573,0.2569503201041396,5088.532467532467,69.72062273197638,1.74651363681366,0.025171587249937358,3.7932933970840796,0.9749562707436866,0.25803214670749713,6244_9706
475,3,7260.400852878465,72.53956558012284,1.3478160439376756,0.018617750371906227,3.81748025521246,0.961241046882097,0.2544193614224766,7124.675268817205,69.84940031574962,1.7060086546426798,0.02447555139146924,2.8398178352000643,0.7213557675149076,0.25720610875532474,6244_9706
476,0,3564.3226495726494,74.81638690751164,3.425694700970808,0.045806993705511174,0.828544459386025,0.5638920708896462,0.6844082878644052,3589.0106609808104,76.14514370144933,3.298517555044175,0.0433375010017434,1.02943146976436,0.8072196306473455,0.7820063246578381,9710_6236
477,1,2955.821888412017,72.5335086495012,1.4652392715307516,0.020205831844994762,2.3056331931567873,0.6298703035926281,0.27733981969802374,2963.835117773019,76.01727366180627,1.4988463792464048,0.019736496220455094,3.3911286858009912,0.9460825812843353,0.28340394759200044,9710_6236
478,2,5594.647435897436,71.92693159592929,1.518939554201432,0.021219682302545173,4.198832369929295,0.9951887010772085,0.23780331979597336,5571.378205128205,75.2716209107479,1.760913555858289,0.02409677917246423,6.494810116436922,1.7090828229577546,0.2581673769390457,9710_6236
479,3,8302.17094017094,71.26916495547505,1.5868166198226241,0.022337944845774737,3.025632387189909,0.701384571372565,0.23279932582675075,8289.241452991453,74.49935622238382,1.6034642576887408,0.021712060764840314,4.524990315249998,1.1358187664327026,0.2504271975724736,9710_6236
480,0,3579.4646680942183,71.71349096869046,2.8889608760898664,0.040362945040701564,0.7699560128778317,0.5622182508221367,0.7329413185526055,3864.76017130621,69.4320641166981,2.95963644648934,0.042656347813823124,0.8600152920234059,0.6285345830697115,0.7338607259443624,8048_8037
481,1,2950.706896551724,73.12633001105378,1.6449935229000212,0.0225409811224179,2.538183139689029,0.7025494729157706,0.27893174876491966,4292.4051724137935,69.50497512181288,1.2292360400279319,0.017844378817098785,3.742569180987653,1.1479560409602079,0.3049978763462178,8048_8037
482,2,5593.63870967742,71.84043394882758,1.7944217884783302,0.025857846790261825,4.246084484853852,1.0761619275671763,0.25102170991689426,6112.757510729613,67.98115206907167,1.7546782198320976,0.02794084389246648,5.254693227511115,1.3097498570316082,0.23678184748982983,8048_8037
483,3,8282.455913978494,71.92695272507855,1.66925927341267,0.023262262934747886,3.189114364768099,0.7371621979522838,0.23202032393986471,10157.757510729614,68.13889387023757,1.3545512136626825,0.019995796641791984,4.03623607225851,0.8807253159704284,0.21626885502981708,8048_8037
484,0,3864.76017130621,69.4320641166981,2.95963644648934,0.042656347813823124,0.8600152920234059,0.6285345830697115,0.7338607259443624,3861.0622317596567,72.54654549308023,2.807870035317258,0.0387402955539179,0.8466653585305414,0.699525553950927,0.8306234607821753,8037_6764
485,1,4292.4051724137935,69.50497512181288,1.2292360400279319,0.017844378817098785,3.742569180987653,1.1479560409602079,0.3049978763462178,4275.348387096774,73.70341258051486,1.3526715161997716,0.018399955625083654,3.9093875615099813,1.1879285171713037,0.3085129096419127,8037_6764
486,2,6112.757510729613,67.98115206907167,1.7546782198320976,0.02794084389246648,5.254693227511115,1.3097498570316082,0.23678184748982983,6203.06008583691,71.66365271168205,2.2891632157869006,0.03536137385542815,6.1219195049886315,1.593247174140993,0.2539818996546071,8037_6764
487,3,10157.757510729614,68.13889387023757,1.3545512136626825,0.019995796641791984,4.03623607225851,0.8807253159704284,0.21626885502981708,10169.143776824034,72.15119411208308,1.7080506379847045,0.024110645940332607,4.480826522482797,1.0680175263829563,0.2344976385259885,8037_6764
488,0,3589.0106609808104,76.14514370144933,3.298517555044175,0.0433375010017434,1.02943146976436,0.8072196306473455,0.7820063246578381,3579.4646680942183,71.71349096869046,2.8889608760898664,0.040362945040701564,0.7699560128778317,0.5622182508221367,0.7329413185526055,6236_8048
489,1,2963.835117773019,76.01727366180627,1.4988463792464048,0.019736496220455094,3.3911286858009912,0.9460825812843353,0.28340394759200044,2950.706896551724,73.12633001105378,1.6449935229000212,0.0225409811224179,2.538183139689029,0.7025494729157706,0.27893174876491966,6236_8048
490,2,5571.378205128205,75.2716209107479,1.760913555858289,0.02409677917246423,6.494810116436922,1.7090828229577546,0.2581673769390457,5593.63870967742,71.84043394882758,1.7944217884783302,0.025857846790261825,4.246084484853852,1.0761619275671763,0.25102170991689426,6236_8048
491,3,8289.241452991453,74.49935622238382,1.6034642576887408,0.021712060764840314,4.524990315249998,1.1358187664327026,0.2504271975724736,8282.455913978494,71.92695272507855,1.66925927341267,0.023262262934747886,3.189114364768099,0.7371621979522838,0.23202032393986471,6236_8048
492,0,3861.0622317596567,72.54654549308023,2.807870035317258,0.0387402955539179,0.8466653585305414,0.699525553950927,0.8306234607821753,2471.4622030237583,67.6194252941146,5.194521634391072,0.07706877098514388,0.7972928132052093,0.6053867978688734,0.7853998484479301,6764_6763
493,1,4275.348387096774,73.70341258051486,1.3526715161997716,0.018399955625083654,3.9093875615099813,1.1879285171713037,0.3085129096419127,3060.7417218543046,50.18292687465083,2.473734001150311,0.036459259272831515,2.603718810969275,0.783824507909789,0.3116558227114832,6764_6763
494,2,6203.06008583691,71.66365271168205,2.2891632157869006,0.03536137385542815,6.1219195049886315,1.593247174140993,0.2539818996546071,4985.973684210527,66.38426909396517,2.471805619847074,0.039904025955808435,3.7568067713286704,0.9967523912609884,0.26397649265733847,6764_6763
495,3,10169.143776824034,72.15119411208308,1.7080506379847045,0.024110645940332607,4.480826522482797,1.0680175263829563,0.2344976385259885,8276.50759219089,66.55921274951545,2.415630225215502,0.03680303145478648,3.002862546569883,0.7505527429219567,0.2479617222541564,6764_6763
496,0,2471.4622030237583,67.6194252941146,5.194521634391072,0.07706877098514388,0.7972928132052093,0.6053867978688734,0.7853998484479301,3640.4337606837607,71.50732863013467,3.073234908067581,0.04302652324443311,1.0105590848215902,0.787644947151591,0.7813233447598612,6763_6186
497,1,3060.7417218543046,50.18292687465083,2.473734001150311,0.036459259272831515,2.603718810969275,0.783824507909789,0.3116558227114832,4122.443010752688,71.95934958288385,1.9120441988260144,0.027629034198128892,4.184895345882103,1.26497791680097,0.30087177645438307,6763_6186
498,2,4985.973684210527,66.38426909396517,2.471805619847074,0.039904025955808435,3.7568067713286704,0.9967523912609884,0.26397649265733847,5914.76282051282,70.0466187329026,2.520076083631748,0.04126186136776153,6.339701446491563,1.6216546995455958,0.24288209498058372,6763_6186
499,3,8276.50759219089,66.55921274951545,2.415630225215502,0.03680303145478648,3.002862546569883,0.7505527429219567,0.2479617222541564,9563.502136752137,69.91238392577866,2.2221450397395452,0.03428016836545586,4.717733712507395,1.1403355830048152,0.23158928138624163,6763_6186
500,0,4175.960439560439,72.76432220131095,2.93339139178537,0.04040323327352706,0.8375998804547747,0.6544677975463361,0.7814550301692209,5445.395698924731,69.26183621522964,2.5776372571612614,0.03768027455575126,1.1240148200174669,0.9187579657304479,0.809694062175684,8494_8462
501,1,4431.066371681416,72.53328200090287,1.6548737830766367,0.026187216811375476,3.5834936124831653,0.9698475589508356,0.2687972283942915,7385.323913043479,66.78605568722226,4.818652759657409,0.08326523566796577,7.212470408491466,3.144088313210507,0.3809842315824679,8494_8462
502,2,6447.839207048458,71.35928210828394,2.0610269673180395,0.030582115758650344,4.989821442758962,1.1623359183798474,0.2201920153877556,7749.547619047619,66.37109338806255,4.917063639092693,0.05462588784571357,7.417347201157524,2.3938276020132347,0.27515441045883243,8494_8462
503,3,9919.69010989011,71.73416817382608,1.560663140642832,0.022023112858890893,3.4947838430822,0.8334975969512892,0.23417801519654563,14520.004301075269,68.3049786983312,2.1287043133417263,0.032187239510131284,5.7851484688417285,1.3666391808203249,0.22194731246114804,8494_8462
504,0,3725.3951434878586,75.02471885151574,2.82406383781496,0.03766614902985408,1.2953259216073603,0.9523449013292326,0.737350948868808,4175.960439560439,72.76432220131095,2.93339139178537,0.04040323327352706,0.8375998804547747,0.6544677975463361,0.7814550301692209,6858_8494
505,1,4237.495555555555,76.75307440651981,1.346001853147985,0.01831457233659307,4.920469199626726,1.4521065051969508,0.2921830898879535,4431.066371681416,72.53328200090287,1.6548737830766367,0.026187216811375476,3.5834936124831653,0.9698475589508356,0.2687972283942915,6858_8494
506,2,6276.7086092715235,74.83082098495035,2.3387462116394206,0.03716274605995667,7.802678156192795,1.992400744783034,0.23727002555873578,6447.839207048458,71.35928210828394,2.0610269673180395,0.030582115758650344,4.989821442758962,1.1623359183798474,0.2201920153877556,6858_8494
507,3,10144.958057395144,75.2092542266767,1.5655505261589693,0.023486411125019143,5.727174340850057,1.2260586437714602,0.20888720762705204,9919.69010989011,71.73416817382608,1.560663140642832,0.022023112858890893,3.4947838430822,0.8334975969512892,0.23417801519654563,6858_8494
508,0,3640.4337606837607,71.50732863013467,3.073234908067581,0.04302652324443311,1.0105590848215902,0.787644947151591,0.7813233447598612,3725.3951434878586,75.02471885151574,2.82406383781496,0.03766614902985408,1.2953259216073603,0.9523449013292326,0.737350948868808,6186_6858
509,1,4122.443010752688,71.95934958288385,1.9120441988260144,0.027629034198128892,4.184895345882103,1.26497791680097,0.30087177645438307,4237.495555555555,76.75307440651981,1.346001853147985,0.01831457233659307,4.920469199626726,1.4521065051969508,0.2921830898879535,6186_6858
510,2,5914.76282051282,70.0466187329026,2.520076083631748,0.04126186136776153,6.339701446491563,1.6216546995455958,0.24288209498058372,6276.7086092715235,74.83082098495035,2.3387462116394206,0.03716274605995667,7.802678156192795,1.992400744783034,0.23727002555873578,6186_6858
511,3,9563.502136752137,69.91238392577866,2.2221450397395452,0.03428016836545586,4.717733712507395,1.1403355830048152,0.23158928138624163,10144.958057395144,75.2092542266767,1.5655505261589693,0.023486411125019143,5.727174340850057,1.2260586437714602,0.20888720762705204,6186_6858
512,0,5445.395698924731,69.26183621522964,2.5776372571612614,0.03768027455575126,1.1240148200174669,0.9187579657304479,0.809694062175684,5682.074786324786,68.34871193775714,2.3696641270165544,0.03481876593901323,1.691064903919478,1.3368168796226747,0.7867384292730379,8462_6231
513,1,7385.323913043479,66.78605568722226,4.818652759657409,0.08326523566796577,7.212470408491466,3.144088313210507,0.3809842315824679,7615.880952380952,63.93377697084566,7.331809023031867,0.12961042726997646,10.891247163645625,5.130297689196699,0.4278357816809736,8462_6231
514,2,7749.547619047619,66.37109338806255,4.917063639092693,0.05462588784571357,7.417347201157524,2.3938276020132347,0.27515441045883243,7935.389721627409,64.58130132184397,4.514869404511893,0.07793111860903694,10.768823255452523,3.2256600165597127,0.27358126907706015,8462_6231
515,3,14520.004301075269,68.3049786983312,2.1287043133417263,0.032187239510131284,5.7851484688417285,1.3666391808203249,0.22194731246114804,14861.856837606838,66.95365933413186,2.404488518755082,0.03697330547958651,8.385833501516865,2.016315842873948,0.22886780426185924,8462_6231
516,0,2765.1409978308025,69.10177310315423,3.7076657413113216,0.05370436669896534,0.49787920075055164,0.4122392999925207,0.8478740289000953,2984.089552238806,68.19893069125969,4.383634219386763,0.06432274151779233,0.5856363385024466,0.504726727020992,0.8574865378407185,8522_8498
517,1,3036.508733624454,70.71585769107197,1.5986804174674791,0.022702741423031022,2.0066550557110343,0.6684528500672388,0.33922743318330945,3192.4304068522483,68.59545344187403,1.5745002042730372,0.02304511838412319,2.4455498748073294,0.7744709984605394,0.3229744089348199,8522_8498
518,2,4308.391304347826,69.06029913229588,2.443585700405004,0.03854434334000476,3.2258679325034025,1.0956258957443816,0.28320238755967936,4654.74358974359,64.48577438830338,4.939535715740647,0.09326482474408464,4.9526672266782885,2.6849109572379986,0.380838531592664,8522_8498
519,3,6740.101952277657,69.56900151196157,1.6605453486926918,0.024051987292261663,2.1668186167859456,0.6597310166609976,0.29552907567060444,7086.277185501066,67.66591109347858,1.6374573780735717,0.024306034272824732,2.5543799850675692,0.7391957901362702,0.28298484323093553,8522_8498
520,0,7376.615384615385,74.43900774365319,2.31961716694584,0.031228503941466503,1.0571348521496042,0.8936744796671334,0.8374641954719054,7393.497854077254,68.54008149816775,2.3205906176789313,0.03393208820617186,0.9785732555362202,0.7248716065802414,0.7387315984953119,8500_8421
521,1,6767.511363636364,75.50034206898773,1.2196174550452372,0.01648910289587257,3.9922775295441655,1.0116284290671056,0.2537280755347897,6760.671706263499,69.01781430618237,1.3727971536585495,0.020364374721889088,3.409190859874604,0.8456225595434183,0.24283979998699523,8500_8421
522,2,10539.070135746606,64.53099880148302,11.022147401898449,0.21032115934160053,9.803304185848358,4.899196889522352,0.4175303200679304,10582.509719222462,58.42137858421258,10.029853809271081,0.1957119996034908,9.396087044072852,5.078941820682692,0.47862134374988785,8500_8421
523,3,15011.463800904978,74.46943169452292,1.6763133324900936,0.023002630955080167,4.1190871292057585,1.2117909320457363,0.28195097766909766,14947.87339055794,68.15275514178275,1.8915437260240564,0.02842465620033852,3.4194262710700416,1.0778958595549815,0.29019916333897405,8500_8421
524,0,2984.089552238806,68.19893069125969,4.383634219386763,0.06432274151779233,0.5856363385024466,0.504726727020992,0.8574865378407185,7376.615384615385,74.43900774365319,2.31961716694584,0.031228503941466503,1.0571348521496042,0.8936744796671334,0.8374641954719054,8498_8500
525,1,3192.4304068522483,68.59545344187403,1.5745002042730372,0.02304511838412319,2.4455498748073294,0.7744709984605394,0.3229744089348199,6767.511363636364,75.50034206898773,1.2196174550452372,0.01648910289587257,3.9922775295441655,1.0116284290671056,0.2537280755347897,8498_8500
526,2,4654.74358974359,64.48577438830338,4.939535715740647,0.09326482474408464,4.9526672266782885,2.6849109572379986,0.380838531592664,10539.070135746606,64.53099880148302,11.022147401898449,0.21032115934160053,9.803304185848358,4.899196889522352,0.4175303200679304,8498_8500
527,3,7086.277185501066,67.66591109347858,1.6374573780735717,0.024306034272824732,2.5543799850675692,0.7391957901362702,0.28298484323093553,15011.463800904978,74.46943169452292,1.6763133324900936,0.023002630955080167,4.1190871292057585,1.2117909320457363,0.28195097766909766,8498_8500
528,0,5724.008528784648,67.05653228931686,2.749004051072497,0.04106036767868933,1.1274031521738992,0.9262346490406564,0.8203854903080658,5621.960352422908,66.23366475466312,2.608338417133555,0.0394128156334417,0.9405752712598985,0.7100331788134567,0.7621690537185983,8470_6274
529,1,7664.059829059829,60.61256972411611,7.086143445111773,0.1209977718541861,7.9801670900453425,3.605697053435274,0.43982308290092376,7654.374439461883,64.61473845803172,3.2464626789107602,0.0509586753412209,5.682783620180083,2.0143312417762416,0.349459288830687,8470_6274
530,2,8094.087420042644,63.4139173042685,2.8868127238680565,0.04737899780493639,7.105365281719269,1.6744104189965918,0.23052243259969554,8092.104444444444,65.69794219271712,1.9228692070612188,0.030348700896685614,5.287900750830353,1.090678979547996,0.200778757326255,8470_6274
531,3,15181.059701492537,63.94072916704337,2.6057478075677594,0.0413572818086435,5.959379852239311,1.408173945001269,0.23207605743380635,14901.713656387665,65.68197878804415,1.6463755381592913,0.025308829761618284,4.527569093368753,0.8626539537875488,0.18873532437210744,8470_6274
532,0,,,,,,,,2765.1409978308025,69.10177310315423,3.7076657413113216,0.05370436669896534,0.49787920075055164,0.4122392999925207,0.8478740289000953,6738_8522
533,1,,,,,,,,3036.508733624454,70.71585769107197,1.5986804174674791,0.022702741423031022,2.0066550557110343,0.6684528500672388,0.33922743318330945,6738_8522
534,2,,,,,,,,4308.391304347826,69.06029913229588,2.443585700405004,0.03854434334000476,3.2258679325034025,1.0956258957443816,0.28320238755967936,6738_8522
535,3,,,,,,,,6740.101952277657,69.56900151196157,1.6605453486926918,0.024051987292261663,2.1668186167859456,0.6597310166609976,0.29552907567060444,6738_8522
536,0,5621.960352422908,66.23366475466312,2.608338417133555,0.0394128156334417,0.9405752712598985,0.7100331788134567,0.7621690537185983,,,,,,,,6274_6738
537,1,7654.374439461883,64.61473845803172,3.2464626789107602,0.0509586753412209,5.682783620180083,2.0143312417762416,0.349459288830687,,,,,,,,6274_6738
538,2,8092.104444444444,65.69794219271712,1.9228692070612188,0.030348700896685614,5.287900750830353,1.090678979547996,0.200778757326255,,,,,,,,6274_6738
539,3,14901.713656387665,65.68197878804415,1.6463755381592913,0.025308829761618284,4.527569093368753,0.8626539537875488,0.18873532437210744,,,,,,,,6274_6738
540,0,5682.074786324786,68.34871193775714,2.3696641270165544,0.03481876593901323,1.691064903919478,1.3368168796226747,0.7867384292730379,5724.008528784648,67.05653228931686,2.749004051072497,0.04106036767868933,1.1274031521738992,0.9262346490406564,0.8203854903080658,6231_8470
541,1,7615.880952380952,63.93377697084566,7.331809023031867,0.12961042726997646,10.891247163645625,5.130297689196699,0.4278357816809736,7664.059829059829,60.61256972411611,7.086143445111773,0.1209977718541861,7.9801670900453425,3.605697053435274,0.43982308290092376,6231_8470
542,2,7935.389721627409,64.58130132184397,4.514869404511893,0.07793111860903694,10.768823255452523,3.2256600165597127,0.27358126907706015,8094.087420042644,63.4139173042685,2.8868127238680565,0.04737899780493639,7.105365281719269,1.6744104189965918,0.23052243259969554,6231_8470
543,3,14861.856837606838,66.95365933413186,2.404488518755082,0.03697330547958651,8.385833501516865,2.016315842873948,0.22886780426185924,15181.059701492537,63.94072916704337,2.6057478075677594,0.0413572818086435,5.959379852239311,1.408173945001269,0.23207605743380635,6231_8470
544,0,6733.717948717948,71.95654003623436,2.82475226231815,0.03930929199302674,1.368588769296781,1.0432040817192374,0.7596729866776091,6765.0660980810235,76.56724151938387,2.6200389276869602,0.03428136873362958,1.9060977116897748,1.6242495519272235,0.8472608134910654,8425_6089
545,1,6428.721030042919,69.90988800894354,1.8193240911826336,0.026826670806878786,4.86982272627163,1.2719554616012507,0.2573059027821106,6380.559829059829,75.55530455434794,1.722022530558983,0.023992380174750135,7.687693186533871,2.0706279066401647,0.26540666618305125,8425_6089
546,2,9804.139186295502,59.90364384348372,9.804915089452528,0.1795356955849791,10.173265845299962,3.9455681489290844,0.3646755290790451,9788.456289978678,65.11717310064637,9.39266241992086,0.157925967048941,14.634486433273741,4.557288461555448,0.2970109334176663,8425_6089
547,3,13794.17735042735,69.53415805247188,2.563798521733831,0.037899634122468176,4.871611505693965,1.5122605714321264,0.2942480775447424,13772.296375266524,74.93673011952127,2.5364428319383565,0.035078302691687754,7.570658110508234,2.279517539304195,0.2902118159312796,8425_6089
548,0,7393.497854077254,68.54008149816775,2.3205906176789313,0.03393208820617186,0.9785732555362202,0.7248716065802414,0.7387315984953119,6733.717948717948,71.95654003623436,2.82475226231815,0.03930929199302674,1.368588769296781,1.0432040817192374,0.7596729866776091,8421_8425
549,1,6760.671706263499,69.01781430618237,1.3727971536585495,0.020364374721889088,3.409190859874604,0.8456225595434183,0.24283979998699523,6428.721030042919,69.90988800894354,1.8193240911826336,0.026826670806878786,4.86982272627163,1.2719554616012507,0.2573059027821106,8421_8425
550,2,10582.509719222462,58.42137858421258,10.029853809271081,0.1957119996034908,9.396087044072852,5.078941820682692,0.47862134374988785,9804.139186295502,59.90364384348372,9.804915089452528,0.1795356955849791,10.173265845299962,3.9455681489290844,0.3646755290790451,8421_8425
551,3,14947.87339055794,68.15275514178275,1.8915437260240564,0.02842465620033852,3.4194262710700416,1.0778958595549815,0.29019916333897405,13794.17735042735,69.53415805247188,2.563798521733831,0.037899634122468176,4.871611505693965,1.5122605714321264,0.2942480775447424,8421_8425
552,0,6748.458244111349,70.08351268486612,2.4379567571020235,0.03482363794596346,1.2670094757661363,1.0666342438874363,0.8438261894873701,5543.362473347548,71.78118554383582,3.0049190945624855,0.042021884160637964,1.304335602963994,1.012604505676793,0.7803160001936948,8389_8460
553,1,6354.3304721030045,68.29729790446282,1.9450215021125912,0.02926232308286734,5.149844962802415,1.440288002960889,0.2781536092139576,5616.483940042826,69.00470136954544,1.7642240191349052,0.025731340118716257,4.742014246430799,1.249678121598985,0.26443601896207325,8389_8460
554,2,9863.658064516128,64.5510693810261,3.9132278114273533,0.06220895147825077,8.247660895125057,1.8173805515062953,0.21786078448797325,8574.331196581197,67.21386838736626,2.358688696080022,0.0357051757239937,7.228602682327449,1.4735397690336995,0.2027147373588024,8389_8460
555,3,13705.910256410256,68.30815485446068,1.9054402624242317,0.028132384644753816,4.94763608731122,1.3808151474522365,0.27620433204334377,11984.844017094018,69.03985879715603,2.0202037695265824,0.029434131769132472,4.785286598730544,1.2054113446218977,0.2490244770969298,8389_8460
556,0,6577.277185501066,74.75176693561978,2.459863940573925,0.032937320599107534,1.960178437855441,1.6527356242905706,0.8406212935294659,6748.458244111349,70.08351268486612,2.4379567571020235,0.03482363794596346,1.2670094757661363,1.0666342438874363,0.8438261894873701,6220_8389
557,1,5986.33547008547,73.84724221165595,1.99596555057465,0.029197434404763307,7.940988964215002,2.539120796568262,0.3124571473531398,6354.3304721030045,68.29729790446282,1.9450215021125912,0.02926232308286734,5.149844962802415,1.440288002960889,0.2781536092139576,6220_8389
558,2,9362.326226012794,68.91346750708423,5.73070670552232,0.08803004167508366,12.523748639173728,3.785519644050944,0.29451897877552957,9863.658064516128,64.5510693810261,3.9132278114273533,0.06220895147825077,8.247660895125057,1.8173805515062953,0.21786078448797325,6220_8389
559,3,13219.27078891258,74.04156454201252,2.1451784010139936,0.029267131433680753,7.484020583169916,2.4668632121072056,0.32701979926165065,13705.910256410256,68.30815485446068,1.9054402624242317,0.028132384644753816,4.94763608731122,1.3808151474522365,0.27620433204334377,6220_8389
560,0,6765.0660980810235,76.56724151938387,2.6200389276869602,0.03428136873362958,1.9060977116897748,1.6242495519272235,0.8472608134910654,6577.277185501066,74.75176693561978,2.459863940573925,0.032937320599107534,1.960178437855441,1.6527356242905706,0.8406212935294659,6089_6220
561,1,6380.559829059829,75.55530455434794,1.722022530558983,0.023992380174750135,7.687693186533871,2.0706279066401647,0.26540666618305125,5986.33547008547,73.84724221165595,1.99596555057465,0.029197434404763307,7.940988964215002,2.539120796568262,0.3124571473531398,6089_6220
562,2,9788.456289978678,65.11717310064637,9.39266241992086,0.157925967048941,14.634486433273741,4.557288461555448,0.2970109334176663,9362.326226012794,68.91346750708423,5.73070670552232,0.08803004167508366,12.523748639173728,3.785519644050944,0.29451897877552957,6089_6220
563,3,13772.296375266524,74.93673011952127,2.5364428319383565,0.035078302691687754,7.570658110508234,2.279517539304195,0.2902118159312796,13219.27078891258,74.04156454201252,2.1451784010139936,0.029267131433680753,7.484020583169916,2.4668632121072056,0.32701979926165065,6089_6220
564,0,5119.228144989339,71.34116223980489,2.368515040941733,0.03323335736692999,1.070643093308944,0.8270208721962434,0.7773464351126125,5116.034115138593,69.71200091701071,2.5651756507200263,0.036838737958654416,0.643294144747716,0.539659715094692,0.8516168615406589,6652_8320
565,1,5331.787096774194,72.89505007484492,1.2014548176348356,0.016533940942993507,4.313318014051068,1.128180733869749,0.264898666594228,5344.266666666666,71.77699141775138,1.3459730127585432,0.018822224519026126,2.7963054416735305,0.7941118816585417,0.2885912513678101,6652_8320
566,2,8138.778251599148,71.09301250318343,1.6559726042974054,0.02454716335006999,6.4940672377343205,1.2807646111267417,0.19477007346212885,8156.396145610278,70.57294030959,1.8722177725441664,0.028100852476669942,4.372249773384754,0.8899724085444711,0.20090728717572162,6652_8320
567,3,11359.737739872067,71.63648225721971,1.3796007518669404,0.019419240474609866,4.2036620003435825,1.0704941013259572,0.2503267507296819,11367.202991452992,70.88978849081879,1.3547758827974066,0.01937974201051233,2.714541614581322,0.7190003474053017,0.26445235208940704,6652_8320
568,0,5543.362473347548,71.78118554383582,3.0049190945624855,0.042021884160637964,1.304335602963994,1.012604505676793,0.7803160001936948,6234.30752688172,71.38653982296306,2.99438595829596,0.0421899269342708,1.1321437777987975,0.8740544908941666,0.7782863271224558,8460_6069
569,1,5616.483940042826,69.00470136954544,1.7642240191349052,0.025731340118716257,4.742014246430799,1.249678121598985,0.26443601896207325,6316.041125541125,70.96315409121915,1.8777109147219484,0.026927907824870766,4.498971858322711,1.2276353948785914,0.26958458767628324,8460_6069
570,2,8574.331196581197,67.21386838736626,2.358688696080022,0.0357051757239937,7.228602682327449,1.4735397690336995,0.2027147373588024,9657.507559395248,67.82407452647196,2.3996654082811943,0.03655426050817811,6.148729644687399,1.3346209202553665,0.20999278696899706,8460_6069
571,3,11984.844017094018,69.03985879715603,2.0202037695265824,0.029434131769132472,4.785286598730544,1.2054113446218977,0.2490244770969298,13548.797413793103,69.68350580385398,2.0142083663400006,0.02932828831809304,4.091149044102438,1.0482157502875749,0.24756229619887649,8460_6069
572,0,5566.666666666667,71.32179814472764,2.598153173475242,0.03646233014069055,1.0507842513871737,0.8271536946159668,0.7928101484601886,5115.66452991453,68.12214785479895,2.766054504493962,0.04062654681908321,1.2323558822898264,0.9491924968365381,0.7745924767882301,8444_8441
573,1,5581.56652360515,71.71290876018205,1.5105753941674673,0.021749949868545535,4.19990193714136,1.0974824261236993,0.2606834320479401,5326.830107526882,67.12853464293073,1.7377990618716066,0.025952643512679393,4.467573213814955,1.1510560715167109,0.26096743471604594,8444_8441
574,2,8630.708779443255,69.61972989721548,2.2764940665438376,0.0338459623171061,6.410009684361347,1.3303461884695944,0.2031057918703629,8139.678800856531,65.113715565389,2.1214841652831997,0.03346222406657552,6.845682031240958,1.4017486657336953,0.20230468940609886,8444_8441
575,3,11959.294871794871,70.88873083285353,1.7107271330343081,0.024319911112289063,4.101894807451779,1.0564487888027563,0.2548550549364247,11342.418803418803,65.95767135217727,1.9595360230663674,0.029859991057841342,4.485716283353348,1.1584321719704298,0.25498877824879584,8444_8441
576,0,5115.66452991453,68.12214785479895,2.766054504493962,0.04062654681908321,1.2323558822898264,0.9491924968365381,0.7745924767882301,5119.228144989339,71.34116223980489,2.368515040941733,0.03323335736692999,1.070643093308944,0.8270208721962434,0.7773464351126125,8441_6652
577,1,5326.830107526882,67.12853464293073,1.7377990618716066,0.025952643512679393,4.467573213814955,1.1510560715167109,0.26096743471604594,5331.787096774194,72.89505007484492,1.2014548176348356,0.016533940942993507,4.313318014051068,1.128180733869749,0.264898666594228,8441_6652
578,2,8139.678800856531,65.113715565389,2.1214841652831997,0.03346222406657552,6.845682031240958,1.4017486657336953,0.20230468940609886,8138.778251599148,71.09301250318343,1.6559726042974054,0.02454716335006999,6.4940672377343205,1.2807646111267417,0.19477007346212885,8441_6652
579,3,11342.418803418803,65.95767135217727,1.9595360230663674,0.029859991057841342,4.485716283353348,1.1584321719704298,0.25498877824879584,11359.737739872067,71.63648225721971,1.3796007518669404,0.019419240474609866,4.2036620003435825,1.0704941013259572,0.2503267507296819,8441_6652
580,0,5507.3432835820895,71.64954321425246,3.264295348749635,0.045860315582539474,1.2242493099866791,0.9779152595468982,0.79684853085408,5566.666666666667,71.32179814472764,2.598153173475242,0.03646233014069055,1.0507842513871737,0.8271536946159668,0.7928101484601886,6295_8444
581,1,5609.055674518201,69.84203200069115,2.128251086723522,0.03129391836613232,4.916230740076208,1.3331122498584569,0.26046457867176936,5581.56652360515,71.71290876018205,1.5105753941674673,0.021749949868545535,4.19990193714136,1.0974824261236993,0.2606834320479401,6295_8444
582,2,8586.22435897436,67.10096116526583,2.058943950344266,0.031490283261174846,6.954292391464379,1.3912610181824336,0.19732480653808657,8630.708779443255,69.61972989721548,2.2764940665438376,0.0338459623171061,6.410009684361347,1.3303461884695944,0.2031057918703629,6295_8444
583,3,11956.558635394456,68.63457568950727,2.04243510194341,0.030115746065217285,4.605102557630573,1.173833053479382,0.24641807968158536,11959.294871794871,70.88873083285353,1.7107271330343081,0.024319911112289063,4.101894807451779,1.0564487888027563,0.2548550549364247,6295_8444
584,0,6234.30752688172,71.38653982296306,2.99438595829596,0.0421899269342708,1.1321437777987975,0.8740544908941666,0.7782863271224558,5507.3432835820895,71.64954321425246,3.264295348749635,0.045860315582539474,1.2242493099866791,0.9779152595468982,0.79684853085408,6069_6295
585,1,6316.041125541125,70.96315409121915,1.8777109147219484,0.026927907824870766,4.498971858322711,1.2276353948785914,0.26958458767628324,5609.055674518201,69.84203200069115,2.128251086723522,0.03129391836613232,4.916230740076208,1.3331122498584569,0.26046457867176936,6069_6295
586,2,9657.507559395248,67.82407452647196,2.3996654082811943,0.03655426050817811,6.148729644687399,1.3346209202553665,0.20999278696899706,8586.22435897436,67.10096116526583,2.058943950344266,0.031490283261174846,6.954292391464379,1.3912610181824336,0.19732480653808657,6069_6295
587,3,13548.797413793103,69.68350580385398,2.0142083663400006,0.02932828831809304,4.091149044102438,1.0482157502875749,0.24756229619887649,11956.558635394456,68.63457568950727,2.04243510194341,0.030115746065217285,4.605102557630573,1.173833053479382,0.24641807968158536,6069_6295
588,0,3213.257995735608,75.76973481715319,3.247968628974448,0.04289876598875329,0.5729195210403011,0.48826390858303476,0.8692759705883204,,,,,,,,5881_6875
589,1,2368.43347639485,77.09106548797816,1.5696472292311003,0.020408839946846315,1.7970851328808002,0.5000805397396175,0.28477321062433036,,,,,,,,5881_6875
590,2,5646.985074626866,78.80520046575182,1.4264250553551887,0.018468188917021233,3.980245701783588,0.8733792375805162,0.22045379339002205,,,,,,,,5881_6875
591,3,6682.8742004264395,77.29446537830121,1.5768806627592509,0.020443452245572258,2.248999635522838,0.6666377201078741,0.29644575627185216,,,,,,,,5881_6875
592,0,3231.923240938166,76.80521926113765,3.193490878485073,0.04159833267007084,0.49903257544663426,0.43258996351315343,0.8857914688947482,,,,,,,,6222_6875
593,1,2386.1351931330473,77.82940983772508,1.3239642918572092,0.017031448344065083,1.6264290042317222,0.4559101685521085,0.2885330625680672,,,,,,,,6222_6875
594,2,5632.481876332623,79.41943388014835,1.4180235949313573,0.019541618532716316,3.7137408487409207,0.8816564015984343,0.2284240420361282,,,,,,,,6222_6875
595,3,6719.09381663113,77.65362523966301,1.440461537125559,0.0185768511963389,2.0625095738260053,0.6330234767938896,0.30716258091236587,,,,,,,,6222_6875
596,0,3238.907894736842,72.78204225871717,2.7713660564919356,0.03809752595069706,0.380965690095924,0.3114135777704005,0.8498365967796033,3231.923240938166,76.80521926113765,3.193490878485073,0.04159833267007084,0.49903257544663426,0.43258996351315343,0.8857914688947482,6016_6222
597,1,2391.4469026548672,72.82582965016023,1.2683351970848515,0.017429803183459366,1.1961942789245583,0.3397748893738347,0.29306158141782634,2386.1351931330473,77.82940983772508,1.3239642918572092,0.017031448344065083,1.6264290042317222,0.4559101685521085,0.2885330625680672,6016_6222
598,2,5621.671052631579,73.56630365754829,1.330842200308475,0.01870447661916474,2.645885807925814,0.6528237988819422,0.2391665063554846,5632.481876332623,79.41943388014835,1.4180235949313573,0.019541618532716316,3.7137408487409207,0.8816564015984343,0.2284240420361282,6016_6222
599,3,6716.664473684211,72.45676744326981,1.3399778786442602,0.018545474265649765,1.4865984073012175,0.46554119448980363,0.314486274344641,6719.09381663113,77.65362523966301,1.440461537125559,0.0185768511963389,2.0625095738260053,0.6330234767938896,0.30716258091236587,6016_6222
600,0,3213.257995735608,75.76973481715319,3.247968628974448,0.04289876598875329,0.5729195210403011,0.48826390858303476,0.8692759705883204,1921.042643923241,69.19478684136448,4.3351037683600895,0.06288645668576892,0.5240762204829629,0.46206969533845366,0.9383168172128635,5881_5879
601,1,2368.43347639485,77.09106548797816,1.5696472292311003,0.020408839946846315,1.7970851328808002,0.5000805397396175,0.28477321062433036,1374.244635193133,69.77829204714915,1.9182934208839644,0.027521375338665797,1.3161196532701018,0.45885887034399436,0.38051823891892717,5881_5879
602,2,5646.985074626866,78.80520046575182,1.4264250553551887,0.018468188917021233,3.980245701783588,0.8733792375805162,0.22045379339002205,3874.3944562899787,71.30626291557508,1.426219306375219,0.020406903559073812,3.384076497150614,0.8554753699804855,0.2565778876805787,5881_5879
603,3,6682.8742004264395,77.29446537830121,1.5768806627592509,0.020443452245572258,2.248999635522838,0.6666377201078741,0.29644575627185216,4258.396588486141,69.7725237634067,1.9433136479485973,0.02817155262858139,1.8208514543685443,0.6786935067437548,0.3773854234266195,5881_5879
604,0,5116.034115138593,69.71200091701071,2.5651756507200263,0.036838737958654416,0.643294144747716,0.539659715094692,0.8516168615406589,,,,,,,,8320_6653
605,1,5344.266666666666,71.77699141775138,1.3459730127585432,0.018822224519026126,2.7963054416735305,0.7941118816585417,0.2885912513678101,,,,,,,,8320_6653
606,2,8156.396145610278,70.57294030959,1.8722177725441664,0.028100852476669942,4.372249773384754,0.8899724085444711,0.20090728717572162,,,,,,,,8320_6653
607,3,11367.202991452992,70.88978849081879,1.3547758827974066,0.01937974201051233,2.714541614581322,0.7190003474053017,0.26445235208940704,,,,,,,,8320_6653
608,0,3238.907894736842,72.78204225871717,2.7713660564919356,0.03809752595069706,0.380965690095924,0.3114135777704005,0.8498365967796033,,,,,,,,6016_6653
609,1,2391.4469026548672,72.82582965016023,1.2683351970848515,0.017429803183459366,1.1961942789245583,0.3397748893738347,0.29306158141782634,,,,,,,,6016_6653
610,2,5621.671052631579,73.56630365754829,1.330842200308475,0.01870447661916474,2.645885807925814,0.6528237988819422,0.2391665063554846,,,,,,,,6016_6653
611,3,6716.664473684211,72.45676744326981,1.3399778786442602,0.018545474265649765,1.4865984073012175,0.46554119448980363,0.314486274344641,,,,,,,,6016_6653
612,0,2516.236673773987,56.61335776066809,5.086316216072372,0.08999652667859762,0.7116909329945144,0.6327317080384475,0.9009475619343476,2701.773987206823,75.24048909044998,3.5145441388824534,0.046737591466813215,0.46899014842595743,0.4544151196965809,0.9930893638005437,6116_5880
613,1,4760.371244635193,56.81367912534743,1.6189008144429267,0.02970744316020289,4.6456645630392535,0.9701990374807514,0.20639485356865078,5760.87982832618,77.63417123867991,1.2019195251593882,0.01776688278719365,3.834666855074457,0.8347436323647042,0.20897963942012085,6116_5880
614,2,2465.2004264392326,57.98830450744274,1.8393082207661189,0.03191858177237349,2.348760463398441,0.6681459128595673,0.28359689606849753,2746.7121535181236,77.54262548815792,1.6228927358110892,0.021064252686543952,1.6667499273533555,0.448162155446054,0.2698660848189138,6116_5880
615,3,5701.8379530916845,55.83267657412411,1.9715470858338087,0.0356290101085001,2.759817473047152,0.6658076941249961,0.2376602690243855,6338.526652452026,76.1217456652682,1.5788094362231013,0.021016333547383716,1.8782792860921886,0.48384968323998306,0.23650724120461045,6116_5880
616,0,3206.731343283582,74.30608640210677,3.0715125282966547,0.04137356205610628,0.9375698700304544,0.7818428520462671,0.8186885524993073,3216.5692963752667,73.48578536032038,3.5779329148985908,0.0487438681207454,1.007586970639752,0.8664025076073409,0.8465084965200181,6253_6224
617,1,4201.903846153846,76.47991421734878,1.2436142039141254,0.016575985252799637,4.736276904644413,1.1646348770731403,0.24441037446686179,4239.508547008547,75.8552827154287,1.3025416932333171,0.01753212223103844,5.045060078114812,1.2658893602942518,0.2489188593253977,6253_6224
618,2,4594.923240938167,75.48902880162431,1.6360189767371014,0.022231364391317957,4.906469780019655,0.9521269896833204,0.19145120983185016,4632.251599147122,74.97207593556317,1.7768324210592832,0.024194820368809312,5.242044309268941,1.0689379184887515,0.20179216463805844,6253_6224
619,3,7005.213219616205,75.55834855445076,1.3674197351517368,0.018149088692173406,3.468056919298717,0.8978087910883322,0.2568928832387948,7081.7078891258,75.05434756714,1.4727078085200809,0.01966670085209853,3.6731037070694827,0.9961203946865843,0.2687314740509752,6253_6224
620,0,3159.304904051173,75.89796798693264,3.1346801655088585,0.04131526071618605,0.790690047907717,0.6385578944377597,0.8046084839287455,3206.731343283582,74.30608640210677,3.0715125282966547,0.04137356205610628,0.9375698700304544,0.7818428520462671,0.8186885524993073,9708_6253
621,1,4192.709401709401,75.755388792722,2.1787590591792956,0.028847720780474335,3.5735492908470747,0.8318023445049333,0.23518199334329723,4201.903846153846,76.47991421734878,1.2436142039141254,0.016575985252799637,4.736276904644413,1.1646348770731403,0.24441037446686179,9708_6253
622,2,4573.031982942431,75.35732180553187,2.0120033297193607,0.02678740789156161,3.987242966530393,0.7983693837569376,0.20448512411458947,4594.923240938167,75.48902880162431,1.6360189767371014,0.022231364391317957,4.906469780019655,0.9521269896833204,0.19145120983185016,9708_6253
623,3,6965.07249466951,75.00040331142505,2.0253329995573823,0.02711154786732579,2.8339051369078674,0.7592494252538826,0.2614714027808396,7005.213219616205,75.55834855445076,1.3674197351517368,0.018149088692173406,3.468056919298717,0.8978087910883322,0.2568928832387948,9708_6253
624,0,3592.627408993576,69.1226446588962,3.2385357223153766,0.04687077030559764,0.7710205983429045,0.6003107469162082,0.7760690696149685,3159.304904051173,75.89796798693264,3.1346801655088585,0.04131526071618605,0.790690047907717,0.6385578944377597,0.8046084839287455,9704_9708
625,1,4598.301724137931,69.60672737292882,1.4682644119731036,0.02113227964109239,3.5333191727497852,0.7675592810535518,0.2204458347048553,4192.709401709401,75.755388792722,2.1787590591792956,0.028847720780474335,3.5735492908470747,0.8318023445049333,0.23518199334329723,9704_9708
626,2,5128.37687366167,69.32501374124556,1.6502797791731247,0.024017350985624113,3.6036076915979103,0.6634512294610597,0.18787921048229564,4573.031982942431,75.35732180553187,2.0120033297193607,0.02678740789156161,3.987242966530393,0.7983693837569376,0.20448512411458947,9704_9708
627,3,7735.995717344754,69.36600661950281,1.5525199823440992,0.022442793759999573,2.6157945487000895,0.644702666519683,0.245087111349658,6965.07249466951,75.00040331142505,2.0253329995573823,0.02711154786732579,2.8339051369078674,0.7592494252538826,0.2614714027808396,9704_9708
628,0,4528.104925053533,70.80763670289788,2.896609986681429,0.040931532821648936,0.8708945901942695,0.7182362779783401,0.8237425849219218,3319.1548387096773,73.0012321104792,3.5623608487530922,0.04880897915730837,1.2539951686147035,0.861781163112076,0.6847403539963658,8039_8035
629,1,4944.5,70.9486976436065,1.401299158911701,0.01977813579210809,3.9208652869826874,0.8239004456779907,0.21373224063455695,4437.509761388286,74.66732417502557,1.9337559952689631,0.02590020857262928,4.815675325243423,0.9211748175184141,0.19505329087495824,8039_8035
630,2,6283.021459227468,69.09328310138336,2.320522196078424,0.034470134432560945,4.720021498980919,0.9615136641516957,0.19561388854604866,4941.175324675325,73.77109842670284,2.0452752805324454,0.027808257055064046,5.055513008242744,0.9209362958913258,0.1853175727364869,8039_8035
631,3,9220.545064377682,70.31826104750732,1.3591307662052337,0.019393779583725877,3.0814632320360458,0.6898029572568568,0.22126291287751765,7446.051835853132,73.87844426358224,2.0016471282285964,0.027102504059310195,3.611758507869563,0.8408576586103266,0.23203144789358934,8039_8035
632,0,3319.1548387096773,73.0012321104792,3.5623608487530922,0.04880897915730837,1.2539951686147035,0.861781163112076,0.6847403539963658,3592.627408993576,69.1226446588962,3.2385357223153766,0.04687077030559764,0.7710205983429045,0.6003107469162082,0.7760690696149685,8035_9704
633,1,4437.509761388286,74.66732417502557,1.9337559952689631,0.02590020857262928,4.815675325243423,0.9211748175184141,0.19505329087495824,4598.301724137931,69.60672737292882,1.4682644119731036,0.02113227964109239,3.5333191727497852,0.7675592810535518,0.2204458347048553,8035_9704
634,2,4941.175324675325,73.77109842670284,2.0452752805324454,0.027808257055064046,5.055513008242744,0.9209362958913258,0.1853175727364869,5128.37687366167,69.32501374124556,1.6502797791731247,0.024017350985624113,3.6036076915979103,0.6634512294610597,0.18787921048229564,8035_9704
635,3,7446.051835853132,73.87844426358224,2.0016471282285964,0.027102504059310195,3.611758507869563,0.8408576586103266,0.23203144789358934,7735.995717344754,69.36600661950281,1.5525199823440992,0.022442793759999573,2.6157945487000895,0.644702666519683,0.245087111349658,8035_9704
636,0,4505.6137339055795,73.61586382608347,2.8057982786598403,0.03816623658692841,1.221813542080249,1.0329936761784484,0.8312488311791182,4528.104925053533,70.80763670289788,2.896609986681429,0.040931532821648936,0.8708945901942695,0.7182362779783401,0.8237425849219218,6859_8039
637,1,4928.668817204301,74.10772612066263,1.3831319848841221,0.018709351386933484,5.616495493705805,1.1587955594968282,0.2098683304049633,4944.5,70.9486976436065,1.401299158911701,0.01977813579210809,3.9208652869826874,0.8239004456779907,0.21373224063455695,6859_8039
638,2,6283.032188841202,73.14044555720483,1.8803804977574345,0.026314865002523665,6.514402636902427,1.1017323984695084,0.1673828761939884,6283.021459227468,69.09328310138336,2.320522196078424,0.034470134432560945,4.720021498980919,0.9615136641516957,0.19561388854604866,6859_8039
639,3,9183.01287553648,73.43578492471696,1.4725270865155038,0.020135488277010505,4.472902465746673,0.97308576246873,0.21498171740822108,9220.545064377682,70.31826104750732,1.3591307662052337,0.019393779583725877,3.0814632320360458,0.6898029572568568,0.22126291287751765,6859_8039
640,0,3706.4170616113743,74.07280308304432,3.620057717257028,0.06109647605701328,1.7999696602756863,0.992248763325427,0.8540033458635776,4500.454746136866,73.51362409918283,2.817334396250845,0.03842634227600096,1.249609820444787,1.0897766180544877,0.8516513099966825,8492_6233
641,1,4260.043583535109,74.44555271746137,1.9493589276868226,0.028942382646532195,3.4600391382968003,0.7422078468112102,0.2909428363622444,4949.498891352549,74.0465314146525,1.3129717020772613,0.017822296354744135,5.838026559592459,1.1792990931644007,0.20497462358881105,8492_6233
642,2,5170.138424821002,73.26618327405937,2.3057154127145445,0.04456799213417786,4.355582893341587,1.060606139095688,0.29170390316280514,6291.626931567329,73.29266997553502,1.6922213431164888,0.02348391771741677,6.701788135168653,1.08607987863808,0.16426458852185627,8492_6233
643,3,7605.1580188679245,73.02624445925919,2.1780337399263416,0.04526348365125758,3.2338259279963504,0.9207772719348861,0.32624220841915574,9232.949227373068,73.7318108739529,1.4754725041204924,0.020783341833082208,4.671788451748773,1.070185467736129,0.22041749184202197,8492_6233
644,0,4225.656521739131,68.86265765610831,5.511766862179672,117.99260375105595,0.9866169128620846,0.8073271045521414,0.8024219074179749,4505.6137339055795,73.61586382608347,2.8057982786598403,0.03816623658692841,1.221813542080249,1.0329936761784484,0.8312488311791182,6969_6859
645,1,4870.957777777778,68.75636863565134,1.5396762875031142,0.02252277345639846,4.367501232663267,0.9456769732787523,0.2164107932580786,4928.668817204301,74.10772612066263,1.3831319848841221,0.018709351386933484,5.616495493705805,1.1587955594968282,0.2098683304049633,6969_6859
646,2,6202.028508771929,66.8349094651156,3.6576466411737467,0.020126405602121616,4.888711296057682,0.8248293500372716,0.1674906503403162,6283.032188841202,73.14044555720483,1.8803804977574345,0.026314865002523665,6.514402636902427,1.1017323984695084,0.1673828761939884,6969_6859
647,3,9017.083333333334,68.70595043385708,1.540945253143534,0.02254758713030246,3.4506138572203846,0.7589745484865024,0.21709791110619003,9183.01287553648,73.43578492471696,1.4725270865155038,0.020135488277010505,4.472902465746673,0.97308576246873,0.21498171740822108,6969_6859
648,0,4499.707264957265,69.06172363665542,3.5831118804109057,0.05211520110048925,0.8963566369085058,0.6965432661203851,0.7689550426645234,4225.656521739131,68.86265765610831,5.511766862179672,117.99260375105595,0.9866169128620846,0.8073271045521414,0.8024219074179749,6759_6969
649,1,4982.72688172043,70.03017564337578,1.6487713816253937,0.02395495376164679,3.953004102454119,0.8547125629006899,0.21730138781584027,4870.957777777778,68.75636863565134,1.5396762875031142,0.02252277345639846,4.367501232663267,0.9456769732787523,0.2164107932580786,6759_6969
650,2,6308.489316239316,67.63946474467058,1.9195160996616873,0.028644234484145287,3.9350470415765955,0.6804410479105216,0.17411258247390882,6202.028508771929,66.8349094651156,3.6576466411737467,0.020126405602121616,4.888711296057682,0.8248293500372716,0.1674906503403162,6759_6969
651,3,9230.098290598291,69.1046835592203,1.798664161129014,0.026178781097029508,2.958086802317566,0.6389123209118889,0.21520863231636347,9017.083333333334,68.70595043385708,1.540945253143534,0.02254758713030246,3.4506138572203846,0.7589745484865024,0.21709791110619003,6759_6969
652,0,4500.454746136866,73.51362409918283,2.817334396250845,0.03842634227600096,1.249609820444787,1.0897766180544877,0.8516513099966825,4499.707264957265,69.06172363665542,3.5831118804109057,0.05211520110048925,0.8963566369085058,0.6965432661203851,0.7689550426645234,6233_6759
653,1,4949.498891352549,74.0465314146525,1.3129717020772613,0.017822296354744135,5.838026559592459,1.1792990931644007,0.20497462358881105,4982.72688172043,70.03017564337578,1.6487713816253937,0.02395495376164679,3.953004102454119,0.8547125629006899,0.21730138781584027,6233_6759
654,2,6291.626931567329,73.29266997553502,1.6922213431164888,0.02348391771741677,6.701788135168653,1.08607987863808,0.16426458852185627,6308.489316239316,67.63946474467058,1.9195160996616873,0.028644234484145287,3.9350470415765955,0.6804410479105216,0.17411258247390882,6233_6759
655,3,9232.949227373068,73.7318108739529,1.4754725041204924,0.020783341833082208,4.671788451748773,1.070185467736129,0.22041749184202197,9230.098290598291,69.1046835592203,1.798664161129014,0.026178781097029508,2.958086802317566,0.6389123209118889,0.21520863231636347,6233_6759
656,0,6968.268817204301,66.66877606898908,2.6138977912089483,0.03925327266391621,1.4275629769060438,1.275536508844783,0.8905389735682958,3706.4170616113743,74.07280308304432,3.620057717257028,0.06109647605701328,1.7999696602756863,0.992248763325427,0.8540033458635776,8464_8492
657,1,6461.336225596529,67.03021236137666,1.5938954774691916,0.024437470347870343,5.574309240150422,1.2073572942261308,0.21526862522919654,4260.043583535109,74.44555271746137,1.9493589276868226,0.028942382646532195,3.4600391382968003,0.7422078468112102,0.2909428363622444,8464_8492
658,2,8878.034632034633,59.70809705930138,5.272512036031128,0.09129974859741824,9.91785746949648,3.240330334969398,0.30848263903731016,5170.138424821002,73.26618327405937,2.3057154127145445,0.04456799213417786,4.355582893341587,1.060606139095688,0.29170390316280514,8464_8492
659,3,13470.810752688172,66.54410095758907,1.781542573356403,0.026984548776870676,5.051661879359966,1.205560906793535,0.2323450463787816,7605.1580188679245,73.02624445925919,2.1780337399263416,0.04526348365125758,3.2338259279963504,0.9207772719348861,0.32624220841915574,8464_8492
660,0,2817.597345132743,67.60341472676257,4.686897809340331,0.0694461723498207,0.5973014630057769,0.48502793391517535,0.821932334136797,6904.739910313901,68.9642593532213,2.6095874616343995,0.037925666759177974,1.4410972228108243,1.1939723953918284,0.8274504323286778,8529_8524
661,1,3757.828125,67.88064372863117,1.9313825795076383,0.02867821604721471,3.2514795772241483,0.6355679038339345,0.1961382564132975,6500.24200913242,68.49947386372754,1.6410527074784549,0.025884964712429147,5.675393418030759,1.257785451058855,0.20824963947305816,8529_8524
662,2,3818.6422222222222,68.09301650404088,2.543180763315042,0.04049078120803835,3.070130849483057,1.016107056111009,0.2683541044233748,8963.364253393665,58.00658231528971,10.292469448188385,0.21233617277154007,11.527594649320903,5.2698660442908,0.40575131577491247,8529_8524
663,3,6280.1662971175165,68.02829658845371,1.8319951117319857,0.02712063326732868,2.2420823221964334,0.5607407714512419,0.24253666412982922,13463.76062639821,68.66547467434367,2.0652244015045262,0.03065476734695134,5.024216827449599,1.3535403997190223,0.24996345981613197,8529_8524
664,0,6904.739910313901,68.9642593532213,2.6095874616343995,0.037925666759177974,1.4410972228108243,1.1939723953918284,0.8274504323286778,6940.271948608137,73.78625281407878,2.610605248288578,0.03543615845522589,1.9540174301906637,1.6319922278965078,0.8327488698412946,8524_6989
665,1,6500.24200913242,68.49947386372754,1.6410527074784549,0.025884964712429147,5.675393418030759,1.257785451058855,0.20824963947305816,6447.400862068966,72.4649867231778,2.062454941948098,0.03071521457852753,7.93817675113821,1.6510230194100737,0.2038374607050883,8524_6989
666,2,8963.364253393665,58.00658231528971,10.292469448188385,0.21233617277154007,11.527594649320903,5.2698660442908,0.40575131577491247,8947.372844827587,60.28450427187396,9.705057445481748,0.17079962261465068,12.679216460034782,3.749415763007271,0.28102786167050925,8524_6989
667,3,13463.76062639821,68.66547467434367,2.0652244015045262,0.03065476734695134,5.024216827449599,1.3535403997190223,0.24996345981613197,13445.546038543896,72.55834621068009,2.3763999672509537,0.03317439685686643,6.869363841148792,1.5375801136312097,0.21705413288723654,8524_6989
668,0,5742.3795309168445,68.05844475144727,3.2769096592525266,0.0481924796813722,0.8698056282994325,0.7239745814729491,0.8403071314129785,2817.597345132743,67.60341472676257,4.686897809340331,0.0694461723498207,0.5973014630057769,0.48502793391517535,0.821932334136797,8507_8529
669,1,9115.643776824034,66.33984424726538,4.519962658929584,0.07142124224086807,6.879627691046605,2.498127850243009,0.3206265946385879,3757.828125,67.88064372863117,1.9313825795076383,0.02867821604721471,3.2514795772241483,0.6355679038339345,0.1961382564132975,8507_8529
670,2,7089.907725321888,69.51729765196906,2.036783542624935,0.03011709454760739,4.061499870128333,0.8906427428660355,0.2093032664303122,3818.6422222222222,68.09301650404088,2.543180763315042,0.04049078120803835,3.070130849483057,1.016107056111009,0.2683541044233748,8507_8529
671,3,12846.624733475479,69.18402571959457,1.764556357058498,0.025691315513245973,3.4982856007962373,0.698611471653062,0.1964794010272912,6280.1662971175165,68.02829658845371,1.8319951117319857,0.02712063326732868,2.2420823221964334,0.5607407714512419,0.24253666412982922,8507_8529
672,0,6511.3439024390245,69.92688161114101,2.851957480272479,0.04092525694769319,1.4206500389001948,1.096497644204473,0.7745777429791512,5742.3795309168445,68.05844475144727,3.2769096592525266,0.0481924796813722,0.8698056282994325,0.7239745814729491,0.8403071314129785,8423_8507
673,1,10030.926470588236,66.37176013432556,3.0235237818920306,0.047362777912979256,8.888215648363262,1.7561704652250998,0.1999855539941936,9115.643776824034,66.33984424726538,4.519962658929584,0.07142124224086807,6.879627691046605,2.498127850243009,0.3206265946385879,8423_8507
674,2,8045.041666666667,68.98935341308957,2.069587529763927,0.030693076733272866,6.203963085601673,1.2063633797539373,0.194072809056375,7089.907725321888,69.51729765196906,2.036783542624935,0.03011709454760739,4.061499870128333,0.8906427428660355,0.2093032664303122,8423_8507
675,3,14458.0900243309,68.99443655818249,1.7591308984649157,0.025604215862260547,5.428054118468713,0.9855495890338889,0.19063649553224918,12846.624733475479,69.18402571959457,1.764556357058498,0.025691315513245973,3.4982856007962373,0.698611471653062,0.1964794010272912,8423_8507
676,0,6940.271948608137,73.78625281407878,2.610605248288578,0.03543615845522589,1.9540174301906637,1.6319922278965078,0.8327488698412946,6968.268817204301,66.66877606898908,2.6138977912089483,0.03925327266391621,1.4275629769060438,1.275536508844783,0.8905389735682958,6989_8464
677,1,6447.400862068966,72.4649867231778,2.062454941948098,0.03071521457852753,7.93817675113821,1.6510230194100737,0.2038374607050883,6461.336225596529,67.03021236137666,1.5938954774691916,0.024437470347870343,5.574309240150422,1.2073572942261308,0.21526862522919654,6989_8464
678,2,8947.372844827587,60.28450427187396,9.705057445481748,0.17079962261465068,12.679216460034782,3.749415763007271,0.28102786167050925,8878.034632034633,59.70809705930138,5.272512036031128,0.09129974859741824,9.91785746949648,3.240330334969398,0.30848263903731016,6989_8464
679,3,13445.546038543896,72.55834621068009,2.3763999672509537,0.03317439685686643,6.869363841148792,1.5375801136312097,0.21705413288723654,13470.810752688172,66.54410095758907,1.781542573356403,0.026984548776870676,5.051661879359966,1.205560906793535,0.2323450463787816,6989_8464
680,0,5202.251121076233,59.98617068250413,9.495748217327176,-0.4551585831188032,1.62728728456039,1.2212314969884683,0.7476377943763789,6511.3439024390245,69.92688161114101,2.851957480272479,0.04092525694769319,1.4206500389001948,1.096497644204473,0.7745777429791512,8429_8423
681,1,9925.313199105145,52.70920348363081,6.451724009719891,0.08018922556571234,10.51770213527411,2.3786154540957907,0.21564221874168704,10030.926470588236,66.37176013432556,3.0235237818920306,0.047362777912979256,8.888215648363262,1.7561704652250998,0.1999855539941936,8429_8423
682,2,8063.387387387387,39.04497966855503,2.2254695408571337,0.040223690804874306,7.039050256071974,1.5146440466762316,0.20496420853671998,8045.041666666667,68.98935341308957,2.069587529763927,0.030693076733272866,6.203963085601673,1.2063633797539373,0.194072809056375,8429_8423
683,3,14450.433035714286,57.90296529018742,1.5743370680119784,0.027285224836269852,5.854619894134755,1.0371000782211304,0.1768266339833672,14458.0900243309,68.99443655818249,1.7591308984649157,0.025604215862260547,5.428054118468713,0.9855495890338889,0.19063649553224918,8429_8423
684,0,6065.438972162741,69.55667173731848,2.4498001956210285,0.03524011269338843,1.1042837894314481,0.9300351507187075,0.8466343455576787,6235.481876332623,72.55797246276411,2.5867963102954152,0.03572091816868135,1.8702787228024214,1.6289262704662375,0.8726368703858985,8393_6248
685,1,9530.375536480688,58.91701062455808,9.767220451821203,0.1907362752631365,11.409375063922017,5.157931936149017,0.397372486252454,9535.440170940172,60.47348208148198,11.022829950094177,0.20443245822701778,17.867356999298796,6.817640377213217,0.35363650912066474,8393_6248
686,2,7778.645161290323,67.24399667329553,2.6623255747685417,0.04415774904105722,5.958664169363094,1.524947273934122,0.2300332959402317,7835.923240938167,70.67169168800743,3.3889961038394514,0.05401759576012031,10.168829416786066,2.5655467179653333,0.23133237827221137,8393_6248
687,3,13793.893162393162,68.14910176017409,1.586283081033661,0.023583645319887575,4.662460682164348,0.9997585359138953,0.20693966185110582,14017.275053304904,72.22514413042667,1.8571986576317725,0.026124611073630937,7.914081946428911,1.6297267011335785,0.20155951866578467,8393_6248
688,0,6235.481876332623,72.55797246276411,2.5867963102954152,0.03572091816868135,1.8702787228024214,1.6289262704662375,0.8726368703858985,6040.572649572649,71.7714917346589,2.527079180143948,0.03525507750943241,1.5428118285736703,1.347402934464544,0.8764616314510917,6248_5993
689,1,9535.440170940172,60.47348208148198,11.022829950094177,0.20443245822701778,17.867356999298796,6.817640377213217,0.35363650912066474,9535.190987124464,62.965203687257976,6.474031701266431,0.10797962075787132,12.74191175657991,3.1256114096007948,0.24130927987439546,6248_5993
690,2,7835.923240938167,70.67169168800743,3.3889961038394514,0.05401759576012031,10.168829416786066,2.5655467179653333,0.23133237827221137,7779.978632478633,68.94755056179244,3.240595297644864,0.04942541760043793,8.372613915362761,1.8724496019797223,0.21745545542916722,6248_5993
691,3,14017.275053304904,72.22514413042667,1.8571986576317725,0.026124611073630937,7.914081946428911,1.6297267011335785,0.20155951866578467,13811.594017094018,70.67380903899847,1.8670857591714887,0.026724405722991913,6.681173040340296,1.3138922103764572,0.19475844990450467,6248_5993
692,0,6040.572649572649,71.7714917346589,2.527079180143948,0.03525507750943241,1.5428118285736703,1.347402934464544,0.8764616314510917,6049.273504273504,70.14132042120102,2.8174014588491447,0.04025880345626063,1.249416893072883,0.9889109317098748,0.7951685085872137,5993_8395
693,1,9535.190987124464,62.965203687257976,6.474031701266431,0.10797962075787132,12.74191175657991,3.1256114096007948,0.24130927987439546,9413.109442060086,63.066250796037465,4.520286081307463,0.07497192434302324,8.278627763380857,1.8435959495577188,0.21552888365966794,5993_8395
694,2,7779.978632478633,68.94755056179244,3.240595297644864,0.04942541760043793,8.372613915362761,1.8724496019797223,0.21745545542916722,7723.297644539614,66.74427586648633,2.5511500983033915,0.039797258860371214,5.889063465453941,1.253204122144419,0.2052507224027253,5993_8395
695,3,13811.594017094018,70.67380903899847,1.8670857591714887,0.026724405722991913,6.681173040340296,1.3138922103764572,0.19475844990450467,13649.745726495727,67.79279277276322,1.7956148784415584,0.026682865427858415,4.78551757827954,0.9112838666058255,0.18938931240001758,5993_8395
696,0,6049.273504273504,70.14132042120102,2.8174014588491447,0.04025880345626063,1.249416893072883,0.9889109317098748,0.7951685085872137,5202.251121076233,59.98617068250413,9.495748217327176,-0.4551585831188032,1.62728728456039,1.2212314969884683,0.7476377943763789,8395_8429
697,1,9413.109442060086,63.066250796037465,4.520286081307463,0.07497192434302324,8.278627763380857,1.8435959495577188,0.21552888365966794,9925.313199105145,52.70920348363081,6.451724009719891,0.08018922556571234,10.51770213527411,2.3786154540957907,0.21564221874168704,8395_8429
698,2,7723.297644539614,66.74427586648633,2.5511500983033915,0.039797258860371214,5.889063465453941,1.253204122144419,0.2052507224027253,8063.387387387387,39.04497966855503,2.2254695408571337,0.040223690804874306,7.039050256071974,1.5146440466762316,0.20496420853671998,8395_8429
699,3,13649.745726495727,67.79279277276322,1.7956148784415584,0.026682865427858415,4.78551757827954,0.9112838666058255,0.18938931240001758,14450.433035714286,57.90296529018742,1.5743370680119784,0.027285224836269852,5.854619894134755,1.0371000782211304,0.1768266339833672,8395_8429
700,0,5224.84434968017,70.52500032890036,2.3397492989234925,0.03319531073900845,1.4248320412128552,1.1090333864629083,0.7819620678961211,6065.438972162741,69.55667173731848,2.4498001956210285,0.03524011269338843,1.1042837894314481,0.9300351507187075,0.8466343455576787,8458_8393
701,1,8144.880085653105,63.269375121327634,8.174114219362908,0.1473397778783416,11.1722841505742,4.754226347047753,0.36752819099817213,9530.375536480688,58.91701062455808,9.767220451821203,0.1907362752631365,11.409375063922017,5.157931936149017,0.397372486252454,8458_8393
702,2,6942.228632478633,68.7714525213779,2.312374795497142,0.036379948658460136,6.398128945244921,1.557641536842758,0.22255947021548614,7778.645161290323,67.24399667329553,2.6623255747685417,0.04415774904105722,5.958664169363094,1.524947273934122,0.2300332959402317,8458_8393
703,3,12005.24358974359,69.34072025955602,1.5856921049067625,0.02304723012283445,5.300629160118637,1.0637757998814463,0.1982195517708512,13793.893162393162,68.14910176017409,1.586283081033661,0.023583645319887575,4.662460682164348,0.9997585359138953,0.20693966185110582,8458_8393
704,0,5194.038461538462,69.195949901712,3.2449885614701306,0.0469238906153285,1.3468099198007613,1.0523669575760195,0.781122726080366,5243.019189765459,68.27686932926757,3.3433516314208473,0.049206392287547994,1.1706180255555776,0.926949760327452,0.7934241894614223,8438_6296
705,1,8178.096566523605,63.93394736675223,4.277025060098109,0.07682115810689913,8.846060447539335,2.389167744945962,0.2372988239526292,8107.151709401709,62.54215177567094,4.846798130453375,0.08650402863007996,7.907216511030642,2.3082271925753957,0.2578337450286462,8438_6296
706,2,6910.289079229122,66.80515441222964,1.9973576048637425,0.03044236318679756,6.205877087946898,1.2732953339855408,0.20343412506114214,6917.869936034115,64.88241759216788,2.3473886125945063,0.03770257541499555,5.238287241405708,1.168385280154819,0.21303720171783905,8438_6296
707,3,11976.96794871795,66.49825331365618,1.6611816478786232,0.025068553653953232,5.046894914973275,0.9115182914840522,0.18016289583586081,11951.40724946695,65.38834304590068,2.038918655394487,0.031412523906668044,4.297320614270261,0.8495669491654547,0.19589401036501616,8438_6296
708,0,4804.886752136752,67.54729003875133,3.4138567834443636,0.05056393989274311,1.1215571708167038,0.9002910342768037,0.8075258034083644,5194.038461538462,69.195949901712,3.2449885614701306,0.0469238906153285,1.3468099198007613,1.0523669575760195,0.781122726080366,8434_8438
709,1,7572.232258064516,64.00689983613543,3.7374470962814352,0.06548845133183447,7.259955053266135,2.152789299544231,0.24358980331286798,8178.096566523605,63.93394736675223,4.277025060098109,0.07682115810689913,8.846060447539335,2.389167744945962,0.2372988239526292,8434_8438
710,2,6558.796573875803,64.84244772058432,2.137237120009431,0.033575406569377256,5.089433518033819,1.119188771623636,0.2130315655293916,6910.289079229122,66.80515441222964,1.9973576048637425,0.03044236318679756,6.205877087946898,1.2732953339855408,0.20343412506114214,8434_8438
711,3,11187.175213675213,64.96448865130976,2.122005515043166,0.03297947350434238,4.198226302949765,0.8774687924264698,0.20134434528917505,11976.96794871795,66.49825331365618,1.6611816478786232,0.025068553653953232,5.046894914973275,0.9115182914840522,0.18016289583586081,8434_8438
712,0,9733.498920086393,69.48057172296716,3.720760927473311,0.05429521091673833,1.4674034772004703,1.2055295042198226,0.8343906981783827,5224.84434968017,70.52500032890036,2.3397492989234925,0.03319531073900845,1.4248320412128552,1.1090333864629083,0.7819620678961211,7012_8458
713,1,15396.762008733624,62.1878178226292,6.041323263356828,0.10897130198553064,10.51132171681479,3.329312334152447,0.2808564775934779,8144.880085653105,63.269375121327634,8.174114219362908,0.1473397778783416,11.1722841505742,4.754226347047753,0.36752819099817213,7012_8458
714,2,13222.717391304348,66.17894894063598,2.8077673152459393,0.0439326821731121,7.040129111151531,1.5093897874718298,0.20737650107866676,6942.228632478633,68.7714525213779,2.312374795497142,0.036379948658460136,6.398128945244921,1.557641536842758,0.22255947021548614,7012_8458
715,3,22776.112554112555,66.33279889671536,2.588270335249491,0.039218907445717946,5.662406670214113,1.13917912166416,0.19890449293227427,12005.24358974359,69.34072025955602,1.5856921049067625,0.02304723012283445,5.300629160118637,1.0637757998814463,0.1982195517708512,7012_8458
716,0,5243.019189765459,68.27686932926757,3.3433516314208473,0.049206392287547994,1.1706180255555776,0.926949760327452,0.7934241894614223,9733.498920086393,69.48057172296716,3.720760927473311,0.05429521091673833,1.4674034772004703,1.2055295042198226,0.8343906981783827,6296_7012
717,1,8107.151709401709,62.54215177567094,4.846798130453375,0.08650402863007996,7.907216511030642,2.3082271925753957,0.2578337450286462,15396.762008733624,62.1878178226292,6.041323263356828,0.10897130198553064,10.51132171681479,3.329312334152447,0.2808564775934779,6296_7012
718,2,6917.869936034115,64.88241759216788,2.3473886125945063,0.03770257541499555,5.238287241405708,1.168385280154819,0.21303720171783905,13222.717391304348,66.17894894063598,2.8077673152459393,0.0439326821731121,7.040129111151531,1.5093897874718298,0.20737650107866676,6296_7012
719,3,11951.40724946695,65.38834304590068,2.038918655394487,0.031412523906668044,4.297320614270261,0.8495669491654547,0.19589401036501616,22776.112554112555,66.33279889671536,2.588270335249491,0.039218907445717946,5.662406670214113,1.13917912166416,0.19890449293227427,6296_7012
720,0,4821.004273504273,72.66990628348636,2.6550523984606595,0.036564015950714845,0.7969050690993968,0.6336071747551166,0.8038102726287465,4804.886752136752,67.54729003875133,3.4138567834443636,0.05056393989274311,1.1215571708167038,0.9002910342768037,0.8075258034083644,6255_8434
721,1,7576.013015184381,72.29086113300295,2.6643732424065956,0.042222794060208936,5.030017737646728,1.26707297945013,0.20551221464188663,7572.232258064516,64.00689983613543,3.7374470962814352,0.06548845133183447,7.259955053266135,2.152789299544231,0.24358980331286798,6255_8434
722,2,6590.66452991453,72.91262837655023,1.6874496908956185,0.023710912503386097,3.64869096876451,0.7565861020721028,0.2034838251078885,6558.796573875803,64.84244772058432,2.137237120009431,0.033575406569377256,5.089433518033819,1.119188771623636,0.2130315655293916,6255_8434
723,3,11200.963675213676,72.51557811009184,1.4902146942127283,0.020928626464211713,3.022689423182711,0.6198083759305059,0.1950488263803961,11187.175213675213,64.96448865130976,2.122005515043166,0.03297947350434238,4.198226302949765,0.8774687924264698,0.20134434528917505,6255_8434
724,0,2698.904051172708,73.08339733109767,3.5195645808610343,0.04819241079048599,0.4968597744843439,0.4687099464936343,0.9660402006600188,2665.494646680942,69.9954957303915,3.7284114734765836,0.05330086224484827,0.4605965303806235,0.42041727663626716,0.9389248481997584,6221_5990
725,1,5783.854077253219,75.51487041385971,1.0743203415542177,0.01428624046354093,3.970738523114932,0.7877208717251067,0.20285386528728738,5775.015184381778,72.08162134904943,1.1327126091541238,0.015757197231034293,3.2338733794400243,0.6254172441543927,0.19825842332318275,6221_5990
726,2,2764.8315565031985,74.88245037514143,1.6740671309202926,0.02256962419328366,1.8017724908250932,0.46634973259126095,0.26039362946521405,2751.4957081545062,71.31714429046916,1.7440865043390892,0.02465131846698901,1.54916048136948,0.3986892422253743,0.2601247809373499,6221_5990
727,3,6391.639658848614,73.77281412412104,1.5128014748172032,0.020562340784710302,1.9960704909112843,0.4477987845711974,0.22574175691028,6386.015021459228,70.3986118382221,1.525639921476851,0.021736838465488906,1.6823489929270359,0.37682576006749813,0.22563771208475247,6221_5990
728,0,2665.494646680942,69.9954957303915,3.7284114734765836,0.05330086224484827,0.4605965303806235,0.42041727663626716,0.9389248481997584,4835.699360341151,69.25342774892125,2.5008407145976244,0.03613617605086814,0.6274238261291545,0.5355689673315575,0.866760092454652,5990_8339
729,1,5775.015184381778,72.08162134904943,1.1327126091541238,0.015757197231034293,3.2338733794400243,0.6254172441543927,0.19825842332318275,7612.406451612903,69.64940660513719,1.88087366391187,0.03042334883485805,4.390495931143899,1.0148859015437854,0.18984932085167433,5990_8339
730,2,2751.4957081545062,71.31714429046916,1.7440865043390892,0.02465131846698901,1.54916048136948,0.3986892422253743,0.2601247809373499,6619.2398286937905,69.91422928820705,1.444190995725457,0.02096108219525066,3.4305238142276893,0.7278279764688342,0.21042240316582078,5990_8339
731,3,6386.015021459228,70.3986118382221,1.525639921476851,0.021736838465488906,1.6823489929270359,0.37682576006749813,0.22563771208475247,11274.273504273504,69.36963845300806,1.2562072024786033,0.01833335757030165,2.68592737286338,0.5612805359872559,0.20062695521620727,5990_8339
732,0,2701.773987206823,75.24048909044998,3.5145441388824534,0.046737591466813215,0.46899014842595743,0.4544151196965809,0.9930893638005437,2698.904051172708,73.08339733109767,3.5195645808610343,0.04819241079048599,0.4968597744843439,0.4687099464936343,0.9660402006600188,5880_6221
733,1,5760.87982832618,77.63417123867991,1.2019195251593882,0.01776688278719365,3.834666855074457,0.8347436323647042,0.20897963942012085,5783.854077253219,75.51487041385971,1.0743203415542177,0.01428624046354093,3.970738523114932,0.7877208717251067,0.20285386528728738,5880_6221
734,2,2746.7121535181236,77.54262548815792,1.6228927358110892,0.021064252686543952,1.6667499273533555,0.448162155446054,0.2698660848189138,2764.8315565031985,74.88245037514143,1.6740671309202926,0.02256962419328366,1.8017724908250932,0.46634973259126095,0.26039362946521405,5880_6221
735,3,6338.526652452026,76.1217456652682,1.5788094362231013,0.021016333547383716,1.8782792860921886,0.48384968323998306,0.23650724120461045,6391.639658848614,73.77281412412104,1.5128014748172032,0.020562340784710302,1.9960704909112843,0.4477987845711974,0.22574175691028,5880_6221
736,0,4835.699360341151,69.25342774892125,2.5008407145976244,0.03613617605086814,0.6274238261291545,0.5355689673315575,0.866760092454652,4821.004273504273,72.66990628348636,2.6550523984606595,0.036564015950714845,0.7969050690993968,0.6336071747551166,0.8038102726287465,8339_6255
737,1,7612.406451612903,69.64940660513719,1.88087366391187,0.03042334883485805,4.390495931143899,1.0148859015437854,0.18984932085167433,7576.013015184381,72.29086113300295,2.6643732424065956,0.042222794060208936,5.030017737646728,1.26707297945013,0.20551221464188663,8339_6255
738,2,6619.2398286937905,69.91422928820705,1.444190995725457,0.02096108219525066,3.4305238142276893,0.7278279764688342,0.21042240316582078,6590.66452991453,72.91262837655023,1.6874496908956185,0.023710912503386097,3.64869096876451,0.7565861020721028,0.2034838251078885,8339_6255
739,3,11274.273504273504,69.36963845300806,1.2562072024786033,0.01833335757030165,2.68592737286338,0.5612805359872559,0.20062695521620727,11200.963675213676,72.51557811009184,1.4902146942127283,0.020928626464211713,3.022689423182711,0.6198083759305059,0.1950488263803961,8339_6255
740,0,4767.081023454158,74.79374925111564,3.151612314769249,0.043015628294688364,1.2558275371545524,1.0641597554455318,0.8280990853662836,5104.295258620689,67.69756506489037,3.345265032668519,0.050325903420006556,1.0413052779218015,0.8342694294897137,0.7777760575808059,6598_8091
741,1,4832.602564102564,77.06333445358196,1.355141834964572,0.018594298940757308,4.988068204988545,0.9769555585831964,0.19373836669561734,5487.8394793926245,67.40080637565855,1.4783041110469062,0.02436435878283903,4.185562832786542,0.8231441619912583,0.18818651498213623,6598_8091
742,2,5198.935622317596,74.84977178238888,2.064428369581581,0.03045134167507735,5.5831531207228595,1.2178409826601602,0.19952772415779055,5512.638949671772,66.11669484984014,1.7727555351206412,0.030179339077841157,4.217997605253425,0.8980327336425445,0.1931274322508139,6598_8091
743,3,10135.950959488273,75.62741722853497,1.5831079072847558,0.021167626500793374,4.89212870239406,0.8952237325487731,0.17922735122841912,11138.459051724138,66.2584787089206,1.6174206341455664,0.02521055224776295,3.8936729223152313,0.7362032797835817,0.1791048045629013,6598_8091
744,0,13057.645299145299,60.704894107046925,2.766780389246477,0.04610425792290546,1.6857971656828508,0.9303729785561252,0.5541014854421059,22723.057815845823,65.2043476044616,2.9320849779641134,0.04545083881092047,1.8659016762323668,1.2501081045464482,0.6741405036531917,11452_8329
745,1,12298.667381974248,64.22426330077441,1.5105951809711584,0.02399211262725047,5.023884501150646,0.9916660350863001,0.1920981946709412,20977.3311827957,68.39748389998206,1.881157595280025,0.0284222918558498,5.958333878827965,1.4351919114987257,0.2306335226638211,11452_8329
746,2,9363.48717948718,61.50196427355438,1.68327281744579,0.027771730371813387,4.204746483205763,0.5403549425759626,0.12762515018219292,16202.064239828695,66.51187652526211,2.064808932349508,0.032024934173432655,4.893464725852823,0.8006044997776355,0.15988624419173417,11452_8329
747,3,22184.92735042735,62.038977181280394,1.4706579226253116,0.023863963085100533,4.293630183536598,0.5449424029358315,0.1274412251656921,38037.687366167025,66.89502874591048,1.8666799561174026,0.02812584703330196,5.1173440155543695,0.8241809464898622,0.16160724958908465,11452_8329
748,0,13182.14498933902,61.274826161251724,2.9870960149392753,0.04973868569657065,2.4774669825081572,1.527794264912914,0.5993412724645946,12823.872068230277,60.12847215294335,3.3456536304745845,0.056669794438531054,2.5071385984780337,1.5429671360338597,0.6122493230996311,8344_8336
749,1,11871.989130434782,61.884841930054606,1.7799759380375841,0.029133849971758254,7.583043557775379,1.5289430074689587,0.20150631256135385,12205.638888888889,58.76754209213604,1.8227258237450294,0.03134230378782596,7.907952400034593,1.5969534315562137,0.20147401264270245,8344_8336
750,2,9394.933618843683,60.04826335057787,1.7935474173597965,0.030205211084389498,6.456752238020977,0.759531841822741,0.11853248446511619,9224.52025586354,58.17768374582009,1.8805557020230117,0.032529062624394284,6.420703434268559,0.8136287420548038,0.12767119208407599,8344_8336
751,3,21968.20042643923,60.9875373903735,1.6158507273937779,0.026781508791283895,6.442021205912529,0.820459159850177,0.1274023292344857,21870.26012793177,58.627727890154915,1.8065535972131699,0.03105072749631596,6.589737096276173,0.8726307966161736,0.1323916374743904,8344_8336
752,0,12823.872068230277,60.12847215294335,3.3456536304745845,0.056669794438531054,2.5071385984780337,1.5429671360338597,0.6122493230996311,13057.645299145299,60.704894107046925,2.766780389246477,0.04610425792290546,1.6857971656828508,0.9303729785561252,0.5541014854421059,8336_11452
753,1,12205.638888888889,58.76754209213604,1.8227258237450294,0.03134230378782596,7.907952400034593,1.5969534315562137,0.20147401264270245,12298.667381974248,64.22426330077441,1.5105951809711584,0.02399211262725047,5.023884501150646,0.9916660350863001,0.1920981946709412,8336_11452
754,2,9224.52025586354,58.17768374582009,1.8805557020230117,0.032529062624394284,6.420703434268559,0.8136287420548038,0.12767119208407599,9363.48717948718,61.50196427355438,1.68327281744579,0.027771730371813387,4.204746483205763,0.5403549425759626,0.12762515018219292,8336_11452
755,3,21870.26012793177,58.627727890154915,1.8065535972131699,0.03105072749631596,6.589737096276173,0.8726307966161736,0.1323916374743904,22184.92735042735,62.038977181280394,1.4706579226253116,0.023863963085100533,4.293630183536598,0.5449424029358315,0.1274412251656921,8336_11452
756,0,11049.793406593406,56.949402953539106,3.004157015451582,0.05281427179184981,3.201719826255481,1.9554096285094549,0.6050462036523871,11217.624733475479,64.24435598050381,3.220913050287051,0.050250277886387626,3.8610769856446323,2.4403301950096594,0.6308366735274518,8199_6602
757,1,9872.467849223947,44.99507752452569,11.756659462814223,0.2770643426683231,15.301729699888526,7.537752984987924,0.47170560596357397,10038.777777777777,54.106908850030976,10.359929287003691,0.19786644783549784,17.19394933886819,5.818999049372654,0.33235598622701396,8199_6602
758,2,7962.426048565121,53.19073020192407,3.6647566668377625,0.0827924331268229,9.850231929348007,2.477444625343801,0.20680899469739653,7967.140724946695,59.09781342954542,4.427873982633427,0.08002237606030302,12.107410574442603,2.284010088038984,0.17981640989094988,8199_6602
759,3,18298.254945054945,55.194684311281996,5.167625545174267,0.09757842573522857,8.954569277479468,3.334781535757332,0.34190535498874786,18556.722814498935,62.10614327084194,5.140380959401331,0.0847341182922912,11.562096818730627,2.8490383006134,0.23989308363672252,8199_6602
760,0,13109.002132196161,62.837914229176455,2.6006132399658455,0.04146212221347298,2.5816607338352466,1.5328937368096696,0.5945737435994387,13040.586353944564,63.85306484675796,3.006441897497215,0.04787955266263251,2.9143904624058887,1.8690640989878617,0.6269168708381802,7054_6094
761,1,11782.918803418803,60.381159504980744,4.009479135039268,0.06736465212247252,8.873868267833021,2.0535374747272734,0.23008787400823835,11847.495726495727,63.7680411031054,2.4227790600008805,0.03882151869836827,9.77442750829245,2.0498978686876463,0.20762429239721028,7054_6094
762,2,9227.818376068377,60.26326781575499,2.4419791200526366,0.0411975122537362,7.265182403599555,1.024206891627364,0.14363794030307941,9330.367521367521,62.076066360370135,2.1266059807333524,0.03471772818344603,8.23748635467163,1.0622049045369317,0.1287707242177211,7054_6094
763,3,21813.202991452992,61.532510541563965,2.4735914591259447,0.040570384521602935,7.167541452081794,1.1158572527197566,0.1557698164741886,21891.236673773987,63.23969141009758,1.9277844147038303,0.030822781519182774,8.23081089039984,1.1090060298104336,0.13434438958838044,7054_6094
764,0,11217.624733475479,64.24435598050381,3.220913050287051,0.050250277886387626,3.8610769856446323,2.4403301950096594,0.6308366735274518,13109.002132196161,62.837914229176455,2.6006132399658455,0.04146212221347298,2.5816607338352466,1.5328937368096696,0.5945737435994387,6602_7054
765,1,10038.777777777777,54.106908850030976,10.359929287003691,0.19786644783549784,17.19394933886819,5.818999049372654,0.33235598622701396,11782.918803418803,60.381159504980744,4.009479135039268,0.06736465212247252,8.873868267833021,2.0535374747272734,0.23008787400823835,6602_7054
766,2,7967.140724946695,59.09781342954542,4.427873982633427,0.08002237606030302,12.107410574442603,2.284010088038984,0.17981640989094988,9227.818376068377,60.26326781575499,2.4419791200526366,0.0411975122537362,7.265182403599555,1.024206891627364,0.14363794030307941,6602_7054
767,3,18556.722814498935,62.10614327084194,5.140380959401331,0.0847341182922912,11.562096818730627,2.8490383006134,0.23989308363672252,21813.202991452992,61.532510541563965,2.4735914591259447,0.040570384521602935,7.167541452081794,1.1158572527197566,0.1557698164741886,6602_7054
768,0,13040.586353944564,63.85306484675796,3.006441897497215,0.04787955266263251,2.9143904624058887,1.8690640989878617,0.6269168708381802,13182.14498933902,61.274826161251724,2.9870960149392753,0.04973868569657065,2.4774669825081572,1.527794264912914,0.5993412724645946,6094_8344
769,1,11847.495726495727,63.7680411031054,2.4227790600008805,0.03882151869836827,9.77442750829245,2.0498978686876463,0.20762429239721028,11871.989130434782,61.884841930054606,1.7799759380375841,0.029133849971758254,7.583043557775379,1.5289430074689587,0.20150631256135385,6094_8344
770,2,9330.367521367521,62.076066360370135,2.1266059807333524,0.03471772818344603,8.23748635467163,1.0622049045369317,0.1287707242177211,9394.933618843683,60.04826335057787,1.7935474173597965,0.030205211084389498,6.456752238020977,0.759531841822741,0.11853248446511619,6094_8344
771,3,21891.236673773987,63.23969141009758,1.9277844147038303,0.030822781519182774,8.23081089039984,1.1090060298104336,0.13434438958838044,21968.20042643923,60.9875373903735,1.6158507273937779,0.026781508791283895,6.442021205912529,0.820459159850177,0.1274023292344857,6094_8344
772,0,9952.489316239316,66.78108845622967,2.18339618306898,0.032759463383093976,1.3645281065421688,0.8589241521974889,0.6320942566183541,5363.940298507463,68.01235555774538,2.6121405870561207,0.038461565023986725,1.7816102359204813,1.2844777248833101,0.7074386287892748,8183_6664
773,1,12274.549356223177,61.75247027600626,6.699004185574864,0.11619230852717076,7.241977150888641,2.963885613842229,0.3681633665736097,7968.057815845825,48.8162791604709,18.71352104907371,0.42153218852356283,23.819916049111455,15.302199723305476,0.6146350670641862,8183_6664
774,2,8471.040598290598,66.02406672844373,1.5151507466628686,0.023233602398004843,4.129723671344742,0.5832525408597099,0.14003710226995375,5077.140724946695,65.31836568463254,3.466929958139255,0.06616274696598835,7.847627550379415,2.2963791784137153,0.23081010970068733,8183_6664
775,3,19391.0,66.09482829252076,1.9270068641753675,0.029541483858997877,4.227530105282549,0.800101719903072,0.18154991259930048,12041.57142857143,66.21004711324368,6.665583897185292,0.10439911518984667,7.874760324148433,4.893606532223919,0.5625954761066897,8183_6664
776,0,9302.510683760684,68.01640754542518,2.764049884343707,0.040657684872322096,1.7333330974807377,1.2067925875365921,0.6992793353156455,9952.489316239316,66.78108845622967,2.18339618306898,0.032759463383093976,1.3645281065421688,0.8589241521974889,0.6320942566183541,8180_8183
777,1,11734.68669527897,63.8119277606824,6.912358437651158,0.11695584863155657,10.145550453147521,3.7665175552603816,0.3403263467449048,12274.549356223177,61.75247027600626,6.699004185574864,0.11619230852717076,7.241977150888641,2.963885613842229,0.3681633665736097,8180_8183
778,2,8005.801282051282,66.41261661124996,1.9835626820329597,0.029989667785284186,5.475270207508647,0.7869422477942647,0.14465622883712365,8471.040598290598,66.02406672844373,1.5151507466628686,0.023233602398004843,4.129723671344742,0.5832525408597099,0.14003710226995375,8180_8183
779,3,18218.965811965812,66.90015675386519,2.353555780523096,0.03553561356773412,5.506446421238734,1.1649668404328604,0.20564962277184723,19391.0,66.09482829252076,1.9270068641753675,0.029541483858997877,4.227530105282549,0.800101719903072,0.18154991259930048,8180_8183
780,0,10284.814655172413,65.65834763367253,2.039832425788426,0.031097231778631246,1.569846663326526,1.0625500456532875,0.6797167357764468,9302.510683760684,68.01640754542518,2.764049884343707,0.040657684872322096,1.7333330974807377,1.2067925875365921,0.6992793353156455,8172_8180
781,1,13035.83660130719,62.97801687001342,4.450107731534362,0.07509532135151047,8.345735219351155,2.6161622410312835,0.2900156758796779,11734.68669527897,63.8119277606824,6.912358437651158,0.11695584863155657,10.145550453147521,3.7665175552603816,0.3403263467449048,8172_8180
782,2,8602.03711790393,64.80898966704541,1.6101112630717482,0.025148722568895974,5.186331262397549,0.7973252715619035,0.15254352470202262,8005.801282051282,66.41261661124996,1.9835626820329597,0.029989667785284186,5.475270207508647,0.7869422477942647,0.14465622883712365,8172_8180
783,3,19485.23440860215,65.67403225887648,1.6676927130330694,0.025687865338425386,5.134850229180986,0.8775707222301583,0.1669688588141034,18218.965811965812,66.90015675386519,2.353555780523096,0.03553561356773412,5.506446421238734,1.1649668404328604,0.20564962277184723,8172_8180
784,0,10316.191897654584,67.28356185563729,2.245653234203639,0.03340130996876518,1.8034297165898334,1.2203326717157723,0.6785131214950405,10349.24946695096,69.83076606010317,2.1476883221021046,0.03077993023984621,1.9321583860066507,1.3465885675412965,0.6992359073985025,8055_6665
785,1,13148.751605995718,65.55012614992259,4.145502566945513,0.07066169699540714,9.680399081888575,2.900010120294414,0.27055216134040105,13004.655982905982,66.60755029461313,5.074204101419338,0.0823521586311504,10.492273385744111,3.1833310134083166,0.28025585490687627,8055_6665
786,2,8653.545842217483,67.20335663886628,1.430321362382382,0.021486341800829336,5.921434188312884,0.861187856932482,0.1463190586820123,8622.31130063966,68.92604946577114,1.6570741627962309,0.02432217536536916,6.555049012020993,0.980505269994393,0.14945846868327142,8055_6665
787,3,19862.01918976546,67.94802828309028,1.5887496901715918,0.023787707060778346,5.982252581809249,1.0140742808553522,0.16379706246716338,19695.006396588487,69.95712599691882,1.782183686237928,0.02588539485232367,6.48080838351506,1.0730645902893037,0.16097735592570064,8055_6665
788,0,10349.24946695096,69.83076606010317,2.1476883221021046,0.03077993023984621,1.9321583860066507,1.3465885675412965,0.6992359073985025,10284.814655172413,65.65834763367253,2.039832425788426,0.031097231778631246,1.569846663326526,1.0625500456532875,0.6797167357764468,6665_8172
789,1,13004.655982905982,66.60755029461313,5.074204101419338,0.0823521586311504,10.492273385744111,3.1833310134083166,0.28025585490687627,13035.83660130719,62.97801687001342,4.450107731534362,0.07509532135151047,8.345735219351155,2.6161622410312835,0.2900156758796779,6665_8172
790,2,8622.31130063966,68.92604946577114,1.6570741627962309,0.02432217536536916,6.555049012020993,0.980505269994393,0.14945846868327142,8602.03711790393,64.80898966704541,1.6101112630717482,0.025148722568895974,5.186331262397549,0.7973252715619035,0.15254352470202262,6665_8172
791,3,19695.006396588487,69.95712599691882,1.782183686237928,0.02588539485232367,6.48080838351506,1.0730645902893037,0.16097735592570064,19485.23440860215,65.67403225887648,1.6676927130330694,0.025687865338425386,5.134850229180986,0.8775707222301583,0.1669688588141034,6665_8172
792,0,5363.940298507463,68.01235555774538,2.6121405870561207,0.038461565023986725,1.7816102359204813,1.2844777248833101,0.7074386287892748,11049.793406593406,56.949402953539106,3.004157015451582,0.05281427179184981,3.201719826255481,1.9554096285094549,0.6050462036523871,6664_8199
793,1,7968.057815845825,48.8162791604709,18.71352104907371,0.42153218852356283,23.819916049111455,15.302199723305476,0.6146350670641862,9872.467849223947,44.99507752452569,11.756659462814223,0.2770643426683231,15.301729699888526,7.537752984987924,0.47170560596357397,6664_8199
794,2,5077.140724946695,65.31836568463254,3.466929958139255,0.06616274696598835,7.847627550379415,2.2963791784137153,0.23081010970068733,7962.426048565121,53.19073020192407,3.6647566668377625,0.0827924331268229,9.850231929348007,2.477444625343801,0.20680899469739653,6664_8199
795,3,12041.57142857143,66.21004711324368,6.665583897185292,0.10439911518984667,7.874760324148433,4.893606532223919,0.5625954761066897,18298.254945054945,55.194684311281996,5.167625545174267,0.09757842573522857,8.954569277479468,3.334781535757332,0.34190535498874786,6664_8199
796,0,7993.089552238806,68.68680353423825,2.376745391197467,0.03469530529200217,1.2325007134014527,0.8052438893003199,0.6541425076107411,10316.191897654584,67.28356185563729,2.245653234203639,0.03340130996876518,1.8034297165898334,1.2203326717157723,0.6785131214950405,8065_8055
797,1,10233.600427350428,69.79410299675374,1.7969944863113132,0.02725978905751255,5.58841680377229,1.272682789726625,0.21451660270804004,13148.751605995718,65.55012614992259,4.145502566945513,0.07066169699540714,9.680399081888575,2.900010120294414,0.27055216134040105,8065_8055
798,2,7295.2921108742,68.41529891134051,1.6591375260906185,0.024763097293245568,4.193144619525744,0.7430093555629271,0.17286687904088965,8653.545842217483,67.20335663886628,1.430321362382382,0.021486341800829336,5.921434188312884,0.861187856932482,0.1463190586820123,8065_8055
799,3,15850.697228144989,69.62211926257206,1.5560999693881203,0.02255772758665484,3.8654602922187657,0.6586037976812255,0.16936273265378865,19862.01918976546,67.94802828309028,1.5887496901715918,0.023787707060778346,5.982252581809249,1.0140742808553522,0.16379706246716338,8065_8055
800,0,7959.163101604278,68.37415050592425,2.5711045438367734,0.03846371000246162,1.2217900993923323,0.8797415157897183,0.7178899259489915,5980.310160427807,72.77673790173326,3.1044169422584145,0.042963259203943636,2.2316459208556183,1.3689346902365713,0.6789774786632501,8007_6663
801,1,10113.222520107238,69.19307386730864,1.4426353398943654,0.021613394160985285,5.731079012622918,1.2339452853299764,0.2056189181477303,7373.257372654156,74.21978145035285,1.7287576311647723,0.024578206730195975,7.119269574333914,1.7433255027504921,0.23985816700002988,8007_6663
802,2,7154.045454545455,67.86565914692324,1.4255583880735239,0.021248268287570714,4.2588176770789214,0.728575528545199,0.17100742609112066,5461.943850267379,72.83000415650108,1.7401723409139405,0.024584410335619544,5.394419582877447,1.1780911081827552,0.21133809239408918,8007_6663
803,3,15684.005347593584,68.51226449025938,1.4460627771067045,0.021477969825134384,4.103073716959315,0.7090623518205966,0.1644588916017354,11922.449197860962,73.70954659017401,1.7523257791518343,0.02412535107575066,5.067104628366118,1.1860619201002607,0.22444971859776475,8007_6663
804,0,4331.094420600858,69.98693208230071,3.7364906534535107,0.054032271612323955,0.959098068917136,0.6930807630527195,0.7276896697176916,7959.163101604278,68.37415050592425,2.5711045438367734,0.03846371000246162,1.2217900993923323,0.8797415157897183,0.7178899259489915,8001_8007
805,1,5392.679653679654,67.9682058562889,2.0992496805790113,0.032806868953632974,3.9539712632795276,1.0395794086752237,0.22901545577256785,10113.222520107238,69.19307386730864,1.4426353398943654,0.021613394160985285,5.731079012622918,1.2339452853299764,0.2056189181477303,8001_8007
806,2,4046.7672413793102,67.09907122664058,1.692379940887909,0.02553230489613967,2.9931007816684723,0.589797127813818,0.19490756361635986,7154.045454545455,67.86565914692324,1.4255583880735239,0.021248268287570714,4.2588176770789214,0.728575528545199,0.17100742609112066,8001_8007
807,3,8871.443010752688,67.519834904165,1.7507750352524634,0.026161278187296695,2.973563034666518,0.5961973936954054,0.1909915010818728,15684.005347593584,68.51226449025938,1.4460627771067045,0.021477969825134384,4.103073716959315,0.7090623518205966,0.1644588916017354,8001_8007
808,0,5980.310160427807,72.77673790173326,3.1044169422584145,0.042963259203943636,2.2316459208556183,1.3689346902365713,0.6789774786632501,7993.089552238806,68.68680353423825,2.376745391197467,0.03469530529200217,1.2325007134014527,0.8052438893003199,0.6541425076107411,6663_8065
809,1,7373.257372654156,74.21978145035285,1.7287576311647723,0.024578206730195975,7.119269574333914,1.7433255027504921,0.23985816700002988,10233.600427350428,69.79410299675374,1.7969944863113132,0.02725978905751255,5.58841680377229,1.272682789726625,0.21451660270804004,6663_8065
810,2,5461.943850267379,72.83000415650108,1.7401723409139405,0.024584410335619544,5.394419582877447,1.1780911081827552,0.21133809239408918,7295.2921108742,68.41529891134051,1.6591375260906185,0.024763097293245568,4.193144619525744,0.7430093555629271,0.17286687904088965,6663_8065
811,3,11922.449197860962,73.70954659017401,1.7523257791518343,0.02412535107575066,5.067104628366118,1.1860619201002607,0.22444971859776475,15850.697228144989,69.62211926257206,1.5560999693881203,0.02255772758665484,3.8654602922187657,0.6586037976812255,0.16936273265378865,6663_8065
812,0,6429.322649572649,68.22764380922747,2.9353902721995593,0.04365580724095538,1.3680116481463984,0.9691150872027499,0.7088759114170905,6430.886752136752,68.88588241056016,2.9922437071551378,0.04373580675367378,1.1015133344072754,0.7564220354639932,0.6892223233741868,6953_6320
813,1,8119.18064516129,69.64458614611608,1.4970589340190728,0.021577780938761948,5.915617664596639,1.174320212670566,0.20025560579172133,8039.645161290323,68.55277011757957,1.609992260559628,0.02353631228400688,4.681853060819474,0.9463886809348306,0.20428128250534938,6953_6320
814,2,6967.37982832618,68.08822246226345,1.917039509869795,0.028473339592542887,4.8530375824537675,0.9102666465741127,0.18861505704281678,6948.605995717345,66.76627991756386,1.6701994744016033,0.02528380232973387,3.9058069581598978,0.7502922734837185,0.19132989294660052,6953_6320
815,3,14087.540598290598,68.88288168952928,1.5345653672229775,0.0224352449080877,4.458219315659757,0.7523949808576456,0.1683342319802217,13964.662393162393,67.46877932300902,1.5441837624696777,0.022978026073554144,3.6562218054862083,0.5993792372029154,0.16470466175170045,6953_6320
816,0,4054.854347826087,75.24524636592739,3.172792459368496,0.042722468018610245,1.1449896038742762,0.884328249671183,0.7763611320745941,4331.094420600858,69.98693208230071,3.7364906534535107,0.054032271612323955,0.959098068917136,0.6930807630527195,0.7276896697176916,6667_8001
817,1,4846.586433260394,77.39927009558704,1.5375409653410763,0.020921354814449473,5.154980924637831,1.1541437247509134,0.2121370670233108,5392.679653679654,67.9682058562889,2.0992496805790113,0.032806868953632974,3.9539712632795276,1.0395794086752237,0.22901545577256785,6667_8001
818,2,3619.1397379912664,76.10684722847978,1.6685797642780371,0.022115916498594634,3.972791383151185,0.7854847351872577,0.19930126022473693,4046.7672413793102,67.09907122664058,1.692379940887909,0.02553230489613967,2.9931007816684723,0.589797127813818,0.19490756361635986,6667_8001
819,3,7943.745652173913,76.6258608373485,1.6057499803028226,0.021093728413555488,3.91428908755434,0.7746887784792278,0.19578010212326324,8871.443010752688,67.519834904165,1.7507750352524634,0.026161278187296695,2.973563034666518,0.5961973936954054,0.1909915010818728,6667_8001
820,0,6430.886752136752,68.88588241056016,2.9922437071551378,0.04373580675367378,1.1015133344072754,0.7564220354639932,0.6892223233741868,4054.854347826087,75.24524636592739,3.172792459368496,0.042722468018610245,1.1449896038742762,0.884328249671183,0.7763611320745941,6320_6667
821,1,8039.645161290323,68.55277011757957,1.609992260559628,0.02353631228400688,4.681853060819474,0.9463886809348306,0.20428128250534938,4846.586433260394,77.39927009558704,1.5375409653410763,0.020921354814449473,5.154980924637831,1.1541437247509134,0.2121370670233108,6320_6667
822,2,6948.605995717345,66.76627991756386,1.6701994744016033,0.02528380232973387,3.9058069581598978,0.7502922734837185,0.19132989294660052,3619.1397379912664,76.10684722847978,1.6685797642780371,0.022115916498594634,3.972791383151185,0.7854847351872577,0.19930126022473693,6320_6667
823,3,13964.662393162393,67.46877932300902,1.5441837624696777,0.022978026073554144,3.6562218054862083,0.5993792372029154,0.16470466175170045,7943.745652173913,76.6258608373485,1.6057499803028226,0.021093728413555488,3.91428908755434,0.7746887784792278,0.19578010212326324,6320_6667
824,0,5385.623853211009,74.95001116740195,3.981274786703141,0.05560921500850544,1.5386432609093403,1.4287149200575693,0.8941170748126857,,,,,,,,8099_8097
825,1,6365.14953271028,75.80081159465897,2.3436497602032405,0.0335920168920738,6.72773955809392,1.656092670476444,0.22347508300924462,,,,,,,,8099_8097
826,2,5912.2037037037035,74.27773067410415,2.420003438979076,0.03495536379302398,6.325007796487351,1.235297038164241,0.1842979566954755,,,,,,,,8099_8097
827,3,11728.275229357798,74.82234703076492,2.0650502709564216,0.027955853699653813,5.755893559046178,1.1283446503649315,0.1895118928689409,,,,,,,,8099_8097
828,0,,,,,,,,6429.322649572649,68.22764380922747,2.9353902721995593,0.04365580724095538,1.3680116481463984,0.9691150872027499,0.7088759114170905,8097_6953
829,1,,,,,,,,8119.18064516129,69.64458614611608,1.4970589340190728,0.021577780938761948,5.915617664596639,1.174320212670566,0.20025560579172133,8097_6953
830,2,,,,,,,,6967.37982832618,68.08822246226345,1.917039509869795,0.028473339592542887,4.8530375824537675,0.9102666465741127,0.18861505704281678,8097_6953
831,3,,,,,,,,14087.540598290598,68.88288168952928,1.5345653672229775,0.0224352449080877,4.458219315659757,0.7523949808576456,0.1683342319802217,8097_6953
832,0,5595.014925373134,72.54475035769123,3.8863278790094307,0.05479429661182567,1.3223532041090855,1.0505652299788535,0.7663767165375754,5262.272921108742,71.94040839915063,3.8672145664682773,0.056404663340845276,1.573817422518808,1.4040262634552487,0.8810281972412771,8112_6073
833,1,6506.523605150214,70.08273446202804,1.946011947789597,0.028550657680417462,5.323282958306003,1.118527825027711,0.20293323207434916,5991.709677419355,71.52044942416808,2.8686079119637826,0.04448198207418727,6.881644466466139,1.541948583263425,0.2831658108747109,8112_6073
834,2,5931.168803418804,69.66183892704434,2.437502813697794,0.03648549764681478,4.913294490582335,0.981778134702722,0.18986683031312468,5521.87339055794,70.98378306266454,2.7163118125737125,0.04099583553759688,6.436196306705083,1.475785571557926,0.28421843440143796,8112_6073
835,3,12310.673773987206,68.67255351050125,2.3854591788501303,0.03609826555943116,4.748073898145205,0.9938752929057079,0.1863112463769588,11456.37339055794,70.36737598921182,2.8412443438230484,0.04432056721542335,6.256056465989407,1.5256494743964202,0.2830466555837206,8112_6073
836,0,5262.272921108742,71.94040839915063,3.8672145664682773,0.056404663340845276,1.573817422518808,1.4040262634552487,0.8810281972412771,5385.623853211009,74.95001116740195,3.981274786703141,0.05560921500850544,1.5386432609093403,1.4287149200575693,0.8941170748126857,6073_8099
837,1,5991.709677419355,71.52044942416808,2.8686079119637826,0.04448198207418727,6.881644466466139,1.541948583263425,0.2831658108747109,6365.14953271028,75.80081159465897,2.3436497602032405,0.0335920168920738,6.72773955809392,1.656092670476444,0.22347508300924462,6073_8099
838,2,5521.87339055794,70.98378306266454,2.7163118125737125,0.04099583553759688,6.436196306705083,1.475785571557926,0.28421843440143796,5912.2037037037035,74.27773067410415,2.420003438979076,0.03495536379302398,6.325007796487351,1.235297038164241,0.1842979566954755,6073_8099
839,3,11456.37339055794,70.36737598921182,2.8412443438230484,0.04432056721542335,6.256056465989407,1.5256494743964202,0.2830466555837206,11728.275229357798,74.82234703076492,2.0650502709564216,0.027955853699653813,5.755893559046178,1.1283446503649315,0.1895118928689409,6073_8099
840,0,5009.149321266968,69.13354256542024,3.628302532286041,0.053397203196740704,1.2341685921185792,0.9155264134186619,0.7227600175799023,5083.234513274337,69.49751500377964,3.0926287058146182,0.04535786162424264,1.0631199621709235,0.8880617225639924,0.7896797083009747,6937_6322
841,1,5419.582191780822,71.04458481262272,1.8544377372892988,0.026233049877901336,4.204519731379182,0.7105173613624092,0.1720456863235727,5387.534675615212,70.56759679960071,1.5494514309079033,0.022275854580150297,3.89477465002386,0.7418633415856212,0.1881024261611061,6937_6322
842,2,5543.328018223235,68.20627244110383,2.093229628321115,0.03140792285860131,4.2167542097811275,0.8139462622550244,0.18761745659604911,5526.082405345212,68.65688527420676,1.6901304208584669,0.02638440506390924,4.12024772125745,0.8519081174310346,0.18782595331791088,6937_6322
843,3,11197.579185520362,68.73515799973202,1.913259675360505,0.028362198223959797,3.9258917336458223,0.7852893683168408,0.18555365990172798,11095.509933774834,68.75720128677862,1.7725436573730815,0.0268226018359927,3.867511203489067,0.8840961461127018,0.19164157384190167,6937_6322
844,0,5083.234513274337,69.49751500377964,3.0926287058146182,0.04535786162424264,1.0631199621709235,0.8880617225639924,0.7896797083009747,5595.014925373134,72.54475035769123,3.8863278790094307,0.05479429661182567,1.3223532041090855,1.0505652299788535,0.7663767165375754,6322_8112
845,1,5387.534675615212,70.56759679960071,1.5494514309079033,0.022275854580150297,3.89477465002386,0.7418633415856212,0.1881024261611061,6506.523605150214,70.08273446202804,1.946011947789597,0.028550657680417462,5.323282958306003,1.118527825027711,0.20293323207434916,6322_8112
846,2,5526.082405345212,68.65688527420676,1.6901304208584669,0.02638440506390924,4.12024772125745,0.8519081174310346,0.18782595331791088,5931.168803418804,69.66183892704434,2.437502813697794,0.03648549764681478,4.913294490582335,0.981778134702722,0.18986683031312468,6322_8112
847,3,11095.509933774834,68.75720128677862,1.7725436573730815,0.0268226018359927,3.867511203489067,0.8840961461127018,0.19164157384190167,12310.673773987206,68.67255351050125,2.3854591788501303,0.03609826555943116,4.748073898145205,0.9938752929057079,0.1863112463769588,6322_8112
848,0,5125.8379530916845,77.14751075329082,3.17494967594071,0.04231602771619828,1.4704493025513952,1.1835614435308588,0.8037512244241388,5009.149321266968,69.13354256542024,3.628302532286041,0.053397203196740704,1.2341685921185792,0.9155264134186619,0.7227600175799023,5943_6937
849,1,5476.419700214133,78.30493924329977,1.4811470427096267,0.020271068325080792,6.054007952058612,1.073782829686682,0.17891036479936712,5419.582191780822,71.04458481262272,1.8544377372892988,0.026233049877901336,4.204519731379182,0.7105173613624092,0.1720456863235727,5943_6937
850,2,5524.938034188034,76.63728892254616,2.0201017126646077,0.02873883822262208,6.131226120693517,1.185650408306913,0.1864716108719567,5543.328018223235,68.20627244110383,2.093229628321115,0.03140792285860131,4.2167542097811275,0.8139462622550244,0.18761745659604911,5943_6937
851,3,11210.857142857143,76.90591423243565,1.8744482709655224,0.02528103722082471,5.711142826287857,1.0738562368809734,0.17699739070926215,11197.579185520362,68.73515799973202,1.913259675360505,0.028362198223959797,3.9258917336458223,0.7852893683168408,0.18555365990172798,5943_6937
852,0,5104.295258620689,67.69756506489037,3.345265032668519,0.050325903420006556,1.0413052779218015,0.8342694294897137,0.7777760575808059,5125.8379530916845,77.14751075329082,3.17494967594071,0.04231602771619828,1.4704493025513952,1.1835614435308588,0.8037512244241388,8091_5943
853,1,5487.8394793926245,67.40080637565855,1.4783041110469062,0.02436435878283903,4.185562832786542,0.8231441619912583,0.18818651498213623,5476.419700214133,78.30493924329977,1.4811470427096267,0.020271068325080792,6.054007952058612,1.073782829686682,0.17891036479936712,8091_5943
854,2,5512.638949671772,66.11669484984014,1.7727555351206412,0.030179339077841157,4.217997605253425,0.8980327336425445,0.1931274322508139,5524.938034188034,76.63728892254616,2.0201017126646077,0.02873883822262208,6.131226120693517,1.185650408306913,0.1864716108719567,8091_5943
855,3,11138.459051724138,66.2584787089206,1.6174206341455664,0.02521055224776295,3.8936729223152313,0.7362032797835817,0.1791048045629013,11210.857142857143,76.90591423243565,1.8744482709655224,0.02528103722082471,5.711142826287857,1.0738562368809734,0.17699739070926215,8091_5943
856,0,14449.569593147751,61.292163602036865,2.0553085155764608,0.034100759008291084,2.7230478042419755,1.5530017817113881,0.5649713628368596,14416.963752665246,62.79293893625121,2.174309197375649,0.035207389214777625,2.3119557188944095,1.311209524323311,0.5653351646672063,8327_8331
857,1,8290.488172043011,61.41246523413076,1.0707300241113482,0.01748285289520041,6.153196246180781,0.996014460313054,0.16213150645809027,8219.944086021505,63.50582768363505,1.2330819089828011,0.019487778957826576,5.139677206052988,0.8386163960436254,0.1631209898307257,8327_8331
858,2,13974.612419700214,53.373948844178436,9.447341272731864,0.1936217000460746,13.353450630151622,5.8146806296654905,0.3954744281802343,13807.920770877945,53.04650360194164,10.84817771157735,0.2205262396457344,12.673308179305899,6.204459935781684,0.45510656118344855,8327_8331
859,3,21830.419700214134,61.2228512655636,1.3313402054639438,0.02188411305809466,6.773798357663834,1.275740805557044,0.1877867150898148,21602.16417910448,63.19776221235054,1.5231899532037214,0.024309839832541,5.711756568871732,1.1264961509296672,0.19576005526943016,8327_8331
860,0,14371.607675906183,66.01861789668764,2.020199477128781,0.030649252961708368,2.32124224303922,1.3353751704938472,0.5758851034152862,14147.28144989339,62.715052102052866,1.6968612206767668,0.027090329318661174,2.160567943170111,1.201964814676151,0.5563151548035835,6947_8301
861,1,8346.831196581197,64.98979257225076,1.4871138217593125,0.022992573371432037,5.627780853767682,1.012918698561866,0.17974681470788376,8213.16452991453,62.374528115776975,1.1773573382949343,0.019061557961293944,4.997792010387135,0.8235719511475573,0.1627780757535519,6947_8301
862,2,14012.598290598291,51.93714383512104,11.7476452137703,0.24157935220756285,13.831327008655492,6.301833466864383,0.43292639161694857,13966.536324786324,49.767656738416996,11.34372328101822,0.23869605917420256,12.609466417295376,5.546090903695102,0.4264366279064659,6947_8301
863,3,22101.439232409382,64.3770752324351,1.7670746548821734,0.027682120812515282,6.243973786667459,1.2182974681718721,0.19328330494395146,21820.58547008547,61.985683318079005,1.3183700117757666,0.021404703667567734,5.4548403078088095,0.9888606485357174,0.18075615756048027,6947_8301
864,0,14050.34328358209,63.15165545361429,2.2120651352857252,0.03509880863089424,2.536791167581713,1.334892969870957,0.5275335051903949,14371.607675906183,66.01861789668764,2.020199477128781,0.030649252961708368,2.32124224303922,1.3353751704938472,0.5758851034152862,8341_6947
865,1,8168.380341880342,62.04803483750672,1.3323603478209607,0.02155253842776625,5.679410496216141,0.9253008745060824,0.16308844050289356,8346.831196581197,64.98979257225076,1.4871138217593125,0.022992573371432037,5.627780853767682,1.012918698561866,0.17974681470788376,8341_6947
866,2,14141.946695095949,51.01413231505206,10.848589003266817,0.22580656313597613,13.762954523972338,6.2474771633918325,0.43064470320364767,14012.598290598291,51.93714383512104,11.7476452137703,0.24157935220756285,13.831327008655492,6.301833466864383,0.43292639161694857,8341_6947
867,3,21735.460554371002,61.85496669909895,1.5275726274064536,0.02488087735089924,6.284912496825728,1.1769782420556578,0.1858031832001745,22101.439232409382,64.3770752324351,1.7670746548821734,0.027682120812515282,6.243973786667459,1.2182974681718721,0.19328330494395146,8341_6947
868,0,14416.963752665246,62.79293893625121,2.174309197375649,0.035207389214777625,2.3119557188944095,1.311209524323311,0.5653351646672063,14050.34328358209,63.15165545361429,2.2120651352857252,0.03509880863089424,2.536791167581713,1.334892969870957,0.5275335051903949,8331_8341
869,1,8219.944086021505,63.50582768363505,1.2330819089828011,0.019487778957826576,5.139677206052988,0.8386163960436254,0.1631209898307257,8168.380341880342,62.04803483750672,1.3323603478209607,0.02155253842776625,5.679410496216141,0.9253008745060824,0.16308844050289356,8331_8341
870,2,13807.920770877945,53.04650360194164,10.84817771157735,0.2205262396457344,12.673308179305899,6.204459935781684,0.45510656118344855,14141.946695095949,51.01413231505206,10.848589003266817,0.22580656313597613,13.762954523972338,6.2474771633918325,0.43064470320364767,8331_8341
871,3,21602.16417910448,63.19776221235054,1.5231899532037214,0.024309839832541,5.711756568871732,1.1264961509296672,0.19576005526943016,21735.460554371002,61.85496669909895,1.5275726274064536,0.02488087735089924,6.284912496825728,1.1769782420556578,0.1858031832001745,8331_8341
872,0,14147.28144989339,62.715052102052866,1.6968612206767668,0.027090329318661174,2.160567943170111,1.201964814676151,0.5563151548035835,8910.9140969163,60.83185340420148,2.5317446112808684,0.04168463035741844,2.6798031478521205,1.6734762769587335,0.6225522765319514,8301_8296
873,1,8213.16452991453,62.374528115776975,1.1773573382949343,0.019061557961293944,4.997792010387135,0.8235719511475573,0.1627780757535519,4741.494456762749,59.04306228616067,1.4226528673023344,0.0244813940566634,5.664042921791894,1.2866679200893263,0.2223775227895989,8301_8296
874,2,13966.536324786324,49.767656738416996,11.34372328101822,0.23869605917420256,12.609466417295376,5.546090903695102,0.4264366279064659,10754.741150442478,46.21496880862431,10.709714745864073,0.24176405074374763,16.965315893221963,6.721586814377148,0.3865510344617903,8301_8296
875,3,21820.58547008547,61.985683318079005,1.3183700117757666,0.021404703667567734,5.4548403078088095,0.9888606485357174,0.18075615756048027,13643.488986784141,58.807002996208844,1.4867667755826437,0.025498804365157605,6.563128950299575,1.6076036816001709,0.24230345314575988,8301_8296
876,0,8910.9140969163,60.83185340420148,2.5317446112808684,0.04168463035741844,2.6798031478521205,1.6734762769587335,0.6225522765319514,13055.57356076759,61.4821281067426,1.8165237055544885,0.02957376148835046,2.7632490081446797,1.7360869178762675,0.6298273564557081,8296_8190
877,1,4741.494456762749,59.04306228616067,1.4226528673023344,0.0244813940566634,5.664042921791894,1.2866679200893263,0.2223775227895989,5883.4603854389725,60.98119905866144,1.1788729114022927,0.0194552365613908,5.2289254865237735,1.0035343912363106,0.19207032202148874,8296_8190
878,2,10754.741150442478,46.21496880862431,10.709714745864073,0.24176405074374763,16.965315893221963,6.721586814377148,0.3865510344617903,12776.707889125799,53.066805479534985,5.544748214550439,0.10723547279721578,12.059889115037477,2.6798946917720556,0.2165846342781286,8296_8190
879,3,13643.488986784141,58.807002996208844,1.4867667755826437,0.025498804365157605,6.563128950299575,1.6076036816001709,0.24230345314575988,17716.703624733476,60.87540881649876,1.4071892410589226,0.023332810752644338,6.395874123015706,1.3981906674352678,0.21677241164407304,8296_8190
880,0,13055.57356076759,61.4821281067426,1.8165237055544885,0.02957376148835046,2.7632490081446797,1.7360869178762675,0.6298273564557081,13046.850746268658,66.33240222675371,1.8773125108542583,0.028334909564719152,1.9313496902034637,1.1552082675417596,0.5986775754261638,8190_8186
881,1,5883.4603854389725,60.98119905866144,1.1788729114022927,0.0194552365613908,5.2289254865237735,1.0035343912363106,0.19207032202148874,5886.826923076923,66.35991749963458,1.3127367732845887,0.02001185607301723,3.640142053952287,0.7401647513524495,0.19989464135939766,8190_8186
882,2,12776.707889125799,53.066805479534985,5.544748214550439,0.10723547279721578,12.059889115037477,2.6798946917720556,0.2165846342781286,12440.569296375266,62.803545842265855,3.7407592924032067,0.06380541756287984,7.316714250170885,1.6755104293650909,0.20785590058376507,8190_8186
883,3,17716.703624733476,60.87540881649876,1.4071892410589226,0.023332810752644338,6.395874123015706,1.3981906674352678,0.21677241164407304,16740.238805970148,66.33474935045697,1.545798959768906,0.023581043995426595,4.083391204398102,0.9115984965768283,0.2214810288987804,8190_8186
884,0,13046.850746268658,66.33240222675371,1.8773125108542583,0.028334909564719152,1.9313496902034637,1.1552082675417596,0.5986775754261638,13607.961620469083,65.3373381733959,1.8909028192787023,0.029012633716175205,2.052714164920202,1.2787216306349805,0.6227111863810294,8186_8176
885,1,5886.826923076923,66.35991749963458,1.3127367732845887,0.02001185607301723,3.640142053952287,0.7401647513524495,0.19989464135939766,6020.228632478633,65.54964274761693,1.1719482602466322,0.0180967812226987,3.7944200493897795,0.7613231246954197,0.19791615076552377,8186_8176
886,2,12440.569296375266,62.803545842265855,3.7407592924032067,0.06380541756287984,7.316714250170885,1.6755104293650909,0.20785590058376507,13715.76119402985,60.26748771458934,5.551985917021546,0.1028903415988498,9.184393659424266,2.6459850886944696,0.2558783539915616,8186_8176
887,3,16740.238805970148,66.33474935045697,1.545798959768906,0.023581043995426595,4.083391204398102,0.9115984965768283,0.2214810288987804,18651.287846481875,65.59050257882927,1.3301360172990089,0.020397146887924135,4.746567610391148,1.0778470189601534,0.22637614121766053,8186_8176
888,0,13607.961620469083,65.3373381733959,1.8909028192787023,0.029012633716175205,2.052714164920202,1.2787216306349805,0.6227111863810294,13619.208955223881,70.53486965620212,1.9099132156717709,0.027202244837863657,2.0576849496259055,1.3190934149451796,0.6410705021341965,8176_6156
889,1,6020.228632478633,65.54964274761693,1.1719482602466322,0.0180967812226987,3.7944200493897795,0.7613231246954197,0.19791615076552377,6037.070512820513,70.96196214519173,1.2016354128138933,0.017244107101417657,3.808907728075801,0.7953407896326853,0.2032428864208129,8176_6156
890,2,13715.76119402985,60.26748771458934,5.551985917021546,0.1028903415988498,9.184393659424266,2.6459850886944696,0.2558783539915616,13746.157782515991,63.88593192962739,7.967542351161405,0.1403641136197843,10.37169011142139,3.688284880381024,0.31108351189772443,8176_6156
891,3,18651.287846481875,65.59050257882927,1.3301360172990089,0.020397146887924135,4.746567610391148,1.0778470189601534,0.22637614121766053,18711.027718550107,71.29384887154127,1.4117615612992067,0.01994324078339506,4.826493145310421,1.132391680282797,0.23304284291128383,8176_6156
892,0,13580.991471215351,66.66802852727422,1.9031067358028237,0.028780355229439482,1.6264627370593816,1.0052789393104309,0.6183880454568054,10206.784648187633,67.20669715898256,2.1605998345851285,0.03226331825599635,2.3444789970206585,1.3216651003458926,0.5606266681458607,8052_8060
893,1,5994.687366167023,66.7292967296295,1.2234568409960342,0.018433982960898886,2.941958864505756,0.5825893190494751,0.19916728093082833,5124.58547008547,65.98870240602973,1.213612951076879,0.01841659965672704,4.621827178158957,0.9014531911736636,0.19632852166787607,8052_8060
894,2,13746.066098081023,59.00826708748311,8.094205840970211,0.15141623615113609,8.641604385600168,3.5540943536345737,0.3636598667276382,10841.108742004264,56.071878239324846,9.901440020301038,0.18804998716061486,12.289376172660818,4.655446719928782,0.3632084374519638,8052_8060
895,3,18583.081023454157,66.83033383402837,1.4289612155089113,0.02153863339922205,3.688245003005164,0.8643660166146017,0.23250362266852018,15127.554371002132,66.2462443330798,1.6985663214845879,0.025841559042790813,5.520292257176636,1.2441875735565222,0.22314916459485615,8052_8060
896,0,13619.208955223881,70.53486965620212,1.9099132156717709,0.027202244837863657,2.0576849496259055,1.3190934149451796,0.6410705021341965,13580.991471215351,66.66802852727422,1.9031067358028237,0.028780355229439482,1.6264627370593816,1.0052789393104309,0.6183880454568054,6156_8052
897,1,6037.070512820513,70.96196214519173,1.2016354128138933,0.017244107101417657,3.808907728075801,0.7953407896326853,0.2032428864208129,5994.687366167023,66.7292967296295,1.2234568409960342,0.018433982960898886,2.941958864505756,0.5825893190494751,0.19916728093082833,6156_8052
898,2,13746.157782515991,63.88593192962739,7.967542351161405,0.1403641136197843,10.37169011142139,3.688284880381024,0.31108351189772443,13746.066098081023,59.00826708748311,8.094205840970211,0.15141623615113609,8.641604385600168,3.5540943536345737,0.3636598667276382,6156_8052
899,3,18711.027718550107,71.29384887154127,1.4117615612992067,0.01994324078339506,4.826493145310421,1.132391680282797,0.23304284291128383,18583.081023454157,66.83033383402837,1.4289612155089113,0.02153863339922205,3.688245003005164,0.8643660166146017,0.23250362266852018,6156_8052
900,0,10231.206823027718,68.2700176594592,1.9779841814800314,0.029139344082915828,1.4724269552759013,0.9337807345824589,0.6364368748055985,7484.576086956522,66.4454851328801,2.461279080952727,0.03723996300905388,1.75360703448911,0.9866993698605379,0.5619159400210663,8074_8019
901,1,5118.301282051282,68.21216874857005,1.2125467576350963,0.017818199139587636,3.1764941997111444,0.6951549908343321,0.22071182736922929,4872.201312910284,65.44786273728884,1.1139574276397635,0.01706871780035599,4.594400229303976,0.6548660931220465,0.14624688242419506,8074_8019
902,2,10889.699360341152,66.42597662481208,2.2872126797325527,0.035496491769875876,6.316466095339147,1.1131248686020017,0.1714217017299945,7781.777292576419,66.3565599075212,1.394917018010254,0.021530816920203925,6.155706712185607,1.051107422512649,0.16887097031833212,8074_8019
903,3,15091.940298507463,68.36930411942326,1.4714499940719143,0.021649444825510473,3.835295248406869,0.8913815981276199,0.23158925737144037,13246.310869565217,65.53637173615667,1.474500832752044,0.022709904982941533,5.0123469911336285,0.773921875230346,0.15434170078617182,8074_8019
904,0,10206.784648187633,67.20669715898256,2.1605998345851285,0.03226331825599635,2.3444789970206585,1.3216651003458926,0.5606266681458607,10324.243315508022,72.05476355852302,2.022362839318376,0.028383138022552493,3.2670898267131316,1.943074712990225,0.5931576469082377,8060_6666
905,1,5124.58547008547,65.98870240602973,1.213612951076879,0.01841659965672704,4.621827178158957,0.9014531911736636,0.19632852166787607,5132.522788203753,71.74879950488783,1.2736319317108582,0.017784516714845166,6.796017792649776,1.3945993942023456,0.20649653527429077,8060_6666
906,2,10841.108742004264,56.071878239324846,9.901440020301038,0.18804998716061486,12.289376172660818,4.655446719928782,0.3632084374519638,10829.16577540107,63.511028447258596,5.49755201415189,0.08848178903720713,14.410249595629503,2.971724916725416,0.20510811578486796,8060_6666
907,3,15127.554371002132,66.2462443330798,1.6985663214845879,0.025841559042790813,5.520292257176636,1.2441875735565222,0.22314916459485615,15121.890374331551,71.52303916843064,1.9840555944358085,0.02797258326600351,8.07098929732568,1.8857011365218568,0.23309393479557944,8060_6666
908,0,10324.243315508022,72.05476355852302,2.022362839318376,0.028383138022552493,3.2670898267131316,1.943074712990225,0.5931576469082377,10231.206823027718,68.2700176594592,1.9779841814800314,0.029139344082915828,1.4724269552759013,0.9337807345824589,0.6364368748055985,6666_8074
909,1,5132.522788203753,71.74879950488783,1.2736319317108582,0.017784516714845166,6.796017792649776,1.3945993942023456,0.20649653527429077,5118.301282051282,68.21216874857005,1.2125467576350963,0.017818199139587636,3.1764941997111444,0.6951549908343321,0.22071182736922929,6666_8074
910,2,10829.16577540107,63.511028447258596,5.49755201415189,0.08848178903720713,14.410249595629503,2.971724916725416,0.20510811578486796,10889.699360341152,66.42597662481208,2.2872126797325527,0.035496491769875876,6.316466095339147,1.1131248686020017,0.1714217017299945,6666_8074
911,3,15121.890374331551,71.52303916843064,1.9840555944358085,0.02797258326600351,8.07098929732568,1.8857011365218568,0.23309393479557944,15091.940298507463,68.36930411942326,1.4714499940719143,0.021649444825510473,3.835295248406869,0.8913815981276199,0.23158925737144037,6666_8074
912,0,7484.576086956522,66.4454851328801,2.461279080952727,0.03723996300905388,1.75360703448911,0.9866993698605379,0.5619159400210663,7659.711538461538,69.3159282536343,2.8022563846269257,0.04065813083995313,1.4019212478328493,0.8036006596301142,0.5664451215658994,8019_6319
913,1,4872.201312910284,65.44786273728884,1.1139574276397635,0.01706871780035599,4.594400229303976,0.6548660931220465,0.14624688242419506,4848.43991416309,69.44641055097657,1.6235018061454816,0.02338396501239267,3.647850749685879,0.5918540124872171,0.16549711651407104,8019_6319
914,2,7781.777292576419,66.3565599075212,1.394917018010254,0.021530816920203925,6.155706712185607,1.051107422512649,0.16887097031833212,7746.912205567452,68.32936525307662,1.9161737799873166,0.02937438740613162,4.6056226000041995,0.8656819009158402,0.18092486019426,8019_6319
915,3,13246.310869565217,65.53637173615667,1.474500832752044,0.022709904982941533,5.0123469911336285,0.773921875230346,0.15434170078617182,13269.273504273504,68.21453057570072,1.730851286037741,0.02575337594004764,3.6137131356054737,0.661207496044734,0.17405973232722133,8019_6319
916,0,4926.334047109208,67.62622064355944,2.512950202886284,0.0372272699310269,0.7951206488302056,0.4919174139242419,0.6928397927567133,,,,,,,,6945_8095
917,1,3047.15367965368,67.45093492331483,1.7284995713894928,0.025652980580695827,1.9504674343574735,0.4689823078239591,0.2797109354073802,,,,,,,,6945_8095
918,2,4426.582251082251,67.34429601103612,2.0522464902907283,0.03337301472453499,2.2323524809659383,0.6191394650513947,0.2664835861810278,,,,,,,,6945_8095
919,3,8504.618843683083,67.45315816978047,1.8961352065816586,0.028911490948411247,1.9600244889319796,0.5801127368189235,0.272796818737128,,,,,,,,6945_8095
920,0,7659.711538461538,69.3159282536343,2.8022563846269257,0.04065813083995313,1.4019212478328493,0.8036006596301142,0.5664451215658994,4926.334047109208,67.62622064355944,2.512950202886284,0.0372272699310269,0.7951206488302056,0.4919174139242419,0.6928397927567133,6319_6945
921,1,4848.43991416309,69.44641055097657,1.6235018061454816,0.02338396501239267,3.647850749685879,0.5918540124872171,0.16549711651407104,3047.15367965368,67.45093492331483,1.7284995713894928,0.025652980580695827,1.9504674343574735,0.4689823078239591,0.2797109354073802,6319_6945
922,2,7746.912205567452,68.32936525307662,1.9161737799873166,0.02937438740613162,4.6056226000041995,0.8656819009158402,0.18092486019426,4426.582251082251,67.34429601103612,2.0522464902907283,0.03337301472453499,2.2323524809659383,0.6191394650513947,0.2664835861810278,6319_6945
923,3,13269.273504273504,68.21453057570072,1.730851286037741,0.02575337594004764,3.6137131356054737,0.661207496044734,0.17405973232722133,8504.618843683083,67.45315816978047,1.8961352065816586,0.028911490948411247,1.9600244889319796,0.5801127368189235,0.272796818737128,6319_6945
924,0,6166.836363636364,72.42934823421915,3.888657341361351,0.05672555299393399,1.9432964256633638,1.4165822072727894,0.6815721860878285,6343.594713656387,73.1309089390716,3.2482474048055456,0.0462674087717093,1.9495385927212499,1.2914612514163681,0.6505979246094284,8101_6488
925,1,4189.366972477064,72.80708420656809,1.688817980382197,0.023296372433556246,4.424510922733399,0.7778174002008761,0.17891746860917745,4248.815315315315,74.26380077460958,1.3658487229798295,0.018430101201867118,5.132996456689269,0.8576863082809746,0.17237595283361745,8101_6488
926,2,6537.651376146789,73.66524354072138,2.0236398052701343,0.02799285956934163,5.982161186022042,1.1606521613896477,0.18362963076040897,6542.398230088495,74.11292903575726,2.00457549574916,0.027917147755115647,6.895992190304504,1.3304346841516703,0.18714350654538284,8101_6488
927,3,11970.09090909091,72.55117489352878,2.2246190145705826,0.0329617125893449,5.437859550562471,1.1008864355471983,0.1874968962968717,12274.898230088496,73.71502521267496,2.0135314394472505,0.028383285646742345,6.087471557534842,1.1499877625990735,0.17814172748766183,8101_6488
928,0,,,,,,,,6166.836363636364,72.42934823421915,3.888657341361351,0.05672555299393399,1.9432964256633638,1.4165822072727894,0.6815721860878285,8095_8101
929,1,,,,,,,,4189.366972477064,72.80708420656809,1.688817980382197,0.023296372433556246,4.424510922733399,0.7778174002008761,0.17891746860917745,8095_8101
930,2,,,,,,,,6537.651376146789,73.66524354072138,2.0236398052701343,0.02799285956934163,5.982161186022042,1.1606521613896477,0.18362963076040897,8095_8101
931,3,,,,,,,,11970.09090909091,72.55117489352878,2.2246190145705826,0.0329617125893449,5.437859550562471,1.1008864355471983,0.1874968962968717,8095_8101
932,0,6400.302771855011,70.3810102881385,3.602477851270151,0.05290474599788314,1.5302724258781826,0.9755552172821415,0.6136553222697021,5781.969162995595,70.21283722192985,2.934230875180595,0.042508409048611376,1.1703127857300002,0.6917342864847841,0.678247139594153,8109_6321
933,1,4210.7360515021455,69.7324464916138,1.9869588535947573,0.028536819790918547,3.9248256937215493,0.6678847583177101,0.17448184565633978,3913.237777777778,71.22679438495227,1.7644019060388916,0.02481241617893589,3.1133632396959263,0.5695403235406448,0.1965588939386361,8109_6321
934,2,6609.119658119658,69.60819605353997,1.8590088878334188,0.029045748321311553,5.000374679965135,0.9915146192266935,0.18839611921458085,5782.938189845475,70.28760152022842,1.9023595744561659,0.028177993656495613,3.6750167954593116,0.7545229850747651,0.19453561124223492,8109_6321
935,3,12200.309168443497,69.01323268881518,2.1022482831666505,0.03212164644266974,4.510641911889007,0.8829052490745736,0.18439715935426523,11188.006607929516,69.17017498440391,2.0318680739413946,0.029558541715158707,3.213290434190876,0.6424484208875256,0.20362169369000543,8109_6321
936,0,6343.594713656387,73.1309089390716,3.2482474048055456,0.0462674087717093,1.9495385927212499,1.2914612514163681,0.6505979246094284,6400.302771855011,70.3810102881385,3.602477851270151,0.05290474599788314,1.5302724258781826,0.9755552172821415,0.6136553222697021,6488_8109
937,1,4248.815315315315,74.26380077460958,1.3658487229798295,0.018430101201867118,5.132996456689269,0.8576863082809746,0.17237595283361745,4210.7360515021455,69.7324464916138,1.9869588535947573,0.028536819790918547,3.9248256937215493,0.6678847583177101,0.17448184565633978,6488_8109
938,2,6542.398230088495,74.11292903575726,2.00457549574916,0.027917147755115647,6.895992190304504,1.3304346841516703,0.18714350654538284,6609.119658119658,69.60819605353997,1.8590088878334188,0.029045748321311553,5.000374679965135,0.9915146192266935,0.18839611921458085,6488_8109
939,3,12274.898230088496,73.71502521267496,2.0135314394472505,0.028383285646742345,6.087471557534842,1.1499877625990735,0.17814172748766183,12200.309168443497,69.01323268881518,2.1022482831666505,0.03212164644266974,4.510641911889007,0.8829052490745736,0.18439715935426523,6488_8109
940,0,5780.078828828829,68.92746755350943,2.6033492188786314,0.038486696446457656,1.1798829117305392,0.7676261290280458,0.617361614759706,5754.8742004264395,74.96104617644697,2.903936002362273,0.04014196719639216,1.59671560983141,1.0727648034054156,0.6504697113786093,7008_7061
941,1,3877.3844393592676,69.11696209737285,1.613406018143885,0.023470611594620557,3.2248952537435067,0.6070815976909545,0.18825342782726168,3757.886509635974,75.07096141839234,1.3168755308962448,0.01773193326094528,4.445160619676533,0.857659609752127,0.19451963040526457,7008_7061
942,2,5779.459090909091,69.28039117418554,1.6048491698388374,0.025771292191858065,4.006930501571053,0.8445335607608287,0.18986206413538279,5529.070512820513,75.91479978141801,1.828103107602494,0.025776225565032854,5.706109708400867,1.197113359858567,0.20038975740234283,7008_7061
943,3,11166.3,68.39967255629476,1.5518133735505455,0.02287358418143995,3.572437625531784,0.6924093179105182,0.18848078958057832,10711.944562899787,75.00569893651851,1.7812877542249825,0.024028954412904723,5.151261431442312,0.9623075364960398,0.18590105327200712,7008_7061
944,0,5781.969162995595,70.21283722192985,2.934230875180595,0.042508409048611376,1.1703127857300002,0.6917342864847841,0.678247139594153,5780.078828828829,68.92746755350943,2.6033492188786314,0.038486696446457656,1.1798829117305392,0.7676261290280458,0.617361614759706,6321_7008
945,1,3913.237777777778,71.22679438495227,1.7644019060388916,0.02481241617893589,3.1133632396959263,0.5695403235406448,0.1965588939386361,3877.3844393592676,69.11696209737285,1.613406018143885,0.023470611594620557,3.2248952537435067,0.6070815976909545,0.18825342782726168,6321_7008
946,2,5782.938189845475,70.28760152022842,1.9023595744561659,0.028177993656495613,3.6750167954593116,0.7545229850747651,0.19453561124223492,5779.459090909091,69.28039117418554,1.6048491698388374,0.025771292191858065,4.006930501571053,0.8445335607608287,0.18986206413538279,6321_7008
947,3,11188.006607929516,69.17017498440391,2.0318680739413946,0.029558541715158707,3.213290434190876,0.6424484208875256,0.20362169369000543,11166.3,68.39967255629476,1.5518133735505455,0.02287358418143995,3.572437625531784,0.6924093179105182,0.18848078958057832,6321_7008
948,0,5754.8742004264395,74.96104617644697,2.903936002362273,0.04014196719639216,1.59671560983141,1.0727648034054156,0.6504697113786093,5820.872844827586,70.42116410603839,3.1645217732409767,0.046378908153975364,1.1910304094136288,0.7482773905498781,0.6129506986706567,7061_8083
949,1,3757.886509635974,75.07096141839234,1.3168755308962448,0.01773193326094528,4.445160619676533,0.857659609752127,0.19451963040526457,3859.0195227765726,71.14780747572456,1.4144339184226706,0.019924508161327653,3.1430484289705696,0.6023017866772931,0.19624465654292897,7061_8083
950,2,5529.070512820513,75.91479978141801,1.828103107602494,0.025776225565032854,5.706109708400867,1.197113359858567,0.20038975740234283,5799.236323851203,71.86444859902252,1.615599167569872,0.022758648138923813,4.0719575047588785,0.7954495765797662,0.19608443669645842,7061_8083
951,3,10711.944562899787,75.00569893651851,1.7812877542249825,0.024028954412904723,5.151261431442312,0.9623075364960398,0.18590105327200712,11045.081896551725,70.96603215590613,1.6803223817424902,0.023804422655562766,3.6476878531479837,0.7002859278224192,0.19246681697660795,7061_8083
952,0,5820.872844827586,70.42116410603839,3.1645217732409767,0.046378908153975364,1.1910304094136288,0.7482773905498781,0.6129506986706567,5001.98933901919,74.81969921822848,3.1625323568635424,0.043531393546730156,1.4061656310476827,0.9445496266826716,0.6530848983863081,8083_6824
953,1,3859.0195227765726,71.14780747572456,1.4144339184226706,0.019924508161327653,3.1430484289705696,0.6023017866772931,0.19624465654292897,3476.4978632478633,76.1691817632309,1.2853048839609746,0.017027371240914576,4.010371235593858,0.7912368128986056,0.2057283654669413,8083_6824
954,2,5799.236323851203,71.86444859902252,1.615599167569872,0.022758648138923813,4.0719575047588785,0.7954495765797662,0.19608443669645842,4913.242489270387,77.60007851588819,1.6056700132987334,0.021896056084476062,4.820614951631588,0.9078127836406087,0.18522098314897456,8083_6824
955,3,11045.081896551725,70.96603215590613,1.6803223817424902,0.023804422655562766,3.6476878531479837,0.7002859278224192,0.19246681697660795,9889.518123667378,76.75398920375594,1.6998093979137017,0.022466230278951713,4.593959834121979,0.9607802505397555,0.20461028566152015,8083_6824
956,0,5787.087794432548,68.48099540011424,3.292226091455924,0.048913004291794335,2.026472070966115,1.6471391671064697,0.8054089442984554,6358.025751072962,67.80541330036951,3.0012624277514384,0.04706688612681193,1.488270462366613,1.1581191812687806,0.7743890519129162,6225_8114
957,1,8821.09677419355,66.7150375932313,3.2044140814497304,0.049092613863168856,12.077078968428264,3.417766747411907,0.2815111286870072,10040.792207792209,65.67645528124626,2.201967588027032,0.03517005271728112,7.747674983547677,1.9821480547231127,0.2566278521311374,6225_8114
958,2,7110.289079229122,67.39083942780866,2.231717444463421,0.0336264968493207,9.438074006567499,1.579373824861686,0.16645073000371757,7594.905376344086,66.55820808027559,1.9221525799242383,0.029608426994425948,6.113327971199425,1.0269505103742798,0.1681544878439847,6225_8114
959,3,14356.295503211992,68.13676216016133,1.8143909564158212,0.026773617820471465,8.43884486616172,1.5025010415998619,0.17857581745200357,15714.422746781116,66.76128556428596,1.666480002240776,0.025930419744184727,5.430258360159124,0.9988466876658861,0.18448085207959541,6225_8114
960,0,6358.025751072962,67.80541330036951,3.0012624277514384,0.04706688612681193,1.488270462366613,1.1581191812687806,0.7743890519129162,6717.660215053764,64.6360332685223,3.16903390080017,0.049665217995256916,1.0517740211670883,0.8238307111605104,0.7774134384682158,8114_8152
961,1,10040.792207792209,65.67645528124626,2.201967588027032,0.03517005271728112,7.747674983547677,1.9821480547231127,0.2566278521311374,10311.453362255965,65.39611917320045,1.7324786208086373,0.026677706922419754,5.899265181618648,1.5610925426317417,0.26362236395456695,8114_8152
962,2,7594.905376344086,66.55820808027559,1.9221525799242383,0.029608426994425948,6.113327971199425,1.0269505103742798,0.1681544878439847,8030.827213822894,65.46319165333394,1.4705481647272685,0.022674929156168134,4.602403019429444,0.7119572250890567,0.15466134725168781,8114_8152
963,3,15714.422746781116,66.76128556428596,1.666480002240776,0.025930419744184727,5.430258360159124,0.9988466876658861,0.18448085207959541,16364.64935064935,65.7834632980991,1.298399400687909,0.019864903672864653,4.1068436043708765,0.7112836627904884,0.17283277402557998,8114_8152
964,0,6373.9936034115135,69.32832929358108,2.9787756190237578,0.04339947580465338,0.9017338400365905,0.7441499921536362,0.8227381910996683,12264.927038626609,64.20917760909713,2.7886787420001538,0.04394191963194918,1.0312605422738708,0.9056593814514201,0.8791720439469123,8144_8146
965,1,10970.241452991453,69.99467314355893,2.712438080581827,0.04056754888188953,6.394364944204021,2.0880349293916187,0.3072519447168753,20360.53779697624,62.963675386034716,3.8558099317563506,0.06483741805970372,7.6525837635043485,2.924391598610189,0.35924916943737667,8144_8146
966,2,7468.4029850746265,70.72352230330587,1.4793025128980826,0.02112669261646371,4.012071846517108,0.6285717296511771,0.15846177998803812,13991.478540772532,65.45385327826804,1.6978528838058338,0.02635258186704698,4.689176297690187,0.7232922723895467,0.15650323215406722,8144_8146
967,3,16801.046908315566,70.50026162552906,1.2823948386467343,0.018284866120671768,4.136491672454469,0.7241251345578261,0.17554024201927695,31732.916309012875,65.31599760830781,1.3154908518413657,0.020292554327926912,4.762632242418477,0.8362429987368293,0.17517907625700846,8144_8146
968,0,6303.980686695279,65.58099208414946,3.291253953873851,0.050750313870335656,1.0165406422854546,0.845760359096766,0.8164141049168673,6453.402222222222,64.27491044298158,3.085241861772845,0.048666480056300046,0.895990408077131,0.6808534985712893,0.7630365150414745,8154_6302
969,1,11066.442764578833,64.96677387365249,1.5937243573738586,0.024737792689561028,6.800983007911498,1.998510959457437,0.29242348250215583,11009.00892857143,64.25039622406915,2.1192295150764546,0.03330102882542492,5.614454236429185,1.569252850371623,0.2764293249859414,8154_6302
970,2,7505.22030237581,65.37426458285145,1.3285085035215314,0.02042461806564637,4.3641379409617445,0.6822675553646417,0.1583255286548763,7587.248888888889,64.9728832455667,1.7156668748911317,0.02655769433254807,3.568733108923381,0.5953959282162303,0.1677197003026476,8154_6302
971,3,16956.45788336933,65.1463526673429,1.1900688306542484,0.018395019817968927,4.595695602924355,0.8327304641573514,0.18096870469462029,16948.84,64.50068012921021,1.5231165428926485,0.02370337951607929,3.6785363820713064,0.6773708634596816,0.18459918284431123,8154_6302
972,0,6717.660215053764,64.6360332685223,3.16903390080017,0.049665217995256916,1.0517740211670883,0.8238307111605104,0.7774134384682158,6303.980686695279,65.58099208414946,3.291253953873851,0.050750313870335656,1.0165406422854546,0.845760359096766,0.8164141049168673,8152_8154
973,1,10311.453362255965,65.39611917320045,1.7324786208086373,0.026677706922419754,5.899265181618648,1.5610925426317417,0.26362236395456695,11066.442764578833,64.96677387365249,1.5937243573738586,0.024737792689561028,6.800983007911498,1.998510959457437,0.29242348250215583,8152_8154
974,2,8030.827213822894,65.46319165333394,1.4705481647272685,0.022674929156168134,4.602403019429444,0.7119572250890567,0.15466134725168781,7505.22030237581,65.37426458285145,1.3285085035215314,0.02042461806564637,4.3641379409617445,0.6822675553646417,0.1583255286548763,8152_8154
975,3,16364.64935064935,65.7834632980991,1.298399400687909,0.019864903672864653,4.1068436043708765,0.7112836627904884,0.17283277402557998,16956.45788336933,65.1463526673429,1.1900688306542484,0.018395019817968927,4.595695602924355,0.8327304641573514,0.18096870469462029,8152_8154
976,0,12264.927038626609,64.20917760909713,2.7886787420001538,0.04394191963194918,1.0312605422738708,0.9056593814514201,0.8791720439469123,6719.696832579186,68.02593983830678,2.717827945529366,0.04037628224398164,0.8899354539453818,0.7747939016445087,0.8641520453539097,8146_6068
977,1,20360.53779697624,62.963675386034716,3.8558099317563506,0.06483741805970372,7.6525837635043485,2.924391598610189,0.35924916943737667,11752.179723502304,66.89306930785443,4.898615973401838,0.07881103395788451,7.095243507575263,3.218866525072387,0.4095674056091541,8146_6068
978,2,13991.478540772532,65.45385327826804,1.6978528838058338,0.02635258186704698,4.689176297690187,0.7232922723895467,0.15650323215406722,7800.126984126984,69.68061778763435,1.4943144888289162,0.02164092866209548,3.9775632845870224,0.6706302066740492,0.16892823286825348,8146_6068
979,3,31732.916309012875,65.31599760830781,1.3154908518413657,0.020292554327926912,4.762632242418477,0.8362429987368293,0.17517907625700846,17718.94130925508,69.5438435162724,1.2918784462911415,0.018691151031598928,4.120707505050612,0.8126883226077468,0.19437602583548225,8146_6068
980,0,6054.368308351178,66.70675809960186,2.995924114017886,0.04581825807764141,1.0070821524084943,0.8433046502247167,0.8152647151510231,6373.9936034115135,69.32832929358108,2.9787756190237578,0.04339947580465338,0.9017338400365905,0.7441499921536362,0.8227381910996683,6788_8144
981,1,10236.205183585313,66.60354782363183,2.1740970962685755,0.03374105741079783,6.3412713497701905,1.9135742145295802,0.29349584866098877,10970.241452991453,69.99467314355893,2.712438080581827,0.04056754888188953,6.394364944204021,2.0880349293916187,0.3072519447168753,6788_8144
982,2,6996.99357601713,67.07636274463356,1.383218069436307,0.020831737640136416,4.028530093797485,0.6277563306574275,0.1568354055361426,7468.4029850746265,70.72352230330587,1.4793025128980826,0.02112669261646371,4.012071846517108,0.6285717296511771,0.15846177998803812,6788_8144
983,3,15762.927194860813,66.83696710018629,1.267867837911643,0.019097315934820173,4.175558841220777,0.7316901856924936,0.17918325229371163,16801.046908315566,70.50026162552906,1.2823948386467343,0.018284866120671768,4.136491672454469,0.7241251345578261,0.17554024201927695,6788_8144
984,0,6453.402222222222,64.27491044298158,3.085241861772845,0.048666480056300046,0.895990408077131,0.6808534985712893,0.7630365150414745,6054.368308351178,66.70675809960186,2.995924114017886,0.04581825807764141,1.0070821524084943,0.8433046502247167,0.8152647151510231,6302_6788
985,1,11009.00892857143,64.25039622406915,2.1192295150764546,0.03330102882542492,5.614454236429185,1.569252850371623,0.2764293249859414,10236.205183585313,66.60354782363183,2.1740970962685755,0.03374105741079783,6.3412713497701905,1.9135742145295802,0.29349584866098877,6302_6788
986,2,7587.248888888889,64.9728832455667,1.7156668748911317,0.02655769433254807,3.568733108923381,0.5953959282162303,0.1677197003026476,6996.99357601713,67.07636274463356,1.383218069436307,0.020831737640136416,4.028530093797485,0.6277563306574275,0.1568354055361426,6302_6788
987,3,16948.84,64.50068012921021,1.5231165428926485,0.02370337951607929,3.6785363820713064,0.6773708634596816,0.18459918284431123,15762.927194860813,66.83696710018629,1.267867837911643,0.019097315934820173,4.175558841220777,0.7316901856924936,0.17918325229371163,6302_6788
988,0,6794.675965665236,65.79054512179742,2.6058367621572107,0.040198718231104755,1.1944632128188533,0.9605522373984949,0.7892517811027802,7294.37339055794,65.74724796192646,2.8360426287319584,0.04390449828936305,0.8932061444184671,0.7754091554148038,0.8573163007180837,8208_8205
989,1,11707.619870410366,64.25884898684755,5.264290161788391,0.08831768209304736,8.928694675733473,4.032952614212096,0.4116797169015141,11535.987012987012,61.22323088610293,7.860984821875318,0.14131681225637055,7.576914100313074,3.985209003100582,0.4738487909972791,8208_8205
990,2,7814.9635193133045,66.96253167194052,1.3384787243341145,0.020245846148903675,4.8900308608846395,0.7187231456439055,0.14872502942927732,8152.8197424892705,66.83472279487988,1.4500008506126023,0.021912404544993852,3.8450198450731454,0.5922757104021821,0.15574902125038181,8208_8205
991,3,17934.78540772532,66.92982121252822,1.1631371647077131,0.017530194871731082,5.048319381960245,0.8900619237416274,0.17570982572174712,17991.587982832618,66.54336093460398,1.2822949678021585,0.019428277054129788,3.8966471141721013,0.690596507917294,0.1746672220198339,8208_8205
992,0,7294.37339055794,65.74724796192646,2.8360426287319584,0.04390449828936305,0.8932061444184671,0.7754091554148038,0.8573163007180837,8225.356984478936,59.32431243268699,2.9155783891558897,0.050050210375516074,0.9859369145944591,0.8210418733799633,0.8052683114014463,8205_6294
993,1,11535.987012987012,61.22323088610293,7.860984821875318,0.14131681225637055,7.576914100313074,3.985209003100582,0.4738487909972791,12318.51230425056,54.7364146046397,6.724377638405611,0.13173218413235382,7.366949731459047,3.7413480955057596,0.4630557092041489,8205_6294
994,2,8152.8197424892705,66.83472279487988,1.4500008506126023,0.021912404544993852,3.8450198450731454,0.5922757104021821,0.15574902125038181,8878.416851441241,59.71691529172833,1.7222818156904984,0.02928500002913422,3.5866083712744774,0.6061658789544145,0.16512282413995175,8205_6294
995,3,17991.587982832618,66.54336093460398,1.2822949678021585,0.019428277054129788,3.8966471141721013,0.690596507917294,0.1746672220198339,19499.791574279378,59.46317349446154,1.5241314722764805,0.025843578566446125,3.6144128146802608,0.6485968354868832,0.17593310652522526,8205_6294
996,0,8225.356984478936,59.32431243268699,2.9155783891558897,0.050050210375516074,0.9859369145944591,0.8210418733799633,0.8052683114014463,8221.92750533049,61.50745707173986,2.7955118119786286,0.046419753582673945,1.2438131312201375,1.1041857010493983,0.8496352824540504,6294_5905
997,1,12318.51230425056,54.7364146046397,6.724377638405611,0.13173218413235382,7.366949731459047,3.7413480955057596,0.4630557092041489,12173.914346895075,53.013377520441225,11.689193035961686,0.24973267256727702,13.008026653241817,8.74035804112264,0.5995768658344244,6294_5905
998,2,8878.416851441241,59.71691529172833,1.7222818156904984,0.02928500002913422,3.5866083712744774,0.6061658789544145,0.16512282413995175,8883.786780383796,62.58501963262086,1.8774437951035725,0.0316987135965477,5.0814631163642945,1.045539466240376,0.17603601725845192,6294_5905
999,3,19499.791574279378,59.46317349446154,1.5241314722764805,0.025843578566446125,3.6144128146802608,0.6485968354868832,0.17593310652522526,19584.904051172707,62.49089738284848,1.6762298489972596,0.02717149779992058,4.988868381266526,1.0344459574602611,0.19586929741329162,6294_5905
1000,0,6719.696832579186,68.02593983830678,2.717827945529366,0.04037628224398164,0.8899354539453818,0.7747939016445087,0.8641520453539097,6794.675965665236,65.79054512179742,2.6058367621572107,0.040198718231104755,1.1944632128188533,0.9605522373984949,0.7892517811027802,6068_8208
1001,1,11752.179723502304,66.89306930785443,4.898615973401838,0.07881103395788451,7.095243507575263,3.218866525072387,0.4095674056091541,11707.619870410366,64.25884898684755,5.264290161788391,0.08831768209304736,8.928694675733473,4.032952614212096,0.4116797169015141,6068_8208
1002,2,7800.126984126984,69.68061778763435,1.4943144888289162,0.02164092866209548,3.9775632845870224,0.6706302066740492,0.16892823286825348,7814.9635193133045,66.96253167194052,1.3384787243341145,0.020245846148903675,4.8900308608846395,0.7187231456439055,0.14872502942927732,6068_8208
1003,3,17718.94130925508,69.5438435162724,1.2918784462911415,0.018691151031598928,4.120707505050612,0.8126883226077468,0.19437602583548225,17934.78540772532,66.92982121252822,1.1631371647077131,0.017530194871731082,5.048319381960245,0.8900619237416274,0.17570982572174712,6068_8208
1004,0,16455.08547008547,65.49276156519589,2.8453737242389585,0.04476475170569698,1.7522955981286037,1.5614840688099292,0.867600517353454,8717.289699570816,63.3804908107399,2.7459060942208597,0.0441013294503519,1.3745641028154676,1.1976879928614432,0.839891527203101,6014_8237
1005,1,23160.62017167382,53.25584619654813,14.386270755108187,0.3014662887528397,18.577871514431408,11.410179215149196,0.575130290350648,12692.813852813853,52.45969511263897,10.736198178213819,0.2195937219330693,11.782253473582276,6.206172715526653,0.496298113662253,6014_8237
1006,2,17733.852564102563,64.56117722150039,3.6039321166324307,0.0638704937105063,8.176716380722787,2.4822441626270573,0.23640043689478488,9600.505376344086,60.5318043006179,4.091968585779952,0.07673247754433778,6.404266437446436,2.2522730922100176,0.27064209789368865,6014_8237
1007,3,38594.67307692308,65.59274110194892,2.1723943419141687,0.03378166464022974,7.426136514297194,1.72541753273025,0.2199838250408077,20774.555793991418,61.8935140069176,2.0685327450576634,0.033897189848782545,5.439323782726963,1.1855655719621943,0.20804394060486553,6014_8237
1008,0,8221.92750533049,61.50745707173986,2.7955118119786286,0.046419753582673945,1.2438131312201375,1.1041857010493983,0.8496352824540504,16455.08547008547,65.49276156519589,2.8453737242389585,0.04476475170569698,1.7522955981286037,1.5614840688099292,0.867600517353454,5905_6014
1009,1,12173.914346895075,53.013377520441225,11.689193035961686,0.24973267256727702,13.008026653241817,8.74035804112264,0.5995768658344244,23160.62017167382,53.25584619654813,14.386270755108187,0.3014662887528397,18.577871514431408,11.410179215149196,0.575130290350648,5905_6014
1010,2,8883.786780383796,62.58501963262086,1.8774437951035725,0.0316987135965477,5.0814631163642945,1.045539466240376,0.17603601725845192,17733.852564102563,64.56117722150039,3.6039321166324307,0.0638704937105063,8.176716380722787,2.4822441626270573,0.23640043689478488,5905_6014
1011,3,19584.904051172707,62.49089738284848,1.6762298489972596,0.02717149779992058,4.988868381266526,1.0344459574602611,0.19586929741329162,38594.67307692308,65.59274110194892,2.1723943419141687,0.03378166464022974,7.426136514297194,1.72541753273025,0.2199838250408077,5905_6014
1012,0,5005.232258064516,60.342550436602714,4.398245420620661,0.0740663862242249,7.333279692918082,3.0556265992165392,0.5930618035436758,12430.18376068376,57.90592829624833,3.988340417370809,0.07069070682802502,1.964204855256794,1.6411989839266075,0.7867216791873862,8267_6679
1013,1,6303.508733624454,50.16526511837629,11.050930484864713,0.2312160653468332,12.842499805382998,4.776686374085027,0.41073882963766384,13666.908296943231,43.98515104230726,13.20956021244799,0.31722708159325513,13.317576114404366,7.359303447665626,0.5350819280071487,8267_6679
1014,2,6266.544468546637,35.83908185646222,13.665997828049756,0.4017128746943157,17.491391263157062,5.920048436110478,0.3521982271617061,15638.103896103896,32.07033793632258,12.336020093825937,0.40310442992401496,20.99602591466022,7.802847456993838,0.3844468155681723,8267_6679
1015,3,11155.088172043012,59.074752894383444,5.203093672551665,0.0899068379828162,9.830859429512325,3.4231778623236115,0.37827430378174554,26537.63440860215,55.96352410568917,6.118609588184563,0.11168629898867226,7.0453493930368545,3.282824507095827,0.45229788099496077,8267_6679
1016,0,9324.533049040512,60.775679985169226,3.2586896030119386,0.054197623124720366,1.646042195906978,1.3194333565859448,0.7842578172813292,5005.232258064516,60.342550436602714,4.398245420620661,0.0740663862242249,7.333279692918082,3.0556265992165392,0.5930618035436758,8248_8267
1017,1,11543.134615384615,48.542006538704534,11.33942772925411,0.24712753915600943,12.769296981603103,6.748233247773404,0.5050410243614001,6303.508733624454,50.16526511837629,11.050930484864713,0.2312160653468332,12.842499805382998,4.776686374085027,0.41073882963766384,8248_8267
1018,2,11567.113006396588,34.95528677969351,14.547046380365057,0.4503823791498675,21.07744532390214,9.425048599693293,0.4584992686835385,6266.544468546637,35.83908185646222,13.665997828049756,0.4017128746943157,17.491391263157062,5.920048436110478,0.3521982271617061,8248_8267
1019,3,22089.53091684435,58.00747169607319,4.291492820408677,0.0758319958501474,6.783400405724245,2.4447007005577173,0.34087888156589513,11155.088172043012,59.074752894383444,5.203093672551665,0.0899068379828162,9.830859429512325,3.4231778623236115,0.37827430378174554,8248_8267
1020,0,9032.434968017058,62.60883433969033,2.9361515490131973,0.04748934282719903,1.519647351782341,1.2662490291219846,0.8181636780144417,9324.533049040512,60.775679985169226,3.2586896030119386,0.054197623124720366,1.646042195906978,1.3194333565859448,0.7842578172813292,8242_8248
1021,1,12106.55364806867,51.45314922567237,10.894792258737763,0.2244770004674695,12.505787677483523,6.722063486102672,0.5104774833208906,11543.134615384615,48.542006538704534,11.33942772925411,0.24712753915600943,12.769296981603103,6.748233247773404,0.5050410243614001,8242_8248
1022,2,10278.904051172707,39.25698574020243,14.999170154928889,0.41561954741362156,18.997038760859418,9.323591514220208,0.5026292615793092,11567.113006396588,34.95528677969351,14.547046380365057,0.4503823791498675,21.07744532390214,9.425048599693293,0.4584992686835385,8242_8248
1023,3,21445.925373134327,60.60834188920535,3.522481634888783,0.05947637624627901,6.289747048708529,2.063780410502362,0.3076304328583602,22089.53091684435,58.00747169607319,4.291492820408677,0.0758319958501474,6.783400405724245,2.4447007005577173,0.34087888156589513,8242_8248
1024,0,8717.289699570816,63.3804908107399,2.7459060942208597,0.0441013294503519,1.3745641028154676,1.1976879928614432,0.839891527203101,8723.275109170305,66.22163665842523,2.8208454071902596,0.04344246798173649,1.8672235193245579,1.613774959561057,0.839301038323677,8237_6011
1025,1,12692.813852813853,52.45969511263897,10.736198178213819,0.2195937219330693,11.782253473582276,6.206172715526653,0.496298113662253,12802.628571428571,58.169791479972524,8.77902730455514,0.1598022505148567,13.970734967178629,5.784459796275489,0.39688680578684865,8237_6011
1026,2,9600.505376344086,60.5318043006179,4.091968585779952,0.07673247754433778,6.404266437446436,2.2522730922100176,0.27064209789368865,9649.17943107221,62.10287526533839,6.858934353281953,0.12894795151095026,9.935555431226929,4.084013518515942,0.33255506901927556,8237_6011
1027,3,20774.555793991418,61.8935140069176,2.0685327450576634,0.033897189848782545,5.439323782726963,1.1855655719621943,0.20804394060486553,20809.70588235294,65.84046391335708,2.2249062139130915,0.0343241843387381,7.73522995142291,1.5364711427608948,0.1930844730221966,8237_6011
1028,0,8760.284796573877,63.6099085961306,2.8573079116398166,0.04581206794450243,1.3982363372694357,1.2109760512968206,0.8355981128675617,9199.630901287554,60.521990460657655,2.860845446140738,0.04795725523854159,1.5217939556196187,1.2793919210971065,0.8180580984296549,8219_8213
1029,1,12781.572354211663,57.523911801646435,7.4864038126588,0.13777755704228156,9.861492225631697,4.546923613355729,0.42961291901821025,12502.132321041216,52.510266336901644,8.647545156829258,0.175447900032773,11.129909083194583,5.557778396635643,0.46381866239771036,8219_8213
1030,2,9692.811158798284,56.989818819269054,8.854330389741731,0.18060206984256508,8.979083451353699,5.288848276461597,0.4816028042667379,10666.18064516129,47.30042040107856,12.719080585237549,0.3102015820736574,13.703177398906426,8.108321464787675,0.5451666663061225,8219_8213
1031,3,20801.004282655245,62.665350560646786,2.0079831655296076,0.03252844762984919,5.545796314332246,1.2248144175166393,0.2107031590520327,21797.482832618025,59.17666207017838,2.4489811057029836,0.04217520030948602,6.261422410366697,1.5762955910498788,0.23969452711286876,8219_8213
1032,0,9199.630901287554,60.521990460657655,2.860845446140738,0.04795725523854159,1.5217939556196187,1.2793919210971065,0.8180580984296549,7861.944444444444,65.31937212399453,2.9794762318461103,0.04618132458415659,1.6111586354227831,1.2706795433664322,0.7741675626191151,8213_8169
1033,1,12502.132321041216,52.510266336901644,8.647545156829258,0.175447900032773,11.129909083194583,5.557778396635643,0.46381866239771036,10822.522580645162,56.88627426526848,9.96091457734269,0.18674336948150463,11.030830285228916,5.593211643887156,0.47119758028919545,8213_8169
1034,2,10666.18064516129,47.30042040107856,12.719080585237549,0.3102015820736574,13.703177398906426,8.108321464787675,0.5451666663061225,9199.845824411135,48.032210389297376,15.055460257664352,0.3526660887416282,15.073587935815349,8.59115859862526,0.5539066639429667,8213_8169
1035,3,21797.482832618025,59.17666207017838,2.4489811057029836,0.04217520030948602,6.261422410366697,1.5762955910498788,0.23969452711286876,18670.32051282051,64.39755228701445,3.0023343627423444,0.047558306802240886,6.098333959627223,1.6847124839319145,0.2614536592270029,8213_8169
1036,0,7861.944444444444,65.31937212399453,2.9794762318461103,0.04618132458415659,1.6111586354227831,1.2706795433664322,0.7741675626191151,9032.434968017058,62.60883433969033,2.9361515490131973,0.04748934282719903,1.519647351782341,1.2662490291219846,0.8181636780144417,8169_8242
1037,1,10822.522580645162,56.88627426526848,9.96091457734269,0.18674336948150463,11.030830285228916,5.593211643887156,0.47119758028919545,12106.55364806867,51.45314922567237,10.894792258737763,0.2244770004674695,12.505787677483523,6.722063486102672,0.5104774833208906,8169_8242
1038,2,9199.845824411135,48.032210389297376,15.055460257664352,0.3526660887416282,15.073587935815349,8.59115859862526,0.5539066639429667,10278.904051172707,39.25698574020243,14.999170154928889,0.41561954741362156,18.997038760859418,9.323591514220208,0.5026292615793092,8169_8242
1039,3,18670.32051282051,64.39755228701445,3.0023343627423444,0.047558306802240886,6.098333959627223,1.6847124839319145,0.2614536592270029,21445.925373134327,60.60834188920535,3.522481634888783,0.05947637624627901,6.289747048708529,2.063780410502362,0.3076304328583602,8169_8242
1040,0,8723.275109170305,66.22163665842523,2.8208454071902596,0.04344246798173649,1.8672235193245579,1.613774959561057,0.839301038323677,8760.284796573877,63.6099085961306,2.8573079116398166,0.04581206794450243,1.3982363372694357,1.2109760512968206,0.8355981128675617,6011_8219
1041,1,12802.628571428571,58.169791479972524,8.77902730455514,0.1598022505148567,13.970734967178629,5.784459796275489,0.39688680578684865,12781.572354211663,57.523911801646435,7.4864038126588,0.13777755704228156,9.861492225631697,4.546923613355729,0.42961291901821025,6011_8219
1042,2,9649.17943107221,62.10287526533839,6.858934353281953,0.12894795151095026,9.935555431226929,4.084013518515942,0.33255506901927556,9692.811158798284,56.989818819269054,8.854330389741731,0.18060206984256508,8.979083451353699,5.288848276461597,0.4816028042667379,6011_8219
1043,3,20809.70588235294,65.84046391335708,2.2249062139130915,0.0343241843387381,7.73522995142291,1.5364711427608948,0.1930844730221966,20801.004282655245,62.665350560646786,2.0079831655296076,0.03252844762984919,5.545796314332246,1.2248144175166393,0.2107031590520327,6011_8219
1044,0,8136.824786324786,63.06314961584302,3.5172545271015276,0.056800956397677675,0.9913321456560573,0.8729484589962195,0.852614501437073,18051.518123667378,64.26997243655433,2.2675128236523294,0.03605932356961568,1.736830568028306,1.3924325026762272,0.7890228058203665,8315_8311
1045,1,5699.884120171674,63.6957871894503,1.6161425764224588,0.02758694329853821,2.3921691089365544,0.6842010448335487,0.31295363819115507,11669.457081545064,64.28644863827334,1.226565288897004,0.021913936183548678,4.516229147974066,1.2413232337664175,0.27455672543961657,8315_8311
1046,2,9856.504273504273,62.31262491505734,2.2790777267907187,0.03831037635808359,4.217689915984988,0.982818509887075,0.2619814887705969,20953.490364025696,62.44580105064428,2.311614980532352,0.039034450027252525,8.156088202466103,1.6951369781635475,0.19721500900498415,8315_8311
1047,3,14428.294871794871,63.40865628810976,1.6865717976877992,0.027456661171728517,2.505995080772702,0.5798742528819807,0.2536488703790515,29819.67803837953,63.920124088166254,1.3232771959668694,0.021740370919573426,4.931455415494677,1.0680955424882086,0.21395516055196898,8315_8311
1048,0,18051.518123667378,64.26997243655433,2.2675128236523294,0.03605932356961568,1.736830568028306,1.3924325026762272,0.7890228058203665,17009.137634408602,66.05392767370772,1.9838986911870429,0.030262446931717764,2.003847829631847,1.560154205254773,0.7857736951207134,8311_6252
1049,1,11669.457081545064,64.28644863827334,1.226565288897004,0.021913936183548678,4.516229147974066,1.2413232337664175,0.27455672543961657,10365.287257019438,67.07677167652135,1.1251648390425837,0.01680688765048206,4.91680888252682,1.2550299848698565,0.2607249357811901,8311_6252
1050,2,20953.490364025696,62.44580105064428,2.311614980532352,0.039034450027252525,8.156088202466103,1.6951369781635475,0.19721500900498415,19527.187096774192,64.68916988493908,2.6845093348630003,0.0446311671071748,9.437065642911787,1.9273815664113576,0.1972132764198044,8311_6252
1051,3,29819.67803837953,63.920124088166254,1.3232771959668694,0.021740370919573426,4.931455415494677,1.0680955424882086,0.21395516055196898,26807.8688172043,67.03652611713281,1.2936688798465847,0.01943564657723612,5.505496624450495,1.2674007649261074,0.2315136751721812,8311_6252
1052,0,17080.087420042644,62.12411145386819,2.416186315139594,0.03967939455203257,2.290452659211013,1.6951242116337129,0.7317412781201225,28002.993548387098,63.51166270506743,2.2729471855779426,0.036627959586185456,1.9696866010508212,1.5608921431832978,0.7798694471071558,8307_8305
1053,1,11283.438709677419,61.81966433751599,1.5234451194432757,0.025839225392026488,5.771856006373658,1.4586816893661834,0.24979662029625802,18264.989130434784,63.20084512649967,1.488242961182085,0.025379597712793682,4.954536530227601,1.2982428826136458,0.25993472307075294,8307_8305
1054,2,18523.916666666668,60.01864516671081,1.5662507977589202,0.026888445167322812,9.441265442441717,1.4911494669099532,0.15617783064008697,30296.464362850973,61.70720213055138,1.8181333367538945,0.03039605029803947,7.957138801549782,1.2788227706787123,0.15782667973166423,8307_8305
1055,3,28440.95948827292,61.34054586259264,1.2170318677322098,0.02007909868794651,6.217430779565239,1.2478823552323834,0.20008846096746136,46094.2623655914,62.74288826740993,1.4709827036470315,0.023905131511662014,5.276957589151849,1.0904381450415088,0.202560453299249,8307_8305
1056,0,28002.993548387098,63.51166270506743,2.2729471855779426,0.036627959586185456,1.9696866010508212,1.5608921431832978,0.7798694471071558,8136.824786324786,63.06314961584302,3.5172545271015276,0.056800956397677675,0.9913321456560573,0.8729484589962195,0.852614501437073,8305_8315
1057,1,18264.989130434784,63.20084512649967,1.488242961182085,0.025379597712793682,4.954536530227601,1.2982428826136458,0.25993472307075294,5699.884120171674,63.6957871894503,1.6161425764224588,0.02758694329853821,2.3921691089365544,0.6842010448335487,0.31295363819115507,8305_8315
1058,2,30296.464362850973,61.70720213055138,1.8181333367538945,0.03039605029803947,7.957138801549782,1.2788227706787123,0.15782667973166423,9856.504273504273,62.31262491505734,2.2790777267907187,0.03831037635808359,4.217689915984988,0.982818509887075,0.2619814887705969,8305_8315
1059,3,46094.2623655914,62.74288826740993,1.4709827036470315,0.023905131511662014,5.276957589151849,1.0904381450415088,0.202560453299249,14428.294871794871,63.40865628810976,1.6865717976877992,0.027456661171728517,2.505995080772702,0.5798742528819807,0.2536488703790515,8305_8315
1060,0,12430.18376068376,57.90592829624833,3.988340417370809,0.07069070682802502,1.964204855256794,1.6411989839266075,0.7867216791873862,14889.839743589744,61.76976821814098,3.597725315990013,0.06012704968908263,4.095876082005204,3.0061679218532866,0.7257868710747291,6679_6276
1061,1,13666.908296943231,43.98515104230726,13.20956021244799,0.31722708159325513,13.317576114404366,7.359303447665626,0.5350819280071487,10494.0,59.9306423504924,2.697664475932214,0.04620633251629058,10.57689768050819,2.7952669836270636,0.26249898998008314,6679_6276
1062,2,15638.103896103896,32.07033793632258,12.336020093825937,0.40310442992401496,20.99602591466022,7.802847456993838,0.3844468155681723,14443.93376068376,57.17488365038815,2.617170486580748,0.047142898876564816,14.825048962514826,2.3197095581221117,0.15361271167469517,6679_6276
1063,3,26537.63440860215,55.96352410568917,6.118609588184563,0.11168629898867226,7.0453493930368545,3.282824507095827,0.45229788099496077,24502.88888888889,60.35862613580094,1.9723757577710432,0.03304367578562807,10.43961466973015,1.960693251255338,0.18676848380614267,6679_6276
1064,0,14889.839743589744,61.76976821814098,3.597725315990013,0.06012704968908263,4.095876082005204,3.0061679218532866,0.7257868710747291,17080.087420042644,62.12411145386819,2.416186315139594,0.03967939455203257,2.290452659211013,1.6951242116337129,0.7317412781201225,6276_8307
1065,1,10494.0,59.9306423504924,2.697664475932214,0.04620633251629058,10.57689768050819,2.7952669836270636,0.26249898998008314,11283.438709677419,61.81966433751599,1.5234451194432757,0.025839225392026488,5.771856006373658,1.4586816893661834,0.24979662029625802,6276_8307
1066,2,14443.93376068376,57.17488365038815,2.617170486580748,0.047142898876564816,14.825048962514826,2.3197095581221117,0.15361271167469517,18523.916666666668,60.01864516671081,1.5662507977589202,0.026888445167322812,9.441265442441717,1.4911494669099532,0.15617783064008697,6276_8307
1067,3,24502.88888888889,60.35862613580094,1.9723757577710432,0.03304367578562807,10.43961466973015,1.960693251255338,0.18676848380614267,28440.95948827292,61.34054586259264,1.2170318677322098,0.02007909868794651,6.217430779565239,1.2478823552323834,0.20008846096746136,6276_8307
1068,0,18165.394396551725,64.24063693438315,2.044758598477919,0.03190264643588307,1.559851851195112,1.2282443010244153,0.7931817020661156,16747.496801705758,63.03769361856152,2.0406395133209885,0.0324858730425376,1.2735300911330785,1.0221663034719994,0.8032507583813226,8355_8348
1069,1,11263.294759825327,64.11763242159522,1.384158457217152,0.021794598911723514,4.014919864320419,1.1535607330399438,0.28819869146979116,10471.337606837607,63.67319812803095,1.2580842548951443,0.01983087704587887,3.3081458421608856,0.9317663894197081,0.2846393010278379,8355_8348
1070,2,21818.409978308027,60.90633083949682,2.9503216982203457,0.051970817592550865,8.128696753723622,2.0089766434465246,0.22785182656238115,20466.006396588487,61.31619581549137,3.19115100465898,0.05602532916398964,6.844146432082706,1.7835568821302057,0.2384452129256894,8355_8348
1071,3,29261.207343412527,63.37059591589088,1.4829702077855726,0.023633978852226824,4.486941777728442,1.0829114300524605,0.23918945125088675,27021.899786780385,63.59853859320798,1.4280684847504344,0.02263710880401396,3.634385479006526,0.8934333628612172,0.244729030646645,8355_8348
1072,0,16747.496801705758,63.03769361856152,2.0406395133209885,0.0324858730425376,1.2735300911330785,1.0221663034719994,0.8032507583813226,,,,,,,,8348_7102
1073,1,10471.337606837607,63.67319812803095,1.2580842548951443,0.01983087704587887,3.3081458421608856,0.9317663894197081,0.2846393010278379,,,,,,,,8348_7102
1074,2,20466.006396588487,61.31619581549137,3.19115100465898,0.05602532916398964,6.844146432082706,1.7835568821302057,0.2384452129256894,,,,,,,,8348_7102
1075,3,27021.899786780385,63.59853859320798,1.4280684847504344,0.02263710880401396,3.634385479006526,0.8934333628612172,0.244729030646645,,,,,,,,8348_7102
1076,0,,,,,,,,13023.413646055436,61.91577034486667,2.3069173961381138,0.037557614062824034,1.4458950947198232,1.1212045410599767,0.7784615548005384,7102_6309
1077,1,,,,,,,,7646.987152034261,61.74602379785521,1.3265651558978606,0.021526689777879332,3.5468604545168634,1.0299435459870399,0.2925057937309649,7102_6309
1078,2,,,,,,,,15903.648187633262,58.90736272596827,2.8983217041122287,0.05203957544826983,6.8556068494077955,1.6764434819982987,0.22665916646709677,7102_6309
1079,3,,,,,,,,20408.79104477612,61.401768180748526,1.461114160493678,0.02390127753569577,3.7933557094398043,0.8688136106174311,0.2288743758184494,7102_6309
1080,0,13023.413646055436,61.91577034486667,2.3069173961381138,0.037557614062824034,1.4458950947198232,1.1212045410599767,0.7784615548005384,12479.542918454936,68.27630377764777,1.9106625891889712,0.028134846314449857,1.4547484787056948,1.1656770600883206,0.7518287039166972,6309_6301
1081,1,7646.987152034261,61.74602379785521,1.3265651558978606,0.021526689777879332,3.5468604545168634,1.0299435459870399,0.2925057937309649,7194.165217391304,67.65234320732527,1.2774110356345958,0.018969797196301826,3.6359471844185665,1.1750366871166325,0.29335957492280007,6309_6301
1082,2,15903.648187633262,58.90736272596827,2.8983217041122287,0.05203957544826983,6.8556068494077955,1.6764434819982987,0.22665916646709677,14344.308189655172,64.78092796938863,4.332150916676187,0.07477264888892794,7.804607045553013,2.567136312644591,0.2697505376146914,6309_6301
1083,3,20408.79104477612,61.401768180748526,1.461114160493678,0.02390127753569577,3.7933557094398043,0.8688136106174311,0.2288743758184494,18579.77467811159,67.65663592447807,1.5742562810200629,0.023425070252060715,4.092470451736389,1.1781375853533747,0.26183044725480625,6309_6301
1084,0,12479.542918454936,68.27630377764777,1.9106625891889712,0.028134846314449857,1.4547484787056948,1.1656770600883206,0.7518287039166972,14181.854700854701,71.77095359015968,2.141487984774492,0.03000960552557868,1.9274813102261859,1.6110930422350622,0.8295517939131456,6301_6218
1085,1,7194.165217391304,67.65234320732527,1.2774110356345958,0.018969797196301826,3.6359471844185665,1.1750366871166325,0.29335957492280007,8625.257510729614,71.67710175304303,1.3700100487747626,0.019288033915984104,4.8601710280397254,1.4609005664301324,0.3010038792191411,6301_6218
1086,2,14344.308189655172,64.78092796938863,4.332150916676187,0.07477264888892794,7.804607045553013,2.567136312644591,0.2697505376146914,18237.818376068375,66.07145995971719,5.91361482457683,0.09825328654558721,11.445843902104139,3.4031351214420527,0.2757472320729327,6301_6218
1087,3,18579.77467811159,67.65663592447807,1.5742562810200629,0.023425070252060715,4.092470451736389,1.1781375853533747,0.26183044725480625,22654.07905982906,71.50206767141931,1.7570998447659107,0.024743370449522777,5.466011729919993,1.4333193706394862,0.2616661238317967,6301_6218
1088,0,17009.137634408602,66.05392767370772,1.9838986911870429,0.030262446931717764,2.003847829631847,1.560154205254773,0.7857736951207134,17078.84434968017,66.04699239493497,2.0828170306206473,0.03174921955407017,1.8721341880338436,1.5091239010026176,0.811951692971164,6252_6227
1089,1,10365.287257019438,67.07677167652135,1.1251648390425837,0.01680688765048206,4.91680888252682,1.2550299848698565,0.2607249357811901,10436.32264957265,66.92422268439486,1.213524596101843,0.018628685985416397,4.81634814102066,1.3309153223687882,0.2760128548341025,6252_6227
1090,2,19527.187096774192,64.68916988493908,2.6845093348630003,0.0446311671071748,9.437065642911787,1.9273815664113576,0.1972132764198044,19707.73987206823,63.9602615890203,3.0027353747292693,0.05083163838684706,9.469941584911739,2.1438807901115395,0.2087868414272136,6252_6227
1091,3,26807.8688172043,67.03652611713281,1.2936688798465847,0.01943564657723612,5.505496624450495,1.2674007649261074,0.2315136751721812,27018.02985074627,66.65149403814085,1.4357011016488106,0.0217844887771116,5.335593455671957,1.2527919178229463,0.23434585902871632,6252_6227
1092,0,17078.84434968017,66.04699239493497,2.0828170306206473,0.03174921955407017,1.8721341880338436,1.5091239010026176,0.811951692971164,18165.394396551725,64.24063693438315,2.044758598477919,0.03190264643588307,1.559851851195112,1.2282443010244153,0.7931817020661156,6227_8355
1093,1,10436.32264957265,66.92422268439486,1.213524596101843,0.018628685985416397,4.81634814102066,1.3309153223687882,0.2760128548341025,11263.294759825327,64.11763242159522,1.384158457217152,0.021794598911723514,4.014919864320419,1.1535607330399438,0.28819869146979116,6227_8355
1094,2,19707.73987206823,63.9602615890203,3.0027353747292693,0.05083163838684706,9.469941584911739,2.1438807901115395,0.2087868414272136,21818.409978308027,60.90633083949682,2.9503216982203457,0.051970817592550865,8.128696753723622,2.0089766434465246,0.22785182656238115,6227_8355
1095,3,27018.02985074627,66.65149403814085,1.4357011016488106,0.0217844887771116,5.335593455671957,1.2527919178229463,0.23434585902871632,29261.207343412527,63.37059591589088,1.4829702077855726,0.023633978852226824,4.486941777728442,1.0829114300524605,0.23918945125088675,6227_8355
1096,0,15494.115879828327,65.85040529841856,1.9635574893973071,0.02985785802922722,1.3317030573096063,1.106951718335111,0.8378847105744706,12127.452025586354,67.8083207353812,2.147276917314959,0.032041995262664304,1.3274982883400885,1.1889300967071523,0.8758802438848329,8431_6232
1097,1,9545.987041036717,65.28568709671312,1.2857456238713765,0.01975205397905442,3.5081220434875178,1.1085115137835186,0.31554297998057695,11009.124197002142,66.50891164957521,3.411844265323496,0.05609469049431928,5.675935073722628,2.25492853897788,0.3503114936096816,8431_6232
1098,2,19587.56652360515,61.10242468402752,3.803276419389135,0.06569027251214773,7.778307541704041,2.0995480560042683,0.2506183641383234,14957.125799573561,61.535700118335164,7.1744670244793385,0.1326641981176567,9.217177312809467,3.891946736237787,0.3413887504446677,8431_6232
1099,3,24821.538626609443,64.72588097551616,1.4419186672938726,0.02240377753630016,3.897109264023124,1.0066397031564618,0.25811395058390174,22239.65884861407,67.92763633329861,1.458605881945858,0.021629933529481844,4.415349505007274,1.0286132254195248,0.23368676285517287,8431_6232
1100,0,11563.639130434784,66.88688234817084,2.138630620274942,0.03233469882989342,1.3653675642256877,1.1810899301855078,0.8498758481336909,12682.742729306488,65.11526086255452,2.5216079733295316,0.03911607431653832,1.5950251672951854,1.3716256774062132,0.8477404200261032,8412_7015
1101,1,12683.516411378556,64.03954060504849,4.880869034272933,0.08221081092554228,7.233604103887899,3.0579664659388994,0.3739170390572063,8760.519274376416,65.83411449602971,1.3216344034350296,0.020273407879060547,4.3054757113324,1.401492945515154,0.3205079601890062,8412_7015
1102,2,14256.867102396514,62.47327216070324,4.940596038931134,0.09093017721779802,8.213624450440326,2.7837053134570438,0.27231768453099986,16620.094594594593,55.71762030103181,9.397822659212297,0.17836224665153838,12.968982575730877,6.13947038862752,0.4382069441249673,8412_7015
1103,3,22861.31304347826,66.58065884905149,1.4608917620515625,0.022093562587865614,4.806810518128772,0.9638373765964506,0.20195213060523187,21166.959641255606,66.02865690468781,1.5067519336801338,0.022978101211820125,4.421702841693429,1.1789608984168336,0.2650376322032221,8412_7015
1104,0,13605.991416309012,65.4094915302589,1.9402832430247972,0.02971870903336823,1.5681828503744992,1.350592335047802,0.8707109637135602,11563.639130434784,66.88688234817084,2.138630620274942,0.03233469882989342,1.3653675642256877,1.1810899301855078,0.8498758481336909,8408_8412
1105,1,8541.380952380952,65.45009014822817,1.2551299539120424,0.019265825489332956,4.215622136822454,1.3849500474167535,0.3275870365487871,12683.516411378556,64.03954060504849,4.880869034272933,0.08221081092554228,7.233604103887899,3.0579664659388994,0.3739170390572063,8408_8412
1106,2,17628.487124463518,59.871325253158375,5.804524250232316,0.10496731736349861,10.168500992766576,3.514888692625317,0.3096566013814745,14256.867102396514,62.47327216070324,4.940596038931134,0.09093017721779802,8.213624450440326,2.7837053134570438,0.27231768453099986,8408_8412
1107,3,21953.587982832618,65.13785448511194,1.4727510348230035,0.02276065843083573,4.586066365918934,1.192641073733272,0.26057541568928544,22861.31304347826,66.58065884905149,1.4608917620515625,0.022093562587865614,4.806810518128772,0.9638373765964506,0.20195213060523187,8408_8412
1108,0,15518.948827292112,67.20313500778205,1.9999956299366044,0.029942778138575522,1.8010736599820734,1.476119618497882,0.815023260881729,15494.115879828327,65.85040529841856,1.9635574893973071,0.02985785802922722,1.3317030573096063,1.106951718335111,0.8378847105744706,6881_8431
1109,1,9627.504273504273,66.44465480475755,1.421483757912927,0.021501822089791567,4.6348422153042055,1.4254492214878922,0.30676184929516176,9545.987041036717,65.28568709671312,1.2857456238713765,0.01975205397905442,3.5081220434875178,1.1085115137835186,0.31554297998057695,6881_8431
1110,2,19662.80170575693,61.46502698632763,4.375183999450201,0.07512659321670652,10.189648699509638,2.6626903608183836,0.2483430801902167,19587.56652360515,61.10242468402752,3.803276419389135,0.06569027251214773,7.778307541704041,2.0995480560042683,0.2506183641383234,6881_8431
1111,3,24912.771855010662,66.0999852546727,1.6998239305299236,0.025901864037736526,5.1326877207535535,1.2999677539842267,0.2526744362251853,24821.538626609443,64.72588097551616,1.4419186672938726,0.02240377753630016,3.897109264023124,1.0066397031564618,0.25811395058390174,6881_8431
1112,0,14487.356076759062,68.25912978999864,2.020156654410377,0.02978249512349596,1.8604947410105057,1.6261293298580994,0.8662888944559984,15518.948827292112,67.20313500778205,1.9999956299366044,0.029942778138575522,1.8010736599820734,1.476119618497882,0.815023260881729,6235_6881
1113,1,8667.767094017094,67.88710881491876,1.3715253835355945,0.02038449625665095,4.75225278710005,1.4907102581268048,0.31419329762288306,9627.504273504273,66.44465480475755,1.421483757912927,0.021501822089791567,4.6348422153042055,1.4254492214878922,0.30676184929516176,6235_6881
1114,2,18358.737739872067,62.704268582529714,4.964970488367341,0.08535217074248017,11.31972225314462,3.172588432967792,0.2626317373323608,19662.80170575693,61.46502698632763,4.375183999450201,0.07512659321670652,10.189648699509638,2.6626903608183836,0.2483430801902167,6235_6881
1115,3,22836.84648187633,67.65707381153616,1.6977476100319098,0.025274494875023167,5.432889065632154,1.5330405888102052,0.2801847423223231,24912.771855010662,66.0999852546727,1.6998239305299236,0.025901864037736526,5.1326877207535535,1.2999677539842267,0.2526744362251853,6235_6881
1116,0,13605.991416309012,65.4094915302589,1.9402832430247972,0.02971870903336823,1.5681828503744992,1.350592335047802,0.8707109637135602,12127.452025586354,67.8083207353812,2.147276917314959,0.032041995262664304,1.3274982883400885,1.1889300967071523,0.8758802438848329,8408_6232
1117,1,8541.380952380952,65.45009014822817,1.2551299539120424,0.019265825489332956,4.215622136822454,1.3849500474167535,0.3275870365487871,11009.124197002142,66.50891164957521,3.411844265323496,0.05609469049431928,5.675935073722628,2.25492853897788,0.3503114936096816,8408_6232
1118,2,17628.487124463518,59.871325253158375,5.804524250232316,0.10496731736349861,10.168500992766576,3.514888692625317,0.3096566013814745,14957.125799573561,61.535700118335164,7.1744670244793385,0.1326641981176567,9.217177312809467,3.891946736237787,0.3413887504446677,8408_6232
1119,3,21953.587982832618,65.13785448511194,1.4727510348230035,0.02276065843083573,4.586066365918934,1.192641073733272,0.26057541568928544,22239.65884861407,67.92763633329861,1.458605881945858,0.021629933529481844,4.415349505007274,1.0286132254195248,0.23368676285517287,8408_6232
1120,0,14181.854700854701,71.77095359015968,2.141487984774492,0.03000960552557868,1.9274813102261859,1.6110930422350622,0.8295517939131456,14487.356076759062,68.25912978999864,2.020156654410377,0.02978249512349596,1.8604947410105057,1.6261293298580994,0.8662888944559984,6218_6235
1121,1,8625.257510729614,71.67710175304303,1.3700100487747626,0.019288033915984104,4.8601710280397254,1.4609005664301324,0.3010038792191411,8667.767094017094,67.88710881491876,1.3715253835355945,0.02038449625665095,4.75225278710005,1.4907102581268048,0.31419329762288306,6218_6235
1122,2,18237.818376068375,66.07145995971719,5.91361482457683,0.09825328654558721,11.445843902104139,3.4031351214420527,0.2757472320729327,18358.737739872067,62.704268582529714,4.964970488367341,0.08535217074248017,11.31972225314462,3.172588432967792,0.2626317373323608,6218_6235
1123,3,22654.07905982906,71.50206767141931,1.7570998447659107,0.024743370449522777,5.466011729919993,1.4333193706394862,0.2616661238317967,22836.84648187633,67.65707381153616,1.6977476100319098,0.025274494875023167,5.432889065632154,1.5330405888102052,0.2801847423223231,6218_6235
1124,0,5412.847682119205,56.363522654912025,5.650693984374766,0.10173744880250372,1.9086442771065455,1.7619876532174896,0.9071638352778228,7701.770491803279,64.73313610344817,3.251409679382574,0.05102264884054371,2.361964329750514,2.2249600490035744,0.9489477419197424,8033_8027
1125,1,3511.3370786516853,54.12575635931093,2.8461452669323806,0.05301183960866478,4.277037870624653,1.7073539764910652,0.3923528616039032,4996.016393442623,63.78756590757957,2.1290706830034614,0.03365880527681287,6.2089774600020515,2.4605093860666862,0.3954747429256165,8033_8027
1126,2,7058.501108647451,44.8403433356459,8.08016782337021,0.19286399262366619,12.572483938432283,5.7835050540717745,0.43084062514437044,8945.116666666667,50.20977950804339,10.597267561459477,0.22148277636492805,16.344587542087545,5.926833730980849,0.3530595940227935,8033_8027
1127,3,8545.42,53.135464217682866,2.380722390656624,0.0450515966701657,4.584659675224966,1.3262513448673268,0.28335801732218235,11535.868852459016,63.6091592855059,1.7735951612874,0.028037846056582508,6.301568616351988,1.5105541143233798,0.24012184663745426,8033_8027
1128,0,7701.770491803279,64.73313610344817,3.251409679382574,0.05102264884054371,2.361964329750514,2.2249600490035744,0.9489477419197424,6436.545842217484,63.9673786149668,4.465804809441712,0.07683441760426103,3.008971571085452,2.70774491141651,0.9060678507941636,8027_6269
1129,1,4996.016393442623,63.78756590757957,2.1290706830034614,0.03365880527681287,6.2089774600020515,2.4605093860666862,0.3954747429256165,4790.142241379311,63.88167514514492,2.9019524476042564,0.0490189436503743,7.904566873138,3.1099089512624873,0.398776252158452,8027_6269
1130,2,8945.116666666667,50.20977950804339,10.597267561459477,0.22148277636492805,16.344587542087545,5.926833730980849,0.3530595940227935,7687.687366167023,55.93862087945811,6.7371800871243925,0.1312865172334885,14.761004483851611,3.91377560981962,0.26241160782464545,8027_6269
1131,3,11535.868852459016,63.6091592855059,1.7735951612874,0.028037846056582508,6.301568616351988,1.5105541143233798,0.24012184663745426,10543.82905982906,63.89475755640254,2.6827101899391095,0.046351145721120146,7.7611358273431374,2.0835054545520943,0.2686334059612684,8027_6269
1132,0,6955.781584582441,63.439796035655014,3.1958506875220842,0.051282496618920016,2.1784800827583775,1.8177063538775193,0.8310847381789279,6985.600427350428,64.26533517051656,3.535233249960881,0.055771684593237544,1.6391857657620013,1.3022375356989222,0.79299901659516,8009_6303
1133,1,5218.473002159827,63.17004534555648,1.9166570398445837,0.030542718629975672,5.460852227980057,1.9605676415226925,0.35612780643325015,5158.574514038877,63.789333570547484,1.98945913404691,0.03127871294110677,4.51812796637157,1.59764997153329,0.35201429596744066,8009_6303
1134,2,8308.89224137931,59.12258576311952,3.7372834145218397,0.06594205178010057,9.57329634670189,2.201718854543473,0.2250171812373363,8209.506437768241,59.98695937658566,2.9761900610604384,0.05093879459943823,6.622354651384293,1.3238255533877374,0.19863774653273517,8009_6303
1135,3,11491.991434689508,63.1630279714303,1.8686752433764093,0.02988439793604687,5.26267708573156,1.2315597153904412,0.23553488816344262,11393.132762312634,63.433532964147226,1.9395881071215213,0.030755072396287036,4.0672264902700235,0.8769868458099636,0.21670360321533758,8009_6303
1136,0,12682.742729306488,65.11526086255452,2.5216079733295316,0.03911607431653832,1.5950251672951854,1.3716256774062132,0.8477404200261032,5412.847682119205,56.363522654912025,5.650693984374766,0.10173744880250372,1.9086442771065455,1.7619876532174896,0.9071638352778228,7015_8033
1137,1,8760.519274376416,65.83411449602971,1.3216344034350296,0.020273407879060547,4.3054757113324,1.401492945515154,0.3205079601890062,3511.3370786516853,54.12575635931093,2.8461452669323806,0.05301183960866478,4.277037870624653,1.7073539764910652,0.3923528616039032,7015_8033
1138,2,16620.094594594593,55.71762030103181,9.397822659212297,0.17836224665153838,12.968982575730877,6.13947038862752,0.4382069441249673,7058.501108647451,44.8403433356459,8.08016782337021,0.19286399262366619,12.572483938432283,5.7835050540717745,0.43084062514437044,7015_8033
1139,3,21166.959641255606,66.02865690468781,1.5067519336801338,0.022978101211820125,4.421702841693429,1.1789608984168336,0.2650376322032221,8545.42,53.135464217682866,2.380722390656624,0.0450515966701657,4.584659675224966,1.3262513448673268,0.28335801732218235,7015_8033
1140,0,6985.600427350428,64.26533517051656,3.535233249960881,0.055771684593237544,1.6391857657620013,1.3022375356989222,0.79299901659516,7476.678800856531,64.70149611402164,3.085563212721388,0.04839538858750143,1.5839418483937053,1.3479912401645362,0.8574157669696368,6303_6305
1141,1,5158.574514038877,63.789333570547484,1.98945913404691,0.03127871294110677,4.51812796637157,1.59764997153329,0.35201429596744066,7319.375809935205,63.66067694844174,2.699397492127227,0.04503513673635335,6.3193580979717305,2.224439329013712,0.349689587490757,6303_6305
1142,2,8209.506437768241,59.98695937658566,2.9761900610604384,0.05093879459943823,6.622354651384293,1.3238255533877374,0.19863774653273517,9153.754838709678,62.56606668229744,2.403115247148872,0.039614127533719026,7.568248336400727,1.5308233713528985,0.19908330820887993,6303_6305
1143,3,11393.132762312634,63.433532964147226,1.9395881071215213,0.030755072396287036,4.0672264902700235,0.8769868458099636,0.21670360321533758,13806.576344086021,64.65086392456801,1.7182970763350187,0.026749894236664937,4.918159118238606,0.9554666364848117,0.19617626976697838,6303_6305
1144,0,6436.545842217484,63.9673786149668,4.465804809441712,0.07683441760426103,3.008971571085452,2.70774491141651,0.9060678507941636,6955.781584582441,63.439796035655014,3.1958506875220842,0.051282496618920016,2.1784800827583775,1.8177063538775193,0.8310847381789279,6269_8009
1145,1,4790.142241379311,63.88167514514492,2.9019524476042564,0.0490189436503743,7.904566873138,3.1099089512624873,0.398776252158452,5218.473002159827,63.17004534555648,1.9166570398445837,0.030542718629975672,5.460852227980057,1.9605676415226925,0.35612780643325015,6269_8009
1146,2,7687.687366167023,55.93862087945811,6.7371800871243925,0.1312865172334885,14.761004483851611,3.91377560981962,0.26241160782464545,8308.89224137931,59.12258576311952,3.7372834145218397,0.06594205178010057,9.57329634670189,2.201718854543473,0.2250171812373363,6269_8009
1147,3,10543.82905982906,63.89475755640254,2.6827101899391095,0.046351145721120146,7.7611358273431374,2.0835054545520943,0.2686334059612684,11491.991434689508,63.1630279714303,1.8686752433764093,0.02988439793604687,5.26267708573156,1.2315597153904412,0.23553488816344262,6269_8009
1148,0,7209.959488272921,64.34795952268693,3.081440308643699,0.048481214530059574,1.473688697651841,1.3074386394994588,0.8933125667328043,6954.950643776824,66.10980300629359,3.5051135065215884,0.054027599905086474,1.758776017118481,1.554764932160097,0.8882399424229189,8077_8070
1149,1,5327.148387096774,64.51365781042028,1.5903124971852773,0.02475607270501171,4.360625609292213,1.694075032515879,0.38641176933571136,4967.933045356372,65.78292587000946,2.0672473179144273,0.031544008529698686,4.395189971903355,1.7107430220191342,0.38829922419144824,8077_8070
1150,2,8524.970085470086,61.99357232711241,2.8217206582297805,0.04853952760589839,7.339101694524358,1.536163262956372,0.1914148265643102,8593.922246220302,61.861408736458515,4.352066369019258,0.07572209050800856,7.962408757002349,2.069653859888143,0.2385393352303784,8077_8070
1151,3,11733.247863247863,64.941507359249,1.6791160722611687,0.026024640021742977,4.108991025410887,0.9436726663783863,0.2297482275798521,11451.405579399141,65.95698665389617,2.2370380921590978,0.034177441028578656,4.387103036105011,1.064498749034884,0.2426999056997842,8077_8070
1152,0,6954.950643776824,66.10980300629359,3.5051135065215884,0.054027599905086474,1.758776017118481,1.554764932160097,0.8882399424229189,30857.144827586206,64.00759712845205,3.6022875109440737,0.05682785279393854,2.263076249801935,2.3090910229768506,1.0230664857084908,8070_6690
1153,1,4967.933045356372,65.78292587000946,2.0672473179144273,0.031544008529698686,4.395189971903355,1.7107430220191342,0.38829922419144824,20943.465277777777,64.12346428594982,2.0339335459972614,0.03185001656306726,6.304130665502194,2.797815400494033,0.44433005494033995,8070_6690
1154,2,8593.922246220302,61.861408736458515,4.352066369019258,0.07572209050800856,7.962408757002349,2.069653859888143,0.2385393352303784,36372.375,57.876998617541126,4.189941082361421,0.07451150535126844,12.567442921902556,2.668300023516794,0.2110465877330011,8070_6690
1155,3,11451.405579399141,65.95698665389617,2.2370380921590978,0.034177441028578656,4.387103036105011,1.064498749034884,0.2426999056997842,48733.22068965517,63.8238238053819,2.0643452149018966,0.03251392317904201,6.535111089271681,1.6804053557189405,0.2557573264125301,8070_6690
1156,0,6170.266846361186,63.21723954410904,3.7123866759014295,0.059442182067203024,1.2452698874507315,1.203461981397146,0.9603108912930073,4050.561027837259,59.581035340531045,2.6750861989204284,0.044997526353456344,1.1917088156198918,1.0571684305385147,0.8934700303279286,8041_6970
1157,1,4726.172131147541,63.6620861676936,1.9891138257522996,0.03125818808211348,3.6976802529312818,1.5783580081683273,0.4282646105290426,3733.7727272727275,59.91021855937876,1.4050857775941954,0.023507534246776943,4.310603538217814,1.804693802240793,0.4202951918602391,8041_6970
1158,2,7731.127371273713,59.149823048230566,3.4097448526200753,0.058832931609030165,6.691581407508565,1.4452667429788724,0.2119057929040633,5141.8669527897,59.95007214021685,1.6707832966548553,0.02942481420420803,6.139025045478022,1.1789212242210538,0.18361906974782508,8041_6970
1159,3,10319.915760869566,63.20954491781565,2.0056680395062974,0.03183274259261441,3.6143001235249903,0.9655862752602056,0.2681073107659282,6954.524625267666,60.296773140278496,1.5223645256248515,0.025360790903733103,3.538578300369872,0.9325913376090219,0.2612448997023936,8041_6970
1160,0,30857.144827586206,64.00759712845205,3.6022875109440737,0.05682785279393854,2.263076249801935,2.3090910229768506,1.0230664857084908,6170.266846361186,63.21723954410904,3.7123866759014295,0.059442182067203024,1.2452698874507315,1.203461981397146,0.9603108912930073,6690_8041
1161,1,20943.465277777777,64.12346428594982,2.0339335459972614,0.03185001656306726,6.304130665502194,2.797815400494033,0.44433005494033995,4726.172131147541,63.6620861676936,1.9891138257522996,0.03125818808211348,3.6976802529312818,1.5783580081683273,0.4282646105290426,6690_8041
1162,2,36372.375,57.876998617541126,4.189941082361421,0.07451150535126844,12.567442921902556,2.668300023516794,0.2110465877330011,7731.127371273713,59.149823048230566,3.4097448526200753,0.058832931609030165,6.691581407508565,1.4452667429788724,0.2119057929040633,6690_8041
1163,3,48733.22068965517,63.8238238053819,2.0643452149018966,0.03251392317904201,6.535111089271681,1.6804053557189405,0.2557573264125301,10319.915760869566,63.20954491781565,2.0056680395062974,0.03183274259261441,3.6143001235249903,0.9655862752602056,0.2681073107659282,6690_8041
1164,0,7476.678800856531,64.70149611402164,3.085563212721388,0.04839538858750143,1.5839418483937053,1.3479912401645362,0.8574157669696368,7209.959488272921,64.34795952268693,3.081440308643699,0.048481214530059574,1.473688697651841,1.3074386394994588,0.8933125667328043,6305_8077
1165,1,7319.375809935205,63.66067694844174,2.699397492127227,0.04503513673635335,6.3193580979717305,2.224439329013712,0.349689587490757,5327.148387096774,64.51365781042028,1.5903124971852773,0.02475607270501171,4.360625609292213,1.694075032515879,0.38641176933571136,6305_8077
1166,2,9153.754838709678,62.56606668229744,2.403115247148872,0.039614127533719026,7.568248336400727,1.5308233713528985,0.19908330820887993,8524.970085470086,61.99357232711241,2.8217206582297805,0.04853952760589839,7.339101694524358,1.536163262956372,0.1914148265643102,6305_8077
1167,3,13806.576344086021,64.65086392456801,1.7182970763350187,0.026749894236664937,4.918159118238606,0.9554666364848117,0.19617626976697838,11733.247863247863,64.941507359249,1.6791160722611687,0.026024640021742977,4.108991025410887,0.9436726663783863,0.2297482275798521,6305_8077
1168,0,4050.561027837259,59.581035340531045,2.6750861989204284,0.044997526353456344,1.1917088156198918,1.0571684305385147,0.8934700303279286,4126.687366167023,60.24984464026409,3.1778641053824126,0.05293955773371229,0.5433862643863322,0.49877256529175973,0.9099296590445382,6970_8174
1169,1,3733.7727272727275,59.91021855937876,1.4050857775941954,0.023507534246776943,4.310603538217814,1.804693802240793,0.4202951918602391,3725.816414686825,62.13043372665623,1.6841440387014137,0.027245004427777712,1.8619825334387856,0.850640005704063,0.45424726653329106,6970_8174
1170,2,5141.8669527897,59.95007214021685,1.6707832966548553,0.02942481420420803,6.139025045478022,1.1789212242210538,0.18361906974782508,5150.432258064516,60.27992552386881,2.585240900128835,0.044305534066116564,3.010680092275838,1.1676741307953373,0.3469088916662411,6970_8174
1171,3,6954.524625267666,60.296773140278496,1.5223645256248515,0.025360790903733103,3.538578300369872,0.9325913376090219,0.2612448997023936,6968.062231759656,62.21067308166775,1.775767497564489,0.02864336697067686,1.4403767061445563,0.46193264724665967,0.3149520618358575,6970_8174
1172,0,3474.0085653104925,63.01080705811766,3.0873128179074696,0.04905545827590562,0.6424511481475103,0.5765874953327967,0.9182122274434548,3471.7516059957175,63.57142350543093,3.2414924787861326,0.05112796823562454,1.0824661298573262,0.934630803755687,0.8754160981190086,8178_6921
1173,1,4518.151515151515,64.00970851190668,1.4168813868734027,0.022458005710952418,3.205980809317987,0.6521847823541925,0.2014940255204004,4553.941558441558,66.30151696556477,1.685334555099777,0.027485186576368614,5.631599243942832,1.3279747354030385,0.2087195391053013,8178_6921
1174,2,4529.676724137931,63.63937271182658,1.5192401195251228,0.024057245126975747,3.267969831223968,0.8996461710949422,0.2741695447434976,4536.431330472103,65.34651765452344,1.5212597522002123,0.023629120734813578,5.47609395948913,1.5022506797628319,0.26862284494788014,8178_6921
1175,3,7065.984978540772,63.709741056906765,1.4692079695115785,0.023109269687771467,2.2151811667587027,0.5156841346555611,0.2327586319640742,7094.057815845825,65.51596617764086,1.530831193009152,0.023482464443064698,3.7657517339782687,0.8783465148810401,0.22847418336124278,8178_6921
1176,0,7773.82869379015,64.90257150242006,2.498639353468772,0.0393012828227362,1.076137346341995,0.9306792505843259,0.8575142572019505,7752.316916488223,64.5671904601967,2.489842793856058,0.039579602975085615,1.002269136885134,0.7872440709340451,0.7777781039842124,8150_8116
1177,1,6563.370689655172,65.4588209540534,1.0636661392109759,0.016305861571824794,3.734697562973091,0.9372999688290992,0.2530179249650853,6581.494600431965,64.84052130821246,1.2821388086555605,0.019881963670344716,3.083828389383189,0.6928319116696579,0.2252478090952442,8150_8116
1178,2,11561.038543897217,57.538975846046164,8.486370707122898,0.16392485038757962,8.854185860489043,4.156694289303554,0.41628552844196637,11507.338329764454,56.083939892729965,8.934431706125986,0.17415827009184306,8.091120368141018,4.166077300367884,0.46809209594092427,8150_8116
1179,3,15850.368308351177,65.13277671058054,1.3985753923019648,0.021700938684671944,3.8185762265272682,1.0091542123212698,0.2580096231588235,15888.27408993576,64.52274086107262,1.6373463854768426,0.02569705744060625,3.1882564179357726,0.8872179804306487,0.2644491837620136,8150_8116
1180,0,7752.316916488223,64.5671904601967,2.489842793856058,0.039579602975085615,1.002269136885134,0.7872440709340451,0.7777781039842124,6869.473233404711,69.84500226023947,2.9000458988529423,0.04217911335472332,2.122097499422069,1.8675818200145822,0.8718387917174599,8116_6273
1181,1,6581.494600431965,64.84052130821246,1.2821388086555605,0.019881963670344716,3.083828389383189,0.6928319116696579,0.2252478090952442,5777.752688172043,70.04678945508111,1.491125600053216,0.02139213390010896,7.1468416166068245,1.7583617863795267,0.24721037989906025,8116_6273
1182,2,11507.338329764454,56.083939892729965,8.934431706125986,0.17415827009184306,8.091120368141018,4.166077300367884,0.46809209594092427,9823.830835117773,56.73142499782846,11.175160276882218,0.21337320319436773,16.408862504673557,6.028468634285647,0.35486168749029695,8116_6273
1183,3,15888.27408993576,64.52274086107262,1.6373463854768426,0.02569705744060625,3.1882564179357726,0.8872179804306487,0.2644491837620136,13910.940042826553,69.676896814705,2.6161055794954655,0.038015144736343896,7.598935749506297,2.27100604757604,0.29232399620835625,8116_6273
1184,0,8035.2110874200425,66.9636138941426,2.572338837973926,0.03905536240122335,1.08876828314311,0.9212452453645503,0.831832824995648,7387.191897654584,65.53764323876436,2.7168343007334808,0.0424302557873823,1.2744386473523355,1.1101387647732956,0.8683459931449838,8210_8148
1185,1,5748.279914529914,68.44753488934936,1.2489274274559021,0.018285095884441396,3.0693379323646974,0.7243986949339891,0.23726439685501455,5600.217948717948,66.66664344676299,1.1794164446978406,0.017793162054448034,3.7290241591809843,0.9683432740351523,0.2577561986074406,8210_8148
1186,2,12517.462686567163,61.599522560906316,5.727455680604311,0.11585724403054816,8.478557313599579,3.231076291384345,0.32692550164076345,11550.02132196162,62.12279779454069,5.011616114284986,0.08809960186289686,8.759797427559272,2.9208714822003343,0.31496219368840656,8210_8148
1187,3,16447.97867803838,68.2530224774622,1.4987375685216622,0.022168578488331474,3.5735733990839234,1.0105642824275651,0.27676678723810005,15242.660980810235,66.51528260913463,1.4947698727607597,0.022844422167704274,4.3765555440429065,1.2716903721331472,0.28522731562497505,8210_8148
1188,0,7600.495689655172,65.8685923239329,2.969693940525197,0.045957746299291564,0.9708351620957028,0.7788809031635664,0.8063446589797695,7773.82869379015,64.90257150242006,2.498639353468772,0.0393012828227362,1.076137346341995,0.9306792505843259,0.8575142572019505,8156_8150
1189,1,5717.784782608695,66.53952546583888,1.4215737564416187,0.02141615663414775,2.783248256018819,0.6342193309707309,0.22818884289644123,6563.370689655172,65.4588209540534,1.0636661392109759,0.016305861571824794,3.734697562973091,0.9372999688290992,0.2530179249650853,8156_8150
1190,2,12166.639130434784,60.77822204377971,5.563778082603659,0.09774040749371868,6.530810938615673,2.4417999169552775,0.3450591771045696,11561.038543897217,57.538975846046164,8.486370707122898,0.16392485038757962,8.854185860489043,4.156694289303554,0.41628552844196637,8156_8150
1191,3,15700.182608695652,65.66500763600754,1.476566616720967,0.022692851459426462,3.1789446332574878,0.8665462476944553,0.2693658901363481,15850.368308351177,65.13277671058054,1.3985753923019648,0.021700938684671944,3.8185762265272682,1.0091542123212698,0.2580096231588235,8156_8150
1192,0,7387.191897654584,65.53764323876436,2.7168343007334808,0.0424302557873823,1.2744386473523355,1.1101387647732956,0.8683459931449838,7245.059957173447,64.30100411001602,3.177068099493357,0.05172074447233392,1.167333298286451,0.9607811169555751,0.8092169944554871,8148_6298
1193,1,5600.217948717948,66.66664344676299,1.1794164446978406,0.017793162054448034,3.7290241591809843,0.9683432740351523,0.2577561986074406,5451.5905172413795,65.31082720640647,1.4510066380777098,0.02236417348163749,3.1525328074639707,0.8035800912371267,0.2565497511572252,8148_6298
1194,2,11550.02132196162,62.12279779454069,5.011616114284986,0.08809960186289686,8.759797427559272,2.9208714822003343,0.31496219368840656,11462.254817987152,60.35234176119141,4.9750348271434754,0.08755377643294592,6.892790863159823,2.3028759502016567,0.3167115895475979,8148_6298
1195,3,15242.660980810235,66.51528260913463,1.4947698727607597,0.022844422167704274,4.3765555440429065,1.2716903721331472,0.28522731562497505,14881.83511777302,64.91748408451076,1.7405938209095082,0.027164941363653678,3.6164075114888417,0.9326212323427322,0.2547941330866186,8148_6298
1196,0,7628.3258426966295,66.85984688658665,3.0102032096954034,0.046153811372149224,1.3451139628189213,1.1414039968689051,0.8501243595790239,7600.495689655172,65.8685923239329,2.969693940525197,0.045957746299291564,0.9708351620957028,0.7788809031635664,0.8063446589797695,6300_8156
1197,1,5733.9819413092555,67.32361557922988,1.300829040212551,0.01945592682265694,3.776701422996463,0.981377993960139,0.25992995984668993,5717.784782608695,66.53952546583888,1.4215737564416187,0.02141615663414775,2.783248256018819,0.6342193309707309,0.22818884289644123,6300_8156
1198,2,12011.261261261261,61.33623890827255,5.690106071742945,0.09939025354463382,9.069576025054799,3.120761482865898,0.32704810411744295,12166.639130434784,60.77822204377971,5.563778082603659,0.09774040749371868,6.530810938615673,2.4417999169552775,0.3450591771045696,6300_8156
1199,3,15713.937078651685,66.71324676916664,1.513608900302668,0.0229707802244162,4.444055955929247,1.2155753944248033,0.26983093965418825,15700.182608695652,65.66500763600754,1.476566616720967,0.022692851459426462,3.1789446332574878,0.8665462476944553,0.2693658901363481,6300_8156
1200,0,7245.059957173447,64.30100411001602,3.177068099493357,0.05172074447233392,1.167333298286451,0.9607811169555751,0.8092169944554871,7628.3258426966295,66.85984688658665,3.0102032096954034,0.046153811372149224,1.3451139628189213,1.1414039968689051,0.8501243595790239,6298_6300
1201,1,5451.5905172413795,65.31082720640647,1.4510066380777098,0.02236417348163749,3.1525328074639707,0.8035800912371267,0.2565497511572252,5733.9819413092555,67.32361557922988,1.300829040212551,0.01945592682265694,3.776701422996463,0.981377993960139,0.25992995984668993,6298_6300
1202,2,11462.254817987152,60.35234176119141,4.9750348271434754,0.08755377643294592,6.892790863159823,2.3028759502016567,0.3167115895475979,12011.261261261261,61.33623890827255,5.690106071742945,0.09939025354463382,9.069576025054799,3.120761482865898,0.32704810411744295,6298_6300
1203,3,14881.83511777302,64.91748408451076,1.7405938209095082,0.027164941363653678,3.6164075114888417,0.9326212323427322,0.2547941330866186,15713.937078651685,66.71324676916664,1.513608900302668,0.0229707802244162,4.444055955929247,1.2155753944248033,0.26983093965418825,6298_6300
1204,0,8044.217204301075,64.50123132635667,2.5305384970402893,0.039835233254420996,1.333867675573956,1.1914800618261796,0.8872616340117471,7215.443207126948,68.01972384776374,2.6906034416278897,0.04017807128557377,1.0025089356335972,0.8751075064428256,0.8660704640379281,8203_6930
1205,1,5851.286334056399,64.40391799791547,1.1932534459268402,0.0185643150369643,3.844815070605757,1.0249523219238401,0.2679047564477185,5315.419501133787,69.75030026938848,1.3176017585653452,0.018943807902716554,3.056583607790004,0.7942928011426106,0.26167760267413076,8203_6930
1206,2,12794.163440860215,58.562080346751074,5.516581412845722,0.11491977715004793,10.302307682746065,3.7825820551191334,0.3193456943920458,10591.00224719101,63.14363631507625,6.299085375236668,0.1229462308018512,8.329945997109506,3.322060638043783,0.34243206925738634,8203_6930
1207,3,16569.649462365593,64.41450852414093,1.4106869959538268,0.02208453145211085,4.583699946180105,1.2527030111889097,0.27001303165552354,14275.754424778761,70.23680470131904,1.5276674675850055,0.02198034335098939,3.521932181624481,0.9907966361253151,0.27755382409541945,8203_6930
1208,0,8192.225321888413,64.99863479983905,2.5854522936813185,0.0403772813293962,1.0861986353613717,1.0105653868772286,0.9226401890152183,8044.217204301075,64.50123132635667,2.5305384970402893,0.039835233254420996,1.333867675573956,1.1914800618261796,0.8872616340117471,8201_8203
1209,1,6213.045454545455,66.217693502527,1.240080452993922,0.018798322114917193,3.3738446308072256,1.0286505996144828,0.30566367627665214,5851.286334056399,64.40391799791547,1.1932534459268402,0.0185643150369643,3.844815070605757,1.0249523219238401,0.2679047564477185,8201_8203
1210,2,12921.10729613734,61.305239275541204,5.426179880759872,0.10702801609495764,8.69440757859643,3.4170577717577624,0.33426325024031694,12794.163440860215,58.562080346751074,5.516581412845722,0.11491977715004793,10.302307682746065,3.7825820551191334,0.3193456943920458,8201_8203
1211,3,16955.44849785408,66.07861599987237,1.3920846514228182,0.021228760581649565,3.936409744324069,1.03301203907194,0.26095049014867,16569.649462365593,64.41450852414093,1.4106869959538268,0.02208453145211085,4.583699946180105,1.2527030111889097,0.27001303165552354,8201_8203
1212,0,8927.34273318872,63.86673222425653,2.7054091824659983,0.042713656427675405,1.0428221149338546,0.8468599353176113,0.814632770275262,8192.225321888413,64.99863479983905,2.5854522936813185,0.0403772813293962,1.0861986353613717,1.0105653868772286,0.9226401890152183,6994_8201
1213,1,6716.206593406593,63.55795828756883,1.3331951289258939,0.021015519540181587,3.0311264351902625,0.8755361313871817,0.28972994104132394,6213.045454545455,66.217693502527,1.240080452993922,0.018798322114917193,3.3738446308072256,1.0286505996144828,0.30566367627665214,6994_8201
1214,2,13574.208242950108,59.83688889605474,3.636693500878104,0.06622560661823412,6.421080212805775,2.258561744002837,0.30543536260643345,12921.10729613734,61.305239275541204,5.426179880759872,0.10702801609495764,8.69440757859643,3.4170577717577624,0.33426325024031694,6994_8201
1215,3,18210.767895878525,63.03568057735922,1.416038423115845,0.022579226298102717,3.3835641897144146,0.771362516316434,0.22665048067575835,16955.44849785408,66.07861599987237,1.3920846514228182,0.021228760581649565,3.936409744324069,1.03301203907194,0.26095049014867,6994_8201
1216,0,7215.443207126948,68.01972384776374,2.6906034416278897,0.04017807128557377,1.0025089356335972,0.8751075064428256,0.8660704640379281,8035.2110874200425,66.9636138941426,2.572338837973926,0.03905536240122335,1.08876828314311,0.9212452453645503,0.831832824995648,6930_8210
1217,1,5315.419501133787,69.75030026938848,1.3176017585653452,0.018943807902716554,3.056583607790004,0.7942928011426106,0.26167760267413076,5748.279914529914,68.44753488934936,1.2489274274559021,0.018285095884441396,3.0693379323646974,0.7243986949339891,0.23726439685501455,6930_8210
1218,2,10591.00224719101,63.14363631507625,6.299085375236668,0.1229462308018512,8.329945997109506,3.322060638043783,0.34243206925738634,12517.462686567163,61.599522560906316,5.727455680604311,0.11585724403054816,8.478557313599579,3.231076291384345,0.32692550164076345,6930_8210
1219,3,14275.754424778761,70.23680470131904,1.5276674675850055,0.02198034335098939,3.521932181624481,0.9907966361253151,0.27755382409541945,16447.97867803838,68.2530224774622,1.4987375685216622,0.022168578488331474,3.5735733990839234,1.0105642824275651,0.27676678723810005,6930_8210
1220,0,8939.588486140725,64.38837323763607,2.7771753988078944,0.04401566365683807,1.161785602796264,0.9938941494362373,0.8482787982770439,8927.34273318872,63.86673222425653,2.7054091824659983,0.042713656427675405,1.0428221149338546,0.8468599353176113,0.814632770275262,6489_6994
1221,1,6721.518201284796,65.71419450867569,1.2135694036704154,0.018500611988219284,3.254364955099411,0.9276311483835955,0.28532404342771606,6716.206593406593,63.55795828756883,1.3331951289258939,0.021015519540181587,3.0311264351902625,0.8755361313871817,0.28972994104132394,6489_6994
1222,2,13532.968017057568,62.24523499884415,3.49879457170129,0.059852149215346886,7.109574983339623,2.2234790666790176,0.2931933348107342,13574.208242950108,59.83688889605474,3.636693500878104,0.06622560661823412,6.421080212805775,2.258561744002837,0.30543536260643345,6489_6994
1223,3,18270.735607675906,65.19563422513224,1.351824518741539,0.02086630488672947,3.7983858545859968,0.9512228883842566,0.2486516411170842,18210.767895878525,63.03568057735922,1.416038423115845,0.022579226298102717,3.3835641897144146,0.771362516316434,0.22665048067575835,6489_6994
1224,0,8916.311158798284,66.2450626916125,2.593349636141229,0.03991425145060072,1.727304711349516,1.5358274905964164,0.8864892376195171,8939.588486140725,64.38837323763607,2.7771753988078944,0.04401566365683807,1.161785602796264,0.9938941494362373,0.8482787982770439,5934_6489
1225,1,6763.418103448276,67.4686359163879,1.3141280331284968,0.019565953173617763,5.256248424605328,1.510147186551391,0.28763745532456286,6721.518201284796,65.71419450867569,1.2135694036704154,0.018500611988219284,3.254364955099411,0.9276311483835955,0.28532404342771606,5934_6489
1226,2,13626.023605150214,63.23623344104986,4.1267187937771785,0.06927209387241733,11.459679118756073,3.453893377041748,0.2887280697137204,13532.968017057568,62.24523499884415,3.49879457170129,0.059852149215346886,7.109574983339623,2.2234790666790176,0.2931933348107342,5934_6489
1227,3,18354.28540772532,67.21796855701514,1.4893916049355598,0.022321625844954857,6.156059165027021,1.5801091642297953,0.25557950376770194,18270.735607675906,65.19563422513224,1.351824518741539,0.02086630488672947,3.7983858545859968,0.9512228883842566,0.2486516411170842,5934_6489
1228,0,7943.140086206897,60.82272024561681,2.7008125311278635,0.04477044700745215,1.540036803242211,1.433466022365705,0.8836487327075802,8252.385927505331,60.79990389589883,2.449620512018024,0.040596920360877004,1.6741986860105738,1.4306712740964729,0.8552200742288539,8254_8252
1229,1,6954.3,61.17165374166938,1.9734296869187806,0.03277421782067025,5.030722623061381,1.4296594471085418,0.2703813325159258,7745.457081545064,61.93309905477192,1.4628578365272467,0.023780725958327822,6.187165671639354,1.655271521785537,0.2671420454784861,8254_8252
1230,2,9908.864224137931,58.40154141369991,3.2641829713690247,0.059960914580950264,7.784902681726139,2.302918178627611,0.2694106163702729,11637.202558635394,58.79760029534472,3.234863457430623,0.05971325635653402,10.04782364971111,2.819539745857696,0.2664725240271612,8254_8252
1231,3,16420.935344827587,60.840282971842264,2.1474158581491927,0.03605776470629608,5.462158156809209,1.6399229619342586,0.27324549489291045,17888.349680170577,61.51890642159864,1.727292823845513,0.028819520583000052,6.363426451701226,1.5836795428461934,0.24039755848199884,8254_8252
1232,0,8252.385927505331,60.79990389589883,2.449620512018024,0.040596920360877004,1.6741986860105738,1.4306712740964729,0.8552200742288539,9198.063965884861,62.302002046674765,2.793012030822055,0.045445108951267424,1.7038274929246828,1.3780625597345075,0.8020411070154201,8252_8244
1233,1,7745.457081545064,61.93309905477192,1.4628578365272467,0.023780725958327822,6.187165671639354,1.655271521785537,0.2671420454784861,8205.535331905781,61.629238707549,2.1019058610686345,0.034315965615433916,5.805168186852182,1.531603763718051,0.26215477413790006,8252_8244
1234,2,11637.202558635394,58.79760029534472,3.234863457430623,0.05971325635653402,10.04782364971111,2.819539745857696,0.2664725240271612,13225.02132196162,57.55610617620027,3.6302514087554854,0.06584846370269203,9.270491762510463,2.461713852410306,0.25563568050895397,8252_8244
1235,3,17888.349680170577,61.51890642159864,1.727292823845513,0.028819520583000052,6.363426451701226,1.5836795428461934,0.24039755848199884,19674.43710021322,61.06544810289849,2.2093876811712505,0.03642236397539943,5.997302932748686,1.2786043872955832,0.21072771986226418,8252_8244
1236,0,9198.063965884861,62.302002046674765,2.793012030822055,0.045445108951267424,1.7038274929246828,1.3780625597345075,0.8020411070154201,9265.993548387096,60.24607546443223,2.455239207292189,0.04122762578351144,1.5008645304821266,1.2916237797147225,0.8501483357230369,8244_8217
1237,1,8205.535331905781,61.629238707549,2.1019058610686345,0.034315965615433916,5.805168186852182,1.531603763718051,0.26215477413790006,8206.102173913043,60.16111983199927,1.37227519262681,0.023130668631090968,5.241960828847,1.527840543041956,0.2871038805354538,8244_8217
1238,2,13225.02132196162,57.55610617620027,3.6302514087554854,0.06584846370269203,9.270491762510463,2.461713852410306,0.25563568050895397,13133.943965517241,57.08361856530249,3.2097869068619547,0.05912209993227709,8.855303131430388,2.6014400177420463,0.2810308220487933,8244_8217
1239,3,19674.43710021322,61.06544810289849,2.2093876811712505,0.03642236397539943,5.997302932748686,1.2786043872955832,0.21072771986226418,19573.696774193548,59.49905413072526,1.5261097637469105,0.025863562801920193,5.465977455607244,1.292487436954942,0.23230296945775297,8244_8217
1240,0,8862.618181818181,64.93163774227574,2.384503569758788,0.03738446632524031,1.4942781511739838,1.181306043973638,0.8218507263415078,8916.311158798284,66.2450626916125,2.593349636141229,0.03991425145060072,1.727304711349516,1.5358274905964164,0.8864892376195171,8239_5934
1241,1,7528.8493150684935,65.28369485003829,1.3055096321031672,0.0204900562076463,4.343120152086859,1.2172583052984982,0.2771616330457641,6763.418103448276,67.4686359163879,1.3141280331284968,0.019565953173617763,5.256248424605328,1.510147186551391,0.28763745532456286,8239_5934
1242,2,13309.929742388758,61.73509051476863,3.80948558041395,0.06576101854049554,8.379990146586982,2.5166183125377293,0.2777776845772978,13626.023605150214,63.23623344104986,4.1267187937771785,0.06927209387241733,11.459679118756073,3.453893377041748,0.2887280697137204,8239_5934
1243,3,18217.897091722596,64.90909071511908,1.4530269536365719,0.022563292522102898,4.804411975372895,1.118071075736568,0.23106617204986435,18354.28540772532,67.21796855701514,1.4893916049355598,0.022321625844954857,6.156059165027021,1.5801091642297953,0.25557950376770194,8239_5934
1244,0,9265.993548387096,60.24607546443223,2.455239207292189,0.04122762578351144,1.5008645304821266,1.2916237797147225,0.8501483357230369,9408.963440860214,62.140664254804065,2.8778362560927584,0.04684849681362776,1.6170650613909265,1.326398919730902,0.8171955777055644,8217_8215
1245,1,8206.102173913043,60.16111983199927,1.37227519262681,0.023130668631090968,5.241960828847,1.527840543041956,0.2871038805354538,7663.445887445888,61.438491005891535,1.5319395703606253,0.025333705538216705,5.149103366971175,1.4146554928194448,0.27138561554443386,8217_8215
1246,2,13133.943965517241,57.08361856530249,3.2097869068619547,0.05912209993227709,8.855303131430388,2.6014400177420463,0.2810308220487933,14204.976293103447,58.952790463654814,3.6510912495366044,0.0663857719131356,9.936463291996454,3.0239341120916854,0.2875493818302654,8217_8215
1247,3,19573.696774193548,59.49905413072526,1.5261097637469105,0.025863562801920193,5.465977455607244,1.292487436954942,0.23230296945775297,19748.675268817206,61.360929595137726,1.4342077850140296,0.023573934778126575,5.685303361879584,1.4126295532478224,0.2458256099854976,8217_8215
1248,0,9408.963440860214,62.140664254804065,2.8778362560927584,0.04684849681362776,1.6170650613909265,1.326398919730902,0.8171955777055644,9439.760348583877,64.4928741833425,2.5114469828904493,0.0396575502489899,1.6158092133144017,1.3857402514656756,0.8455051678552906,8215_6440
1249,1,7663.445887445888,61.438491005891535,1.5319395703606253,0.025333705538216705,5.149103366971175,1.4146554928194448,0.27138561554443386,7619.408791208792,64.46423583022366,1.375710747543476,0.021826781446033935,4.78651030484898,1.371201887659383,0.2828597687128297,8215_6440
1250,2,14204.976293103447,58.952790463654814,3.6510912495366044,0.0663857719131356,9.936463291996454,3.0239341120916854,0.2875493818302654,14074.38779956427,60.64965440785283,4.48418165645844,0.07918512773726095,9.779499679067714,3.187395970792432,0.30460977559770747,8215_6440
1251,3,19748.675268817206,61.360929595137726,1.4342077850140296,0.023573934778126575,5.685303361879584,1.4126295532478224,0.2458256099854976,19595.662309368192,64.13443258822032,1.5667346788838625,0.024652973309223215,5.398976560849953,1.3341825047950153,0.24421420356746823,8215_6440
1252,0,9439.760348583877,64.4928741833425,2.5114469828904493,0.0396575502489899,1.6158092133144017,1.3857402514656756,0.8455051678552906,8862.618181818181,64.93163774227574,2.384503569758788,0.03738446632524031,1.4942781511739838,1.181306043973638,0.8218507263415078,6440_8239
1253,1,7619.408791208792,64.46423583022366,1.375710747543476,0.021826781446033935,4.78651030484898,1.371201887659383,0.2828597687128297,7528.8493150684935,65.28369485003829,1.3055096321031672,0.0204900562076463,4.343120152086859,1.2172583052984982,0.2771616330457641,6440_8239
1254,2,14074.38779956427,60.64965440785283,4.48418165645844,0.07918512773726095,9.779499679067714,3.187395970792432,0.30460977559770747,13309.929742388758,61.73509051476863,3.80948558041395,0.06576101854049554,8.379990146586982,2.5166183125377293,0.2777776845772978,6440_8239
1255,3,19595.662309368192,64.13443258822032,1.5667346788838625,0.024652973309223215,5.398976560849953,1.3341825047950153,0.24421420356746823,18217.897091722596,64.90909071511908,1.4530269536365719,0.022563292522102898,4.804411975372895,1.118071075736568,0.23106617204986435,6440_8239
1256,0,16287.565031982942,62.62277544242793,2.7153115863172004,0.043951791186535444,2.0014699398498186,1.5051629497830887,0.7501972196398652,16288.850746268658,63.973852098532355,2.62685799200988,0.04163938636370016,1.8740993780648905,1.3526724379479889,0.7122425715739549,8318_8309
1257,1,20256.17094017094,52.92808253066693,8.23178949065661,0.1629803366142939,13.230611383568366,4.781942928899207,0.34637014280975853,20403.74358974359,53.506468069073456,9.81160306801362,0.19367377226593854,12.713642310407929,5.807459824273114,0.4301776191672344,8318_8309
1258,2,16194.346153846154,60.169765468369555,2.835148130488527,0.05246036455596826,8.393197723085237,1.7886366986049025,0.18954400100127541,16258.41791044776,61.16570393688443,3.187921375224473,0.05708348590387267,7.240090769151413,1.7719090836104407,0.2101934517490304,8318_8309
1259,3,33887.147121535185,61.24766391293284,2.4481912277677966,0.04083807121631706,7.366620587101889,1.493327684716103,0.1927740062334374,34031.82729211087,62.5034904067499,2.6192524223246827,0.04278741230594332,6.284837070487982,1.4480501534701162,0.21569856080069497,8318_8309
1260,0,15203.071274298056,63.98729363463694,2.832516931483201,0.04498295721084878,1.6949307116181296,1.2822032493375262,0.7429806240724799,12691.63539445629,63.44925365646128,2.819351044494317,0.0450717224601059,2.3330965640559858,1.6776958121032435,0.7078834998546067,8313_6737
1261,1,18536.472527472528,48.760240651728026,11.906829231224359,0.2575567607857723,13.630113735598501,6.718906452451805,0.47736064017316604,13548.12688172043,47.22131980837991,11.643149972980558,0.258685944714446,16.16991384752021,6.525982277573553,0.39938146361028815,8313_6737
1262,2,15192.97180043384,61.06309544005748,3.911493017384473,0.07086219905657679,6.787548423677625,1.9635314365374839,0.24172834268724985,11430.391025641025,61.1102081446942,4.61354882704573,0.08363709093019861,7.915260066535436,1.9509983024127038,0.22016768880570445,8313_6737
1263,3,31674.00431965443,62.45815773150439,3.547631057306008,0.058216862131102165,5.827877835464448,1.7669532944873567,0.2778499374327842,24970.929637526653,62.59513169583138,4.635746543662157,0.07592837965243852,7.677682576495979,2.257590366895971,0.27434869872074863,8313_6737
1264,0,16288.850746268658,63.973852098532355,2.62685799200988,0.04163938636370016,1.8740993780648905,1.3526724379479889,0.7122425715739549,15203.071274298056,63.98729363463694,2.832516931483201,0.04498295721084878,1.6949307116181296,1.2822032493375262,0.7429806240724799,8309_8313
1265,1,20403.74358974359,53.506468069073456,9.81160306801362,0.19367377226593854,12.713642310407929,5.807459824273114,0.4301776191672344,18536.472527472528,48.760240651728026,11.906829231224359,0.2575567607857723,13.630113735598501,6.718906452451805,0.47736064017316604,8309_8313
1266,2,16258.41791044776,61.16570393688443,3.187921375224473,0.05708348590387267,7.240090769151413,1.7719090836104407,0.2101934517490304,15192.97180043384,61.06309544005748,3.911493017384473,0.07086219905657679,6.787548423677625,1.9635314365374839,0.24172834268724985,8309_8313
1267,3,34031.82729211087,62.5034904067499,2.6192524223246827,0.04278741230594332,6.284837070487982,1.4480501534701162,0.21569856080069497,31674.00431965443,62.45815773150439,3.547631057306008,0.058216862131102165,5.827877835464448,1.7669532944873567,0.2778499374327842,8309_8313
1268,0,6226.384946236559,52.38705548032098,3.601852714122276,0.07009235035922341,3.258080759518085,2.0615247767024165,0.6297120079235156,7311.30835117773,55.146118146666836,3.0174688030084242,0.05525543348540861,2.1850138475146434,1.5626340816748963,0.7214733487536589,8274_8272
1269,1,6397.21568627451,44.31386203384432,5.531825269231098,0.12896467890667945,15.494187076564174,4.603363592353668,0.29703858863393034,7559.275109170306,54.505299380704365,1.9126598323099084,0.03543067661804312,8.48218235694263,2.3386075884341198,0.27355495711520017,8274_8272
1270,2,6663.295258620689,48.719254201138284,4.3831224381505915,0.09447489302466085,12.533078079577004,3.456318165302549,0.26480219143636863,10214.3282937365,51.67926580013775,2.6738042132642934,0.054116689322303076,12.12415469813339,3.241010432035331,0.2613449658355241,8274_8272
1271,3,12463.67818574514,50.61384545694798,4.423086586270674,0.089495394348653,10.381812394504019,3.177000706640813,0.2946817574688348,15807.113978494624,54.28285835491169,1.8249060868595175,0.03415220663953571,7.818536590132169,1.9887483562456258,0.24809254986910254,8274_8272
1272,0,7311.30835117773,55.146118146666836,3.0174688030084242,0.05525543348540861,2.1850138475146434,1.5626340816748963,0.7214733487536589,7943.140086206897,60.82272024561681,2.7008125311278635,0.04477044700745215,1.540036803242211,1.433466022365705,0.8836487327075802,8272_8254
1273,1,7559.275109170306,54.505299380704365,1.9126598323099084,0.03543067661804312,8.48218235694263,2.3386075884341198,0.27355495711520017,6954.3,61.17165374166938,1.9734296869187806,0.03277421782067025,5.030722623061381,1.4296594471085418,0.2703813325159258,8272_8254
1274,2,10214.3282937365,51.67926580013775,2.6738042132642934,0.054116689322303076,12.12415469813339,3.241010432035331,0.2613449658355241,9908.864224137931,58.40154141369991,3.2641829713690247,0.059960914580950264,7.784902681726139,2.302918178627611,0.2694106163702729,8272_8254
1275,3,15807.113978494624,54.28285835491169,1.8249060868595175,0.03415220663953571,7.818536590132169,1.9887483562456258,0.24809254986910254,16420.935344827587,60.840282971842264,2.1474158581491927,0.03605776470629608,5.462158156809209,1.6399229619342586,0.27324549489291045,8272_8254
1276,0,12691.63539445629,63.44925365646128,2.819351044494317,0.0450717224601059,2.3330965640559858,1.6776958121032435,0.7078834998546067,11003.906458797328,59.27143210907745,3.501497755099017,0.06026802209766917,3.202195651497508,2.224641880900205,0.6903617949239177,6737_6230
1277,1,13548.12688172043,47.22131980837991,11.643149972980558,0.258685944714446,16.16991384752021,6.525982277573553,0.39938146361028815,12721.121348314608,45.67917260278958,9.015092795429876,0.20686025364707197,17.985494754361394,5.998509087961499,0.3305313676315307,6737_6230
1278,2,11430.391025641025,61.1102081446942,4.61354882704573,0.08363709093019861,7.915260066535436,1.9509983024127038,0.22016768880570445,11421.704697986577,54.61512992177337,5.346560775284473,0.10719965882839819,12.4868919025262,3.2505631104034998,0.24806664922777996,6737_6230
1279,3,24970.929637526653,62.59513169583138,4.635746543662157,0.07592837965243852,7.677682576495979,2.257590366895971,0.27434869872074863,22473.835189309575,56.79940182574697,5.455573467649094,0.09910903738654553,10.735456488139395,3.154962197708297,0.2829707758385625,6737_6230
1280,0,11003.906458797328,59.27143210907745,3.501497755099017,0.06026802209766917,3.202195651497508,2.224641880900205,0.6903617949239177,6226.384946236559,52.38705548032098,3.601852714122276,0.07009235035922341,3.258080759518085,2.0615247767024165,0.6297120079235156,6230_8274
1281,1,12721.121348314608,45.67917260278958,9.015092795429876,0.20686025364707197,17.985494754361394,5.998509087961499,0.3305313676315307,6397.21568627451,44.31386203384432,5.531825269231098,0.12896467890667945,15.494187076564174,4.603363592353668,0.29703858863393034,6230_8274
1282,2,11421.704697986577,54.61512992177337,5.346560775284473,0.10719965882839819,12.4868919025262,3.2505631104034998,0.24806664922777996,6663.295258620689,48.719254201138284,4.3831224381505915,0.09447489302466085,12.533078079577004,3.456318165302549,0.26480219143636863,6230_8274
1283,3,22473.835189309575,56.79940182574697,5.455573467649094,0.09910903738654553,10.735456488139395,3.154962197708297,0.2829707758385625,12463.67818574514,50.61384545694798,4.423086586270674,0.089495394348653,10.381812394504019,3.177000706640813,0.2946817574688348,6230_8274
1284,0,1611.4710920770879,53.21102602724371,3.5442302172436553,0.06661749408365206,0.20506729037778992,0.23337930736794998,1.2299648076587315,13330.66737739872,65.37204389819524,2.27218777465691,0.03509106535011315,1.635673116355889,1.296281447155816,0.7859883736513066,6307_6229
1285,1,2366.799568965517,56.8270801993983,2.182806945430643,0.038705582573768146,0.9622655949232564,0.5595311306621213,0.5610473447438056,18732.675213675215,56.9923086267108,8.55433399690204,0.16595812186739461,12.467855687315119,5.547577462289961,0.402359794217257,6307_6229
1286,2,1255.8451612903225,54.597067229136755,1.8991112586887384,0.03511700775845935,0.5181190925562149,0.22620814764312716,0.39316705621549336,13801.908315565031,63.434618158494715,1.8524344017462566,0.030865292461031483,6.641055954880652,1.1893339612611773,0.1653532866915562,6307_6229
1287,3,2638.081896551724,54.995944615953306,1.9729189812723134,0.036086419818211715,0.44534045247824494,0.24418518195722164,0.47696931303827,28830.275053304904,63.82877182402935,2.2007113120496937,0.035467031071033564,6.211191913630914,1.3990221288034155,0.2032660309099841,6307_6229
1288,0,15573.833333333334,64.51715325066324,2.5174456854233824,0.03934884807412842,1.438435261584725,1.086490396350452,0.7541683367028416,14829.929032258064,63.56222109497258,2.4322246483875234,0.039055002657301,1.9979669012309886,1.5608073575537662,0.7680440629991554,8353_6185
1289,1,21080.4021978022,50.25571428776582,11.46588641389205,0.2440694694539541,12.744015726760408,6.429114914625195,0.4761388676559932,18601.907127429804,47.35642177878867,14.201214676830505,0.3226282275964013,17.828603001786714,8.948864385197197,0.48279733473331693,8353_6185
1290,2,15819.818777292576,61.698074674015636,2.126840927962554,0.03755654141945618,5.620714886655725,1.0623593369178905,0.1679112731172208,14124.522580645162,62.565737701287794,2.7962891495187927,0.04989680473403873,7.519830418190858,1.5050784594441402,0.1758850810678557,8353_6185
1291,3,32941.90064794816,62.05616974718264,2.573370790239151,0.04239777194296371,5.170663283131575,1.3013373149157217,0.23219782178735213,30349.44516129032,63.2488473654779,3.1836461789636346,0.05144210703798911,7.01816586680531,1.8157958869210442,0.24194900655000395,8353_6185
1292,0,14246.141630901287,64.49467795794885,1.9931661389905728,0.030956009541908115,1.4759100092177435,1.1326932220000645,0.7714180398777085,,,,,,,,8188_6226
1293,1,19603.218614718615,60.6400117565018,4.077333376117032,0.0716592343712218,9.182227014806655,2.627625564758423,0.2710620651305149,,,,,,,,8188_6226
1294,2,14295.971982758621,63.81260623695926,1.4696302124706644,0.023619071320637463,6.00684088303534,0.8955517551314934,0.14597042652391737,,,,,,,,8188_6226
1295,3,29701.244635193132,64.0305159389722,1.6316804596011043,0.025890170717243848,5.605473062299454,0.9267347365466927,0.15984071188603763,,,,,,,,8188_6226
1296,0,13330.66737739872,65.37204389819524,2.27218777465691,0.03509106535011315,1.635673116355889,1.296281447155816,0.7859883736513066,14481.957264957266,67.58673423135427,2.09235244858607,0.031112597739941617,1.4711175139604515,1.1842801663868945,0.8040463129622124,6229_6177
1297,1,18732.675213675215,56.9923086267108,8.55433399690204,0.16595812186739461,12.467855687315119,5.547577462289961,0.402359794217257,19804.07264957265,56.758215717600855,11.161203043411456,0.2144436517904472,13.187835109625256,6.392262615145767,0.44754866679950456,6229_6177
1298,2,13801.908315565031,63.434618158494715,1.8524344017462566,0.030865292461031483,6.641055954880652,1.1893339612611773,0.1653532866915562,14662.279914529914,67.07904841261909,2.0370439502910784,0.03294520034819064,6.376878834865666,1.1213344150397626,0.1590163342446667,6229_6177
1299,3,28830.275053304904,63.82877182402935,2.2007113120496937,0.035467031071033564,6.211191913630914,1.3990221288034155,0.2032660309099841,30656.616204690832,67.30021508347708,2.469021032012015,0.03776679216250952,5.914747011746509,1.391330756952462,0.21124024440027958,6229_6177
1300,0,,,,,,,,1611.4710920770879,53.21102602724371,3.5442302172436553,0.06661749408365206,0.20506729037778992,0.23337930736794998,1.2299648076587315,6226_6307
1301,1,,,,,,,,2366.799568965517,56.8270801993983,2.182806945430643,0.038705582573768146,0.9622655949232564,0.5595311306621213,0.5610473447438056,6226_6307
1302,2,,,,,,,,1255.8451612903225,54.597067229136755,1.8991112586887384,0.03511700775845935,0.5181190925562149,0.22620814764312716,0.39316705621549336,6226_6307
1303,3,,,,,,,,2638.081896551724,54.995944615953306,1.9729189812723134,0.036086419818211715,0.44534045247824494,0.24418518195722164,0.47696931303827,6226_6307
1304,0,14829.929032258064,63.56222109497258,2.4322246483875234,0.039055002657301,1.9979669012309886,1.5608073575537662,0.7680440629991554,16287.565031982942,62.62277544242793,2.7153115863172004,0.043951791186535444,2.0014699398498186,1.5051629497830887,0.7501972196398652,6185_8318
1305,1,18601.907127429804,47.35642177878867,14.201214676830505,0.3226282275964013,17.828603001786714,8.948864385197197,0.48279733473331693,20256.17094017094,52.92808253066693,8.23178949065661,0.1629803366142939,13.230611383568366,4.781942928899207,0.34637014280975853,6185_8318
1306,2,14124.522580645162,62.565737701287794,2.7962891495187927,0.04989680473403873,7.519830418190858,1.5050784594441402,0.1758850810678557,16194.346153846154,60.169765468369555,2.835148130488527,0.05246036455596826,8.393197723085237,1.7886366986049025,0.18954400100127541,6185_8318
1307,3,30349.44516129032,63.2488473654779,3.1836461789636346,0.05144210703798911,7.01816586680531,1.8157958869210442,0.24194900655000395,33887.147121535185,61.24766391293284,2.4481912277677966,0.04083807121631706,7.366620587101889,1.493327684716103,0.1927740062334374,6185_8318
1308,0,14481.957264957266,67.58673423135427,2.09235244858607,0.031112597739941617,1.4711175139604515,1.1842801663868945,0.8040463129622124,15573.833333333334,64.51715325066324,2.5174456854233824,0.03934884807412842,1.438435261584725,1.086490396350452,0.7541683367028416,6177_8353
1309,1,19804.07264957265,56.758215717600855,11.161203043411456,0.2144436517904472,13.187835109625256,6.392262615145767,0.44754866679950456,21080.4021978022,50.25571428776582,11.46588641389205,0.2440694694539541,12.744015726760408,6.429114914625195,0.4761388676559932,6177_8353
1310,2,14662.279914529914,67.07904841261909,2.0370439502910784,0.03294520034819064,6.376878834865666,1.1213344150397626,0.1590163342446667,15819.818777292576,61.698074674015636,2.126840927962554,0.03755654141945618,5.620714886655725,1.0623593369178905,0.1679112731172208,6177_8353
1311,3,30656.616204690832,67.30021508347708,2.469021032012015,0.03776679216250952,5.914747011746509,1.391330756952462,0.21124024440027958,32941.90064794816,62.05616974718264,2.573370790239151,0.04239777194296371,5.170663283131575,1.3013373149157217,0.23219782178735213,6177_8353
1312,0,12006.931182795699,67.70438490657348,2.0637450159198387,0.030539725460688574,1.1520056679258301,0.9666509306153398,0.8358828102760828,12379.087606837607,67.49545726773408,2.2942373875525135,0.034054140447618536,1.4793340714143313,1.3027089512383696,0.8768550921396198,8427_6883
1313,1,18057.214750542298,57.36274923426427,12.420789613803192,0.2347852254943432,11.112230088922015,6.0514466429857166,0.5050670073709956,18795.394849785407,55.24974881819291,13.626283495016766,0.26517697269748153,14.901551369721794,7.634737459940503,0.48816755963613256,8427_6883
1314,2,13255.159482758621,67.45136258141636,1.5781431256645537,0.024004339995293344,5.141250428245592,0.8282324530923456,0.1566017688543266,13840.194860813705,67.19506372816765,2.2318711522469377,0.03434094652774991,7.0125411557550175,1.238730028602539,0.1692364407211403,8427_6883
1315,3,26931.113978494624,67.58618700219732,1.7206270281944682,0.02633328409343662,4.735081654268661,0.8984106026993744,0.17757368914511323,27892.209401709402,67.93380760101218,2.450219768097498,0.037067599535948084,6.269809583948022,1.2899666119690703,0.1919432450310275,8427_6883
1316,0,10252.095948827293,64.39112201231075,2.0763036572174096,0.03227169028475196,1.1106596314455384,1.0015674735718094,0.9064135949153641,12006.931182795699,67.70438490657348,2.0637450159198387,0.030539725460688574,1.1520056679258301,0.9666509306153398,0.8358828102760828,8406_8427
1317,1,16588.19700214133,55.79626893565775,10.594131545399438,0.20506726622447194,11.410599299561108,6.483558923327096,0.5224513984753641,18057.214750542298,57.36274923426427,12.420789613803192,0.2347852254943432,11.112230088922015,6.0514466429857166,0.5050670073709956,8406_8427
1318,2,12074.539445628998,63.65240124567606,1.7807352802235141,0.02841144099700431,5.71846290393524,1.0285073564062897,0.17811226312975884,13255.159482758621,67.45136258141636,1.5781431256645537,0.024004339995293344,5.141250428245592,0.8282324530923456,0.1566017688543266,8406_8427
1319,3,24104.18976545842,64.32455651706776,1.7409941293021647,0.027671149377810404,5.012041249857974,0.9729637647734066,0.18507769972787275,26931.113978494624,67.58618700219732,1.7206270281944682,0.02633328409343662,4.735081654268661,0.8984106026993744,0.17757368914511323,8406_8427
1320,0,11680.153846153846,63.765974348838604,2.345321279777609,0.036855544026357136,1.549328432017174,1.252377765875673,0.8118866306777583,11252.042643923241,65.62826545305593,2.038118331931032,0.03109204297339101,1.5587086675447572,1.3414645897351578,0.8638880738154047,8376_6256
1321,1,18690.776824034336,58.52224346873068,5.016132454334449,0.08929930384305047,10.871313982281826,3.252897910134586,0.2865627795979992,17475.514957264957,59.760915446078435,5.416784396902691,0.09605902799485452,12.412205627225411,3.980033289829337,0.30430725502575806,8376_6256
1322,2,13398.861111111111,62.10247864495515,1.9933116459627562,0.032913940808280626,6.835374731336687,1.1804088118815448,0.16748219581209065,12130.275053304904,64.53522658463807,1.8201305094625038,0.02894664801216469,7.3518969916473464,1.2596600059567582,0.16761767700620167,8376_6256
1323,3,27137.852564102563,63.26551525190508,1.9418729775206451,0.031159497041559257,6.034512982276868,1.141776947183436,0.18075715254720887,24950.816631130063,65.40734538923735,1.9643711620759703,0.030632889436132068,6.577465096648817,1.3507235876022659,0.19565956849892285,8376_6256
1324,0,11936.425485961123,67.00284950961809,2.150144186509171,0.032155396264779056,1.234262610067452,1.0616076077254872,0.8645589504687908,10252.095948827293,64.39112201231075,2.0763036572174096,0.03227169028475196,1.1106596314455384,1.0015674735718094,0.9064135949153641,6918_8406
1325,1,12055.3,63.94976314927042,4.889214966515933,0.0845752714376767,6.242300452925263,2.7800384939892946,0.3901354314365102,16588.19700214133,55.79626893565775,10.594131545399438,0.20506726622447194,11.410599299561108,6.483558923327096,0.5224513984753641,6918_8406
1326,2,14842.287878787878,62.27427742726627,4.975213894573043,0.08999793535384255,7.901200593090201,2.753644486597154,0.2784707118856134,12074.539445628998,63.65240124567606,1.7807352802235141,0.02841144099700431,5.71846290393524,1.0285073564062897,0.17811226312975884,6918_8406
1327,3,22881.62203023758,66.60706583401233,1.5731918842566228,0.024047698109787175,4.315099258327229,1.020674481976597,0.2306822881461827,24104.18976545842,64.32455651706776,1.7409941293021647,0.027671149377810404,5.012041249857974,0.9729637647734066,0.18507769972787275,6918_8406
1328,0,12379.087606837607,67.49545726773408,2.2942373875525135,0.034054140447618536,1.4793340714143313,1.3027089512383696,0.8768550921396198,11680.153846153846,63.765974348838604,2.345321279777609,0.036855544026357136,1.549328432017174,1.252377765875673,0.8118866306777583,6883_8376
1329,1,18795.394849785407,55.24974881819291,13.626283495016766,0.26517697269748153,14.901551369721794,7.634737459940503,0.48816755963613256,18690.776824034336,58.52224346873068,5.016132454334449,0.08929930384305047,10.871313982281826,3.252897910134586,0.2865627795979992,6883_8376
1330,2,13840.194860813705,67.19506372816765,2.2318711522469377,0.03434094652774991,7.0125411557550175,1.238730028602539,0.1692364407211403,13398.861111111111,62.10247864495515,1.9933116459627562,0.032913940808280626,6.835374731336687,1.1804088118815448,0.16748219581209065,6883_8376
1331,3,27892.209401709402,67.93380760101218,2.450219768097498,0.037067599535948084,6.269809583948022,1.2899666119690703,0.1919432450310275,27137.852564102563,63.26551525190508,1.9418729775206451,0.031159497041559257,6.034512982276868,1.141776947183436,0.18075715254720887,6883_8376
1332,0,11252.042643923241,65.62826545305593,2.038118331931032,0.03109204297339101,1.5587086675447572,1.3414645897351578,0.8638880738154047,14246.141630901287,64.49467795794885,1.9931661389905728,0.030956009541908115,1.4759100092177435,1.1326932220000645,0.7714180398777085,6256_8188
1333,1,17475.514957264957,59.760915446078435,5.416784396902691,0.09605902799485452,12.412205627225411,3.980033289829337,0.30430725502575806,19603.218614718615,60.6400117565018,4.077333376117032,0.0716592343712218,9.182227014806655,2.627625564758423,0.2710620651305149,6256_8188
1334,2,12130.275053304904,64.53522658463807,1.8201305094625038,0.02894664801216469,7.3518969916473464,1.2596600059567582,0.16761767700620167,14295.971982758621,63.81260623695926,1.4696302124706644,0.023619071320637463,6.00684088303534,0.8955517551314934,0.14597042652391737,6256_8188
1335,3,24950.816631130063,65.40734538923735,1.9643711620759703,0.030632889436132068,6.577465096648817,1.3507235876022659,0.19565956849892285,29701.244635193132,64.0305159389722,1.6316804596011043,0.025890170717243848,5.605473062299454,0.9267347365466927,0.15984071188603763,6256_8188
1336,0,7778.311475409836,62.94528364326619,2.991392642130935,0.04841235685766943,1.4967661210470273,1.385379681228181,0.9308289031849242,5468.788461538462,64.89972384103802,4.294639688186968,0.06854043476943673,1.6658147256063227,1.5909472640097018,0.9060305575942096,8024_6971
1337,1,10786.868852459016,60.68993190072424,5.1346187384510324,0.08987637079354406,9.808456608661528,3.8449359240605796,0.36662720053590864,7756.635775862069,62.115873362296725,5.241392566354127,0.08974638717098936,10.130035348559398,3.8250184474244486,0.35233277507332283,8024_6971
1338,2,9619.6,62.28175578279744,1.479926315050532,0.023811805703733292,7.842302096052095,1.44219279711276,0.1842745630121976,6101.876068376068,64.58571168425617,1.876996921077646,0.02938955781479875,6.946550705702899,1.3976361997024882,0.20003216875183288,8024_6971
1339,3,16555.081967213115,63.73689676725391,1.4723493378393737,0.023299723270306254,5.8183972047555175,1.0120722521880288,0.17449669525123887,11429.858974358975,65.56383644660833,1.5827584886541337,0.02429094679356297,5.597256224280686,1.0165166266749817,0.18060932877371338,8024_6971
1340,0,5529.401709401709,66.35409098351785,4.547057338453272,0.07123228007799923,2.0187879373765694,1.8000450690863947,0.8902607213530814,7778.311475409836,62.94528364326619,2.991392642130935,0.04841235685766943,1.4967661210470273,1.385379681228181,0.9308289031849242,8013_8024
1341,1,7462.829741379311,61.095434802720504,6.786022831455516,0.11591402085187665,10.72342444172366,3.9772335571435993,0.36739567134437573,10786.868852459016,60.68993190072424,5.1346187384510324,0.08987637079354406,9.808456608661528,3.8449359240605796,0.36662720053590864,8013_8024
1342,2,6943.43991416309,63.061564333140694,3.9668950671219245,0.06464342632823165,9.283172281528081,2.402495280576782,0.25852551745622665,9619.6,62.28175578279744,1.479926315050532,0.023811805703733292,7.842302096052095,1.44219279711276,0.1842745630121976,8013_8024
1343,3,11976.63539445629,65.01651868796476,3.28332381333382,0.05244935530412263,6.718000614640957,1.3737758870876273,0.21415124376017974,16555.081967213115,63.73689676725391,1.4723493378393737,0.023299723270306254,5.8183972047555175,1.0120722521880288,0.17449669525123887,8013_8024
1344,0,6331.457081545064,64.81652257160998,3.9025125319937266,0.06111350249776886,1.5796923586717635,1.372156675340596,0.8381999203889241,5529.401709401709,66.35409098351785,4.547057338453272,0.07123228007799923,2.0187879373765694,1.8000450690863947,0.8902607213530814,8005_8013
1345,1,7967.960954446855,60.7776287009182,6.4612365049526,0.11257179577053329,8.832978138619417,3.4666373277491207,0.3630288661217753,7462.829741379311,61.095434802720504,6.786022831455516,0.11591402085187665,10.72342444172366,3.9772335571435993,0.36739567134437573,8005_8013
1346,2,7751.5926724137935,60.889226448654625,2.831698172828483,0.04767290621503047,6.693695875390204,1.639889526381998,0.23734062393784938,6943.43991416309,63.061564333140694,3.9668950671219245,0.06464342632823165,9.283172281528081,2.402495280576782,0.25852551745622665,8005_8013
1347,3,13181.119914346895,63.05186356364423,2.116377447263116,0.03384360435214233,5.1439445329026485,0.9847876385429711,0.1901820823145204,11976.63539445629,65.01651868796476,3.28332381333382,0.05244935530412263,6.718000614640957,1.3737758870876273,0.21415124376017974,8005_8013
1348,0,5468.788461538462,64.89972384103802,4.294639688186968,0.06854043476943673,1.6658147256063227,1.5909472640097018,0.9060305575942096,10328.343347639486,64.87989863615543,2.210180965180755,0.03442775279825575,1.1858330488463609,1.0198422347325435,0.8497012343018026,6971_6258
1349,1,7756.635775862069,62.115873362296725,5.241392566354127,0.08974638717098936,10.130035348559398,3.8250184474244486,0.35233277507332283,15932.034557235422,63.54902066733228,4.817966360543052,0.08029379296575789,8.514999397775684,3.256979363144169,0.35553172442886655,6971_6258
1350,2,6101.876068376068,64.58571168425617,1.876996921077646,0.02938955781479875,6.946550705702899,1.3976361997024882,0.20003216875183288,12462.230107526882,65.29396963410117,1.4492182907807003,0.022628718602909926,5.74747629702873,0.9717560464768491,0.1662857671991775,6971_6258
1351,3,11429.858974358975,65.56383644660833,1.5827584886541337,0.02429094679356297,5.597256224280686,1.0165166266749817,0.18060932877371338,23980.02795698925,65.77055751500926,1.2748738482577833,0.019602985136420423,4.8599648004909435,0.7977254118445926,0.16311455117346751,6971_6258
1352,0,11306.053304904051,67.17062041109745,2.113678184196307,0.03150073297892874,1.3211617141817178,1.1176753420461194,0.8496104773120551,11936.425485961123,67.00284950961809,2.150144186509171,0.032155396264779056,1.234262610067452,1.0616076077254872,0.8645589504687908,6879_6918
1353,1,13741.27408993576,63.10532636985971,6.632956758543921,0.11455578292903161,8.401064027154096,3.9555141217076937,0.4135550964594403,12055.3,63.94976314927042,4.889214966515933,0.0845752714376767,6.242300452925263,2.7800384939892946,0.3901354314365102,6879_6918
1354,2,13959.100213219615,64.34572011009766,3.45407438803773,0.061284979667474655,7.423898464494894,1.9747738223351083,0.22245728023968228,14842.287878787878,62.27427742726627,4.975213894573043,0.08999793535384255,7.901200593090201,2.753644486597154,0.2784707118856134,6879_6918
1355,3,23410.85501066098,67.06621294653787,1.5565554319607056,0.0236234490382897,4.977043811817405,1.0012229133441826,0.1982631284653452,22881.62203023758,66.60706583401233,1.5731918842566228,0.024047698109787175,4.315099258327229,1.020674481976597,0.2306822881461827,6879_6918
1356,0,6327.839743589743,61.4287126270152,3.567382729912615,0.059174976041505956,1.3366069409243533,1.154097060634087,0.8622229023938024,6331.457081545064,64.81652257160998,3.9025125319937266,0.06111350249776886,1.5796923586717635,1.372156675340596,0.8381999203889241,6308_8005
1357,1,7944.030237580993,57.706173162066385,5.570181483401455,0.10409629054432151,7.626163605162081,3.7394755789266916,0.41488607505429714,7967.960954446855,60.7776287009182,6.4612365049526,0.11257179577053329,8.832978138619417,3.4666373277491207,0.3630288661217753,6308_8005
1358,2,7731.027896995708,58.82842830747637,2.34536505591812,0.040897555177040926,6.188185448230524,1.498674884744965,0.23168539137570549,7751.5926724137935,60.889226448654625,2.831698172828483,0.04767290621503047,6.693695875390204,1.639889526381998,0.23734062393784938,6308_8005
1359,3,13197.055674518202,60.23673520662304,1.728682072170928,0.02890152413948018,4.550536284482983,0.7906606072619919,0.1728243322181293,13181.119914346895,63.05186356364423,2.116377447263116,0.03384360435214233,5.1439445329026485,0.9847876385429711,0.1901820823145204,6308_8005
1360,0,10328.343347639486,64.87989863615543,2.210180965180755,0.03442775279825575,1.1858330488463609,1.0198422347325435,0.8497012343018026,11306.053304904051,67.17062041109745,2.113678184196307,0.03150073297892874,1.3211617141817178,1.1176753420461194,0.8496104773120551,6258_6879
1361,1,15932.034557235422,63.54902066733228,4.817966360543052,0.08029379296575789,8.514999397775684,3.256979363144169,0.35553172442886655,13741.27408993576,63.10532636985971,6.632956758543921,0.11455578292903161,8.401064027154096,3.9555141217076937,0.4135550964594403,6258_6879
1362,2,12462.230107526882,65.29396963410117,1.4492182907807003,0.022628718602909926,5.74747629702873,0.9717560464768491,0.1662857671991775,13959.100213219615,64.34572011009766,3.45407438803773,0.061284979667474655,7.423898464494894,1.9747738223351083,0.22245728023968228,6258_6879
1363,3,23980.02795698925,65.77055751500926,1.2748738482577833,0.019602985136420423,4.8599648004909435,0.7977254118445926,0.16311455117346751,23410.85501066098,67.06621294653787,1.5565554319607056,0.0236234490382897,4.977043811817405,1.0012229133441826,0.1982631284653452,6258_6879
1364,0,4834.047222222222,55.84660081698353,3.471739496464643,0.0638501313890329,1.3770669664181967,1.2212318309122439,0.9016542860575159,6842.371967654986,64.03479396265406,2.976584887743357,0.04690739954565294,1.2898634074959323,1.1001669846583164,0.8580509949343824,8057_6045
1365,1,6125.411267605634,53.693644229579625,3.06894280288771,0.06024330398766154,7.2086784526268675,2.4871314568071887,0.3417912598486553,8765.847411444141,61.456620360011314,4.481884375619739,0.07923356482943988,7.041254667196584,2.557583266965446,0.33238099290398493,8057_6045
1366,2,6062.120111731843,53.77899281138632,2.045159786047353,0.03792027829745691,7.016061173248085,1.8138594876860172,0.2656063670429862,8428.394594594594,62.15885065939942,2.613388335544513,0.04306989815322828,6.202624152437879,1.4429797755761793,0.22829370283710387,8057_6045
1367,3,10135.698324022347,54.556871134761245,1.912968758448164,0.035344182339367834,4.918971919194789,1.1363742399945074,0.24595477753345335,14346.353099730459,63.49338027083245,1.9701097568263513,0.03138978073120657,4.5736792838379925,0.8309253836864318,0.17987472462950635,8057_6045
1368,0,5203.7035040431265,61.355205015107046,3.59822170915162,0.05943496611068736,1.5723544887431395,1.3153896440137365,0.838245947409103,6280.3133514986375,64.30571327159124,3.0440024899668296,0.04782312776875783,1.1270458752788803,0.9870569242021129,0.8763130001025186,8043_6946
1369,1,6325.669398907104,59.118391277666795,3.8528953713602045,0.07343197180423644,8.424714938642225,2.950838417569899,0.3137655404808351,7823.524725274725,62.3429506877949,3.990332543405901,0.07273435873957376,6.707718322244834,2.5088812474147097,0.3146586926642882,8043_6946
1370,2,5708.0623306233065,60.65120176853035,2.1590120765290464,0.03651385833697617,6.457356857220882,1.3851882036129999,0.2078396037910485,7274.408219178083,63.56404609606521,2.1252319543468885,0.03445464267007232,5.382447649679985,1.291926842446737,0.22682981167246402,8043_6946
1371,3,10556.459239130434,60.530482072192015,2.071270063057746,0.034686922452404144,5.5237235716490485,1.1074371912141587,0.1940234198505715,12792.119891008175,64.18596823694743,1.762636769010091,0.027737217251924087,4.227782686500994,0.8538681971614958,0.19254190295716875,8043_6946
1372,0,6280.3133514986375,64.30571327159124,3.0440024899668296,0.04782312776875783,1.1270458752788803,0.9870569242021129,0.8763130001025186,4834.047222222222,55.84660081698353,3.471739496464643,0.0638501313890329,1.3770669664181967,1.2212318309122439,0.9016542860575159,6946_8057
1373,1,7823.524725274725,62.3429506877949,3.990332543405901,0.07273435873957376,6.707718322244834,2.5088812474147097,0.3146586926642882,6125.411267605634,53.693644229579625,3.06894280288771,0.06024330398766154,7.2086784526268675,2.4871314568071887,0.3417912598486553,6946_8057
1374,2,7274.408219178083,63.56404609606521,2.1252319543468885,0.03445464267007232,5.382447649679985,1.291926842446737,0.22682981167246402,6062.120111731843,53.77899281138632,2.045159786047353,0.03792027829745691,7.016061173248085,1.8138594876860172,0.2656063670429862,6946_8057
1375,3,12792.119891008175,64.18596823694743,1.762636769010091,0.027737217251924087,4.227782686500994,0.8538681971614958,0.19254190295716875,10135.698324022347,54.556871134761245,1.912968758448164,0.035344182339367834,4.918971919194789,1.1363742399945074,0.24595477753345335,6946_8057
1376,0,9651.064239828695,60.23782868848766,4.370558856418508,0.07546541415448303,0.8406191982551559,0.8571392509414951,1.6134740111542483,6327.839743589743,61.4287126270152,3.567382729912615,0.059174976041505956,1.3366069409243533,1.154097060634087,0.8622229023938024,6306_6308
1377,1,8470.45788336933,60.17496664503312,3.961944077983979,0.06874891433827086,3.710937172562172,1.5865638323157765,0.7569276501555133,7944.030237580993,57.706173162066385,5.570181483401455,0.10409629054432151,7.626163605162081,3.7394755789266916,0.41488607505429714,6306_6308
1378,2,11475.25376344086,59.77835940296989,2.7335047113032624,0.047842258261420134,3.8265373741955333,0.9958779602251995,0.41077499116947247,7731.027896995708,58.82842830747637,2.34536505591812,0.040897555177040926,6.188185448230524,1.498674884744965,0.23168539137570549,6306_6308
1379,3,16745.217204301076,61.39683020211639,2.4193591717147824,0.040543702111121654,2.5254166314717774,0.6514549370949573,0.6843762332792142,13197.055674518202,60.23673520662304,1.728682072170928,0.02890152413948018,4.550536284482983,0.7906606072619919,0.1728243322181293,6306_6308
1380,0,6842.371967654986,64.03479396265406,2.976584887743357,0.04690739954565294,1.2898634074959323,1.1001669846583164,0.8580509949343824,9651.064239828695,60.23782868848766,4.370558856418508,0.07546541415448303,0.8406191982551559,0.8571392509414951,1.6134740111542483,6045_6306
1381,1,8765.847411444141,61.456620360011314,4.481884375619739,0.07923356482943988,7.041254667196584,2.557583266965446,0.33238099290398493,8470.45788336933,60.17496664503312,3.961944077983979,0.06874891433827086,3.710937172562172,1.5865638323157765,0.7569276501555133,6045_6306
1382,2,8428.394594594594,62.15885065939942,2.613388335544513,0.04306989815322828,6.202624152437879,1.4429797755761793,0.22829370283710387,11475.25376344086,59.77835940296989,2.7335047113032624,0.047842258261420134,3.8265373741955333,0.9958779602251995,0.41077499116947247,6045_6306
1383,3,14346.353099730459,63.49338027083245,1.9701097568263513,0.03138978073120657,4.5736792838379925,0.8309253836864318,0.17987472462950635,16745.217204301076,61.39683020211639,2.4193591717147824,0.040543702111121654,2.5254166314717774,0.6514549370949573,0.6843762332792142,6045_6306
1384,0,3471.7516059957175,63.57142350543093,3.2414924787861326,0.05112796823562454,1.0824661298573262,0.934630803755687,0.8754160981190086,5203.7035040431265,61.355205015107046,3.59822170915162,0.05943496611068736,1.5723544887431395,1.3153896440137365,0.838245947409103,6921_8043
1385,1,4553.941558441558,66.30151696556477,1.685334555099777,0.027485186576368614,5.631599243942832,1.3279747354030385,0.2087195391053013,6325.669398907104,59.118391277666795,3.8528953713602045,0.07343197180423644,8.424714938642225,2.950838417569899,0.3137655404808351,6921_8043
1386,2,4536.431330472103,65.34651765452344,1.5212597522002123,0.023629120734813578,5.47609395948913,1.5022506797628319,0.26862284494788014,5708.0623306233065,60.65120176853035,2.1590120765290464,0.03651385833697617,6.457356857220882,1.3851882036129999,0.2078396037910485,6921_8043
1387,3,7094.057815845825,65.51596617764086,1.530831193009152,0.023482464443064698,3.7657517339782687,0.8783465148810401,0.22847418336124278,10556.459239130434,60.530482072192015,2.071270063057746,0.034686922452404144,5.5237235716490485,1.1074371912141587,0.1940234198505715,6921_8043
