,day,VolumeUp,AvgSpeedUp,StdSpeedUp,CoefOfVarSpeedUp,AvgOccupancyUp,StdOccupancyUp,CoefOfVarOccupancyUp,VolumeDown,AvgSpeedDown,StdSpeedDown,CoefOfVarSpeedDown,AvgOccupancyDown,StdOccupancyDown,CoefOfVarOccupancyDown,SegmentId
0,0,79680.36559139784,63.92193446927467,5.265394036183335,0.08399974280780223,3.392240544059333,3.8037482866049115,1.0174620656513391,39622.085106382976,61.25994111174812,6.4991155887094685,0.10724080677716295,4.043313410828515,3.643209586431952,0.868193954828378,8581_7010
1,1,77324.35789473684,64.1435699637586,4.815287491430358,0.07665854624873791,3.16440327929896,3.4938625087175104,1.0192008224581077,38020.697916666664,61.694602745105804,6.0557141553983245,0.09895453744006637,3.8577856149866254,3.4367050425995895,0.8636131984957861,8581_7010
2,2,80123.53191489361,63.655326394512194,5.993532929288192,0.09584164541820046,3.489045217774858,4.120203366254311,1.0959914302894966,39442.73684210526,61.11025176411548,7.075532000176464,0.11685192491729744,4.244164176807608,4.007124884619346,0.9204396887789733,8581_7010
3,3,82308.96629213484,63.269384481172125,7.013803942709308,0.11263256109505877,3.7586470621314447,4.752058949092078,1.1796483990768265,40497.444444444445,60.64658460393308,7.532715243540503,0.1252012237809668,4.411915956356413,4.223186351420679,0.9346741791678485,8581_7010
4,4,91721.9247311828,63.0699956425705,6.643244980332845,0.10780161579730634,4.003940581173043,4.3289262237300425,1.0088411694599113,44748.32978723404,59.689741022329095,7.987800948028085,0.13547266591367893,4.812978963012887,4.403549955708103,0.894068206292344,8581_7010
5,5,87935.34065934065,64.91045701456106,2.106862013574882,0.0326404548837393,2.763182505833369,1.827631460882905,0.6537535440172726,41283.282608695656,61.33676576922193,3.9850497538760767,0.06548968602565824,3.344393631190978,2.048840760315864,0.5980309614934417,8581_7010
6,6,78453.97674418605,64.94288481421708,2.5656214908779402,0.039882591875783684,2.5727742676104186,2.0435641768336716,0.7785339583818306,39319.24137931035,61.591634234193435,4.562577314132026,0.07489262354917013,3.251627925272404,2.4190598972904174,0.7275426212753469,8581_7010
7,0,39622.085106382976,61.25994111174812,6.4991155887094685,0.10724080677716295,4.043313410828515,3.643209586431952,0.868193954828378,39470.7311827957,62.4805664787445,8.557830465047894,0.1387805872103022,5.163256303064621,6.3650095950135634,1.1715487101742235,7010_6916
8,1,38020.697916666664,61.694602745105804,6.0557141553983245,0.09895453744006637,3.8577856149866254,3.4367050425995895,0.8636131984957861,38073.15789473684,62.75151260935033,8.208299179306286,0.132450698450645,4.9121412307375145,6.244171031473421,1.1975019919475052,7010_6916
9,2,39442.73684210526,61.11025176411548,7.075532000176464,0.11685192491729744,4.244164176807608,4.007124884619346,0.9204396887789733,39073.38947368421,62.0459008654442,9.803430490224425,0.15972512463315686,5.505881934773074,7.330448691674787,1.2853606155372828,7010_6916
10,3,40497.444444444445,60.64658460393308,7.532715243540503,0.1252012237809668,4.411915956356413,4.223186351420679,0.9346741791678485,40240.455555555556,61.52953236889487,10.470498622253372,0.17195778916040594,5.8706968961149855,7.874104347666281,1.302182074701859,7010_6916
11,4,44748.32978723404,59.689741022329095,7.987800948028085,0.13547266591367893,4.812978963012887,4.403549955708103,0.894068206292344,43698.77659574468,60.6984477186945,10.83196539520648,0.18137720558911674,6.437019558831737,7.864175085946818,1.1817206096009751,7010_6916
12,5,41283.282608695656,61.33676576922193,3.9850497538760767,0.06548968602565824,3.344393631190978,2.048840760315864,0.5980309614934417,41672.87912087912,63.868093908340235,3.6118464089855,0.05726556492203415,3.960574910095055,2.821151294809988,0.6830469063057238,7010_6916
13,6,39319.24137931035,61.591634234193435,4.562577314132026,0.07489262354917013,3.251627925272404,2.4190598972904174,0.7275426212753469,39675.36046511628,63.77813176141325,4.870614660515831,0.07770032716374212,3.939769954927288,3.592892670671518,0.8658440832298865,7010_6916
14,0,39470.7311827957,62.4805664787445,8.557830465047894,0.1387805872103022,5.163256303064621,6.3650095950135634,1.1715487101742235,39892.32978723404,71.5403473169317,7.406683257411851,0.10450399934319923,6.577302023579764,5.697613550566485,0.8548567477569673,6916_6959
15,1,38073.15789473684,62.75151260935033,8.208299179306286,0.132450698450645,4.9121412307375145,6.244171031473421,1.1975019919475052,38474.322916666664,71.64868286213554,7.194892082260601,0.1013446743158619,6.313545473036839,5.605827520598621,0.8738031020991702,6916_6959
16,2,39073.38947368421,62.0459008654442,9.803430490224425,0.15972512463315686,5.505881934773074,7.330448691674787,1.2853606155372828,39376.12631578947,71.10045734128032,7.960681181462601,0.11278403309399564,6.694747120690546,5.955823582066804,0.8793421504334821,6916_6959
17,3,40240.455555555556,61.52953236889487,10.470498622253372,0.17195778916040594,5.8706968961149855,7.874104347666281,1.302182074701859,40663.670454545456,70.57874228896054,8.712364550760643,0.124658989521115,7.0818817722192104,6.380459626667585,0.8893467299487795,6916_6959
18,4,43698.77659574468,60.6984477186945,10.83196539520648,0.18137720558911674,6.437019558831737,7.864175085946818,1.1817206096009751,44135.585106382976,69.72334580385218,9.604107217777113,0.1399153355638225,7.9852930843130006,6.747164106164846,0.8377332650432703,6916_6959
19,5,41672.87912087912,63.868093908340235,3.6118464089855,0.05726556492203415,3.960574910095055,2.821151294809988,0.6830469063057238,42092.858695652176,72.88520210112752,3.9393253524800858,0.05483102644486911,5.917686624481368,3.9849672186948824,0.6635226797152913,6916_6959
20,6,39675.36046511628,63.77813176141325,4.870614660515831,0.07770032716374212,3.939769954927288,3.592892670671518,0.8658440832298865,40091.02298850575,72.8122899383953,5.453116739812267,0.07617642720693726,5.702701622734045,4.6621952379569445,0.8002952648946141,6916_6959
21,0,23693.77659574468,70.89997340632223,5.449220399033039,0.07863022041115844,4.14642032563551,4.247688926761599,0.9397602580879574,79680.36559139784,63.92193446927467,5.265394036183335,0.08399974280780223,3.392240544059333,3.8037482866049115,1.0174620656513391,6044_8581
22,1,22735.333333333332,70.9545436564067,5.0889758721167855,0.07316356835994049,3.9172412507106276,3.881153252024198,0.9145259141917319,77324.35789473684,64.1435699637586,4.815287491430358,0.07665854624873791,3.16440327929896,3.4938625087175104,1.0192008224581077,6044_8581
23,2,23462.81052631579,70.6542830120386,5.689554537445189,0.08201095375727768,4.164142853432499,4.257925084309113,0.9497998146130744,80123.53191489361,63.655326394512194,5.993532929288192,0.09584164541820046,3.489045217774858,4.120203366254311,1.0959914302894966,6044_8581
24,3,24407.133333333335,70.28479207987098,7.050952516676928,0.10215710112728768,4.5588135019094445,5.102235007157063,1.0410805332830633,82308.96629213484,63.269384481172125,7.013803942709308,0.11263256109505877,3.7586470621314447,4.752058949092078,1.1796483990768265,6044_8581
25,4,27163.91489361702,70.1625689485598,6.793976335225958,0.09952459207551806,4.939851376987085,4.971742456532061,0.9349760640319956,91721.9247311828,63.0699956425705,6.643244980332845,0.10780161579730634,4.003940581173043,4.3289262237300425,1.0088411694599113,6044_8581
26,5,25111.206521739132,71.86447494760387,2.631625265599189,0.03677723467720477,3.497292457852315,2.426431883729728,0.6852722285431335,87935.34065934065,64.91045701456106,2.106862013574882,0.0326404548837393,2.763182505833369,1.827631460882905,0.6537535440172726,6044_8581
27,6,23078.58620689655,72.09448107070233,3.0168570188525874,0.04211831395331993,3.118205074584127,2.581099932771779,0.8171449796009319,78453.97674418605,64.94288481421708,2.5656214908779402,0.039882591875783684,2.5727742676104186,2.0435641768336716,0.7785339583818306,6044_8581
28,0,39261.307692307695,68.2013408748345,4.254113032298099,0.06279651055132157,3.7464339814851306,2.664422615508752,0.7060493788350638,44234.17021276596,63.69799224890207,4.651421949560431,0.07386251900540576,4.4817181504619805,3.736602163706483,0.8080931381564637,8287_8107
29,1,38117.87096774193,68.29993635011408,4.357347466444913,0.06414571477493834,3.619615424588964,2.7069487865287103,0.7393969656316061,43043.385416666664,63.609363025914746,5.1196256587592135,0.08133772978489177,4.42412152123836,3.9096040084218937,0.8580232582225218,8287_8107
30,2,38800.50537634409,68.05597135798124,4.3673759519920194,0.06449013634586734,3.7437374970041426,2.6690218064803757,0.7098024021986898,44351.768421052635,63.23708633153301,5.6589308043078805,0.09032397631086304,4.673216963476607,4.152105219744471,0.86768576324254,8287_8107
31,3,40129.011494252874,67.90013911615286,4.673153504058655,0.06908706263976302,3.8938981049484567,2.7908014861984323,0.7144036186659933,45313.9,62.988996034470276,6.273442991033131,0.10045245967497256,4.890638164002132,4.492181573329809,0.8965500193429975,8287_8107
32,4,44055.62222222222,67.48546079905994,4.605548094534559,0.06863693870303188,4.2131739223502285,2.738125837545429,0.6473902492174792,49288.28723404255,63.2646024640825,4.737709561258442,0.07571764908647688,4.992281815472549,3.7353395484659413,0.7323361132577919,8287_8107
33,5,41675.556818181816,68.70029200559848,3.252776598140578,0.04750963612995915,3.519902970017387,2.1488232509445857,0.6100141620184195,45472.358695652176,64.49952829397172,2.1886807804745727,0.0340431390489208,3.8953917904870186,2.3218666913854014,0.5950791493550563,8287_8107
34,6,39633.25,68.98052514987279,3.406956929989899,0.04963104112094975,3.261230897214859,2.2860609548146007,0.7001452193541008,42869.471264367814,64.806146796067,2.5159014294658855,0.03895054103117106,3.566836263413745,2.4959085025004684,0.6983486321719129,8287_8107
35,0,42265.62365591398,65.77269297791732,4.335529180270714,0.0666576035931696,4.472152982343424,2.9758976731389457,0.6689692692232497,44342.5376344086,60.587026344644755,5.430047939090201,0.08970628939512437,4.419683929588246,2.7203088882247926,0.6154512068377314,8280_8017
36,1,40818.03157894737,65.72688277316422,5.491306983292978,0.08716013880713322,4.298826262260996,2.8755148651176663,0.6716839302027389,43054.020833333336,60.616772270953284,5.208641147192735,0.08603782998236333,4.266467839177354,2.6258883980806664,0.6169693252154096,8280_8017
37,2,41085.90425531915,65.4792558025105,4.429503828838766,0.06851424401255182,4.527251636173042,3.1249593047672404,0.6896765147639227,44250.515789473684,60.31361172361785,5.344539640846608,0.08876601056294957,4.41334722952317,2.7015248061622423,0.6132051172058487,8280_8017
38,3,42711.0,65.373893580947,4.556639540663425,0.07027891549750455,4.638405507933789,3.110114950375665,0.6723886521274227,45536.10112359551,60.19749412994777,5.558278421685213,0.09252647894955159,4.558561864644605,2.797485679927468,0.6141237600933138,8280_8017
39,4,46344.85106382979,65.21392706482183,4.330514714499881,0.06683998400208223,4.9857484402227294,3.0915601402864414,0.6237942696493282,49208.89361702128,59.687168824237816,5.581688062479531,0.09369683574694437,4.910812433486794,2.8418931873905855,0.5776593530788429,8280_8017
40,5,43853.34782608696,66.47602975802565,5.56280871791718,0.09598509730370904,4.107185963542657,2.3372485376643906,0.5706288775913301,45244.692307692305,61.17036171560985,4.868036708374866,0.07965794111856377,4.262725247920151,2.3776843020986953,0.557502886770366,8280_8017
41,6,40925.34482758621,67.08850065498542,3.6427846463645253,0.05458832853974598,3.8384294586070338,2.5664149796372917,0.6680018926777848,42268.90697674418,62.29135219972044,5.0468592606289695,0.08118027057979131,4.033056868758333,2.6095260999980816,0.6452120994019135,8280_8017
42,0,44234.17021276596,63.69799224890207,4.651421949560431,0.07386251900540576,4.4817181504619805,3.736602163706483,0.8080931381564637,42265.62365591398,65.77269297791732,4.335529180270714,0.0666576035931696,4.472152982343424,2.9758976731389457,0.6689692692232497,8107_8280
43,1,43043.385416666664,63.609363025914746,5.1196256587592135,0.08133772978489177,4.42412152123836,3.9096040084218937,0.8580232582225218,40818.03157894737,65.72688277316422,5.491306983292978,0.08716013880713322,4.298826262260996,2.8755148651176663,0.6716839302027389,8107_8280
44,2,44351.768421052635,63.23708633153301,5.6589308043078805,0.09032397631086304,4.673216963476607,4.152105219744471,0.86768576324254,41085.90425531915,65.4792558025105,4.429503828838766,0.06851424401255182,4.527251636173042,3.1249593047672404,0.6896765147639227,8107_8280
45,3,45313.9,62.988996034470276,6.273442991033131,0.10045245967497256,4.890638164002132,4.492181573329809,0.8965500193429975,42711.0,65.373893580947,4.556639540663425,0.07027891549750455,4.638405507933789,3.110114950375665,0.6723886521274227,8107_8280
46,4,49288.28723404255,63.2646024640825,4.737709561258442,0.07571764908647688,4.992281815472549,3.7353395484659413,0.7323361132577919,46344.85106382979,65.21392706482183,4.330514714499881,0.06683998400208223,4.9857484402227294,3.0915601402864414,0.6237942696493282,8107_8280
47,5,45472.358695652176,64.49952829397172,2.1886807804745727,0.0340431390489208,3.8953917904870186,2.3218666913854014,0.5950791493550563,43853.34782608696,66.47602975802565,5.56280871791718,0.09598509730370904,4.107185963542657,2.3372485376643906,0.5706288775913301,8107_8280
48,6,42869.471264367814,64.806146796067,2.5159014294658855,0.03895054103117106,3.566836263413745,2.4959085025004684,0.6983486321719129,40925.34482758621,67.08850065498542,3.6427846463645253,0.05458832853974598,3.8384294586070338,2.5664149796372917,0.6680018926777848,8107_8280
49,0,39892.32978723404,71.5403473169317,7.406683257411851,0.10450399934319923,6.577302023579764,5.697613550566485,0.8548567477569673,39261.307692307695,68.2013408748345,4.254113032298099,0.06279651055132157,3.7464339814851306,2.664422615508752,0.7060493788350638,6959_8287
50,1,38474.322916666664,71.64868286213554,7.194892082260601,0.1013446743158619,6.313545473036839,5.605827520598621,0.8738031020991702,38117.87096774193,68.29993635011408,4.357347466444913,0.06414571477493834,3.619615424588964,2.7069487865287103,0.7393969656316061,6959_8287
51,2,39376.12631578947,71.10045734128032,7.960681181462601,0.11278403309399564,6.694747120690546,5.955823582066804,0.8793421504334821,38800.50537634409,68.05597135798124,4.3673759519920194,0.06449013634586734,3.7437374970041426,2.6690218064803757,0.7098024021986898,6959_8287
52,3,40663.670454545456,70.57874228896054,8.712364550760643,0.124658989521115,7.0818817722192104,6.380459626667585,0.8893467299487795,40129.011494252874,67.90013911615286,4.673153504058655,0.06908706263976302,3.8938981049484567,2.7908014861984323,0.7144036186659933,6959_8287
53,4,44135.585106382976,69.72334580385218,9.604107217777113,0.1399153355638225,7.9852930843130006,6.747164106164846,0.8377332650432703,44055.62222222222,67.48546079905994,4.605548094534559,0.06863693870303188,4.2131739223502285,2.738125837545429,0.6473902492174792,6959_8287
54,5,42092.858695652176,72.88520210112752,3.9393253524800858,0.05483102644486911,5.917686624481368,3.9849672186948824,0.6635226797152913,41675.556818181816,68.70029200559848,3.252776598140578,0.04750963612995915,3.519902970017387,2.1488232509445857,0.6100141620184195,6959_8287
55,6,40091.02298850575,72.8122899383953,5.453116739812267,0.07617642720693726,5.702701622734045,4.6621952379569445,0.8002952648946141,39633.25,68.98052514987279,3.406956929989899,0.04963104112094975,3.261230897214859,2.2860609548146007,0.7001452193541008,6959_8287
56,0,41097.117021276594,69.17473285790041,2.5033031175889966,0.0363274620073488,2.9101490058576838,1.8203402594768623,0.6259166056690169,41677.43010752688,67.70416086628218,2.5390769825037567,0.03765554664914131,2.665710348581481,1.6794232277729406,0.6260289665096586,9178_7997
57,1,41029.541666666664,69.01957517064106,2.6701816421765123,0.03886787099167891,2.895066638008137,1.8611647316038196,0.6391101614062273,41015.515789473684,67.58627588668844,2.700888709369477,0.040167872841249355,2.6612488282290347,1.715120581073954,0.6331986278946472,9178_7997
58,2,42242.88421052632,68.88968018056404,2.4887096221814344,0.036267455430996076,2.986990839453193,1.867896028185102,0.6238813084442945,42020.505263157895,67.43200402322171,2.656818517750411,0.03961105712890905,2.7589430797938737,1.7382547807518751,0.6216876461778013,9178_7997
59,3,43763.61111111111,68.67078686004167,2.6952557493499514,0.0394466512847443,3.1191144960288177,1.9570769096121998,0.6239931859375778,43693.35555555556,67.19261019903642,2.9032766480102956,0.04364829593624478,2.8899706645722314,1.8544308034572894,0.6284847861305775,9178_7997
60,4,47803.09574468085,68.4021522032683,2.847674861846053,0.04187772827433804,3.407048059004027,2.0088155774728396,0.5883436782652912,48177.51063829787,67.05006722477567,2.9856545262180285,0.04482503418240496,3.096994167333515,1.871017243939877,0.5934100202629365,9178_7997
61,5,42019.42391304348,69.3593599032612,2.3601239836132546,0.03408314160549229,2.744939384606109,1.4963702016807041,0.5459325138248374,42460.260869565216,67.941893473415,2.221690388989352,0.0327417779828074,2.5042000054136637,1.3109997274893403,0.524831326408604,9178_7997
62,6,36671.98837209302,70.10388386546536,2.425356971273931,0.034667514959063034,2.300773727761211,1.388625408641524,0.6042297152871444,36866.09302325582,68.49008163581827,2.347293339539433,0.034346381944211045,2.1374437503097186,1.2550510576684824,0.587986388208468,9178_7997
63,0,44342.5376344086,60.587026344644755,5.430047939090201,0.08970628939512437,4.419683929588246,2.7203088882247926,0.6154512068377314,37938.32258064516,63.73310558050775,4.232705983822503,0.06669482180552225,3.764523311541477,2.4251419002137884,0.6433277506246946,8017_6167
64,1,43054.020833333336,60.616772270953284,5.208641147192735,0.08603782998236333,4.266467839177354,2.6258883980806664,0.6169693252154096,37233.37894736842,63.746310449509835,4.450716186968467,0.07007896519000499,3.7164659360424306,2.467329607367198,0.6598618945067019,8017_6167
65,2,44250.515789473684,60.31361172361785,5.344539640846608,0.08876601056294957,4.41334722952317,2.7015248061622423,0.6132051172058487,38330.32978723404,63.39388185405992,4.226684548729782,0.06680432398016148,3.8440933864613283,2.4032062964048517,0.6302515824720696,8017_6167
66,3,45536.10112359551,60.19749412994777,5.558278421685213,0.09252647894955159,4.558561864644605,2.797485679927468,0.6141237600933138,39302.375,63.43719476258706,4.360349910012925,0.0689669858927276,3.968014259292158,2.5001975435890365,0.6291334474190121,8017_6167
67,4,49208.89361702128,59.687168824237816,5.581688062479531,0.09369683574694437,4.910812433486794,2.8418931873905855,0.5776593530788429,42647.98924731183,62.95690400055141,4.346176925944944,0.06930320938549765,4.294296600392894,2.6106840774170164,0.6025038018998556,8017_6167
68,5,45244.692307692305,61.17036171560985,4.868036708374866,0.07965794111856377,4.262725247920151,2.3776843020986953,0.557502886770366,39091.36263736264,63.691881233455945,3.7285591476437214,0.05859521930491113,3.5032738841629456,2.0352584924964905,0.5808827929618913,8017_6167
69,6,42268.90697674418,62.29135219972044,5.0468592606289695,0.08118027057979131,4.033056868758333,2.6095260999980816,0.6452120994019135,33773.41860465116,64.64580378742001,3.719442803896262,0.057663713391765035,2.9481828767083873,1.8836878739247986,0.6380816560898999,8017_6167
70,0,41677.43010752688,67.70416086628218,2.5390769825037567,0.03765554664914131,2.665710348581481,1.6794232277729406,0.6260289665096586,38191.02127659575,67.93042445494137,3.3253753436665217,0.04941877595450552,4.121573920946579,2.8644198507950724,0.6855061300989596,7997_8466
71,1,41015.515789473684,67.58627588668844,2.700888709369477,0.040167872841249355,2.6612488282290347,1.715120581073954,0.6331986278946472,38169.34375,67.8300914023019,3.193985734799656,0.04745227621070853,4.074679622368297,2.8052007385585083,0.6787201377970633,7997_8466
72,2,42020.505263157895,67.43200402322171,2.656818517750411,0.03961105712890905,2.7589430797938737,1.7382547807518751,0.6216876461778013,39382.073684210525,67.48035603740988,3.7706157763171095,0.05651417741522679,4.30339697060936,3.0571098870934375,0.697829614976989,7997_8466
73,3,43693.35555555556,67.19261019903642,2.9032766480102956,0.04364829593624478,2.8899706645722314,1.8544308034572894,0.6284847861305775,40363.97777777778,67.30306435372087,4.257182644909785,0.06401158948111627,4.489441504335864,3.2553696656452424,0.7095017601443068,7997_8466
74,4,48177.51063829787,67.05006722477567,2.9856545262180285,0.04482503418240496,3.096994167333515,1.871017243939877,0.5934100202629365,42956.244680851065,67.44778997095071,4.06172359133999,0.06089400462433815,4.717857892968889,3.119868600009305,0.6507752767705736,7997_8466
75,5,42460.260869565216,67.941893473415,2.221690388989352,0.0327417779828074,2.5042000054136637,1.3109997274893403,0.524831326408604,37561.83516483517,68.6749117133497,2.2596945739051657,0.03295115089225271,3.6539513707902818,2.025225997964777,0.5539705853688323,7997_8466
76,6,36866.09302325582,68.49008163581827,2.347293339539433,0.034346381944211045,2.1374437503097186,1.2550510576684824,0.587986388208468,32648.63953488372,69.2593550087155,2.2504135038321134,0.03256699278808724,3.0980371589252442,1.9135066937091483,0.6175653923546326,7997_8466
77,0,37938.32258064516,63.73310558050775,4.232705983822503,0.06669482180552225,3.764523311541477,2.4251419002137884,0.6433277506246946,41097.117021276594,69.17473285790041,2.5033031175889966,0.0363274620073488,2.9101490058576838,1.8203402594768623,0.6259166056690169,6167_9178
78,1,37233.37894736842,63.746310449509835,4.450716186968467,0.07007896519000499,3.7164659360424306,2.467329607367198,0.6598618945067019,41029.541666666664,69.01957517064106,2.6701816421765123,0.03886787099167891,2.895066638008137,1.8611647316038196,0.6391101614062273,6167_9178
79,2,38330.32978723404,63.39388185405992,4.226684548729782,0.06680432398016148,3.8440933864613283,2.4032062964048517,0.6302515824720696,42242.88421052632,68.88968018056404,2.4887096221814344,0.036267455430996076,2.986990839453193,1.867896028185102,0.6238813084442945,6167_9178
80,3,39302.375,63.43719476258706,4.360349910012925,0.0689669858927276,3.968014259292158,2.5001975435890365,0.6291334474190121,43763.61111111111,68.67078686004167,2.6952557493499514,0.0394466512847443,3.1191144960288177,1.9570769096121998,0.6239931859375778,6167_9178
81,4,42647.98924731183,62.95690400055141,4.346176925944944,0.06930320938549765,4.294296600392894,2.6106840774170164,0.6025038018998556,47803.09574468085,68.4021522032683,2.847674861846053,0.04187772827433804,3.407048059004027,2.0088155774728396,0.5883436782652912,6167_9178
82,5,39091.36263736264,63.691881233455945,3.7285591476437214,0.05859521930491113,3.5032738841629456,2.0352584924964905,0.5808827929618913,42019.42391304348,69.3593599032612,2.3601239836132546,0.03408314160549229,2.744939384606109,1.4963702016807041,0.5459325138248374,6167_9178
83,6,33773.41860465116,64.64580378742001,3.719442803896262,0.057663713391765035,2.9481828767083873,1.8836878739247986,0.6380816560898999,36671.98837209302,70.10388386546536,2.425356971273931,0.034667514959063034,2.300773727761211,1.388625408641524,0.6042297152871444,6167_9178
84,0,38191.02127659575,67.93042445494137,3.3253753436665217,0.04941877595450552,4.121573920946579,2.8644198507950724,0.6855061300989596,38478.55319148936,69.60547891948485,3.492984362377107,0.0503909849239266,5.750229852598614,4.004172795065316,0.6942252760006877,8466_7095
85,1,38169.34375,67.8300914023019,3.193985734799656,0.04745227621070853,4.074679622368297,2.8052007385585083,0.6787201377970633,38005.479166666664,69.51921118119449,3.60009936224442,0.05207471283306275,5.687783315062695,4.048670265043043,0.7079901278071462,8466_7095
86,2,39382.073684210525,67.48035603740988,3.7706157763171095,0.05651417741522679,4.30339697060936,3.0571098870934375,0.697829614976989,39168.55789473684,69.16733605555426,3.808240187786873,0.05528182341615067,5.964379519095533,4.199169199762505,0.7034702212239944,8466_7095
87,3,40363.97777777778,67.30306435372087,4.257182644909785,0.06401158948111627,4.489441504335864,3.2553696656452424,0.7095017601443068,40156.455555555556,68.86353433089948,4.167527631784905,0.06090578450367023,6.204310906674271,4.2948397543119325,0.6893564828277383,8466_7095
88,4,42956.244680851065,67.44778997095071,4.06172359133999,0.06089400462433815,4.717857892968889,3.119868600009305,0.6507752767705736,43267.78723404255,68.63756041027584,4.242767178854382,0.06217049144431098,6.654088337625932,4.299269776728446,0.6441569202372471,8466_7095
89,5,37561.83516483517,68.6749117133497,2.2596945739051657,0.03295115089225271,3.6539513707902818,2.025225997964777,0.5539705853688323,37525.489130434784,70.08273044871865,2.828674062965912,0.04046788867145951,5.143513291721682,3.090123434371828,0.599933140892552,8466_7095
90,6,32648.63953488372,69.2593550087155,2.2504135038321134,0.03256699278808724,3.0980371589252442,1.9135066937091483,0.6175653923546326,32695.74712643678,70.88001719838175,2.60759154935613,0.03691177915550071,4.277454979186062,2.8781127383952385,0.6722522028715426,8466_7095
91,0,38478.55319148936,69.60547891948485,3.492984362377107,0.0503909849239266,5.750229852598614,4.004172795065316,0.6942252760006877,37428.52127659575,67.68663739575038,3.5003672875486114,0.051819408445092995,3.5841115317196404,2.2454346124549094,0.62580351595713,7095_6630
92,1,38005.479166666664,69.51921118119449,3.60009936224442,0.05207471283306275,5.687783315062695,4.048670265043043,0.7079901278071462,37150.979166666664,67.7073482085145,3.512328081395868,0.052055673391198744,3.6040840869479958,2.340306290129312,0.6457013419873551,7095_6630
93,2,39168.55789473684,69.16733605555426,3.808240187786873,0.05528182341615067,5.964379519095533,4.199169199762505,0.7034702212239944,37971.41052631579,67.49230863956863,3.384393082314985,0.050187921675406616,3.756811676412279,2.381981131234009,0.6335681666342154,7095_6630
94,3,40156.455555555556,68.86353433089948,4.167527631784905,0.06090578450367023,6.204310906674271,4.2948397543119325,0.6893564828277383,39080.92222222222,67.1069796610704,3.527321035716345,0.05272689550184084,3.8980630505797995,2.406465678034282,0.6160356298298716,7095_6630
95,4,43267.78723404255,68.63756041027584,4.242767178854382,0.06217049144431098,6.654088337625932,4.299269776728446,0.6441569202372471,41942.14893617021,66.87523648741224,3.5617624535598598,0.05338698433031493,4.093761093084495,2.3248502874379997,0.5685381596620612,7095_6630
96,5,37525.489130434784,70.08273044871865,2.828674062965912,0.04046788867145951,5.143513291721682,3.090123434371828,0.599933140892552,36512.02222222222,67.70412188437217,3.2027110364615883,0.04752490056664519,3.2026412455666207,1.7296342441180301,0.5405428840803954,7095_6630
97,6,32695.74712643678,70.88001719838175,2.60759154935613,0.03691177915550071,4.277454979186062,2.8781127383952385,0.6722522028715426,31789.45348837209,68.54923753196334,3.095258854389659,0.04549523987536661,2.735862412637125,1.6786540336678002,0.6132313501410249,7095_6630
98,0,25540.606382978724,70.49175007431548,3.193212903143015,0.04534302401175644,3.235232343032266,2.04447515919806,0.6297462016747768,25540.606382978724,70.49175007431548,3.193212903143015,0.04534302401175644,3.235232343032266,2.04447515919806,0.6297462016747768,6854_11007
99,1,25832.875,70.15853216040082,3.2551922206987367,0.04663447832900792,3.2209592437932506,2.0359432466527756,0.6290520300528321,25832.875,70.15853216040082,3.2551922206987367,0.04663447832900792,3.2209592437932506,2.0359432466527756,0.6290520300528321,6854_11007
100,2,26307.547368421052,70.11031161242963,3.1011307716719108,0.04425026918189179,3.2961166722031887,2.0351424682068813,0.6177153031220584,26307.547368421052,70.11031161242963,3.1011307716719108,0.04425026918189179,3.2961166722031887,2.0351424682068813,0.6177153031220584,6854_11007
101,3,27263.393258426968,70.0668117226684,3.0496824953413113,0.043565656296948196,3.4323939720731818,2.0777051490486027,0.6058088297059215,27263.393258426968,70.0668117226684,3.0496824953413113,0.043565656296948196,3.4323939720731818,2.0777051490486027,0.6058088297059215,6854_11007
102,4,29988.11827956989,70.32344416335037,3.032160269874893,0.04316592602233581,3.662064658105955,2.0834731474865453,0.5691166946648719,29988.11827956989,70.32344416335037,3.032160269874893,0.04316592602233581,3.662064658105955,2.0834731474865453,0.5691166946648719,6854_11007
103,5,23903.10989010989,71.19400251619287,3.1262613037700997,0.043930151948008325,2.9769854875215267,1.6475163482947137,0.5535962586448974,23903.10989010989,71.19400251619287,3.1262613037700997,0.043930151948008325,2.9769854875215267,1.6475163482947137,0.5535962586448974,6854_11007
104,6,18911.95348837209,71.67828830905586,3.480403342712236,0.04859404631509263,2.515652823036102,1.6214164570314893,0.6438876148959028,18911.95348837209,71.67828830905586,3.480403342712236,0.04859404631509263,2.515652823036102,1.6214164570314893,0.6438876148959028,6854_11007
105,0,37428.52127659575,67.68663739575038,3.5003672875486114,0.051819408445092995,3.5841115317196404,2.2454346124549094,0.62580351595713,38189.6914893617,67.41038092404591,2.9057337129690026,0.04321573794060329,4.02985488438818,2.5699079115380448,0.6374823693218539,6630_6324
106,1,37150.979166666664,67.7073482085145,3.512328081395868,0.052055673391198744,3.6040840869479958,2.340306290129312,0.6457013419873551,37962.770833333336,67.41794242503582,2.7835132636998945,0.04133186209983875,3.97807743151411,2.5434876754243194,0.6405526627135314,6630_6324
107,2,37971.41052631579,67.49230863956863,3.384393082314985,0.050187921675406616,3.756811676412279,2.381981131234009,0.6335681666342154,38973.936842105264,67.27724460698745,2.86984824883167,0.04274182659767733,4.166586947386008,2.657294783666833,0.6372542695903848,6630_6324
108,3,39080.92222222222,67.1069796610704,3.527321035716345,0.05272689550184084,3.8980630505797995,2.406465678034282,0.6160356298298716,39625.666666666664,66.98767823658204,2.866453037502475,0.042827684837405754,4.303369889227812,2.684456356423126,0.6215714018272341,6630_6324
109,4,41942.14893617021,66.87523648741224,3.5617624535598598,0.05338698433031493,4.093761093084495,2.3248502874379997,0.5685381596620612,43296.41935483871,66.89061687828818,2.8355158419507136,0.04248088566848301,4.581563112515132,2.649510744862572,0.5788638740130051,6630_6324
110,5,36512.02222222222,67.70412188437217,3.2027110364615883,0.04752490056664519,3.2026412455666207,1.7296342441180301,0.5405428840803954,37598.37362637363,67.53235748873675,2.5174157545459472,0.037368946514980024,3.645320400614833,2.0032297054174952,0.5498172853157984,6630_6324
111,6,31789.45348837209,68.54923753196334,3.095258854389659,0.04549523987536661,2.735862412637125,1.6786540336678002,0.6132313501410249,32663.116279069767,68.18739361753578,2.5049741602716056,0.03691257291178303,3.0978591240577393,1.927919344677705,0.6236036098327326,6630_6324
112,0,38189.6914893617,67.41038092404591,2.9057337129690026,0.04321573794060329,4.02985488438818,2.5699079115380448,0.6374823693218539,25540.606382978724,70.49175007431548,3.193212903143015,0.04534302401175644,3.235232343032266,2.04447515919806,0.6297462016747768,6324_6854
113,1,37962.770833333336,67.41794242503582,2.7835132636998945,0.04133186209983875,3.97807743151411,2.5434876754243194,0.6405526627135314,25832.875,70.15853216040082,3.2551922206987367,0.04663447832900792,3.2209592437932506,2.0359432466527756,0.6290520300528321,6324_6854
114,2,38973.936842105264,67.27724460698745,2.86984824883167,0.04274182659767733,4.166586947386008,2.657294783666833,0.6372542695903848,26307.547368421052,70.11031161242963,3.1011307716719108,0.04425026918189179,3.2961166722031887,2.0351424682068813,0.6177153031220584,6324_6854
115,3,39625.666666666664,66.98767823658204,2.866453037502475,0.042827684837405754,4.303369889227812,2.684456356423126,0.6215714018272341,27263.393258426968,70.0668117226684,3.0496824953413113,0.043565656296948196,3.4323939720731818,2.0777051490486027,0.6058088297059215,6324_6854
116,4,43296.41935483871,66.89061687828818,2.8355158419507136,0.04248088566848301,4.581563112515132,2.649510744862572,0.5788638740130051,29988.11827956989,70.32344416335037,3.032160269874893,0.04316592602233581,3.662064658105955,2.0834731474865453,0.5691166946648719,6324_6854
117,5,37598.37362637363,67.53235748873675,2.5174157545459472,0.037368946514980024,3.645320400614833,2.0032297054174952,0.5498172853157984,23903.10989010989,71.19400251619287,3.1262613037700997,0.043930151948008325,2.9769854875215267,1.6475163482947137,0.5535962586448974,6324_6854
118,6,32663.116279069767,68.18739361753578,2.5049741602716056,0.03691257291178303,3.0978591240577393,1.927919344677705,0.6236036098327326,18911.95348837209,71.67828830905586,3.480403342712236,0.04859404631509263,2.515652823036102,1.6214164570314893,0.6438876148959028,6324_6854
119,0,31790.82978723404,73.73846633314503,2.182431048865718,0.029621722217550342,2.0410400794156445,1.3893853584590625,0.6817768124229405,31805.542553191488,72.95615896344877,2.284902250792089,0.03135816012039581,2.7898089502412002,1.9321367569898473,0.6927883015465893,8476_8600
120,1,32032.739583333332,73.58677509073344,2.346998058054778,0.031980358201680256,2.057511813531486,1.4544129013470573,0.700211564796009,31816.708333333332,72.7737457349459,2.5569578085941242,0.035266175746787344,2.8068096268430356,2.037935147137367,0.7182092234285725,8476_8600
121,2,32904.084210526315,73.47839096575765,2.323264219614404,0.0316790836645799,2.13521542705644,1.466542605005984,0.684751290424919,32701.32978723404,72.6279659927104,2.4526831884522733,0.03384014156719789,2.9155355929916835,2.069532839208278,0.7082006156627526,8476_8600
122,3,33724.426966292136,73.491655869802,2.294380695324367,0.03127278073409777,2.1950420270395767,1.4695467688839623,0.6693647592409705,33634.455555555556,72.64810768288777,2.4598504782645856,0.03394580405339365,3.0147747969555976,2.081623473839498,0.6895629266509503,8476_8600
123,4,36430.94680851064,73.54441189538133,2.1881846611657405,0.029810251652386075,2.3556785746853217,1.45538205891447,0.6178930749008948,36355.48936170213,72.731983917433,2.414733595408154,0.03340324207461451,3.230749657982928,2.065557005589655,0.6349020079161585,8476_8600
124,5,30028.228260869564,74.24357033012149,2.1587378366176773,0.029117948052273215,1.8030914356457983,1.0696820957815527,0.5955738462594602,30198.521739130436,73.6389041206045,2.2911651583894486,0.031157129220359098,2.4028432847605687,1.436806714051423,0.598574497218899,8476_8600
125,6,25562.93023255814,74.61849874359812,2.495152800625509,0.03358920551942068,1.4980704466377426,1.0990065411536967,0.7135568044998682,25153.241379310344,73.99229072000607,2.717057695903493,0.03700112238750617,1.9897023477478275,1.501056439299137,0.7226817274651876,8476_8600
126,0,31332.25842696629,68.6978404118811,2.4791715489861463,0.036114788361428556,1.9307292478975886,1.3121547413536194,0.6808531895482856,31790.82978723404,73.73846633314503,2.182431048865718,0.029621722217550342,2.0410400794156445,1.3893853584590625,0.6817768124229405,11010_8476
127,1,31285.252747252747,68.57871193938287,2.564141230465342,0.03745477369219479,1.9490434977470505,1.35233790624392,0.6937563021896993,32032.739583333332,73.58677509073344,2.346998058054778,0.031980358201680256,2.057511813531486,1.4544129013470573,0.700211564796009,11010_8476
128,2,32100.82222222222,68.49316466357925,2.5635176428758673,0.0374547416350482,1.9985815436102883,1.3471315822300634,0.6722841150088512,32904.084210526315,73.47839096575765,2.323264219614404,0.0316790836645799,2.13521542705644,1.466542605005984,0.684751290424919,11010_8476
129,3,33046.642857142855,68.54229230702582,2.470999641327228,0.03609351759034744,2.0524748394484615,1.3679191152193733,0.659685088527745,33724.426966292136,73.491655869802,2.294380695324367,0.03127278073409777,2.1950420270395767,1.4695467688839623,0.6693647592409705,11010_8476
130,4,35912.14606741573,68.48057784099066,2.3822981566506867,0.03481307776045152,2.236168625992024,1.3446597150402804,0.603996041719427,36430.94680851064,73.54441189538133,2.1881846611657405,0.029810251652386075,2.3556785746853217,1.45538205891447,0.6178930749008948,11010_8476
131,5,29677.488636363636,69.11268271768068,2.3911055792847815,0.03462750614100552,1.6954529022310738,1.0041093953271412,0.5933365935072981,30028.228260869564,74.24357033012149,2.1587378366176773,0.029117948052273215,1.8030914356457983,1.0696820957815527,0.5955738462594602,11010_8476
132,6,24930.243902439026,69.55458269009965,2.6568386169536593,0.03828910719140731,1.3649515246802315,0.9999695707466226,0.717368844912214,25562.93023255814,74.61849874359812,2.495152800625509,0.03358920551942068,1.4980704466377426,1.0990065411536967,0.7135568044998682,11010_8476
133,0,25540.606382978724,70.49175007431548,3.193212903143015,0.04534302401175644,3.235232343032266,2.04447515919806,0.6297462016747768,27277.96629213483,72.14730640433571,2.3385539408978135,0.03235726446121251,2.3861965645455547,1.7400354630437185,0.6918234314627676,11007_8480
134,1,25832.875,70.15853216040082,3.2551922206987367,0.04663447832900792,3.2209592437932506,2.0359432466527756,0.6290520300528321,27332.2,71.55832755312943,2.699530884098605,0.039327022148238286,2.4777915408270803,1.8792146799307827,0.6847447345303728,11007_8480
135,2,26307.547368421052,70.11031161242963,3.1011307716719108,0.04425026918189179,3.2961166722031887,2.0351424682068813,0.6177153031220584,28163.375,71.53291250573902,2.3577948932024597,0.033025091445246436,2.4920818141555467,1.7299524132629311,0.6777292365733227,11007_8480
136,3,27263.393258426968,70.0668117226684,3.0496824953413113,0.043565656296948196,3.4323939720731818,2.0777051490486027,0.6058088297059215,28856.119047619046,71.6185956235497,2.36307219786856,0.03292476708240736,2.5544530820624995,1.7244368891800128,0.6593535380216975,11007_8480
137,4,29988.11827956989,70.32344416335037,3.032160269874893,0.04316592602233581,3.662064658105955,2.0834731474865453,0.5691166946648719,30390.898876404495,71.35851514285739,2.293936708213346,0.03209204622699405,2.6499761590205644,1.7501263736317318,0.6164367272088254,11007_8480
138,5,23903.10989010989,71.19400251619287,3.1262613037700997,0.043930151948008325,2.9769854875215267,1.6475163482947137,0.5535962586448974,27519.780487804877,72.88680433325229,2.2829201284645597,0.031335476420900184,2.1570374718866763,1.3289597491782588,0.6019493462244182,11007_8480
139,6,18911.95348837209,71.67828830905586,3.480403342712236,0.04859404631509263,2.515652823036102,1.6214164570314893,0.6438876148959028,23774.402597402597,73.45514619918411,2.492484663256456,0.03399364995358899,1.7982069954109636,1.2693821210765943,0.7070996490559384,11007_8480
140,0,31805.542553191488,72.95615896344877,2.284902250792089,0.03135816012039581,2.7898089502412002,1.9321367569898473,0.6927883015465893,31870.18085106383,71.03216087569062,2.4573492643138697,0.03461616841307584,2.8136457478682297,1.9489015365416664,0.6929833041916266,8600_8520
141,1,31816.708333333332,72.7737457349459,2.5569578085941242,0.035266175746787344,2.8068096268430356,2.037935147137367,0.7182092234285725,32024.833333333332,70.87651227083781,2.77048571271372,0.03914025795674727,2.8345554613614197,2.0568040259318296,0.7223219813835317,8600_8520
142,2,32701.32978723404,72.6279659927104,2.4526831884522733,0.03384014156719789,2.9155355929916835,2.069532839208278,0.7082006156627526,32935.37894736842,70.68709523842674,2.699859781946922,0.03828288481745839,2.9542403846525076,2.112545807614258,0.7105566707850768,8600_8520
143,3,33634.455555555556,72.64810768288777,2.4598504782645856,0.03394580405339365,3.0147747969555976,2.081623473839498,0.6895629266509503,33698.21111111111,70.66177804392554,2.6712274380205114,0.037892669227566206,3.0370534808484346,2.117799441544705,0.6938871953589933,8600_8520
144,4,36355.48936170213,72.731983917433,2.414733595408154,0.03340324207461451,3.230749657982928,2.065557005589655,0.6349020079161585,36488.255319148935,70.55879846279153,2.7431914853369537,0.039057365018621414,3.248041431696273,2.0920477810432083,0.6420647215541931,8600_8520
145,5,30198.521739130436,73.6389041206045,2.2911651583894486,0.031157129220359098,2.4028432847605687,1.436806714051423,0.598574497218899,30273.804347826088,71.54629084094496,2.4237498944004017,0.0339071149242617,2.434487356109272,1.460804268791967,0.6006591986310282,8600_8520
146,6,25153.241379310344,73.99229072000607,2.717057695903493,0.03700112238750617,1.9897023477478275,1.501056439299137,0.7226817274651876,25553.22988505747,72.17768865719715,2.5991582890876335,0.03605284053599633,1.9847990353471676,1.3853393410573884,0.6986035510770764,8600_8520
147,0,31870.18085106383,71.03216087569062,2.4573492643138697,0.03461616841307584,2.8136457478682297,1.9489015365416664,0.6929833041916266,31230.957446808512,68.99733957473674,3.1069586706332286,0.04506947536516823,2.783371611412356,2.0001941178007274,0.718222206171426,8520_8502
148,1,32024.833333333332,70.87651227083781,2.77048571271372,0.03914025795674727,2.8345554613614197,2.0568040259318296,0.7223219813835317,31602.208333333332,68.60500344437827,3.406895808654776,0.04981615116991694,2.8463946726898386,2.191989278543479,0.7609014603576675,8520_8502
149,2,32935.37894736842,70.68709523842674,2.699859781946922,0.03828288481745839,2.9542403846525076,2.112545807614258,0.7105566707850768,32450.77894736842,68.50584595198133,3.4038424802632483,0.04985359187700908,2.9630114155201572,2.2767971197096117,0.7543443937874138,8520_8502
150,3,33698.21111111111,70.66177804392554,2.6712274380205114,0.037892669227566206,3.0370534808484346,2.117799441544705,0.6938871953589933,33253.71111111111,68.42370209376952,3.411846552686638,0.05001735059401116,3.0371678565864406,2.246601254918934,0.7322653166382657,8520_8502
151,4,36488.255319148935,70.55879846279153,2.7431914853369537,0.039057365018621414,3.248041431696273,2.0920477810432083,0.6420647215541931,35853.574468085106,68.41248342734251,3.3383813362396757,0.04896788788310304,3.2273659377075687,2.2021766234136595,0.6773848722501357,8520_8502
152,5,30273.804347826088,71.54629084094496,2.4237498944004017,0.0339071149242617,2.434487356109272,1.460804268791967,0.6006591986310282,29005.532608695652,69.78264296808626,2.657932902918527,0.03812683584316319,2.369864481058374,1.4456286898822541,0.6101565162075984,8520_8502
153,6,25553.22988505747,72.17768865719715,2.5991582890876335,0.03605284053599633,1.9847990353471676,1.3853393410573884,0.6986035510770764,24461.850574712644,70.58545544686913,2.6692542949672418,0.037851420575299825,1.9418228657018115,1.3537356634894013,0.6978734787300502,8520_8502
154,0,27277.96629213483,72.14730640433571,2.3385539408978135,0.03235726446121251,2.3861965645455547,1.7400354630437185,0.6918234314627676,31332.25842696629,68.6978404118811,2.4791715489861463,0.036114788361428556,1.9307292478975886,1.3121547413536194,0.6808531895482856,8480_11010
155,1,27332.2,71.55832755312943,2.699530884098605,0.039327022148238286,2.4777915408270803,1.8792146799307827,0.6847447345303728,31285.252747252747,68.57871193938287,2.564141230465342,0.03745477369219479,1.9490434977470505,1.35233790624392,0.6937563021896993,8480_11010
156,2,28163.375,71.53291250573902,2.3577948932024597,0.033025091445246436,2.4920818141555467,1.7299524132629311,0.6777292365733227,32100.82222222222,68.49316466357925,2.5635176428758673,0.0374547416350482,1.9985815436102883,1.3471315822300634,0.6722841150088512,8480_11010
157,3,28856.119047619046,71.6185956235497,2.36307219786856,0.03292476708240736,2.5544530820624995,1.7244368891800128,0.6593535380216975,33046.642857142855,68.54229230702582,2.470999641327228,0.03609351759034744,2.0524748394484615,1.3679191152193733,0.659685088527745,8480_11010
158,4,30390.898876404495,71.35851514285739,2.293936708213346,0.03209204622699405,2.6499761590205644,1.7501263736317318,0.6164367272088254,35912.14606741573,68.48057784099066,2.3822981566506867,0.03481307776045152,2.236168625992024,1.3446597150402804,0.603996041719427,8480_11010
159,5,27519.780487804877,72.88680433325229,2.2829201284645597,0.031335476420900184,2.1570374718866763,1.3289597491782588,0.6019493462244182,29677.488636363636,69.11268271768068,2.3911055792847815,0.03462750614100552,1.6954529022310738,1.0041093953271412,0.5933365935072981,8480_11010
160,6,23774.402597402597,73.45514619918411,2.492484663256456,0.03399364995358899,1.7982069954109636,1.2693821210765943,0.7070996490559384,24930.243902439026,69.55458269009965,2.6568386169536593,0.03828910719140731,1.3649515246802315,0.9999695707466226,0.717368844912214,8480_11010
161,0,31230.957446808512,68.99733957473674,3.1069586706332286,0.04506947536516823,2.783371611412356,2.0001941178007274,0.718222206171426,52081.01075268817,75.15784941275876,2.3088920004201534,0.030792483229928495,4.026699230333159,2.9883685141293976,0.7404624565619974,8502_6701
162,1,31602.208333333332,68.60500344437827,3.406895808654776,0.04981615116991694,2.8463946726898386,2.191989278543479,0.7609014603576675,53109.54736842105,74.79248448266837,3.12226453181548,0.04206689846046459,4.129676856342088,3.3174259651095097,0.7934719552777337,8502_6701
163,2,32450.77894736842,68.50584595198133,3.4038424802632483,0.04985359187700908,2.9630114155201572,2.2767971197096117,0.7543443937874138,54036.96808510638,74.58993747610603,3.0670551764185414,0.04144094958383653,4.3050020995313005,3.4060880373407123,0.7811898855774689,8502_6701
164,3,33253.71111111111,68.42370209376952,3.411846552686638,0.05001735059401116,3.0371678565864406,2.246601254918934,0.7322653166382657,54855.2808988764,74.6349015515905,3.2126066553276864,0.04330045444538162,4.427989903482475,3.417049812634792,0.765264772572306,8502_6701
165,4,35853.574468085106,68.41248342734251,3.3383813362396757,0.04896788788310304,3.2273659377075687,2.2021766234136595,0.6773848722501357,61028.645161290326,74.75332199728973,2.9338943255105665,0.03963137561349313,4.729265052370251,3.332252684466997,0.6993826624337904,8502_6701
166,5,29005.532608695652,69.78264296808626,2.657932902918527,0.03812683584316319,2.369864481058374,1.4456286898822541,0.6101565162075984,50272.37362637363,75.97933549798468,2.053245649687998,0.027060841944172388,3.3458927398215517,2.0706198025983302,0.6192542526284517,8502_6701
167,6,24461.850574712644,70.58545544686913,2.6692542949672418,0.037851420575299825,1.9418228657018115,1.3537356634894013,0.6978734787300502,41239.16279069767,76.45600049959349,2.24609372595581,0.02944729119161365,2.712133999944261,1.9713466503912975,0.7250224097894576,8502_6701
168,0,52081.01075268817,75.15784941275876,2.3088920004201534,0.030792483229928495,4.026699230333159,2.9883685141293976,0.7404624565619974,31012.94623655914,73.09298260796729,2.3855164420548127,0.03267877749760317,3.926716112134797,2.8810194512867953,0.732676961803076,6701_5900
169,1,53109.54736842105,74.79248448266837,3.12226453181548,0.04206689846046459,4.129676856342088,3.3174259651095097,0.7934719552777337,30943.708333333332,72.78406988723171,2.943798279179946,0.04061568661578919,4.008993150363689,3.1131381589363722,0.7713329380654205,6701_5900
170,2,54036.96808510638,74.58993747610603,3.0670551764185414,0.04144094958383653,4.3050020995313005,3.4060880373407123,0.7811898855774689,32283.81052631579,72.57823994959327,2.81784835207528,0.03893417099912065,4.169247505531102,3.115795070617375,0.7438850109429432,6701_5900
171,3,54855.2808988764,74.6349015515905,3.2126066553276864,0.04330045444538162,4.427989903482475,3.417049812634792,0.765264772572306,32875.166666666664,72.58595743506079,3.0949487479075124,0.042816121043717896,4.29601986381957,3.1942747494024433,0.7399538736339111,6701_5900
172,4,61028.645161290326,74.75332199728973,2.9338943255105665,0.03963137561349313,4.729265052370251,3.332252684466997,0.6993826624337904,35228.48936170213,72.632298237168,2.974990240242283,0.04125835946786108,4.588064494893216,3.1987329937984077,0.6926287840880078,6701_5900
173,5,50272.37362637363,75.97933549798468,2.053245649687998,0.027060841944172388,3.3458927398215517,2.0706198025983302,0.6192542526284517,27919.858695652172,73.93799956856094,2.2347863225806113,0.030268613259309008,3.2299185787921316,1.9690802524834763,0.6110349197028484,6701_5900
174,6,41239.16279069767,76.45600049959349,2.24609372595581,0.02944729119161365,2.712133999944261,1.9713466503912975,0.7250224097894576,24330.011627906977,74.4605203349222,2.480176897517118,0.03345013598731233,2.6602252440014165,1.938526464850981,0.7199523548505289,6701_5900
175,0,34502.265957446805,69.03663048977798,2.9834903675100812,0.04340769720380152,3.03123694031308,2.4837768032315037,0.8051187626173075,34532.53846153846,70.21723550482751,2.9315884803855434,0.04192057866481959,3.323230046198316,2.4847891387367023,0.7441289514199709,8598_8531
176,1,35217.989583333336,68.56905736964823,3.9369443943508564,0.05802961448132626,3.218695239591307,2.958243285599656,0.8795103192190261,34600.82105263158,69.72069617166778,3.9154952652692074,0.056616326675967596,3.4615042562104983,2.826530287165635,0.8051728145555844,8598_8531
177,2,36144.242105263154,68.38196976228232,3.9373101836189526,0.05822806071920555,3.3395766868730643,2.992332356734773,0.8608382562387241,36027.79787234042,69.48386207438426,3.8686633992217008,0.056268746465035435,3.602836874557124,2.8878300768081493,0.7857243063218955,8598_8531
178,3,36746.88888888889,68.29022763697519,4.414795289376477,0.06539101455990286,3.461376339876636,3.1850850042873935,0.8840768488830077,36335.75555555556,69.36766032485284,4.444167746646863,0.06472865396916823,3.736154572908296,3.0511009346236455,0.8017158403951856,8598_8531
179,4,39496.14893617021,68.46089188697957,3.661939821405171,0.05439967688091666,3.587806434604465,2.863693776954225,0.767701044283491,39548.55434782609,69.76352456815881,3.2825480164011434,0.04756237206947778,3.830889699691621,2.6870020097574465,0.6936888102956137,8598_8531
180,5,31291.239130434784,69.91732787997981,2.0786165162475605,0.029747944754641206,2.366546097219738,1.509831278267877,0.6387624393635575,31670.685393258427,71.22057815943454,2.2282791166169096,0.03131668638754078,2.71527855171097,1.683918901759742,0.6217213154622991,8598_8531
181,6,25947.383720930233,70.50756459593495,2.2162198596164315,0.031502212893277044,1.8577247452840508,1.382576841192945,0.7409460015564534,25792.714285714286,71.78647291488349,2.5086230645882974,0.03505252357260375,2.1530377635699893,1.5572539917866424,0.7212738814144418,8598_8531
182,0,31351.09574468085,68.52242154525246,2.30459618666534,0.03368035015959167,2.765900603985888,2.048235157957988,0.7390686678366124,34502.265957446805,69.03663048977798,2.9834903675100812,0.04340769720380152,3.03123694031308,2.4837768032315037,0.8051187626173075,8512_8598
183,1,31551.979166666668,68.2690294134472,2.7646275219603194,0.04064071767729583,2.8339321286623456,2.2664040357605377,0.7870403803892332,35217.989583333336,68.56905736964823,3.9369443943508564,0.05802961448132626,3.218695239591307,2.958243285599656,0.8795103192190261,8512_8598
184,2,32401.494736842105,68.13139674686107,2.6265034748296823,0.03865278863262483,2.936583379612052,2.2471685193756303,0.7594231014781704,36144.242105263154,68.38196976228232,3.9373101836189526,0.05822806071920555,3.3395766868730643,2.992332356734773,0.8608382562387241,8512_8598
185,3,33162.57777777778,68.09495904985117,2.906149438904729,0.0428832815575946,3.0439608951466557,2.360877645926321,0.7658064014214341,36746.88888888889,68.29022763697519,4.414795289376477,0.06539101455990286,3.461376339876636,3.1850850042873935,0.8840768488830077,8512_8598
186,4,35804.765957446805,68.17427529710712,2.611367463785267,0.038612437288409705,3.2365393422086446,2.2739127577544656,0.6937954109104488,39496.14893617021,68.46089188697957,3.661939821405171,0.05439967688091666,3.587806434604465,2.863693776954225,0.767701044283491,8512_8598
187,5,28956.478260869564,69.20324037808179,2.3088717613634153,0.03340482898311704,2.2891819517000003,1.4123846808426412,0.6175767421196029,31291.239130434784,69.91732787997981,2.0786165162475605,0.029747944754641206,2.366546097219738,1.509831278267877,0.6387624393635575,8512_8598
188,6,24425.310344827587,69.73623236862798,2.4333605032126937,0.03492902318582946,1.8454710025539784,1.3234424055884675,0.7177252885148467,25947.383720930233,70.50756459593495,2.2162198596164315,0.031502212893277044,1.8577247452840508,1.382576841192945,0.7409460015564534,8512_8598
189,0,31012.94623655914,73.09298260796729,2.3855164420548127,0.03267877749760317,3.926716112134797,2.8810194512867953,0.732676961803076,31351.09574468085,68.52242154525246,2.30459618666534,0.03368035015959167,2.765900603985888,2.048235157957988,0.7390686678366124,5900_8512
190,1,30943.708333333332,72.78406988723171,2.943798279179946,0.04061568661578919,4.008993150363689,3.1131381589363722,0.7713329380654205,31551.979166666668,68.2690294134472,2.7646275219603194,0.04064071767729583,2.8339321286623456,2.2664040357605377,0.7870403803892332,5900_8512
191,2,32283.81052631579,72.57823994959327,2.81784835207528,0.03893417099912065,4.169247505531102,3.115795070617375,0.7438850109429432,32401.494736842105,68.13139674686107,2.6265034748296823,0.03865278863262483,2.936583379612052,2.2471685193756303,0.7594231014781704,5900_8512
192,3,32875.166666666664,72.58595743506079,3.0949487479075124,0.042816121043717896,4.29601986381957,3.1942747494024433,0.7399538736339111,33162.57777777778,68.09495904985117,2.906149438904729,0.0428832815575946,3.0439608951466557,2.360877645926321,0.7658064014214341,5900_8512
193,4,35228.48936170213,72.632298237168,2.974990240242283,0.04125835946786108,4.588064494893216,3.1987329937984077,0.6926287840880078,35804.765957446805,68.17427529710712,2.611367463785267,0.038612437288409705,3.2365393422086446,2.2739127577544656,0.6937954109104488,5900_8512
194,5,27919.858695652172,73.93799956856094,2.2347863225806113,0.030268613259309008,3.2299185787921316,1.9690802524834763,0.6110349197028484,28956.478260869564,69.20324037808179,2.3088717613634153,0.03340482898311704,2.2891819517000003,1.4123846808426412,0.6175767421196029,5900_8512
195,6,24330.011627906977,74.4605203349222,2.480176897517118,0.03345013598731233,2.6602252440014165,1.938526464850981,0.7199523548505289,24425.310344827587,69.73623236862798,2.4333605032126937,0.03492902318582946,1.8454710025539784,1.3234424055884675,0.7177252885148467,5900_8512
196,0,36941.010869565216,70.34285028274967,3.902293254209411,0.05591744320894576,4.141080352917453,3.314528076216702,0.7895939341477755,38444.10112359551,64.6009999814806,5.2445425526296345,0.08154249921420276,3.4360786867491377,2.7625989665756663,0.7917938056742079,8540_8538
197,1,37581.0625,69.78843368524176,4.992191595496313,0.07226722175383428,4.389092830546186,3.7974761115010565,0.8435396975557578,39019.6404494382,64.17962568387573,5.867666147633026,0.09202805453629245,3.589037302698063,3.0880402120791772,0.8407501563866598,8540_8538
198,2,38716.45263157895,69.59933602204381,4.784436205377676,0.06968911425371084,4.53487295615806,3.8497880017998227,0.8218520515958274,39147.24444444444,63.96996412232884,5.683540244397369,0.08945965664376801,3.722624124529125,3.042176400040307,0.8023878588968744,8540_8538
199,3,39311.88888888889,69.48454911815968,5.340119311849227,0.07758773013691687,4.661145187277911,3.927654199467587,0.8265755805743051,41010.76190476191,63.76088274798615,6.165224420407231,0.09731952829511048,3.865971549465704,3.187443174005908,0.8148568417999574,8540_8538
200,4,41663.70212765958,69.88410266800572,4.297235398821941,0.06216786007184308,4.759988765734902,3.4835757481821155,0.7211690012968697,43383.44827586207,63.925452011068465,5.438057739809976,0.08557948562312398,3.910437185194079,2.8491459768267893,0.7192800571287598,8540_8538
201,5,32824.15555555555,71.72329597362399,2.314701640658397,0.032313365367696974,3.2597983137354536,1.9795356424525627,0.6075379585137751,33853.98823529412,66.07133861581481,3.3498183286829772,0.05071797450146366,2.6878456449447734,1.6188235867210734,0.6021092583733916,8540_8538
202,6,27178.95238095238,72.22718719005178,2.5789645402172328,0.035773275013026136,2.6359123324572784,1.7946079635648513,0.680195008969792,28028.530120481926,66.95736836835819,3.4470350736069295,0.05153768673667312,2.146986881649455,1.4690681293682168,0.6832971557797615,8540_8538
203,0,38444.10112359551,64.6009999814806,5.2445425526296345,0.08154249921420276,3.4360786867491377,2.7625989665756663,0.7917938056742079,37666.98936170213,71.67386178671154,3.920758294766453,0.05517302358916641,5.63615574225883,4.450855995838876,0.7853682153181042,8538_6642
204,1,39019.6404494382,64.17962568387573,5.867666147633026,0.09202805453629245,3.589037302698063,3.0880402120791772,0.8407501563866598,38719.322916666664,71.1956965985695,4.6572697848627636,0.06610666987712822,5.853709646223979,4.7817275160943185,0.8092287796671284,8538_6642
205,2,39147.24444444444,63.96996412232884,5.683540244397369,0.08945965664376801,3.722624124529125,3.042176400040307,0.8023878588968744,39963.936842105264,71.01228109808068,4.4423946990358605,0.06326020176280936,6.081015665860019,4.779458831750922,0.7816038636443328,8538_6642
206,3,41010.76190476191,63.76088274798615,6.165224420407231,0.09731952829511048,3.865971549465704,3.187443174005908,0.8148568417999574,39891.98888888889,70.92529079225199,4.751024576088603,0.0675982957952206,6.1561722436796025,4.837439117627683,0.7812193842155967,8538_6642
207,4,43383.44827586207,63.925452011068465,5.438057739809976,0.08557948562312398,3.910437185194079,2.8491459768267893,0.7192800571287598,43148.62765957447,71.0180867116435,4.30853291382843,0.06126137324168453,6.4822563368089074,4.621071178011141,0.7109903277996178,8538_6642
208,5,33853.98823529412,66.07133861581481,3.3498183286829772,0.05071797450146366,2.6878456449447734,1.6188235867210734,0.6021092583733916,33814.489130434784,73.27251465301507,2.4468639812191784,0.03351821955843969,4.38701764497469,2.7692423548290708,0.6310239854077139,8538_6642
209,6,28028.530120481926,66.95736836835819,3.4470350736069295,0.05153768673667312,2.146986881649455,1.4690681293682168,0.6832971557797615,27801.80459770115,73.90045570541088,2.7117220507617437,0.036863936755668736,3.473220719538851,2.4612663118381244,0.7060366858670735,8538_6642
210,0,36264.882978723406,67.11544720849497,4.765790545180747,0.07127924859296174,4.380777694128922,3.549434297210616,0.8002555912581653,36941.010869565216,70.34285028274967,3.902293254209411,0.05591744320894576,4.141080352917453,3.314528076216702,0.7895939341477755,8533_8540
211,1,36982.479166666664,66.51752313214483,5.75024302778352,0.08707974234148386,4.6156333737208355,4.068139528549192,0.8608611395361794,37581.0625,69.78843368524176,4.992191595496313,0.07226722175383428,4.389092830546186,3.7974761115010565,0.8435396975557578,8533_8540
212,2,37852.44210526316,66.27557385105277,5.663655815155501,0.08628735108953035,4.798632718632743,4.119887062368587,0.8362129464801019,38716.45263157895,69.59933602204381,4.784436205377676,0.06968911425371084,4.53487295615806,3.8497880017998227,0.8218520515958274,8533_8540
213,3,38323.03333333333,66.18609782050454,5.96995453583118,0.09101092280166838,4.920586901383779,4.215694338694092,0.8356856771623369,39311.88888888889,69.48454911815968,5.340119311849227,0.07758773013691687,4.661145187277911,3.927654199467587,0.8265755805743051,8533_8540
214,4,41179.70212765958,66.41710823456495,5.055158255410528,0.07668926839674156,5.024172519645281,3.705213294349409,0.727483441526581,41663.70212765958,69.88410266800572,4.297235398821941,0.06216786007184308,4.759988765734902,3.4835757481821155,0.7211690012968697,8533_8540
215,5,32304.706521739132,68.57266395224129,3.166428633803894,0.04619512605342336,3.517975241424919,2.247692202673227,0.6371559419738443,32824.15555555555,71.72329597362399,2.314701640658397,0.032313365367696974,3.2597983137354536,1.9795356424525627,0.6075379585137751,8533_8540
216,6,26510.7816091954,69.54933493508683,3.0990196610658463,0.04459681774070394,2.8193860719014254,2.0619448725566003,0.7285149763546986,27178.95238095238,72.22718719005178,2.5789645402172328,0.035773275013026136,2.6359123324572784,1.7946079635648513,0.680195008969792,8533_8540
217,0,34532.53846153846,70.21723550482751,2.9315884803855434,0.04192057866481959,3.323230046198316,2.4847891387367023,0.7441289514199709,36264.882978723406,67.11544720849497,4.765790545180747,0.07127924859296174,4.380777694128922,3.549434297210616,0.8002555912581653,8531_8533
218,1,34600.82105263158,69.72069617166778,3.9154952652692074,0.056616326675967596,3.4615042562104983,2.826530287165635,0.8051728145555844,36982.479166666664,66.51752313214483,5.75024302778352,0.08707974234148386,4.6156333737208355,4.068139528549192,0.8608611395361794,8531_8533
219,2,36027.79787234042,69.48386207438426,3.8686633992217008,0.056268746465035435,3.602836874557124,2.8878300768081493,0.7857243063218955,37852.44210526316,66.27557385105277,5.663655815155501,0.08628735108953035,4.798632718632743,4.119887062368587,0.8362129464801019,8531_8533
220,3,36335.75555555556,69.36766032485284,4.444167746646863,0.06472865396916823,3.736154572908296,3.0511009346236455,0.8017158403951856,38323.03333333333,66.18609782050454,5.96995453583118,0.09101092280166838,4.920586901383779,4.215694338694092,0.8356856771623369,8531_8533
221,4,39548.55434782609,69.76352456815881,3.2825480164011434,0.04756237206947778,3.830889699691621,2.6870020097574465,0.6936888102956137,41179.70212765958,66.41710823456495,5.055158255410528,0.07668926839674156,5.024172519645281,3.705213294349409,0.727483441526581,8531_8533
222,5,31670.685393258427,71.22057815943454,2.2282791166169096,0.03131668638754078,2.71527855171097,1.683918901759742,0.6217213154622991,32304.706521739132,68.57266395224129,3.166428633803894,0.04619512605342336,3.517975241424919,2.247692202673227,0.6371559419738443,8531_8533
223,6,25792.714285714286,71.78647291488349,2.5086230645882974,0.03505252357260375,2.1530377635699893,1.5572539917866424,0.7212738814144418,26510.7816091954,69.54933493508683,3.0990196610658463,0.04459681774070394,2.8193860719014254,2.0619448725566003,0.7285149763546986,8531_8533
224,0,38309.40697674418,70.65759044070765,3.0740852473765465,0.043767671921608436,3.4265511680491563,2.6812129375960456,0.7808235895441336,28493.925531914894,74.54443847913312,2.9198771148538034,0.039429417309155834,3.674678363219807,3.085355790519909,0.8265008976142877,7993_7091
225,1,39180.60227272727,70.19479147343898,3.6906594012461706,0.053031815590626134,3.5849350215077744,2.9538919986561862,0.814408193337782,29645.074468085106,74.25745679605026,3.1747637493625533,0.0432446290305277,3.847553671931075,3.297608186438763,0.8348433225945017,7993_7091
226,2,39652.03370786517,70.04212946205155,3.6233565770253717,0.05207049099123336,3.7122316866715033,2.929055184342588,0.7857342007209684,30348.56989247312,74.02656070313783,3.3711921209446163,0.046167374088312,4.011600784756205,3.428667911149275,0.8328797150929911,7993_7091
227,3,40825.15476190476,70.05090929609473,3.511652036066085,0.0504111436367377,3.739887695053303,2.8958530521574923,0.7696773416690434,30734.068965517243,74.15727751966466,3.1674315942902695,0.04295848387576918,4.028117690333796,3.2601593903892767,0.8034296826890177,7993_7091
228,4,42828.45977011494,69.92650474384158,3.5539207971025903,0.051542725316482206,3.970545320534003,2.9034421604693748,0.7228774387390675,31924.225806451614,74.52072633883743,2.641964248538397,0.03555903980328988,4.137271625151449,3.0100848505036457,0.7258494883571047,7993_7091
229,5,33954.119047619046,71.93011041745301,2.2906671775815974,0.03199192546699372,2.688401948304007,1.7518703567453195,0.6525191862050087,24559.544444444444,75.8952126031072,2.170901008460489,0.02864921702434552,2.74109598698368,1.7816332024600583,0.6513971694970826,7993_7091
230,6,27954.48717948718,72.5276957560874,2.474432238313128,0.034218650866507695,2.101292951559082,1.5566751958522775,0.7409124582835632,19859.214285714286,76.33340749153899,2.2978308319314054,0.03014916632532597,2.0709985707254495,1.5200058686552367,0.7343258766697,7993_7091
231,0,28493.925531914894,74.54443847913312,2.9198771148538034,0.039429417309155834,3.674678363219807,3.085355790519909,0.8265008976142877,54071.17021276596,72.74675997517704,2.7085738023203034,0.0375772101700472,3.7514892127155455,2.734947428969653,0.7170165867450762,7091_6173
232,1,29645.074468085106,74.25745679605026,3.1747637493625533,0.0432446290305277,3.847553671931075,3.297608186438763,0.8348433225945017,55139.78125,72.56122255567689,2.7621097284379186,0.038509512663166365,3.8423506243908396,2.8163279290625898,0.7191743351511423,7091_6173
233,2,30348.56989247312,74.02656070313783,3.3711921209446163,0.046167374088312,4.011600784756205,3.428667911149275,0.8328797150929911,56279.14736842105,72.36810069471561,2.999960124968776,0.04206894585822509,3.990213804619225,2.9751970163964243,0.7283260505806141,7091_6173
234,3,30734.068965517243,74.15727751966466,3.1674315942902695,0.04295848387576918,4.028117690333796,3.2601593903892767,0.8034296826890177,57249.055555555555,72.44659816333366,2.9694544743607403,0.041283093677084916,4.024475950802151,2.8693511091069146,0.7056321245998213,7091_6173
235,4,31924.225806451614,74.52072633883743,2.641964248538397,0.03555903980328988,4.137271625151449,3.0100848505036457,0.7258494883571047,59964.04255319149,72.79409877768535,2.4287205966952965,0.03348716845653221,4.11222748557165,2.673475605761889,0.6471500266598872,7091_6173
236,5,24559.544444444444,75.8952126031072,2.170901008460489,0.02864921702434552,2.74109598698368,1.7816332024600583,0.6513971694970826,44398.586956521736,74.23824826915875,2.2191549484471467,0.02997347790419232,2.7522853762730732,1.6056679490240133,0.5763544102560031,7091_6173
237,6,19859.214285714286,76.33340749153899,2.2978308319314054,0.03014916632532597,2.0709985707254495,1.5200058686552367,0.7343258766697,37149.89655172414,74.65705855066385,2.18991789916523,0.029371010354946846,2.2013161589712693,1.3685079780078577,0.621706976695878,7091_6173
238,0,37666.98936170213,71.67386178671154,3.920758294766453,0.05517302358916641,5.63615574225883,4.450855995838876,0.7853682153181042,38309.40697674418,70.65759044070765,3.0740852473765465,0.043767671921608436,3.4265511680491563,2.6812129375960456,0.7808235895441336,6642_7993
239,1,38719.322916666664,71.1956965985695,4.6572697848627636,0.06610666987712822,5.853709646223979,4.7817275160943185,0.8092287796671284,39180.60227272727,70.19479147343898,3.6906594012461706,0.053031815590626134,3.5849350215077744,2.9538919986561862,0.814408193337782,6642_7993
240,2,39963.936842105264,71.01228109808068,4.4423946990358605,0.06326020176280936,6.081015665860019,4.779458831750922,0.7816038636443328,39652.03370786517,70.04212946205155,3.6233565770253717,0.05207049099123336,3.7122316866715033,2.929055184342588,0.7857342007209684,6642_7993
241,3,39891.98888888889,70.92529079225199,4.751024576088603,0.0675982957952206,6.1561722436796025,4.837439117627683,0.7812193842155967,40825.15476190476,70.05090929609473,3.511652036066085,0.0504111436367377,3.739887695053303,2.8958530521574923,0.7696773416690434,6642_7993
242,4,43148.62765957447,71.0180867116435,4.30853291382843,0.06126137324168453,6.4822563368089074,4.621071178011141,0.7109903277996178,42828.45977011494,69.92650474384158,3.5539207971025903,0.051542725316482206,3.970545320534003,2.9034421604693748,0.7228774387390675,6642_7993
243,5,33814.489130434784,73.27251465301507,2.4468639812191784,0.03351821955843969,4.38701764497469,2.7692423548290708,0.6310239854077139,33954.119047619046,71.93011041745301,2.2906671775815974,0.03199192546699372,2.688401948304007,1.7518703567453195,0.6525191862050087,6642_7993
244,6,27801.80459770115,73.90045570541088,2.7117220507617437,0.036863936755668736,3.473220719538851,2.4612663118381244,0.7060366858670735,27954.48717948718,72.5276957560874,2.474432238313128,0.034218650866507695,2.101292951559082,1.5566751958522775,0.7409124582835632,6642_7993
245,0,54071.17021276596,72.74675997517704,2.7085738023203034,0.0375772101700472,3.7514892127155455,2.734947428969653,0.7170165867450762,54031.53191489362,70.42496955722973,2.7967323861325806,0.03984754063650245,3.4748002011155714,2.4504684209738277,0.6997704502855295,6173_8544
246,1,55139.78125,72.56122255567689,2.7621097284379186,0.038509512663166365,3.8423506243908396,2.8163279290625898,0.7191743351511423,55060.864583333336,70.18737875182627,2.8701054854715125,0.04109883960725646,3.562962904748923,2.526074135300422,0.7029724788938161,6173_8544
247,2,56279.14736842105,72.36810069471561,2.999960124968776,0.04206894585822509,3.990213804619225,2.9751970163964243,0.7283260505806141,56150.53684210526,69.9625573877647,3.0629572949266173,0.04406849060541351,3.687611727684208,2.6460127136343026,0.7092359893001909,6173_8544
248,3,57249.055555555555,72.44659816333366,2.9694544743607403,0.041283093677084916,4.024475950802151,2.8693511091069146,0.7056321245998213,56947.97777777778,69.97975647207615,3.139045795678042,0.045081688647188006,3.738026605960734,2.6164061243129497,0.6948829062431012,6173_8544
249,4,59964.04255319149,72.79409877768535,2.4287205966952965,0.03348716845653221,4.11222748557165,2.673475605761889,0.6471500266598872,59634.17021276596,70.15832898104068,2.754431185712263,0.03940602822880092,3.8432917422308868,2.476922802492537,0.6421733416059331,6173_8544
250,5,44398.586956521736,74.23824826915875,2.2191549484471467,0.02997347790419232,2.7522853762730732,1.6056679490240133,0.5763544102560031,44312.61956521739,71.88180426434013,2.257366244311076,0.03149444174768418,2.5504200010138938,1.4139539821194345,0.5509295525478657,6173_8544
251,6,37149.89655172414,74.65705855066385,2.18991789916523,0.029371010354946846,2.2013161589712693,1.3685079780078577,0.621706976695878,37073.19540229885,72.5181748478974,2.2615081021526358,0.03122229245081411,2.047489939482661,1.2562345421515393,0.6138595309933754,6173_8544
252,0,53856.14893617021,72.37341711111289,2.0671492246461933,0.028604203703920573,3.444602030020631,2.4938294180804164,0.7218063704640574,49845.90425531915,71.41503158403606,8.11679743295883,0.1246375339763583,3.7096930376562613,2.683919650315808,0.7202202499515585,8557_8553
253,1,54603.28125,72.05287772705788,2.5011660974711263,0.035047728976674616,3.571153422363791,2.7709793096705373,0.7618236318384165,51900.666666666664,70.73936773048527,11.903280965155668,0.20934714449563377,3.8682956468151026,2.9660299915225785,0.7525044966931599,8557_8553
254,2,56436.88421052632,72.00663707029975,2.3032849113147327,0.0321175927222634,3.717703453888653,2.72665326399092,0.7232950399656001,52394.073684210525,70.36451285122781,12.030070739668576,0.47438671514808833,3.912624188636759,2.814493132951332,0.7159909112106816,8557_8553
255,3,57986.11111111111,72.07212860420778,2.3160971707730815,0.0322057024972913,3.79174981977257,2.9304650855549266,0.7272403789829983,54740.544444444444,71.62785208414282,2.548769865980027,0.035690976848024664,4.008403806504077,2.877756352547516,0.7122605700573204,8557_8553
256,4,61668.11827956989,72.25410703690812,2.1855258922510097,0.030368910499096582,3.8140400099078158,2.541066006713644,0.6658022883681335,57190.37234042553,71.30029081457266,7.348362970108171,0.11737316700243246,4.146854749118712,2.7342944675615604,0.6581434948976979,8557_8553
257,5,44442.20879120879,73.76532015150472,2.236617222058582,0.030339896317772227,2.468891054374803,1.4318459545529199,0.5814706566195391,41174.84782608696,72.72622847220096,5.0183178750996555,0.0808891893460451,2.6236929336923938,1.5131059697912042,0.5772663037471915,8557_8553
258,6,36789.86046511628,74.13420479534696,2.5562748964066078,0.03454487878494969,1.9427681938831474,1.2841485019703835,0.6635601534253046,34401.9540229885,73.21491358485973,4.932886576566893,0.08135809671121823,2.0468328387075,1.3464863997187724,0.6560497919317665,8557_8553
259,0,49845.90425531915,71.41503158403606,8.11679743295883,0.1246375339763583,3.7096930376562613,2.683919650315808,0.7202202499515585,50814.574468085106,73.84841964287327,2.629565030601642,0.03573342841823445,5.167264035751544,3.794958487768901,0.7303699189422379,8553_6689
260,1,51900.666666666664,70.73936773048527,11.903280965155668,0.20934714449563377,3.8682956468151026,2.9660299915225785,0.7525044966931599,51848.104166666664,73.34962111559055,2.9959270555375483,0.04150421852354696,5.3840402930526166,4.087033087622323,0.7461549808257791,8553_6689
261,2,52394.073684210525,70.36451285122781,12.030070739668576,0.47438671514808833,3.912624188636759,2.814493132951332,0.7159909112106816,52720.936842105264,73.44555354173752,2.6642585875443814,0.03640421153481332,5.433334873687825,3.9483908224718753,0.7237800003203831,8553_6689
262,3,54740.544444444444,71.62785208414282,2.548769865980027,0.035690976848024664,4.008403806504077,2.877756352547516,0.7122605700573204,53516.57777777778,73.43401545121837,3.019230084534003,0.04137176954484424,5.590127589571255,4.097992180517015,0.7259746993829781,8553_6689
263,4,57190.37234042553,71.30029081457266,7.348362970108171,0.11737316700243246,4.146854749118712,2.7342944675615604,0.6581434948976979,56198.71276595745,73.76441132743024,2.507579829736072,0.034264336871587385,5.749675830879232,3.8679391033541033,0.6711496206470944,8553_6689
264,5,41174.84782608696,72.72622847220096,5.0183178750996555,0.0808891893460451,2.6236929336923938,1.5131059697912042,0.5772663037471915,41090.19565217391,75.5733587513636,2.3378598724754487,0.031168759169819402,3.6416270107937803,2.1598219535016425,0.5883630210259354,8553_6689
265,6,34401.9540229885,73.21491358485973,4.932886576566893,0.08135809671121823,2.0468328387075,1.3464863997187724,0.6560497919317665,33805.8275862069,76.03896237736106,2.498246936992974,0.03292911591040647,2.828418197909609,1.8669730624709526,0.6554259081143501,8553_6689
266,0,54031.53191489362,70.42496955722973,2.7967323861325806,0.03984754063650245,3.4748002011155714,2.4504684209738277,0.6997704502855295,55871.59574468085,70.13466972550627,2.885491169592348,0.04128699651659645,3.940609067060264,2.8729338906082345,0.7258309196191194,8544_8386
267,1,55060.864583333336,70.18737875182627,2.8701054854715125,0.04109883960725646,3.562962904748923,2.526074135300422,0.7029724788938161,57045.625,69.83728062411258,3.117137390546493,0.04483494412713548,4.072413109058005,3.0431408394267767,0.7409227761400587,8544_8386
268,2,56150.53684210526,69.9625573877647,3.0629572949266173,0.04406849060541351,3.687611727684208,2.6460127136343026,0.7092359893001909,57861.72631578947,69.66892210247347,3.0935306991481473,0.04457695552912164,4.188063525933121,3.059197194784435,0.7271960204867043,8544_8386
269,3,56947.97777777778,69.97975647207615,3.139045795678042,0.045081688647188006,3.738026605960734,2.6164061243129497,0.6948829062431012,59009.566666666666,69.53199813580902,3.4353798369246187,0.049632896589627454,4.284515692472585,3.115667650183969,0.7231043282098669,8544_8386
270,4,59634.17021276596,70.15832898104068,2.754431185712263,0.03940602822880092,3.8432917422308868,2.476922802492537,0.6421733416059331,61826.21276595745,69.75134183348779,3.0429954949594933,0.043801648669854816,4.395634996386418,2.9659919595303212,0.6737200702288015,8544_8386
271,5,44312.61956521739,71.88180426434013,2.257366244311076,0.03149444174768418,2.5504200010138938,1.4139539821194345,0.5509295525478657,45163.239130434784,71.60121573688092,2.0225729569875384,0.028338255767411592,2.8054434399904964,1.6101049858602503,0.5740804048254938,8544_8386
272,6,37073.19540229885,72.5181748478974,2.2615081021526358,0.03122229245081411,2.047489939482661,1.2562345421515393,0.6138595309933754,37692.379310344826,72.31610847271568,2.0930307914635757,0.02897289932898988,2.2429195027229074,1.4376769925663275,0.6404866930642048,8544_8386
273,0,55871.59574468085,70.13466972550627,2.885491169592348,0.04128699651659645,3.940609067060264,2.8729338906082345,0.7258309196191194,55235.82978723404,67.82848059404206,2.831279856007223,0.041900802265396914,3.626605355935809,2.51648661121146,0.6911415786425165,8386_6314
274,1,57045.625,69.83728062411258,3.117137390546493,0.04483494412713548,4.072413109058005,3.0431408394267767,0.7409227761400587,56358.5625,67.77164836258936,2.989172284006468,0.04428863194853908,3.7742764853471287,2.666162853152815,0.7014301092126547,8386_6314
275,2,57861.72631578947,69.66892210247347,3.0935306991481473,0.04457695552912164,4.188063525933121,3.059197194784435,0.7271960204867043,57493.484210526316,67.61775071087507,3.0161168959268636,0.044776449553283346,3.8776422475206154,2.682236038993622,0.6893240551972972,8386_6314
276,3,59009.566666666666,69.53199813580902,3.4353798369246187,0.049632896589627454,4.284515692472585,3.115667650183969,0.7231043282098669,58469.11111111111,67.40051529619623,3.2144037882290344,0.04791553916610048,3.9545991255763377,2.6868103769698455,0.6770473900309167,8386_6314
277,4,61826.21276595745,69.75134183348779,3.0429954949594933,0.043801648669854816,4.395634996386418,2.9659919595303212,0.6737200702288015,61161.96808510638,67.44478549100403,2.9716669483884726,0.04424381344970042,3.9920873950862137,2.52052238028284,0.6310483774076244,8386_6314
278,5,45163.239130434784,71.60121573688092,2.0225729569875384,0.028338255767411592,2.8054434399904964,1.6101049858602503,0.5740804048254938,45082.80434782609,68.94285743795365,2.249980622009309,0.03277815917684462,2.5922132553856017,1.4067041252475356,0.5419923199004265,8386_6314
279,6,37692.379310344826,72.31610847271568,2.0930307914635757,0.02897289932898988,2.2429195027229074,1.4376769925663275,0.6404866930642048,37517.16091954023,69.66228671234822,2.2453828994664633,0.03227139808880469,2.081412063062663,1.2517066072971825,0.6017847500106687,8386_6314
280,0,55000.04255319149,72.57473470857747,2.125685969985474,0.029349720730524352,3.6593116856707737,2.6732952749928733,0.7278543581865143,53856.14893617021,72.37341711111289,2.0671492246461933,0.028604203703920573,3.444602030020631,2.4938294180804164,0.7218063704640574,6965_8557
281,1,56221.0,72.32097977562107,2.4083833665262935,0.0335116255988634,3.8040517148101163,2.889736930503064,0.7506449142955453,54603.28125,72.05287772705788,2.5011660974711263,0.035047728976674616,3.571153422363791,2.7709793096705373,0.7618236318384165,6965_8557
282,2,57258.10526315789,72.29973893560927,2.1856800634878732,0.03030925939199938,3.883663761814648,2.846047162175354,0.7287329064457315,56436.88421052632,72.00663707029975,2.3032849113147327,0.0321175927222634,3.717703453888653,2.72665326399092,0.7232950399656001,6965_8557
283,3,58272.35555555556,72.31496579288364,2.1377916401733783,0.02961521330348999,3.9405580246524647,2.802589627482774,0.7083303391312115,57986.11111111111,72.07212860420778,2.3160971707730815,0.0322057024972913,3.79174981977257,2.9304650855549266,0.7272403789829983,6965_8557
284,4,60910.65957446808,72.49287019181497,2.0607076087901297,0.028486261031661762,4.0733245822908435,2.752669342489145,0.6740352614647538,61668.11827956989,72.25410703690812,2.1855258922510097,0.030368910499096582,3.8140400099078158,2.541066006713644,0.6658022883681335,6965_8557
285,5,44746.79347826087,73.64281222204531,2.0148798514593422,0.02739415292890958,2.615997032905968,1.5433488577144494,0.590873075205377,44442.20879120879,73.76532015150472,2.236617222058582,0.030339896317772227,2.468891054374803,1.4318459545529199,0.5814706566195391,6965_8557
286,6,37391.28735632184,74.00605118547632,2.2546120808129992,0.03051744973227166,2.077067338100041,1.430529637737142,0.6831851465385056,36789.86046511628,74.13420479534696,2.5562748964066078,0.03454487878494969,1.9427681938831474,1.2841485019703835,0.6635601534253046,6965_8557
287,0,54425.89361702128,66.95197284810162,2.3334622994546947,0.034959153715058595,3.7449184596644742,2.640164988204576,0.7038664659863509,55000.04255319149,72.57473470857747,2.125685969985474,0.029349720730524352,3.6593116856707737,2.6732952749928733,0.7278543581865143,6315_6965
288,1,55950.291666666664,66.78985185440295,2.5966075737264696,0.0391449716771844,3.9026052022975466,2.8640031277424796,0.7225595621991379,56221.0,72.32097977562107,2.4083833665262935,0.0335116255988634,3.8040517148101163,2.889736930503064,0.7506449142955453,6315_6965
289,2,56961.094736842104,66.7228512313822,2.4172857011055364,0.03633020415166442,3.9728685946337112,2.7833993886110378,0.698848339500461,57258.10526315789,72.29973893560927,2.1856800634878732,0.03030925939199938,3.883663761814648,2.846047162175354,0.7287329064457315,6315_6965
290,3,57915.72222222222,66.67267969497632,2.4395108565142185,0.03669819163381006,4.033853475530382,2.769500798411374,0.6851306900743137,58272.35555555556,72.31496579288364,2.1377916401733783,0.02961521330348999,3.9405580246524647,2.802589627482774,0.7083303391312115,6315_6965
291,4,60537.17021276596,66.77707256434832,2.3236941264313984,0.03490427843153495,4.149131946261629,2.702533238605333,0.6506652912420702,60910.65957446808,72.49287019181497,2.0607076087901297,0.028486261031661762,4.0733245822908435,2.752669342489145,0.6740352614647538,6315_6965
292,5,44331.141304347824,68.07015804456466,1.8687039100027625,0.0275204852623139,2.6707706847208215,1.50681103958925,0.5633394721560873,44746.79347826087,73.64281222204531,2.0148798514593422,0.02739415292890958,2.615997032905968,1.5433488577144494,0.590873075205377,6315_6965
293,6,36754.16091954023,68.63415223664938,2.006461851970624,0.029270303858469186,2.0921899564297792,1.3270688298082243,0.6349131885263056,37391.28735632184,74.00605118547632,2.2546120808129992,0.03051744973227166,2.077067338100041,1.430529637737142,0.6831851465385056,6315_6965
294,0,55235.82978723404,67.82848059404206,2.831279856007223,0.041900802265396914,3.626605355935809,2.51648661121146,0.6911415786425165,54425.89361702128,66.95197284810162,2.3334622994546947,0.034959153715058595,3.7449184596644742,2.640164988204576,0.7038664659863509,6314_6315
295,1,56358.5625,67.77164836258936,2.989172284006468,0.04428863194853908,3.7742764853471287,2.666162853152815,0.7014301092126547,55950.291666666664,66.78985185440295,2.5966075737264696,0.0391449716771844,3.9026052022975466,2.8640031277424796,0.7225595621991379,6314_6315
296,2,57493.484210526316,67.61775071087507,3.0161168959268636,0.044776449553283346,3.8776422475206154,2.682236038993622,0.6893240551972972,56961.094736842104,66.7228512313822,2.4172857011055364,0.03633020415166442,3.9728685946337112,2.7833993886110378,0.698848339500461,6314_6315
297,3,58469.11111111111,67.40051529619623,3.2144037882290344,0.04791553916610048,3.9545991255763377,2.6868103769698455,0.6770473900309167,57915.72222222222,66.67267969497632,2.4395108565142185,0.03669819163381006,4.033853475530382,2.769500798411374,0.6851306900743137,6314_6315
298,4,61161.96808510638,67.44478549100403,2.9716669483884726,0.04424381344970042,3.9920873950862137,2.52052238028284,0.6310483774076244,60537.17021276596,66.77707256434832,2.3236941264313984,0.03490427843153495,4.149131946261629,2.702533238605333,0.6506652912420702,6314_6315
299,5,45082.80434782609,68.94285743795365,2.249980622009309,0.03277815917684462,2.5922132553856017,1.4067041252475356,0.5419923199004265,44331.141304347824,68.07015804456466,1.8687039100027625,0.0275204852623139,2.6707706847208215,1.50681103958925,0.5633394721560873,6314_6315
300,6,37517.16091954023,69.66228671234822,2.2453828994664633,0.03227139808880469,2.081412063062663,1.2517066072971825,0.6017847500106687,36754.16091954023,68.63415223664938,2.006461851970624,0.029270303858469186,2.0921899564297792,1.3270688298082243,0.6349131885263056,6314_6315
301,0,46294.84269662921,69.11573308454426,2.7698584895721337,0.04038161475178972,3.9528001131870893,3.035916343719589,0.759234078577454,9080.83695652174,44.52190109123375,2.871883451614757,0.0645551728608727,3.547628151680804,2.7395095313745923,0.7635799367958217,6035_2529
302,1,47339.32967032967,68.66962223102516,3.2651718733607153,0.048508643992551385,4.181043176816871,3.2947825853517654,0.7676557559608577,9311.13829787234,44.49098833575954,2.9154080119386645,0.06556179401702354,3.618833020634753,2.773748674018831,0.7611469817581961,6035_2529
303,2,48600.28888888889,68.77956460783635,2.90465036612043,0.04252156907611505,4.218461420880768,3.1519508346093907,0.7432990670465982,9366.0,44.55625925396206,2.8533347035052152,0.06411576591568577,3.669999482789413,2.769017681687957,0.7501308521274451,6035_2529
304,3,49783.48235294117,68.73379190005762,3.2772420185419873,0.0480706931082354,4.33286154314411,3.3645408755682458,0.7609024717956657,9455.375,44.499563075742216,2.7270016983696705,0.061307522966006715,3.6952255928887423,2.709346768236358,0.7296025791010048,6035_2529
305,4,52370.92134831461,69.03095934457286,2.4847699910457064,0.03638282563346254,4.411047645044349,2.9763757435740827,0.6711562481047053,9726.268817204302,44.500340343075635,2.6821965949799007,0.06030778315274244,3.7843809424895927,2.496789556404769,0.6596958901693065,6035_2529
306,5,37635.96551724138,70.5442945548488,2.4808659378206523,0.03566428261408471,2.741324543094177,1.6963134231482981,0.6095245011453646,7581.582417582417,44.922045962126354,2.775130468037738,0.061787416242269654,2.719536157094857,1.6800949244546541,0.6189321549609794,6035_2529
307,6,31331.69512195122,71.14470733401376,2.3831096880255256,0.03358616772129108,2.1106014302040976,1.388599120621333,0.6575756696505689,6137.488372093023,45.0208536490464,3.0443968548807896,0.06769066270223295,2.131277405068235,1.5735241407722862,0.7122424693711316,6035_2529
308,0,46294.84269662921,69.11573308454426,2.7698584895721337,0.04038161475178972,3.9528001131870893,3.035916343719589,0.759234078577454,46294.84269662921,69.11573308454426,2.7698584895721337,0.04038161475178972,3.9528001131870893,3.035916343719589,0.759234078577454,6035_11878
309,1,47339.32967032967,68.66962223102516,3.2651718733607153,0.048508643992551385,4.181043176816871,3.2947825853517654,0.7676557559608577,47339.32967032967,68.66962223102516,3.2651718733607153,0.048508643992551385,4.181043176816871,3.2947825853517654,0.7676557559608577,6035_11878
310,2,48600.28888888889,68.77956460783635,2.90465036612043,0.04252156907611505,4.218461420880768,3.1519508346093907,0.7432990670465982,48600.28888888889,68.77956460783635,2.90465036612043,0.04252156907611505,4.218461420880768,3.1519508346093907,0.7432990670465982,6035_11878
311,3,49783.48235294117,68.73379190005762,3.2772420185419873,0.0480706931082354,4.33286154314411,3.3645408755682458,0.7609024717956657,49783.48235294117,68.73379190005762,3.2772420185419873,0.0480706931082354,4.33286154314411,3.3645408755682458,0.7609024717956657,6035_11878
312,4,52370.92134831461,69.03095934457286,2.4847699910457064,0.03638282563346254,4.411047645044349,2.9763757435740827,0.6711562481047053,52370.92134831461,69.03095934457286,2.4847699910457064,0.03638282563346254,4.411047645044349,2.9763757435740827,0.6711562481047053,6035_11878
313,5,37635.96551724138,70.5442945548488,2.4808659378206523,0.03566428261408471,2.741324543094177,1.6963134231482981,0.6095245011453646,37635.96551724138,70.5442945548488,2.4808659378206523,0.03566428261408471,2.741324543094177,1.6963134231482981,0.6095245011453646,6035_11878
314,6,31331.69512195122,71.14470733401376,2.3831096880255256,0.03358616772129108,2.1106014302040976,1.388599120621333,0.6575756696505689,31331.69512195122,71.14470733401376,2.3831096880255256,0.03358616772129108,2.1106014302040976,1.388599120621333,0.6575756696505689,6035_11878
315,0,42607.27173913043,67.12249965921916,4.148708146846933,0.062458252835314546,4.527630927193368,3.5731480366980026,0.7785773857502063,50987.67021276596,66.23341762915659,2.241369404099663,0.034118149679028785,2.751927281182121,2.117712341278857,0.7451105685333946,11876_8570
316,1,43353.36170212766,66.4455425120786,4.535088433613213,0.06907354250778105,4.735806486662715,3.695923213603931,0.7698255524622133,52010.375,65.98895540200401,2.469418205898478,0.0376078272271506,2.7893652373059457,2.1007226996592228,0.7428213734066383,11876_8570
317,2,44354.086021505376,66.26791161829004,4.524950215953214,0.06895093577550078,4.843143585688274,3.7209916737108513,0.7629716185339355,52941.10526315789,65.79494084484666,2.747407151583456,0.041996699217681475,2.9003337080537968,2.242844701738294,0.7571657723895543,11876_8570
318,3,44867.629213483146,66.23080288307254,4.901106570652553,0.07489730888293909,4.998946631157144,3.869121391881497,0.7634276891642706,53523.15555555555,65.60798359193791,3.4818563749505533,0.053783249983116406,3.1090065081033718,2.668000751168014,0.8177042575725527,11876_8570
319,4,47475.021505376346,66.43774693962575,4.316939722234492,0.06593057338506372,5.101285844534787,3.5964422903833846,0.6996292501873316,55954.86170212766,66.11171831722784,2.246703600584288,0.03432532788881877,3.008346478706189,2.108907581946372,0.6805985455915899,11876_8570
320,5,34029.03296703297,69.54814638480532,2.6613484738707336,0.038655497530482814,2.941254549067265,1.7995475258528335,0.6083440176414964,41073.989130434784,67.20592998234653,1.8856391297288482,0.028091158794814407,1.896466624751485,1.0015956439621703,0.5281295838457435,11876_8570
321,6,28207.674418604653,70.33170375632871,2.665127496946446,0.038084826419137956,2.27384369984126,1.5470462026504386,0.6773119166400652,34466.471264367814,67.55352443210084,2.139925256307246,0.03173578767950685,1.5164155504184205,0.8964415096843021,0.5917445161137683,11876_8570
322,0,50987.67021276596,66.23341762915659,2.241369404099663,0.034118149679028785,2.751927281182121,2.117712341278857,0.7451105685333946,46575.13829787234,67.41463380228645,3.6926555949618423,0.05604167815074926,3.592640366438032,3.0270123088386756,0.8064524586564402,8570_6966
323,1,52010.375,65.98895540200401,2.469418205898478,0.0376078272271506,2.7893652373059457,2.1007226996592228,0.7428213734066383,49234.40625,67.05160636473497,4.523623704792033,0.06891084992776902,3.727185681401632,3.386526511321358,0.8757194926764326,8570_6966
324,2,52941.10526315789,65.79494084484666,2.747407151583456,0.041996699217681475,2.9003337080537968,2.242844701738294,0.7571657723895543,50536.357894736844,66.55441504325059,7.399668241575377,0.13692665434958362,3.930547255897566,3.810474598884665,0.9262013963526622,8570_6966
325,3,53523.15555555555,65.60798359193791,3.4818563749505533,0.053783249983116406,3.1090065081033718,2.668000751168014,0.8177042575725527,51186.88888888889,65.82503586550284,10.563721890309347,1.886607047938083,4.2459863873327075,4.3788392610951545,0.9651690436733465,8570_6966
326,4,55954.86170212766,66.11171831722784,2.246703600584288,0.03432532788881877,3.008346478706189,2.108907581946372,0.6805985455915899,52186.585106382976,67.4424995927401,3.21703662992496,0.04830635265390727,3.9241106598122384,3.035510161034864,0.7465859989524741,8570_6966
327,5,41073.989130434784,67.20592998234653,1.8856391297288482,0.028091158794814407,1.896466624751485,1.0015956439621703,0.5281295838457435,40012.52173913043,68.49467497945714,3.1055628294441266,0.04641973418832933,2.434180394769894,1.3382327356412664,0.5501915500916718,8570_6966
328,6,34466.471264367814,67.55352443210084,2.139925256307246,0.03173578767950685,1.5164155504184205,0.8964415096843021,0.5917445161137683,32884.28735632184,68.70353635623782,2.629080513747842,0.038492651325350694,1.9565723766392942,1.2460956424254013,0.6298478611192823,8570_6966
329,0,46575.13829787234,67.41463380228645,3.6926555949618423,0.05604167815074926,3.592640366438032,3.0270123088386756,0.8064524586564402,50785.18279569892,68.39483101223698,3.945830128938984,0.058258605101074355,3.1883574705482327,2.733538558723453,0.8289205342021773,6966_8451
330,1,49234.40625,67.05160636473497,4.523623704792033,0.06891084992776902,3.727185681401632,3.386526511321358,0.8757194926764326,51879.56842105263,67.79083370106453,4.9268616588310845,0.07322997707942928,3.342249482011778,3.0998225310843215,0.9003012677487114,6966_8451
331,2,50536.357894736844,66.55441504325059,7.399668241575377,0.13692665434958362,3.930547255897566,3.810474598884665,0.9262013963526622,52349.52631578947,67.42438513572007,5.529603095792752,0.08271225138938491,3.4996494250561043,3.3192075011727553,0.9193745465629344,6966_8451
332,3,51186.88888888889,65.82503586550284,10.563721890309347,1.886607047938083,4.2459863873327075,4.3788392610951545,0.9651690436733465,52494.322222222225,67.2967544817461,6.1490823738332665,0.09237033446809588,3.677590144533615,3.5797514597935884,0.932462702069436,6966_8451
333,4,52186.585106382976,67.4424995927401,3.21703662992496,0.04830635265390727,3.9241106598122384,3.035510161034864,0.7465859989524741,55278.563829787236,68.20636321816609,4.160549226231135,0.06164942280869844,3.4765208554295994,2.754392483020252,0.7661416737901527,6966_8451
334,5,40012.52173913043,68.49467497945714,3.1055628294441266,0.04641973418832933,2.434180394769894,1.3382327356412664,0.5501915500916718,40857.0,69.96444562884801,1.8971295765901706,0.027141432364176512,2.124996027650739,1.0991203054212721,0.5174189014762423,6966_8451
335,6,32884.28735632184,68.70353635623782,2.629080513747842,0.038492651325350694,1.9565723766392942,1.2460956424254013,0.6298478611192823,34259.32558139535,70.4410529216445,2.206512090714613,0.03137199469220913,1.7309136294659462,1.002214274408947,0.5791200272939021,6966_8451
336,0,50814.574468085106,73.84841964287327,2.629565030601642,0.03573342841823445,5.167264035751544,3.794958487768901,0.7303699189422379,46294.84269662921,69.11573308454426,2.7698584895721337,0.04038161475178972,3.9528001131870893,3.035916343719589,0.759234078577454,6689_11878
337,1,51848.104166666664,73.34962111559055,2.9959270555375483,0.04150421852354696,5.3840402930526166,4.087033087622323,0.7461549808257791,47339.32967032967,68.66962223102516,3.2651718733607153,0.048508643992551385,4.181043176816871,3.2947825853517654,0.7676557559608577,6689_11878
338,2,52720.936842105264,73.44555354173752,2.6642585875443814,0.03640421153481332,5.433334873687825,3.9483908224718753,0.7237800003203831,48600.28888888889,68.77956460783635,2.90465036612043,0.04252156907611505,4.218461420880768,3.1519508346093907,0.7432990670465982,6689_11878
339,3,53516.57777777778,73.43401545121837,3.019230084534003,0.04137176954484424,5.590127589571255,4.097992180517015,0.7259746993829781,49783.48235294117,68.73379190005762,3.2772420185419873,0.0480706931082354,4.33286154314411,3.3645408755682458,0.7609024717956657,6689_11878
340,4,56198.71276595745,73.76441132743024,2.507579829736072,0.034264336871587385,5.749675830879232,3.8679391033541033,0.6711496206470944,52370.92134831461,69.03095934457286,2.4847699910457064,0.03638282563346254,4.411047645044349,2.9763757435740827,0.6711562481047053,6689_11878
341,5,41090.19565217391,75.5733587513636,2.3378598724754487,0.031168759169819402,3.6416270107937803,2.1598219535016425,0.5883630210259354,37635.96551724138,70.5442945548488,2.4808659378206523,0.03566428261408471,2.741324543094177,1.6963134231482981,0.6095245011453646,6689_11878
342,6,33805.8275862069,76.03896237736106,2.498246936992974,0.03292911591040647,2.828418197909609,1.8669730624709526,0.6554259081143501,31331.69512195122,71.14470733401376,2.3831096880255256,0.03358616772129108,2.1106014302040976,1.388599120621333,0.6575756696505689,6689_11878
343,0,9080.83695652174,44.52190109123375,2.871883451614757,0.0645551728608727,3.547628151680804,2.7395095313745923,0.7635799367958217,42607.27173913043,67.12249965921916,4.148708146846933,0.062458252835314546,4.527630927193368,3.5731480366980026,0.7785773857502063,2529_11876
344,1,9311.13829787234,44.49098833575954,2.9154080119386645,0.06556179401702354,3.618833020634753,2.773748674018831,0.7611469817581961,43353.36170212766,66.4455425120786,4.535088433613213,0.06907354250778105,4.735806486662715,3.695923213603931,0.7698255524622133,2529_11876
345,2,9366.0,44.55625925396206,2.8533347035052152,0.06411576591568577,3.669999482789413,2.769017681687957,0.7501308521274451,44354.086021505376,66.26791161829004,4.524950215953214,0.06895093577550078,4.843143585688274,3.7209916737108513,0.7629716185339355,2529_11876
346,3,9455.375,44.499563075742216,2.7270016983696705,0.061307522966006715,3.6952255928887423,2.709346768236358,0.7296025791010048,44867.629213483146,66.23080288307254,4.901106570652553,0.07489730888293909,4.998946631157144,3.869121391881497,0.7634276891642706,2529_11876
347,4,9726.268817204302,44.500340343075635,2.6821965949799007,0.06030778315274244,3.7843809424895927,2.496789556404769,0.6596958901693065,47475.021505376346,66.43774693962575,4.316939722234492,0.06593057338506372,5.101285844534787,3.5964422903833846,0.6996292501873316,2529_11876
348,5,7581.582417582417,44.922045962126354,2.775130468037738,0.061787416242269654,2.719536157094857,1.6800949244546541,0.6189321549609794,34029.03296703297,69.54814638480532,2.6613484738707336,0.038655497530482814,2.941254549067265,1.7995475258528335,0.6083440176414964,2529_11876
349,6,6137.488372093023,45.0208536490464,3.0443968548807896,0.06769066270223295,2.131277405068235,1.5735241407722862,0.7122424693711316,28207.674418604653,70.33170375632871,2.665127496946446,0.038084826419137956,2.27384369984126,1.5470462026504386,0.6773119166400652,2529_11876
350,0,30895.72340425532,60.396143863449204,7.094190093315858,0.11885855376772449,3.7341385533117246,3.95696827167155,1.0240857734672144,39292.84042553192,67.23499485438012,9.139396297684204,0.1377739989907783,4.187722942286901,5.431446061126086,1.2320758092228838,8585_8449
351,1,31549.270833333332,59.84591562415125,8.102468099113631,0.13652798589534612,3.990347682817451,4.423150512223963,1.0799883545366462,40106.479166666664,66.51134784054274,10.225185218861185,0.15522441935937617,4.517405783695007,6.128780057216144,1.3055439024614428,8585_8449
352,2,32249.936170212764,59.5770021509934,8.264596599124557,0.13966859126991762,4.171672376701501,4.570455057885931,1.0701055385361058,41021.084210526315,66.17544417575179,10.577826073396066,0.16116132044672846,4.699719428404657,6.321973660658575,1.3001425613691935,8585_8449
353,3,33114.63636363636,59.458365794176764,8.85226550372284,0.15005747743418435,4.405247858199394,4.929637621344249,1.095624375218661,41827.64444444444,65.81959154796293,11.433324632506219,0.17535543360362113,5.0513812927619375,6.829702355703968,1.3111505464633306,8585_8449
354,4,34089.03191489362,60.04193575787028,7.210730936427571,0.12083988272187711,4.097920407408989,3.951593808550571,0.9448617308300916,43908.925531914894,66.87168488577494,9.403557953509697,0.14173465748961686,4.537844292534103,5.343435406716484,1.1400812903156083,8585_8449
355,5,23615.478260869564,62.518283746605775,3.161427712760856,0.05094227673835968,2.1885450151308774,1.2364824444767861,0.5598398106410921,31733.760869565216,70.51459043277697,2.4108367602386913,0.03447580750833069,2.2605722530600163,1.254339063782711,0.5483366088086004,8585_8449
356,6,19631.885057471263,63.15719344543005,3.294069015061066,0.05254040268504877,1.7743067299605149,1.0589812967400798,0.5986881052986894,26263.701149425287,70.95268380194867,2.506311510536372,0.03546123812091365,1.8304069067348319,1.0933017609316396,0.5980471051442295,8585_8449
357,0,50785.18279569892,68.39483101223698,3.945830128938984,0.058258605101074355,3.1883574705482327,2.733538558723453,0.8289205342021773,48773.04255319149,67.85853276964761,5.376669067575706,0.08019374907855459,3.666088575607897,3.472407254044122,0.9082707613755207,8451_2531
358,1,51879.56842105263,67.79083370106453,4.9268616588310845,0.07322997707942928,3.342249482011778,3.0998225310843215,0.9003012677487114,49530.28125,67.25332275071638,6.556423836776997,0.09844477583352518,3.879734993817017,3.9910592534252776,0.9902768956953155,8451_2531
359,2,52349.52631578947,67.42438513572007,5.529603095792752,0.08271225138938491,3.4996494250561043,3.3192075011727553,0.9193745465629344,50485.88421052632,66.87734689049545,7.30197780502387,0.11004416242951365,4.107166879190716,4.3363354287398845,1.0251832410502988,8451_2531
360,3,52494.322222222225,67.2967544817461,6.1490823738332665,0.09237033446809588,3.677590144533615,3.5797514597935884,0.932462702069436,51221.85555555556,66.68284536216918,7.829802468335311,0.11878459659943194,4.329552350127925,4.608821034859573,1.0272909387782962,8451_2531
361,4,55278.563829787236,68.20636321816609,4.160549226231135,0.06164942280869844,3.4765208554295994,2.754392483020252,0.7661416737901527,53902.96808510638,67.53544870003789,5.9075012057851986,0.08847258903998957,4.042410865630371,3.6902023705695575,0.8799701913858271,8451_2531
362,5,40857.0,69.96444562884801,1.8971295765901706,0.027141432364176512,2.124996027650739,1.0991203054212721,0.5174189014762423,39535.29347826087,69.908776600807,1.7262554321381254,0.024754411967625956,2.3195520060558166,1.2479737610257877,0.5377673269452959,8451_2531
363,6,34259.32558139535,70.4410529216445,2.206512090714613,0.03137199469220913,1.7309136294659462,1.002214274408947,0.5791200272939021,32799.471264367814,70.42657089821856,2.039814073666823,0.02906595995820027,1.8775561498999351,1.139871282379652,0.6065957870797619,8451_2531
364,0,47221.87096774193,64.7960039584124,4.466619621349673,0.06945319603649239,2.9596235195832326,2.6042584194091356,0.8565025318031074,30895.72340425532,60.396143863449204,7.094190093315858,0.11885855376772449,3.7341385533117246,3.95696827167155,1.0240857734672144,8120_8585
365,1,48407.357894736844,64.46829494491972,5.085356437031775,0.07925934522675769,3.1053621573162506,2.890276177541907,0.9132453539604367,31549.270833333332,59.84591562415125,8.102468099113631,0.13652798589534612,3.990347682817451,4.423150512223963,1.0799883545366462,8120_8585
366,2,48787.11578947368,64.26657292999253,5.201724432615301,0.08133372940272623,3.2126215743294098,2.940637908514127,0.9004819521988021,32249.936170212764,59.5770021509934,8.264596599124557,0.13966859126991762,4.171672376701501,4.570455057885931,1.0701055385361058,8120_8585
367,3,49367.14444444444,64.02792083346785,5.689521215337143,0.08957002338902499,3.418905676310759,3.1667423554275853,0.9183352503085621,33114.63636363636,59.458365794176764,8.85226550372284,0.15005747743418435,4.405247858199394,4.929637621344249,1.095624375218661,8120_8585
368,4,51529.085106382976,64.53746628970798,4.5531625441048895,0.07091814435092761,3.25718717734616,2.6633920520649754,0.8030988234188092,34089.03191489362,60.04193575787028,7.210730936427571,0.12083988272187711,4.097920407408989,3.951593808550571,0.9448617308300916,8120_8585
369,5,38645.318681318684,66.13959736523245,2.104161139341854,0.03196791441687472,1.995806009755519,0.9763677012613732,0.4900747439332458,23615.478260869564,62.518283746605775,3.161427712760856,0.05094227673835968,2.1885450151308774,1.2364824444767861,0.5598398106410921,8120_8585
370,6,32413.29069767442,66.54672437927044,2.3454004796345855,0.035356353919280555,1.6813825682232486,0.9151140886103909,0.5463375419997456,19631.885057471263,63.15719344543005,3.294069015061066,0.05254040268504877,1.7743067299605149,1.0589812967400798,0.5986881052986894,8120_8585
371,0,50616.47872340425,62.306839352003195,4.285801569548775,0.06943988237193209,3.728080485046439,3.2893918627576366,0.862263145736065,47221.87096774193,64.7960039584124,4.466619621349673,0.06945319603649239,2.9596235195832326,2.6042584194091356,0.8565025318031074,6318_8120
372,1,51646.916666666664,61.94424291992467,4.985139943658761,0.08100409422083123,3.9333599548684144,3.6055537458688853,0.9020225182394718,48407.357894736844,64.46829494491972,5.085356437031775,0.07925934522675769,3.1053621573162506,2.890276177541907,0.9132453539604367,6318_8120
373,2,52460.46315789474,61.75082343228857,5.221362543560699,0.0854004403087813,4.080181046595147,3.768307913501342,0.9075020112154797,48787.11578947368,64.26657292999253,5.201724432615301,0.08133372940272623,3.2126215743294098,2.940637908514127,0.9004819521988021,6318_8120
374,3,52947.066666666666,61.5520556941937,5.613568494519756,0.09201461533988872,4.2891007426489205,3.997098659701467,0.9153687727060328,49367.14444444444,64.02792083346785,5.689521215337143,0.08957002338902499,3.418905676310759,3.1667423554275853,0.9183352503085621,6318_8120
375,4,55595.60638297872,62.04636941312674,4.461379614757153,0.07236235083928241,4.070852699339924,3.3424159208349082,0.8099390235130456,51529.085106382976,64.53746628970798,4.5531625441048895,0.07091814435092761,3.25718717734616,2.6633920520649754,0.8030988234188092,6318_8120
376,5,41046.80434782609,63.84196690575884,2.050229174477073,0.032302123153536755,2.3867864045565392,1.265660921066943,0.5306829996432864,38645.318681318684,66.13959736523245,2.104161139341854,0.03196791441687472,1.995806009755519,0.9763677012613732,0.4900747439332458,6318_8120
377,6,34374.988505747126,64.26441918810679,2.3735476274079614,0.03724066129557034,1.97731618494679,1.1831987788598304,0.5940531463787224,32413.29069767442,66.54672437927044,2.3454004796345855,0.035356353919280555,1.6813825682232486,0.9151140886103909,0.5463375419997456,6318_8120
378,0,47780.47311827957,64.44087079836878,5.714780451191701,0.08976491286631932,4.880192920899029,3.8034403062425493,0.7679948037562847,50616.47872340425,62.306839352003195,4.285801569548775,0.06943988237193209,3.728080485046439,3.2893918627576366,0.862263145736065,6317_6318
379,1,48922.905263157896,63.926018998977305,6.582584433666742,0.10406892730643741,5.079035357059039,4.105711535120558,0.7980291107297378,51646.916666666664,61.94424291992467,4.985139943658761,0.08100409422083123,3.9333599548684144,3.6055537458688853,0.9020225182394718,6317_6318
380,2,49753.83157894737,63.672254600529904,6.790283817113085,0.10772236447974112,5.259152675575579,4.248409152570972,0.7960043859830341,52460.46315789474,61.75082343228857,5.221362543560699,0.0854004403087813,4.080181046595147,3.768307913501342,0.9075020112154797,6317_6318
381,3,50491.43820224719,63.5262883030819,7.329704952727656,0.116678163240436,5.465084783216308,4.448422858026898,0.8024496879358809,52947.066666666666,61.5520556941937,5.613568494519756,0.09201461533988872,4.2891007426489205,3.997098659701467,0.9153687727060328,6317_6318
382,4,52559.3085106383,64.0947544692958,5.962472202861544,0.09399134395985637,5.295537947092325,3.8483775308141364,0.7206021927976929,55595.60638297872,62.04636941312674,4.461379614757153,0.07236235083928241,4.070852699339924,3.3424159208349082,0.8099390235130456,6317_6318
383,5,38307.36263736264,66.85121141424135,2.3345044361272667,0.0350791015189827,3.340419937795824,1.6695216804053485,0.49545444246728315,41046.80434782609,63.84196690575884,2.050229174477073,0.032302123153536755,2.3867864045565392,1.265660921066943,0.5306829996432864,6317_6318
384,6,32217.558139534885,67.2179026531211,2.5872807651518435,0.038975234928955674,2.8064024290668685,1.5305727406954839,0.5385392094645371,34374.988505747126,64.26441918810679,2.3735476274079614,0.03724066129557034,1.97731618494679,1.1831987788598304,0.5940531463787224,6317_6318
385,0,47711.90425531915,67.86559495176115,6.842967764596738,0.10213296798326582,5.731663902690016,4.814101662480853,0.8286331382974043,47780.47311827957,64.44087079836878,5.714780451191701,0.08976491286631932,4.880192920899029,3.8034403062425493,0.7679948037562847,6046_6317
386,1,48710.104166666664,67.12016592763908,8.08811099233072,0.12171694651101705,5.982487991611287,5.298687162026114,0.8770206871408339,48922.905263157896,63.926018998977305,6.582584433666742,0.10406892730643741,5.079035357059039,4.105711535120558,0.7980291107297378,6046_6317
387,2,49329.43157894737,66.85969897057845,8.461755346275618,0.12775762142810485,6.197518732028914,5.465006026071319,0.8739824419594938,49753.83157894737,63.672254600529904,6.790283817113085,0.10772236447974112,5.259152675575579,4.248409152570972,0.7960043859830341,6046_6317
388,3,50056.35555555556,66.59217110118891,9.349931692783764,0.14177715907846,6.567213123129515,5.83802742935079,0.8829285305439075,50491.43820224719,63.5262883030819,7.329704952727656,0.116678163240436,5.465084783216308,4.448422858026898,0.8024496879358809,6046_6317
389,4,52498.574468085106,67.50918011111673,7.467553082800015,0.11177544508329018,6.259390020995029,5.0393819044953805,0.7984344078868153,52559.3085106383,64.0947544692958,5.962472202861544,0.09399134395985637,5.295537947092325,3.8483775308141364,0.7206021927976929,6046_6317
390,5,38448.391304347824,70.72523085623762,1.8659505754165493,0.02652782954536248,3.8529586446123445,2.0179240028118186,0.5267625873434144,38307.36263736264,66.85121141424135,2.3345044361272667,0.0350791015189827,3.340419937795824,1.6695216804053485,0.49545444246728315,6046_6317
391,6,32412.379310344826,70.98828224756163,2.365982763886231,0.033722739834328025,3.171181973947702,1.8956939537059774,0.5929112763962444,32217.558139534885,67.2179026531211,2.5872807651518435,0.038975234928955674,2.8064024290668685,1.5305727406954839,0.5385392094645371,6046_6317
392,0,48773.04255319149,67.85853276964761,5.376669067575706,0.08019374907855459,3.666088575607897,3.472407254044122,0.9082707613755207,47711.90425531915,67.86559495176115,6.842967764596738,0.10213296798326582,5.731663902690016,4.814101662480853,0.8286331382974043,2531_6046
393,1,49530.28125,67.25332275071638,6.556423836776997,0.09844477583352518,3.879734993817017,3.9910592534252776,0.9902768956953155,48710.104166666664,67.12016592763908,8.08811099233072,0.12171694651101705,5.982487991611287,5.298687162026114,0.8770206871408339,2531_6046
394,2,50485.88421052632,66.87734689049545,7.30197780502387,0.11004416242951365,4.107166879190716,4.3363354287398845,1.0251832410502988,49329.43157894737,66.85969897057845,8.461755346275618,0.12775762142810485,6.197518732028914,5.465006026071319,0.8739824419594938,2531_6046
395,3,51221.85555555556,66.68284536216918,7.829802468335311,0.11878459659943194,4.329552350127925,4.608821034859573,1.0272909387782962,50056.35555555556,66.59217110118891,9.349931692783764,0.14177715907846,6.567213123129515,5.83802742935079,0.8829285305439075,2531_6046
396,4,53902.96808510638,67.53544870003789,5.9075012057851986,0.08847258903998957,4.042410865630371,3.6902023705695575,0.8799701913858271,52498.574468085106,67.50918011111673,7.467553082800015,0.11177544508329018,6.259390020995029,5.0393819044953805,0.7984344078868153,2531_6046
397,5,39535.29347826087,69.908776600807,1.7262554321381254,0.024754411967625956,2.3195520060558166,1.2479737610257877,0.5377673269452959,38448.391304347824,70.72523085623762,1.8659505754165493,0.02652782954536248,3.8529586446123445,2.0179240028118186,0.5267625873434144,2531_6046
398,6,32799.471264367814,70.42657089821856,2.039814073666823,0.02906595995820027,1.8775561498999351,1.139871282379652,0.6065957870797619,32412.379310344826,70.98828224756163,2.365982763886231,0.033722739834328025,3.171181973947702,1.8956939537059774,0.5929112763962444,2531_6046
399,0,39292.84042553192,67.23499485438012,9.139396297684204,0.1377739989907783,4.187722942286901,5.431446061126086,1.2320758092228838,40943.60638297872,68.85388011737051,10.369818241288296,0.15292022967708113,5.4532103394632365,6.468219262302602,1.1439847937749854,8449_5988
400,1,40106.479166666664,66.51134784054274,10.225185218861185,0.15522441935937617,4.517405783695007,6.128780057216144,1.3055439024614428,41756.333333333336,68.08762115319949,11.297902293185905,0.16771407146558645,5.760324353860059,7.018319612628315,1.1907662241950892,8449_5988
401,2,41021.084210526315,66.17544417575179,10.577826073396066,0.16116132044672846,4.699719428404657,6.321973660658575,1.3001425613691935,42563.86315789474,67.79595963738664,11.62459046957816,0.17308833300582968,5.956328754560314,7.204438113056182,1.1820997745247868,8449_5988
402,3,41827.64444444444,65.81959154796293,11.433324632506219,0.17535543360362113,5.0513812927619375,6.829702355703968,1.3111505464633306,43305.933333333334,67.61353701405157,12.418941164001579,0.18553066319530317,6.318236975063865,7.6279971074887944,1.182109620547783,8449_5988
403,4,43908.925531914894,66.87168488577494,9.403557953509697,0.14173465748961686,4.537844292534103,5.343435406716484,1.1400812903156083,45608.02127659575,68.45626996719515,11.012855780054343,0.16233572058912862,5.986801267653144,6.66975331886878,1.0898296868790178,8449_5988
404,5,31733.760869565216,70.51459043277697,2.4108367602386913,0.03447580750833069,2.2605722530600163,1.254339063782711,0.5483366088086004,33432.032608695656,73.16509576044594,2.3361866435640968,0.03245789162143534,3.0046501752059953,1.866280727502134,0.5910245548462807,8449_5988
405,6,26263.701149425287,70.95268380194867,2.506311510536372,0.03546123812091365,1.8304069067348319,1.0933017609316396,0.5980471051442295,27685.045977011494,73.68490034657631,2.2187247919387683,0.03023909765432663,2.3464642953276797,1.4291179009303343,0.6093928738510263,8449_5988
406,0,40943.60638297872,68.85388011737051,10.369818241288296,0.15292022967708113,5.4532103394632365,6.468219262302602,1.1439847937749854,42472.29787234042,68.57644738426096,5.75753253180332,0.0850859826970249,6.010041649112879,4.761303789973074,0.8027346284939691,5988_6758
407,1,41756.333333333336,68.08762115319949,11.297902293185905,0.16771407146558645,5.760324353860059,7.018319612628315,1.1907662241950892,43732.791666666664,68.13603914495562,5.902729043961474,0.08725712550932968,6.146920192859452,4.951977993809799,0.8150938500558431,5988_6758
408,2,42563.86315789474,67.79595963738664,11.62459046957816,0.17308833300582968,5.956328754560314,7.204438113056182,1.1820997745247868,44432.094736842104,68.12196139895967,5.861079772216934,0.08652389266779595,6.302538785424902,5.003250100934846,0.8045161642382003,5988_6758
409,3,43305.933333333334,67.61353701405157,12.418941164001579,0.18553066319530317,6.318236975063865,7.6279971074887944,1.182109620547783,45212.34444444445,68.17951863778036,6.002365854723023,0.08849739252795372,6.385778410989515,4.838175837306097,0.7745077192548128,5988_6758
410,4,45608.02127659575,68.45626996719515,11.012855780054343,0.16233572058912862,5.986801267653144,6.66975331886878,1.0898296868790178,47310.13829787234,68.3058050541474,5.881739149012101,0.08665627526241343,6.6633604903613195,4.883244521973975,0.7419638641287855,5988_6758
411,5,33432.032608695656,73.16509576044594,2.3361866435640968,0.03245789162143534,3.0046501752059953,1.866280727502134,0.5910245548462807,34548.141304347824,71.22193236791009,2.324676071698236,0.032853840946628084,4.152397025526906,2.2843057996149696,0.5678097431739193,5988_6758
412,6,27685.045977011494,73.68490034657631,2.2187247919387683,0.03023909765432663,2.3464642953276797,1.4291179009303343,0.6093928738510263,28457.885057471263,71.68607549539547,2.505813972459367,0.03510358252344199,3.29417199188705,1.9678713373034322,0.6221663934782885,5988_6758
413,0,78993.05376344085,66.96476830127266,2.090104372847732,0.03121905827283309,2.3694620645806546,1.5130621732648342,0.6399129780546339,22063.531914893618,70.95992681526967,2.3777778339675946,0.03353301309078685,3.1695513759333727,2.0180987924553717,0.6374478514165632,8579_6492
414,1,79173.25263157894,66.96947067653356,2.133926023735454,0.03188265205388167,2.3483508320116098,1.4882152637958441,0.6371941688041649,21760.604166666668,70.80175027461986,2.4689815691614725,0.0348956660987067,3.146873996150868,1.9344958184318928,0.6167744935230068,8579_6492
415,2,81566.26595744681,66.84575176735224,2.09749417879827,0.03139277080377267,2.4608999174858073,1.533172935627382,0.6242092540948475,22355.094736842104,70.6663228093038,2.474859779585805,0.035046053086750684,3.283882502188094,2.0031947545152495,0.6109717247903974,8579_6492
416,3,85144.58426966293,66.85362125886107,2.066125010497177,0.030929605647041673,2.5641245240972017,1.550885260437539,0.6056038665650214,23391.255555555555,70.7322115737083,2.392528106448316,0.0338809630165075,3.4358847038257063,2.0172870858214234,0.5880155439306148,8579_6492
417,4,97803.30107526881,66.73244817340279,2.1254685606546446,0.031868482924061206,2.904182638301303,1.671884591728117,0.5763591412685102,27184.872340425532,70.57134147962822,2.417349598530559,0.034294142415114505,3.9345341428545604,2.297386966149404,0.5844580397305863,8579_6492
418,5,91240.05494505494,67.13843080192719,2.407011893043161,0.035897761208781624,2.40729618627344,1.4777913708437334,0.6141908922555326,24519.184782608696,71.28600787746713,2.727947776090192,0.03832941558565219,3.1802662064727514,1.9911635567398294,0.6263880665023511,8579_6492
419,6,69993.03488372093,67.45117216590457,2.4934825562235137,0.03700986167576724,1.8252908308884261,1.2005743148324226,0.6583213591456903,19358.896551724138,71.8373084203301,2.982907331397729,0.04160187891270529,2.366792674050256,1.6586761228336178,0.6988754349051025,8579_6492
420,0,36482.914893617024,67.92560732347245,3.284797309093098,0.04861047766528629,2.870959198628968,1.7126192196145866,0.5974363336135556,35425.68085106383,64.84284752528288,2.5598241994846056,0.039600683585544125,3.149932097358344,1.9308062520732325,0.6138773649882721,6889_6071
421,1,36195.739583333336,68.00485771826784,3.2739166969082727,0.048325373201113526,2.8727809493961893,1.6766024195297613,0.5864455194366592,35175.354166666664,64.9038945313949,2.5724985230526394,0.03977928055561091,3.130554577659556,1.9196233580402462,0.6102165976499501,6889_6071
422,2,37341.63157894737,67.8488714111656,3.243836609298977,0.047904031313328745,2.987257463950339,1.7364598883088393,0.5825679377751575,36030.74736842105,64.86761095896458,2.5576058351355813,0.03947613823803533,3.2438242640678068,1.9764981527045604,0.6078272502229063,6889_6071
423,3,38693.944444444445,67.67584801588147,3.370067306201394,0.04999228670657975,3.1067757435086825,1.7581894939903964,0.565820084979992,37448.92222222222,64.69454971256968,2.6832976321487325,0.04174348457269832,3.424242446861296,2.081117484123524,0.5949176458613948,6889_6071
424,4,43898.3085106383,66.96566439463133,3.891658120048053,0.058361835676908926,3.4529033404520284,1.856297135839393,0.538163109253953,42628.44680851064,64.40795502506636,2.6950834268745507,0.041946506678474764,3.786350725601843,2.1094343244165885,0.5583574421747707,6889_6071
425,5,39852.67391304348,67.18892186993509,4.268466311938181,0.06381790637226568,2.9063409030854386,1.7329874842162731,0.5907691156743102,39290.03333333333,64.95997324478856,2.730075520100244,0.042128432955033296,3.147261439403063,1.8693520086618274,0.5939429085451597,6889_6071
426,6,32254.080459770114,68.31198261975055,3.5627740556511918,0.05258889376726975,2.2289794550083784,1.3114364768375089,0.5889374502194333,32017.10465116279,65.54326975779806,2.657361983518108,0.04078266348948863,2.4582966260364087,1.5503065939279863,0.631089983589632,6889_6071
427,0,35425.68085106383,64.84284752528288,2.5598241994846056,0.039600683585544125,3.149932097358344,1.9308062520732325,0.6138773649882721,78993.05376344085,66.96476830127266,2.090104372847732,0.03121905827283309,2.3694620645806546,1.5130621732648342,0.6399129780546339,6071_8579
428,1,35175.354166666664,64.9038945313949,2.5724985230526394,0.03977928055561091,3.130554577659556,1.9196233580402462,0.6102165976499501,79173.25263157894,66.96947067653356,2.133926023735454,0.03188265205388167,2.3483508320116098,1.4882152637958441,0.6371941688041649,6071_8579
429,2,36030.74736842105,64.86761095896458,2.5576058351355813,0.03947613823803533,3.2438242640678068,1.9764981527045604,0.6078272502229063,81566.26595744681,66.84575176735224,2.09749417879827,0.03139277080377267,2.4608999174858073,1.533172935627382,0.6242092540948475,6071_8579
430,3,37448.92222222222,64.69454971256968,2.6832976321487325,0.04174348457269832,3.424242446861296,2.081117484123524,0.5949176458613948,85144.58426966293,66.85362125886107,2.066125010497177,0.030929605647041673,2.5641245240972017,1.550885260437539,0.6056038665650214,6071_8579
431,4,42628.44680851064,64.40795502506636,2.6950834268745507,0.041946506678474764,3.786350725601843,2.1094343244165885,0.5583574421747707,97803.30107526881,66.73244817340279,2.1254685606546446,0.031868482924061206,2.904182638301303,1.671884591728117,0.5763591412685102,6071_8579
432,5,39290.03333333333,64.95997324478856,2.730075520100244,0.042128432955033296,3.147261439403063,1.8693520086618274,0.5939429085451597,91240.05494505494,67.13843080192719,2.407011893043161,0.035897761208781624,2.40729618627344,1.4777913708437334,0.6141908922555326,6071_8579
433,6,32017.10465116279,65.54326975779806,2.657361983518108,0.04078266348948863,2.4582966260364087,1.5503065939279863,0.631089983589632,69993.03488372093,67.45117216590457,2.4934825562235137,0.03700986167576724,1.8252908308884261,1.2005743148324226,0.6583213591456903,6071_8579
434,0,36274.82978723404,68.27472011364335,2.5187323947506886,0.0371241076558815,3.4976168427414955,2.276994994663704,0.6421364213720991,36193.734042553195,73.4577259069282,2.7637671554774106,0.037951177317012245,5.3476455809414,3.4863373088868843,0.6478281402018995,8292_6975
435,1,35978.208333333336,68.30219905106878,2.1967509771738163,0.03221243093123241,3.4503719634361727,2.1227239692918434,0.6137284282506326,35881.010416666664,73.46037882198593,2.618858090618343,0.03572587291505539,5.27432884483114,3.3724914557676846,0.6390978494581677,8292_6975
436,2,37109.2,68.16426197860079,2.3355942786341597,0.03444612361740205,3.6027725061409663,2.2121394314052867,0.6101075882054564,37058.88421052632,73.27450084570448,2.6989586574057967,0.036903099449662684,5.51419579645077,3.4747894359437628,0.6301966640264028,8292_6975
437,3,38472.46666666667,68.09988404119498,2.585135702516797,0.03829799250200745,3.783362947193816,2.3428358770902395,0.6067719875649584,38377.833333333336,73.24666899329327,2.765639941110843,0.03788084096864268,5.74634479856673,3.52675901448682,0.6125416253148026,8292_6975
438,4,43701.563829787236,67.35908841140004,4.036061709115916,0.06075159887492932,4.417831856208382,2.930977837866305,0.6464655137815397,43517.574468085106,72.41389747408772,4.327817172358649,0.06020685195704588,6.682704848584724,4.131978523385038,0.6152224251570229,8292_6975
439,5,39713.57608695652,68.37531340174417,2.7707948084995753,0.04071952475839114,3.5304869970649104,2.178308677455766,0.6094831563114692,39596.413043478264,73.64406259265215,3.385341737932987,0.04622445835360588,5.473052331164876,3.4205964377698104,0.6194168583348653,8292_6975
440,6,32132.55172413793,69.03739270248339,2.312490936982985,0.033542436365742646,2.684347269517868,1.6637744754733494,0.61953339099922,32100.873563218393,74.59095384712474,2.841102479420853,0.03824180918126201,4.166927522954516,2.6482425015432023,0.6343846574457858,8292_6975
441,0,36490.59574468085,68.40962198411533,2.3130703363010943,0.03387574777554803,2.625143699858367,1.5545573936852395,0.5907482220260597,36274.82978723404,68.27472011364335,2.5187323947506886,0.0371241076558815,3.4976168427414955,2.276994994663704,0.6421364213720991,8290_8292
442,1,36394.78125,68.34392754912187,2.298967633560411,0.033673022708351874,2.6167021527813756,1.4947289305264648,0.5718031796332987,35978.208333333336,68.30219905106878,2.1967509771738163,0.03221243093123241,3.4503719634361727,2.1227239692918434,0.6137284282506326,8290_8292
443,2,37681.88421052632,68.21102153343273,2.4356636106288305,0.03577576382754747,2.7189740506428284,1.5552763023209188,0.5708615746945612,37109.2,68.16426197860079,2.3355942786341597,0.03444612361740205,3.6027725061409663,2.2121394314052867,0.6101075882054564,8290_8292
444,3,38979.26666666667,68.26711866852685,2.391258326119614,0.03508901547310379,2.8242304197246693,1.5515376154808833,0.5497790470149526,38472.46666666667,68.09988404119498,2.585135702516797,0.03829799250200745,3.783362947193816,2.3428358770902395,0.6067719875649584,8290_8292
445,4,43523.96808510638,67.92024544162545,2.99995152732089,0.04440528747729145,3.206358838213489,1.8562820003913076,0.571083431671996,43701.563829787236,67.35908841140004,4.036061709115916,0.06075159887492932,4.417831856208382,2.930977837866305,0.6464655137815397,8290_8292
446,5,39496.92391304348,68.80523526616116,2.692252563961343,0.03920597242368422,2.592706785566215,1.476637781678551,0.5678008381112235,39713.57608695652,68.37531340174417,2.7707948084995753,0.04071952475839114,3.5304869970649104,2.178308677455766,0.6094831563114692,8290_8292
447,6,32052.0,69.40046733672085,2.6640915687014286,0.03843236492057797,2.027364104785383,1.213605449404297,0.5991690713585637,32132.55172413793,69.03739270248339,2.312490936982985,0.033542436365742646,2.684347269517868,1.6637744754733494,0.61953339099922,8290_8292
448,0,36790.01063829787,65.82739520581796,2.389928096488453,0.036483156394159034,3.5531621156379978,2.144604112264559,0.603910386484756,36490.59574468085,68.40962198411533,2.3130703363010943,0.03387574777554803,2.625143699858367,1.5545573936852395,0.5907482220260597,8277_8290
449,1,36598.98947368421,65.62345165042997,2.478468148922352,0.03794176366422179,3.545728785630231,2.141324237889722,0.6025642022923741,36394.78125,68.34392754912187,2.298967633560411,0.033673022708351874,2.6167021527813756,1.4947289305264648,0.5718031796332987,8277_8290
450,2,37012.515789473684,65.41535510109212,2.5019609036985435,0.038439086157384485,3.685109667823623,2.1701139176445388,0.5896675568677084,37681.88421052632,68.21102153343273,2.4356636106288305,0.03577576382754747,2.7189740506428284,1.5552763023209188,0.5708615746945612,8277_8290
451,3,39124.568181818184,65.57326430208435,2.3075754393111985,0.03534573850476903,3.813078896752529,2.1788174267244718,0.57189481097063,38979.26666666667,68.26711866852685,2.391258326119614,0.03508901547310379,2.8242304197246693,1.5515376154808833,0.5497790470149526,8277_8290
452,4,43540.71276595745,65.37590999038868,2.7633051968521993,0.04248023459155829,4.302848976551759,2.4442566819869715,0.565511285735329,43523.96808510638,67.92024544162545,2.99995152732089,0.04440528747729145,3.206358838213489,1.8562820003913076,0.571083431671996,8277_8290
453,5,39670.70652173913,66.59054244906447,2.304996028072346,0.034646219737309525,3.4414291413248463,1.9798241093124112,0.5753132591687189,39496.92391304348,68.80523526616116,2.692252563961343,0.03920597242368422,2.592706785566215,1.476637781678551,0.5678008381112235,8277_8290
454,6,32232.988505747126,67.31925613926951,2.5165481150421005,0.03744210565767994,2.683730740890923,1.6507813422085367,0.615709480081659,32052.0,69.40046733672085,2.6640915687014286,0.03843236492057797,2.027364104785383,1.213605449404297,0.5991690713585637,8277_8290
455,0,36193.734042553195,73.4577259069282,2.7637671554774106,0.037951177317012245,5.3476455809414,3.4863373088868843,0.6478281402018995,36482.914893617024,67.92560732347245,3.284797309093098,0.04861047766528629,2.870959198628968,1.7126192196145866,0.5974363336135556,6975_6889
456,1,35881.010416666664,73.46037882198593,2.618858090618343,0.03572587291505539,5.27432884483114,3.3724914557676846,0.6390978494581677,36195.739583333336,68.00485771826784,3.2739166969082727,0.048325373201113526,2.8727809493961893,1.6766024195297613,0.5864455194366592,6975_6889
457,2,37058.88421052632,73.27450084570448,2.6989586574057967,0.036903099449662684,5.51419579645077,3.4747894359437628,0.6301966640264028,37341.63157894737,67.8488714111656,3.243836609298977,0.047904031313328745,2.987257463950339,1.7364598883088393,0.5825679377751575,6975_6889
458,3,38377.833333333336,73.24666899329327,2.765639941110843,0.03788084096864268,5.74634479856673,3.52675901448682,0.6125416253148026,38693.944444444445,67.67584801588147,3.370067306201394,0.04999228670657975,3.1067757435086825,1.7581894939903964,0.565820084979992,6975_6889
459,4,43517.574468085106,72.41389747408772,4.327817172358649,0.06020685195704588,6.682704848584724,4.131978523385038,0.6152224251570229,43898.3085106383,66.96566439463133,3.891658120048053,0.058361835676908926,3.4529033404520284,1.856297135839393,0.538163109253953,6975_6889
460,5,39596.413043478264,73.64406259265215,3.385341737932987,0.04622445835360588,5.473052331164876,3.4205964377698104,0.6194168583348653,39852.67391304348,67.18892186993509,4.268466311938181,0.06381790637226568,2.9063409030854386,1.7329874842162731,0.5907691156743102,6975_6889
461,6,32100.873563218393,74.59095384712474,2.841102479420853,0.03824180918126201,4.166927522954516,2.6482425015432023,0.6343846574457858,32254.080459770114,68.31198261975055,3.5627740556511918,0.05258889376726975,2.2289794550083784,1.3114364768375089,0.5889374502194333,6975_6889
462,0,29068.712765957447,64.39285535908999,2.5184783405772797,0.039212171737383276,2.932648686519629,1.7580351437721535,0.6008586980239325,36414.95698924731,71.37295908038236,3.177571317116705,0.044933357789861496,4.481399549783867,2.9220045500355294,0.6529242543697173,9176_7090
463,1,29237.75,64.32916207505316,2.60234842428429,0.04059035335837584,2.9716120489462976,1.7858041846748252,0.6020076761487092,35711.231578947365,71.35926539023663,3.238448005177978,0.04580181724168395,4.415849185892051,2.8979769378383518,0.6579590779747989,9176_7090
464,2,29780.6,64.19709444455876,2.681646959437409,0.04191987995991304,3.0831314874498,1.8778753139858062,0.6061041037890649,36832.90425531915,71.07656380017164,3.3647261823553944,0.04776987774351867,4.650339248819137,2.959720228892875,0.6426590167777976,9176_7090
465,3,30415.633333333335,64.19966760623127,2.45413581322618,0.03833494903567275,3.145684554955876,1.8241021888963054,0.5804049403585545,38201.13636363636,71.13475473363894,3.3438578028361827,0.04743945429393204,4.825980336879848,3.0892536540153475,0.6393020445020234,9176_7090
466,4,32867.17021276596,63.810513898975124,2.7639650577408053,0.0435427635724961,3.3911470911303954,1.925668345998421,0.5632162841092064,42698.74193548387,70.64465964739696,3.5721549084947326,0.050789181358139576,5.379135591073718,3.263604476369595,0.6071466187838717,9176_7090
467,5,28566.07608695652,64.8245663674335,2.44010896578126,0.037693843253155015,2.6136116231691524,1.3830358051227112,0.5296557653941588,38595.406593406595,71.9705638457799,2.848918057108635,0.039635644356136916,4.36454609854728,2.729072650800004,0.6247509330848939,9176_7090
468,6,23590.137931034482,65.40829011562154,2.655227295161664,0.040656383374300276,2.0854330951814055,1.1567157421739132,0.555512142281025,31350.941860465115,72.74937974111101,2.9783998574409822,0.04107960959825245,3.3503803440692757,2.18067251660918,0.6513464739940775,9176_7090
469,0,46850.60638297872,63.20351211596329,2.9731783805223113,0.04713807432153251,4.750211069666435,3.103453552925039,0.6544242450990573,29068.712765957447,64.39285535908999,2.5184783405772797,0.039212171737383276,2.932648686519629,1.7580351437721535,0.6008586980239325,8486_9176
470,1,47137.114583333336,63.11440429688477,2.9998923695757305,0.047623830630400134,4.772783506325495,3.1687917749877013,0.6646770070321001,29237.75,64.32916207505316,2.60234842428429,0.04059035335837584,2.9716120489462976,1.7858041846748252,0.6020076761487092,8486_9176
471,2,48410.52631578947,62.85017446353844,3.2320294405303707,0.05158622328289523,4.975797486950184,3.2753006768331074,0.6583747914524989,29780.6,64.19709444455876,2.681646959437409,0.04191987995991304,3.0831314874498,1.8778753139858062,0.6061041037890649,8486_9176
472,3,49985.044444444444,62.83078168074788,3.024082795637324,0.048203376255649535,5.11244552290429,3.2374772171060555,0.6344762061190085,30415.633333333335,64.19966760623127,2.45413581322618,0.03833494903567275,3.145684554955876,1.8241021888963054,0.5804049403585545,8486_9176
473,4,54798.18085106383,62.16936522769886,3.5937659698501205,0.05815505102974852,5.704771735902057,3.566183698734372,0.6195578003187999,32867.17021276596,63.810513898975124,2.7639650577408053,0.0435427635724961,3.3911470911303954,1.925668345998421,0.5632162841092064,8486_9176
474,5,47742.67391304348,63.57049214115853,2.62771107825687,0.041373232812756046,4.424161668985013,2.6381024470455383,0.5963034440443252,28566.07608695652,64.8245663674335,2.44010896578126,0.037693843253155015,2.6136116231691524,1.3830358051227112,0.5296557653941588,8486_9176
475,6,38384.67816091954,64.46485586370922,2.624452003367851,0.040814588798274834,3.3914886292247024,2.1321533478189103,0.6293060138680324,23590.137931034482,65.40829011562154,2.655227295161664,0.040656383374300276,2.0854330951814055,1.1567157421739132,0.555512142281025,8486_9176
476,0,36284.77419354839,68.11693798602258,2.817174513362974,0.04139012627428183,3.158084026499305,1.9337445115788299,0.6140111045251988,36790.01063829787,65.82739520581796,2.389928096488453,0.036483156394159034,3.5531621156379978,2.144604112264559,0.603910386484756,8283_8277
477,1,35838.505263157895,68.1273897705791,2.79892442153609,0.04110876553220682,3.1139171873655243,1.940861215525691,0.6254181997325302,36598.98947368421,65.62345165042997,2.478468148922352,0.03794176366422179,3.545728785630231,2.141324237889722,0.6025642022923741,8283_8277
478,2,36715.17894736842,67.91319836016723,2.9179956247050733,0.043011231314946656,3.2577254704596865,1.9764430877964014,0.6090512593306943,37012.515789473684,65.41535510109212,2.5019609036985435,0.038439086157384485,3.685109667823623,2.1701139176445388,0.5896675568677084,8283_8277
479,3,38134.011235955055,68.0305804087042,2.7977930952515857,0.041167410825171176,3.360294108944397,2.010693363205038,0.6018759034846549,39124.568181818184,65.57326430208435,2.3075754393111985,0.03534573850476903,3.813078896752529,2.1788174267244718,0.57189481097063,8283_8277
480,4,42944.7311827957,67.81769558526912,3.29249590246664,0.048701566517498455,3.7492042930898846,2.215951493290672,0.5883413587630427,43540.71276595745,65.37590999038868,2.7633051968521993,0.04248023459155829,4.302848976551759,2.4442566819869715,0.565511285735329,8283_8277
481,5,38676.27472527473,68.58316163442879,2.9047379384062073,0.042384416372371364,3.1176333104714398,1.8460206332469378,0.5920630395735982,39670.70652173913,66.59054244906447,2.304996028072346,0.034646219737309525,3.4414291413248463,1.9798241093124112,0.5753132591687189,8283_8277
482,6,31417.279069767443,69.1066218778369,2.9892038721281353,0.04330776344554459,2.484488065850591,1.5249997986949482,0.6144477464607757,32232.988505747126,67.31925613926951,2.5165481150421005,0.03744210565767994,2.683730740890923,1.6507813422085367,0.615709480081659,8283_8277
483,0,36414.95698924731,71.37295908038236,3.177571317116705,0.044933357789861496,4.481399549783867,2.9220045500355294,0.6529242543697173,36284.77419354839,68.11693798602258,2.817174513362974,0.04139012627428183,3.158084026499305,1.9337445115788299,0.6140111045251988,7090_8283
484,1,35711.231578947365,71.35926539023663,3.238448005177978,0.04580181724168395,4.415849185892051,2.8979769378383518,0.6579590779747989,35838.505263157895,68.1273897705791,2.79892442153609,0.04110876553220682,3.1139171873655243,1.940861215525691,0.6254181997325302,7090_8283
485,2,36832.90425531915,71.07656380017164,3.3647261823553944,0.04776987774351867,4.650339248819137,2.959720228892875,0.6426590167777976,36715.17894736842,67.91319836016723,2.9179956247050733,0.043011231314946656,3.2577254704596865,1.9764430877964014,0.6090512593306943,7090_8283
486,3,38201.13636363636,71.13475473363894,3.3438578028361827,0.04743945429393204,4.825980336879848,3.0892536540153475,0.6393020445020234,38134.011235955055,68.0305804087042,2.7977930952515857,0.041167410825171176,3.360294108944397,2.010693363205038,0.6018759034846549,7090_8283
487,4,42698.74193548387,70.64465964739696,3.5721549084947326,0.050789181358139576,5.379135591073718,3.263604476369595,0.6071466187838717,42944.7311827957,67.81769558526912,3.29249590246664,0.048701566517498455,3.7492042930898846,2.215951493290672,0.5883413587630427,7090_8283
488,5,38595.406593406595,71.9705638457799,2.848918057108635,0.039635644356136916,4.36454609854728,2.729072650800004,0.6247509330848939,38676.27472527473,68.58316163442879,2.9047379384062073,0.042384416372371364,3.1176333104714398,1.8460206332469378,0.5920630395735982,7090_8283
489,6,31350.941860465115,72.74937974111101,2.9783998574409822,0.04107960959825245,3.3503803440692757,2.18067251660918,0.6513464739940775,31417.279069767443,69.1066218778369,2.9892038721281353,0.04330776344554459,2.484488065850591,1.5249997986949482,0.6144477464607757,7090_8283
490,0,40730.617021276594,68.08926047335136,3.508826906468754,0.05214898970500068,4.100461271492655,2.7487798329958815,0.6674778347490511,46850.60638297872,63.20351211596329,2.9731783805223113,0.04713807432153251,4.750211069666435,3.103453552925039,0.6544242450990573,8484_8486
491,1,41087.510416666664,67.92832019527513,3.665372993144496,0.054669613053377815,4.114112836478302,2.802454766354657,0.6808873348640899,47137.114583333336,63.11440429688477,2.9998923695757305,0.047623830630400134,4.772783506325495,3.1687917749877013,0.6646770070321001,8484_8486
492,2,42146.26315789474,67.61210986868304,3.917549620579116,0.05885513289419666,4.28776452654223,2.905608555338714,0.6746579792843739,48410.52631578947,62.85017446353844,3.2320294405303707,0.05158622328289523,4.975797486950184,3.2753006768331074,0.6583747914524989,8484_8486
493,3,43216.03333333333,67.68839264042842,3.8924920256371465,0.058009774690556064,4.391014035404038,2.8765177223796172,0.6535310124529512,49985.044444444444,62.83078168074788,3.024082795637324,0.048203376255649535,5.11244552290429,3.2374772171060555,0.6344762061190085,8484_8486
494,4,45649.89361702128,67.266992371348,4.461536219603247,0.06711149664988496,4.747080076258343,3.160727247899027,0.6505913954705098,54798.18085106383,62.16936522769886,3.5937659698501205,0.05815505102974852,5.704771735902057,3.566183698734372,0.6195578003187999,8484_8486
495,5,40153.868131868134,69.23641188477795,2.8927731699063406,0.04183297215759301,3.6537619837152833,2.231152782181131,0.6106818756327409,47742.67391304348,63.57049214115853,2.62771107825687,0.041373232812756046,4.424161668985013,2.6381024470455383,0.5963034440443252,8484_8486
496,6,32868.90697674418,69.9127002171489,3.0140573439055633,0.04336144207092907,2.895484468730867,1.9016984925331624,0.6512526949436432,38384.67816091954,64.46485586370922,2.624452003367851,0.040814588798274834,3.3914886292247024,2.1321533478189103,0.6293060138680324,8484_8486
497,0,40256.5,69.4795203784129,6.2738104047995575,0.09086298062194438,6.4692209966572145,4.996538846734021,0.7658201423556584,40730.617021276594,68.08926047335136,3.508826906468754,0.05214898970500068,4.100461271492655,2.7487798329958815,0.6674778347490511,6700_8484
498,1,40278.20212765958,69.34243320915857,6.246631765695404,0.09085099785250651,6.499510978241898,5.098026853512817,0.7786063623215715,41087.510416666664,67.92832019527513,3.665372993144496,0.054669613053377815,4.114112836478302,2.802454766354657,0.6808873348640899,6700_8484
499,2,41684.52173913043,68.66252599455062,7.295629795907792,0.10690888884716322,6.876280788637406,5.4882696576695835,0.7928554546761181,42146.26315789474,67.61210986868304,3.917549620579116,0.05885513289419666,4.28776452654223,2.905608555338714,0.6746579792843739,6700_8484
500,3,42574.13636363636,68.30560920885844,7.8008505758763365,0.11517675777801277,7.201170187300249,5.690248262519639,0.7818656044178579,43216.03333333333,67.68839264042842,3.8924920256371465,0.058009774690556064,4.391014035404038,2.8765177223796172,0.6535310124529512,6700_8484
501,4,45484.891304347824,66.77937130087027,10.21734561785355,0.15448105136487597,8.249998412028473,6.7654381106755155,0.8106408070885113,45649.89361702128,67.266992371348,4.461536219603247,0.06711149664988496,4.747080076258343,3.160727247899027,0.6505913954705098,6700_8484
502,5,39689.79775280899,71.35678318816053,3.355348118967735,0.0471679893017589,5.468168066367991,3.453380465801759,0.6305894062401548,40153.868131868134,69.23641188477795,2.8927731699063406,0.04183297215759301,3.6537619837152833,2.231152782181131,0.6106818756327409,6700_8484
503,6,32477.47619047619,72.31876378679496,3.1102792432315036,0.043145486796982754,4.228323496484064,2.817592290985568,0.6647159179367128,32868.90697674418,69.9127002171489,3.0140573439055633,0.04336144207092907,2.895484468730867,1.9016984925331624,0.6512526949436432,6700_8484
504,0,40820.882978723406,65.25269233175723,6.979802603188384,0.10825242308801532,4.568408555933416,4.524820079880186,0.9415432245437321,40256.5,69.4795203784129,6.2738104047995575,0.09086298062194438,6.4692209966572145,4.996538846734021,0.7658201423556584,6323_6700
505,1,40813.979166666664,65.31062457514805,6.892119511767402,0.10715568855128521,4.59419513064737,4.582657157440187,0.9424280872624621,40278.20212765958,69.34243320915857,6.246631765695404,0.09085099785250651,6.499510978241898,5.098026853512817,0.7786063623215715,6323_6700
506,2,41418.336842105266,64.5108070493132,8.618152171040713,0.13508412251439425,5.065799013554249,5.54556226910006,1.0459457036621511,41684.52173913043,68.66252599455062,7.295629795907792,0.10690888884716322,6.876280788637406,5.4882696576695835,0.7928554546761181,6323_6700
507,3,42746.38888888889,63.81951458431771,9.584994621677428,0.15239894278537794,5.565224999100057,6.277326940284408,1.0700651093077649,42574.13636363636,68.30560920885844,7.8008505758763365,0.11517675777801277,7.201170187300249,5.690248262519639,0.7818656044178579,6323_6700
508,4,45875.82978723404,61.64186517471985,13.258526474380208,0.21775436356421798,7.034720522859506,8.562105254384809,1.1804517702830108,45484.891304347824,66.77937130087027,10.21734561785355,0.15448105136487597,8.249998412028473,6.7654381106755155,0.8106408070885113,6323_6700
509,5,39986.35164835165,66.77383551460503,3.3967412789746483,0.05150642382129352,3.6581266877151997,2.4831466228269297,0.6348678690126336,39689.79775280899,71.35678318816053,3.355348118967735,0.0471679893017589,5.468168066367991,3.453380465801759,0.6305894062401548,6323_6700
510,6,32666.793103448275,67.53747263455979,2.8751009393511677,0.04276867895802085,2.761987588820305,1.7178123777002436,0.621802865779405,32477.47619047619,72.31876378679496,3.1102792432315036,0.043145486796982754,4.228323496484064,2.817592290985568,0.6647159179367128,6323_6700
511,0,40741.244680851065,64.45653573174172,5.245530362412304,0.08198984661984497,3.6729604709521855,2.9709617249628497,0.7862593219960708,40820.882978723406,65.25269233175723,6.979802603188384,0.10825242308801532,4.568408555933416,4.524820079880186,0.9415432245437321,6299_6323
512,1,40648.395833333336,64.34970513875572,5.501527457279664,0.08633523713986019,3.7711338147750078,3.1421431084231686,0.8060910697921938,40813.979166666664,65.31062457514805,6.892119511767402,0.10715568855128521,4.59419513064737,4.582657157440187,0.9424280872624621,6299_6323
513,2,41500.44210526316,63.81404642659091,6.42679245149694,0.10153691641986148,4.022575681108731,3.5769316819617134,0.8650436757402651,41418.336842105266,64.5108070493132,8.618152171040713,0.13508412251439425,5.065799013554249,5.54556226910006,1.0459457036621511,6299_6323
514,3,42544.544444444444,63.179803004197865,7.2390211673609395,0.11581235134932613,4.307822557450323,3.9484571975941,0.8838508501551819,42746.38888888889,63.81951458431771,9.584994621677428,0.15239894278537794,5.565224999100057,6.277326940284408,1.0700651093077649,6299_6323
515,4,45809.94680851064,61.6834112301673,9.77042260442202,0.15991917467563135,5.1358482290514385,5.1957628206338295,0.9875815117822057,45875.82978723404,61.64186517471985,13.258526474380208,0.21775436356421798,7.034720522859506,8.562105254384809,1.1804517702830108,6299_6323
516,5,39788.239130434784,65.16591798437686,3.787849318748087,0.05875406410614797,3.0104320758910985,1.8351582866214102,0.5863198590593188,39986.35164835165,66.77383551460503,3.3967412789746483,0.05150642382129352,3.6581266877151997,2.4831466228269297,0.6348678690126336,6299_6323
517,6,32544.126436781607,66.04625474911144,3.2102646245767548,0.04895006220167245,2.348791219582904,1.3786099276018262,0.5879109037235816,32666.793103448275,67.53747263455979,2.8751009393511677,0.04276867895802085,2.761987588820305,1.7178123777002436,0.621802865779405,6299_6323
518,0,30716.574468085106,69.11057661887516,2.942094406647667,0.04264693343765083,2.4728950788439596,1.8794301054195437,0.7567712476404141,30437.13829787234,70.27474737864391,2.972371537159687,0.042501031319458774,2.6742210368253536,2.089167011191393,0.770915815405042,11015_8482
519,1,31321.947916666668,68.96195021074382,3.2883211339674716,0.047896946326142546,2.5481161506634398,2.0745918925630193,0.8000501317696522,31030.145833333332,69.80771300928502,3.6924366496535335,0.0533365866041127,2.803647753375145,2.308724492397477,0.8027098605218632,11015_8482
520,2,31710.610526315788,68.82989961255213,3.2075648005672597,0.0467332668508803,2.582003034407139,1.98548320480346,0.766908861005235,31598.01052631579,69.57303748731167,4.082179531607845,0.05927279158791135,2.918135652964055,2.4368609313613425,0.8139334987691496,11015_8482
521,3,32717.887640449437,68.72850459392416,3.545145819261353,0.05187931279962649,2.728245128616228,2.213354804294984,0.7969035469873414,32302.7,69.11721493898706,5.475988732463401,0.08041402718186264,3.1723225158055577,2.9240124651305424,0.8843751417802328,11015_8482
522,4,35081.20430107527,67.95360552099848,5.351539584248299,0.08006205994172047,3.211137104576647,3.0152586258143335,0.8868085816278113,34833.27659574468,67.85696765148154,8.255249232297063,0.1238704059462068,3.7996011809992583,3.909588988372674,0.9784862264707278,11015_8482
523,5,29819.483516483517,69.95395231219315,2.8337188257539263,0.040579689334036814,2.120389540403787,1.4744252696581193,0.6928125132071192,29872.25,71.17807523972704,2.4974620934685947,0.03522486769671293,2.320672535841838,1.5598600321122633,0.667694517193282,11015_8482
524,6,23250.36046511628,70.58713490164877,3.1554315330898848,0.044774308564588715,1.5505688839327336,1.1542084756029334,0.7436206090356877,23132.379310344826,71.95163243987407,2.5651697474237585,0.03569732598214979,1.6876614958515033,1.2549515631083683,0.742727922316327,11015_8482
525,0,29938.244444444445,68.73547328819643,2.720181198316152,0.039711535077722224,2.936071370195667,2.132445826025913,0.726250954342723,30716.574468085106,69.11057661887516,2.942094406647667,0.04264693343765083,2.4728950788439596,1.8794301054195437,0.7567712476404141,8601_11015
526,1,30892.847826086956,68.67611054297683,2.9972499552749348,0.043796413741170694,3.0152719457529065,2.2822610912050267,0.7519129844657474,31321.947916666668,68.96195021074382,3.2883211339674716,0.047896946326142546,2.5481161506634398,2.0745918925630193,0.8000501317696522,8601_11015
527,2,31308.41304347826,68.59956938905425,2.875983853160559,0.04201573186618069,3.0864235092337067,2.222129763852041,0.7217978050248959,31710.610526315788,68.82989961255213,3.2075648005672597,0.0467332668508803,2.582003034407139,1.98548320480346,0.766908861005235,8601_11015
528,3,31551.344827586207,68.43110180129332,3.0966556823039997,0.04542186435027033,3.218994864996729,2.2807524542858952,0.7149450373228048,32717.887640449437,68.72850459392416,3.545145819261353,0.05187931279962649,2.728245128616228,2.213354804294984,0.7969035469873414,8601_11015
529,4,33595.434782608696,67.83086281893986,4.624312867442591,0.06922461281949902,3.6002382672441895,2.892780394090486,0.7834520655586767,35081.20430107527,67.95360552099848,5.351539584248299,0.08006205994172047,3.211137104576647,3.0152586258143335,0.8868085816278113,8601_11015
530,5,28776.685393258427,69.89556001297866,2.4867575519215124,0.035645099754889144,2.622272562011516,1.686512377015367,0.648331995163024,29819.483516483517,69.95395231219315,2.8337188257539263,0.040579689334036814,2.120389540403787,1.4744252696581193,0.6928125132071192,8601_11015
531,6,22661.04761904762,70.39187180035267,2.7431873483052067,0.03911131570536691,1.954065683854666,1.3585342374696125,0.6925097956073349,23250.36046511628,70.58713490164877,3.1554315330898848,0.044774308564588715,1.5505688839327336,1.1542084756029334,0.7436206090356877,8601_11015
532,0,30437.13829787234,70.27474737864391,2.972371537159687,0.042501031319458774,2.6742210368253536,2.089167011191393,0.770915815405042,40815.563829787236,71.77941057835514,2.5499088779232304,0.03571401648906712,2.8336407780325485,1.975444893221072,0.6889284877301124,8482_6618
533,1,31030.145833333332,69.80771300928502,3.6924366496535335,0.0533365866041127,2.803647753375145,2.308724492397477,0.8027098605218632,40897.59375,71.42518834834875,3.277035224448032,0.04623042563405098,2.9277920769647885,2.2516094643780407,0.7485649564864131,8482_6618
534,2,31598.01052631579,69.57303748731167,4.082179531607845,0.05927279158791135,2.918135652964055,2.4368609313613425,0.8139334987691496,41461.31578947369,71.25120513398103,3.630984435798299,0.05148713416394027,3.0262395403455726,2.3489169740121927,0.7560577768433646,8482_6618
535,3,32302.7,69.11721493898706,5.475988732463401,0.08041402718186264,3.1723225158055577,2.9240124651305424,0.8843751417802328,42468.03333333333,70.97010287094145,4.654262678803409,0.06622130517383464,3.273066048795443,2.7488818552348984,0.8105820933637499,8482_6618
536,4,34833.27659574468,67.85696765148154,8.255249232297063,0.1238704059462068,3.7996011809992583,3.909588988372674,0.9784862264707278,45841.063829787236,69.83432432840837,7.0438406397989555,0.10215386126639504,3.9067878099704174,3.698047042069962,0.9097138479113088,8482_6618
537,5,29872.25,71.17807523972704,2.4974620934685947,0.03522486769671293,2.320672535841838,1.5598600321122633,0.667694517193282,39915.02173913043,72.31854179393194,2.1607306248713036,0.029968375807575054,2.5044074320712446,1.520999311690342,0.6035546403591185,8482_6618
538,6,23132.379310344826,71.95163243987407,2.5651697474237585,0.03569732598214979,1.6876614958515033,1.2549515631083683,0.742727922316327,32616.011494252874,72.86898396745306,2.2216491469556456,0.03052398977944619,1.93412840094936,1.2241224804696487,0.6341850168002291,8482_6618
539,0,32235.41489361702,67.20403442698748,2.951909551415184,0.0439816086387288,3.475776788917058,2.5190734144589504,0.7212756715056003,31658.382978723403,73.90932931820923,2.854200679690495,0.03876351259590741,4.319096389503743,3.2664274907236437,0.7509851748956201,8478_6486
540,1,32572.229166666668,67.03350771747824,3.2001304632649696,0.04815250335454963,3.56126412588026,2.6788357643901257,0.7434258198385971,32311.822916666668,73.79260519367755,3.1370811011126443,0.042712642112180364,4.379245177717721,3.411927244524806,0.7747221936008412,8478_6486
541,2,33230.58947368421,67.02090789506015,2.9930286651735867,0.04474792515230688,3.626100988900851,2.6026955711729785,0.7161268788274628,32860.13829787234,73.68306919382206,3.0139553796371987,0.041037973647530625,4.510280903301995,3.395890053586652,0.7515659919198339,8478_6486
542,3,34023.14444444444,66.99933599222575,2.9297379113397337,0.0437921536621038,3.713605839860372,2.6251034777876763,0.7054829200643423,33757.573033707864,73.68388901868144,2.998599202678705,0.040807878917030665,4.6396267275173875,3.3957706604270457,0.7308601087354658,8478_6486
543,4,36972.46808510638,66.61988747262238,3.905849090606081,0.05913939302112991,4.113531174774286,3.12588252193461,0.7408178643571408,36320.01075268817,73.14091006887293,4.687765765638547,0.06498366631228164,5.184380620127537,4.062452337309531,0.768285468236319,8478_6486
544,5,31088.065217391304,68.17640640024761,2.5408498339355954,0.03733241389260948,2.9754832957131567,1.9184383921686325,0.6428956223893136,30761.67032967033,75.19935180027343,2.450932531868446,0.03265986901646143,3.6967583629870013,2.50002619827245,0.6747225940294644,8478_6486
545,6,24375.57471264368,68.81910310368049,2.733388361888419,0.03994899953981787,2.2717725420254964,1.608999220065136,0.6914746043010308,23872.779069767443,75.67438093320246,2.8036960753136375,0.037496742377435374,2.7618398950221468,2.0522688127007833,0.7267835474081202,8478_6486
546,0,40815.563829787236,71.77941057835514,2.5499088779232304,0.03571401648906712,2.8336407780325485,1.975444893221072,0.6889284877301124,40741.244680851065,64.45653573174172,5.245530362412304,0.08198984661984497,3.6729604709521855,2.9709617249628497,0.7862593219960708,6618_6299
547,1,40897.59375,71.42518834834875,3.277035224448032,0.04623042563405098,2.9277920769647885,2.2516094643780407,0.7485649564864131,40648.395833333336,64.34970513875572,5.501527457279664,0.08633523713986019,3.7711338147750078,3.1421431084231686,0.8060910697921938,6618_6299
548,2,41461.31578947369,71.25120513398103,3.630984435798299,0.05148713416394027,3.0262395403455726,2.3489169740121927,0.7560577768433646,41500.44210526316,63.81404642659091,6.42679245149694,0.10153691641986148,4.022575681108731,3.5769316819617134,0.8650436757402651,6618_6299
549,3,42468.03333333333,70.97010287094145,4.654262678803409,0.06622130517383464,3.273066048795443,2.7488818552348984,0.8105820933637499,42544.544444444444,63.179803004197865,7.2390211673609395,0.11581235134932613,4.307822557450323,3.9484571975941,0.8838508501551819,6618_6299
550,4,45841.063829787236,69.83432432840837,7.0438406397989555,0.10215386126639504,3.9067878099704174,3.698047042069962,0.9097138479113088,45809.94680851064,61.6834112301673,9.77042260442202,0.15991917467563135,5.1358482290514385,5.1957628206338295,0.9875815117822057,6618_6299
551,5,39915.02173913043,72.31854179393194,2.1607306248713036,0.029968375807575054,2.5044074320712446,1.520999311690342,0.6035546403591185,39788.239130434784,65.16591798437686,3.787849318748087,0.05875406410614797,3.0104320758910985,1.8351582866214102,0.5863198590593188,6618_6299
552,6,32616.011494252874,72.86898396745306,2.2216491469556456,0.03052398977944619,1.93412840094936,1.2241224804696487,0.6341850168002291,32544.126436781607,66.04625474911144,3.2102646245767548,0.04895006220167245,2.348791219582904,1.3786099276018262,0.5879109037235816,6618_6299
553,0,31658.382978723403,73.90932931820923,2.854200679690495,0.03876351259590741,4.319096389503743,3.2664274907236437,0.7509851748956201,29938.244444444445,68.73547328819643,2.720181198316152,0.039711535077722224,2.936071370195667,2.132445826025913,0.726250954342723,6486_8601
554,1,32311.822916666668,73.79260519367755,3.1370811011126443,0.042712642112180364,4.379245177717721,3.411927244524806,0.7747221936008412,30892.847826086956,68.67611054297683,2.9972499552749348,0.043796413741170694,3.0152719457529065,2.2822610912050267,0.7519129844657474,6486_8601
555,2,32860.13829787234,73.68306919382206,3.0139553796371987,0.041037973647530625,4.510280903301995,3.395890053586652,0.7515659919198339,31308.41304347826,68.59956938905425,2.875983853160559,0.04201573186618069,3.0864235092337067,2.222129763852041,0.7217978050248959,6486_8601
556,3,33757.573033707864,73.68388901868144,2.998599202678705,0.040807878917030665,4.6396267275173875,3.3957706604270457,0.7308601087354658,31551.344827586207,68.43110180129332,3.0966556823039997,0.04542186435027033,3.218994864996729,2.2807524542858952,0.7149450373228048,6486_8601
557,4,36320.01075268817,73.14091006887293,4.687765765638547,0.06498366631228164,5.184380620127537,4.062452337309531,0.768285468236319,33595.434782608696,67.83086281893986,4.624312867442591,0.06922461281949902,3.6002382672441895,2.892780394090486,0.7834520655586767,6486_8601
558,5,30761.67032967033,75.19935180027343,2.450932531868446,0.03265986901646143,3.6967583629870013,2.50002619827245,0.6747225940294644,28776.685393258427,69.89556001297866,2.4867575519215124,0.035645099754889144,2.622272562011516,1.686512377015367,0.648331995163024,6486_8601
559,6,23872.779069767443,75.67438093320246,2.8036960753136375,0.037496742377435374,2.7618398950221468,2.0522688127007833,0.7267835474081202,22661.04761904762,70.39187180035267,2.7431873483052067,0.03911131570536691,1.954065683854666,1.3585342374696125,0.6925097956073349,6486_8601
560,0,31546.021276595744,69.09965037566504,2.690067118330631,0.03897079916719313,2.645945320135783,1.9733089006265148,0.7438468380467866,32235.41489361702,67.20403442698748,2.951909551415184,0.0439816086387288,3.475776788917058,2.5190734144589504,0.7212756715056003,8603_8478
561,1,32205.177083333332,68.99749282870293,2.82725350824115,0.04106437789817875,2.701706400226364,2.062168047957798,0.7598583843132825,32572.229166666668,67.03350771747824,3.2001304632649696,0.04815250335454963,3.56126412588026,2.6788357643901257,0.7434258198385971,8603_8478
562,2,32824.757894736846,68.84991920980255,2.7916452223198283,0.040609358028267616,2.77585550253518,2.054149290319311,0.7385914076614211,33230.58947368421,67.02090789506015,2.9930286651735867,0.04474792515230688,3.626100988900851,2.6026955711729785,0.7161268788274628,8603_8478
563,3,33550.333333333336,68.87812813806663,2.7509428343537676,0.040039559481000124,2.8471765069895767,2.059412376064856,0.722427229272553,34023.14444444444,66.99933599222575,2.9297379113397337,0.0437921536621038,3.713605839860372,2.6251034777876763,0.7054829200643423,8603_8478
564,4,35918.65957446808,68.77607130452947,2.978141423818722,0.04354452809647306,3.086726155778815,2.230538413839059,0.7109169275128807,36972.46808510638,66.61988747262238,3.905849090606081,0.05913939302112991,4.113531174774286,3.12588252193461,0.7408178643571408,8603_8478
565,5,29578.92391304348,70.16743169217004,2.3966117562254685,0.03420497145436802,2.2783606644693224,1.4839997442234303,0.6519859726264952,31088.065217391304,68.17640640024761,2.5408498339355954,0.03733241389260948,2.9754832957131567,1.9184383921686325,0.6428956223893136,8603_8478
566,6,23112.344827586207,70.7900817169956,2.483047073060746,0.03513332956161387,1.7139264481703738,1.1886445516856765,0.6955403249280288,24375.57471264368,68.81910310368049,2.733388361888419,0.03994899953981787,2.2717725420254964,1.608999220065136,0.6914746043010308,8603_8478
567,0,31644.967741935485,75.4121127315684,2.3642875343697893,0.031411020678800375,4.474966302335191,3.388479620335223,0.7545617074480464,31546.021276595744,69.09965037566504,2.690067118330631,0.03897079916719313,2.645945320135783,1.9733089006265148,0.7438468380467866,6170_8603
568,1,32303.01052631579,75.35188440551059,2.4963456014940366,0.03319401401663783,4.549640601856294,3.465269629989555,0.7591800919141661,32205.177083333332,68.99749282870293,2.82725350824115,0.04106437789817875,2.701706400226364,2.062168047957798,0.7598583843132825,6170_8603
569,2,32935.32978723404,75.27201282203563,2.5046271595097505,0.033348434850356046,4.6955003123305845,3.498835442930088,0.743702235607653,32824.757894736846,68.84991920980255,2.7916452223198283,0.040609358028267616,2.77585550253518,2.054149290319311,0.7385914076614211,6170_8603
570,3,33429.449438202246,75.19063905059329,2.6776791197285887,0.035885588573883284,4.8715129287778485,3.6220489443148933,0.7380445266719573,33550.333333333336,68.87812813806663,2.7509428343537676,0.040039559481000124,2.8471765069895767,2.059412376064856,0.722427229272553,6170_8603
571,4,36032.68817204301,75.18591815658137,2.6279150782584937,0.03513847510365421,5.194646985849956,3.6408789750594046,0.6969532895069327,35918.65957446808,68.77607130452947,2.978141423818722,0.04354452809647306,3.086726155778815,2.230538413839059,0.7109169275128807,6170_8603
572,5,29660.186813186814,76.33786703594448,2.1720747585557394,0.02851108495503758,3.799395721033108,2.466598499859985,0.6491837127154645,29578.92391304348,70.16743169217004,2.3966117562254685,0.03420497145436802,2.2783606644693224,1.4839997442234303,0.6519859726264952,6170_8603
573,6,23177.197674418603,76.65564521764607,2.446804798053501,0.0319749599695984,2.8313020018792514,1.957319359149521,0.6922304894931575,23112.344827586207,70.7900817169956,2.483047073060746,0.03513332956161387,1.7139264481703738,1.1886445516856765,0.6955403249280288,6170_8603
574,0,34000.44086021505,67.83522925554152,4.830193708257018,0.07153794689132979,3.31183748743961,2.9267355531864787,0.8720202522661181,31659.202127659573,69.60828908172682,2.398087626687841,0.034488262544096114,2.7501847217901005,2.0861364626396357,0.7569665604033811,8596_8510
575,1,35245.458333333336,67.60866916092873,5.335771258507315,0.07931355414008341,3.451977199749381,3.150757779637123,0.8972926321156501,32325.145833333332,69.51106788837969,2.516478832788191,0.036273347406497285,2.8142188170564695,2.1811571427315486,0.770609037759944,8596_8510
576,2,35844.86315789474,67.53502125296365,4.996057279714548,0.07424371551066022,3.4898865473003604,3.0546511232329574,0.8654682368766312,32985.6,69.42648186958894,2.5836970403780777,0.03731804566726363,2.9004834925928114,2.2176041032509666,0.7600577646659222,8596_8510
577,3,36556.89887640449,67.57301919280518,4.990863429594709,0.07423045011403578,3.5649829493232814,3.087145715422127,0.8543715026251151,33639.48888888889,69.44389491455655,2.6545091618932144,0.03846804716865455,2.9991950153651397,2.3076879286622574,0.7594399957149817,8596_8510
578,4,39089.17391304348,67.91921562454638,3.8535848741120904,0.057487384253342697,3.650991096688325,2.7888934361436704,0.7506027095584875,36271.32978723404,69.45474432537578,2.421525710004536,0.03494878828785786,3.1742987000945293,2.2488283102525104,0.7056520998920423,8596_8510
579,5,30938.47191011236,69.86893421420548,2.2716689212648524,0.03257846898184868,2.4097583350081058,1.6026068515811676,0.6646619732788406,29662.293478260868,70.47134068062006,2.2196103621948087,0.03156023195430296,2.2994337057997765,1.51433685509533,0.6592013237697938,8596_8510
580,6,23819.130952380954,70.40354406887059,2.5610199960672113,0.03643783520623061,1.749008224346531,1.2842897356376208,0.7344454912912616,23154.275862068964,70.88537523280327,2.369057358208764,0.03344837683936529,1.6869615296030032,1.1946274338421345,0.7100412564226692,8596_8510
581,0,31659.202127659573,69.60828908172682,2.398087626687841,0.034488262544096114,2.7501847217901005,2.0861364626396357,0.7569665604033811,31083.537634408603,72.52006839951945,2.505183279698201,0.03459186947909624,4.116603227979299,3.1739335431944435,0.7696645078799791,8510_6855
582,1,32325.145833333332,69.51106788837969,2.516478832788191,0.036273347406497285,2.8142188170564695,2.1811571427315486,0.770609037759944,31421.65625,72.41255682149178,2.658041330814688,0.036782705431231986,4.198720980809194,3.265037478480513,0.7753071998999471,8510_6855
583,2,32985.6,69.42648186958894,2.5836970403780777,0.03731804566726363,2.9004834925928114,2.2176041032509666,0.7600577646659222,32567.41052631579,72.27048373361227,2.7552385270454725,0.03823084331558935,4.353569629509199,3.318502991455243,0.7601840342818789,8510_6855
584,3,33639.48888888889,69.44389491455655,2.6545091618932144,0.03846804716865455,2.9991950153651397,2.3076879286622574,0.7594399957149817,33074.3,72.23348823492961,2.9024670968493114,0.040504855367521124,4.501448486297843,3.442766381724003,0.7576980906140469,8510_6855
585,4,36271.32978723404,69.45474432537578,2.421525710004536,0.03494878828785786,3.1742987000945293,2.2488283102525104,0.7056520998920423,35408.46808510638,72.25670085704145,2.675317109563702,0.037178152257353096,4.778237845600955,3.44326353289481,0.7166476940861999,8510_6855
586,5,29662.293478260868,70.47134068062006,2.2196103621948087,0.03156023195430296,2.2994337057997765,1.51433685509533,0.6592013237697938,28515.130434782608,73.60455109851726,2.299059777880253,0.031304208750715656,3.4353070492615574,2.2769850878293063,0.662330696485046,8510_6855
587,6,23154.275862068964,70.88537523280327,2.369057358208764,0.03344837683936529,1.6869615296030032,1.1946274338421345,0.7100412564226692,22994.767441860466,74.10858547206558,2.435350087527822,0.032917323642020574,2.572922760842526,1.8171671645206267,0.7070515490111969,8510_6855
588,0,31083.537634408603,72.52006839951945,2.505183279698201,0.03459186947909624,4.116603227979299,3.1739335431944435,0.7696645078799791,31644.967741935485,75.4121127315684,2.3642875343697893,0.031411020678800375,4.474966302335191,3.388479620335223,0.7545617074480464,6855_6170
589,1,31421.65625,72.41255682149178,2.658041330814688,0.036782705431231986,4.198720980809194,3.265037478480513,0.7753071998999471,32303.01052631579,75.35188440551059,2.4963456014940366,0.03319401401663783,4.549640601856294,3.465269629989555,0.7591800919141661,6855_6170
590,2,32567.41052631579,72.27048373361227,2.7552385270454725,0.03823084331558935,4.353569629509199,3.318502991455243,0.7601840342818789,32935.32978723404,75.27201282203563,2.5046271595097505,0.033348434850356046,4.6955003123305845,3.498835442930088,0.743702235607653,6855_6170
591,3,33074.3,72.23348823492961,2.9024670968493114,0.040504855367521124,4.501448486297843,3.442766381724003,0.7576980906140469,33429.449438202246,75.19063905059329,2.6776791197285887,0.035885588573883284,4.8715129287778485,3.6220489443148933,0.7380445266719573,6855_6170
592,4,35408.46808510638,72.25670085704145,2.675317109563702,0.037178152257353096,4.778237845600955,3.44326353289481,0.7166476940861999,36032.68817204301,75.18591815658137,2.6279150782584937,0.03513847510365421,5.194646985849956,3.6408789750594046,0.6969532895069327,6855_6170
593,5,28515.130434782608,73.60455109851726,2.299059777880253,0.031304208750715656,3.4353070492615574,2.2769850878293063,0.662330696485046,29660.186813186814,76.33786703594448,2.1720747585557394,0.02851108495503758,3.799395721033108,2.466598499859985,0.6491837127154645,6855_6170
594,6,22994.767441860466,74.10858547206558,2.435350087527822,0.032917323642020574,2.572922760842526,1.8171671645206267,0.7070515490111969,23177.197674418603,76.65564521764607,2.446804798053501,0.0319749599695984,2.8313020018792514,1.957319359149521,0.6922304894931575,6855_6170
595,0,36794.63829787234,73.78267658575507,3.5446469457475382,0.04817584454153114,3.6092300632310548,2.781002403110369,0.7614386171329407,33591.90425531915,67.58968923656928,5.044750495415066,0.07495945428239913,3.8328998865164383,3.110799506609186,0.798233432963711,8536_8514
596,1,38158.114583333336,73.56014588888581,4.004780951530466,0.05463707599750231,3.739239180379918,2.992728210707132,0.7885653614225837,34409.354166666664,67.25713825600894,5.537455495364019,0.08270023254301262,3.966898254534439,3.3242640146984765,0.8243086976658339,8536_8514
597,2,38614.78947368421,73.55902553071303,3.7360289944105194,0.05098077228080506,3.8054624856908874,2.9218299460965813,0.76059231211788,35045.95789473684,67.10453525610772,5.375095575225313,0.08050327467200072,4.073807967894046,3.3024762821140654,0.7993325466521521,8536_8514
598,3,39502.03370786517,73.39051152459842,4.001280706825395,0.054795924546011905,3.924349288915982,3.038377814748873,0.7635798598065405,35603.444444444445,67.07975367061469,5.4753385154544425,0.08206756093878162,4.157201739513462,3.3445924523315904,0.7924878777823097,8536_8514
599,4,41907.79569892473,73.59269091889675,3.2663023566299945,0.04490519466247686,4.07353947459223,2.921010750658156,0.7000392276697636,38031.51063829787,67.23256016740575,4.571206377354778,0.06866964951199629,4.345961765512738,3.1593650118470475,0.7125561800713573,8536_8514
600,5,32508.0,75.06488929198542,2.6338913306241687,0.03511155284882608,2.8004569059028666,1.6643403105905445,0.5945113919869556,30141.695652173912,69.37273941701844,3.1618707547660843,0.04561467788789055,3.0454012566612727,1.9424974403422384,0.6381799301545534,8536_8514
601,6,25044.127906976744,75.33646444291395,3.077928734566771,0.04090451533675079,2.108240103109346,1.3688950942174465,0.6505006530358148,23378.05747126437,70.07850789246788,3.2730056894626918,0.046754598820905,2.2717189719259205,1.6005654705464363,0.7052657181468595,8536_8514
602,0,37177.95698924731,66.92985916915508,5.006316140321902,0.07501269737759081,3.9901681435962555,2.9969965899724995,0.7467393865376721,36794.63829787234,73.78267658575507,3.5446469457475382,0.04817584454153114,3.6092300632310548,2.781002403110369,0.7614386171329407,8516_8536
603,1,38312.242105263154,66.64250182434029,5.193355580438847,0.07810574477957054,4.127372799598631,3.179079311334539,0.7632302096457262,38158.114583333336,73.56014588888581,4.004780951530466,0.05463707599750231,3.739239180379918,2.992728210707132,0.7885653614225837,8516_8536
604,2,38916.51063829787,66.5387786460985,5.158764206159486,0.07776121549736154,4.259163385657958,3.176591169004648,0.7399462568925457,38614.78947368421,73.55902553071303,3.7360289944105194,0.05098077228080506,3.8054624856908874,2.9218299460965813,0.76059231211788,8516_8536
605,3,39587.22727272727,66.34504197231138,5.260471402245444,0.07951552806559373,4.369852071803633,3.2504494494043468,0.7388246720459211,39502.03370786517,73.39051152459842,4.001280706825395,0.054795924546011905,3.924349288915982,3.038377814748873,0.7635798598065405,8516_8536
606,4,41895.04301075269,66.17204409145731,4.9406925766245475,0.07481569389167865,4.559545849834188,3.1713459005672604,0.6922489800052614,41907.79569892473,73.59269091889675,3.2663023566299945,0.04490519466247686,4.07353947459223,2.921010750658156,0.7000392276697636,8516_8536
607,5,32981.857142857145,68.37763625312805,3.4971305690469494,0.051167926770215574,3.1744499069434764,1.925627834196435,0.606748335637962,32508.0,75.06488929198542,2.6338913306241687,0.03511155284882608,2.8004569059028666,1.6643403105905445,0.5945113919869556,8516_8536
608,6,25624.275862068964,69.28908350788166,3.665043984768071,0.05308384608903897,2.440129031241444,1.7405497240442913,0.6956192066723285,25044.127906976744,75.33646444291395,3.077928734566771,0.04090451533675079,2.108240103109346,1.3688950942174465,0.6505006530358148,8516_8536
609,0,33591.90425531915,67.58968923656928,5.044750495415066,0.07495945428239913,3.8328998865164383,3.110799506609186,0.798233432963711,34478.40425531915,71.19730491867993,4.463978168080751,0.0630975815219828,3.65096265818966,2.967794947353244,0.7984686196495769,8514_6174
610,1,34409.354166666664,67.25713825600894,5.537455495364019,0.08270023254301262,3.966898254534439,3.3242640146984765,0.8243086976658339,35436.21875,70.8105636478184,5.100472061828645,0.07242538351458178,3.7913361414290656,3.1968980684376866,0.8283475074143682,8514_6174
611,2,35045.95789473684,67.10453525610772,5.375095575225313,0.08050327467200072,4.073807967894046,3.3024762821140654,0.7993325466521521,36131.915789473685,70.8085101769697,4.792333295435889,0.06803698587413154,3.8627985214077416,3.1388956367762124,0.8010548267368758,8514_6174
612,3,35603.444444444445,67.07975367061469,5.4753385154544425,0.08206756093878162,4.157201739513462,3.3445924523315904,0.7924878777823097,36544.322222222225,70.7571570117831,4.971444300341824,0.0707715109659206,3.9682338942458726,3.242247045602336,0.8015027522102014,8514_6174
613,4,38031.51063829787,67.23256016740575,4.571206377354778,0.06866964951199629,4.345961765512738,3.1593650118470475,0.7125561800713573,39169.085106382976,70.96260231528787,3.7258469681696327,0.053182203919092376,4.084857205219033,2.9349029447436563,0.6988895227909108,8514_6174
614,5,30141.695652173912,69.37273941701844,3.1618707547660843,0.04561467788789055,3.0454012566612727,1.9424974403422384,0.6381799301545534,30868.804347826088,72.81199943691287,2.4813839726506894,0.03410905615000969,2.841678052177288,1.698073597353255,0.5978521544071742,8514_6174
615,6,23378.05747126437,70.07850789246788,3.2730056894626918,0.046754598820905,2.2717189719259205,1.6005654705464363,0.7052657181468595,23957.41379310345,73.37195496210072,2.756652423531357,0.037598756053851025,2.1618409283753475,1.4211647517040176,0.6582451089021067,8514_6174
616,0,34478.40425531915,71.19730491867993,4.463978168080751,0.0630975815219828,3.65096265818966,2.967794947353244,0.7984686196495769,34000.44086021505,67.83522925554152,4.830193708257018,0.07153794689132979,3.31183748743961,2.9267355531864787,0.8720202522661181,6174_8596
617,1,35436.21875,70.8105636478184,5.100472061828645,0.07242538351458178,3.7913361414290656,3.1968980684376866,0.8283475074143682,35245.458333333336,67.60866916092873,5.335771258507315,0.07931355414008341,3.451977199749381,3.150757779637123,0.8972926321156501,6174_8596
618,2,36131.915789473685,70.8085101769697,4.792333295435889,0.06803698587413154,3.8627985214077416,3.1388956367762124,0.8010548267368758,35844.86315789474,67.53502125296365,4.996057279714548,0.07424371551066022,3.4898865473003604,3.0546511232329574,0.8654682368766312,6174_8596
619,3,36544.322222222225,70.7571570117831,4.971444300341824,0.0707715109659206,3.9682338942458726,3.242247045602336,0.8015027522102014,36556.89887640449,67.57301919280518,4.990863429594709,0.07423045011403578,3.5649829493232814,3.087145715422127,0.8543715026251151,6174_8596
620,4,39169.085106382976,70.96260231528787,3.7258469681696327,0.053182203919092376,4.084857205219033,2.9349029447436563,0.6988895227909108,39089.17391304348,67.91921562454638,3.8535848741120904,0.057487384253342697,3.650991096688325,2.7888934361436704,0.7506027095584875,6174_8596
621,5,30868.804347826088,72.81199943691287,2.4813839726506894,0.03410905615000969,2.841678052177288,1.698073597353255,0.5978521544071742,30938.47191011236,69.86893421420548,2.2716689212648524,0.03257846898184868,2.4097583350081058,1.6026068515811676,0.6646619732788406,6174_8596
622,6,23957.41379310345,73.37195496210072,2.756652423531357,0.037598756053851025,2.1618409283753475,1.4211647517040176,0.6582451089021067,23819.130952380954,70.40354406887059,2.5610199960672113,0.03643783520623061,1.749008224346531,1.2842897356376208,0.7344454912912616,6174_8596
623,0,37869.755319148935,71.99278404031885,4.338353408386768,0.06056322720691824,3.7372339617125747,2.941773514055475,0.7792456310254057,37177.95698924731,66.92985916915508,5.006316140321902,0.07501269737759081,3.9901681435962555,2.9969965899724995,0.7467393865376721,8391_8516
624,1,39403.833333333336,71.68445556008312,4.635536035629608,0.06493889444638429,3.886061869978665,3.1157404504911703,0.7935117092892536,38312.242105263154,66.64250182434029,5.193355580438847,0.07810574477957054,4.127372799598631,3.179079311334539,0.7632302096457262,8391_8516
625,2,40365.336842105266,71.54175544219557,4.513088060591462,0.06347838159716628,4.012774135055218,3.1396397766567117,0.7739820680651106,38916.51063829787,66.5387786460985,5.158764206159486,0.07776121549736154,4.259163385657958,3.176591169004648,0.7399462568925457,8391_8516
626,3,40268.37777777778,71.40777080346457,4.695723284360929,0.0661911848064919,4.063387238947376,3.183488730747622,0.7749341520301002,39587.22727272727,66.34504197231138,5.260471402245444,0.07951552806559373,4.369852071803633,3.2504494494043468,0.7388246720459211,8391_8516
627,4,43312.17021276596,71.43106795960004,4.2515116874881524,0.05986354876815922,4.241168075504503,3.101502974433246,0.7244122967933669,41895.04301075269,66.17204409145731,4.9406925766245475,0.07481569389167865,4.559545849834188,3.1713459005672604,0.6922489800052614,8391_8516
628,5,33818.565217391304,73.59402439610247,2.7958393284307403,0.03803063615779189,2.901288059213258,1.7833490929667313,0.6147424219020674,32981.857142857145,68.37763625312805,3.4971305690469494,0.051167926770215574,3.1744499069434764,1.925627834196435,0.606748335637962,8391_8516
629,6,26359.55172413793,74.33371401919456,3.1857876535491347,0.04297828563847731,2.201424442889201,1.5219617817969697,0.6902851269930375,25624.275862068964,69.28908350788166,3.665043984768071,0.05308384608903897,2.440129031241444,1.7405497240442913,0.6956192066723285,8391_8516
630,0,38318.47191011236,71.27832969394284,3.4325321472116928,0.04858294162570955,3.429876353093655,2.8893446718632374,0.8252903769943951,37869.755319148935,71.99278404031885,4.338353408386768,0.06056322720691824,3.7372339617125747,2.941773514055475,0.7792456310254057,7999_8391
631,1,39420.333333333336,71.01377126283968,3.7069114477086056,0.052546589137236595,3.5592584300313246,3.0864804865550406,0.8461421695478247,39403.833333333336,71.68445556008312,4.635536035629608,0.06493889444638429,3.886061869978665,3.1157404504911703,0.7935117092892536,7999_8391
632,2,39993.87640449438,70.88311613584725,3.746103304483559,0.05337143072973528,3.685179322764913,3.1210720451386913,0.828990687072268,40365.336842105266,71.54175544219557,4.513088060591462,0.06347838159716628,4.012774135055218,3.1396397766567117,0.7739820680651106,7999_8391
633,3,40840.611764705885,70.74661636763678,4.10256799116494,0.058623080859625774,3.800226444754307,3.292566320477297,0.8380764217280617,40268.37777777778,71.40777080346457,4.695723284360929,0.0661911848064919,4.063387238947376,3.183488730747622,0.7749341520301002,7999_8391
634,4,42578.70786516854,71.02431422809238,3.3495412684731942,0.047461130628517596,3.873628181696816,2.9307929384732,0.7503072686948464,43312.17021276596,71.43106795960004,4.2515116874881524,0.05986354876815922,4.241168075504503,3.101502974433246,0.7244122967933669,7999_8391
635,5,33801.48837209302,72.7452390844622,2.039868977160954,0.028092349120979118,2.599757164635859,1.6793440608942702,0.6467850279825788,33818.565217391304,73.59402439610247,2.7958393284307403,0.03803063615779189,2.901288059213258,1.7833490929667313,0.6147424219020674,7999_8391
636,6,26827.8625,73.04055612845771,2.4935219174843044,0.03424729077694531,1.9600380034964786,1.4294839253504787,0.729488533741314,26359.55172413793,74.33371401919456,3.1857876535491347,0.04297828563847731,2.201424442889201,1.5219617817969697,0.6902851269930375,7999_8391
637,0,48959.914893617024,69.96316835155065,2.8256882891050505,0.040815260150189166,2.647439307868454,1.9919986630117772,0.73589968818831,38318.47191011236,71.27832969394284,3.4325321472116928,0.04858294162570955,3.429876353093655,2.8893446718632374,0.8252903769943951,7991_7999
638,1,50703.265957446805,69.82512843654989,3.17208235677208,0.04581660727968213,2.7079640074174947,2.05072205254804,0.7435849134093476,39420.333333333336,71.01377126283968,3.7069114477086056,0.052546589137236595,3.5592584300313246,3.0864804865550406,0.8461421695478247,7991_7999
639,2,51277.62365591398,69.80074287009708,3.1169422795434962,0.044970685468326034,2.7840392273453016,2.0879925489584923,0.7425926386066124,39993.87640449438,70.88311613584725,3.746103304483559,0.05337143072973528,3.685179322764913,3.1210720451386913,0.828990687072268,7991_7999
640,3,52380.26436781609,69.54704395001421,3.21213722610976,0.046684288464676156,2.8759494814515185,2.0694358155065715,0.7133745590914677,40840.611764705885,70.74661636763678,4.10256799116494,0.058623080859625774,3.800226444754307,3.292566320477297,0.8380764217280617,7991_7999
641,4,54884.74193548387,69.81990782534281,2.5081247320612885,0.03631701511551588,2.9440056512981183,1.949337880412981,0.6581334045686492,42578.70786516854,71.02431422809238,3.3495412684731942,0.047461130628517596,3.873628181696816,2.9307929384732,0.7503072686948464,7991_7999
642,5,41437.91111111111,71.22811690998394,1.8959664160402119,0.02667413040796083,1.8679988207047182,1.0714829215861146,0.5732644429287229,33801.48837209302,72.7452390844622,2.039868977160954,0.028092349120979118,2.599757164635859,1.6793440608942702,0.6467850279825788,7991_7999
643,6,32831.892857142855,71.50456641045379,2.02025070158364,0.028284062796385893,1.4044548833757038,0.872092283109381,0.6238554855438394,26827.8625,73.04055612845771,2.4935219174843044,0.03424729077694531,1.9600380034964786,1.4294839253504787,0.729488533741314,7991_7999
644,0,52701.67021276596,72.59193109167121,2.639938119554134,0.03685701756187713,3.4127130159206276,2.5440342640034093,0.7273149763457258,48959.914893617024,69.96316835155065,2.8256882891050505,0.040815260150189166,2.647439307868454,1.9919986630117772,0.73589968818831,7092_7991
645,1,54113.395833333336,72.43803318080204,2.680768296284397,0.03737291464071273,3.492185622136351,2.5716012855421337,0.7220926798282087,50703.265957446805,69.82512843654989,3.17208235677208,0.04581660727968213,2.7079640074174947,2.05072205254804,0.7435849134093476,7092_7991
646,2,55127.13684210526,72.40003511108891,2.6685426441348743,0.0371538870532048,3.584355351266028,2.5600464359671156,0.7088330292936046,51277.62365591398,69.80074287009708,3.1169422795434962,0.044970685468326034,2.7840392273453016,2.0879925489584923,0.7425926386066124,7092_7991
647,3,56229.28888888889,72.31698638815546,2.690992129341486,0.03764032141230023,3.6943012047472368,2.622209964249151,0.6965305274741964,52380.26436781609,69.54704395001421,3.21213722610976,0.046684288464676156,2.8759494814515185,2.0694358155065715,0.7133745590914677,7092_7991
648,4,59228.925531914894,72.4936098866558,2.0890175802510957,0.028936172433863677,3.7774682807051776,2.44075706665859,0.6441251733822669,54884.74193548387,69.81990782534281,2.5081247320612885,0.03631701511551588,2.9440056512981183,1.949337880412981,0.6581334045686492,7092_7991
649,5,44119.38043478261,73.94829812629601,1.9579799296790608,0.026517417971551355,2.4608139552620196,1.3987154787633564,0.5679784220674604,41437.91111111111,71.22811690998394,1.8959664160402119,0.02667413040796083,1.8679988207047182,1.0714829215861146,0.5732644429287229,7092_7991
650,6,35004.32183908046,74.27201713878975,2.2170379402379097,0.02990772558932717,1.8644864758276463,1.1943105161274346,0.6382274614593783,32831.892857142855,71.50456641045379,2.02025070158364,0.028284062796385893,1.4044548833757038,0.872092283109381,0.6238554855438394,7092_7991
651,0,50063.27659574468,70.48715738389652,2.597455349762611,0.03692048078794395,3.3270562335006524,2.3236228862163513,0.6948908897823353,95017.88372093023,73.33405913775077,2.2072424332906624,0.030172338942542384,3.2865742643483036,2.3586941091400684,0.7122477268012393,8555_8559
652,1,51495.635416666664,70.35491063304903,2.6309619183232225,0.03747412810677229,3.4163847320927405,2.3899254949689355,0.6955661671870516,92123.34831460674,73.21197509138953,2.0643522317764242,0.02823664358601517,3.3656022646233463,2.355555324858663,0.6982796423047283,8555_8559
653,2,52385.46315789474,70.19630083435862,2.6737066209907505,0.038220158141163335,3.516106294062531,2.420607630628784,0.6846955221187797,98758.70454545454,73.06866460913707,2.1180598048367845,0.029058289419807447,3.5232959024487127,2.4407030150753637,0.6906588352038254,8555_8559
654,3,53418.34444444445,70.16554911643388,2.7281393215453886,0.03898483718903938,3.5908089879678906,2.4392832470654655,0.6757344584083473,96737.67469879518,73.08788989950146,2.1783128153811844,0.02986493475182743,3.5814558930891964,2.4612011135286425,0.6836921892960874,8555_8559
655,4,55948.60638297872,69.99738813647362,2.9610466155720916,0.04294504849690827,3.827080566425366,2.6632947724463087,0.6733628152572275,104649.45348837209,72.99016694589444,2.35005619419413,0.032614778484353624,3.753209433741023,2.572036823109608,0.6728660220133789,8555_8559
656,5,41185.27173913043,71.59219803528791,2.1593155973279865,0.030176521815936684,2.4190411469627087,1.384953552749536,0.5723751356880746,79662.36904761905,74.40212102065627,1.8132054235274477,0.02438615325455447,2.3575177964598786,1.4007602774052519,0.5917271695917163,8555_8559
657,6,32786.16091954023,72.13611723084924,2.3845063429198605,0.03308702489244611,1.8183244938184728,1.1471759070445116,0.6317746881803603,64732.0375,74.89315826976232,1.966474965886136,0.026276094420792838,1.7619978022688094,1.152961202855976,0.654508112379732,8555_8559
658,0,95017.88372093023,73.33405913775077,2.2072424332906624,0.030172338942542384,3.2865742643483036,2.3586941091400684,0.7122477268012393,70906.36170212766,72.71329294901645,2.301234001341733,0.031788354639292325,3.7091293390991242,2.5866155638140653,0.6929856536045975,8559_6030
659,1,92123.34831460674,73.21197509138953,2.0643522317764242,0.02823664358601517,3.3656022646233463,2.355555324858663,0.6982796423047283,70554.92708333333,72.64496997286265,2.1829085228156013,0.030145550403080357,3.7853472125077943,2.613324969258416,0.6870944913406416,8559_6030
660,2,98758.70454545454,73.06866460913707,2.1180598048367845,0.029058289419807447,3.5232959024487127,2.4407030150753637,0.6906588352038254,72892.69473684211,72.54825462265542,2.3588286280431046,0.03263241270986363,3.875590235197048,2.6377645798221026,0.6783964253745304,8559_6030
661,3,96737.67469879518,73.08788989950146,2.1783128153811844,0.02986493475182743,3.5814558930891964,2.4612011135286425,0.6836921892960874,76169.8111111111,72.49853743444515,2.4057633177597046,0.033340623371112973,3.9464070607602992,2.6745130227403777,0.675275076209425,8559_6030
662,4,104649.45348837209,72.99016694589444,2.35005619419413,0.032614778484353624,3.753209433741023,2.572036823109608,0.6728660220133789,79514.4255319149,72.49944058374618,2.301591365995304,0.03186684360199157,4.124415199881684,2.7194053364414073,0.6562769494267483,8559_6030
663,5,79662.36904761905,74.40212102065627,1.8132054235274477,0.02438615325455447,2.3575177964598786,1.4007602774052519,0.5917271695917163,58715.84782608696,73.63628639262923,2.063777339255331,0.028076525458735773,2.73814449452354,1.5853136954720157,0.5783515804948615,8559_6030
664,6,64732.0375,74.89315826976232,1.966474965886136,0.026276094420792838,1.7619978022688094,1.152961202855976,0.654508112379732,45876.35632183908,74.00410730827303,2.295316555790375,0.03109288127748517,2.1083208490816223,1.3736636804198477,0.6490614078328129,8559_6030
665,0,52964.744680851065,71.0163702839187,2.4311159129894566,0.0344005107435521,3.6982762383261565,2.5565813425891286,0.6861183981376102,52701.67021276596,72.59193109167121,2.639938119554134,0.03685701756187713,3.4127130159206276,2.5440342640034093,0.7273149763457258,8546_7092
666,1,54134.895833333336,70.8943816107382,2.368810524854571,0.03350401801661697,3.782990838623473,2.6055078989205094,0.6861907700408433,54113.395833333336,72.43803318080204,2.680768296284397,0.03737291464071273,3.492185622136351,2.5716012855421337,0.7220926798282087,8546_7092
667,2,55547.85106382979,70.76529097374726,2.4526368192884402,0.03479796887479459,3.8930346329343677,2.6450052353113294,0.6766410096695215,55127.13684210526,72.40003511108891,2.6685426441348743,0.0371538870532048,3.584355351266028,2.5600464359671156,0.7088330292936046,8546_7092
668,3,56321.066666666666,70.6931189153869,2.63186381179616,0.03749569161015687,3.9972490694232032,2.7155497999161073,0.6749977517138627,56229.28888888889,72.31698638815546,2.690992129341486,0.03764032141230023,3.6943012047472368,2.622209964249151,0.6965305274741964,8546_7092
669,4,59287.65957446808,70.79202549123542,2.15218158794689,0.03044476107193288,4.1439093667182405,2.5910791933558937,0.6255707134301021,59228.925531914894,72.4936098866558,2.0890175802510957,0.028936172433863677,3.7774682807051776,2.44075706665859,0.6441251733822669,8546_7092
670,5,44283.77173913043,72.24467345576066,1.9238162644215182,0.026657364228589376,2.7607755176509747,1.5558130291413037,0.56351259443157,44119.38043478261,73.94829812629601,1.9579799296790608,0.026517417971551355,2.4608139552620196,1.3987154787633564,0.5679784220674604,8546_7092
671,6,35111.63218390805,72.72884594364719,2.1165889350846334,0.029136933600194044,2.0915284337664137,1.2988939305050673,0.6218860816886598,35004.32183908046,74.27201713878975,2.2170379402379097,0.02990772558932717,1.8644864758276463,1.1943105161274346,0.6382274614593783,8546_7092
672,0,52157.77659574468,70.99659409680343,2.6840374450967985,0.03792446131970963,3.2404019997499125,2.24408512472987,0.6882711669375241,52964.744680851065,71.0163702839187,2.4311159129894566,0.0344005107435521,3.6982762383261565,2.5565813425891286,0.6861183981376102,8383_8546
673,1,53550.604166666664,70.86183434447592,2.576429311087186,0.03639321434107617,3.309879448202149,2.2505409322006162,0.6788399769435074,54134.895833333336,70.8943816107382,2.368810524854571,0.03350401801661697,3.782990838623473,2.6055078989205094,0.6861907700408433,8383_8546
674,2,54223.17894736842,70.75560473838723,2.762401654347763,0.03917799748742204,3.4240504883705434,2.321428473924961,0.6757137043376383,55547.85106382979,70.76529097374726,2.4526368192884402,0.03479796887479459,3.8930346329343677,2.6450052353113294,0.6766410096695215,8383_8546
675,3,55581.15555555555,70.52895985577571,3.145068612830802,0.04504682335604084,3.5321368401942435,2.4336889997109266,0.6804539018733686,56321.066666666666,70.6931189153869,2.63186381179616,0.03749569161015687,3.9972490694232032,2.7155497999161073,0.6749977517138627,8383_8546
676,4,58516.17021276596,70.58897350492472,2.7001109135145938,0.038372506219379494,3.5978023544325364,2.3225548447822235,0.6431753956004861,59287.65957446808,70.79202549123542,2.15218158794689,0.03044476107193288,4.1439093667182405,2.5910791933558937,0.6255707134301021,8383_8546
677,5,43181.27173913043,72.23124574049302,2.1591851377637363,0.029925344292365274,2.412890063673407,1.3876876054875225,0.5755881585187046,44283.77173913043,72.24467345576066,1.9238162644215182,0.026657364228589376,2.7607755176509747,1.5558130291413037,0.56351259443157,8383_8546
678,6,34251.14942528736,72.90118483425347,2.357841436653415,0.03238772724422728,1.8471411874923989,1.1819721335940938,0.64107364517042,35111.63218390805,72.72884594364719,2.1165889350846334,0.029136933600194044,2.0915284337664137,1.2988939305050673,0.6218860816886598,8383_8546
679,0,53903.1914893617,69.87586568760972,2.6740959030417284,0.038436224044993327,3.860662079536296,2.7330112712867605,0.7027287055412123,52157.77659574468,70.99659409680343,2.6840374450967985,0.03792446131970963,3.2404019997499125,2.24408512472987,0.6882711669375241,6895_8383
680,1,55273.59375,69.8298392342539,2.660135052952701,0.0382667869272506,3.9590713375084654,2.7675041461039758,0.6967918550831039,53550.604166666664,70.86183434447592,2.576429311087186,0.03639321434107617,3.309879448202149,2.2505409322006162,0.6788399769435074,6895_8383
681,2,56239.72631578947,69.75249983669863,2.693900726716039,0.03876676000125651,4.079161947960771,2.8144968302796602,0.6878420380248406,54223.17894736842,70.75560473838723,2.762401654347763,0.03917799748742204,3.4240504883705434,2.321428473924961,0.6757137043376383,6895_8383
682,3,57401.444444444445,69.55374825204926,2.935974412511661,0.04243778171355991,4.204620072900648,2.909129801734872,0.6875640826916477,55581.15555555555,70.52895985577571,3.145068612830802,0.04504682335604084,3.5321368401942435,2.4336889997109266,0.6804539018733686,6895_8383
683,4,60375.17021276596,69.55508951866726,2.536288053352765,0.036597418441997834,4.355380373937492,2.871188808657517,0.6561815566526559,58516.17021276596,70.58897350492472,2.7001109135145938,0.038372506219379494,3.5978023544325364,2.3225548447822235,0.6431753956004861,6895_8383
684,5,44567.34782608696,70.7917969040492,2.0795173448103754,0.029475051274323448,2.8426627139382994,1.642689829102304,0.5780034980862868,43181.27173913043,72.23124574049302,2.1591851377637363,0.029925344292365274,2.412890063673407,1.3876876054875225,0.5755881585187046,6895_8383
685,6,35278.73563218391,71.36941494439706,2.2889997634124684,0.03220119757037368,2.130489656439782,1.3572866172282247,0.6380251592756204,34251.14942528736,72.90118483425347,2.357841436653415,0.03238772724422728,1.8471411874923989,1.1819721335940938,0.64107364517042,6895_8383
686,0,52998.063829787236,70.4925379682384,2.6573979285060267,0.03791941886929725,3.248126282254848,2.204296162431182,0.6749407428292503,53903.1914893617,69.87586568760972,2.6740959030417284,0.038436224044993327,3.860662079536296,2.7330112712867605,0.7027287055412123,6316_6895
687,1,54833.0,70.49473238669839,2.5805939109351774,0.03681275018299141,3.33975520281785,2.21830095963114,0.6630812093303146,55273.59375,69.8298392342539,2.660135052952701,0.0382667869272506,3.9590713375084654,2.7675041461039758,0.6967918550831039,6316_6895
688,2,55794.03157894737,70.36713121949224,2.7323883847045156,0.03906420230555947,3.443988958342545,2.2992122612265917,0.6651674391895529,56239.72631578947,69.75249983669863,2.693900726716039,0.03876676000125651,4.079161947960771,2.8144968302796602,0.6878420380248406,6316_6895
689,3,56873.86666666667,70.2146084951674,2.7951422522620595,0.040030913540477546,3.50598440433371,2.3059444280006764,0.654866089127771,57401.444444444445,69.55374825204926,2.935974412511661,0.04243778171355991,4.204620072900648,2.909129801734872,0.6875640826916477,6316_6895
690,4,59806.12765957447,70.05301402917326,2.604813660684725,0.03735484147945623,3.5674106584122667,2.2440844569781,0.6277285172214688,60375.17021276596,69.55508951866726,2.536288053352765,0.036597418441997834,4.355380373937492,2.871188808657517,0.6561815566526559,6316_6895
691,5,44347.358695652176,71.28736078313209,2.231939084796271,0.031446965871836825,2.363146017594975,1.2822869426636883,0.5435690352738807,44567.34782608696,70.7917969040492,2.0795173448103754,0.029475051274323448,2.8426627139382994,1.642689829102304,0.5780034980862868,6316_6895
692,6,35032.89655172414,71.90718439816297,2.3717625273819025,0.03314522273712973,1.8142032829032153,1.0926188267206363,0.6043193341234007,35278.73563218391,71.36941494439706,2.2889997634124684,0.03220119757037368,2.130489656439782,1.3572866172282247,0.6380251592756204,6316_6895
693,0,70906.36170212766,72.71329294901645,2.301234001341733,0.031788354639292325,3.7091293390991242,2.5866155638140653,0.6929856536045975,52998.063829787236,70.4925379682384,2.6573979285060267,0.03791941886929725,3.248126282254848,2.204296162431182,0.6749407428292503,6030_6316
694,1,70554.92708333333,72.64496997286265,2.1829085228156013,0.030145550403080357,3.7853472125077943,2.613324969258416,0.6870944913406416,54833.0,70.49473238669839,2.5805939109351774,0.03681275018299141,3.33975520281785,2.21830095963114,0.6630812093303146,6030_6316
695,2,72892.69473684211,72.54825462265542,2.3588286280431046,0.03263241270986363,3.875590235197048,2.6377645798221026,0.6783964253745304,55794.03157894737,70.36713121949224,2.7323883847045156,0.03906420230555947,3.443988958342545,2.2992122612265917,0.6651674391895529,6030_6316
696,3,76169.8111111111,72.49853743444515,2.4057633177597046,0.033340623371112973,3.9464070607602992,2.6745130227403777,0.675275076209425,56873.86666666667,70.2146084951674,2.7951422522620595,0.040030913540477546,3.50598440433371,2.3059444280006764,0.654866089127771,6030_6316
697,4,79514.4255319149,72.49944058374618,2.301591365995304,0.03186684360199157,4.124415199881684,2.7194053364414073,0.6562769494267483,59806.12765957447,70.05301402917326,2.604813660684725,0.03735484147945623,3.5674106584122667,2.2440844569781,0.6277285172214688,6030_6316
698,5,58715.84782608696,73.63628639262923,2.063777339255331,0.028076525458735773,2.73814449452354,1.5853136954720157,0.5783515804948615,44347.358695652176,71.28736078313209,2.231939084796271,0.031446965871836825,2.363146017594975,1.2822869426636883,0.5435690352738807,6030_6316
699,6,45876.35632183908,74.00410730827303,2.295316555790375,0.03109288127748517,2.1083208490816223,1.3736636804198477,0.6490614078328129,35032.89655172414,71.90718439816297,2.3717625273819025,0.03314522273712973,1.8142032829032153,1.0926188267206363,0.6043193341234007,6030_6316
700,0,49805.7191011236,66.63075598009027,2.4307530327491866,0.03675069401977122,3.689507659568371,2.792627771362178,0.7443530852649678,49805.7191011236,66.63075598009027,2.4307530327491866,0.03675069401977122,3.689507659568371,2.792627771362178,0.7443530852649678,7071_11709
701,1,51227.74725274725,66.49922130129977,2.4799017143074225,0.037659577234914504,3.794805674380627,2.7957873262721917,0.720196330055038,51227.74725274725,66.49922130129977,2.4799017143074225,0.037659577234914504,3.794805674380627,2.7957873262721917,0.720196330055038,7071_11709
702,2,52571.555555555555,66.34965140746183,2.596013249877263,0.0394238643801688,3.9197314527126834,2.8179299781283524,0.7115638186905272,52571.555555555555,66.34965140746183,2.596013249877263,0.0394238643801688,3.9197314527126834,2.8179299781283524,0.7115638186905272,7071_11709
703,3,54140.15294117647,66.29860380248542,2.7501714212102386,0.0419584699326876,4.010508723563205,2.934075309427257,0.718620971573164,54140.15294117647,66.29860380248542,2.7501714212102386,0.0419584699326876,4.010508723563205,2.934075309427257,0.718620971573164,7071_11709
704,4,56765.86516853933,66.28570356502333,2.6549998626148428,0.0404274501207946,4.179178651020165,2.9866662036031135,0.7014655104116785,56765.86516853933,66.28570356502333,2.6549998626148428,0.0404274501207946,4.179178651020165,2.9866662036031135,0.7014655104116785,7071_11709
705,5,41272.63218390805,67.73592454090829,1.871875429854313,0.027691111252943226,2.606105946070379,1.5273567211282748,0.5807948244788373,41272.63218390805,67.73592454090829,1.871875429854313,0.027691111252943226,2.606105946070379,1.5273567211282748,0.5807948244788373,7071_11709
706,6,33238.48780487805,68.18508761738931,2.1234708419043855,0.031217449992794324,1.9786566892554138,1.286924819703299,0.6503836792664945,33238.48780487805,68.18508761738931,2.1234708419043855,0.031217449992794324,1.9786566892554138,1.286924819703299,0.6503836792664945,7071_11709
707,0,49805.7191011236,66.63075598009027,2.4307530327491866,0.03675069401977122,3.689507659568371,2.792627771362178,0.7443530852649678,49634.44680851064,131.8305791768043,3.3871146663112435,0.02580843374780046,4.817244638931747,3.32826761169874,0.6869632465332969,7071_6968
708,1,51227.74725274725,66.49922130129977,2.4799017143074225,0.037659577234914504,3.794805674380627,2.7957873262721917,0.720196330055038,51080.59375,131.5051532871307,3.621941964826282,0.027697814580611834,4.9472387053595455,3.4024263233462384,0.685000525445405,7071_6968
709,2,52571.555555555555,66.34965140746183,2.596013249877263,0.0394238643801688,3.9197314527126834,2.8179299781283524,0.7115638186905272,51763.47368421053,131.41079672100096,3.8946531968494345,0.029846133882387035,5.084789167120384,3.485001510485295,0.6826837798043093,7071_6968
710,3,54140.15294117647,66.29860380248542,2.7501714212102386,0.0419584699326876,4.010508723563205,2.934075309427257,0.718620971573164,52823.84444444445,131.3247151192367,4.17509103819281,0.03201383059861034,5.236311539977625,3.582209184727701,0.6783322146099947,7071_6968
711,4,56765.86516853933,66.28570356502333,2.6549998626148428,0.0404274501207946,4.179178651020165,2.9866662036031135,0.7014655104116785,55629.62765957447,131.2766695066102,4.2226004081056905,0.03275905058252464,5.495570100009699,3.722969113045639,0.6673345533447864,7071_6968
712,5,41272.63218390805,67.73592454090829,1.871875429854313,0.027691111252943226,2.606105946070379,1.5273567211282748,0.5807948244788373,39825.02173913043,133.2695136338776,2.5654401465969214,0.019267369090479543,3.555530669288444,1.9910226195395873,0.5596072723167331,7071_6968
713,6,33238.48780487805,68.18508761738931,2.1234708419043855,0.031217449992794324,1.9786566892554138,1.286924819703299,0.6503836792664945,30949.712643678162,133.53303876161374,2.832909347836181,0.021243873452430614,2.7272352210735136,1.6623046746828032,0.6097795323910865,7071_6968
714,0,29622.880434782608,70.69690549031961,3.2781101776540393,0.04678602919693743,4.220936851395331,3.088125262798176,0.7253582291441318,,,,,,,,11875_6251
715,1,30105.127659574468,70.35390902296197,3.5976477668664306,0.05143080907073606,4.309717171529638,3.1260746509589525,0.7189328370667483,,,,,,,,11875_6251
716,2,30576.7311827957,70.0775388410118,3.690053213898324,0.053346454064851785,4.461143828323067,3.0887292604685324,0.691952800068848,,,,,,,,11875_6251
717,3,31376.61797752809,70.18592812986145,3.3855879576687267,0.04861350830516095,4.593643266025612,3.1632046869849177,0.6848638930755704,,,,,,,,11875_6251
718,4,33299.87096774193,70.12373333788072,3.5196019303714934,0.05052763999327998,4.8036179098003045,3.293255341596008,0.6812231633404968,,,,,,,,11875_6251
719,5,24227.747252747253,71.92703511079662,2.6968319489612957,0.037645471471068774,3.002418604694546,1.8488910461184342,0.6149660693226272,,,,,,,,11875_6251
720,6,19419.674418604653,72.55362443720941,2.801021427928751,0.03872239825672085,2.2486700856338224,1.4950897100239162,0.665853554891672,,,,,,,,11875_6251
721,0,49634.44680851064,131.8305791768043,3.3871146663112435,0.02580843374780046,4.817244638931747,3.32826761169874,0.6869632465332969,50063.27659574468,70.48715738389652,2.597455349762611,0.03692048078794395,3.3270562335006524,2.3236228862163513,0.6948908897823353,6968_8555
722,1,51080.59375,131.5051532871307,3.621941964826282,0.027697814580611834,4.9472387053595455,3.4024263233462384,0.685000525445405,51495.635416666664,70.35491063304903,2.6309619183232225,0.03747412810677229,3.4163847320927405,2.3899254949689355,0.6955661671870516,6968_8555
723,2,51763.47368421053,131.41079672100096,3.8946531968494345,0.029846133882387035,5.084789167120384,3.485001510485295,0.6826837798043093,52385.46315789474,70.19630083435862,2.6737066209907505,0.038220158141163335,3.516106294062531,2.420607630628784,0.6846955221187797,6968_8555
724,3,52823.84444444445,131.3247151192367,4.17509103819281,0.03201383059861034,5.236311539977625,3.582209184727701,0.6783322146099947,53418.34444444445,70.16554911643388,2.7281393215453886,0.03898483718903938,3.5908089879678906,2.4392832470654655,0.6757344584083473,6968_8555
725,4,55629.62765957447,131.2766695066102,4.2226004081056905,0.03275905058252464,5.495570100009699,3.722969113045639,0.6673345533447864,55948.60638297872,69.99738813647362,2.9610466155720916,0.04294504849690827,3.827080566425366,2.6632947724463087,0.6733628152572275,6968_8555
726,5,39825.02173913043,133.2695136338776,2.5654401465969214,0.019267369090479543,3.555530669288444,1.9910226195395873,0.5596072723167331,41185.27173913043,71.59219803528791,2.1593155973279865,0.030176521815936684,2.4190411469627087,1.384953552749536,0.5723751356880746,6968_8555
727,6,30949.712643678162,133.53303876161374,2.832909347836181,0.021243873452430614,2.7272352210735136,1.6623046746828032,0.6097795323910865,32786.16091954023,72.13611723084924,2.3845063429198605,0.03308702489244611,1.8183244938184728,1.1471759070445116,0.6317746881803603,6968_8555
728,0,49558.71276595745,64.92549519491159,2.6990924703344925,0.04187870544917835,3.1945536910128083,2.259072283481752,0.7001204905943722,29622.880434782608,70.69690549031961,3.2781101776540393,0.04678602919693743,4.220936851395331,3.088125262798176,0.7253582291441318,8568_11875
729,1,51996.677083333336,64.56632722669254,3.0340379225243574,0.047257337743091044,3.3132644736010115,2.351267908011854,0.7018643875439228,30105.127659574468,70.35390902296197,3.5976477668664306,0.05143080907073606,4.309717171529638,3.1260746509589525,0.7189328370667483,8568_11875
730,2,52647.61052631579,64.4121487280882,3.0158398424666752,0.04711609366505395,3.3875932513636378,2.3240800167612874,0.6846632138898644,30576.7311827957,70.0775388410118,3.690053213898324,0.053346454064851785,4.461143828323067,3.0887292604685324,0.691952800068848,8568_11875
731,3,53645.27777777778,64.43210752618097,2.944756309597894,0.04602891770216129,3.5119996185629625,2.3592222057683596,0.668555287201418,31376.61797752809,70.18592812986145,3.3855879576687267,0.04861350830516095,4.593643266025612,3.1632046869849177,0.6848638930755704,8568_11875
732,4,56963.414893617024,64.53888448417051,2.8587867330405143,0.044538974360293415,3.6162126873861973,2.3771225235855105,0.6544911005169788,33299.87096774193,70.12373333788072,3.5196019303714934,0.05052763999327998,4.8036179098003045,3.293255341596008,0.6812231633404968,8568_11875
733,5,41120.36956521739,65.7021504932645,2.4779418530232498,0.03779594574525474,2.304550277712335,1.364429972292979,0.5904828292645259,24227.747252747253,71.92703511079662,2.6968319489612957,0.037645471471068774,3.002418604694546,1.8488910461184342,0.6149660693226272,8568_11875
734,6,33415.36046511628,66.02240876283442,2.6377262979268368,0.04001104600520273,1.7576139821682804,1.1474254124669743,0.6544434565258981,19419.674418604653,72.55362443720941,2.801021427928751,0.03872239825672085,2.2486700856338224,1.4950897100239162,0.665853554891672,8568_11875
735,0,49717.65957446808,64.87937316502253,2.2517363169746702,0.03492864853747561,2.351892947948375,1.681244033517287,0.7112376445069777,49558.71276595745,64.92549519491159,2.6990924703344925,0.04187870544917835,3.1945536910128083,2.259072283481752,0.7001204905943722,8453_8568
736,1,51314.604166666664,64.7666068582166,2.3989432962320083,0.0371848501686088,2.4308272150942325,1.7342218637382096,0.7104193470256267,51996.677083333336,64.56632722669254,3.0340379225243574,0.047257337743091044,3.3132644736010115,2.351267908011854,0.7018643875439228,8453_8568
737,2,52389.17894736842,64.62052276526046,2.44250337009425,0.038041048757109466,2.5158399693516555,1.7605625572541137,0.6961210310706533,52647.61052631579,64.4121487280882,3.0158398424666752,0.04711609366505395,3.3875932513636378,2.3240800167612874,0.6846632138898644,8453_8568
738,3,52999.311111111114,64.5705776480732,2.342496539179903,0.03651086195511492,2.590945153973629,1.7689490323893966,0.6792238116933136,53645.27777777778,64.43210752618097,2.944756309597894,0.04602891770216129,3.5119996185629625,2.3592222057683596,0.668555287201418,8453_8568
739,4,56206.936170212764,64.61829283358439,2.322920522752336,0.03606636684930519,2.680457270577069,1.8134366753909141,0.673239932734944,56963.414893617024,64.53888448417051,2.8587867330405143,0.044538974360293415,3.6162126873861973,2.3771225235855105,0.6544911005169788,8453_8568
740,5,41464.45652173913,65.36203140215088,2.05665686895432,0.03159281420600706,1.7202759257036404,1.0695021480332407,0.6161492984923832,41120.36956521739,65.7021504932645,2.4779418530232498,0.03779594574525474,2.304550277712335,1.364429972292979,0.5904828292645259,8453_8568
741,6,32949.528735632186,65.60176842485684,2.2135943708498984,0.033813641419213954,1.2610143495485548,0.8397279662942977,0.6682627913261581,33415.36046511628,66.02240876283442,2.6377262979268368,0.04001104600520273,1.7576139821682804,1.1474254124669743,0.6544434565258981,8453_8568
742,0,,,,,,,,49805.7191011236,66.63075598009027,2.4307530327491866,0.03675069401977122,3.689507659568371,2.792627771362178,0.7443530852649678,6251_11709
743,1,,,,,,,,51227.74725274725,66.49922130129977,2.4799017143074225,0.037659577234914504,3.794805674380627,2.7957873262721917,0.720196330055038,6251_11709
744,2,,,,,,,,52571.555555555555,66.34965140746183,2.596013249877263,0.0394238643801688,3.9197314527126834,2.8179299781283524,0.7115638186905272,6251_11709
745,3,,,,,,,,54140.15294117647,66.29860380248542,2.7501714212102386,0.0419584699326876,4.010508723563205,2.934075309427257,0.718620971573164,6251_11709
746,4,,,,,,,,56765.86516853933,66.28570356502333,2.6549998626148428,0.0404274501207946,4.179178651020165,2.9866662036031135,0.7014655104116785,6251_11709
747,5,,,,,,,,41272.63218390805,67.73592454090829,1.871875429854313,0.027691111252943226,2.606105946070379,1.5273567211282748,0.5807948244788373,6251_11709
748,6,,,,,,,,33238.48780487805,68.18508761738931,2.1234708419043855,0.031217449992794324,1.9786566892554138,1.286924819703299,0.6503836792664945,6251_11709
749,0,46000.255319148935,57.56169781344918,3.4805818224898446,0.060684754311626406,5.434461974615896,3.9182191314321746,0.718351388063402,48823.397849462366,66.18070397826646,3.3713985068023082,0.05123184365229177,4.644200660217483,3.2305691123779297,0.6904207003772593,8588_8118
750,1,47313.25,57.06655960549319,3.8557996664908,0.06806811931621606,5.6690201464133025,4.19415131507905,0.7345217129714839,50703.85263157895,65.8551244834217,3.8927752880169457,0.05969107736283285,4.853495368238982,3.540715676839685,0.7219582901132291,8588_8118
751,2,48297.35106382979,56.87333742996292,4.048054183503682,0.071733691842574,5.889473108592444,4.2634448704367465,0.7208111322820684,51227.13684210526,65.5514971406451,4.141494696214287,0.06381411779416805,5.054566970888029,3.5731298688111552,0.7036948419721256,8588_8118
752,3,49144.86363636364,56.668448863194406,3.9968161230187023,0.0711348002426474,6.065702892947107,4.231635132189549,0.6960897006777608,51816.64444444444,65.36208756452385,4.297486797882736,0.06662619348465729,5.231749335994339,3.6352822486252228,0.6925862231366977,8588_8118
753,4,51436.3085106383,56.639332008293074,4.024144518284826,0.0719355053465666,6.294857257201797,4.3121342371852664,0.6812552785484538,54675.36170212766,65.3888444740239,4.142724056018351,0.06405715151651727,5.344251558484698,3.62656220242207,0.673274280283468,8588_8118
754,5,38476.75,58.59193350401756,2.3137391350788485,0.03955345521076704,4.01017499280278,2.434241900990552,0.6077088903635672,41165.03296703297,67.30252145754292,2.1628568747723995,0.03219464952889872,3.50450546039492,2.0086260562777123,0.5731452600019898,8588_8118
755,6,30622.02298850575,59.02421173061549,2.50103030772671,0.04256314873196054,3.0861204915129052,2.0286421357524067,0.6549179333626884,32634.197674418603,67.79660076899717,2.3320383596377496,0.03455409255362786,2.773198325780036,1.7169017463253908,0.6178108031977402,8588_8118
756,0,50566.16129032258,66.51246441123669,2.5070528311514315,0.03777242355066735,3.4741436755743407,2.454634942362031,0.704962977116743,49717.65957446808,64.87937316502253,2.2517363169746702,0.03492864853747561,2.351892947948375,1.681244033517287,0.7112376445069777,8572_8453
757,1,51893.197916666664,66.32169518901723,2.5726743604924693,0.038842160452732,3.5888979217301915,2.56222184837173,0.7117758135575402,51314.604166666664,64.7666068582166,2.3989432962320083,0.0371848501686088,2.4308272150942325,1.7342218637382096,0.7104193470256267,8572_8453
758,2,53101.62105263158,66.12337679021826,2.7122942454745167,0.04121575838657903,3.714433904783169,2.6124166015322072,0.7003505419448126,52389.17894736842,64.62052276526046,2.44250337009425,0.038041048757109466,2.5158399693516555,1.7605625572541137,0.6961210310706533,8572_8453
759,3,53660.97777777778,65.98193787222995,2.8017270090894333,0.042804074702459456,3.8272215916700207,2.624818381444075,0.683258196528747,52999.311111111114,64.5705776480732,2.342496539179903,0.03651086195511492,2.590945153973629,1.7689490323893966,0.6792238116933136,8572_8453
760,4,56793.20212765958,65.89904997713329,2.7808515609107207,0.04261854180805499,4.003523559126878,2.7054642329588567,0.6690070504993508,56206.936170212764,64.61829283358439,2.322920522752336,0.03606636684930519,2.680457270577069,1.8134366753909141,0.673239932734944,8572_8453
761,5,42317.956043956045,67.30132183008968,2.1946947677134143,0.0326843615350599,2.567459350990857,1.5685552377215737,0.6109849255245722,41464.45652173913,65.36203140215088,2.05665686895432,0.03159281420600706,1.7202759257036404,1.0695021480332407,0.6161492984923832,8572_8453
762,6,33648.813953488374,67.9957986621161,2.5395577882472167,0.03745182417981374,1.9359651164670708,1.2903467991371966,0.6664778743065416,32949.528735632186,65.60176842485684,2.2135943708498984,0.033813641419213954,1.2610143495485548,0.8397279662942977,0.6682627913261581,8572_8453
763,0,48785.414893617024,69.79818340581991,2.3571883512692366,0.03392181843458811,3.360722127119293,2.308557217651223,0.6852261838697313,50566.16129032258,66.51246441123669,2.5070528311514315,0.03777242355066735,3.4741436755743407,2.454634942362031,0.704962977116743,8563_8572
764,1,50288.114583333336,69.7440241018973,2.42488105527142,0.03485198992134357,3.446486834835467,2.4182654364512075,0.6980448486768241,51893.197916666664,66.32169518901723,2.5726743604924693,0.038842160452732,3.5888979217301915,2.56222184837173,0.7117758135575402,8563_8572
765,2,51257.44210526316,69.57628288662998,2.589349904607251,0.03734416206946196,3.5729125800979245,2.4615620310335844,0.6861590595984359,53101.62105263158,66.12337679021826,2.7122942454745167,0.04121575838657903,3.714433904783169,2.6124166015322072,0.7003505419448126,8563_8572
766,3,52028.811111111114,69.40309088659555,2.6516895116666075,0.03850892037813837,3.6996907210258376,2.4618837172901067,0.6626066640888696,53660.97777777778,65.98193787222995,2.8017270090894333,0.042804074702459456,3.8272215916700207,2.624818381444075,0.683258196528747,8563_8572
767,4,55444.936170212764,69.38528584943775,2.8023258481364928,0.04081295998181512,3.859056707036674,2.591431165595133,0.6615980979318831,56793.20212765958,65.89904997713329,2.7808515609107207,0.04261854180805499,4.003523559126878,2.7054642329588567,0.6690070504993508,8563_8572
768,5,41003.40217391304,70.76063380992134,2.0931499132592997,0.02963676989520481,2.5150759255285595,1.468913299603327,0.5842830120922343,42317.956043956045,67.30132183008968,2.1946947677134143,0.0326843615350599,2.567459350990857,1.5685552377215737,0.6109849255245722,8563_8572
769,6,32400.183908045976,71.0703858744075,2.482660350765314,0.03514603483115289,1.9494051959452627,1.2617617393594318,0.6384190712049754,33648.813953488374,67.9957986621161,2.5395577882472167,0.03745182417981374,1.9359651164670708,1.2903467991371966,0.6664778743065416,8563_8572
770,0,47516.86170212766,67.10480576018803,4.093942388821754,0.06131358950488482,4.445034043649884,3.1393912144476297,0.7092293225663313,48471.75268817204,65.22569511705977,3.445754984335543,0.05324125062201413,4.642364723505431,3.3420836936253373,0.7161517682086926,8456_6789
771,1,49177.447916666664,66.99197721670579,4.761243258337065,0.07137979771841393,4.662155588469504,3.377196816733818,0.73271462389632,50201.3052631579,65.08911026081945,3.678370001962354,0.05692745891034042,4.822972991500493,3.511070686901957,0.7246763679951602,8456_6789
772,2,49635.505263157895,66.48369092044797,5.067481947431475,0.07669223857669172,4.791015723076514,3.413158900760908,0.7152730957627395,51152.357894736844,64.76248742545832,3.814060974342565,0.05952671073656757,5.031011071461171,3.609386734315563,0.7101795200097292,8456_6789
773,3,49677.61111111111,66.26571946833236,5.024692711812589,0.07655415348093499,4.858179974317563,3.4282463758440227,0.7142383708927896,51963.651685393255,64.53840332747991,4.1375542868686805,0.06515266816157568,5.2728471192457445,3.923440012721021,0.7211097700638078,8456_6789
774,4,53092.617021276594,66.20405068072485,4.95591173094941,0.07548405619850711,5.023612550218213,3.4578582224908665,0.6905460108840816,54440.59574468085,64.40812140430863,4.031656507545418,0.06354083159136698,5.322362084135755,3.716285139536245,0.689784333397843,8456_6789
775,5,39332.184782608696,68.72777582040735,2.5986469482784273,0.03778617330903704,3.3049141338058394,1.909217628700072,0.5846363999578706,40269.53846153846,66.49621456680987,2.467673261503014,0.037232389654510416,3.3139008108418384,2.0165541720376474,0.6093756748545233,8456_6789
776,6,31542.05747126437,69.04907936841838,2.9032213787787957,0.04242019626945713,2.582731550250347,1.6287998788452895,0.64526831839821,31964.53488372093,67.00932348918876,2.7030439586165884,0.04094089127410072,2.624289879020043,1.8090330360044184,0.6705369120249465,8456_6789
777,0,48823.397849462366,66.18070397826646,3.3713985068023082,0.05123184365229177,4.644200660217483,3.2305691123779297,0.6904207003772593,47516.86170212766,67.10480576018803,4.093942388821754,0.06131358950488482,4.445034043649884,3.1393912144476297,0.7092293225663313,8118_8456
778,1,50703.85263157895,65.8551244834217,3.8927752880169457,0.05969107736283285,4.853495368238982,3.540715676839685,0.7219582901132291,49177.447916666664,66.99197721670579,4.761243258337065,0.07137979771841393,4.662155588469504,3.377196816733818,0.73271462389632,8118_8456
779,2,51227.13684210526,65.5514971406451,4.141494696214287,0.06381411779416805,5.054566970888029,3.5731298688111552,0.7036948419721256,49635.505263157895,66.48369092044797,5.067481947431475,0.07669223857669172,4.791015723076514,3.413158900760908,0.7152730957627395,8118_8456
780,3,51816.64444444444,65.36208756452385,4.297486797882736,0.06662619348465729,5.231749335994339,3.6352822486252228,0.6925862231366977,49677.61111111111,66.26571946833236,5.024692711812589,0.07655415348093499,4.858179974317563,3.4282463758440227,0.7142383708927896,8118_8456
781,4,54675.36170212766,65.3888444740239,4.142724056018351,0.06405715151651727,5.344251558484698,3.62656220242207,0.673274280283468,53092.617021276594,66.20405068072485,4.95591173094941,0.07548405619850711,5.023612550218213,3.4578582224908665,0.6905460108840816,8118_8456
782,5,41165.03296703297,67.30252145754292,2.1628568747723995,0.03219464952889872,3.50450546039492,2.0086260562777123,0.5731452600019898,39332.184782608696,68.72777582040735,2.5986469482784273,0.03778617330903704,3.3049141338058394,1.909217628700072,0.5846363999578706,8118_8456
783,6,32634.197674418603,67.79660076899717,2.3320383596377496,0.03455409255362786,2.773198325780036,1.7169017463253908,0.6178108031977402,31542.05747126437,69.04907936841838,2.9032213787787957,0.04242019626945713,2.582731550250347,1.6287998788452895,0.64526831839821,8118_8456
784,0,49300.72826086957,70.90368352432968,2.4589192732208285,0.03489868477988115,4.5377913689427105,3.1997369120846013,0.7034848829180321,48785.414893617024,69.79818340581991,2.3571883512692366,0.03392181843458811,3.360722127119293,2.308557217651223,0.6852261838697313,6691_8563
785,1,50918.95744680851,70.72232204852774,2.641079335121316,0.037508357653587836,4.674640114928669,3.3613717681650317,0.7158096309322359,50288.114583333336,69.7440241018973,2.42488105527142,0.03485198992134357,3.446486834835467,2.4182654364512075,0.6980448486768241,6691_8563
786,2,51674.81720430108,70.54727499636546,2.7853994960501858,0.039668239974026145,4.830872111908045,3.4026851064332897,0.7022419918972128,51257.44210526316,69.57628288662998,2.589349904607251,0.03734416206946196,3.5729125800979245,2.4615620310335844,0.6861590595984359,6691_8563
787,3,52422.954545454544,70.43426823265365,2.8813956384799537,0.04127956887461583,5.015148128693351,3.4270490142190964,0.681330098199258,52028.811111111114,69.40309088659555,2.6516895116666075,0.03850892037813837,3.6996907210258376,2.4618837172901067,0.6626066640888696,6691_8563
788,4,55481.967391304344,70.33576668888665,3.1700628367473795,0.04584263861556064,5.274379550004561,3.6544088044270433,0.6818374365591847,55444.936170212764,69.38528584943775,2.8023258481364928,0.04081295998181512,3.859056707036674,2.591431165595133,0.6615980979318831,6691_8563
789,5,41068.48888888889,72.07423433166699,1.9926920490465974,0.027715898394909184,3.3675147667289282,2.023255522074265,0.6005999822202506,41003.40217391304,70.76063380992134,2.0931499132592997,0.02963676989520481,2.5150759255285595,1.468913299603327,0.5842830120922343,6691_8563
790,6,32809.16470588235,72.38617153072597,2.3062409524796896,0.03203984057704455,2.6015429543094886,1.7033750546976993,0.6536347932193616,32400.183908045976,71.0703858744075,2.482660350765314,0.03514603483115289,1.9494051959452627,1.2617617393594318,0.6384190712049754,6691_8563
791,0,48471.75268817204,65.22569511705977,3.445754984335543,0.05324125062201413,4.642364723505431,3.3420836936253373,0.7161517682086926,49300.72826086957,70.90368352432968,2.4589192732208285,0.03489868477988115,4.5377913689427105,3.1997369120846013,0.7034848829180321,6789_6691
792,1,50201.3052631579,65.08911026081945,3.678370001962354,0.05692745891034042,4.822972991500493,3.511070686901957,0.7246763679951602,50918.95744680851,70.72232204852774,2.641079335121316,0.037508357653587836,4.674640114928669,3.3613717681650317,0.7158096309322359,6789_6691
793,2,51152.357894736844,64.76248742545832,3.814060974342565,0.05952671073656757,5.031011071461171,3.609386734315563,0.7101795200097292,51674.81720430108,70.54727499636546,2.7853994960501858,0.039668239974026145,4.830872111908045,3.4026851064332897,0.7022419918972128,6789_6691
794,3,51963.651685393255,64.53840332747991,4.1375542868686805,0.06515266816157568,5.2728471192457445,3.923440012721021,0.7211097700638078,52422.954545454544,70.43426823265365,2.8813956384799537,0.04127956887461583,5.015148128693351,3.4270490142190964,0.681330098199258,6789_6691
795,4,54440.59574468085,64.40812140430863,4.031656507545418,0.06354083159136698,5.322362084135755,3.716285139536245,0.689784333397843,55481.967391304344,70.33576668888665,3.1700628367473795,0.04584263861556064,5.274379550004561,3.6544088044270433,0.6818374365591847,6789_6691
796,5,40269.53846153846,66.49621456680987,2.467673261503014,0.037232389654510416,3.3139008108418384,2.0165541720376474,0.6093756748545233,41068.48888888889,72.07423433166699,1.9926920490465974,0.027715898394909184,3.3675147667289282,2.023255522074265,0.6005999822202506,6789_6691
797,6,31964.53488372093,67.00932348918876,2.7030439586165884,0.04094089127410072,2.624289879020043,1.8090330360044184,0.6705369120249465,32809.16470588235,72.38617153072597,2.3062409524796896,0.03203984057704455,2.6015429543094886,1.7033750546976993,0.6536347932193616,6789_6691
798,0,37929.04255319149,65.55296415688393,9.45336992972625,0.14572329120224733,5.617404525887346,5.750693759784389,1.0017199298451192,37825.84042553192,67.28131915729475,6.984020779481253,0.10446272207505987,6.199769146910421,5.37580501649643,0.8644507863264178,6052_8088
799,1,39446.239583333336,64.37468707463749,10.799058835627113,0.16955440789920892,6.045334553446897,6.474386149531846,1.047225463293826,38388.375,66.37054245704333,7.943744529636543,0.1207918883012782,6.54404539933189,5.8068217649648615,0.8816795635232261,6052_8088
800,2,40279.29473684211,63.81679830251437,11.63392359316261,0.18412129351606196,6.350309997135868,6.829374373535627,1.0590173028038146,39342.57894736842,66.06660650232341,8.211853689456316,0.12540227028992143,6.837772981033227,5.985324548508874,0.8690373122520884,6052_8088
801,3,40899.055555555555,63.69103650863591,11.715509096260515,0.18643669019226752,6.611386208656562,6.78522766741477,1.006585451846721,40052.9,65.86137487479884,8.54552374304397,0.13099743492554355,7.1389709021880865,6.03394982538117,0.8423712743309343,6052_8088
802,4,42989.79787234042,64.12145581011714,10.610237693946795,0.16863310967328485,6.503574873755578,6.208091934728599,0.9334997053918582,42414.65957446808,65.95849434430328,8.210710198955502,0.12619535511581875,7.315678747924647,5.870594846039603,0.7987004110163186,6052_8088
803,5,32169.695652173912,68.93444926353932,2.392324544940043,0.03479293273682218,3.5336552176148333,2.0897503627562095,0.5896228586119312,31294.847826086956,70.44177549646875,2.322291237257805,0.03307402894626541,4.083774862031562,2.5844130563019996,0.639028035234881,6052_8088
804,6,25864.988505747126,69.5803711767535,2.593923099707174,0.03743230070850545,2.7989989677504274,1.8527104384165192,0.6619510452890485,25052.94252873563,71.00489506002675,2.6253388715818566,0.037205867368485974,3.082739735098155,2.125401614248066,0.6994883294271407,6052_8088
805,0,37825.84042553192,67.28131915729475,6.984020779481253,0.10446272207505987,6.199769146910421,5.37580501649643,0.8644507863264178,40365.086956521736,65.34184164826677,4.676810571365265,0.07184336167974296,4.531833849355082,3.4430139599355885,0.7531997858370637,8088_8565
806,1,38388.375,66.37054245704333,7.943744529636543,0.1207918883012782,6.54404539933189,5.8068217649648615,0.8816795635232261,41098.926315789475,64.78318500932357,5.1640386151649,0.0802817814363537,4.742848606833721,3.6466181110007465,0.7662837281665075,8088_8565
807,2,39342.57894736842,66.06660650232341,8.211853689456316,0.12540227028992143,6.837772981033227,5.985324548508874,0.8690373122520884,41564.484210526316,64.54003344105621,5.397357614649256,0.08423200055412178,4.863962328226882,3.735960197168376,0.763160666638208,8088_8565
808,3,40052.9,65.86137487479884,8.54552374304397,0.13099743492554355,7.1389709021880865,6.03394982538117,0.8423712743309343,42962.14444444444,64.36975607726032,5.619650968263346,0.0879240790821346,5.068933974261224,3.784929629404429,0.7427839437920069,8088_8565
809,4,42414.65957446808,65.95849434430328,8.210710198955502,0.12619535511581875,7.315678747924647,5.870594846039603,0.7987004110163186,45558.93548387097,64.38681446217115,5.3994803222369665,0.08473070629686312,5.248288232417228,3.7285004923168112,0.7044510362008685,8088_8565
810,5,31294.847826086956,70.44177549646875,2.322291237257805,0.03307402894626541,4.083774862031562,2.5844130563019996,0.639028035234881,34170.230769230766,67.43840909927334,2.4911055698509,0.03703566792281237,3.250045998317055,1.9617920243409677,0.6020616735063155,8088_8565
811,6,25052.94252873563,71.00489506002675,2.6253388715818566,0.037205867368485974,3.082739735098155,2.125401614248066,0.6994883294271407,27300.918604651164,68.04149277944227,2.724344311022566,0.040244965768796284,2.498240566190084,1.6430689716833746,0.6565351585907601,8088_8565
812,0,40365.086956521736,65.34184164826677,4.676810571365265,0.07184336167974296,4.531833849355082,3.4430139599355885,0.7531997858370637,46000.255319148935,57.56169781344918,3.4805818224898446,0.060684754311626406,5.434461974615896,3.9182191314321746,0.718351388063402,8565_8588
813,1,41098.926315789475,64.78318500932357,5.1640386151649,0.0802817814363537,4.742848606833721,3.6466181110007465,0.7662837281665075,47313.25,57.06655960549319,3.8557996664908,0.06806811931621606,5.6690201464133025,4.19415131507905,0.7345217129714839,8565_8588
814,2,41564.484210526316,64.54003344105621,5.397357614649256,0.08423200055412178,4.863962328226882,3.735960197168376,0.763160666638208,48297.35106382979,56.87333742996292,4.048054183503682,0.071733691842574,5.889473108592444,4.2634448704367465,0.7208111322820684,8565_8588
815,3,42962.14444444444,64.36975607726032,5.619650968263346,0.0879240790821346,5.068933974261224,3.784929629404429,0.7427839437920069,49144.86363636364,56.668448863194406,3.9968161230187023,0.0711348002426474,6.065702892947107,4.231635132189549,0.6960897006777608,8565_8588
816,4,45558.93548387097,64.38681446217115,5.3994803222369665,0.08473070629686312,5.248288232417228,3.7285004923168112,0.7044510362008685,51436.3085106383,56.639332008293074,4.024144518284826,0.0719355053465666,6.294857257201797,4.3121342371852664,0.6812552785484538,8565_8588
817,5,34170.230769230766,67.43840909927334,2.4911055698509,0.03703566792281237,3.250045998317055,1.9617920243409677,0.6020616735063155,38476.75,58.59193350401756,2.3137391350788485,0.03955345521076704,4.01017499280278,2.434241900990552,0.6077088903635672,8565_8588
818,6,27300.918604651164,68.04149277944227,2.724344311022566,0.040244965768796284,2.498240566190084,1.6430689716833746,0.6565351585907601,30622.02298850575,59.02421173061549,2.50103030772671,0.04256314873196054,3.0861204915129052,2.0286421357524067,0.6549179333626884,8565_8588
819,0,16622.945652173912,69.747991000874,2.463610995737261,0.03533819913753227,1.7860769387002207,1.2727977530141228,0.71686897651929,19266.82978723404,73.33226818409979,3.16973249818599,0.043276119071618456,1.9659690974406645,1.3901514072965646,0.7058686845617815,9706_9710
820,1,16924.01052631579,69.59067205558053,2.528355278660409,0.03634231579472986,1.8040932687262232,1.3054294406865734,0.7248889665826341,19481.34736842105,73.15426443982344,3.099430720550377,0.042378033951191434,1.9839313583255818,1.3909251465773464,0.7014474909761728,9706_9710
821,2,17205.336842105262,69.55676926221628,2.4954153717530345,0.035891474917008594,1.8474219591180576,1.340653841058534,0.7237393907137244,19953.252631578947,73.0211877641304,3.1360116260660793,0.042958175761655504,2.061338766389008,1.4317735007253107,0.6930267717225886,9706_9710
822,3,17964.26966292135,69.55825754358375,2.498894959632004,0.035948062331647754,1.9053565078866088,1.3686554472553571,0.7168542573735398,20489.355555555554,73.09444988580348,3.0827337256443665,0.04219324054549391,2.094143100257545,1.4551697646541462,0.6943930888352097,9706_9710
823,4,20112.031914893618,69.45743307049734,2.462737600659666,0.035476088304420464,2.1155350092825893,1.4474651840696142,0.6859220612696513,22849.106382978724,73.0537194383173,3.026369552772279,0.04144312303077131,2.2870492468297234,1.5138164733848338,0.6620107572235446,9706_9710
824,5,17415.0,70.20008220860085,2.625705779855619,0.037452567713668276,1.5718291375352866,1.0487188606222801,0.657663290546106,19489.82608695652,74.23682351148031,2.6752306431432875,0.036055001635401554,1.696767254241157,1.0278245579193734,0.6065141886953727,9706_9710
825,6,14317.552941176471,70.44195937377852,2.8865235708426655,0.04104414642008189,1.2245461375668738,0.9229727920431836,0.7526631146411259,15994.540229885057,74.853128111292,2.9202955860359596,0.039069807247979385,1.3456178091428086,0.9524933854479337,0.7074139947069215,9706_9710
826,0,16944.936170212764,72.54783815704603,2.311519174062512,0.03187013389675545,2.428948580621621,1.8079423504778416,0.7452809607997298,16622.945652173912,69.747991000874,2.463610995737261,0.03533819913753227,1.7860769387002207,1.2727977530141228,0.71686897651929,6244_9706
827,1,17106.979166666668,72.38874791910727,2.452248595506941,0.033885088103374025,2.4594419269922345,1.8547339302018113,0.7543156345611735,16924.01052631579,69.59067205558053,2.528355278660409,0.03634231579472986,1.8040932687262232,1.3054294406865734,0.7248889665826341,6244_9706
828,2,17576.4,72.35537895586043,2.4030389451965246,0.0332284026276544,2.5460875153490745,1.919169226762457,0.751770450628545,17205.336842105262,69.55676926221628,2.4954153717530345,0.035891474917008594,1.8474219591180576,1.340653841058534,0.7237393907137244,6244_9706
829,3,18110.9,72.35694240131923,2.4075967300273926,0.03328923644388141,2.6170708866065056,1.9539236311913508,0.7456207624224468,17964.26966292135,69.55825754358375,2.498894959632004,0.035948062331647754,1.9053565078866088,1.3686554472553571,0.7168542573735398,6244_9706
830,4,20316.64893617021,72.2979060951789,2.3052187030049374,0.031898864808806854,2.8984049902758016,2.044068753863597,0.705179700529089,20112.031914893618,69.45743307049734,2.462737600659666,0.035476088304420464,2.1155350092825893,1.4474651840696142,0.6859220612696513,6244_9706
831,5,17531.445652173912,73.0462616447063,2.308388955054032,0.031620421657959044,2.1537266606869,1.3739726681969489,0.6385409384492086,17415.0,70.20008220860085,2.625705779855619,0.037452567713668276,1.5718291375352866,1.0487188606222801,0.657663290546106,6244_9706
832,6,14563.172413793103,73.33824366327408,2.7043772801837886,0.03691021303885983,1.6938228134290947,1.254018037377063,0.740173463497416,14317.552941176471,70.44195937377852,2.8865235708426655,0.04104414642008189,1.2245461375668738,0.9229727920431836,0.7526631146411259,6244_9706
833,0,19266.82978723404,73.33226818409979,3.16973249818599,0.043276119071618456,1.9659690974406645,1.3901514072965646,0.7058686845617815,19261.957446808512,75.72479649313213,2.8849646363519095,0.038271965226910294,2.8814723470086507,2.27703485016762,0.7781590306581406,9710_6236
834,1,19481.34736842105,73.15426443982344,3.099430720550377,0.042378033951191434,1.9839313583255818,1.3909251465773464,0.7014474909761728,19418.604166666668,75.50250763369051,2.7922888086285496,0.03699413397702345,2.879704033574669,2.2489022197482615,0.779121048688587,9710_6236
835,2,19953.252631578947,73.0211877641304,3.1360116260660793,0.042958175761655504,2.061338766389008,1.4317735007253107,0.6930267717225886,20051.621052631577,75.43407203501995,2.777936958360086,0.036866339316100734,2.993578827064425,2.3136426869305398,0.7713828800147517,9710_6236
836,3,20489.355555555554,73.09444988580348,3.0827337256443665,0.04219324054549391,2.094143100257545,1.4551697646541462,0.6943930888352097,20501.944444444445,75.49061560847494,2.73161798026408,0.03620825838644422,3.0449101862680266,2.3017743872533702,0.7546252790578423,9710_6236
837,4,22849.106382978724,73.0537194383173,3.026369552772279,0.04144312303077131,2.2870492468297234,1.5138164733848338,0.6620107572235446,22651.468085106382,75.54146866568425,2.663116698921812,0.03527816911473064,3.3441029262316473,2.4436955837806726,0.7322375183327027,9710_6236
838,5,19489.82608695652,74.23682351148031,2.6752306431432875,0.036055001635401554,1.696767254241157,1.0278245579193734,0.6065141886953727,19592.956043956045,76.8298458755414,2.3370901083802607,0.03042918276693835,2.4401387460785995,1.6212803425077795,0.6635001773088579,9710_6236
839,6,15994.540229885057,74.853128111292,2.9202955860359596,0.039069807247979385,1.3456178091428086,0.9524933854479337,0.7074139947069215,15972.244186046511,77.19019478540665,2.8076206856953116,0.03648729972436918,1.9305164804881756,1.5927108077495775,0.8161400943594636,9710_6236
840,0,19321.063829787236,72.12552196794134,2.5692244630258108,0.0358306709225311,2.0307134299492744,1.5160066172224547,0.7368697336466813,23059.457446808512,69.0378586283792,2.576362590813592,0.037422883164817206,2.564070668453146,1.97730248572636,0.762623946361021,8048_8037
841,1,19405.604166666668,71.90200193863224,2.6108096594236625,0.03633910916180662,2.0386396909280307,1.485774808523353,0.7278580008356058,23431.84375,68.84164801822807,2.6336097377329053,0.038337930246533695,2.5954597209388544,1.9557168165297887,0.7476268654615476,8048_8037
842,2,19963.797872340427,71.90538093748903,2.4786043420228436,0.03454102396515229,2.0999523909734643,1.5056268709625487,0.7166068856442519,24062.968085106382,68.88822691583462,2.358270164952486,0.03425137475530988,2.659106399842082,1.9309655373503136,0.7236291418234545,8048_8037
843,3,20338.977528089887,71.98881173830068,2.4634362997875465,0.03425333817326696,2.1316859827168324,1.5394759963514626,0.721896753659645,24580.85393258427,68.80578582910626,2.6467548968938974,0.03868469322399788,2.748911178034917,2.10951690547838,0.7508433279994776,8048_8037
844,4,22630.191489361703,71.90606400967923,2.4526114015180016,0.034145017207974145,2.3568690573971804,1.6201307067602757,0.6858363310690174,26722.531914893618,68.83701817801207,2.599283813641156,0.03787031451721386,2.9100552214877955,2.079692139553942,0.7073489885106454,8048_8037
845,5,19554.510869565216,72.80927883412264,2.600202798646211,0.03583934191360329,1.7646517037446643,1.1821275224672434,0.6525588106374741,22702.53846153846,69.77176151329448,2.2517989113180925,0.03229064357757344,2.0896708617553132,1.334232874899639,0.6383876305479037,8048_8037
846,6,16033.643678160919,73.17744621513253,2.8345059306255194,0.03879853501741058,1.3645377092239674,1.0371793420829885,0.759713577166662,18258.04651162791,70.1591518073713,2.5639971329510387,0.036600875575140905,1.5831251860591549,1.1583361077915635,0.7313792676148566,8048_8037
847,0,23059.457446808512,69.0378586283792,2.576362590813592,0.037422883164817206,2.564070668453146,1.97730248572636,0.762623946361021,23309.23404255319,72.62608604917432,2.6359179193242204,0.036501842358469934,2.784107475868079,2.2250586120477904,0.7921409362134217,8037_6764
848,1,23431.84375,68.84164801822807,2.6336097377329053,0.038337930246533695,2.5954597209388544,1.9557168165297887,0.7476268654615476,23471.322916666668,72.42390445854767,2.6751032562880632,0.037037702180050036,2.8104672143841696,2.221587383396169,0.7876225749653137,8037_6764
849,2,24062.968085106382,68.88822691583462,2.358270164952486,0.03425137475530988,2.659106399842082,1.9309655373503136,0.7236291418234545,24132.90425531915,72.49508553546356,2.43167053680067,0.03358943518194434,2.9005631221356647,2.248283666946401,0.7719055960214966,8037_6764
850,3,24580.85393258427,68.80578582910626,2.6467548968938974,0.03868469322399788,2.748911178034917,2.10951690547838,0.7508433279994776,24630.74157303371,72.41280897660961,2.6970793695769815,0.0376869465189655,3.024731438661697,2.4783274973877503,0.7955498232093254,8037_6764
851,4,26722.531914893618,68.83701817801207,2.599283813641156,0.03787031451721386,2.9100552214877955,2.079692139553942,0.7073489885106454,27008.548387096773,72.36169806899892,2.849531461664765,0.039561405651721886,3.241880296829985,2.477437295366268,0.7556027243126465,8037_6764
852,5,22702.53846153846,69.77176151329448,2.2517989113180925,0.03229064357757344,2.0896708617553132,1.334232874899639,0.6383876305479037,22613.760869565216,73.20753571416381,2.3494917516364753,0.03213729694306958,2.227288969046792,1.4977151100161266,0.6741429995802881,8037_6764
853,6,18258.04651162791,70.1591518073713,2.5639971329510387,0.036600875575140905,1.5831251860591549,1.1583361077915635,0.7313792676148566,18308.03448275862,73.57187142405934,2.7378759045203758,0.03740204759619349,1.6458065600069351,1.3254949747056988,0.7978599635807371,8037_6764
854,0,19261.957446808512,75.72479649313213,2.8849646363519095,0.038271965226910294,2.8814723470086507,2.27703485016762,0.7781590306581406,19321.063829787236,72.12552196794134,2.5692244630258108,0.0358306709225311,2.0307134299492744,1.5160066172224547,0.7368697336466813,6236_8048
855,1,19418.604166666668,75.50250763369051,2.7922888086285496,0.03699413397702345,2.879704033574669,2.2489022197482615,0.779121048688587,19405.604166666668,71.90200193863224,2.6108096594236625,0.03633910916180662,2.0386396909280307,1.485774808523353,0.7278580008356058,6236_8048
856,2,20051.621052631577,75.43407203501995,2.777936958360086,0.036866339316100734,2.993578827064425,2.3136426869305398,0.7713828800147517,19963.797872340427,71.90538093748903,2.4786043420228436,0.03454102396515229,2.0999523909734643,1.5056268709625487,0.7166068856442519,6236_8048
857,3,20501.944444444445,75.49061560847494,2.73161798026408,0.03620825838644422,3.0449101862680266,2.3017743872533702,0.7546252790578423,20338.977528089887,71.98881173830068,2.4634362997875465,0.03425333817326696,2.1316859827168324,1.5394759963514626,0.721896753659645,6236_8048
858,4,22651.468085106382,75.54146866568425,2.663116698921812,0.03527816911473064,3.3441029262316473,2.4436955837806726,0.7322375183327027,22630.191489361703,71.90606400967923,2.4526114015180016,0.034145017207974145,2.3568690573971804,1.6201307067602757,0.6858363310690174,6236_8048
859,5,19592.956043956045,76.8298458755414,2.3370901083802607,0.03042918276693835,2.4401387460785995,1.6212803425077795,0.6635001773088579,19554.510869565216,72.80927883412264,2.600202798646211,0.03583934191360329,1.7646517037446643,1.1821275224672434,0.6525588106374741,6236_8048
860,6,15972.244186046511,77.19019478540665,2.8076206856953116,0.03648729972436918,1.9305164804881756,1.5927108077495775,0.8161400943594636,16033.643678160919,73.17744621513253,2.8345059306255194,0.03879853501741058,1.3645377092239674,1.0371793420829885,0.759713577166662,6236_8048
861,0,23309.23404255319,72.62608604917432,2.6359179193242204,0.036501842358469934,2.784107475868079,2.2250586120477904,0.7921409362134217,17739.32967032967,67.4832492236571,4.134735612732262,0.061625309823510464,1.9879926608361898,1.443714351083916,0.7185711493667688,6764_6763
862,1,23471.322916666668,72.42390445854767,2.6751032562880632,0.037037702180050036,2.8104672143841696,2.221587383396169,0.7876225749653137,17589.6,67.40144220273896,4.2446801073204945,0.06314453137294215,2.012197147447583,1.3814904401084924,0.6883739199279715,6764_6763
863,2,24132.90425531915,72.49508553546356,2.43167053680067,0.03358943518194434,2.9005631221356647,2.248283666946401,0.7719055960214966,18569.67021276596,67.34698153847386,4.258852251847622,0.0633470694270945,2.0653617768766885,1.4462454326376446,0.6992287203242008,6764_6763
864,3,24630.74157303371,72.41280897660961,2.6970793695769815,0.0376869465189655,3.024731438661697,2.4783274973877503,0.7955498232093254,18559.966666666667,66.27165897791194,13.020747633781856,-1.0410380846367828,2.0849346846944363,1.4724911005752814,0.7027635112804471,6764_6763
865,4,27008.548387096773,72.36169806899892,2.849531461664765,0.039561405651721886,3.241880296829985,2.477437295366268,0.7556027243126465,20630.537634408603,66.8457541495782,4.236314333651906,0.06358342372781559,2.1236455496104263,1.4761629611781588,0.6923267053298466,6764_6763
866,5,22613.760869565216,73.20753571416381,2.3494917516364753,0.03213729694306958,2.227288969046792,1.4977151100161266,0.6741429995802881,16424.261363636364,66.95841629322373,3.989810822493615,0.05975662688087522,1.5200315102458453,0.9910086146132855,0.66118350477499,6764_6763
867,6,18308.03448275862,73.57187142405934,2.7378759045203758,0.03740204759619349,1.6458065600069351,1.3254949747056988,0.7978599635807371,12939.780487804877,67.42714682861728,4.58777021920259,0.0683947629069839,1.2149797006527474,0.8814478161217348,0.7286770173231594,6764_6763
868,0,17739.32967032967,67.4832492236571,4.134735612732262,0.061625309823510464,1.9879926608361898,1.443714351083916,0.7185711493667688,22040.612903225807,71.13679509029309,3.001922500242238,0.0425822276730999,3.002218850534707,2.3280084807732755,0.7604078891463529,6763_6186
869,1,17589.6,67.40144220273896,4.2446801073204945,0.06314453137294215,2.012197147447583,1.3814904401084924,0.6883739199279715,22264.4375,71.10588146649845,2.884333768572061,0.040671998090973306,3.0187701948414087,2.2680789666213585,0.7487505369246071,6763_6186
870,2,18569.67021276596,67.34698153847386,4.258852251847622,0.0633470694270945,2.0653617768766885,1.4462454326376446,0.6992287203242008,22974.863157894735,70.9336657339193,3.0707776499493136,0.043550291593729855,3.128425312198748,2.427023978942383,0.7605920148225714,6763_6186
871,3,18559.966666666667,66.27165897791194,13.020747633781856,-1.0410380846367828,2.0849346846944363,1.4724911005752814,0.7027635112804471,23324.98888888889,70.71047237314609,3.170785162237893,0.04704375777029806,3.3015613843165763,2.5603579871570075,0.7510417150561526,6763_6186
872,4,20630.537634408603,66.8457541495782,4.236314333651906,0.06358342372781559,2.1236455496104263,1.4761629611781588,0.6923267053298466,25483.64893617021,70.67252172813703,3.1449140834442812,0.04478158339578314,3.345301614455851,2.4641798513441744,0.7272248521604723,6763_6186
873,5,16424.261363636364,66.95841629322373,3.989810822493615,0.05975662688087522,1.5200315102458453,0.9910086146132855,0.66118350477499,21042.467391304348,71.46923635657924,2.663970962862288,0.037442371815956624,2.4059113569735833,1.554251189051682,0.6484676915293851,6763_6186
874,6,12939.780487804877,67.42714682861728,4.58777021920259,0.0683947629069839,1.2149797006527474,0.8814478161217348,0.7286770173231594,16747.802325581397,71.98585121190287,3.013287825736612,0.04215043646568951,1.8396597906189633,1.4077284642491004,0.764937839094207,6763_6186
875,0,23528.879120879123,72.40496225231023,2.635577795693396,0.036552225872551865,2.3034682292228683,1.7319173169943936,0.7491868023008527,33463.720430107525,68.84440416722518,3.5971741809448488,0.0527669479036901,3.69662008043332,3.121656936049916,0.828239038684732,8494_8462
876,1,23763.271739130436,72.24347965788428,2.7675776186283176,0.038654776757898836,2.352214525990626,1.8087587840367902,0.7536748505244725,34059.98947368421,68.22646508927963,5.9732775759248025,0.09476381013794315,3.9409639619028964,3.6148197325771236,0.8813181457860368,8494_8462
877,2,24455.597826086956,72.04740745390419,3.029592919139735,0.042889724055609466,2.498892051504752,2.0015542021935158,0.7680121825682652,34665.0,68.0891510800547,4.681771054819081,0.07052576322362339,4.10275775028459,3.7359825597327374,0.8689311173292397,8494_8462
878,3,25030.511363636364,72.28857692857439,2.6150858324643034,0.036367818507850785,2.490058850835568,1.8270295721719898,0.7326481296155852,35014.84269662921,68.22468635946682,4.015703798365732,0.059962498511945767,4.0559074086888565,3.4348412337914698,0.8226880000410641,8494_8462
879,4,27866.66304347826,72.3162908846838,2.6978651679836907,0.03739678850576085,2.7275838576603606,1.9673701059587656,0.7160031941464934,37646.755319148935,68.25935786534221,4.435507357835352,0.06615344735429439,4.341038605298476,3.644424300138157,0.8145448722053625,8494_8462
880,5,23197.6404494382,73.5538929736627,2.3118170555827064,0.031483718676335454,1.9382896043621904,1.2866186564845898,0.6643526520411482,30806.516483516483,70.42392505026804,2.7740303685282823,0.04071349635528881,2.8273287349596665,1.8396535967747185,0.650673048341554,8494_8462
881,6,18360.5,73.67662849260742,2.5950985213114945,0.03530390724647926,1.4544962825141374,1.1126784636256875,0.7638356562816436,24820.906976744187,70.82810021225397,2.4158075467941016,0.03433369131489241,2.139107256810424,1.6166991744754575,0.7467742662197815,8494_8462
882,0,23112.813186813186,75.49337424702863,2.647499562430794,0.035305066960207486,3.6285925287352074,2.742130381009004,0.7369125820435622,23528.879120879123,72.40496225231023,2.635577795693396,0.036552225872551865,2.3034682292228683,1.7319173169943936,0.7491868023008527,6858_8494
883,1,23351.1935483871,75.28034993942948,2.715930239096235,0.03631662250835625,3.6559116354832364,2.7466788619263536,0.7392334729947786,23763.271739130436,72.24347965788428,2.7675776186283176,0.038654776757898836,2.352214525990626,1.8087587840367902,0.7536748505244725,6858_8494
884,2,24015.445652173912,75.1695148460412,2.9098367146828177,0.03892449495722623,3.7983380215998634,2.9006240934943706,0.7489365477699954,24455.597826086956,72.04740745390419,3.029592919139735,0.042889724055609466,2.498892051504752,2.0015542021935158,0.7680121825682652,6858_8494
885,3,24545.372093023256,75.05170053820036,2.848733104529518,0.04053213744221744,4.065262223342965,3.1032215315920255,0.7293957797871284,25030.511363636364,72.28857692857439,2.6150858324643034,0.036367818507850785,2.490058850835568,1.8270295721719898,0.7326481296155852,6858_8494
886,4,26793.86813186813,75.3384690070311,2.7427183124675065,0.036596119217813854,4.158358834140301,2.9122268652050125,0.696428730819309,27866.66304347826,72.3162908846838,2.6978651679836907,0.03739678850576085,2.7275838576603606,1.9673701059587656,0.7160031941464934,6858_8494
887,5,22365.94382022472,76.40042685286465,2.3332383549138793,0.030562683321072315,3.037770555742914,1.8857576463391892,0.6214835215805669,23197.6404494382,73.5538929736627,2.3118170555827064,0.031483718676335454,1.9382896043621904,1.2866186564845898,0.6643526520411482,6858_8494
888,6,17850.916666666668,76.60775544613477,2.5547496213417933,0.0333796081175124,2.393865920943397,1.665071475087182,0.6986670113878665,18360.5,73.67662849260742,2.5950985213114945,0.03530390724647926,1.4544962825141374,1.1126784636256875,0.7638356562816436,6858_8494
889,0,22040.612903225807,71.13679509029309,3.001922500242238,0.0425822276730999,3.002218850534707,2.3280084807732755,0.7604078891463529,23112.813186813186,75.49337424702863,2.647499562430794,0.035305066960207486,3.6285925287352074,2.742130381009004,0.7369125820435622,6186_6858
890,1,22264.4375,71.10588146649845,2.884333768572061,0.040671998090973306,3.0187701948414087,2.2680789666213585,0.7487505369246071,23351.1935483871,75.28034993942948,2.715930239096235,0.03631662250835625,3.6559116354832364,2.7466788619263536,0.7392334729947786,6186_6858
891,2,22974.863157894735,70.9336657339193,3.0707776499493136,0.043550291593729855,3.128425312198748,2.427023978942383,0.7605920148225714,24015.445652173912,75.1695148460412,2.9098367146828177,0.03892449495722623,3.7983380215998634,2.9006240934943706,0.7489365477699954,6186_6858
892,3,23324.98888888889,70.71047237314609,3.170785162237893,0.04704375777029806,3.3015613843165763,2.5603579871570075,0.7510417150561526,24545.372093023256,75.05170053820036,2.848733104529518,0.04053213744221744,4.065262223342965,3.1032215315920255,0.7293957797871284,6186_6858
893,4,25483.64893617021,70.67252172813703,3.1449140834442812,0.04478158339578314,3.345301614455851,2.4641798513441744,0.7272248521604723,26793.86813186813,75.3384690070311,2.7427183124675065,0.036596119217813854,4.158358834140301,2.9122268652050125,0.696428730819309,6186_6858
894,5,21042.467391304348,71.46923635657924,2.663970962862288,0.037442371815956624,2.4059113569735833,1.554251189051682,0.6484676915293851,22365.94382022472,76.40042685286465,2.3332383549138793,0.030562683321072315,3.037770555742914,1.8857576463391892,0.6214835215805669,6186_6858
895,6,16747.802325581397,71.98585121190287,3.013287825736612,0.04215043646568951,1.8396597906189633,1.4077284642491004,0.764937839094207,17850.916666666668,76.60775544613477,2.5547496213417933,0.0333796081175124,2.393865920943397,1.665071475087182,0.6986670113878665,6186_6858
896,0,33463.720430107525,68.84440416722518,3.5971741809448488,0.0527669479036901,3.69662008043332,3.121656936049916,0.828239038684732,34471.09574468085,67.41258566952835,4.462625546326849,0.0668235941395465,5.5439747720677675,4.721417189684527,0.8365921891403247,8462_6231
897,1,34059.98947368421,68.22646508927963,5.9732775759248025,0.09476381013794315,3.9409639619028964,3.6148197325771236,0.8813181457860368,35028.645833333336,66.89199325059134,5.549228928913176,0.08409972212829149,5.820034753143731,5.311772590429995,0.8870009039196135,8462_6231
898,2,34665.0,68.0891510800547,4.681771054819081,0.07052576322362339,4.10275775028459,3.7359825597327374,0.8689311173292397,35706.905263157896,66.731582651167,5.377358316183206,0.08149319223296198,5.943951584086658,5.214481766715522,0.8602807477655603,8462_6231
899,3,35014.84269662921,68.22468635946682,4.015703798365732,0.059962498511945767,4.0559074086888565,3.4348412337914698,0.8226880000410641,35865.02247191011,66.73826039265917,5.211846845714642,0.0790169668497014,6.0576706672474625,5.227396311506007,0.8440124931095112,8462_6231
900,4,37646.755319148935,68.25935786534221,4.435507357835352,0.06615344735429439,4.341038605298476,3.644424300138157,0.8145448722053625,38848.382978723406,66.81796305904352,4.749045436031788,0.0720687840206674,6.318857714838567,4.999376099598484,0.7770083483544453,8462_6231
901,5,30806.516483516483,70.42392505026804,2.7740303685282823,0.04071349635528881,2.8273287349596665,1.8396535967747185,0.650673048341554,31904.934782608696,69.03169966966075,2.1339740873539568,0.031007690719732084,4.245689022269921,2.7251865178451236,0.6411042920174592,8462_6231
902,6,24820.906976744187,70.82810021225397,2.4158075467941016,0.03433369131489241,2.139107256810424,1.6166991744754575,0.7467742662197815,25547.310344827587,69.48317208276761,2.4803347731301124,0.03591113596251419,3.2674825572906347,2.4355329912676034,0.7385735392363886,8462_6231
903,0,15961.172043010753,69.69227853364067,2.990610154042013,0.04294073814506066,1.403235079684914,1.1224817307073354,0.7923014796857141,16876.22340425532,68.11317886795379,3.655612955025288,0.05382721772967726,1.697426547887953,1.4840635426827786,0.8250773814624784,8522_8498
904,1,16522.72340425532,69.45398387238885,3.171960726603875,0.045762671574521754,1.4736829158872449,1.2230890491444977,0.8112428423958542,17597.489583333332,67.62169342635805,4.4558144481626085,0.0664137512194743,1.883076088406938,1.9967569609667242,0.9615861195483246,8522_8498
905,2,16864.505376344085,69.30673945781497,3.2625043243207545,0.04730673844787387,1.5333896757619916,1.2832601845408589,0.7964210018563362,17765.97894736842,67.52812354885988,4.465699699468307,0.0666245288504398,1.9448611395513313,2.0712207055953455,0.9593675811248698,8522_8498
906,3,16894.75,69.33923777755693,3.3134378031903866,0.04799044465997188,1.559061073643725,1.3767071948457599,0.8255897099651144,18020.555555555555,67.32786298916294,5.102219386189629,0.07664714658637524,2.103061286328727,2.490883808952654,1.0225707476058614,8522_8498
907,4,17869.204301075268,69.36324630368135,3.223561900906288,0.046613341352337107,1.619501343636238,1.2930987783892591,0.7645267515743964,19222.81914893617,67.5349525062114,4.271421229283573,0.06397741629843953,2.0768792098252864,2.062738325087199,0.8680270765225101,8522_8498
908,5,14071.54945054945,70.29255547188505,3.069880234675983,0.04369888214386975,1.0197775491758467,0.6595800151291933,0.6506047894403328,14576.467391304348,68.92525968229619,3.1941184788205956,0.046365450974451015,1.1698208280549403,0.7482288049163819,0.6424383356958502,8522_8498
909,6,11166.43023255814,70.83799178437866,3.3384843056081395,0.047164902636814436,0.7606619543144699,0.5744656479865166,0.7608073435057746,11664.379310344828,69.50144780784295,3.448126911845207,0.04963795668303568,0.8614820079403095,0.6264299623626198,0.732767499901607,8522_8498
910,0,37685.443181818184,74.15057591594052,4.274330054892565,0.05829203833573113,2.9865338201898535,2.803086480924443,0.9032604844007668,37590.02127659575,67.86305814651094,4.651359575711634,0.06916814658710843,2.687320022820196,2.843420213250079,0.9954355827710566,8500_8421
911,1,39118.98901098901,73.09722208497487,6.852290690946867,0.09529121346632331,3.4296115221032473,3.8963331791811346,1.0637249817823893,39262.915789473685,67.18291232605591,6.096291434177525,0.09168374009623223,3.030783554891892,3.616867195690233,1.1216977353058677,8500_8421
912,2,39633.573033707864,73.21691892433915,6.249426851596503,0.08658646343599459,3.4268911846033845,3.6978361298422615,1.0157346864128,39203.234042553195,67.14359237551011,5.807833408214654,0.08746738304973585,3.035436948522856,3.493023523742369,1.0742287424077215,8500_8421
913,3,39890.16279069767,72.76245596559207,7.565564666619293,0.10603419280532989,3.6806551973508186,4.256368938358602,1.0761569011909253,39824.05617977528,66.64500313766025,6.9642697145468775,0.10597612783838005,3.351357632330052,4.155497685263306,1.1576900629852533,8500_8421
914,4,42016.09090909091,73.46687919669516,5.502209110867026,0.07674472324219751,3.547503851541359,3.4641182180495846,0.9073311425277485,42000.936170212764,67.21217944664754,5.358660446501488,0.08130643153580838,3.1531565784403264,3.2761207186251866,0.951316707660409,8500_8421
915,5,32011.74418604651,75.70358242650113,2.097650190187143,0.02774491986733747,2.0110318937313547,1.1708424756993159,0.5828866684257547,32115.760869565216,69.40351278462249,2.072273590637354,0.029898962427258254,1.70842430101585,0.9372207583414687,0.5496652995600081,8500_8421
916,6,25732.037037037036,76.20821094128839,2.4305607835285334,0.03193996944237081,1.4863871535472986,0.9639509010856683,0.6499528794409751,25869.58620689655,70.00356240666744,2.4095192178211158,0.03448782023924583,1.3341483584932998,0.8033214984589617,0.6041420798377505,8500_8421
917,0,16876.22340425532,68.11317886795379,3.655612955025288,0.05382721772967726,1.697426547887953,1.4840635426827786,0.8250773814624784,37685.443181818184,74.15057591594052,4.274330054892565,0.05829203833573113,2.9865338201898535,2.803086480924443,0.9032604844007668,8498_8500
918,1,17597.489583333332,67.62169342635805,4.4558144481626085,0.0664137512194743,1.883076088406938,1.9967569609667242,0.9615861195483246,39118.98901098901,73.09722208497487,6.852290690946867,0.09529121346632331,3.4296115221032473,3.8963331791811346,1.0637249817823893,8498_8500
919,2,17765.97894736842,67.52812354885988,4.465699699468307,0.0666245288504398,1.9448611395513313,2.0712207055953455,0.9593675811248698,39633.573033707864,73.21691892433915,6.249426851596503,0.08658646343599459,3.4268911846033845,3.6978361298422615,1.0157346864128,8498_8500
920,3,18020.555555555555,67.32786298916294,5.102219386189629,0.07664714658637524,2.103061286328727,2.490883808952654,1.0225707476058614,39890.16279069767,72.76245596559207,7.565564666619293,0.10603419280532989,3.6806551973508186,4.256368938358602,1.0761569011909253,8498_8500
921,4,19222.81914893617,67.5349525062114,4.271421229283573,0.06397741629843953,2.0768792098252864,2.062738325087199,0.8680270765225101,42016.09090909091,73.46687919669516,5.502209110867026,0.07674472324219751,3.547503851541359,3.4641182180495846,0.9073311425277485,8498_8500
922,5,14576.467391304348,68.92525968229619,3.1941184788205956,0.046365450974451015,1.1698208280549403,0.7482288049163819,0.6424383356958502,32011.74418604651,75.70358242650113,2.097650190187143,0.02774491986733747,2.0110318937313547,1.1708424756993159,0.5828866684257547,8498_8500
923,6,11664.379310344828,69.50144780784295,3.448126911845207,0.04963795668303568,0.8614820079403095,0.6264299623626198,0.732767499901607,25732.037037037036,76.20821094128839,2.4305607835285334,0.03193996944237081,1.4863871535472986,0.9639509010856683,0.6499528794409751,8498_8500
924,0,35038.89361702128,65.2635541253414,4.461197381589398,0.06860640308659781,3.8997668465682764,3.2817252783033655,0.8382604663927297,34422.758241758245,66.03674503325098,2.6093842441383357,0.03955761756621293,2.908370602337802,2.2264797657030746,0.7647943265758728,8470_6274
925,1,35522.46875,64.97533584067246,4.885914836249866,0.07551754518548957,4.037967752043046,3.5247900686253737,0.8617468904107333,34849.563829787236,65.85209486315343,2.8412900423990886,0.04325001172147775,3.065133188498018,2.3947349680325134,0.7756555348962961,8470_6274
926,2,36374.27368421053,64.83404514303759,4.9232825935289135,0.07622194851358739,4.151830181589084,3.5521120363098846,0.847421568479074,35911.34065934066,65.76379699292083,2.8155459918004473,0.042904528277778596,3.1209080268037592,2.4237214775167497,0.7687234467755684,8470_6274
927,3,36819.311111111114,64.80449988394896,4.758224048044921,0.07365461206531625,4.202050718039272,3.489688606421782,0.8258510288299324,36589.56976744186,65.78355514296551,2.696195212389773,0.04104001457485266,3.1418566849098246,2.355165858008675,0.7464922063512542,8470_6274
928,4,39513.585106382976,64.54272740651288,4.355651651719754,0.06780735924471606,4.421839471499158,3.3527248853616993,0.7549088643015007,38172.913978494624,65.5396751250343,2.7309864080249064,0.042114282336610145,3.373553574373403,2.4223807992332906,0.7089504581377083,8470_6274
929,5,32261.152173913044,66.33952990045177,2.82343618832157,0.04268403107968479,3.009438734865468,2.044897407662918,0.6769866936478637,31968.213483146068,66.64309718366955,2.268030823001047,0.03406167838745852,2.3342003160006035,1.4978337310458534,0.6425543684930266,8470_6274
930,6,25776.091954022988,67.18728028961817,2.763854311450361,0.04128701183015738,2.2683072105256388,1.7239247664725699,0.7558497415893066,25444.809523809523,67.15476644968719,2.465699386244992,0.036766410292291364,1.753081119393586,1.2445776473961128,0.7102564485039127,8470_6274
931,0,,,,,,,,15961.172043010753,69.69227853364067,2.990610154042013,0.04294073814506066,1.403235079684914,1.1224817307073354,0.7923014796857141,6738_8522
932,1,,,,,,,,16522.72340425532,69.45398387238885,3.171960726603875,0.045762671574521754,1.4736829158872449,1.2230890491444977,0.8112428423958542,6738_8522
933,2,,,,,,,,16864.505376344085,69.30673945781497,3.2625043243207545,0.04730673844787387,1.5333896757619916,1.2832601845408589,0.7964210018563362,6738_8522
934,3,,,,,,,,16894.75,69.33923777755693,3.3134378031903866,0.04799044465997188,1.559061073643725,1.3767071948457599,0.8255897099651144,6738_8522
935,4,,,,,,,,17869.204301075268,69.36324630368135,3.223561900906288,0.046613341352337107,1.619501343636238,1.2930987783892591,0.7645267515743964,6738_8522
936,5,,,,,,,,14071.54945054945,70.29255547188505,3.069880234675983,0.04369888214386975,1.0197775491758467,0.6595800151291933,0.6506047894403328,6738_8522
937,6,,,,,,,,11166.43023255814,70.83799178437866,3.3384843056081395,0.047164902636814436,0.7606619543144699,0.5744656479865166,0.7608073435057746,6738_8522
938,0,34422.758241758245,66.03674503325098,2.6093842441383357,0.03955761756621293,2.908370602337802,2.2264797657030746,0.7647943265758728,,,,,,,,6274_6738
939,1,34849.563829787236,65.85209486315343,2.8412900423990886,0.04325001172147775,3.065133188498018,2.3947349680325134,0.7756555348962961,,,,,,,,6274_6738
940,2,35911.34065934066,65.76379699292083,2.8155459918004473,0.042904528277778596,3.1209080268037592,2.4237214775167497,0.7687234467755684,,,,,,,,6274_6738
941,3,36589.56976744186,65.78355514296551,2.696195212389773,0.04104001457485266,3.1418566849098246,2.355165858008675,0.7464922063512542,,,,,,,,6274_6738
942,4,38172.913978494624,65.5396751250343,2.7309864080249064,0.042114282336610145,3.373553574373403,2.4223807992332906,0.7089504581377083,,,,,,,,6274_6738
943,5,31968.213483146068,66.64309718366955,2.268030823001047,0.03406167838745852,2.3342003160006035,1.4978337310458534,0.6425543684930266,,,,,,,,6274_6738
944,6,25444.809523809523,67.15476644968719,2.465699386244992,0.036766410292291364,1.753081119393586,1.2445776473961128,0.7102564485039127,,,,,,,,6274_6738
945,0,34471.09574468085,67.41258566952835,4.462625546326849,0.0668235941395465,5.5439747720677675,4.721417189684527,0.8365921891403247,35038.89361702128,65.2635541253414,4.461197381589398,0.06860640308659781,3.8997668465682764,3.2817252783033655,0.8382604663927297,6231_8470
946,1,35028.645833333336,66.89199325059134,5.549228928913176,0.08409972212829149,5.820034753143731,5.311772590429995,0.8870009039196135,35522.46875,64.97533584067246,4.885914836249866,0.07551754518548957,4.037967752043046,3.5247900686253737,0.8617468904107333,6231_8470
947,2,35706.905263157896,66.731582651167,5.377358316183206,0.08149319223296198,5.943951584086658,5.214481766715522,0.8602807477655603,36374.27368421053,64.83404514303759,4.9232825935289135,0.07622194851358739,4.151830181589084,3.5521120363098846,0.847421568479074,6231_8470
948,3,35865.02247191011,66.73826039265917,5.211846845714642,0.0790169668497014,6.0576706672474625,5.227396311506007,0.8440124931095112,36819.311111111114,64.80449988394896,4.758224048044921,0.07365461206531625,4.202050718039272,3.489688606421782,0.8258510288299324,6231_8470
949,4,38848.382978723406,66.81796305904352,4.749045436031788,0.0720687840206674,6.318857714838567,4.999376099598484,0.7770083483544453,39513.585106382976,64.54272740651288,4.355651651719754,0.06780735924471606,4.421839471499158,3.3527248853616993,0.7549088643015007,6231_8470
950,5,31904.934782608696,69.03169966966075,2.1339740873539568,0.031007690719732084,4.245689022269921,2.7251865178451236,0.6411042920174592,32261.152173913044,66.33952990045177,2.82343618832157,0.04268403107968479,3.009438734865468,2.044897407662918,0.6769866936478637,6231_8470
951,6,25547.310344827587,69.48317208276761,2.4803347731301124,0.03591113596251419,3.2674825572906347,2.4355329912676034,0.7385735392363886,25776.091954022988,67.18728028961817,2.763854311450361,0.04128701183015738,2.2683072105256388,1.7239247664725699,0.7558497415893066,6231_8470
952,0,34869.12765957447,70.06642027015677,5.439753924000888,0.07826355053137922,3.633878085818163,3.2255080612009626,0.8639113178926984,34849.12765957447,75.09841134307246,5.247012919973864,0.07051393910772791,5.472160594660854,4.757758913997955,0.8522491641982178,8425_6089
953,1,36247.979166666664,69.62909059589563,5.884524820509747,0.08511762757093476,3.793023930853384,3.383697079446897,0.873791204238692,36145.84375,74.6789993509205,5.524274144779341,0.07444511990689974,5.666192000411175,4.83961096325448,0.8448057468857093,8425_6089
954,2,36563.357894736844,69.43217420761835,6.082420115363073,0.08830368448665887,3.9111662004818415,3.5018999276849536,0.8738923788691886,36651.6947368421,74.42776498683759,5.899262476350417,0.07990122771358436,5.864187043450691,5.036701361598592,0.8454814634267007,8425_6089
955,3,37164.20224719101,69.15980839792546,6.6914111478226275,0.09787836698027468,4.083982543461378,3.7783531702802082,0.8976971337400368,37081.811111111114,74.26788038009539,6.320624519918106,0.08615585655122558,6.056996498225366,5.288724868328007,0.853026584742728,8425_6089
956,4,38752.5,69.13592896232318,6.595726929447898,0.09680778919140404,4.232573961838094,3.7284832684835307,0.8480461626167589,38764.02127659575,74.17605612330254,6.560211720425125,0.08988624172709682,6.311009459114102,5.271119136407827,0.81440845654197,8425_6089
957,5,29443.771739130436,72.35089141563068,2.3091587187740474,0.03205319741628593,2.469903720620582,1.4036330534621877,0.5588874888980534,29395.08695652174,77.62014582516943,2.1052419235855413,0.027162415606540414,3.731531313406241,2.1893554914566575,0.5871508231560572,8425_6089
958,6,23772.19540229885,73.34064646647849,2.5262560146440682,0.03457896696735215,1.9399355696642322,1.2368865496931891,0.6203001121536075,23730.41379310345,78.31925066333532,2.521861936930265,0.03240614428781176,2.8720516726574212,1.951040981728544,0.6638463373919445,8425_6089
959,0,37590.02127659575,67.86305814651094,4.651359575711634,0.06916814658710843,2.687320022820196,2.843420213250079,0.9954355827710566,34869.12765957447,70.06642027015677,5.439753924000888,0.07826355053137922,3.633878085818163,3.2255080612009626,0.8639113178926984,8421_8425
960,1,39262.915789473685,67.18291232605591,6.096291434177525,0.09168374009623223,3.030783554891892,3.616867195690233,1.1216977353058677,36247.979166666664,69.62909059589563,5.884524820509747,0.08511762757093476,3.793023930853384,3.383697079446897,0.873791204238692,8421_8425
961,2,39203.234042553195,67.14359237551011,5.807833408214654,0.08746738304973585,3.035436948522856,3.493023523742369,1.0742287424077215,36563.357894736844,69.43217420761835,6.082420115363073,0.08830368448665887,3.9111662004818415,3.5018999276849536,0.8738923788691886,8421_8425
962,3,39824.05617977528,66.64500313766025,6.9642697145468775,0.10597612783838005,3.351357632330052,4.155497685263306,1.1576900629852533,37164.20224719101,69.15980839792546,6.6914111478226275,0.09787836698027468,4.083982543461378,3.7783531702802082,0.8976971337400368,8421_8425
963,4,42000.936170212764,67.21217944664754,5.358660446501488,0.08130643153580838,3.1531565784403264,3.2761207186251866,0.951316707660409,38752.5,69.13592896232318,6.595726929447898,0.09680778919140404,4.232573961838094,3.7284832684835307,0.8480461626167589,8421_8425
964,5,32115.760869565216,69.40351278462249,2.072273590637354,0.029898962427258254,1.70842430101585,0.9372207583414687,0.5496652995600081,29443.771739130436,72.35089141563068,2.3091587187740474,0.03205319741628593,2.469903720620582,1.4036330534621877,0.5588874888980534,8421_8425
965,6,25869.58620689655,70.00356240666744,2.4095192178211158,0.03448782023924583,1.3341483584932998,0.8033214984589617,0.6041420798377505,23772.19540229885,73.34064646647849,2.5262560146440682,0.03457896696735215,1.9399355696642322,1.2368865496931891,0.6203001121536075,8421_8425
966,0,34839.784946236556,69.01425896868962,3.014611057852939,0.04381320304664047,3.480043384087418,2.741963307653222,0.7825542982085767,30045.91489361702,70.33276714575341,3.2118692122394648,0.04580796710621687,3.3139765456241106,2.457332906474845,0.7357367354392157,8389_8460
967,1,35931.916666666664,68.7680296591642,3.1659039782194944,0.0461348792865602,3.621109080772103,2.8042756461535205,0.7704993492496333,31294.697916666668,70.16400566983334,3.1811316298912704,0.045408428939142605,3.41697450104768,2.454093100316331,0.7169442163309202,8389_8460
968,2,36670.01052631579,68.59163594140595,3.2727657455474866,0.04781604241119455,3.7154798987769744,2.834255361863188,0.7599439585538977,31687.621052631577,70.01736701962629,3.283049886772356,0.04699647432484298,3.499799905133741,2.4991370798669097,0.7117502630057811,8389_8460
969,3,37073.52222222222,68.46080295976606,3.5159903362213076,0.05157680804281598,3.789950039551293,2.9478255347092133,0.7723287096046375,31901.444444444445,69.95658738783094,3.2861075893131915,0.04710417911006761,3.5478579350316566,2.5357187287917076,0.7121576521629671,8389_8460
970,4,38338.117021276594,68.40866994207873,3.523943767869097,0.05171503721115329,3.8934831476663723,2.8185238922635936,0.7225305716315071,33344.34042553192,69.85252797487293,3.1870700276386166,0.045713306128848434,3.661846493334966,2.4611524710052715,0.6696640345771452,8389_8460
971,5,29457.571428571428,70.3520761074417,2.0682031349588823,0.02943712611961701,2.478444425201298,1.4733172206837055,0.5950451205221993,25185.771739130436,71.11450168618754,2.5163168665565263,0.03545855309963453,2.4151812368424768,1.3720573779847711,0.5689721224702435,8389_8460
972,6,23783.43023255814,71.01269813801692,2.364037526083212,0.033346160827639394,1.8751447244346837,1.25228648233902,0.6674703117704575,20197.816091954024,71.82318703062927,2.6111831449589054,0.036394888197634825,1.8428244641901024,1.174316520479511,0.6377998693360384,8389_8460
973,0,33138.71276595745,74.07488630367617,3.5558573413384686,0.04809198045190101,5.264171832662558,4.305748137867839,0.8118012624283112,34839.784946236556,69.01425896868962,3.014611057852939,0.04381320304664047,3.480043384087418,2.741963307653222,0.7825542982085767,6220_8389
974,1,34659.447916666664,73.8849445180726,3.518313224153347,0.047734976277266306,5.459083265598049,4.415553672839606,0.8042466457407262,35931.916666666664,68.7680296591642,3.1659039782194944,0.0461348792865602,3.621109080772103,2.8042756461535205,0.7704993492496333,6220_8389
975,2,34899.16842105263,73.67118971345013,3.8042545983663456,0.051649328502073495,5.622239352667864,4.5642444518008265,0.8068419479429435,36670.01052631579,68.59163594140595,3.2727657455474866,0.04781604241119455,3.7154798987769744,2.834255361863188,0.7599439585538977,6220_8389
976,3,35622.14444444444,73.45912252472591,4.173304005993147,0.05706947360489451,5.799213843295413,4.71497588559945,0.8046973955313367,37073.52222222222,68.46080295976606,3.5159903362213076,0.05157680804281598,3.789950039551293,2.9478255347092133,0.7723287096046375,6220_8389
977,4,37376.13829787234,73.39966737007339,4.5573545606879735,0.0627827441106168,6.0629373130284945,4.803812771137753,0.7811774742806391,38338.117021276594,68.40866994207873,3.523943767869097,0.05171503721115329,3.8934831476663723,2.8185238922635936,0.7225305716315071,6220_8389
978,5,28502.217391304348,75.76993853601036,2.1795469677467465,0.028765815903691528,3.769441930024686,2.3340596526979267,0.6185835667625244,29457.571428571428,70.3520761074417,2.0682031349588823,0.02943712611961701,2.478444425201298,1.4733172206837055,0.5950451205221993,6220_8389
979,6,23103.310344827587,76.3145612211784,2.5318646956598916,0.033221907492361126,2.8913128674160924,1.9841133172406413,0.6832204284776195,23783.43023255814,71.01269813801692,2.364037526083212,0.033346160827639394,1.8751447244346837,1.25228648233902,0.6674703117704575,6220_8389
980,0,34849.12765957447,75.09841134307246,5.247012919973864,0.07051393910772791,5.472160594660854,4.757758913997955,0.8522491641982178,33138.71276595745,74.07488630367617,3.5558573413384686,0.04809198045190101,5.264171832662558,4.305748137867839,0.8118012624283112,6089_6220
981,1,36145.84375,74.6789993509205,5.524274144779341,0.07444511990689974,5.666192000411175,4.83961096325448,0.8448057468857093,34659.447916666664,73.8849445180726,3.518313224153347,0.047734976277266306,5.459083265598049,4.415553672839606,0.8042466457407262,6089_6220
982,2,36651.6947368421,74.42776498683759,5.899262476350417,0.07990122771358436,5.864187043450691,5.036701361598592,0.8454814634267007,34899.16842105263,73.67118971345013,3.8042545983663456,0.051649328502073495,5.622239352667864,4.5642444518008265,0.8068419479429435,6089_6220
983,3,37081.811111111114,74.26788038009539,6.320624519918106,0.08615585655122558,6.056996498225366,5.288724868328007,0.853026584742728,35622.14444444444,73.45912252472591,4.173304005993147,0.05706947360489451,5.799213843295413,4.71497588559945,0.8046973955313367,6089_6220
984,4,38764.02127659575,74.17605612330254,6.560211720425125,0.08988624172709682,6.311009459114102,5.271119136407827,0.81440845654197,37376.13829787234,73.39966737007339,4.5573545606879735,0.0627827441106168,6.0629373130284945,4.803812771137753,0.7811774742806391,6089_6220
985,5,29395.08695652174,77.62014582516943,2.1052419235855413,0.027162415606540414,3.731531313406241,2.1893554914566575,0.5871508231560572,28502.217391304348,75.76993853601036,2.1795469677467465,0.028765815903691528,3.769441930024686,2.3340596526979267,0.6185835667625244,6089_6220
986,6,23730.41379310345,78.31925066333532,2.521861936930265,0.03240614428781176,2.8720516726574212,1.951040981728544,0.6638463373919445,23103.310344827587,76.3145612211784,2.5318646956598916,0.033221907492361126,2.8913128674160924,1.9841133172406413,0.6832204284776195,6089_6220
987,0,28042.26595744681,71.6696465638829,2.2068154186352262,0.030917606354222107,2.9222738376953385,2.206535936463071,0.7457810487738721,28221.5,70.50595340767018,2.433629752356125,0.03455234066033332,1.861347732825224,1.450945602990959,0.7786854497852927,6652_8320
988,1,29532.416666666668,71.62682479624085,2.1285457876621696,0.02975906005508878,2.992337940858249,2.2016955038659103,0.7338399345125505,29590.010416666668,70.47371268988304,2.361761943886229,0.03355220245523511,1.9295342271556721,1.489175203489241,0.7703715031940712,6652_8320
989,2,29937.77894736842,71.53850042027791,2.093903466301813,0.02929455440956578,3.068411595600258,2.235055939798724,0.7259329097866051,29713.43157894737,70.41835062393162,2.2810121095430302,0.03242246128431131,1.9616843246267368,1.4964963788081946,0.7616360649624089,6652_8320
990,3,30356.21111111111,71.53318544700345,2.265043262845093,0.03187639751264716,3.14877696805948,2.372193996121183,0.7420039418366533,30292.655555555557,70.32825195821563,2.5161141644421967,0.036170498770610564,2.0600508424776907,1.6396623727895252,0.7734053419381122,6652_8320
991,4,31678.40425531915,71.55826808591267,2.138978297898783,0.029935688861906944,3.225984342696785,2.200930560760128,0.681745763809668,31604.41489361702,70.35271764441096,2.3686878920963146,0.03371051671993578,2.0974860375955844,1.4974327922482917,0.7142420370574512,6652_8320
992,5,23556.593406593405,72.43807374926463,2.16449859023946,0.02991954614216925,2.0784817187483067,1.212774617491529,0.5839277990034581,23418.494505494506,71.073369838629,2.6385286012496145,0.03716538299239657,1.2941628370834928,0.810985653412773,0.6293471550490946,6652_8320
993,6,18978.869047619046,72.66904793651713,2.4876610369203314,0.034281259803603345,1.5574412201978776,1.0028301591180426,0.6447104285199584,18894.04651162791,71.3897130244039,3.000633859968788,0.042077809346285175,0.9586940150094855,0.6721881401599441,0.706394406976409,6652_8320
994,0,30045.91489361702,70.33276714575341,3.2118692122394648,0.04580796710621687,3.3139765456241106,2.457332906474845,0.7357367354392157,34198.602150537634,70.51132715224965,3.0420555809666103,0.043600973605537365,2.8911545765023154,2.1646247921097794,0.7392252785664032,8460_6069
995,1,31294.697916666668,70.16400566983334,3.1811316298912704,0.045408428939142605,3.41697450104768,2.454093100316331,0.7169442163309202,34046.2,70.59281993914257,2.8488544858540723,0.04064113327319986,3.0155411879419547,2.163626872713353,0.713084677494435,8460_6069
996,2,31687.621052631577,70.01736701962629,3.283049886772356,0.04699647432484298,3.499799905133741,2.4991370798669097,0.7117502630057811,35936.414893617024,70.38865282563222,3.0104763408457016,0.04314175639318351,3.0839980705094265,2.206337190835252,0.7105614458970511,8460_6069
997,3,31901.444444444445,69.95658738783094,3.2861075893131915,0.04710417911006761,3.5478579350316566,2.5357187287917076,0.7121576521629671,36096.79775280899,70.46128306971018,3.0822299546616105,0.04394616036147135,3.060941950335201,2.2207235030969565,0.7202351268873456,8460_6069
998,4,33344.34042553192,69.85252797487293,3.1870700276386166,0.045713306128848434,3.661846493334966,2.4611524710052715,0.6696640345771452,37973.77659574468,69.99931164793253,3.1959670801784195,0.045943937463922356,3.150714030541301,2.1529680965415228,0.6731699838767499,8460_6069
999,5,25185.771739130436,71.11450168618754,2.5163168665565263,0.03545855309963453,2.4151812368424768,1.3720573779847711,0.5689721224702435,28474.891304347828,70.93334519246419,2.576812501564565,0.036539768370517915,1.9996324992952565,1.148363324329752,0.5718962056644656,8460_6069
1000,6,20197.816091954024,71.82318703062927,2.6111831449589054,0.036394888197634825,1.8428244641901024,1.174316520479511,0.6377998693360384,23020.94252873563,71.6307416798185,2.7135151274383227,0.0379859863469638,1.5255943359846569,0.9583406334044043,0.6307576784566401,8460_6069
1001,0,29944.627659574468,71.17555039735339,2.555987048404139,0.03613167881676315,2.8663410077280935,2.238401286105613,0.7638865639754417,28125.106382978724,67.15995759607257,2.776065394790516,0.041502322349795256,3.1354146008201504,2.3306841452528237,0.7327577203688272,8444_8441
1002,1,31305.3125,71.04635248226701,2.4736877872958183,0.034861751841624065,2.933373680747413,2.1792140219624008,0.7406250353491849,29519.3125,67.0603401204463,2.682962301892731,0.04002898416415331,3.2098209271643516,2.3160292725561695,0.7197987530703839,8444_8441
1003,2,31656.284210526315,70.95215817644352,2.5188172553600063,0.03556155162268041,2.9978289733016337,2.2062057282014287,0.7328767680859747,29861.031578947368,66.94949381614286,2.6918336659627586,0.04022905973492886,3.2762050646592953,2.330549819883923,0.709539744430534,8444_8441
1004,3,31932.17777777778,70.99370130245609,2.4968985557041217,0.03526336118669023,3.048795559725952,2.2382613567106904,0.7325877363708713,30149.955555555556,66.93446307509089,2.7688239655255584,0.04148802128429284,3.346020507024403,2.3893328385055037,0.7109908835782038,8444_8441
1005,4,33681.215053763444,70.98007247520744,2.5381634676023066,0.035859532442569154,3.1912532762746517,2.2404040096997195,0.6974492503506802,31749.25806451613,66.83396987753113,2.790658465420133,0.04182067249794422,3.4848190967191535,2.3272303124619453,0.6683557773326885,8444_8441
1006,5,25197.065934065933,72.40340969140485,2.3648685109335705,0.03269958133804249,2.042709707719653,1.2036071779866648,0.5899177287302747,23692.351648351647,68.09331912975404,2.446162456467702,0.03595196351694427,2.3166429526286394,1.3419900762909178,0.5796592813765583,8444_8441
1007,6,20216.310344827587,72.91144551005839,2.7358722693701307,0.03756770095734643,1.5527158739793336,1.022079141324182,0.6590666732970106,19012.42528735632,68.63860196087886,2.638954022196868,0.03847346410722281,1.792706263554409,1.1607246995377267,0.6472415902426433,8444_8441
1008,0,28125.106382978724,67.15995759607257,2.776065394790516,0.041502322349795256,3.1354146008201504,2.3306841452528237,0.7327577203688272,28042.26595744681,71.6696465638829,2.2068154186352262,0.030917606354222107,2.9222738376953385,2.206535936463071,0.7457810487738721,8441_6652
1009,1,29519.3125,67.0603401204463,2.682962301892731,0.04002898416415331,3.2098209271643516,2.3160292725561695,0.7197987530703839,29532.416666666668,71.62682479624085,2.1285457876621696,0.02975906005508878,2.992337940858249,2.2016955038659103,0.7338399345125505,8441_6652
1010,2,29861.031578947368,66.94949381614286,2.6918336659627586,0.04022905973492886,3.2762050646592953,2.330549819883923,0.709539744430534,29937.77894736842,71.53850042027791,2.093903466301813,0.02929455440956578,3.068411595600258,2.235055939798724,0.7259329097866051,8441_6652
1011,3,30149.955555555556,66.93446307509089,2.7688239655255584,0.04148802128429284,3.346020507024403,2.3893328385055037,0.7109908835782038,30356.21111111111,71.53318544700345,2.265043262845093,0.03187639751264716,3.14877696805948,2.372193996121183,0.7420039418366533,8441_6652
1012,4,31749.25806451613,66.83396987753113,2.790658465420133,0.04182067249794422,3.4848190967191535,2.3272303124619453,0.6683557773326885,31678.40425531915,71.55826808591267,2.138978297898783,0.029935688861906944,3.225984342696785,2.200930560760128,0.681745763809668,8441_6652
1013,5,23692.351648351647,68.09331912975404,2.446162456467702,0.03595196351694427,2.3166429526286394,1.3419900762909178,0.5796592813765583,23556.593406593405,72.43807374926463,2.16449859023946,0.02991954614216925,2.0784817187483067,1.212774617491529,0.5839277990034581,8441_6652
1014,6,19012.42528735632,68.63860196087886,2.638954022196868,0.03847346410722281,1.792706263554409,1.1607246995377267,0.6472415902426433,18978.869047619046,72.66904793651713,2.4876610369203314,0.034281259803603345,1.5574412201978776,1.0028301591180426,0.6447104285199584,8441_6652
1015,0,29989.64893617021,70.04955423932223,3.407947451650246,0.04908954465994657,3.2572002735458847,2.5017075329584673,0.7516189179562852,29944.627659574468,71.17555039735339,2.555987048404139,0.03613167881676315,2.8663410077280935,2.238401286105613,0.7638865639754417,6295_8444
1016,1,30976.645833333332,70.1212765624799,3.2332972640099924,0.046264768384561956,3.34320526915926,2.4437242314296084,0.726839379755531,31305.3125,71.04635248226701,2.4736877872958183,0.034861751841624065,2.933373680747413,2.1792140219624008,0.7406250353491849,6295_8444
1017,2,31479.326315789473,69.92645501034409,3.387366976281579,0.04877055667873981,3.455181005147226,2.5067183806397453,0.7186294634712835,31656.284210526315,70.95215817644352,2.5188172553600063,0.03556155162268041,2.9978289733016337,2.2062057282014287,0.7328767680859747,6295_8444
1018,3,32075.766666666666,70.0176688656887,3.397885324620892,0.04870712438524334,3.395148309957515,2.4752723141102626,0.7205569594854466,31932.17777777778,70.99370130245609,2.4968985557041217,0.03526336118669023,3.048795559725952,2.2382613567106904,0.7325877363708713,6295_8444
1019,4,33598.0,69.76219731419441,3.3929459993729654,0.04876691679059901,3.48589919281381,2.402471521162794,0.6832146269535969,33681.215053763444,70.98007247520744,2.5381634676023066,0.035859532442569154,3.1912532762746517,2.2404040096997195,0.6974492503506802,6295_8444
1020,5,25051.804347826088,70.56369900803567,2.847946235109504,0.040698901925598864,2.3522037258884394,1.4437482010368492,0.5926022315080887,25197.065934065933,72.40340969140485,2.3648685109335705,0.03269958133804249,2.042709707719653,1.2036071779866648,0.5899177287302747,6295_8444
1021,6,20057.58620689655,71.29737051131029,2.885806129488115,0.04055762841132045,1.7639309899640148,1.115875714374011,0.6362297736628244,20216.310344827587,72.91144551005839,2.7358722693701307,0.03756770095734643,1.5527158739793336,1.022079141324182,0.6590666732970106,6295_8444
1022,0,34198.602150537634,70.51132715224965,3.0420555809666103,0.043600973605537365,2.8911545765023154,2.1646247921097794,0.7392252785664032,29989.64893617021,70.04955423932223,3.407947451650246,0.04908954465994657,3.2572002735458847,2.5017075329584673,0.7516189179562852,6069_6295
1023,1,34046.2,70.59281993914257,2.8488544858540723,0.04064113327319986,3.0155411879419547,2.163626872713353,0.713084677494435,30976.645833333332,70.1212765624799,3.2332972640099924,0.046264768384561956,3.34320526915926,2.4437242314296084,0.726839379755531,6069_6295
1024,2,35936.414893617024,70.38865282563222,3.0104763408457016,0.04314175639318351,3.0839980705094265,2.206337190835252,0.7105614458970511,31479.326315789473,69.92645501034409,3.387366976281579,0.04877055667873981,3.455181005147226,2.5067183806397453,0.7186294634712835,6069_6295
1025,3,36096.79775280899,70.46128306971018,3.0822299546616105,0.04394616036147135,3.060941950335201,2.2207235030969565,0.7202351268873456,32075.766666666666,70.0176688656887,3.397885324620892,0.04870712438524334,3.395148309957515,2.4752723141102626,0.7205569594854466,6069_6295
1026,4,37973.77659574468,69.99931164793253,3.1959670801784195,0.045943937463922356,3.150714030541301,2.1529680965415228,0.6731699838767499,33598.0,69.76219731419441,3.3929459993729654,0.04876691679059901,3.48589919281381,2.402471521162794,0.6832146269535969,6069_6295
1027,5,28474.891304347828,70.93334519246419,2.576812501564565,0.036539768370517915,1.9996324992952565,1.148363324329752,0.5718962056644656,25051.804347826088,70.56369900803567,2.847946235109504,0.040698901925598864,2.3522037258884394,1.4437482010368492,0.5926022315080887,6069_6295
1028,6,23020.94252873563,71.6307416798185,2.7135151274383227,0.0379859863469638,1.5255943359846569,0.9583406334044043,0.6307576784566401,20057.58620689655,71.29737051131029,2.885806129488115,0.04055762841132045,1.7639309899640148,1.115875714374011,0.6362297736628244,6069_6295
1029,0,16831.702127659573,76.75173013215523,2.841941576830051,0.03706760524392685,1.5606454196915809,1.289339930875343,0.824333727059075,,,,,,,,5881_6875
1030,1,17775.8125,76.65527626512723,2.851707038363132,0.03722412979852003,1.6231636377034986,1.3169623550187222,0.8100135165982528,,,,,,,,5881_6875
1031,2,17914.505263157895,76.65778543097468,2.822037570301969,0.03683672458681357,1.647635637282894,1.3209224330672868,0.7990144487597676,,,,,,,,5881_6875
1032,3,18117.722222222223,76.75412848031809,2.7955725617818583,0.03648338776106051,1.6711390203390084,1.3281922793766856,0.7937028308457139,,,,,,,,5881_6875
1033,4,18854.05319148936,76.98411359870114,2.6971554844913315,0.035047445906726184,1.714659927528879,1.2842382880507421,0.748956479563976,,,,,,,,5881_6875
1034,5,13952.869565217392,77.80851239996669,2.914832824297561,0.037487896332532224,1.0793151047506233,0.651963919561217,0.6065196442094978,,,,,,,,5881_6875
1035,6,11115.127906976744,77.84289430155071,3.1083444486817995,0.039949154631486,0.7864864850934883,0.532639450260647,0.6846252909068564,,,,,,,,5881_6875
1036,0,16869.925531914894,77.5186665598988,2.696690457479713,0.034816112764007597,1.4190882335294897,1.22398169502507,0.8546405684268426,,,,,,,,6222_6875
1037,1,17834.697916666668,77.40507639787786,2.700952514209829,0.03491037661429321,1.4726728693778766,1.2151445992145324,0.8245076170505485,,,,,,,,6222_6875
1038,2,17965.57894736842,77.43694305268626,2.6606247788679562,0.03436693560517794,1.4939705307678566,1.2206667168284742,0.8146620913582919,,,,,,,,6222_6875
1039,3,18204.9,77.49439898648671,2.78701411376889,0.03620478491513418,1.5575989240759058,1.3566885194736762,0.8235009193158277,,,,,,,,6222_6875
1040,4,18909.840425531915,77.68509240837484,2.5552499869444327,0.03290340580058041,1.559388016580061,1.1932969145925343,0.765884110820073,,,,,,,,6222_6875
1041,5,14042.119565217392,78.5830307264764,2.6298984502681653,0.033483516117713365,0.9519090298597377,0.5883407964688986,0.6216126438324203,,,,,,,,6222_6875
1042,6,11202.732558139534,78.66510153714653,2.8536130027905053,0.03629088725899883,0.6794945236479482,0.47037566405954506,0.7024479844840374,,,,,,,,6222_6875
1043,0,16855.86813186813,72.833500990866,2.2911823256696238,0.03147482703506358,1.029397106944762,0.8488808924360146,0.826667725518897,16869.925531914894,77.5186665598988,2.696690457479713,0.034816112764007597,1.4190882335294897,1.22398169502507,0.8546405684268426,6016_6222
1044,1,17833.559139784946,72.75332421248531,2.3091878266825225,0.03175954198630353,1.0698337902258723,0.8700131513922824,0.8155841361930867,17834.697916666668,77.40507639787786,2.700952514209829,0.03491037661429321,1.4726728693778766,1.2151445992145324,0.8245076170505485,6016_6222
1045,2,17991.728260869564,72.72869295508077,2.2137946504247132,0.030452837993248823,1.0855901004198885,0.8753714305312433,0.8057425327112668,17965.57894736842,77.43694305268626,2.6606247788679562,0.03436693560517794,1.4939705307678566,1.2206667168284742,0.8146620913582919,6016_6222
1046,3,18148.102272727272,72.77371416599736,2.3170867059655014,0.03193498796188094,1.132298035169934,0.9748162555003401,0.8303471176230711,18204.9,77.49439898648671,2.78701411376889,0.03620478491513418,1.5575989240759058,1.3566885194736762,0.8235009193158277,6016_6222
1047,4,18907.391304347828,72.85912472864663,2.142675474690768,0.02942847069635812,1.1390331749134512,0.8533197930945601,0.7513478281719234,18909.840425531915,77.68509240837484,2.5552499869444327,0.03290340580058041,1.559388016580061,1.1932969145925343,0.765884110820073,6016_6222
1048,5,14112.67415730337,73.69823802283429,2.130309990421147,0.028923076243312074,0.7104578741174779,0.4331287090034135,0.6167453765822687,14042.119565217392,78.5830307264764,2.6298984502681653,0.033483516117713365,0.9519090298597377,0.5883407964688986,0.6216126438324203,6016_6222
1049,6,11252.722891566265,73.97338273969827,2.387986270839593,0.03230343050551149,0.5165283071447656,0.3552577327461962,0.7057726582648816,11202.732558139534,78.66510153714653,2.8536130027905053,0.03629088725899883,0.6794945236479482,0.47037566405954506,0.7024479844840374,6016_6222
1050,0,16831.702127659573,76.75173013215523,2.841941576830051,0.03706760524392685,1.5606454196915809,1.289339930875343,0.824333727059075,10683.329787234043,69.74953105010452,3.338956192241662,0.04799412615893832,1.3052742572481104,1.1024107715930438,0.8596976865304912,5881_5879
1051,1,17775.8125,76.65527626512723,2.851707038363132,0.03722412979852003,1.6231636377034986,1.3169623550187222,0.8100135165982528,11331.90625,69.59883515336692,3.4754813853703665,0.050169957243196485,1.3578686001917415,1.1453420319005247,0.8543249552621206,5881_5879
1052,2,17914.505263157895,76.65778543097468,2.822037570301969,0.03683672458681357,1.647635637282894,1.3209224330672868,0.7990144487597676,11308.726315789474,69.67838550246212,3.467415085156636,0.05014171691682475,1.3806484310107425,1.1863012409755442,0.8680138487770431,5881_5879
1053,3,18117.722222222223,76.75412848031809,2.7955725617818583,0.03648338776106051,1.6711390203390084,1.3281922793766856,0.7937028308457139,11545.577777777778,69.81668047327844,3.274042258117402,0.04709751514203928,1.3844336974895408,1.1307008566348111,0.8279369520592154,5881_5879
1054,4,18854.05319148936,76.98411359870114,2.6971554844913315,0.035047445906726184,1.714659927528879,1.2842382880507421,0.748956479563976,12235.308510638299,69.71496711498801,3.2966299540268085,0.04743592499102485,1.436759117702893,1.125143567539378,0.7942757800552368,5881_5879
1055,5,13952.869565217392,77.80851239996669,2.914832824297561,0.037487896332532224,1.0793151047506233,0.651963919561217,0.6065196442094978,8631.782608695652,70.42236228677709,3.205520397630792,0.04573362294338475,0.8938305718791284,0.5497671461168064,0.6332419654191709,5881_5879
1056,6,11115.127906976744,77.84289430155071,3.1083444486817995,0.039949154631486,0.7864864850934883,0.532639450260647,0.6846252909068564,6546.302325581395,70.74424574712526,3.609083038716089,0.05114839081439219,0.6591855431523223,0.4772833728287395,0.758339896258771,5881_5879
1057,0,28221.5,70.50595340767018,2.433629752356125,0.03455234066033332,1.861347732825224,1.450945602990959,0.7786854497852927,,,,,,,,8320_6653
1058,1,29590.010416666668,70.47371268988304,2.361761943886229,0.03355220245523511,1.9295342271556721,1.489175203489241,0.7703715031940712,,,,,,,,8320_6653
1059,2,29713.43157894737,70.41835062393162,2.2810121095430302,0.03242246128431131,1.9616843246267368,1.4964963788081946,0.7616360649624089,,,,,,,,8320_6653
1060,3,30292.655555555557,70.32825195821563,2.5161141644421967,0.036170498770610564,2.0600508424776907,1.6396623727895252,0.7734053419381122,,,,,,,,8320_6653
1061,4,31604.41489361702,70.35271764441096,2.3686878920963146,0.03371051671993578,2.0974860375955844,1.4974327922482917,0.7142420370574512,,,,,,,,8320_6653
1062,5,23418.494505494506,71.073369838629,2.6385286012496145,0.03716538299239657,1.2941628370834928,0.810985653412773,0.6293471550490946,,,,,,,,8320_6653
1063,6,18894.04651162791,71.3897130244039,3.000633859968788,0.042077809346285175,0.9586940150094855,0.6721881401599441,0.706394406976409,,,,,,,,8320_6653
1064,0,16855.86813186813,72.833500990866,2.2911823256696238,0.03147482703506358,1.029397106944762,0.8488808924360146,0.826667725518897,,,,,,,,6016_6653
1065,1,17833.559139784946,72.75332421248531,2.3091878266825225,0.03175954198630353,1.0698337902258723,0.8700131513922824,0.8155841361930867,,,,,,,,6016_6653
1066,2,17991.728260869564,72.72869295508077,2.2137946504247132,0.030452837993248823,1.0855901004198885,0.8753714305312433,0.8057425327112668,,,,,,,,6016_6653
1067,3,18148.102272727272,72.77371416599736,2.3170867059655014,0.03193498796188094,1.132298035169934,0.9748162555003401,0.8303471176230711,,,,,,,,6016_6653
1068,4,18907.391304347828,72.85912472864663,2.142675474690768,0.02942847069635812,1.1390331749134512,0.8533197930945601,0.7513478281719234,,,,,,,,6016_6653
1069,5,14112.67415730337,73.69823802283429,2.130309990421147,0.028923076243312074,0.7104578741174779,0.4331287090034135,0.6167453765822687,,,,,,,,6016_6653
1070,6,11252.722891566265,73.97338273969827,2.387986270839593,0.03230343050551149,0.5165283071447656,0.3552577327461962,0.7057726582648816,,,,,,,,6016_6653
1071,0,14607.63829787234,56.54022335215731,3.950260069216513,0.0700137687094546,1.924854873963007,1.4973259157912808,0.7771538775602823,16559.563829787236,76.03532820322256,2.915326107499027,0.03835636218173502,1.3686089629580118,1.1648242938908404,0.8496821276499601,6116_5880
1072,1,15306.166666666666,56.54144925352247,3.915556345325745,0.0694557458341712,1.9939319840793288,1.5799621286445016,0.7870591866239657,17466.854166666668,75.99365124101861,3.0460161480658736,0.04030925649697723,1.4650518791969833,1.3555008397774946,0.875497104842225,6116_5880
1073,2,15444.273684210526,56.48517021170162,3.9932541209145245,0.07082153694310497,2.022174361502166,1.5511399601468867,0.7658777457097038,17605.336842105262,76.06053963417337,2.958585747618208,0.038933313120391645,1.4432754754469757,1.22875680612065,0.8478599657606963,6116_5880
1074,3,15513.555555555555,56.540346465127215,3.8167007100163297,0.06794135714859832,2.0559262260186713,1.6445268623378326,0.7708916270498899,17596.588888888888,76.03113223254414,3.0408426416139744,0.0405396589960377,1.5004574968577546,1.3372957999610753,0.8515417971841258,6116_5880
1075,4,16200.563829787234,56.808357376730754,3.621162283864844,0.06391988141838281,2.0389745188613944,1.4543489243652923,0.7141488996854372,18330.44680851064,76.30345662261082,2.7199187086489416,0.03565870271464455,1.4786286010447536,1.135616279920264,0.7693563695072428,6116_5880
1076,5,12684.815217391304,57.908226615652744,3.526513499358059,0.060951430603610676,1.3696917706167162,0.8905616172668388,0.6520592406355932,13850.684782608696,76.9419011326539,2.8897304236333143,0.037575545901833075,0.9668956292126767,0.6357583349499201,0.6613601789878762,6116_5880
1077,6,10188.686046511628,57.941534777376454,3.8983963178304832,0.06729135338688765,1.07467602271568,0.7947129864216442,0.741806410811863,11052.348837209302,76.96710757808972,3.2022421041367757,0.04162895695577279,0.730758608386143,0.5612482233280172,0.7764131643646932,6116_5880
1078,0,17390.72340425532,75.21997330309422,2.473237721501325,0.03289490398901166,2.4123483900546105,1.7591565282898811,0.7320900954311852,17555.010638297874,74.5747138780118,2.8651669482382665,0.038441237187835695,2.5674077256397903,1.8902885217982743,0.7391627303170737,6253_6224
1079,1,17733.395833333332,75.01458756972978,2.727855138492691,0.036415684108442294,2.478948644540588,1.8708476415729651,0.7474299020136833,17885.385416666668,74.36326967523163,3.0503312393827517,0.041083623060773664,2.639024745515811,2.022324864052384,0.7569470248483662,6253_6224
1080,2,18325.57894736842,75.07089974469713,2.697334399458848,0.035996314456089605,2.5788288294610644,1.9358477616323713,0.7408989482345913,18489.389473684212,74.4187855564839,2.986743667938194,0.040166127234356766,2.735828052727783,2.014526880098079,0.7328838044836953,6253_6224
1081,3,19088.71111111111,75.0676971176632,2.562290447332916,0.03417695277617532,2.6774486979251293,1.9226751680005132,0.716551529728486,19259.833333333332,74.35718691951062,2.982558153659165,0.04016417467445592,2.8598718924045334,2.083763732635009,0.7261195851574163,6253_6224
1082,4,22498.55319148936,75.079904085735,2.5536598022677564,0.03406439586901025,3.0948968883140004,2.1759535335526636,0.7026288118464931,22653.86170212766,74.41110130383967,2.856456119277109,0.038448577404547615,3.309130388396992,2.372489511491901,0.7146735952531816,6253_6224
1083,5,18626.57608695652,76.00316591071608,2.7100949807831127,0.03569006668139749,2.2250763785689585,1.555303578782518,0.6971672377997316,18788.282608695652,75.51032462018982,3.0449061937601987,0.04035806344732131,2.370263123153907,1.6730588350596398,0.7031540735880114,6253_6224
1084,6,13926.908045977012,76.16852286366297,3.051455352463722,0.04011520323341817,1.586458190766121,1.2165017935809554,0.7672181108222796,14041.206896551725,75.77222762344503,3.38867935731212,0.04476548032431375,1.6964779060547506,1.3287372507739799,0.7844500189740569,6253_6224
1085,0,17280.393617021276,75.72468151798384,2.6734695187808906,0.03531416910461191,1.9598212751193886,1.3966089752234847,0.7170926873174036,17390.72340425532,75.21997330309422,2.473237721501325,0.03289490398901166,2.4123483900546105,1.7591565282898811,0.7320900954311852,9708_6253
1086,1,17618.5625,75.5277463086976,2.802011650810417,0.037110134766305355,1.9905121618847277,1.4335187893682662,0.7205045149047224,17733.395833333332,75.01458756972978,2.727855138492691,0.036415684108442294,2.478948644540588,1.8708476415729651,0.7474299020136833,9708_6253
1087,2,18207.936842105264,75.54812390448919,2.7281478020332903,0.036129753362313576,2.0658031277490045,1.4497094051779182,0.7014176195702047,18325.57894736842,75.07089974469713,2.697334399458848,0.035996314456089605,2.5788288294610644,1.9358477616323713,0.7408989482345913,9708_6253
1088,3,18943.98888888889,75.47967073792086,2.8114170860156134,0.03729468283819357,2.170867292425172,1.568057757507043,0.7131222284767254,19088.71111111111,75.0676971176632,2.562290447332916,0.03417695277617532,2.6774486979251293,1.9226751680005132,0.716551529728486,9708_6253
1089,4,22391.712765957447,75.4736730458824,2.6574777120412376,0.03522941082843652,2.4947702184636458,1.7191436740356856,0.6911307242266427,22498.55319148936,75.079904085735,2.5536598022677564,0.03406439586901025,3.0948968883140004,2.1759535335526636,0.7026288118464931,9708_6253
1090,5,18544.91304347826,76.49425290188472,2.676607972954749,0.03500999736067786,1.8071399254436533,1.264220327047244,0.6995546085574863,18626.57608695652,76.00316591071608,2.7100949807831127,0.03569006668139749,2.2250763785689585,1.555303578782518,0.6971672377997316,9708_6253
1091,6,13843.459770114943,76.82479583000304,3.0012739886156394,0.03910267987818217,1.2841909151766067,1.0038585848872983,0.7833128378568952,13926.908045977012,76.16852286366297,3.051455352463722,0.04011520323341817,1.586458190766121,1.2165017935809554,0.7672181108222796,9708_6253
1092,0,19305.23404255319,69.38769747248921,2.634081014320883,0.03799606104388779,1.85308345594321,1.2972497477856337,0.7035788318666968,17280.393617021276,75.72468151798384,2.6734695187808906,0.03531416910461191,1.9598212751193886,1.3966089752234847,0.7170926873174036,9704_9708
1093,1,19772.191489361703,69.2580492417372,2.668510987092481,0.038529053488243314,1.8883341120617243,1.3229647631739756,0.7021653370197077,17618.5625,75.5277463086976,2.802011650810417,0.037110134766305355,1.9905121618847277,1.4335187893682662,0.7205045149047224,9704_9708
1094,2,20234.42105263158,69.27481870992787,2.559816164546155,0.036963202701843806,1.955053295857303,1.3396241855992213,0.684364221996517,18207.936842105264,75.54812390448919,2.7281478020332903,0.036129753362313576,2.0658031277490045,1.4497094051779182,0.7014176195702047,9704_9708
1095,3,21137.577777777777,69.3168751336152,2.5664055574224385,0.03706293645755738,2.0343311333528993,1.3897892133912761,0.6825463009679221,18943.98888888889,75.47967073792086,2.8114170860156134,0.03729468283819357,2.170867292425172,1.568057757507043,0.7131222284767254,9704_9708
1096,4,24692.563829787236,69.15706076471669,2.529414586416573,0.036601891029239275,2.320397338446236,1.5432023086149256,0.6668899203253281,22391.712765957447,75.4736730458824,2.6574777120412376,0.03522941082843652,2.4947702184636458,1.7191436740356856,0.6911307242266427,9704_9708
1097,5,20351.717391304348,70.13640069040241,2.723363909071321,0.03885304819349878,1.6625377876550445,1.108980920439857,0.667428109265214,18544.91304347826,76.49425290188472,2.676607972954749,0.03500999736067786,1.8071399254436533,1.264220327047244,0.6995546085574863,9704_9708
1098,6,15123.459770114943,70.71286268613959,3.270911021498914,0.046326142248044856,1.2046932746496741,0.9026716136246896,0.7514963036823186,13843.459770114943,76.82479583000304,3.0012739886156394,0.03910267987818217,1.2841909151766067,1.0038585848872983,0.7833128378568952,9704_9708
1099,0,23128.90425531915,70.56396924865969,2.5414450651905898,0.03606398125703709,2.206944154378071,1.606285895007537,0.7278414048891084,18537.31182795699,73.68167457515554,2.980928841157821,0.04045604849806305,2.6528135976979383,1.7119866799906642,0.6470489396458525,8039_8035
1100,1,23588.822916666668,70.44247040708771,2.5571569242190244,0.036328361451580506,2.245708840797247,1.6126759671506692,0.7179496230048613,18823.55789473684,73.44360892909465,3.0551028849155153,0.0415928185887808,2.7042716609686592,1.7451401061257588,0.6467102620245629,8039_8035
1101,2,24341.64893617021,70.50567560026579,2.5341835384890343,0.03597554918847931,2.325951497290888,1.6580184508279148,0.7104059438157794,19342.127659574468,73.59182846670515,2.9690997558244243,0.04035087104370146,2.7909960468102284,1.7726580470852173,0.6343747657971849,8039_8035
1102,3,25200.213483146068,70.44750478936176,2.5295345461674903,0.03595498154305594,2.4151043184418626,1.7229776468700895,0.709647714716713,20180.38202247191,73.58356927376934,2.89934776673723,0.039401621530289706,2.8968641533274817,1.824144030553825,0.6311206431147167,8039_8035
1103,4,28339.968085106382,70.36652869620352,2.5406791417171446,0.0361954800165775,2.6946198659276366,1.8789608880141606,0.6930573456949704,23330.021276595744,73.50660791980079,2.8374512622176615,0.03860083949348359,3.254427167250078,2.0145331553268666,0.6201432796589371,8039_8035
1104,5,23578.89010989011,71.50893402528536,2.453762349934125,0.034343517712358565,1.897693237115879,1.3015440737579858,0.6820875482177944,19319.285714285714,74.35924187290486,2.948104063150344,0.03964649615302869,2.401169136289804,1.4695495989743594,0.6108262971164442,8039_8035
1105,6,17650.89534883721,71.94944599041061,2.8288698829347725,0.039378469016678345,1.3386263095223492,1.0377944791436933,0.7778528848585508,14151.779069767443,74.48036970244767,3.384867952673829,0.04545704480870046,1.7502608373087425,1.2043980270393622,0.6876122919808202,8039_8035
1106,0,18537.31182795699,73.68167457515554,2.980928841157821,0.04045604849806305,2.6528135976979383,1.7119866799906642,0.6470489396458525,19305.23404255319,69.38769747248921,2.634081014320883,0.03799606104388779,1.85308345594321,1.2972497477856337,0.7035788318666968,8035_9704
1107,1,18823.55789473684,73.44360892909465,3.0551028849155153,0.0415928185887808,2.7042716609686592,1.7451401061257588,0.6467102620245629,19772.191489361703,69.2580492417372,2.668510987092481,0.038529053488243314,1.8883341120617243,1.3229647631739756,0.7021653370197077,8035_9704
1108,2,19342.127659574468,73.59182846670515,2.9690997558244243,0.04035087104370146,2.7909960468102284,1.7726580470852173,0.6343747657971849,20234.42105263158,69.27481870992787,2.559816164546155,0.036963202701843806,1.955053295857303,1.3396241855992213,0.684364221996517,8035_9704
1109,3,20180.38202247191,73.58356927376934,2.89934776673723,0.039401621530289706,2.8968641533274817,1.824144030553825,0.6311206431147167,21137.577777777777,69.3168751336152,2.5664055574224385,0.03706293645755738,2.0343311333528993,1.3897892133912761,0.6825463009679221,8035_9704
1110,4,23330.021276595744,73.50660791980079,2.8374512622176615,0.03860083949348359,3.254427167250078,2.0145331553268666,0.6201432796589371,24692.563829787236,69.15706076471669,2.529414586416573,0.036601891029239275,2.320397338446236,1.5432023086149256,0.6668899203253281,8035_9704
1111,5,19319.285714285714,74.35924187290486,2.948104063150344,0.03964649615302869,2.401169136289804,1.4695495989743594,0.6108262971164442,20351.717391304348,70.13640069040241,2.723363909071321,0.03885304819349878,1.6625377876550445,1.108980920439857,0.667428109265214,8035_9704
1112,6,14151.779069767443,74.48036970244767,3.384867952673829,0.04545704480870046,1.7502608373087425,1.2043980270393622,0.6876122919808202,15123.459770114943,70.71286268613959,3.270911021498914,0.046326142248044856,1.2046932746496741,0.9026716136246896,0.7514963036823186,8035_9704
1113,0,23161.010638297874,73.68444469544268,2.318359506689323,0.031493232676756126,3.138810114914687,2.223225008357355,0.7103281887256286,23128.90425531915,70.56396924865969,2.5414450651905898,0.03606398125703709,2.206944154378071,1.606285895007537,0.7278414048891084,6859_8039
1114,1,23474.3125,73.49893768514657,2.460437272266988,0.033505917216811634,3.1889239794479654,2.252065516536874,0.7072017516197372,23588.822916666668,70.44247040708771,2.5571569242190244,0.036328361451580506,2.245708840797247,1.6126759671506692,0.7179496230048613,6859_8039
1115,2,24247.436170212764,73.57300873475981,2.326342127927912,0.03165157174272063,3.2979446257540905,2.297564758663229,0.6954494311049008,24341.64893617021,70.50567560026579,2.5341835384890343,0.03597554918847931,2.325951497290888,1.6580184508279148,0.7104059438157794,6859_8039
1116,3,25076.898876404495,73.60596356581858,2.2721550414357883,0.03090037643261687,3.415874535699393,2.35845720546343,0.6904084425467908,25200.213483146068,70.44750478936176,2.5295345461674903,0.03595498154305594,2.4151043184418626,1.7229776468700895,0.709647714716713,6859_8039
1117,4,28568.301075268817,73.46084722960617,2.616736684428907,0.03575222030271989,3.880301404276103,2.749987505596866,0.7019909987554854,28339.968085106382,70.36652869620352,2.5406791417171446,0.0361954800165775,2.6946198659276366,1.8789608880141606,0.6930573456949704,6859_8039
1118,5,23411.08695652174,74.79845812002985,2.3011048049103446,0.030786620421293927,2.74453549676034,1.8475065307015526,0.6745277162258388,23578.89010989011,71.50893402528536,2.453762349934125,0.034343517712358565,1.897693237115879,1.3015440737579858,0.6820875482177944,6859_8039
1119,6,17559.666666666668,75.09519835916424,2.647396628678656,0.03531595818514164,1.9419944285286292,1.5002168482659866,0.773313308764245,17650.89534883721,71.94944599041061,2.8288698829347725,0.039378469016678345,1.3386263095223492,1.0377944791436933,0.7778528848585508,6859_8039
1120,0,19224.802325581397,73.43976377154735,3.449513817324955,0.0787596951436217,2.4277751926397664,1.8184607551330203,0.83899817782834,23263.43956043956,73.79130538971953,2.259853083253145,0.030651026256103716,3.2277455213419812,2.3010011306357945,0.7147468441071866,8492_6233
1121,1,19506.875,73.49503554946735,3.4713829561768677,0.0643853763446503,2.7686287960395144,2.0184147147375473,0.8547784676910507,23568.075268817203,73.64316332664094,2.45871165429027,0.033468415789056793,3.2900807051639873,2.363155485917692,0.7182383008338219,8492_6233
1122,2,19952.93023255814,73.54392056871949,3.3567004199455144,0.05878020642593837,2.6897199440106903,1.976995737941425,0.8055781984266919,24296.097826086956,73.53930073075311,2.5626703057116558,0.03508851309125061,3.450563311137742,2.4952682224642477,0.7145247866705554,8492_6233
1123,3,20513.85185185185,72.67017502649662,3.0451752574494146,0.05666053420076261,4.171094214739465,1.6391008157344633,0.8155559298496508,25123.20930232558,73.66266845022467,2.275103033289777,0.030941467150835025,3.5234243035920496,2.467798652472602,0.6989711473640043,8492_6233
1124,4,23415.10714285714,73.62637680012772,3.724562153074975,0.06201775250229341,3.2253294334432887,1.9180599382176602,0.8517168603863745,28559.582417582416,73.44751170781655,2.708432725535345,0.03728341025353792,4.031020148893297,2.8633600049069314,0.7039382755599374,8492_6233
1125,5,19069.738095238095,72.16977050789812,3.6851439820205854,0.0960829228752963,4.544378785556726,2.1627917270044836,0.7876373512041221,23605.494382022473,74.65803703489283,2.451936312618029,0.03309027602892562,2.8676619599233826,2.0471244422102974,0.6993017272177607,8492_6233
1126,6,14603.085365853658,72.45031406526655,3.5237714847037624,0.09879768633361656,2.978017592155404,1.9925285033627953,0.8166532271077881,17729.5,74.94370888128738,2.78097930113539,0.037215481578091285,2.0409131435036327,1.6614290668451253,0.8075542824226344,8492_6233
1127,0,21659.456521739132,68.24046206723858,6.598060514820746,-1.4557283909337146,2.41513626785767,1.682292091714855,0.7000155045704816,23161.010638297874,73.68444469544268,2.318359506689323,0.031493232676756126,3.138810114914687,2.223225008357355,0.7103281887256286,6969_6859
1128,1,22614.62365591398,68.39926836921698,9.930232505708856,0.24648287404111063,2.488584626973439,1.7445457364470796,0.7014019142695853,23474.3125,73.49893768514657,2.460437272266988,0.033505917216811634,3.1889239794479654,2.252065516536874,0.7072017516197372,6969_6859
1129,2,23868.892473118278,68.99067972686726,2.4667882017096967,0.03585354435984017,2.5497572156142274,1.7343194289448913,0.678507441570723,24247.436170212764,73.57300873475981,2.326342127927912,0.03165157174272063,3.2979446257540905,2.297564758663229,0.6954494311049008,6969_6859
1130,3,24460.61797752809,68.79561203168527,2.4560759171196582,0.03585728726071361,2.6488555692950895,1.8058587134818334,0.6792445677459922,25076.898876404495,73.60596356581858,2.2721550414357883,0.03090037643261687,3.415874535699393,2.35845720546343,0.6904084425467908,6969_6859
1131,4,27774.36559139785,68.56938731660107,2.6010948319464675,0.03802874320012355,2.9403960285422563,2.0451537605674996,0.6897124440920914,28568.301075268817,73.46084722960617,2.616736684428907,0.03575222030271989,3.880301404276103,2.749987505596866,0.7019909987554854,6969_6859
1132,5,22565.444444444445,67.643673130147,7.565019789474916,-0.025211311725727815,2.151499950942666,1.4500344612272689,0.6715683923424772,23411.08695652174,74.79845812002985,2.3011048049103446,0.030786620421293927,2.74453549676034,1.8475065307015526,0.6745277162258388,6969_6859
1133,6,17028.731707317074,69.91843201135372,2.8074669864825674,0.04035284893986442,1.5266234818048205,1.1851746761647266,0.7730470644438073,17559.666666666668,75.09519835916424,2.647396628678656,0.03531595818514164,1.9419944285286292,1.5002168482659866,0.773313308764245,6969_6859
1134,0,23277.21505376344,69.2414065915921,2.7716007190144714,0.040068939907113806,2.101040500860643,1.4170843062226424,0.6769584429625587,21659.456521739132,68.24046206723858,6.598060514820746,-1.4557283909337146,2.41513626785767,1.682292091714855,0.7000155045704816,6759_6969
1135,1,23500.625,69.48864964062973,2.9284589966170906,0.04222767407555261,2.197892862845356,1.4747408805126645,0.6727787591864933,22614.62365591398,68.39926836921698,9.930232505708856,0.24648287404111063,2.488584626973439,1.7445457364470796,0.7014019142695853,6759_6969
1136,2,24347.663157894738,69.27526043818845,2.9552403212685405,0.042752692764625434,2.257504132752585,1.5022174930186891,0.6640669049743548,23868.892473118278,68.99067972686726,2.4667882017096967,0.03585354435984017,2.5497572156142274,1.7343194289448913,0.678507441570723,6759_6969
1137,3,25149.32222222222,68.87887450110703,3.010001396479158,0.044014324551256506,2.294767043080564,1.5300552263931428,0.6627414104378501,24460.61797752809,68.79561203168527,2.4560759171196582,0.03585728726071361,2.6488555692950895,1.8058587134818334,0.6792445677459922,6759_6969
1138,4,28697.68085106383,68.19777903883839,3.267618380965303,0.048100009441554924,2.4469816283993144,1.6157454434076897,0.6569534829637347,27774.36559139785,68.56938731660107,2.6010948319464675,0.03802874320012355,2.9403960285422563,2.0451537605674996,0.6897124440920914,6759_6969
1139,5,23535.521739130436,68.65036333257282,3.176380748574726,0.04761426697496617,1.7743438320827376,1.1935235885087287,0.6417413670655626,22565.444444444445,67.643673130147,7.565019789474916,-0.025211311725727815,2.151499950942666,1.4500344612272689,0.6715683923424772,6759_6969
1140,6,17430.081395348836,69.4544038541264,3.55404359715603,0.05228317968955456,1.2876952845637828,1.004965968671394,0.7372804667675709,17028.731707317074,69.91843201135372,2.8074669864825674,0.04035284893986442,1.5266234818048205,1.1851746761647266,0.7730470644438073,6759_6969
1141,0,23263.43956043956,73.79130538971953,2.259853083253145,0.030651026256103716,3.2277455213419812,2.3010011306357945,0.7147468441071866,23277.21505376344,69.2414065915921,2.7716007190144714,0.040068939907113806,2.101040500860643,1.4170843062226424,0.6769584429625587,6233_6759
1142,1,23568.075268817203,73.64316332664094,2.45871165429027,0.033468415789056793,3.2900807051639873,2.363155485917692,0.7182383008338219,23500.625,69.48864964062973,2.9284589966170906,0.04222767407555261,2.197892862845356,1.4747408805126645,0.6727787591864933,6233_6759
1143,2,24296.097826086956,73.53930073075311,2.5626703057116558,0.03508851309125061,3.450563311137742,2.4952682224642477,0.7145247866705554,24347.663157894738,69.27526043818845,2.9552403212685405,0.042752692764625434,2.257504132752585,1.5022174930186891,0.6640669049743548,6233_6759
1144,3,25123.20930232558,73.66266845022467,2.275103033289777,0.030941467150835025,3.5234243035920496,2.467798652472602,0.6989711473640043,25149.32222222222,68.87887450110703,3.010001396479158,0.044014324551256506,2.294767043080564,1.5300552263931428,0.6627414104378501,6233_6759
1145,4,28559.582417582416,73.44751170781655,2.708432725535345,0.03728341025353792,4.031020148893297,2.8633600049069314,0.7039382755599374,28697.68085106383,68.19777903883839,3.267618380965303,0.048100009441554924,2.4469816283993144,1.6157454434076897,0.6569534829637347,6233_6759
1146,5,23605.494382022473,74.65803703489283,2.451936312618029,0.03309027602892562,2.8676619599233826,2.0471244422102974,0.6993017272177607,23535.521739130436,68.65036333257282,3.176380748574726,0.04761426697496617,1.7743438320827376,1.1935235885087287,0.6417413670655626,6233_6759
1147,6,17729.5,74.94370888128738,2.78097930113539,0.037215481578091285,2.0409131435036327,1.6614290668451253,0.8075542824226344,17430.081395348836,69.4544038541264,3.55404359715603,0.05228317968955456,1.2876952845637828,1.004965968671394,0.7372804667675709,6233_6759
1148,0,33734.79569892473,66.10828086438195,3.5206984469211107,0.05338442195640509,3.761554069557068,3.1078989694029526,0.8176154199193677,19224.802325581397,73.43976377154735,3.449513817324955,0.0787596951436217,2.4277751926397664,1.8184607551330203,0.83899817782834,8464_8492
1149,1,34328.57894736842,65.72780267478676,4.228216633796803,0.06459143682340841,4.025724756441776,3.5556401825042396,0.8711394279513506,19506.875,73.49503554946735,3.4713829561768677,0.0643853763446503,2.7686287960395144,2.0184147147375473,0.8547784676910507,8464_8492
1150,2,35262.34042553192,65.71459246731212,4.146322165981543,0.06328602978040437,4.103500289084324,3.5259565143750553,0.8508848747274341,19952.93023255814,73.54392056871949,3.3567004199455144,0.05878020642593837,2.6897199440106903,1.976995737941425,0.8055781984266919,8464_8492
1151,3,35745.370786516854,65.70342101662156,4.034282750765737,0.06164008614450089,4.16730224947412,3.4992915990059075,0.8302233745376618,20513.85185185185,72.67017502649662,3.0451752574494146,0.05666053420076261,4.171094214739465,1.6391008157344633,0.8155559298496508,8464_8492
1152,4,39254.79787234042,65.78441014841914,3.4988204345062686,0.0534660667619452,4.265552821708188,3.1924453383485956,0.7416375416235793,23415.10714285714,73.62637680012772,3.724562153074975,0.06201775250229341,3.2253294334432887,1.9180599382176602,0.8517168603863745,8464_8492
1153,5,32767.153846153848,67.52063117868015,2.41515583920387,0.035825222410179214,2.946166306350896,1.9850540466976414,0.6713867214956791,19069.738095238095,72.16977050789812,3.6851439820205854,0.0960829228752963,4.544378785556726,2.1627917270044836,0.7876373512041221,8464_8492
1154,6,25228.697674418603,68.04200154084617,2.677405923152695,0.03940166169999394,2.1453046518180687,1.6239131301736192,0.7570274017275284,14603.085365853658,72.45031406526655,3.5237714847037624,0.09879768633361656,2.978017592155404,1.9925285033627953,0.8166532271077881,8464_8492
1155,0,15488.288888888888,68.0402597271024,3.8327083209040222,0.05646998175438947,1.5986717768451653,1.2607873049656928,0.7681911672388995,33524.62222222222,68.34496591792484,4.4469678182117365,0.06590147718104947,3.725261064244811,3.3244648191088224,0.8564984927517909,8529_8524
1156,1,16065.548387096775,67.87915428122712,3.7713406422099967,0.05569902726515727,1.6409086479454167,1.245797910250419,0.7441469666283332,34172.913043478264,68.11426376338277,4.75781321809164,0.07072999569412454,3.850677203259289,3.422725548541267,0.8537891092846601,8529_8524
1157,2,16550.032608695652,67.81692674317298,3.6734495536703218,0.054215134766928685,1.679480753030003,1.2299132060388833,0.7287293741655432,35149.52222222222,67.87613571627688,5.2556459196915135,0.07843761973817431,4.03626140558451,3.6922319172054126,0.8788489949931413,8529_8524
1158,3,16679.81395348837,67.78347207883594,3.6889230380852265,0.05452437757025397,1.7173494938241793,1.2783993775156721,0.732087188649389,36371.20238095238,67.57518051764788,5.98609906803949,0.0896048289942028,4.226617822996911,3.995201294495657,0.9137479634940342,8529_8524
1159,4,18271.384615384617,67.59804372553496,3.9573201723190374,0.058878181954591005,1.9574359793877905,1.6698317556709346,0.786438700285805,38336.586956521736,65.40365971352101,10.512501532643446,0.1626748590645342,5.507991028384764,6.361994095907647,1.1116074328655268,8529_8524
1160,5,14466.227272727272,69.024802828387,3.435862643742043,0.049800626261277986,1.1944287223827565,0.8010693310534919,0.6732789262540199,32840.63636363636,69.84647636276566,2.531486670269334,0.03644148402432989,3.000976848848696,2.0627196821810134,0.6758917301366293,8529_8524
1161,6,10818.55421686747,69.80708082129975,3.7200373242174094,0.05332213299758187,0.8337075292969366,0.6666788164312867,0.8062852293882908,25052.31325301205,70.56759680173191,2.4854958256896644,0.035279860207068275,2.1673761546133217,1.6172921203701547,0.7461727716647457,8529_8524
1162,0,33524.62222222222,68.34496591792484,4.4469678182117365,0.06590147718104947,3.725261064244811,3.3244648191088224,0.8564984927517909,33838.04301075269,72.28733723059143,5.274363885481876,0.07342479602058014,5.04729485312199,3.9875094296190583,0.778859081784118,8524_6989
1163,1,34172.913043478264,68.11426376338277,4.75781321809164,0.07072999569412454,3.850677203259289,3.422725548541267,0.8537891092846601,34442.16842105263,71.84132151483124,6.249154143927322,0.08776498113882357,5.266801945569315,4.3360733188911595,0.8087177256446711,8524_6989
1164,2,35149.52222222222,67.87613571627688,5.2556459196915135,0.07843761973817431,4.03626140558451,3.6922319172054126,0.8788489949931413,35285.484210526316,71.59681826844984,6.413943084710403,0.09021889490889773,5.460288117716746,4.393675951680533,0.7927601271084861,8524_6989
1165,3,36371.20238095238,67.57518051764788,5.98609906803949,0.0896048289942028,4.226617822996911,3.995201294495657,0.9137479634940342,35721.61111111111,71.69168365105261,6.129373368284809,0.08589098831150689,5.472756280075273,4.205553937413564,0.7644695408173454,8524_6989
1166,4,38336.586956521736,65.40365971352101,10.512501532643446,0.1626748590645342,5.507991028384764,6.361994095907647,1.1116074328655268,39120.65957446808,70.47783605225253,7.811739308214229,0.11131431129840161,6.116650628133003,4.677194670176132,0.7614111181491138,8524_6989
1167,5,32840.63636363636,69.84647636276566,2.531486670269334,0.03644148402432989,3.000976848848696,2.0627196821810134,0.6758917301366293,32689.13186813187,73.98805698138038,3.0756383248075307,0.04217218089257728,4.135600064923826,2.792394995519638,0.6642126868290666,8524_6989
1168,6,25052.31325301205,70.56759680173191,2.4854958256896644,0.035279860207068275,2.1673761546133217,1.6172921203701547,0.7461727716647457,25135.75581395349,74.93688577586704,2.7382742446825756,0.03664160965905265,2.9786781121277888,2.1928109258061013,0.7351687924000605,8524_6989
1169,0,32859.62765957447,68.50134032557058,3.495391501350591,0.05112154664866034,2.6164297622696275,2.3046315630143233,0.8659594115543494,15488.288888888888,68.0402597271024,3.8327083209040222,0.05646998175438947,1.5986717768451653,1.2607873049656928,0.7681911672388995,8507_8529
1170,1,33916.677083333336,68.3708615895802,3.6565437454339804,0.05369871569532849,2.733737270419241,2.495037290265386,0.8890898757072634,16065.548387096775,67.87915428122712,3.7713406422099967,0.05569902726515727,1.6409086479454167,1.245797910250419,0.7441469666283332,8507_8529
1171,2,34411.37894736842,68.275141523292,3.8376352608616884,0.05635690632396281,2.82328460971623,2.6274879143643903,0.9115180833624129,16550.032608695652,67.81692674317298,3.6734495536703218,0.054215134766928685,1.679480753030003,1.2299132060388833,0.7287293741655432,8507_8529
1172,3,34789.955555555556,68.30779627874307,3.589392550358554,0.052723067473160086,2.8302772405848278,2.50849138496815,0.8691257724249315,16679.81395348837,67.78347207883594,3.6889230380852265,0.05452437757025397,1.7173494938241793,1.2783993775156721,0.732087188649389,8507_8529
1173,4,37500.5,68.3132842730799,3.2706598507060947,0.048095003396551844,2.921243551633864,2.2459776564596083,0.7536974092657878,18271.384615384617,67.59804372553496,3.9573201723190374,0.058878181954591005,1.9574359793877905,1.6698317556709346,0.786438700285805,8507_8529
1174,5,29455.53846153846,69.3004034458525,3.1132259319426687,0.044965974950842834,1.8951441219761052,1.1757039274926224,0.6213921841103747,14466.227272727272,69.024802828387,3.435862643742043,0.049800626261277986,1.1944287223827565,0.8010693310534919,0.6732789262540199,8507_8529
1175,6,22857.632183908045,69.38550194087871,3.5360196677606126,0.051005406922905984,1.4106573888082277,0.9959011467504609,0.7075937898452576,10818.55421686747,69.80708082129975,3.7200373242174094,0.05332213299758187,0.8337075292969366,0.6666788164312867,0.8062852293882908,8507_8529
1176,0,37220.170731707316,69.42520123072828,2.8348130297601846,0.04089195259494956,3.831498400800008,2.833303068639037,0.7354207299474659,32859.62765957447,68.50134032557058,3.495391501350591,0.05112154664866034,2.6164297622696275,2.3046315630143233,0.8659594115543494,8423_8507
1177,1,38332.15476190476,69.06208323955677,3.238580876769118,0.047298342521564396,3.994296423005711,2.974340431676598,0.7424837824315639,33916.677083333336,68.3708615895802,3.6565437454339804,0.05369871569532849,2.733737270419241,2.495037290265386,0.8890898757072634,8423_8507
1178,2,38188.75903614458,68.33112540884206,3.127113571718144,0.04532828113721848,5.0979007601067305,3.0061315267208397,0.7375275410227553,34411.37894736842,68.275141523292,3.8376352608616884,0.05635690632396281,2.82328460971623,2.6274879143643903,0.9115180833624129,8423_8507
1179,3,38272.54878048781,69.1022492781968,3.2519143896154947,0.04716385964842119,4.064064677677508,2.9755736844470286,0.7202200510017246,34789.955555555556,68.30779627874307,3.589392550358554,0.052723067473160086,2.8302772405848278,2.50849138496815,0.8691257724249315,8423_8507
1180,4,41548.170731707316,69.03760370525846,2.886873966407753,0.04188773547149689,4.287007528938501,2.975416299672011,0.7057634797875046,37500.5,68.3132842730799,3.2706598507060947,0.048095003396551844,2.921243551633864,2.2459776564596083,0.7536974092657878,8423_8507
1181,5,32963.6582278481,70.48417818448935,2.7235226708895754,0.03882014047563361,2.939295879969447,1.7801588817885816,0.6022147405490573,29455.53846153846,69.3004034458525,3.1132259319426687,0.044965974950842834,1.8951441219761052,1.1757039274926224,0.6213921841103747,8423_8507
1182,6,25557.24,71.02967115111555,3.253253155785012,0.04583294033142651,2.27191223996333,1.7096004576986195,0.6893410276381059,22857.632183908045,69.38550194087871,3.5360196677606126,0.051005406922905984,1.4106573888082277,0.9959011467504609,0.7075937898452576,8423_8507
1183,0,33838.04301075269,72.28733723059143,5.274363885481876,0.07342479602058014,5.04729485312199,3.9875094296190583,0.778859081784118,33734.79569892473,66.10828086438195,3.5206984469211107,0.05338442195640509,3.761554069557068,3.1078989694029526,0.8176154199193677,6989_8464
1184,1,34442.16842105263,71.84132151483124,6.249154143927322,0.08776498113882357,5.266801945569315,4.3360733188911595,0.8087177256446711,34328.57894736842,65.72780267478676,4.228216633796803,0.06459143682340841,4.025724756441776,3.5556401825042396,0.8711394279513506,6989_8464
1185,2,35285.484210526316,71.59681826844984,6.413943084710403,0.09021889490889773,5.460288117716746,4.393675951680533,0.7927601271084861,35262.34042553192,65.71459246731212,4.146322165981543,0.06328602978040437,4.103500289084324,3.5259565143750553,0.8508848747274341,6989_8464
1186,3,35721.61111111111,71.69168365105261,6.129373368284809,0.08589098831150689,5.472756280075273,4.205553937413564,0.7644695408173454,35745.370786516854,65.70342101662156,4.034282750765737,0.06164008614450089,4.16730224947412,3.4992915990059075,0.8302233745376618,6989_8464
1187,4,39120.65957446808,70.47783605225253,7.811739308214229,0.11131431129840161,6.116650628133003,4.677194670176132,0.7614111181491138,39254.79787234042,65.78441014841914,3.4988204345062686,0.0534660667619452,4.265552821708188,3.1924453383485956,0.7416375416235793,6989_8464
1188,5,32689.13186813187,73.98805698138038,3.0756383248075307,0.04217218089257728,4.135600064923826,2.792394995519638,0.6642126868290666,32767.153846153848,67.52063117868015,2.41515583920387,0.035825222410179214,2.946166306350896,1.9850540466976414,0.6713867214956791,6989_8464
1189,6,25135.75581395349,74.93688577586704,2.7382742446825756,0.03664160965905265,2.9786781121277888,2.1928109258061013,0.7351687924000605,25228.697674418603,68.04200154084617,2.677405923152695,0.03940166169999394,2.1453046518180687,1.6239131301736192,0.7570274017275284,6989_8464
1190,0,36596.811111111114,58.794066939765706,4.770343166869804,0.08126415096070297,4.370682479327608,3.262431569813944,0.7412454824613357,37220.170731707316,69.42520123072828,2.8348130297601846,0.04089195259494956,3.831498400800008,2.833303068639037,0.7354207299474659,8429_8423
1191,1,36798.37634408602,57.67570177245444,13.807112404109674,-0.2842110700711978,4.59892129509148,3.602123910080588,0.7755720558248568,38332.15476190476,69.06208323955677,3.238580876769118,0.047298342521564396,3.994296423005711,2.974340431676598,0.7424837824315639,8429_8423
1192,2,37899.70652173913,58.189942870844035,7.370370077832168,0.15690277771384287,4.677746574906916,3.59592308111008,0.7612832461883482,38188.75903614458,68.33112540884206,3.127113571718144,0.04532828113721848,5.0979007601067305,3.0061315267208397,0.7375275410227553,8429_8423
1193,3,37307.57647058823,57.241303655660616,11.916978105566898,-0.09077813160835983,4.792421964845058,3.668154253488828,0.76062801821906,38272.54878048781,69.1022492781968,3.2519143896154947,0.04716385964842119,4.064064677677508,2.9755736844470286,0.7202200510017246,8429_8423
1194,4,38187.53333333333,57.67511560822895,8.341891588763373,0.27079012476495146,4.957017971563186,3.371132904776794,0.6799695567547893,41548.170731707316,69.03760370525846,2.886873966407753,0.04188773547149689,4.287007528938501,2.975416299672011,0.7057634797875046,8429_8423
1195,5,32035.44827586207,59.849875279361115,3.8569582488182728,0.06457280919188417,3.2481901078614026,1.9443627687320506,0.5943859009898546,32963.6582278481,70.48417818448935,2.7235226708895754,0.03882014047563361,2.939295879969447,1.7801588817885816,0.6022147405490573,8429_8423
1196,6,24472.878048780487,61.05812799366354,4.46598104876974,0.07317088182133318,2.4409465845956038,1.6122695492731045,0.6576536881998671,25557.24,71.02967115111555,3.253253155785012,0.04583294033142651,2.27191223996333,1.7096004576986195,0.6893410276381059,8429_8423
1197,0,35236.021505376346,67.8922698076887,5.1583182524704325,0.07691021537511356,3.7241541038389885,3.7895940267428405,0.9702793577747433,35637.53191489362,71.16598166019395,5.958691170727574,0.0846419294661692,6.18735318107634,5.872827553531418,0.9253742567681429,8393_6248
1198,1,36113.302083333336,67.39860315440771,6.4776701146214855,0.09695863024978824,4.031185940235444,4.423757370680347,1.05810187652934,36820.270833333336,70.59019659148592,7.365532441814423,0.10525276524989513,6.626907871580742,6.677362775662826,0.9872900340562305,8393_6248
1199,2,36896.47368421053,67.271985275894,6.615375905031914,0.09944650219589059,4.14862862211541,4.524216973680014,1.0470995430996415,37359.0,70.47716244071016,7.41732548563544,0.10633922220181807,6.776549181490203,6.701337567152153,0.9686098530516785,8393_6248
1200,3,37404.08888888889,67.42640711340081,6.256655399401154,0.0936514158018283,4.11970723520419,4.353830799276423,1.0175980110368728,37808.311111111114,70.57429367736106,7.238330500161435,0.10347459940411621,6.79824858767455,6.568312406171306,0.9490060933155604,8393_6248
1201,4,39691.13829787234,67.65823847840865,5.206077892028512,0.07803897312773923,4.160690204054004,3.795230485491979,0.877909171448764,40421.8085106383,70.78601890070964,6.096894959014609,0.08720742040398784,6.943342331734852,5.912556874826621,0.8367444479542768,8393_6248
1202,5,30937.24175824176,69.68971936257144,2.013618432617354,0.02897379623063072,2.501150506260936,1.6129630235910828,0.6439079123537438,31405.934782608696,73.20343958477639,2.4610085439393568,0.03390736823394194,4.3038102310285105,2.8285680191951332,0.6477476671507992,8393_6248
1203,6,24205.63953488372,69.88980680565405,2.3262806831219627,0.03340169333124439,1.8577847831800856,1.3672952611155693,0.7317403224866594,24647.563218390806,73.49602830525038,2.8495067465453356,0.03907786747185834,3.2035573639308237,2.344874470709214,0.7236431866916803,8393_6248
1204,0,35637.53191489362,71.16598166019395,5.958691170727574,0.0846419294661692,6.18735318107634,5.872827553531418,0.9253742567681429,35111.36170212766,70.39058372800918,4.311339094756715,0.061522284706198326,4.963369516253789,4.107921439708781,0.8199685782954028,6248_5993
1205,1,36820.270833333336,70.59019659148592,7.365532441814423,0.10525276524989513,6.626907871580742,6.677362775662826,0.9872900340562305,36281.63157894737,70.04135173806513,5.034637342095649,0.0722067167082959,5.198513861733405,4.449772776097416,0.8481301755339586,6248_5993
1206,2,37359.0,70.47716244071016,7.41732548563544,0.10633922220181807,6.776549181490203,6.701337567152153,0.9686098530516785,36802.231578947365,69.9534289040514,4.9833055193457545,0.07160762594455315,5.304085195987043,4.461279512973719,0.8333924135771031,6248_5993
1207,3,37808.311111111114,70.57429367736106,7.238330500161435,0.10347459940411621,6.79824858767455,6.568312406171306,0.9490060933155604,37433.48888888889,69.88212513993415,4.827945266645574,0.06940076079439919,5.377496551687692,4.436177160562617,0.8183458736811997,6248_5993
1208,4,40421.8085106383,70.78601890070964,6.096894959014609,0.08720742040398784,6.943342331734852,5.912556874826621,0.8367444479542768,40029.72340425532,69.73651397764448,4.668020770577448,0.06731568578209887,5.639445498457761,4.290265498261085,0.7567279417582568,6248_5993
1209,5,31405.934782608696,73.20343958477639,2.4610085439393568,0.03390736823394194,4.3038102310285105,2.8285680191951332,0.6477476671507992,30839.565217391304,72.1536740892756,2.3821538230395034,0.03334406405803415,3.5670920950258957,2.388557037071614,0.6550444938473593,6248_5993
1210,6,24647.563218390806,73.49602830525038,2.8495067465453356,0.03907786747185834,3.2035573639308237,2.344874470709214,0.7236431866916803,24130.94252873563,72.64208597771038,2.537314791926885,0.03499813854821078,2.590547422977432,1.8702821444363646,0.7221668500535544,6248_5993
1211,0,35111.36170212766,70.39058372800918,4.311339094756715,0.061522284706198326,4.963369516253789,4.107921439708781,0.8199685782954028,34865.72340425532,68.48098802436473,3.695667836621056,0.054192491917975885,3.5142620083628007,2.678343394784225,0.7555659692903977,5993_8395
1212,1,36281.63157894737,70.04135173806513,5.034637342095649,0.0722067167082959,5.198513861733405,4.449772776097416,0.8481301755339586,36079.385416666664,68.22881289951967,4.186838135738674,0.061604587101815454,3.661525457957391,2.8964019852456135,0.7827325385355918,5993_8395
1213,2,36802.231578947365,69.9534289040514,4.9833055193457545,0.07160762594455315,5.304085195987043,4.461279512973719,0.8333924135771031,36459.673684210524,68.11968295709097,4.226414113677059,0.06231588420952863,3.7454690889905673,2.930284867033482,0.7740199433529605,5993_8395
1214,3,37433.48888888889,69.88212513993415,4.827945266645574,0.06940076079439919,5.377496551687692,4.436177160562617,0.8183458736811997,37039.213483146064,68.04413739331999,4.113124808590165,0.06075831638392461,3.8055293044058542,2.8924359450194306,0.7530976351739836,5993_8395
1215,4,40029.72340425532,69.73651397764448,4.668020770577448,0.06731568578209887,5.639445498457761,4.290265498261085,0.7567279417582568,39481.617021276594,67.86617718737634,3.861832916377901,0.057130931431069176,3.967145036933616,2.775770697864223,0.6964417054370923,5993_8395
1216,5,30839.565217391304,72.1536740892756,2.3821538230395034,0.03334406405803415,3.5670920950258957,2.388557037071614,0.6550444938473593,30714.402173913044,69.77947430009738,2.4927161765027868,0.03588700423572814,2.640535447446531,1.6209487549786654,0.6140059558271023,5993_8395
1217,6,24130.94252873563,72.64208597771038,2.537314791926885,0.03499813854821078,2.590547422977432,1.8702821444363646,0.7221668500535544,24072.620689655174,70.69290153808586,2.7169914462249523,0.03850190769302512,2.0352978397324413,1.381047484439308,0.6791342813069504,5993_8395
1218,0,34865.72340425532,68.48098802436473,3.695667836621056,0.054192491917975885,3.5142620083628007,2.678343394784225,0.7555659692903977,36596.811111111114,58.794066939765706,4.770343166869804,0.08126415096070297,4.370682479327608,3.262431569813944,0.7412454824613357,8395_8429
1219,1,36079.385416666664,68.22881289951967,4.186838135738674,0.061604587101815454,3.661525457957391,2.8964019852456135,0.7827325385355918,36798.37634408602,57.67570177245444,13.807112404109674,-0.2842110700711978,4.59892129509148,3.602123910080588,0.7755720558248568,8395_8429
1220,2,36459.673684210524,68.11968295709097,4.226414113677059,0.06231588420952863,3.7454690889905673,2.930284867033482,0.7740199433529605,37899.70652173913,58.189942870844035,7.370370077832168,0.15690277771384287,4.677746574906916,3.59592308111008,0.7612832461883482,8395_8429
1221,3,37039.213483146064,68.04413739331999,4.113124808590165,0.06075831638392461,3.8055293044058542,2.8924359450194306,0.7530976351739836,37307.57647058823,57.241303655660616,11.916978105566898,-0.09077813160835983,4.792421964845058,3.668154253488828,0.76062801821906,8395_8429
1222,4,39481.617021276594,67.86617718737634,3.861832916377901,0.057130931431069176,3.967145036933616,2.775770697864223,0.6964417054370923,38187.53333333333,57.67511560822895,8.341891588763373,0.27079012476495146,4.957017971563186,3.371132904776794,0.6799695567547893,8395_8429
1223,5,30714.402173913044,69.77947430009738,2.4927161765027868,0.03588700423572814,2.640535447446531,1.6209487549786654,0.6140059558271023,32035.44827586207,59.849875279361115,3.8569582488182728,0.06457280919188417,3.2481901078614026,1.9443627687320506,0.5943859009898546,8395_8429
1224,6,24072.620689655174,70.69290153808586,2.7169914462249523,0.03850190769302512,2.0352978397324413,1.381047484439308,0.6791342813069504,24472.878048780487,61.05812799366354,4.46598104876974,0.07317088182133318,2.4409465845956038,1.6122695492731045,0.6576536881998671,8395_8429
1225,0,30595.755319148935,69.38441864283782,4.220816056726247,0.061513967147600296,4.0793552510002264,3.672768859616243,0.866528194601223,35236.021505376346,67.8922698076887,5.1583182524704325,0.07691021537511356,3.7241541038389885,3.7895940267428405,0.9702793577747433,8458_8393
1226,1,31643.072916666668,68.89343659746241,5.541853767276167,0.08129085333196187,4.404785817007077,4.413726015976391,0.9666037849149819,36113.302083333336,67.39860315440771,6.4776701146214855,0.09695863024978824,4.031185940235444,4.423757370680347,1.05810187652934,8458_8393
1227,2,32047.473684210527,68.82142117740558,5.481033354485084,0.08049367525574443,4.4875653103210595,4.360965896568687,0.9366634248369132,36896.47368421053,67.271985275894,6.615375905031914,0.09944650219589059,4.14862862211541,4.524216973680014,1.0470995430996415,8458_8393
1228,3,32395.12222222222,69.01463230047297,5.0507433830251465,0.07387298683361011,4.481728831997558,4.195882122853211,0.9056861585627494,37404.08888888889,67.42640711340081,6.256655399401154,0.0936514158018283,4.11970723520419,4.353830799276423,1.0175980110368728,8458_8393
1229,4,34550.22340425532,69.17790850191493,4.083571896340743,0.05984608935572906,4.489848320789246,3.5887438893391663,0.7750409214033132,39691.13829787234,67.65823847840865,5.206077892028512,0.07803897312773923,4.160690204054004,3.795230485491979,0.877909171448764,8458_8393
1230,5,26638.880434782608,70.50765561921862,2.053819509243261,0.02932714344704424,2.9373152868664065,1.8839645309785578,0.6187880076180862,30937.24175824176,69.68971936257144,2.013618432617354,0.02897379623063072,2.501150506260936,1.6129630235910828,0.6439079123537438,8458_8393
1231,6,20764.83908045977,70.78258711571182,2.218070171515342,0.031399163832027684,2.195194868727784,1.5289055493474455,0.6932309570641545,24205.63953488372,69.88980680565405,2.3262806831219627,0.03340169333124439,1.8577847831800856,1.3672952611155693,0.7317403224866594,8458_8393
1232,0,30373.106382978724,67.7044850479851,3.550793575254583,0.05267274199691138,3.7137615893815332,2.8567188237609056,0.7575302455565962,30547.893617021276,66.53829428735554,3.7998007397559443,0.057913196078438055,3.228425593432722,2.5653788501219497,0.7726668392469818,8438_6296
1233,1,31598.020833333332,67.3953152953856,4.292690203484876,0.06407684848758582,3.9075755465895945,3.2035125161610716,0.8044939459436642,31502.375,66.52045694706705,4.479406998889613,0.06804936867269347,3.4305162378262106,2.8650104433358994,0.8156292054134601,8438_6296
1234,2,31963.947368421053,67.39950936894513,4.141805999876897,0.06195577447364385,3.993990836445305,3.2217899273812147,0.7857196915327738,31894.915789473685,66.25956508512597,4.628518059566913,0.07074056755662761,3.519313958220809,2.902776452116557,0.8000551920147821,8438_6296
1235,3,32383.833333333332,67.41593198872792,3.894842932448832,0.0580577204327667,4.025870824033718,3.095872714915514,0.7573065058406037,32420.81111111111,66.33715727356797,4.217872147134843,0.06402103296680542,3.448811383356337,2.695753250918451,0.7668801744360505,8438_6296
1236,4,34779.86021505376,67.3607442362861,3.4855182580507615,0.05201881077991115,4.206261827248096,2.9863119433153247,0.7011048087659636,34672.27659574468,65.82175836401207,4.1243253187549,0.06328103184393448,3.5224807900324424,2.6103049202003725,0.7234554600052154,8438_6296
1237,5,26584.593406593405,68.7730422024818,2.603490170702195,0.0378994812758476,2.8178788672732935,1.7403958968207343,0.6163116220458645,26569.380434782608,66.76044816946883,3.093932280816582,0.04689243147976225,2.3101073847360674,1.4771924684233562,0.6210678953142182,8438_6296
1238,6,20665.275862068964,69.22519552260681,2.8056751664548836,0.040559905232942124,2.1133905331417577,1.444029310653985,0.6837624326465731,20719.735632183907,67.55994673003248,3.0445962083964297,0.04519452067089852,1.7125561366304058,1.1704351682719774,0.6833193227113751,8438_6296
1239,0,28247.67021276596,66.18552399723632,3.3555477128316165,0.05086432481911233,3.0381187306997823,2.3198378030583355,0.7483907677723756,30373.106382978724,67.7044850479851,3.550793575254583,0.05267274199691138,3.7137615893815332,2.8567188237609056,0.7575302455565962,8434_8438
1240,1,29486.1875,66.0616986571254,3.8735057377247877,0.05885419346208634,3.191923626241173,2.6613882274391494,0.8143154036381427,31598.020833333332,67.3953152953856,4.292690203484876,0.06407684848758582,3.9075755465895945,3.2035125161610716,0.8044939459436642,8434_8438
1241,2,29847.43157894737,66.04057738839951,3.790514968660549,0.05777774304986881,3.2867600367447656,2.737347637628564,0.795575685794533,31963.947368421053,67.39950936894513,4.141805999876897,0.06195577447364385,3.993990836445305,3.2217899273812147,0.7857196915327738,8434_8438
1242,3,30240.166666666668,66.0427762516794,3.6127297293216234,0.05494089870759825,3.3184492058103046,2.608139390117127,0.7649888574501263,32383.833333333332,67.41593198872792,3.894842932448832,0.0580577204327667,4.025870824033718,3.095872714915514,0.7573065058406037,8434_8438
1243,4,32529.62365591398,65.73996396585706,3.791846029489062,0.058283130948625125,3.572996972372047,2.7866943627910006,0.7375593289792598,34779.86021505376,67.3607442362861,3.4855182580507615,0.05201881077991115,4.206261827248096,2.9863119433153247,0.7011048087659636,8434_8438
1244,5,24964.725274725275,66.69939421317271,3.1403602908953823,0.04728106400233677,2.374321239378757,1.568788528715709,0.6392493892682297,26584.593406593405,68.7730422024818,2.603490170702195,0.0378994812758476,2.8178788672732935,1.7403958968207343,0.6163116220458645,8434_8438
1245,6,19439.436781609194,67.24344307982521,3.2310793770688293,0.048095850056695595,1.7628083588970263,1.253758087317611,0.704999635258921,20665.275862068964,69.22519552260681,2.8056751664548836,0.040559905232942124,2.1133905331417577,1.444029310653985,0.6837624326465731,8434_8438
1246,0,57437.87096774193,67.46991462637288,4.444662961909169,0.06693169275514327,4.263959371374337,3.4760341954327005,0.7981058886329276,30595.755319148935,69.38441864283782,4.220816056726247,0.061513967147600296,4.0793552510002264,3.672768859616243,0.866528194601223,7012_8458
1247,1,59268.97872340425,67.30737697726458,5.262555611181168,0.0791755403236701,4.506876754653085,3.943987152482401,0.8593216090598094,31643.072916666668,68.89343659746241,5.541853767276167,0.08129085333196187,4.404785817007077,4.413726015976391,0.9666037849149819,7012_8458
1248,2,60347.52127659575,67.03977935105216,5.501029886929071,0.08308217420251429,4.6409013703822195,3.98147645552682,0.8383534274574964,32047.473684210527,68.82142117740558,5.481033354485084,0.08049367525574443,4.4875653103210595,4.360965896568687,0.9366634248369132,7012_8458
1249,3,60141.573033707864,67.38266192586603,4.887304767367432,0.07323414994342707,4.51406251154353,3.6752929965115153,0.806456401905509,32395.12222222222,69.01463230047297,5.0507433830251465,0.07387298683361011,4.481728831997558,4.195882122853211,0.9056861585627494,7012_8458
1250,4,66936.21505376344,67.03943576269131,4.426247005667575,0.06668264468426967,4.646373405737154,3.4301526245871696,0.7291881896769408,34550.22340425532,69.17790850191493,4.083571896340743,0.05984608935572906,4.489848320789246,3.5887438893391663,0.7750409214033132,7012_8458
1251,5,51921.79120879121,68.19915827222331,3.2652514321507824,0.04864300341617732,3.073407752499966,1.9334500057391977,0.6279014247311218,26638.880434782608,70.50765561921862,2.053819509243261,0.02932714344704424,2.9373152868664065,1.8839645309785578,0.6187880076180862,7012_8458
1252,6,39335.058139534885,69.03561347743565,3.395089880070415,0.04956672453957851,2.2928944409785785,1.6040731824919372,0.705151080439715,20764.83908045977,70.78258711571182,2.218070171515342,0.031399163832027684,2.195194868727784,1.5289055493474455,0.6932309570641545,7012_8458
1253,0,30547.893617021276,66.53829428735554,3.7998007397559443,0.057913196078438055,3.228425593432722,2.5653788501219497,0.7726668392469818,57437.87096774193,67.46991462637288,4.444662961909169,0.06693169275514327,4.263959371374337,3.4760341954327005,0.7981058886329276,6296_7012
1254,1,31502.375,66.52045694706705,4.479406998889613,0.06804936867269347,3.4305162378262106,2.8650104433358994,0.8156292054134601,59268.97872340425,67.30737697726458,5.262555611181168,0.0791755403236701,4.506876754653085,3.943987152482401,0.8593216090598094,6296_7012
1255,2,31894.915789473685,66.25956508512597,4.628518059566913,0.07074056755662761,3.519313958220809,2.902776452116557,0.8000551920147821,60347.52127659575,67.03977935105216,5.501029886929071,0.08308217420251429,4.6409013703822195,3.98147645552682,0.8383534274574964,6296_7012
1256,3,32420.81111111111,66.33715727356797,4.217872147134843,0.06402103296680542,3.448811383356337,2.695753250918451,0.7668801744360505,60141.573033707864,67.38266192586603,4.887304767367432,0.07323414994342707,4.51406251154353,3.6752929965115153,0.806456401905509,6296_7012
1257,4,34672.27659574468,65.82175836401207,4.1243253187549,0.06328103184393448,3.5224807900324424,2.6103049202003725,0.7234554600052154,66936.21505376344,67.03943576269131,4.426247005667575,0.06668264468426967,4.646373405737154,3.4301526245871696,0.7291881896769408,6296_7012
1258,5,26569.380434782608,66.76044816946883,3.093932280816582,0.04689243147976225,2.3101073847360674,1.4771924684233562,0.6210678953142182,51921.79120879121,68.19915827222331,3.2652514321507824,0.04864300341617732,3.073407752499966,1.9334500057391977,0.6279014247311218,6296_7012
1259,6,20719.735632183907,67.55994673003248,3.0445962083964297,0.04519452067089852,1.7125561366304058,1.1704351682719774,0.6833193227113751,39335.058139534885,69.03561347743565,3.395089880070415,0.04956672453957851,2.2928944409785785,1.6040731824919372,0.705151080439715,6296_7012
1260,0,28185.627659574468,72.67392701844881,2.426742102003148,0.03355535517351604,2.1659977079800696,1.609572183005121,0.7324932276520965,28247.67021276596,66.18552399723632,3.3555477128316165,0.05086432481911233,3.0381187306997823,2.3198378030583355,0.7483907677723756,6255_8434
1261,1,29559.510416666668,72.64731206296118,2.8033304441435423,0.03872582256358215,2.2611638297794774,1.7640008107318188,0.7674601293581458,29486.1875,66.0616986571254,3.8735057377247877,0.05885419346208634,3.191923626241173,2.6613882274391494,0.8143154036381427,6255_8434
1262,2,29690.073684210525,72.62388980607307,2.875275105085688,0.03993080080654966,2.3423955116381956,1.8852292984560666,0.7709009388425399,29847.43157894737,66.04057738839951,3.790514968660549,0.05777774304986881,3.2867600367447656,2.737347637628564,0.795575685794533,6255_8434
1263,3,30486.044943820223,72.65058456088705,2.6021127538192945,0.03599591255543758,2.343437238399318,1.7722669823942034,0.7401674579712885,30240.166666666668,66.0427762516794,3.6127297293216234,0.05494089870759825,3.3184492058103046,2.608139390117127,0.7649888574501263,6255_8434
1264,4,32492.308510638297,72.43893642716831,2.9195957232626317,0.04091188608146896,2.5519874172574326,1.9849824163815382,0.7305248478024575,32529.62365591398,65.73996396585706,3.791846029489062,0.058283130948625125,3.572996972372047,2.7866943627910006,0.7375593289792598,6255_8434
1265,5,24961.835164835164,73.24226447343453,2.453924995617135,0.03377018231405026,1.689026099414206,1.165600704365173,0.6494632423931185,24964.725274725275,66.69939421317271,3.1403602908953823,0.04728106400233677,2.374321239378757,1.568788528715709,0.6392493892682297,6255_8434
1266,6,19521.809523809523,73.35186840826907,2.6259255257666756,0.03584699630592415,1.2229799058729511,0.8845192026934269,0.723368754024191,19439.436781609194,67.24344307982521,3.2310793770688293,0.048095850056695595,1.7628083588970263,1.253758087317611,0.704999635258921,6255_8434
1267,0,16633.77659574468,73.73556972140067,2.9490559200731137,0.04002283488105316,1.4635688997518796,1.2359812637021788,0.8426337476944993,16319.521276595744,70.51574033766127,2.991231646002945,0.042448805537044186,1.2348903955790322,0.9918441645805128,0.8078767686330341,6221_5990
1268,1,17561.885416666668,73.78850513937472,2.8561357139886643,0.038734666521328225,1.5219494946142669,1.2974752945907138,0.8507002927957732,17523.18947368421,70.54714840560455,2.9557828795849757,0.041926362922161,1.286122809730713,1.0485327977065884,0.815664154843852,6221_5990
1269,2,17673.842105263157,73.7992133369178,2.889796371129075,0.03919593837292811,1.5388502197979164,1.293184326015831,0.8375452025479106,17654.73404255319,70.53435279498089,2.964381046654981,0.04206677614540529,1.3057711497416646,1.0481649350969129,0.8011545763908315,6221_5990
1270,3,17736.4,73.82330176128652,2.7340224866752223,0.03707609725606572,1.5500342035823513,1.2774703195646597,0.8231794390078313,17568.022222222222,70.53930924726176,2.856175637291081,0.04053252100192453,1.3135731692037682,1.0310861224033137,0.7858338399285488,6221_5990
1271,4,18411.063829787236,73.92086595757294,2.758791780124396,0.03734450070113831,1.5853546973335064,1.208969622943721,0.7636015602503401,18358.968085106382,70.54272228572809,2.8871988054954425,0.04094969931608479,1.3520088317438503,0.9831521107780308,0.7296107689644732,6221_5990
1272,5,13899.5,74.33527679669034,2.8608209897448758,0.03853152930626215,1.0512213203297842,0.6877552666765598,0.657047760237535,13791.131868131868,70.84711758695443,2.9996235724110782,0.0423694310930209,0.9249455416269569,0.5938102205651469,0.6469341754622924,6221_5990
1273,6,11085.127906976744,74.19318662444684,3.187976844563312,0.043003692798477086,0.7970486915704218,0.5992220657708057,0.7590214741466912,11075.142857142857,70.90855564412325,3.325423506147071,0.046935972958947296,0.71866648938572,0.5296362688796133,0.7465604754039433,6221_5990
1274,0,16319.521276595744,70.51574033766127,2.991231646002945,0.042448805537044186,1.2348903955790322,0.9918441645805128,0.8078767686330341,28442.17021276596,69.45600683039149,2.195922436587528,0.03172142857751866,1.905023306901631,1.4722201159778447,0.7664853628001953,5990_8339
1275,1,17523.18947368421,70.54714840560455,2.9557828795849757,0.041926362922161,1.286122809730713,1.0485327977065884,0.815664154843852,29718.59375,69.45782217279131,2.321625225482756,0.03349089891233165,1.9732272024634827,1.5615522850123174,0.7820986130059011,5990_8339
1276,2,17654.73404255319,70.53435279498089,2.964381046654981,0.04206677614540529,1.3057711497416646,1.0481649350969129,0.8011545763908315,29908.663157894738,69.44118773479218,2.5095534974938865,0.036389803391115146,2.0504708677535155,1.7177685071003803,0.8056781141868983,5990_8339
1277,3,17568.022222222222,70.53930924726176,2.856175637291081,0.04053252100192453,1.3135731692037682,1.0310861224033137,0.7858338399285488,30461.7,69.45770786011846,2.1979458036352018,0.031746980817647506,2.0637208248302583,1.582518613232124,0.7572434549956832,5990_8339
1278,4,18358.968085106382,70.54272228572809,2.8871988054954425,0.04094969931608479,1.3520088317438503,0.9831521107780308,0.7296107689644732,32615.23404255319,69.28019587589338,2.5004534024613756,0.03649881498862889,2.2473703997722074,1.774514936863259,0.7493219069023875,5990_8339
1279,5,13791.131868131868,70.84711758695443,2.9996235724110782,0.0423694310930209,0.9249455416269569,0.5938102205651469,0.6469341754622924,24892.9010989011,70.05874613288277,2.226572167482812,0.03189193928784585,1.410218272980988,0.9648632815400405,0.6830260775867812,5990_8339
1280,6,11075.142857142857,70.90855564412325,3.325423506147071,0.046935972958947296,0.71866648938572,0.5296362688796133,0.7465604754039433,19387.406976744187,70.15838952131269,2.402031870383538,0.0342745018600522,1.0259775702959097,0.7858401618804328,0.7710260895926974,5990_8339
1281,0,16559.563829787236,76.03532820322256,2.915326107499027,0.03835636218173502,1.3686089629580118,1.1648242938908404,0.8496821276499601,16633.77659574468,73.73556972140067,2.9490559200731137,0.04002283488105316,1.4635688997518796,1.2359812637021788,0.8426337476944993,5880_6221
1282,1,17466.854166666668,75.99365124101861,3.0460161480658736,0.04030925649697723,1.4650518791969833,1.3555008397774946,0.875497104842225,17561.885416666668,73.78850513937472,2.8561357139886643,0.038734666521328225,1.5219494946142669,1.2974752945907138,0.8507002927957732,5880_6221
1283,2,17605.336842105262,76.06053963417337,2.958585747618208,0.038933313120391645,1.4432754754469757,1.22875680612065,0.8478599657606963,17673.842105263157,73.7992133369178,2.889796371129075,0.03919593837292811,1.5388502197979164,1.293184326015831,0.8375452025479106,5880_6221
1284,3,17596.588888888888,76.03113223254414,3.0408426416139744,0.0405396589960377,1.5004574968577546,1.3372957999610753,0.8515417971841258,17736.4,73.82330176128652,2.7340224866752223,0.03707609725606572,1.5500342035823513,1.2774703195646597,0.8231794390078313,5880_6221
1285,4,18330.44680851064,76.30345662261082,2.7199187086489416,0.03565870271464455,1.4786286010447536,1.135616279920264,0.7693563695072428,18411.063829787236,73.92086595757294,2.758791780124396,0.03734450070113831,1.5853546973335064,1.208969622943721,0.7636015602503401,5880_6221
1286,5,13850.684782608696,76.9419011326539,2.8897304236333143,0.037575545901833075,0.9668956292126767,0.6357583349499201,0.6613601789878762,13899.5,74.33527679669034,2.8608209897448758,0.03853152930626215,1.0512213203297842,0.6877552666765598,0.657047760237535,5880_6221
1287,6,11052.348837209302,76.96710757808972,3.2022421041367757,0.04162895695577279,0.730758608386143,0.5612482233280172,0.7764131643646932,11085.127906976744,74.19318662444684,3.187976844563312,0.043003692798477086,0.7970486915704218,0.5992220657708057,0.7590214741466912,5880_6221
1288,0,28442.17021276596,69.45600683039149,2.195922436587528,0.03172142857751866,1.905023306901631,1.4722201159778447,0.7664853628001953,28185.627659574468,72.67392701844881,2.426742102003148,0.03355535517351604,2.1659977079800696,1.609572183005121,0.7324932276520965,8339_6255
1289,1,29718.59375,69.45782217279131,2.321625225482756,0.03349089891233165,1.9732272024634827,1.5615522850123174,0.7820986130059011,29559.510416666668,72.64731206296118,2.8033304441435423,0.03872582256358215,2.2611638297794774,1.7640008107318188,0.7674601293581458,8339_6255
1290,2,29908.663157894738,69.44118773479218,2.5095534974938865,0.036389803391115146,2.0504708677535155,1.7177685071003803,0.8056781141868983,29690.073684210525,72.62388980607307,2.875275105085688,0.03993080080654966,2.3423955116381956,1.8852292984560666,0.7709009388425399,8339_6255
1291,3,30461.7,69.45770786011846,2.1979458036352018,0.031746980817647506,2.0637208248302583,1.582518613232124,0.7572434549956832,30486.044943820223,72.65058456088705,2.6021127538192945,0.03599591255543758,2.343437238399318,1.7722669823942034,0.7401674579712885,8339_6255
1292,4,32615.23404255319,69.28019587589338,2.5004534024613756,0.03649881498862889,2.2473703997722074,1.774514936863259,0.7493219069023875,32492.308510638297,72.43893642716831,2.9195957232626317,0.04091188608146896,2.5519874172574326,1.9849824163815382,0.7305248478024575,8339_6255
1293,5,24892.9010989011,70.05874613288277,2.226572167482812,0.03189193928784585,1.410218272980988,0.9648632815400405,0.6830260775867812,24961.835164835164,73.24226447343453,2.453924995617135,0.03377018231405026,1.689026099414206,1.165600704365173,0.6494632423931185,8339_6255
1294,6,19387.406976744187,70.15838952131269,2.402031870383538,0.0342745018600522,1.0259775702959097,0.7858401618804328,0.7710260895926974,19521.809523809523,73.35186840826907,2.6259255257666756,0.03584699630592415,1.2229799058729511,0.8845192026934269,0.723368754024191,8339_6255
1295,0,24742.31914893617,75.21044356769286,3.2979602023487735,0.04443881115660009,3.357656840687955,2.5757475812324913,0.7386415827482529,26731.16129032258,66.83886948800517,3.474878618460832,0.053413825105354557,2.6820931847906095,1.9721402807714337,0.7072091692104391,6598_8091
1296,1,23028.864583333332,75.2747881112745,3.0472091428848205,0.04095365313371436,3.0713190868629474,2.1281356880371995,0.683444727788136,25247.326315789473,66.92495942116537,3.229255605166161,0.04901110424111482,2.4713424611520267,1.7123262013972105,0.6782997156076385,6598_8091
1297,2,23548.831578947367,75.32061976858738,2.8027864841172745,0.03774876694837265,3.124307115247207,2.0732846200036117,0.662844516132935,25867.872340425532,67.10336241899577,2.758877278386503,0.04133908433950591,2.495680345212335,1.5818868397948538,0.6353372399427204,6598_8091
1298,3,24825.555555555555,75.18816895799884,3.1812777298027086,0.04312755033438616,3.334661305279858,2.260963420467235,0.6688274457819674,27165.696629213482,67.03646232380089,3.161403655230211,0.0482152205874969,2.699895884109284,1.8729697383813553,0.6636398354656443,6598_8091
1299,4,28360.59574468085,75.60367192975299,2.6708313677731113,0.03563171174973016,3.720637875374831,2.4842571647876506,0.6613397281495408,30666.52688172043,67.38008725982317,2.7751807861445346,0.04139826860603408,2.923139539854492,1.9470309341938397,0.6598766846282806,6598_8091
1300,5,26797.869565217392,76.59504101455731,2.2835185215193556,0.02988797412190146,3.113051958190822,2.1511014938284068,0.6913465007727482,28169.846153846152,68.52285927168586,2.4681988563389936,0.0360589490662642,2.3401276372767694,1.5740889278063033,0.67390554497716,6598_8091
1301,6,24470.58620689655,76.57158692974164,2.6846391233657587,0.03519294879546175,2.764616169490253,2.042120136801631,0.7376836118498865,25213.24705882353,68.72626937190746,3.02776941381598,0.04429831462324654,2.015044304213163,1.453930469780609,0.7226048485402197,6598_8091
1302,0,55723.16129032258,61.64784723637653,2.7013255080138627,0.04402705824441341,3.1223557093268437,1.6315149221873677,0.5217640785617778,96752.51612903226,66.28698804188839,2.90350814407673,0.04399886862853735,3.642552371189738,2.105473126238011,0.5745082718731986,11452_8329
1303,1,54631.15625,61.56712846312477,2.804345853309387,0.04581198719293058,3.0597224851864415,1.5836438864394902,0.5193283403262952,93126.54736842106,66.24824412617852,3.0132304402546515,0.04567425438624965,3.530584568341307,2.032109810871271,0.5793017239074745,11452_8329
1304,2,55924.03157894737,61.491320448236394,2.8248449275979937,0.046164378634602626,3.143419152756785,1.6697896204283051,0.529953136406315,97958.83157894737,66.07347728413944,3.0757405605943657,0.04679308838291449,3.635627888732648,2.1208424024872246,0.5810150119909147,11452_8329
1305,3,57071.12222222222,61.57427224777036,2.737934951152604,0.04471552296437556,3.217987097656354,1.660327715504373,0.5150713978751593,96864.5,66.141104959976,3.23676051651187,0.04941857164516463,3.798026313940761,2.252793976609896,0.585682309783506,11452_8329
1306,4,60965.8085106383,61.89483315124388,2.456388049872758,0.03982877437995657,3.353158704236321,1.6611138677451454,0.4959002492901236,104544.58510638298,66.58303157049973,2.6405796943694675,0.03977659733394829,3.9470426322042056,2.12173150992443,0.5394782860998133,11452_8329
1307,5,51466.239130434784,62.59763457093739,2.296363226337455,0.036726310204438894,2.658466143094663,1.325458966406813,0.4986643972185351,94479.73626373627,67.31232965985508,2.432291748854155,0.03618936323935763,3.229078801795985,1.7794682569913798,0.5527722158950927,11452_8329
1308,6,45026.77011494253,62.62746058751247,2.5527759217638515,0.040858110764494596,2.3193805092127615,1.1943898764864738,0.5164895208896653,86854.04651162791,67.24183659940812,2.7336779775835223,0.040791856094904634,2.842695472227921,1.646515949988336,0.5811470167725314,11452_8329
1309,0,54842.744680851065,61.21013043416109,2.7625053808367985,0.04557112685197709,4.681215545420601,2.5652496516882755,0.5431297551981396,54930.3085106383,59.4476824594923,3.082289701249186,0.052178727755368505,4.750713575718014,2.6100188107306295,0.5499124077586004,8344_8336
1310,1,53823.697916666664,61.26267027993174,2.6030153370768647,0.04264941309533226,4.538069253531187,2.4506785011568692,0.5412332523834822,54103.947916666664,59.38282371318388,3.0172130049524726,0.0510372217201995,4.659704699146089,2.5816278745656387,0.5563533285514229,8344_8336
1311,2,55184.04210526316,60.95920948068506,2.865597540191803,0.047489376086314594,4.718257019818701,2.6168661382195597,0.5527570798302639,55092.41052631579,59.112774929451355,3.2175951521814503,0.054862911968542406,4.826852939949515,2.6637747361508777,0.5535037587560276,8344_8336
1312,3,56422.34444444445,61.01205503694525,2.8218485453751976,0.046670186799011165,4.805176615446888,2.593625420069564,0.5377872295443912,56288.12222222222,59.141175288813756,3.1576383350341914,0.05392737134267029,4.931742123650886,2.6584449948950697,0.5393772470650449,8344_8336
1313,4,60545.45744680851,61.09877262611425,2.7498923222561893,0.045465025529050566,5.105545499972041,2.6755528846865286,0.5182144757436092,60137.755319148935,59.31291857071027,3.020103158272128,0.0511424634118294,5.14610995731251,2.661385709817895,0.5189236938380735,8344_8336
1314,5,50379.04347826087,62.58727753069321,2.3701769840931637,0.037924997843933626,3.8922091217106893,1.9834439894205835,0.5099870272166231,50707.608695652176,60.94908628008461,2.5642765357005515,0.042137380642281064,3.9894174958134814,2.1018429687557707,0.5271771667454632,8344_8336
1315,6,45089.2705882353,62.90870352669424,2.7938834737772362,0.04458726166741742,3.4158571232613997,1.8615071505841998,0.5436261867364824,44265.64367816092,61.3676395740299,2.921680813888192,0.04780389379384546,3.4486710486019554,1.9568287525487822,0.5646560392093684,8344_8336
1316,0,54930.3085106383,59.4476824594923,3.082289701249186,0.052178727755368505,4.750713575718014,2.6100188107306295,0.5499124077586004,55723.16129032258,61.64784723637653,2.7013255080138627,0.04402705824441341,3.1223557093268437,1.6315149221873677,0.5217640785617778,8336_11452
1317,1,54103.947916666664,59.38282371318388,3.0172130049524726,0.0510372217201995,4.659704699146089,2.5816278745656387,0.5563533285514229,54631.15625,61.56712846312477,2.804345853309387,0.04581198719293058,3.0597224851864415,1.5836438864394902,0.5193283403262952,8336_11452
1318,2,55092.41052631579,59.112774929451355,3.2175951521814503,0.054862911968542406,4.826852939949515,2.6637747361508777,0.5535037587560276,55924.03157894737,61.491320448236394,2.8248449275979937,0.046164378634602626,3.143419152756785,1.6697896204283051,0.529953136406315,8336_11452
1319,3,56288.12222222222,59.141175288813756,3.1576383350341914,0.05392737134267029,4.931742123650886,2.6584449948950697,0.5393772470650449,57071.12222222222,61.57427224777036,2.737934951152604,0.04471552296437556,3.217987097656354,1.660327715504373,0.5150713978751593,8336_11452
1320,4,60137.755319148935,59.31291857071027,3.020103158272128,0.0511424634118294,5.14610995731251,2.661385709817895,0.5189236938380735,60965.8085106383,61.89483315124388,2.456388049872758,0.03982877437995657,3.353158704236321,1.6611138677451454,0.4959002492901236,8336_11452
1321,5,50707.608695652176,60.94908628008461,2.5642765357005515,0.042137380642281064,3.9894174958134814,2.1018429687557707,0.5271771667454632,51466.239130434784,62.59763457093739,2.296363226337455,0.036726310204438894,2.658466143094663,1.325458966406813,0.4986643972185351,8336_11452
1322,6,44265.64367816092,61.3676395740299,2.921680813888192,0.04780389379384546,3.4486710486019554,1.9568287525487822,0.5646560392093684,45026.77011494253,62.62746058751247,2.5527759217638515,0.040858110764494596,2.3193805092127615,1.1943898764864738,0.5164895208896653,8336_11452
1323,0,45802.296703296706,54.755892803595536,6.953779600058474,0.12811240302243163,6.928788776399917,5.52563315250787,0.7793277505020187,46996.28723404255,61.89413725404974,6.491778398380657,0.10543937986282792,8.527576303594442,5.78440636884742,0.6738412352983452,8199_6602
1324,1,45203.354838709674,54.962374436974024,7.091893611274395,0.12991327187642254,6.672782812786922,5.5427056992511945,0.8174838302051377,45870.09375,62.38260728399417,6.443044445728087,0.10373098342100966,8.257342532622774,5.7460654892968535,0.6924357004429874,8199_6602
1325,2,46422.84782608696,54.51197748661412,7.41354365264581,0.1375184582062596,7.021290041121256,5.808484686566627,0.8122533162835653,46823.16842105263,61.76450504200141,6.740480104376065,0.10982644152151386,8.624722466469443,5.982819082423028,0.6900357206897728,8199_6602
1326,3,47494.70114942529,54.26570377823125,7.871242195315492,0.14691422356645578,7.388737837011823,6.151107804718931,0.810710828702183,47958.6,61.50074543294369,7.185603752436434,0.11785982998337155,8.969801083031046,6.115172606678437,0.6762176749029377,8199_6602
1327,4,50412.63043478261,53.88919088736478,7.847184237845817,0.15132610023118465,8.068637533877432,6.432656319632021,0.7549414114168194,51204.79787234042,60.990188626575346,7.362592931664355,0.12302823884529518,9.6456594216099,6.194365443103556,0.6361517391952667,8199_6602
1328,5,42583.20224719101,57.79599761282568,2.7394916887118317,0.0477356239469899,5.008449706303322,2.7690552489088502,0.5414504280598773,43007.608695652176,65.16779995281141,3.3644397053570936,0.05179828104250519,6.529823318046767,3.582230161796704,0.5470025342006666,8199_6602
1329,6,37464.04761904762,58.08989166532393,2.7112415368404563,0.0467665234039265,4.461825027340359,2.3804214416325173,0.529926268335064,37874.2183908046,65.43543907050714,3.1936437236528805,0.04895548402700121,5.525351226831242,3.0780968139831884,0.5573535246800166,8199_6602
1330,0,55009.03191489362,61.930806021436105,3.041627205969509,0.04921255515772167,5.164378443856332,2.9160225499830954,0.5640021969927501,55067.65957446808,63.53814180526918,2.9087552537206878,0.04602412437472887,5.850115038491084,3.319900766350705,0.5680406601706796,7054_6094
1331,1,53617.270833333336,62.154402204890516,2.9816234139625384,0.0480421418742678,4.996084458943379,2.8656912575502704,0.5786831098457054,54120.15625,63.64440460280094,2.7483436072686165,0.04329009784986709,5.6972722138672856,3.2321255421366604,0.5681140514168959,7054_6094
1332,2,55035.97894736842,61.812676936582314,3.171654138842784,0.05148348652710761,5.2312017197437966,3.0207066110085803,0.5753750158340262,55162.89473684211,63.31149700857115,3.073134351592625,0.049032183478610304,5.927086097160717,3.439126458160313,0.5775165273778858,7054_6094
1333,3,56160.311111111114,61.7213450377289,3.3935131168650052,0.05521885318307915,5.383157533432285,3.048186931820941,0.5632775682235743,56232.311111111114,63.3194887914874,3.1403531167447998,0.0500697697732017,6.062307726954864,3.473072707799456,0.5685716828448995,7054_6094
1334,4,59455.03191489362,61.52373091966889,3.535286631846733,0.0577426153390681,5.665570195741585,3.061324495570288,0.5408968941558838,59797.734042553195,63.392801690287136,3.0890477168532615,0.04910862503549181,6.4079377111702485,3.55006053393777,0.5492317444889987,7054_6094
1335,5,50573.593406593405,63.32464809766001,2.49355325626895,0.03941981343491744,4.276793433483865,2.2103065921103044,0.5168451015037643,50800.043956043955,65.00609851778445,2.516152665059121,0.03875992053195345,4.8450939899621215,2.582157247704287,0.5332259285063851,7054_6094
1336,6,44221.09302325582,63.57337834726147,2.4706402325838526,0.03893514334205457,3.6619758382714522,1.9495896224941414,0.5333065147097003,44438.62790697674,65.19230968425153,2.8428833574533434,0.04377229247949838,4.134547549993684,2.3371754751557425,0.5645669430496131,7054_6094
1337,0,46996.28723404255,61.89413725404974,6.491778398380657,0.10543937986282792,8.527576303594442,5.78440636884742,0.6738412352983452,55009.03191489362,61.930806021436105,3.041627205969509,0.04921255515772167,5.164378443856332,2.9160225499830954,0.5640021969927501,6602_7054
1338,1,45870.09375,62.38260728399417,6.443044445728087,0.10373098342100966,8.257342532622774,5.7460654892968535,0.6924357004429874,53617.270833333336,62.154402204890516,2.9816234139625384,0.0480421418742678,4.996084458943379,2.8656912575502704,0.5786831098457054,6602_7054
1339,2,46823.16842105263,61.76450504200141,6.740480104376065,0.10982644152151386,8.624722466469443,5.982819082423028,0.6900357206897728,55035.97894736842,61.812676936582314,3.171654138842784,0.05148348652710761,5.2312017197437966,3.0207066110085803,0.5753750158340262,6602_7054
1340,3,47958.6,61.50074543294369,7.185603752436434,0.11785982998337155,8.969801083031046,6.115172606678437,0.6762176749029377,56160.311111111114,61.7213450377289,3.3935131168650052,0.05521885318307915,5.383157533432285,3.048186931820941,0.5632775682235743,6602_7054
1341,4,51204.79787234042,60.990188626575346,7.362592931664355,0.12302823884529518,9.6456594216099,6.194365443103556,0.6361517391952667,59455.03191489362,61.52373091966889,3.535286631846733,0.0577426153390681,5.665570195741585,3.061324495570288,0.5408968941558838,6602_7054
1342,5,43007.608695652176,65.16779995281141,3.3644397053570936,0.05179828104250519,6.529823318046767,3.582230161796704,0.5470025342006666,50573.593406593405,63.32464809766001,2.49355325626895,0.03941981343491744,4.276793433483865,2.2103065921103044,0.5168451015037643,6602_7054
1343,6,37874.2183908046,65.43543907050714,3.1936437236528805,0.04895548402700121,5.525351226831242,3.0780968139831884,0.5573535246800166,44221.09302325582,63.57337834726147,2.4706402325838526,0.03893514334205457,3.6619758382714522,1.9495896224941414,0.5333065147097003,6602_7054
1344,0,55067.65957446808,63.53814180526918,2.9087552537206878,0.04602412437472887,5.850115038491084,3.319900766350705,0.5680406601706796,54842.744680851065,61.21013043416109,2.7625053808367985,0.04557112685197709,4.681215545420601,2.5652496516882755,0.5431297551981396,6094_8344
1345,1,54120.15625,63.64440460280094,2.7483436072686165,0.04329009784986709,5.6972722138672856,3.2321255421366604,0.5681140514168959,53823.697916666664,61.26267027993174,2.6030153370768647,0.04264941309533226,4.538069253531187,2.4506785011568692,0.5412332523834822,6094_8344
1346,2,55162.89473684211,63.31149700857115,3.073134351592625,0.049032183478610304,5.927086097160717,3.439126458160313,0.5775165273778858,55184.04210526316,60.95920948068506,2.865597540191803,0.047489376086314594,4.718257019818701,2.6168661382195597,0.5527570798302639,6094_8344
1347,3,56232.311111111114,63.3194887914874,3.1403531167447998,0.0500697697732017,6.062307726954864,3.473072707799456,0.5685716828448995,56422.34444444445,61.01205503694525,2.8218485453751976,0.046670186799011165,4.805176615446888,2.593625420069564,0.5377872295443912,6094_8344
1348,4,59797.734042553195,63.392801690287136,3.0890477168532615,0.04910862503549181,6.4079377111702485,3.55006053393777,0.5492317444889987,60545.45744680851,61.09877262611425,2.7498923222561893,0.045465025529050566,5.105545499972041,2.6755528846865286,0.5182144757436092,6094_8344
1349,5,50800.043956043955,65.00609851778445,2.516152665059121,0.03875992053195345,4.8450939899621215,2.582157247704287,0.5332259285063851,50379.04347826087,62.58727753069321,2.3701769840931637,0.037924997843933626,3.8922091217106893,1.9834439894205835,0.5099870272166231,6094_8344
1350,6,44438.62790697674,65.19230968425153,2.8428833574533434,0.04377229247949838,4.134547549993684,2.3371754751557425,0.5645669430496131,45089.2705882353,62.90870352669424,2.7938834737772362,0.04458726166741742,3.4158571232613997,1.8615071505841998,0.5436261867364824,6094_8344
1351,0,48758.60638297872,65.940929794648,3.676098834604729,0.05613343566990673,3.1867019776742174,2.4294944868213912,0.7433469915951455,28895.18085106383,65.06690099216206,10.472493261012788,0.16258167141684315,6.668205361407084,9.566955052710508,1.3721627629080062,8183_6664
1352,1,48370.291666666664,65.81894870375618,4.152055992284562,0.0634311950277188,3.191597854641595,2.5767640555086535,0.790212824543376,29552.8125,64.95706076022238,10.666793098383346,0.16541885745905202,6.790061681036517,9.808769159411762,1.3975248604225552,8183_6664
1353,2,48835.652631578945,65.63704579547722,4.211937937417317,0.06452047159590057,3.265753343445006,2.6318948317149897,0.7880688904415761,29989.957894736843,64.52253699414825,11.072573464577166,0.17346217910170345,7.114898233517318,10.193643383734187,1.393101944634576,8183_6664
1354,3,50211.688888888886,65.64386480597462,4.172355020696656,0.06397886813524487,3.368046601737427,2.5984609652053243,0.7532914921839634,30400.51111111111,64.52752386224378,11.274019822609493,0.17671185422654923,7.266859344164896,10.218398602339112,1.358217747465064,8183_6664
1355,4,54105.84946236559,66.25058183082983,2.76122365448452,0.04192636489325117,3.3882828259912245,2.163911353483524,0.628540868058731,33267.425531914894,64.70863753354608,9.935560273379927,0.15930459386446308,7.4819843870959195,8.75513713394988,1.106549645351077,8183_6664
1356,5,43481.62637362637,67.79532889109012,1.9444635537224884,0.028718877529001447,2.460578647370025,1.3414675137370156,0.5454680215686037,26950.41304347826,69.5520443015863,2.7361321860653227,0.03956488582183657,3.716487642824423,2.578801345149834,0.6766208065025526,8183_6664
1357,6,36965.88372093023,68.11683016881932,2.276240767358315,0.033490103174981266,2.0372668625936448,1.1686985675424468,0.5744681355597084,20621.7816091954,69.95204003619583,2.6516111211302555,0.037967573441761396,2.6405641482285573,1.8241657843674215,0.6842432218168656,8183_6664
1358,0,46042.79787234042,67.11023614348407,3.8481385111247564,0.05770113745168663,4.223248636849526,3.309270870342277,0.7696768242916819,48758.60638297872,65.940929794648,3.676098834604729,0.05613343566990673,3.1867019776742174,2.4294944868213912,0.7433469915951455,8180_8183
1359,1,45627.947916666664,66.93892498316914,4.425994202319442,0.0664779433823229,4.22612174732466,3.539478906513193,0.8217680443907863,48370.291666666664,65.81894870375618,4.152055992284562,0.0634311950277188,3.191597854641595,2.5767640555086535,0.790212824543376,8180_8183
1360,2,46058.242105263154,66.73674269635718,4.493826986464985,0.06779086124096362,4.309507139878049,3.56890744964518,0.8122944303606809,48835.652631578945,65.63704579547722,4.211937937417317,0.06452047159590057,3.265753343445006,2.6318948317149897,0.7880688904415761,8180_8183
1361,3,47479.8,66.76416372402898,4.512716762630893,0.06812142626786111,4.480119823350872,3.5885089089129028,0.7818194541308254,50211.688888888886,65.64386480597462,4.172355020696656,0.06397886813524487,3.368046601737427,2.5984609652053243,0.7532914921839634,8180_8183
1362,4,50947.408602150535,67.27980881570636,3.1743257463471726,0.047404096477931826,4.519958631153849,2.969197893353342,0.6522016886510009,54105.84946236559,66.25058183082983,2.76122365448452,0.04192636489325117,3.3882828259912245,2.163911353483524,0.628540868058731,8180_8183
1363,5,41000.230769230766,69.100905079047,2.5768768980808607,0.03731778686622889,3.2670155863748573,1.885054445360807,0.5772260711913126,43481.62637362637,67.79532889109012,1.9444635537224884,0.028718877529001447,2.460578647370025,1.3414675137370156,0.5454680215686037,8180_8183
1364,6,35030.04651162791,69.54757448359393,2.85950303244646,0.0411580989622879,2.6882401993156644,1.6189042288738056,0.6033217185871236,36965.88372093023,68.11683016881932,2.276240767358315,0.033490103174981266,2.0372668625936448,1.1686985675424468,0.5744681355597084,8180_8183
1365,0,49523.47872340425,65.39194865934692,2.6022794362458344,0.03991368763044063,3.772853424373757,2.658045488802585,0.6992403525664945,46042.79787234042,67.11023614348407,3.8481385111247564,0.05770113745168663,4.223248636849526,3.309270870342277,0.7696768242916819,8172_8180
1366,1,49081.43157894737,65.20112396641494,3.167236951468522,0.04873467804009082,3.7794836298518457,2.8557015231661063,0.7457405529809055,45627.947916666664,66.93892498316914,4.425994202319442,0.0664779433823229,4.22612174732466,3.539478906513193,0.8217680443907863,8172_8180
1367,2,49442.14736842105,65.05294198343347,3.2134829754304195,0.04958230817559369,3.854023469349553,2.886730676853071,0.737958627612904,46058.242105263154,66.73674269635718,4.493826986464985,0.06779086124096362,4.309507139878049,3.56890744964518,0.8122944303606809,8172_8180
1368,3,51871.12359550562,65.06420534230118,3.2193532101474513,0.04977790129734452,4.01374166591974,2.9083014458690895,0.7115440376411128,47479.8,66.76416372402898,4.512716762630893,0.06812142626786111,4.480119823350872,3.5885089089129028,0.7818194541308254,8172_8180
1369,4,55102.07526881721,65.38522626238031,2.3925923128966304,0.036738967956406736,4.097419619111505,2.622599603920433,0.6374198638901034,50947.408602150535,67.27980881570636,3.1743257463471726,0.047404096477931826,4.519958631153849,2.969197893353342,0.6522016886510009,8172_8180
1370,5,43698.53846153846,66.88312542425666,2.054380166157478,0.030764927562801993,2.880567561080892,1.6138451725182847,0.5608584059235207,41000.230769230766,69.100905079047,2.5768768980808607,0.03731778686622889,3.2670155863748573,1.885054445360807,0.5772260711913126,8172_8180
1371,6,36887.232558139534,67.13968655046614,2.316787251748427,0.034535175604731114,2.346893947364948,1.395554905350754,0.592140086968363,35030.04651162791,69.54757448359393,2.85950303244646,0.0411580989622879,2.6882401993156644,1.6189042288738056,0.6033217185871236,8172_8180
1372,0,50867.89361702128,67.35020631932782,2.5985297300246315,0.03887273456458492,4.3642010870320895,3.091483206944374,0.6988903677057599,50562.255319148935,69.50971772219944,2.860191459330254,0.04141085880202521,4.741957769471721,3.3762510686231337,0.7043629444471519,8055_6665
1373,1,50371.895833333336,67.1276187035388,3.3658704677772033,0.050666663773915106,4.4298358535100455,3.4288915266918583,0.7498040302096248,49967.625,69.29269780913883,3.5555161262394592,0.05166957959205909,4.76323916292768,3.6220230335889343,0.7462990674215065,8055_6665
1374,2,50842.13684210526,67.04402492175153,3.325384149443912,0.05004302152122044,4.487433791628421,3.383898819126614,0.7362019425881918,50475.95789473684,69.16060490504033,3.6459341114911394,0.053041397484634746,4.8555767896674835,3.645263121607394,0.7385536297908382,8055_6665
1375,3,52134.14444444444,67.18569496636914,3.044442746548953,0.045605889496484094,4.590813593967194,3.25820442338334,0.6963226970939241,51973.87777777778,69.21953885917145,3.492462489928634,0.050778634489956155,5.005878727983291,3.588880579571376,0.704752507548507,8055_6665
1376,4,55459.585106382976,67.55663543520315,2.2461791783587493,0.033359454796294534,4.736214065387744,2.9787783242992503,0.6268967681418198,55299.89361702128,69.58062237790747,2.5749271158011706,0.03716306010059514,5.158847389739214,3.302639243849985,0.6372956981072758,8055_6665
1377,5,43807.836956521736,68.88116808511032,2.1049800385472297,0.030619510931639563,3.3160133464426025,1.8956750476896544,0.5703875973255086,43666.760869565216,71.302231730201,2.072159661517874,0.029108512727507425,3.57310577325799,2.02304803795744,0.5663841964453215,8055_6665
1378,6,37571.49425287356,69.11154375148536,2.3501220111735495,0.03403702227525106,2.707647683969608,1.585563428382144,0.5862540257974215,37479.862068965514,71.61017100195366,2.35301096641603,0.03290829857876142,2.9397924953350856,1.7427544878347252,0.5935005904437898,8055_6665
1379,0,50562.255319148935,69.50971772219944,2.860191459330254,0.04141085880202521,4.741957769471721,3.3762510686231337,0.7043629444471519,49523.47872340425,65.39194865934692,2.6022794362458344,0.03991368763044063,3.772853424373757,2.658045488802585,0.6992403525664945,6665_8172
1380,1,49967.625,69.29269780913883,3.5555161262394592,0.05166957959205909,4.76323916292768,3.6220230335889343,0.7462990674215065,49081.43157894737,65.20112396641494,3.167236951468522,0.04873467804009082,3.7794836298518457,2.8557015231661063,0.7457405529809055,6665_8172
1381,2,50475.95789473684,69.16060490504033,3.6459341114911394,0.053041397484634746,4.8555767896674835,3.645263121607394,0.7385536297908382,49442.14736842105,65.05294198343347,3.2134829754304195,0.04958230817559369,3.854023469349553,2.886730676853071,0.737958627612904,6665_8172
1382,3,51973.87777777778,69.21953885917145,3.492462489928634,0.050778634489956155,5.005878727983291,3.588880579571376,0.704752507548507,51871.12359550562,65.06420534230118,3.2193532101474513,0.04977790129734452,4.01374166591974,2.9083014458690895,0.7115440376411128,6665_8172
1383,4,55299.89361702128,69.58062237790747,2.5749271158011706,0.03716306010059514,5.158847389739214,3.302639243849985,0.6372956981072758,55102.07526881721,65.38522626238031,2.3925923128966304,0.036738967956406736,4.097419619111505,2.622599603920433,0.6374198638901034,6665_8172
1384,5,43666.760869565216,71.302231730201,2.072159661517874,0.029108512727507425,3.57310577325799,2.02304803795744,0.5663841964453215,43698.53846153846,66.88312542425666,2.054380166157478,0.030764927562801993,2.880567561080892,1.6138451725182847,0.5608584059235207,6665_8172
1385,6,37479.862068965514,71.61017100195366,2.35301096641603,0.03290829857876142,2.9397924953350856,1.7427544878347252,0.5935005904437898,36887.232558139534,67.13968655046614,2.316787251748427,0.034535175604731114,2.346893947364948,1.395554905350754,0.592140086968363,6665_8172
1386,0,28895.18085106383,65.06690099216206,10.472493261012788,0.16258167141684315,6.668205361407084,9.566955052710508,1.3721627629080062,45802.296703296706,54.755892803595536,6.953779600058474,0.12811240302243163,6.928788776399917,5.52563315250787,0.7793277505020187,6664_8199
1387,1,29552.8125,64.95706076022238,10.666793098383346,0.16541885745905202,6.790061681036517,9.808769159411762,1.3975248604225552,45203.354838709674,54.962374436974024,7.091893611274395,0.12991327187642254,6.672782812786922,5.5427056992511945,0.8174838302051377,6664_8199
1388,2,29989.957894736843,64.52253699414825,11.072573464577166,0.17346217910170345,7.114898233517318,10.193643383734187,1.393101944634576,46422.84782608696,54.51197748661412,7.41354365264581,0.1375184582062596,7.021290041121256,5.808484686566627,0.8122533162835653,6664_8199
1389,3,30400.51111111111,64.52752386224378,11.274019822609493,0.17671185422654923,7.266859344164896,10.218398602339112,1.358217747465064,47494.70114942529,54.26570377823125,7.871242195315492,0.14691422356645578,7.388737837011823,6.151107804718931,0.810710828702183,6664_8199
1390,4,33267.425531914894,64.70863753354608,9.935560273379927,0.15930459386446308,7.4819843870959195,8.75513713394988,1.106549645351077,50412.63043478261,53.88919088736478,7.847184237845817,0.15132610023118465,8.068637533877432,6.432656319632021,0.7549414114168194,6664_8199
1391,5,26950.41304347826,69.5520443015863,2.7361321860653227,0.03956488582183657,3.716487642824423,2.578801345149834,0.6766208065025526,42583.20224719101,57.79599761282568,2.7394916887118317,0.0477356239469899,5.008449706303322,2.7690552489088502,0.5414504280598773,6664_8199
1392,6,20621.7816091954,69.95204003619583,2.6516111211302555,0.037967573441761396,2.6405641482285573,1.8241657843674215,0.6842432218168656,37464.04761904762,58.08989166532393,2.7112415368404563,0.0467665234039265,4.461825027340359,2.3804214416325173,0.529926268335064,6664_8199
1393,0,40467.27659574468,69.17147844380627,2.1638213325932028,0.03135386677533674,2.8196504105234306,1.819405650601979,0.64427716382908,50867.89361702128,67.35020631932782,2.5985297300246315,0.03887273456458492,4.3642010870320895,3.091483206944374,0.6988903677057599,8065_8055
1394,1,39796.65625,69.05540654865388,2.563389398576582,0.03734532463439839,2.8223457903787295,1.954027709555346,0.6773305064576641,50371.895833333336,67.1276187035388,3.3658704677772033,0.050666663773915106,4.4298358535100455,3.4288915266918583,0.7498040302096248,8065_8055
1395,2,40237.16842105263,68.82807161782759,2.7455604528850497,0.04008745258602643,2.872725567537054,1.9546796382564195,0.6695347969280832,50842.13684210526,67.04402492175153,3.325384149443912,0.05004302152122044,4.487433791628421,3.383898819126614,0.7362019425881918,8065_8055
1396,3,41717.2,68.98127746445756,2.366182844165589,0.03439464028697488,2.9527623668272795,1.8551360797042484,0.6252641486670822,52134.14444444444,67.18569496636914,3.044442746548953,0.045605889496484094,4.590813593967194,3.25820442338334,0.6963226970939241,8065_8055
1397,4,44596.5,69.27780993274351,2.167852255874033,0.03135037493330051,3.1055270973527995,1.8598657386799453,0.59773374226561,55459.585106382976,67.55663543520315,2.2461791783587493,0.033359454796294534,4.736214065387744,2.9787783242992503,0.6268967681418198,8065_8055
1398,5,34934.38043478261,70.52403900765637,2.232087971202464,0.03169258552442405,2.1632317088481314,1.2139540268175064,0.561860263736245,43807.836956521736,68.88116808511032,2.1049800385472297,0.030619510931639563,3.3160133464426025,1.8956750476896544,0.5703875973255086,8065_8055
1399,6,29991.0,70.65955854280816,2.5448151543163386,0.03606000719017937,1.7929798581188592,1.0552503001640712,0.590258425761064,37571.49425287356,69.11154375148536,2.3501220111735495,0.03403702227525106,2.707647683969608,1.585563428382144,0.5862540257974215,8065_8055
1400,0,40179.066666666666,68.57353487819984,2.1240740671158345,0.03140059408707921,2.910002314859526,1.9230742116535533,0.6604343695463439,30258.24,73.37490968257059,2.5419216135800906,0.03481857986052359,3.976950216165823,2.324656963260069,0.6088256410651096,8007_6663
1401,1,39241.94805194805,68.4648318315668,2.3273203585293394,0.034305241074776005,2.8583166978120103,1.9357203635004636,0.6701559509787292,29913.636363636364,73.30978886975595,2.6957531522817173,0.03688653261195525,3.905796143364929,2.4066745521609376,0.6309558456412584,8007_6663
1402,2,39725.88157894737,68.19479041639651,2.8209984414764544,0.04223499985289875,3.0120717119607967,2.125592803989281,0.6758680995110156,29013.46052631579,72.94136482533528,3.4393043542639568,0.0477334782572001,4.1159511253191665,2.6440233489229485,0.6486647911246217,8007_6663
1403,3,41142.67605633803,68.34349479316208,2.3593396114664777,0.035132216427932045,3.046466857007374,1.9329023737366346,0.6319652591467393,30772.816901408452,73.13900696843541,2.71371328715827,0.037292683475167836,4.100633221217779,2.3387753062045133,0.5865549843993862,8007_6663
1404,4,44200.44,68.65293945608076,2.150136323207333,0.03164074875566517,3.194133679857169,1.9758709810329877,0.6180854500572767,33680.17333333333,73.40077576493366,2.645993317380359,0.03629629693359684,4.2442841840871965,2.361746372871729,0.5748435105920007,8007_6663
1405,5,34679.39473684211,69.97810059384078,1.9004702951810912,0.027343920486776346,2.2024950990803904,1.3112446381139296,0.5969016503690611,26344.434210526317,74.76283984368389,2.5303899920317634,0.03397368496468791,3.1969440968333798,1.8012858203298538,0.5865311359945883,8007_6663
1406,6,29883.22857142857,70.20582964844463,2.1518158992967713,0.03080605540543843,1.8205255476535023,1.1433990598277415,0.6294213827544659,22338.02857142857,74.94554555360327,2.829484255630885,0.037829058752700845,2.755911286741087,1.5339365875015087,0.5899840314810987,8007_6663
1407,0,22197.52688172043,68.86983899743099,3.4560293301129037,0.050389866380607926,2.1230870932312382,1.4029877969320428,0.6592234339547289,40179.066666666666,68.57353487819984,2.1240740671158345,0.03140059408707921,2.910002314859526,1.9230742116535533,0.6604343695463439,8001_8007
1408,1,21406.21875,68.56360921243974,3.7108911656164056,0.054476351801804414,2.1028307412552105,1.5016014684048082,0.6860800518783603,39241.94805194805,68.4648318315668,2.3273203585293394,0.034305241074776005,2.8583166978120103,1.9357203635004636,0.6701559509787292,8001_8007
1409,2,21815.0,68.4370603834766,3.750478162781502,0.05530349917849479,2.148881450011642,1.524481917733043,0.6738235244110216,39725.88157894737,68.19479041639651,2.8209984414764544,0.04223499985289875,3.0120717119607967,2.125592803989281,0.6758680995110156,8001_8007
1410,3,22591.98888888889,68.56567116995855,3.4477920876496166,0.05060236890804749,2.1728387024241416,1.3494266418506762,0.6183054594243105,41142.67605633803,68.34349479316208,2.3593396114664777,0.035132216427932045,3.046466857007374,1.9329023737366346,0.6319652591467393,8001_8007
1411,4,24831.967741935485,68.81150567289106,3.295143419222412,0.04809548101138832,2.317825479833601,1.404948806156785,0.60439847085275,44200.44,68.65293945608076,2.150136323207333,0.03164074875566517,3.194133679857169,1.9758709810329877,0.6180854500572767,8001_8007
1412,5,21566.760869565216,70.29917530387112,2.9965373922395857,0.042685453327689395,1.810448484063645,1.115113216354659,0.6172064823709803,34679.39473684211,69.97810059384078,1.9004702951810912,0.027343920486776346,2.2024950990803904,1.3112446381139296,0.5969016503690611,8001_8007
1413,6,18845.174418604653,70.92982178974368,3.251902511769619,0.045946871019435356,1.5515638161381575,0.9950501697885975,0.6440075900092984,29883.22857142857,70.20582964844463,2.1518158992967713,0.03080605540543843,1.8205255476535023,1.1433990598277415,0.6294213827544659,8001_8007
1414,0,30258.24,73.37490968257059,2.5419216135800906,0.03481857986052359,3.976950216165823,2.324656963260069,0.6088256410651096,40467.27659574468,69.17147844380627,2.1638213325932028,0.03135386677533674,2.8196504105234306,1.819405650601979,0.64427716382908,6663_8065
1415,1,29913.636363636364,73.30978886975595,2.6957531522817173,0.03688653261195525,3.905796143364929,2.4066745521609376,0.6309558456412584,39796.65625,69.05540654865388,2.563389398576582,0.03734532463439839,2.8223457903787295,1.954027709555346,0.6773305064576641,6663_8065
1416,2,29013.46052631579,72.94136482533528,3.4393043542639568,0.0477334782572001,4.1159511253191665,2.6440233489229485,0.6486647911246217,40237.16842105263,68.82807161782759,2.7455604528850497,0.04008745258602643,2.872725567537054,1.9546796382564195,0.6695347969280832,6663_8065
1417,3,30772.816901408452,73.13900696843541,2.71371328715827,0.037292683475167836,4.100633221217779,2.3387753062045133,0.5865549843993862,41717.2,68.98127746445756,2.366182844165589,0.03439464028697488,2.9527623668272795,1.8551360797042484,0.6252641486670822,6663_8065
1418,4,33680.17333333333,73.40077576493366,2.645993317380359,0.03629629693359684,4.2442841840871965,2.361746372871729,0.5748435105920007,44596.5,69.27780993274351,2.167852255874033,0.03135037493330051,3.1055270973527995,1.8598657386799453,0.59773374226561,6663_8065
1419,5,26344.434210526317,74.76283984368389,2.5303899920317634,0.03397368496468791,3.1969440968333798,1.8012858203298538,0.5865311359945883,34934.38043478261,70.52403900765637,2.232087971202464,0.03169258552442405,2.1632317088481314,1.2139540268175064,0.561860263736245,6663_8065
1420,6,22338.02857142857,74.94554555360327,2.829484255630885,0.037829058752700845,2.755911286741087,1.5339365875015087,0.5899840314810987,29991.0,70.65955854280816,2.5448151543163386,0.03606000719017937,1.7929798581188592,1.0552503001640712,0.590258425761064,6663_8065
1421,0,34924.755319148935,68.61665347465511,2.5542991121981755,0.03755095956306782,3.181493665940744,2.075637697888718,0.6533825231044919,34422.27659574468,68.14335439039924,2.698897220099643,0.039754535020455284,2.5733035686078756,1.6745575214456023,0.6517671534286792,6953_6320
1422,1,33787.072916666664,68.63451422788859,2.5617732314014323,0.03762535352897919,3.1342739124051455,2.016067367853316,0.6450177260352293,33611.177083333336,68.2105526966234,2.698368997761465,0.03975799606030694,2.5386183634896615,1.6330558614370594,0.6446014009177358,6953_6320
1423,2,33961.3052631579,68.51415553546792,2.688784959573341,0.03961584996190259,3.2183805092621327,2.090879637209998,0.649486203381842,34017.31578947369,68.24075066405612,2.608429572160722,0.03831550454718299,2.5763581323396725,1.6317049187856598,0.6342374444805984,6953_6320
1424,3,35798.04494382023,68.5842817648463,2.5939560479036463,0.03808534982104984,3.3141287016994494,2.0678656162870555,0.6241985696717046,35601.93258426966,68.17040409656852,2.6323396336676694,0.03869994556220553,2.677094289458526,1.662929917388955,0.621443587235141,6953_6320
1425,4,39205.04255319149,68.54442054490825,2.5579372927408843,0.0375511690059026,3.521750532797085,2.1089798729272404,0.5999297877122208,38999.64893617021,68.04763345361566,2.6120078122203374,0.03851270085393985,2.8606045331017027,1.697625269946573,0.5950226781157772,6953_6320
1426,5,34488.032608695656,69.3954429693258,2.4155291878903826,0.03495057616257457,2.7523097710604665,1.6665141589758377,0.6047373327000178,34411.913043478264,68.8572535482759,2.383869175071187,0.03465805070290322,2.222363878083067,1.3511199138703462,0.6080539764779965,6953_6320
1427,6,30366.114942528737,69.65380661125617,2.6873281847045063,0.0388221712196016,2.363869432697936,1.5455051769462045,0.6523642796104315,30130.77011494253,69.20129506036228,2.616972175580774,0.037912580326235006,1.901849210125302,1.2481097795347886,0.6540213235695824,6953_6320
1428,0,20275.795698924732,76.05264682666227,2.685844002909059,0.035610920627410336,2.7645466861359216,1.8513057909158468,0.6707203050449856,22197.52688172043,68.86983899743099,3.4560293301129037,0.050389866380607926,2.1230870932312382,1.4029877969320428,0.6592234339547289,6667_8001
1429,1,19617.23404255319,75.84315621997065,3.1840374122961252,0.042753329439863465,2.721548735467878,1.9892956805405468,0.7098594325207845,21406.21875,68.56360921243974,3.7108911656164056,0.054476351801804414,2.1028307412552105,1.5016014684048082,0.6860800518783603,6667_8001
1430,2,19632.817204301075,75.89852741274993,2.9884878848890644,0.03969056678359834,2.7048014306689825,1.7974316807401878,0.6625296621256217,21815.0,68.4370603834766,3.750478162781502,0.05530349917849479,2.148881450011642,1.524481917733043,0.6738235244110216,6667_8001
1431,3,20493.102272727272,75.98217078811312,2.82921275489641,0.03744478756859779,2.808214209970472,1.7929280061902626,0.6389711736611912,22591.98888888889,68.56567116995855,3.4477920876496166,0.05060236890804749,2.1728387024241416,1.3494266418506762,0.6183054594243105,6667_8001
1432,4,22096.717391304348,76.33131938346766,2.569044978258083,0.03382444013418896,3.0251968763633195,1.89573829065599,0.6281336090169508,24831.967741935485,68.81150567289106,3.295143419222412,0.04809548101138832,2.317825479833601,1.404948806156785,0.60439847085275,6667_8001
1433,5,19705.477777777778,77.52330441702998,2.4692600544559458,0.03194411721490707,2.4026904369159285,1.562590065388609,0.650978036575515,21566.760869565216,70.29917530387112,2.9965373922395857,0.042685453327689395,1.810448484063645,1.115113216354659,0.6172064823709803,6667_8001
1434,6,17564.647058823528,77.57115202311876,2.7911498636808485,0.03609163595121578,2.0426956538341052,1.3840709259650121,0.6797606742273251,18845.174418604653,70.92982178974368,3.251902511769619,0.045946871019435356,1.5515638161381575,0.9950501697885975,0.6440075900092984,6667_8001
1435,0,34422.27659574468,68.14335439039924,2.698897220099643,0.039754535020455284,2.5733035686078756,1.6745575214456023,0.6517671534286792,20275.795698924732,76.05264682666227,2.685844002909059,0.035610920627410336,2.7645466861359216,1.8513057909158468,0.6707203050449856,6320_6667
1436,1,33611.177083333336,68.2105526966234,2.698368997761465,0.03975799606030694,2.5386183634896615,1.6330558614370594,0.6446014009177358,19617.23404255319,75.84315621997065,3.1840374122961252,0.042753329439863465,2.721548735467878,1.9892956805405468,0.7098594325207845,6320_6667
1437,2,34017.31578947369,68.24075066405612,2.608429572160722,0.03831550454718299,2.5763581323396725,1.6317049187856598,0.6342374444805984,19632.817204301075,75.89852741274993,2.9884878848890644,0.03969056678359834,2.7048014306689825,1.7974316807401878,0.6625296621256217,6320_6667
1438,3,35601.93258426966,68.17040409656852,2.6323396336676694,0.03869994556220553,2.677094289458526,1.662929917388955,0.621443587235141,20493.102272727272,75.98217078811312,2.82921275489641,0.03744478756859779,2.808214209970472,1.7929280061902626,0.6389711736611912,6320_6667
1439,4,38999.64893617021,68.04763345361566,2.6120078122203374,0.03851270085393985,2.8606045331017027,1.697625269946573,0.5950226781157772,22096.717391304348,76.33131938346766,2.569044978258083,0.03382444013418896,3.0251968763633195,1.89573829065599,0.6281336090169508,6320_6667
1440,5,34411.913043478264,68.8572535482759,2.383869175071187,0.03465805070290322,2.222363878083067,1.3511199138703462,0.6080539764779965,19705.477777777778,77.52330441702998,2.4692600544559458,0.03194411721490707,2.4026904369159285,1.562590065388609,0.650978036575515,6320_6667
1441,6,30130.77011494253,69.20129506036228,2.616972175580774,0.037912580326235006,1.901849210125302,1.2481097795347886,0.6540213235695824,17564.647058823528,77.57115202311876,2.7911498636808485,0.03609163595121578,2.0426956538341052,1.3840709259650121,0.6797606742273251,6320_6667
1442,0,27397.0,74.9267931945788,4.088097694107035,0.05592660923557181,3.821586316118315,2.8004919692999035,0.7261200070890775,,,,,,,,8099_8097
1443,1,28289.47619047619,74.40558381184044,4.538177396699617,0.06334848315907422,3.9318214193438017,2.838300503037495,0.698309873963199,,,,,,,,8099_8097
1444,2,27617.363636363636,74.84450235802066,3.746806568379955,0.05083416811446593,3.9170166480279067,2.906529110340965,0.7249769853956765,,,,,,,,8099_8097
1445,3,30449.727272727272,74.92673836131735,3.5134657435005,0.04788408837720736,4.05685765775534,2.750973613839903,0.6779568747130361,,,,,,,,8099_8097
1446,4,32305.227272727272,75.5632204423926,3.1352153349940797,0.042002881468274474,4.297714481123806,2.828688652510774,0.6602963095204168,,,,,,,,8099_8097
1447,5,30692.277777777777,76.97908188080352,2.7595032844755516,0.03612567624199567,3.622562516572934,2.6287883853395995,0.7172803845120916,,,,,,,,8099_8097
1448,6,27002.36842105263,77.40040230590384,3.3390280181051493,0.043680278456762874,3.1217171029241975,2.5463309922159145,0.7909910646627395,,,,,,,,8099_8097
1449,0,,,,,,,,34924.755319148935,68.61665347465511,2.5542991121981755,0.03755095956306782,3.181493665940744,2.075637697888718,0.6533825231044919,8097_6953
1450,1,,,,,,,,33787.072916666664,68.63451422788859,2.5617732314014323,0.03762535352897919,3.1342739124051455,2.016067367853316,0.6450177260352293,8097_6953
1451,2,,,,,,,,33961.3052631579,68.51415553546792,2.688784959573341,0.03961584996190259,3.2183805092621327,2.090879637209998,0.649486203381842,8097_6953
1452,3,,,,,,,,35798.04494382023,68.5842817648463,2.5939560479036463,0.03808534982104984,3.3141287016994494,2.0678656162870555,0.6241985696717046,8097_6953
1453,4,,,,,,,,39205.04255319149,68.54442054490825,2.5579372927408843,0.0375511690059026,3.521750532797085,2.1089798729272404,0.5999297877122208,8097_6953
1454,5,,,,,,,,34488.032608695656,69.3954429693258,2.4155291878903826,0.03495057616257457,2.7523097710604665,1.6665141589758377,0.6047373327000178,8097_6953
1455,6,,,,,,,,30366.114942528737,69.65380661125617,2.6873281847045063,0.0388221712196016,2.363869432697936,1.5455051769462045,0.6523642796104315,8097_6953
1456,0,29646.957446808512,70.52390046060968,4.55778526505761,0.06547072436775818,3.247222901208206,2.3431214182025535,0.704505914057884,27323.042553191488,70.73723427576867,4.756753603693629,0.07126442670706994,4.1863359991011295,3.3131111642720965,0.8115246887136589,8112_6073
1457,1,28581.552083333332,70.62094651732949,4.0226120098665525,0.05793270522505032,3.0861988651468626,2.0337402226033228,0.6465744332598211,26272.75,70.9265563676018,4.280945637431269,0.0656677528513925,3.968095564459041,3.0507469424618154,0.795443463716262,8112_6073
1458,2,29062.8,70.74447876053763,4.087755529811803,0.05850884585057196,3.158224545908311,2.2142635159792943,0.6776569641887643,26570.63157894737,71.27037040672205,4.0212480810229465,0.05817519053384498,4.002422313580312,2.945727083357709,0.8068376734738653,8112_6073
1459,3,30364.28888888889,70.83561056636938,4.15785427850636,0.05944468268717879,3.2876739181241073,2.2209225289768364,0.6649848889804928,28572.955555555556,71.46048775604359,3.867461206880011,0.056448713187685594,4.257653903314411,3.050584424138265,0.7645742763062781,8112_6073
1460,4,33842.55319148936,71.03349400829758,3.963562906380903,0.05602231521477414,3.565231213723037,2.341781793430115,0.6511543781925008,31698.808510638297,71.76835448286737,3.752939621996754,0.05315472773535861,4.63412303335083,3.231457610542084,0.7443577448947765,8112_6073
1461,5,30798.380434782608,72.63203105761417,3.359279540084196,0.04637302902826407,2.8623001789640465,1.8748026081731275,0.655388916047116,28952.75824175824,73.42942303422831,3.0472362700193467,0.04272310169541107,3.722457121017194,2.7925424972379793,0.8335521967591784,8112_6073
1462,6,27496.7816091954,73.14928364349463,3.7535142696034347,0.05161887395395424,2.530633561994749,1.7655050100862983,0.6959528531864141,25557.53488372093,73.60569305424886,3.387027258009692,0.046461261994764094,3.1620681089668956,2.379930845151381,0.8296713569844394,8112_6073
1463,0,27323.042553191488,70.73723427576867,4.756753603693629,0.07126442670706994,4.1863359991011295,3.3131111642720965,0.8115246887136589,27397.0,74.9267931945788,4.088097694107035,0.05592660923557181,3.821586316118315,2.8004919692999035,0.7261200070890775,6073_8099
1464,1,26272.75,70.9265563676018,4.280945637431269,0.0656677528513925,3.968095564459041,3.0507469424618154,0.795443463716262,28289.47619047619,74.40558381184044,4.538177396699617,0.06334848315907422,3.9318214193438017,2.838300503037495,0.698309873963199,6073_8099
1465,2,26570.63157894737,71.27037040672205,4.0212480810229465,0.05817519053384498,4.002422313580312,2.945727083357709,0.8068376734738653,27617.363636363636,74.84450235802066,3.746806568379955,0.05083416811446593,3.9170166480279067,2.906529110340965,0.7249769853956765,6073_8099
1466,3,28572.955555555556,71.46048775604359,3.867461206880011,0.056448713187685594,4.257653903314411,3.050584424138265,0.7645742763062781,30449.727272727272,74.92673836131735,3.5134657435005,0.04788408837720736,4.05685765775534,2.750973613839903,0.6779568747130361,6073_8099
1467,4,31698.808510638297,71.76835448286737,3.752939621996754,0.05315472773535861,4.63412303335083,3.231457610542084,0.7443577448947765,32305.227272727272,75.5632204423926,3.1352153349940797,0.042002881468274474,4.297714481123806,2.828688652510774,0.6602963095204168,6073_8099
1468,5,28952.75824175824,73.42942303422831,3.0472362700193467,0.04272310169541107,3.722457121017194,2.7925424972379793,0.8335521967591784,30692.277777777777,76.97908188080352,2.7595032844755516,0.03612567624199567,3.622562516572934,2.6287883853395995,0.7172803845120916,6073_8099
1469,6,25557.53488372093,73.60569305424886,3.387027258009692,0.046461261994764094,3.1620681089668956,2.379930845151381,0.8296713569844394,27002.36842105263,77.40040230590384,3.3390280181051493,0.043680278456762874,3.1217171029241975,2.5463309922159145,0.7909910646627395,6073_8099
1470,0,26713.735632183907,68.94290539121481,3.3282776032883827,0.04870912784310996,2.7050062507446353,1.7605344717837448,0.6435859294473374,26616.157303370786,69.03235885777946,3.2241206911765796,0.04761683399137692,2.629518692522224,2.0600489528894994,0.7306100141150923,6937_6322
1471,1,25384.666666666668,69.10085920025467,3.463223574023042,0.05079754309579581,2.6380619583500597,1.7014784370353402,0.6323728964358268,24989.387096774193,69.30083604332091,2.982136142048311,0.04366376472213333,2.458707853118213,1.7140274526848591,0.6685132974600901,6937_6322
1472,2,25923.14606741573,69.2589392938407,3.355555245957822,0.04903154762997979,2.66849998464444,1.6650008271122638,0.6191042931118098,25904.153846153848,69.48558493396345,2.696255643037194,0.03917074645340373,2.4699103740915747,1.658900693783492,0.6516240578035449,6937_6322
1473,3,26869.5,69.28355435207011,3.1158815570640317,0.04535373834677875,2.7654952357300764,1.6874099297450584,0.6035619106905923,26840.06818181818,69.47097532618639,2.6804659502770676,0.03903926883302661,2.6052862678442024,1.7693002828075428,0.6539124506992677,6937_6322
1474,4,30489.11111111111,69.10993973017207,3.212805543052938,0.046879567433643084,3.03429569643154,1.8772864561196019,0.6103404380848451,30448.608695652172,69.28704325760505,2.88924165017353,0.04220871833877926,2.9151009512054475,2.0104433894116447,0.6654336748606604,6937_6322
1475,5,28520.03488372093,69.65528274581786,2.957353200752914,0.042704143680492246,2.502590889716227,1.6142167298969796,0.6416306225383078,28628.775280898877,69.9702153493841,2.5097622851621466,0.03616504782947982,2.3784605522121915,1.6684046978081988,0.6842057211833715,6937_6322
1476,6,25289.170731707316,69.87410402398257,3.0112793510622353,0.04327997427353466,2.1768111520061986,1.4587657522614315,0.6708287579470553,25440.130952380954,70.1595848580593,2.67078153373705,0.03823862284303899,2.041497740759309,1.5181365050607174,0.738870124687479,6937_6322
1477,0,26616.157303370786,69.03235885777946,3.2241206911765796,0.04761683399137692,2.629518692522224,2.0600489528894994,0.7306100141150923,29646.957446808512,70.52390046060968,4.55778526505761,0.06547072436775818,3.247222901208206,2.3431214182025535,0.704505914057884,6322_8112
1478,1,24989.387096774193,69.30083604332091,2.982136142048311,0.04366376472213333,2.458707853118213,1.7140274526848591,0.6685132974600901,28581.552083333332,70.62094651732949,4.0226120098665525,0.05793270522505032,3.0861988651468626,2.0337402226033228,0.6465744332598211,6322_8112
1479,2,25904.153846153848,69.48558493396345,2.696255643037194,0.03917074645340373,2.4699103740915747,1.658900693783492,0.6516240578035449,29062.8,70.74447876053763,4.087755529811803,0.05850884585057196,3.158224545908311,2.2142635159792943,0.6776569641887643,6322_8112
1480,3,26840.06818181818,69.47097532618639,2.6804659502770676,0.03903926883302661,2.6052862678442024,1.7693002828075428,0.6539124506992677,30364.28888888889,70.83561056636938,4.15785427850636,0.05944468268717879,3.2876739181241073,2.2209225289768364,0.6649848889804928,6322_8112
1481,4,30448.608695652172,69.28704325760505,2.88924165017353,0.04220871833877926,2.9151009512054475,2.0104433894116447,0.6654336748606604,33842.55319148936,71.03349400829758,3.963562906380903,0.05602231521477414,3.565231213723037,2.341781793430115,0.6511543781925008,6322_8112
1482,5,28628.775280898877,69.9702153493841,2.5097622851621466,0.03616504782947982,2.3784605522121915,1.6684046978081988,0.6842057211833715,30798.380434782608,72.63203105761417,3.359279540084196,0.04637302902826407,2.8623001789640465,1.8748026081731275,0.655388916047116,6322_8112
1483,6,25440.130952380954,70.1595848580593,2.67078153373705,0.03823862284303899,2.041497740759309,1.5181365050607174,0.738870124687479,27496.7816091954,73.14928364349463,3.7535142696034347,0.05161887395395424,2.530633561994749,1.7655050100862983,0.6959528531864141,6322_8112
1484,0,26937.13829787234,77.15165511631625,3.152913737064263,0.041740686578470076,3.8028774314246783,2.667818707681874,0.6927285086194481,26713.735632183907,68.94290539121481,3.3282776032883827,0.04870912784310996,2.7050062507446353,1.7605344717837448,0.6435859294473374,5943_6937
1485,1,25512.083333333332,77.03111975740292,3.3311396051730213,0.044273048104298836,3.608893109954695,2.419708423355647,0.6658166690972462,25384.666666666668,69.10085920025467,3.463223574023042,0.05079754309579581,2.6380619583500597,1.7014784370353402,0.6323728964358268,5943_6937
1486,2,25988.178947368422,77.01313559934954,3.0970156718014965,0.04103832841102911,3.6698926805632666,2.4019897204389826,0.6546599406720854,25923.14606741573,69.2589392938407,3.355555245957822,0.04903154762997979,2.66849998464444,1.6650008271122638,0.6191042931118098,5943_6937
1487,3,27167.37777777778,77.17716924192472,2.8767848529262463,0.038898415675403454,3.920123849380607,2.6186204011317864,0.6494132859976829,26869.5,69.28355435207011,3.1158815570640317,0.04535373834677875,2.7654952357300764,1.6874099297450584,0.6035619106905923,5943_6937
1488,4,30956.13829787234,77.4494871677154,3.0398338544903587,0.0396918817111858,4.295258113431884,2.8472405569585635,0.6599845582508445,30489.11111111111,69.10993973017207,3.212805543052938,0.046879567433643084,3.03429569643154,1.8772864561196019,0.6103404380848451,5943_6937
1489,5,28675.42391304348,78.64388013243932,2.5560391597743783,0.03271890391460325,3.5136696349771595,2.4239256989859723,0.6881304396711151,28520.03488372093,69.65528274581786,2.957353200752914,0.042704143680492246,2.502590889716227,1.6142167298969796,0.6416306225383078,5943_6937
1490,6,25827.02298850575,78.73468842444441,2.927050622125277,0.037542363478879945,3.075698723497703,2.2562063438681146,0.7324136460923273,25289.170731707316,69.87410402398257,3.0112793510622353,0.04327997427353466,2.1768111520061986,1.4587657522614315,0.6708287579470553,5943_6937
1491,0,26731.16129032258,66.83886948800517,3.474878618460832,0.053413825105354557,2.6820931847906095,1.9721402807714337,0.7072091692104391,26937.13829787234,77.15165511631625,3.152913737064263,0.041740686578470076,3.8028774314246783,2.667818707681874,0.6927285086194481,8091_5943
1492,1,25247.326315789473,66.92495942116537,3.229255605166161,0.04901110424111482,2.4713424611520267,1.7123262013972105,0.6782997156076385,25512.083333333332,77.03111975740292,3.3311396051730213,0.044273048104298836,3.608893109954695,2.419708423355647,0.6658166690972462,8091_5943
1493,2,25867.872340425532,67.10336241899577,2.758877278386503,0.04133908433950591,2.495680345212335,1.5818868397948538,0.6353372399427204,25988.178947368422,77.01313559934954,3.0970156718014965,0.04103832841102911,3.6698926805632666,2.4019897204389826,0.6546599406720854,8091_5943
1494,3,27165.696629213482,67.03646232380089,3.161403655230211,0.0482152205874969,2.699895884109284,1.8729697383813553,0.6636398354656443,27167.37777777778,77.17716924192472,2.8767848529262463,0.038898415675403454,3.920123849380607,2.6186204011317864,0.6494132859976829,8091_5943
1495,4,30666.52688172043,67.38008725982317,2.7751807861445346,0.04139826860603408,2.923139539854492,1.9470309341938397,0.6598766846282806,30956.13829787234,77.4494871677154,3.0398338544903587,0.0396918817111858,4.295258113431884,2.8472405569585635,0.6599845582508445,8091_5943
1496,5,28169.846153846152,68.52285927168586,2.4681988563389936,0.0360589490662642,2.3401276372767694,1.5740889278063033,0.67390554497716,28675.42391304348,78.64388013243932,2.5560391597743783,0.03271890391460325,3.5136696349771595,2.4239256989859723,0.6881304396711151,8091_5943
1497,6,25213.24705882353,68.72626937190746,3.02776941381598,0.04429831462324654,2.015044304213163,1.453930469780609,0.7226048485402197,25827.02298850575,78.73468842444441,2.927050622125277,0.037542363478879945,3.075698723497703,2.2562063438681146,0.7324136460923273,8091_5943
1498,0,57675.16129032258,60.65934798954035,4.326652331509055,0.07185481913327245,5.425485835696707,4.0135228261317115,0.725690973627457,56585.20212765958,62.11732312872447,5.203170024290415,0.08443362094450264,4.746713143904919,3.9266414594019983,0.8079560210217626,8327_8331
1499,1,56594.27368421053,60.14528645054598,5.470130127923977,0.09164799037879266,5.557398660550125,4.581112342177541,0.8052249482370978,56014.145833333336,61.60856641180374,6.308356783216642,0.10318598792136018,4.902205517299133,4.493719685206096,0.8945243748331343,8327_8331
1500,2,57313.05263157895,59.99761260126817,5.561571839768638,0.09351380648933232,5.734323629909703,4.724982770626137,0.8043631081231528,56818.78947368421,61.44938970006846,6.355912448360664,0.10417872993600398,5.020473923532523,4.581873469445454,0.891036315389298,8327_8331
1501,3,58947.65555555555,59.85045387559022,5.940916748419283,0.10019337702980706,5.945691293903878,4.920674158376275,0.8080435311793255,58367.26666666667,61.32602172360209,6.540956062452859,0.10755115827336129,5.2102599890899635,4.731108388180888,0.8854968171233029,8327_8331
1502,4,62060.64893617021,60.79383678211404,3.3265225918464916,0.05532755126450452,5.681293195854456,3.5145372868636655,0.6090930295753268,61875.936170212764,62.35512253341947,4.117786561273686,0.06666833517201214,4.921441979664263,3.379596429214853,0.6722863944641059,8327_8331
1503,5,51473.16483516483,62.30838922177286,1.5459347291135606,0.02484633248665333,4.057578681058566,1.6984186872328564,0.4188804710617797,51382.434782608696,64.18862617919511,1.8968546458805686,0.02961073691427935,3.4592523044846235,1.4553588357501213,0.4212316931600319,8327_8331
1504,6,47824.16279069767,62.56097608827071,1.8286888600928162,0.02930324729604807,3.6412812827622374,1.743758999573698,0.4796318516306463,47565.88505747126,64.47048158947759,2.115010930883918,0.0329091812024838,3.1369558808249125,1.5023875000747147,0.47944421563998263,8327_8331
1505,0,57810.70212765958,63.987788585466426,6.190897025338372,0.09719194521505926,5.124478281358941,4.278086581545475,0.8208308804608485,57174.04255319149,61.05510568052625,5.808658940546276,0.0955356041793541,4.62978267558563,3.8633815509150597,0.8203656129459309,6947_8301
1506,1,56897.75,63.60509779424121,7.0937126867863185,0.11215879768463964,5.222872354870031,4.808765894881306,0.9022190043070911,56083.020833333336,60.75316386941634,6.5625891796343145,0.10845020281527484,4.691050947827278,4.208335435979323,0.8815741991677131,6947_8301
1507,2,57879.915789473685,63.391177361518835,7.061524225114058,0.11209277862830772,5.351138020744015,4.803465298603673,0.8798538330039547,57197.905263157896,60.63352373107985,6.561266543105224,0.10876384095901989,4.812516091478464,4.250306302996016,0.8692095321448695,6947_8301
1508,3,59279.78888888889,63.156277134983156,7.375399333916091,0.11770789261861182,5.585314636194784,5.022947478972826,0.8785952632944612,58636.688888888886,60.479152822369095,6.8163725893675515,0.11334213889076092,4.98398353286036,4.401906209791229,0.8662512317756722,6947_8301
1509,4,62126.6914893617,64.07567399749556,5.090939434664429,0.0800756452854801,5.327903811362826,3.750340793193533,0.690636639782557,61252.936170212764,61.253858278595835,4.9849046690845595,0.08199826301673957,4.797726327210197,3.4650301316231658,0.7084051638256273,6947_8301
1510,5,51188.67032967033,66.3914934321043,2.083465557125502,0.031470037833564495,3.6434819548354134,1.5741789479730879,0.43234406018193366,50504.27472527473,63.111711903004036,1.6505586814811144,0.026211583194390046,3.3201595198617224,1.3474859245504507,0.40605555154719025,6947_8301
1511,6,47487.58139534884,66.70030236179939,2.2713335550974993,0.03417929017644934,3.3107916047226946,1.648700299422402,0.4972973800410638,46805.54651162791,63.20707797591589,1.86606060510435,0.02958543499341118,3.0786762346405285,1.392282992371674,0.45284411415357284,6947_8301
1512,0,56978.265957446805,61.415213162108564,5.660097520455657,0.0925889837905963,5.238576372424031,4.203607431491775,0.7882852811323837,57810.70212765958,63.987788585466426,6.190897025338372,0.09719194521505926,5.124478281358941,4.278086581545475,0.8208308804608485,8341_6947
1513,1,56251.333333333336,61.051551965964926,6.352102391097621,0.10461740145981903,5.320760751391074,4.668846427773711,0.8590423148007846,56897.75,63.60509779424121,7.0937126867863185,0.11215879768463964,5.222872354870031,4.808765894881306,0.9022190043070911,8341_6947
1514,2,57135.6,60.820785177739594,6.470043272309095,0.1069951439984639,5.484780885610676,4.786187854418009,0.8547725352305726,57879.915789473685,63.391177361518835,7.061524225114058,0.11209277862830772,5.351138020744015,4.803465298603673,0.8798538330039547,8341_6947
1515,3,58580.07777777778,60.67529246139403,6.666397356649592,0.11062638587360198,5.679023063899644,4.898030557336436,0.8426277065231564,59279.78888888889,63.156277134983156,7.375399333916091,0.11770789261861182,5.585314636194784,5.022947478972826,0.8785952632944612,8341_6947
1516,4,61518.54255319149,61.57893421726128,4.600427140074534,0.07525966710753082,5.435116680184136,3.6306102632808512,0.6560420910254768,62126.6914893617,64.07567399749556,5.090939434664429,0.0800756452854801,5.327903811362826,3.750340793193533,0.690636639782557,8341_6947
1517,5,50300.36956521739,63.816856417994124,2.0332882603542135,0.03191135070935525,3.8631813352827407,1.5265790791904608,0.3954905289023491,51188.67032967033,66.3914934321043,2.083465557125502,0.031470037833564495,3.6434819548354134,1.5741789479730879,0.43234406018193366,8341_6947
1518,6,46611.24137931035,64.22421439200389,2.324927167959401,0.036274812650871485,3.5484511063418194,1.5891104242500556,0.4480903527129307,47487.58139534884,66.70030236179939,2.2713335550974993,0.03417929017644934,3.3107916047226946,1.648700299422402,0.4972973800410638,8341_6947
1519,0,56585.20212765958,62.11732312872447,5.203170024290415,0.08443362094450264,4.746713143904919,3.9266414594019983,0.8079560210217626,56978.265957446805,61.415213162108564,5.660097520455657,0.0925889837905963,5.238576372424031,4.203607431491775,0.7882852811323837,8331_8341
1520,1,56014.145833333336,61.60856641180374,6.308356783216642,0.10318598792136018,4.902205517299133,4.493719685206096,0.8945243748331343,56251.333333333336,61.051551965964926,6.352102391097621,0.10461740145981903,5.320760751391074,4.668846427773711,0.8590423148007846,8331_8341
1521,2,56818.78947368421,61.44938970006846,6.355912448360664,0.10417872993600398,5.020473923532523,4.581873469445454,0.891036315389298,57135.6,60.820785177739594,6.470043272309095,0.1069951439984639,5.484780885610676,4.786187854418009,0.8547725352305726,8331_8341
1522,3,58367.26666666667,61.32602172360209,6.540956062452859,0.10755115827336129,5.2102599890899635,4.731108388180888,0.8854968171233029,58580.07777777778,60.67529246139403,6.666397356649592,0.11062638587360198,5.679023063899644,4.898030557336436,0.8426277065231564,8331_8341
1523,4,61875.936170212764,62.35512253341947,4.117786561273686,0.06666833517201214,4.921441979664263,3.379596429214853,0.6722863944641059,61518.54255319149,61.57893421726128,4.600427140074534,0.07525966710753082,5.435116680184136,3.6306102632808512,0.6560420910254768,8331_8341
1524,5,51382.434782608696,64.18862617919511,1.8968546458805686,0.02961073691427935,3.4592523044846235,1.4553588357501213,0.4212316931600319,50300.36956521739,63.816856417994124,2.0332882603542135,0.03191135070935525,3.8631813352827407,1.5265790791904608,0.3954905289023491,8331_8341
1525,6,47565.88505747126,64.47048158947759,2.115010930883918,0.0329091812024838,3.1369558808249125,1.5023875000747147,0.47944421563998263,46611.24137931035,64.22421439200389,2.324927167959401,0.036274812650871485,3.5484511063418194,1.5891104242500556,0.4480903527129307,8331_8341
1526,0,57174.04255319149,61.05510568052625,5.808658940546276,0.0955356041793541,4.62978267558563,3.8633815509150597,0.8203656129459309,36278.51648351648,58.29392821741673,6.295055698498105,0.1086133817308897,5.755701367894456,5.318558936820223,0.9078607494095923,8301_8296
1527,1,56083.020833333336,60.75316386941634,6.5625891796343145,0.10845020281527484,4.691050947827278,4.208335435979323,0.8815741991677131,37093.43010752688,58.141232461346235,6.753295905864986,0.11665735953468809,5.897235379244944,5.564591081259255,0.9278116922514225,8301_8296
1528,2,57197.905263157896,60.63352373107985,6.561266543105224,0.10876384095901989,4.812516091478464,4.250306302996016,0.8692095321448695,37960.11956521739,58.029342997799475,6.804100735047714,0.11780134610981044,6.03767136965152,5.626829971430889,0.918298623462339,8301_8296
1529,3,58636.688888888886,60.479152822369095,6.8163725893675515,0.11334213889076092,4.98398353286036,4.401906209791229,0.8662512317756722,38219.11494252874,57.96312877677732,6.8919175111827595,0.11962038714457188,6.12000206380682,5.6331025095793645,0.9025034072237983,8301_8296
1530,4,61252.936170212764,61.253858278595835,4.9849046690845595,0.08199826301673957,4.797726327210197,3.4650301316231658,0.7084051638256273,40338.769230769234,58.4539519512148,5.663060230704698,0.09747185984144202,6.090432293184172,4.809345417414818,0.7773925910303919,8301_8296
1531,5,50504.27472527473,63.111711903004036,1.6505586814811144,0.026211583194390046,3.3201595198617224,1.3474859245504507,0.40605555154719025,31439.022727272728,60.632309047174274,2.2230133738860047,0.03676635977640845,3.960451460952021,1.9209657101642477,0.4782754290098261,8301_8296
1532,6,46805.54651162791,63.20707797591589,1.86606060510435,0.02958543499341118,3.0786762346405285,1.392282992371674,0.45284411415357284,26154.666666666668,60.96992033718595,2.313073483878262,0.03799071810167046,3.2070028001114044,1.7666408996643261,0.5502437401839354,8301_8296
1533,0,36278.51648351648,58.29392821741673,6.295055698498105,0.1086133817308897,5.755701367894456,5.318558936820223,0.9078607494095923,48449.8085106383,60.29406650950033,3.72087120253361,0.061920046727915797,5.210600763436977,3.493203125083643,0.6659214806824175,8296_8190
1534,1,37093.43010752688,58.141232461346235,6.753295905864986,0.11665735953468809,5.897235379244944,5.564591081259255,0.9278116922514225,47922.416666666664,60.22577568142085,3.901177132565618,0.06496840413917429,5.121997233109788,3.5164523320379133,0.6820836002672434,8296_8190
1535,2,37960.11956521739,58.029342997799475,6.804100735047714,0.11780134610981044,6.03767136965152,5.626829971430889,0.918298623462339,48437.3052631579,60.148853300344655,3.8351933892711556,0.06390877588221267,5.201336850223672,3.4984746017534754,0.6701574255658042,8296_8190
1536,3,38219.11494252874,57.96312877677732,6.8919175111827595,0.11962038714457188,6.12000206380682,5.6331025095793645,0.9025034072237983,49751.15555555555,59.993150217805045,4.15267994974791,0.06959570467595798,5.439315210848348,3.7109914774506136,0.6731668439813613,8296_8190
1537,4,40338.769230769234,58.4539519512148,5.663060230704698,0.09747185984144202,6.090432293184172,4.809345417414818,0.7773925910303919,52532.63829787234,60.24662845854555,3.4665513530786516,0.05771807975023232,5.525837429881174,3.3579502177435776,0.6059487503741161,8296_8190
1538,5,31439.022727272728,60.632309047174274,2.2230133738860047,0.03676635977640845,3.960451460952021,1.9209657101642477,0.4782754290098261,41904.67391304348,61.92199927786582,1.8019193122510722,0.029218436621505695,3.8654152854127664,1.8619469116731044,0.4712534889549265,8296_8190
1539,6,26154.666666666668,60.96992033718595,2.313073483878262,0.03799071810167046,3.2070028001114044,1.7666408996643261,0.5502437401839354,37840.9540229885,62.22250261207744,1.8509367791185996,0.0297866068584578,3.38555119197255,1.8196751336153307,0.5381121597455693,8296_8190
1540,0,48449.8085106383,60.29406650950033,3.72087120253361,0.061920046727915797,5.210600763436977,3.493203125083643,0.6659214806824175,47101.3085106383,66.01378020423677,2.6043792846963143,0.0395902733147518,3.3537330886836254,2.1099662754028867,0.6207819800239154,8190_8186
1541,1,47922.416666666664,60.22577568142085,3.901177132565618,0.06496840413917429,5.121997233109788,3.5164523320379133,0.6820836002672434,46614.28125,65.93806502230014,2.6193309713698913,0.03993970155734724,3.3137982781414053,2.118862017119112,0.6301648814315958,8190_8186
1542,2,48437.3052631579,60.148853300344655,3.8351933892711556,0.06390877588221267,5.201336850223672,3.4984746017534754,0.6701574255658042,47175.073684210525,65.83206227700005,2.644457808320703,0.040492530456710855,3.4186011354595895,2.177511732741459,0.6227412838373515,8190_8186
1543,3,49751.15555555555,59.993150217805045,4.15267994974791,0.06959570467595798,5.439315210848348,3.7109914774506136,0.6731668439813613,48569.23333333333,65.63821693853842,3.110807770842096,0.04786689730026932,3.5848201043497427,2.3658559808364794,0.6385026993822063,8190_8186
1544,4,52532.63829787234,60.24662845854555,3.4665513530786516,0.05771807975023232,5.525837429881174,3.3579502177435776,0.6059487503741161,51111.17021276596,66.0322992492319,2.291177770199191,0.03478955611255596,3.5711898386861707,1.984819743381651,0.5531413227354883,8190_8186
1545,5,41904.67391304348,61.92199927786582,1.8019193122510722,0.029218436621505695,3.8654152854127664,1.8619469116731044,0.4712534889549265,40942.55434782609,67.25164767503716,1.8885756229836677,0.028114381019398484,2.5622411605059177,1.1283875503012555,0.44043948280719114,8190_8186
1546,6,37840.9540229885,62.22250261207744,1.8509367791185996,0.0297866068584578,3.38555119197255,1.8196751336153307,0.5381121597455693,36839.77011494253,67.4854951216448,2.044816384133086,0.03034209055401087,2.243619286901347,1.182750205693151,0.5284103549049135,8190_8186
1547,0,47101.3085106383,66.01378020423677,2.6043792846963143,0.0395902733147518,3.3537330886836254,2.1099662754028867,0.6207819800239154,51135.914893617024,64.93648225670057,3.520575251105657,0.054709550183747006,3.8796824944486343,2.833270266341801,0.7159428724433611,8186_8176
1548,1,46614.28125,65.93806502230014,2.6193309713698913,0.03993970155734724,3.3137982781414053,2.118862017119112,0.6301648814315958,50561.895833333336,64.89323960886041,3.1315795649131526,0.04873395993878963,3.7978211511745825,2.6981582638255763,0.6963574489531664,8186_8176
1549,2,47175.073684210525,65.83206227700005,2.644457808320703,0.040492530456710855,3.4186011354595895,2.177511732741459,0.6227412838373515,51046.357894736844,64.7803883651824,3.1602643533195103,0.049211875930327324,3.869306112742165,2.7083884456761917,0.6884201727725158,8186_8176
1550,3,48569.23333333333,65.63821693853842,3.110807770842096,0.04786689730026932,3.5848201043497427,2.3658559808364794,0.6385026993822063,52287.0,64.3690333631301,4.287823920195247,0.06758002758803297,4.133408582169453,3.1646595511496503,0.740170722525539,8186_8176
1551,4,51111.17021276596,66.0322992492319,2.291177770199191,0.03478955611255596,3.5711898386861707,1.984819743381651,0.5531413227354883,54933.98936170213,65.0160646699774,2.824430041172004,0.04378285623355856,4.073471227297764,2.567564812786696,0.6221648778883699,8186_8176
1552,5,40942.55434782609,67.25164767503716,1.8885756229836677,0.028114381019398484,2.5622411605059177,1.1283875503012555,0.44043948280719114,42974.434782608696,66.40857546297424,1.8169627748623223,0.027395138038453296,2.803264597267719,1.2771358487609266,0.4556636962045971,8186_8176
1553,6,36839.77011494253,67.4854951216448,2.044816384133086,0.03034209055401087,2.243619286901347,1.182750205693151,0.5284103549049135,38822.24137931035,66.66785533437385,2.007200786561277,0.03016433187489476,2.4549056064864296,1.3142137183947795,0.5364617559546507,8186_8176
1554,0,51135.914893617024,64.93648225670057,3.520575251105657,0.054709550183747006,3.8796824944486343,2.833270266341801,0.7159428724433611,51252.90425531915,70.10031129227457,4.6861392927732775,0.06743951935204541,4.063731609700741,3.37064258669842,0.8036959112606206,8176_6156
1555,1,50561.895833333336,64.89323960886041,3.1315795649131526,0.04873395993878963,3.7978211511745825,2.6981582638255763,0.6963574489531664,50693.572916666664,70.06147643877632,4.0542771296020845,0.05856151993917988,3.96229728599033,3.128718863722366,0.7639024169174089,8176_6156
1556,2,51046.357894736844,64.7803883651824,3.1602643533195103,0.049211875930327324,3.869306112742165,2.7083884456761917,0.6884201727725158,51131.02105263158,69.96749435378662,4.120298067400517,0.059564077063312036,4.038866571557527,3.1827164256545837,0.7632759308873684,8176_6156
1557,3,52287.0,64.3690333631301,4.287823920195247,0.06758002758803297,4.133408582169453,3.1646595511496503,0.740170722525539,52376.15555555555,69.45591451298411,5.52761803113368,0.08073586502691063,4.341797152069237,3.7346867913650175,0.8272620584113748,8176_6156
1558,4,54933.98936170213,65.0160646699774,2.824430041172004,0.04378285623355856,4.073471227297764,2.567564812786696,0.6221648778883699,55101.28723404255,70.27826236743705,3.6764728219092504,0.052818684982333795,4.227382282521306,2.9656345555606864,0.6857599103624182,8176_6156
1559,5,42974.434782608696,66.40857546297424,1.8169627748623223,0.027395138038453296,2.803264597267719,1.2771358487609266,0.4556636962045971,43053.608695652176,71.96006288210458,1.9050007379186118,0.02650113574737911,2.8152324165073623,1.332931610797462,0.4738195822630757,8176_6156
1560,6,38822.24137931035,66.66785533437385,2.007200786561277,0.03016433187489476,2.4549056064864296,1.3142137183947795,0.5364617559546507,38833.16091954023,72.15286855726566,2.108779960926773,0.029271470655137143,2.453917061124624,1.3626127566551591,0.5563542150156814,8176_6156
1561,0,51113.925531914894,65.88867331009726,4.751688116318045,0.07272139449996555,3.220948145916643,2.8553479423839883,0.8589824829093544,40661.0,65.4631892476562,5.877737932319742,0.09031151788113852,4.73693948738558,3.9291428851809704,0.819465142840763,8052_8060
1562,1,50601.21875,65.83998982960637,4.245809907817422,0.06527461422654479,3.1435658223503995,2.647010268011488,0.8093156903848272,39995.59375,65.55251771444641,5.266524053077564,0.0809606256057207,4.611074836789709,3.6904570041854186,0.7831386470745595,8052_8060
1563,2,50990.36842105263,65.76231830532251,4.2235554205048365,0.06500244630921578,3.192457230103804,2.6644812697062283,0.803437867983476,40373.063157894736,65.42774525951252,5.302822837270077,0.08161675192074175,4.680694887435402,3.7081935438645783,0.7793996313632037,8052_8060
1564,3,51928.02222222222,65.28923499943936,5.457989209258121,0.08480562321869677,3.468934179489444,3.221239398703605,0.8889285816770199,41597.73333333333,64.93402144876083,6.38403686317111,0.09911641054629469,5.00603909683597,4.176644552369894,0.8164953851201733,8052_8060
1565,4,54801.5,66.00890330699812,3.813235254179639,0.058358778446322576,3.344438903804022,2.4820554749818116,0.7204526406995456,43868.54255319149,65.49678298579398,5.191521848972331,0.08005451901885331,4.9850938303548435,3.637246980449603,0.7148961178018906,8052_8060
1566,5,42950.0,67.59590258710111,1.730035051223932,0.025627475257046683,2.1837383858961372,1.00549718665756,0.4612024078429688,33623.858695652176,67.78075247902825,1.8302369678344481,0.027040439832710685,3.1721575617589823,1.3975968497849236,0.44077295132096417,8052_8060
1567,6,38791.26436781609,67.86011468772668,1.913565546717791,0.028246405252490295,1.906145432879114,1.0402249527687104,0.5475392378411095,30475.2183908046,68.21964559084772,2.028269900190024,0.029785097316385966,2.7995369227985654,1.4598006783839343,0.5222176695609172,8052_8060
1568,0,51252.90425531915,70.10031129227457,4.6861392927732775,0.06743951935204541,4.063731609700741,3.37064258669842,0.8036959112606206,51113.925531914894,65.88867331009726,4.751688116318045,0.07272139449996555,3.220948145916643,2.8553479423839883,0.8589824829093544,6156_8052
1569,1,50693.572916666664,70.06147643877632,4.0542771296020845,0.05856151993917988,3.96229728599033,3.128718863722366,0.7639024169174089,50601.21875,65.83998982960637,4.245809907817422,0.06527461422654479,3.1435658223503995,2.647010268011488,0.8093156903848272,6156_8052
1570,2,51131.02105263158,69.96749435378662,4.120298067400517,0.059564077063312036,4.038866571557527,3.1827164256545837,0.7632759308873684,50990.36842105263,65.76231830532251,4.2235554205048365,0.06500244630921578,3.192457230103804,2.6644812697062283,0.803437867983476,6156_8052
1571,3,52376.15555555555,69.45591451298411,5.52761803113368,0.08073586502691063,4.341797152069237,3.7346867913650175,0.8272620584113748,51928.02222222222,65.28923499943936,5.457989209258121,0.08480562321869677,3.468934179489444,3.221239398703605,0.8889285816770199,6156_8052
1572,4,55101.28723404255,70.27826236743705,3.6764728219092504,0.052818684982333795,4.227382282521306,2.9656345555606864,0.6857599103624182,54801.5,66.00890330699812,3.813235254179639,0.058358778446322576,3.344438903804022,2.4820554749818116,0.7204526406995456,6156_8052
1573,5,43053.608695652176,71.96006288210458,1.9050007379186118,0.02650113574737911,2.8152324165073623,1.332931610797462,0.4738195822630757,42950.0,67.59590258710111,1.730035051223932,0.025627475257046683,2.1837383858961372,1.00549718665756,0.4612024078429688,6156_8052
1574,6,38833.16091954023,72.15286855726566,2.108779960926773,0.029271470655137143,2.453917061124624,1.3626127566551591,0.5563542150156814,38791.26436781609,67.86011468772668,1.913565546717791,0.028246405252490295,1.906145432879114,1.0402249527687104,0.5475392378411095,6156_8052
1575,0,40710.936170212764,68.22937075218734,2.125148214795943,0.031274457631655914,2.9082320925895377,1.8680185860244938,0.6424389691647556,32800.47311827957,66.17540987660644,2.220291997100328,0.033630209659157036,3.517317747500224,1.9748113135884435,0.562437960928689,8074_8019
1576,1,40072.9375,68.05309148923145,2.2616189403303,0.03346339442621277,2.8922753511651926,1.9138180834025729,0.6570918901117823,31903.0,66.10433843529475,2.3397674407908053,0.03557959224725677,3.4228744385915006,1.9307248979200142,0.5612704088740988,8074_8019
1577,2,40408.05263157895,67.95521766270623,2.346352041682309,0.034686921926407786,2.9540580837623103,1.987294933631928,0.6676591849666597,32113.752688172044,66.05235865128223,2.223362761802283,0.03376642342115722,3.4891782511955545,1.9370757338224962,0.5559880696240819,8074_8019
1578,3,41591.46666666667,67.93525545687942,2.1864840777475956,0.03229089285056053,3.02812023204833,1.9016879504911595,0.627289559579723,33366.27272727273,65.91559928772232,2.3281402196045735,0.03557742465035443,3.647564241660771,2.0675237258538215,0.5669607538448078,8074_8019
1579,4,43865.563829787236,68.12884741687738,1.8860596246474526,0.02773420211844921,3.127612821241931,1.8584362162914507,0.5944831412621697,36464.358695652176,65.98773546577131,2.0481372653533625,0.03115040681527331,3.962093570344816,2.170288443377811,0.5490480571606372,8074_8019
1580,5,33655.77173913043,69.38959203132141,1.8684022900600197,0.026977649579365756,2.077845309028021,1.0315889156541116,0.49697256633584386,32316.9,66.65442780290363,1.9712689627584843,0.02967501560651862,3.250275220862071,1.7682038250446017,0.5425350221790998,8074_8019
1581,6,30470.908045977012,69.67447593095584,2.2653731624045386,0.032665200428665435,1.8196438307982996,1.0906957914423114,0.598955307518078,29700.058823529413,66.89743015284559,2.161755687583969,0.03242740801010573,2.90873462216018,1.8366089800643428,0.6308194681574683,8074_8019
1582,0,40661.0,65.4631892476562,5.877737932319742,0.09031151788113852,4.73693948738558,3.9291428851809704,0.819465142840763,41048.573333333334,70.98407527809233,4.131061617657929,0.05835604093143383,6.392933504093022,4.244456085799316,0.6618988186204379,8060_6666
1583,1,39995.59375,65.55251771444641,5.266524053077564,0.0809606256057207,4.611074836789709,3.6904570041854186,0.7831386470745595,40151.896103896106,71.02284810367439,3.9461471852292487,0.0557930605093719,6.258334523804552,4.17800989695834,0.663400029110774,8060_6666
1584,2,40373.063157894736,65.42774525951252,5.302822837270077,0.08161675192074175,4.680694887435402,3.7081935438645783,0.7793996313632037,40409.97368421053,70.7826097562337,4.107741668943418,0.05830630264891443,6.396935557249275,4.310632433707968,0.6714287601659343,8060_6666
1585,3,41597.73333333333,64.93402144876083,6.38403686317111,0.09911641054629469,5.00603909683597,4.176644552369894,0.8164953851201733,41478.66197183099,70.43894915070645,4.373398754459408,0.06249869072837919,6.633114131833948,4.319057144168123,0.6465038520576869,8060_6666
1586,4,43868.54255319149,65.49678298579398,5.191521848972331,0.08005451901885331,4.9850938303548435,3.637246980449603,0.7148961178018906,43932.14666666667,70.71187213356174,3.831147682903695,0.054615449961016284,6.832252553461637,4.147195945347163,0.6056165431395302,8060_6666
1587,5,33623.858695652176,67.78075247902825,1.8302369678344481,0.027040439832710685,3.1721575617589823,1.3975968497849236,0.44077295132096417,33700.21052631579,72.96790908245694,2.011369971301388,0.02768727439579238,4.505264318708275,2.104171491488762,0.46637704083788445,8060_6666
1588,6,30475.2183908046,68.21964559084772,2.028269900190024,0.029785097316385966,2.7995369227985654,1.4598006783839343,0.5222176695609172,30828.571428571428,73.3154807714612,2.2686922153398323,0.031109016491954997,3.9874761507903744,2.2365390437473285,0.5580889170108436,8060_6666
1589,0,41048.573333333334,70.98407527809233,4.131061617657929,0.05835604093143383,6.392933504093022,4.244456085799316,0.6618988186204379,40710.936170212764,68.22937075218734,2.125148214795943,0.031274457631655914,2.9082320925895377,1.8680185860244938,0.6424389691647556,6666_8074
1590,1,40151.896103896106,71.02284810367439,3.9461471852292487,0.0557930605093719,6.258334523804552,4.17800989695834,0.663400029110774,40072.9375,68.05309148923145,2.2616189403303,0.03346339442621277,2.8922753511651926,1.9138180834025729,0.6570918901117823,6666_8074
1591,2,40409.97368421053,70.7826097562337,4.107741668943418,0.05830630264891443,6.396935557249275,4.310632433707968,0.6714287601659343,40408.05263157895,67.95521766270623,2.346352041682309,0.034686921926407786,2.9540580837623103,1.987294933631928,0.6676591849666597,6666_8074
1592,3,41478.66197183099,70.43894915070645,4.373398754459408,0.06249869072837919,6.633114131833948,4.319057144168123,0.6465038520576869,41591.46666666667,67.93525545687942,2.1864840777475956,0.03229089285056053,3.02812023204833,1.9016879504911595,0.627289559579723,6666_8074
1593,4,43932.14666666667,70.71187213356174,3.831147682903695,0.054615449961016284,6.832252553461637,4.147195945347163,0.6056165431395302,43865.563829787236,68.12884741687738,1.8860596246474526,0.02773420211844921,3.127612821241931,1.8584362162914507,0.5944831412621697,6666_8074
1594,5,33700.21052631579,72.96790908245694,2.011369971301388,0.02768727439579238,4.505264318708275,2.104171491488762,0.46637704083788445,33655.77173913043,69.38959203132141,1.8684022900600197,0.026977649579365756,2.077845309028021,1.0315889156541116,0.49697256633584386,6666_8074
1595,6,30828.571428571428,73.3154807714612,2.2686922153398323,0.031109016491954997,3.9874761507903744,2.2365390437473285,0.5580889170108436,30470.908045977012,69.67447593095584,2.2653731624045386,0.032665200428665435,1.8196438307982996,1.0906957914423114,0.598955307518078,6666_8074
1596,0,32800.47311827957,66.17540987660644,2.220291997100328,0.033630209659157036,3.517317747500224,1.9748113135884435,0.562437960928689,32891.84042553192,68.9186562639482,2.6127071760765936,0.03801224125838705,2.656803130342032,1.5233847613896916,0.5703627242371445,8019_6319
1597,1,31903.0,66.10433843529475,2.3397674407908053,0.03557959224725677,3.4228744385915006,1.9307248979200142,0.5612704088740988,31722.46875,69.05134459173286,2.5845322448202004,0.03768306785241812,2.6074972283038824,1.4695008921043717,0.55453736875637,8019_6319
1598,2,32113.752688172044,66.05235865128223,2.223362761802283,0.03376642342115722,3.4891782511955545,1.9370757338224962,0.5559880696240819,32213.56842105263,68.98521373039591,2.554671400215013,0.03707037323537982,2.6547801971076743,1.477158137021407,0.5519334203717414,8019_6319
1599,3,33366.27272727273,65.91559928772232,2.3281402196045735,0.03557742465035443,3.647564241660771,2.0675237258538215,0.5669607538448078,33700.89887640449,68.7249818448627,2.8240065539441295,0.041505820309626365,2.800686622234768,1.6755226074330252,0.5776544428668574,8019_6319
1600,4,36464.358695652176,65.98773546577131,2.0481372653533625,0.03115040681527331,3.962093570344816,2.170288443377811,0.5490480571606372,36969.01063829787,68.72763938598449,2.432080103753454,0.035492587858769034,2.9292248472698708,1.5193514910759243,0.5175220898447527,8019_6319
1601,5,32316.9,66.65442780290363,1.9712689627584843,0.02967501560651862,3.250275220862071,1.7682038250446017,0.5425350221790998,32563.565217391304,69.07332185901836,2.4758550642008554,0.036054543464392685,2.324573537475296,1.213591075784194,0.5150622011026591,8019_6319
1602,6,29700.058823529413,66.89743015284559,2.161755687583969,0.03242740801010573,2.90873462216018,1.8366089800643428,0.6308194681574683,29756.126436781607,69.454132409664,2.54986313692553,0.03689381386743543,2.0461076387765105,1.2051373900862614,0.588152251689649,8019_6319
1603,0,20693.659574468085,67.60281314554156,2.494648229362284,0.03704918316975001,1.4227834080581419,0.9448093981405911,0.6609708411139993,,,,,,,,6945_8095
1604,1,20114.177083333332,67.56719707018657,2.4954124915113383,0.03723587616591538,1.419000514949049,0.9110455436861735,0.6303652722869348,,,,,,,,6945_8095
1605,2,20126.936842105264,67.52220252777694,2.4438509776690602,0.03624832891957384,1.433926390782556,0.8928387600077219,0.6319014997412186,,,,,,,,6945_8095
1606,3,20866.191011235955,67.36957492354733,2.794569337323515,0.042090497379832024,1.5256390630259489,1.1184137048955562,0.6888063099819742,,,,,,,,6945_8095
1607,4,22363.505376344085,67.54466748534331,2.3033167858226173,0.03417362470467756,1.4946026314847036,0.8632562001249795,0.5979261275576735,,,,,,,,6945_8095
1608,5,20531.07608695652,67.97920747901881,2.3887029029119633,0.03530762376268893,1.227953801233865,0.763285691866244,0.6131874875846666,,,,,,,,6945_8095
1609,6,19390.220930232557,68.34343203924804,2.4051082477338492,0.03524329677019703,1.0958691210078995,0.6886066912186377,0.6443448605189852,,,,,,,,6945_8095
1610,0,32891.84042553192,68.9186562639482,2.6127071760765936,0.03801224125838705,2.656803130342032,1.5233847613896916,0.5703627242371445,20693.659574468085,67.60281314554156,2.494648229362284,0.03704918316975001,1.4227834080581419,0.9448093981405911,0.6609708411139993,6319_6945
1611,1,31722.46875,69.05134459173286,2.5845322448202004,0.03768306785241812,2.6074972283038824,1.4695008921043717,0.55453736875637,20114.177083333332,67.56719707018657,2.4954124915113383,0.03723587616591538,1.419000514949049,0.9110455436861735,0.6303652722869348,6319_6945
1612,2,32213.56842105263,68.98521373039591,2.554671400215013,0.03707037323537982,2.6547801971076743,1.477158137021407,0.5519334203717414,20126.936842105264,67.52220252777694,2.4438509776690602,0.03624832891957384,1.433926390782556,0.8928387600077219,0.6319014997412186,6319_6945
1613,3,33700.89887640449,68.7249818448627,2.8240065539441295,0.041505820309626365,2.800686622234768,1.6755226074330252,0.5776544428668574,20866.191011235955,67.36957492354733,2.794569337323515,0.042090497379832024,1.5256390630259489,1.1184137048955562,0.6888063099819742,6319_6945
1614,4,36969.01063829787,68.72763938598449,2.432080103753454,0.035492587858769034,2.9292248472698708,1.5193514910759243,0.5175220898447527,22363.505376344085,67.54466748534331,2.3033167858226173,0.03417362470467756,1.4946026314847036,0.8632562001249795,0.5979261275576735,6319_6945
1615,5,32563.565217391304,69.07332185901836,2.4758550642008554,0.036054543464392685,2.324573537475296,1.213591075784194,0.5150622011026591,20531.07608695652,67.97920747901881,2.3887029029119633,0.03530762376268893,1.227953801233865,0.763285691866244,0.6131874875846666,6319_6945
1616,6,29756.126436781607,69.454132409664,2.54986313692553,0.03689381386743543,2.0461076387765105,1.2051373900862614,0.588152251689649,19390.220930232557,68.34343203924804,2.4051082477338492,0.03524329677019703,1.0958691210078995,0.6886066912186377,0.6443448605189852,6319_6945
1617,0,27086.954545454544,72.7784722818183,3.6881564192221172,0.05163018286726909,3.5755056133621737,2.1295170657968856,0.599527734080056,29471.31111111111,73.42033468663759,3.674521802723498,0.051407491325307336,4.306443745998007,2.8883578519884674,0.6483580975544788,8101_6488
1618,1,27455.0,72.12604072064299,4.384640316965971,0.06356759195912168,3.7536001149874254,2.593656661636042,0.6406265812492213,27147.382978723403,73.54955681064149,3.2456791738722317,0.04506856746738522,3.839371987762525,2.286932911829288,0.5986385452261095,8101_6488
1619,2,27453.136363636364,72.60926224847624,4.151578502977731,0.05811527283367009,3.618463623530167,2.45238634821615,0.6613373932497226,27720.67391304348,73.5475914934466,2.9385380573925413,0.04082096943936056,3.9554186985246953,2.360618755738284,0.5978950244969888,8101_6488
1620,3,29929.31818181818,72.73799126894595,3.331917677313392,0.047169226799769474,3.788849597494408,2.120684806272464,0.559335729120249,29012.39534883721,73.69766470677449,2.832024994293835,0.039005492714427104,4.148517739736417,2.406103337891339,0.5834691162300355,8101_6488
1621,4,31907.727272727272,73.12842984223188,2.9945109251322632,0.04200983674108323,4.074219618278794,2.3957084718673127,0.58807655893351,32850.47826086957,73.64152344480331,3.218607239706287,0.04436007809928485,4.645220056131566,2.7843681512621172,0.595977942215614,8101_6488
1622,5,29940.555555555555,74.01948114310673,2.8198801222164334,0.03880470881234584,3.472819391149831,2.063553685926278,0.5887039520178309,29554.617021276597,75.27119117751195,2.4188863501693083,0.03230542464755517,3.6521669207160232,2.27431563737286,0.6106308242030565,8101_6488
1623,6,26722.21052631579,74.73398269895398,2.9987881825217455,0.040597386716747626,3.067373985121053,2.0622426343162625,0.669190863006931,26719.54761904762,75.19873619595026,3.5459714472253294,0.04786932491969883,3.3175194958993974,2.403950570847442,0.7058895376103951,8101_6488
1624,0,,,,,,,,27086.954545454544,72.7784722818183,3.6881564192221172,0.05163018286726909,3.5755056133621737,2.1295170657968856,0.599527734080056,8095_8101
1625,1,,,,,,,,27455.0,72.12604072064299,4.384640316965971,0.06356759195912168,3.7536001149874254,2.593656661636042,0.6406265812492213,8095_8101
1626,2,,,,,,,,27453.136363636364,72.60926224847624,4.151578502977731,0.05811527283367009,3.618463623530167,2.45238634821615,0.6613373932497226,8095_8101
1627,3,,,,,,,,29929.31818181818,72.73799126894595,3.331917677313392,0.047169226799769474,3.788849597494408,2.120684806272464,0.559335729120249,8095_8101
1628,4,,,,,,,,31907.727272727272,73.12842984223188,2.9945109251322632,0.04200983674108323,4.074219618278794,2.3957084718673127,0.58807655893351,8095_8101
1629,5,,,,,,,,29940.555555555555,74.01948114310673,2.8198801222164334,0.03880470881234584,3.472819391149831,2.063553685926278,0.5887039520178309,8095_8101
1630,6,,,,,,,,26722.21052631579,74.73398269895398,2.9987881825217455,0.040597386716747626,3.067373985121053,2.0622426343162625,0.669190863006931,8095_8101
1631,0,28816.925531914894,69.86201778960647,3.7122427214648344,0.054087286745611245,3.1503801552536608,2.0411804844017114,0.6204621392151597,26215.133333333335,69.97137009452538,2.9597406123202625,0.042885420088099965,2.2876560535343184,1.3763120712637695,0.6267684407920702,8109_6321
1632,1,27650.875,69.74237294932766,3.3620332401037776,0.048621674539969906,2.8937099061240654,1.6471250182843604,0.5713047081457313,24719.333333333332,70.11787069651935,2.8924569427967803,0.041805979452898885,2.19607930295535,1.292347490490847,0.6020829808135946,8109_6321
1633,2,28176.842105263157,69.88339043548332,3.118699768201668,0.04497530678619147,2.953876745477289,1.7062060361496927,0.5769559930072822,25441.282608695652,70.07488466962938,2.894277309991165,0.04168451526773996,2.2571882276101434,1.319543808973912,0.6023587596326566,8109_6321
1634,3,29339.855555555554,69.65441050155619,3.4144708039163985,0.05209816707556414,3.21173361441964,1.9130269966862385,0.5807624404613084,26560.758620689656,70.16049643145001,2.643368121358427,0.03789448833308066,2.301538039782787,1.2641727661739346,0.5778809860429241,8109_6321
1635,4,32960.59574468085,69.8591604854605,3.2539634726618987,0.04724618303282299,3.458428117101898,1.9861743055057899,0.5716429396850451,30166.880434782608,69.9079327735858,2.7256412037154836,0.039267486104397634,2.5646809569568476,1.3948801555969517,0.5643944889791565,8109_6321
1636,5,29881.869565217392,71.45451915151824,2.840073595696245,0.03987894685683384,2.814766587953288,1.6606766726770565,0.583098417831616,27733.588888888888,70.39988105347348,2.8217798242712893,0.0402972331615808,2.119088069809693,1.1634340188717476,0.5655892458358335,8109_6321
1637,6,27566.459770114943,71.8992556153493,3.7552383190533742,0.052705559680106526,2.6504085263101063,1.8930028723511696,0.693819327427065,25558.376470588235,70.70550208916872,3.0694439222832415,0.04373639122757768,1.9173750180421738,1.227623259526222,0.6662788397897793,8109_6321
1638,0,29471.31111111111,73.42033468663759,3.674521802723498,0.051407491325307336,4.306443745998007,2.8883578519884674,0.6483580975544788,28816.925531914894,69.86201778960647,3.7122427214648344,0.054087286745611245,3.1503801552536608,2.0411804844017114,0.6204621392151597,6488_8109
1639,1,27147.382978723403,73.54955681064149,3.2456791738722317,0.04506856746738522,3.839371987762525,2.286932911829288,0.5986385452261095,27650.875,69.74237294932766,3.3620332401037776,0.048621674539969906,2.8937099061240654,1.6471250182843604,0.5713047081457313,6488_8109
1640,2,27720.67391304348,73.5475914934466,2.9385380573925413,0.04082096943936056,3.9554186985246953,2.360618755738284,0.5978950244969888,28176.842105263157,69.88339043548332,3.118699768201668,0.04497530678619147,2.953876745477289,1.7062060361496927,0.5769559930072822,6488_8109
1641,3,29012.39534883721,73.69766470677449,2.832024994293835,0.039005492714427104,4.148517739736417,2.406103337891339,0.5834691162300355,29339.855555555554,69.65441050155619,3.4144708039163985,0.05209816707556414,3.21173361441964,1.9130269966862385,0.5807624404613084,6488_8109
1642,4,32850.47826086957,73.64152344480331,3.218607239706287,0.04436007809928485,4.645220056131566,2.7843681512621172,0.595977942215614,32960.59574468085,69.8591604854605,3.2539634726618987,0.04724618303282299,3.458428117101898,1.9861743055057899,0.5716429396850451,6488_8109
1643,5,29554.617021276597,75.27119117751195,2.4188863501693083,0.03230542464755517,3.6521669207160232,2.27431563737286,0.6106308242030565,29881.869565217392,71.45451915151824,2.840073595696245,0.03987894685683384,2.814766587953288,1.6606766726770565,0.583098417831616,6488_8109
1644,6,26719.54761904762,75.19873619595026,3.5459714472253294,0.04786932491969883,3.3175194958993974,2.403950570847442,0.7058895376103951,27566.459770114943,71.8992556153493,3.7552383190533742,0.052705559680106526,2.6504085263101063,1.8930028723511696,0.693819327427065,6488_8109
1645,0,26013.51724137931,68.77515951434805,2.4030320939529433,0.03526172182943248,2.472168321020489,1.549408374766584,0.6139913598441713,25412.08510638298,75.29849732178076,2.685147429794672,0.03605167324682101,3.4394258224914624,2.2307239205551954,0.6433037772651733,7008_7061
1646,1,24521.153846153848,68.81111106720206,2.529054416425573,0.037297270395359565,2.3293448135098314,1.4436469916521195,0.5935671953117911,24103.895833333332,75.08603387942563,2.7117564881854865,0.03671047717188952,3.229242739943443,1.9403211067571624,0.603457367329539,7008_7061
1647,2,25244.922222222223,68.8249597549237,2.590517838243518,0.03820888375589897,2.3924438119741036,1.533213908579064,0.6176651192176104,24552.21052631579,75.02808660961352,2.70307213045126,0.03668666846364464,3.3440816653616703,2.022316096996604,0.6029754017368998,7008_7061
1648,3,26280.023255813954,68.95972145491872,2.2660774890954496,0.03301462886159134,2.468550272688444,1.4594019043202104,0.5893114230883304,25504.633333333335,75.00394288345893,2.763819526672233,0.03781060115906683,3.5447849552172315,2.1793039225485544,0.604481231416648,7008_7061
1649,4,29562.417582417584,68.80397373408069,2.372987683130843,0.0348949150750105,2.7410853366512784,1.6750887963530652,0.5998343751198422,29094.563829787236,75.08241332520568,2.799065876088408,0.038467592536389865,3.9854830820510476,2.5468829060679417,0.6220746778907319,7008_7061
1650,5,27682.720930232557,69.38985781123915,2.2286090316202616,0.03233821797471832,2.2301802383939786,1.329181879282973,0.5935031150684063,26802.956521739132,76.39797118609293,2.342961779996345,0.03081599731283328,3.1739387038425098,1.9408599301766802,0.6094300094383985,7008_7061
1651,6,25723.827160493827,69.65325224348862,2.547530290439876,0.036788142033059294,2.016039075891363,1.4439472700363691,0.7127106955351518,24955.55172413793,76.57957666423776,2.746518196651933,0.03633466479485747,2.95124797328695,2.269090791979754,0.7333779290557706,7008_7061
1652,0,26215.133333333335,69.97137009452538,2.9597406123202625,0.042885420088099965,2.2876560535343184,1.3763120712637695,0.6267684407920702,26013.51724137931,68.77515951434805,2.4030320939529433,0.03526172182943248,2.472168321020489,1.549408374766584,0.6139913598441713,6321_7008
1653,1,24719.333333333332,70.11787069651935,2.8924569427967803,0.041805979452898885,2.19607930295535,1.292347490490847,0.6020829808135946,24521.153846153848,68.81111106720206,2.529054416425573,0.037297270395359565,2.3293448135098314,1.4436469916521195,0.5935671953117911,6321_7008
1654,2,25441.282608695652,70.07488466962938,2.894277309991165,0.04168451526773996,2.2571882276101434,1.319543808973912,0.6023587596326566,25244.922222222223,68.8249597549237,2.590517838243518,0.03820888375589897,2.3924438119741036,1.533213908579064,0.6176651192176104,6321_7008
1655,3,26560.758620689656,70.16049643145001,2.643368121358427,0.03789448833308066,2.301538039782787,1.2641727661739346,0.5778809860429241,26280.023255813954,68.95972145491872,2.2660774890954496,0.03301462886159134,2.468550272688444,1.4594019043202104,0.5893114230883304,6321_7008
1656,4,30166.880434782608,69.9079327735858,2.7256412037154836,0.039267486104397634,2.5646809569568476,1.3948801555969517,0.5643944889791565,29562.417582417584,68.80397373408069,2.372987683130843,0.0348949150750105,2.7410853366512784,1.6750887963530652,0.5998343751198422,6321_7008
1657,5,27733.588888888888,70.39988105347348,2.8217798242712893,0.0402972331615808,2.119088069809693,1.1634340188717476,0.5655892458358335,27682.720930232557,69.38985781123915,2.2286090316202616,0.03233821797471832,2.2301802383939786,1.329181879282973,0.5935031150684063,6321_7008
1658,6,25558.376470588235,70.70550208916872,3.0694439222832415,0.04373639122757768,1.9173750180421738,1.227623259526222,0.6662788397897793,25723.827160493827,69.65325224348862,2.547530290439876,0.036788142033059294,2.016039075891363,1.4439472700363691,0.7127106955351518,6321_7008
1659,0,25412.08510638298,75.29849732178076,2.685147429794672,0.03605167324682101,3.4394258224914624,2.2307239205551954,0.6433037772651733,26102.032258064515,70.71639370374265,3.0558860438295663,0.04418116197014589,2.5061543565254962,1.5250491352227273,0.606386310907776,7061_8083
1660,1,24103.895833333332,75.08603387942563,2.7117564881854865,0.03671047717188952,3.229242739943443,1.9403211067571624,0.603457367329539,24558.263157894737,70.80036885285519,2.780867863772802,0.039896790802457345,2.3184598870187068,1.3737530616276679,0.5946526190666163,7061_8083
1661,2,24552.21052631579,75.02808660961352,2.70307213045126,0.03668666846364464,3.3440816653616703,2.022316096996604,0.6029754017368998,25226.08510638298,70.79881678768999,2.7996255506584005,0.04004864335552552,2.4057323818052643,1.3957123299661498,0.5812775515935019,7061_8083
1662,3,25504.633333333335,75.00394288345893,2.763819526672233,0.03781060115906683,3.5447849552172315,2.1793039225485544,0.604481231416648,26302.584269662922,70.93865820447763,2.6341939692092073,0.03751134079853494,2.5040583605942297,1.4863468917266032,0.5949626840914912,7061_8083
1663,4,29094.563829787236,75.08241332520568,2.799065876088408,0.038467592536389865,3.9854830820510476,2.5468829060679417,0.6220746778907319,29917.8064516129,70.99870819076675,2.5099204018318235,0.035758017755602396,2.795599909157276,1.6305049419313797,0.5844511282572611,7061_8083
1664,5,26802.956521739132,76.39797118609293,2.342961779996345,0.03081599731283328,3.1739387038425098,1.9408599301766802,0.6094300094383985,27237.846153846152,72.12971918564745,2.3970018320934576,0.03348051481288338,2.2637746510632404,1.3667342934079674,0.6023793741845633,7061_8083
1665,6,24955.55172413793,76.57957666423776,2.746518196651933,0.03633466479485747,2.95124797328695,2.269090791979754,0.7333779290557706,25250.4,72.20700098841135,3.1010548208185758,0.04353299794910173,2.0941953247319187,1.494265236031953,0.7008441289892505,7061_8083
1666,0,26102.032258064515,70.71639370374265,3.0558860438295663,0.04418116197014589,2.5061543565254962,1.5250491352227273,0.606386310907776,23011.14893617021,75.79614364960091,3.1174738013278396,0.04222909843419431,3.1037659491642873,2.05280859727681,0.6469721086011921,8083_6824
1667,1,24558.263157894737,70.80036885285519,2.780867863772802,0.039896790802457345,2.3184598870187068,1.3737530616276679,0.5946526190666163,21353.625,75.66805772196778,3.283847389410793,0.04447091675314968,2.875891591623285,1.8387745399678723,0.6206400513622677,8083_6824
1668,2,25226.08510638298,70.79881678768999,2.7996255506584005,0.04004864335552552,2.4057323818052643,1.3957123299661498,0.5812775515935019,21927.863157894735,75.76368599175855,2.9861895406116283,0.03987027341054896,2.9015675804725447,1.7241330267219714,0.5957024718289199,8083_6824
1669,3,26302.584269662922,70.93865820447763,2.6341939692092073,0.03751134079853494,2.5040583605942297,1.4863468917266032,0.5949626840914912,23214.166666666668,75.9975626424551,2.809914021180444,0.03720988457474076,3.066929479970617,1.8626857376223658,0.6086688280157853,8083_6824
1670,4,29917.8064516129,70.99870819076675,2.5099204018318235,0.035758017755602396,2.795599909157276,1.6305049419313797,0.5844511282572611,26758.202127659573,76.26588281941551,2.5185505285180767,0.033378682533222556,3.4972194950692526,2.1281878761790645,0.6048654447061428,8083_6824
1671,5,27237.846153846152,72.12971918564745,2.3970018320934576,0.03348051481288338,2.2637746510632404,1.3667342934079674,0.6023793741845633,24858.641304347828,77.18886558401233,2.3628707664519175,0.030846306386649223,2.895514154451778,1.912440861572843,0.643550290151696,8083_6824
1672,6,25250.4,72.20700098841135,3.1010548208185758,0.04353299794910173,2.0941953247319187,1.494265236031953,0.7008441289892505,22940.57471264368,77.06646588917813,2.8986876549502028,0.03845924194327928,2.6618658818146494,2.036565770524714,0.7279960300151259,8083_6824
1673,0,34245.02127659575,68.33276897957406,3.1671831181775474,0.046688892044606065,5.760748727929608,4.294362628963956,0.7435252112039046,37548.734042553195,66.91328017943803,2.917286979274392,0.04893417075824302,3.8046713906017544,2.6903426253398304,0.7064116525908369,6225_8114
1674,1,35266.62105263158,67.90060323636055,3.3473526911945144,0.04972842604671501,5.9569718024994875,4.485758745325264,0.7509657172272316,38835.231578947365,66.98566898616122,3.092839107993198,0.04858521293193833,3.8899286197526894,2.776532837193422,0.7128944436569002,6225_8114
1675,2,36074.02127659575,67.88107521531866,3.4007665379189924,0.05044890115661913,6.124297925619199,4.550711641315343,0.7415036253082954,39816.82795698925,67.12940360021052,2.877192099102295,0.04310460531754995,4.002329182952061,2.822936270804298,0.7044630762748272,6225_8114
1676,3,36173.833333333336,67.92602808935787,3.2061663631313415,0.047738374966624274,6.181113268292863,4.469460319974421,0.7213234414642454,39761.02222222222,67.10169684461319,2.8693372826137686,0.04313202590495183,4.068418976013731,2.767615320768179,0.6802918299107485,6225_8114
1677,4,38439.47872340425,68.06477251976543,3.0705120826657764,0.045281072206320105,6.400585652210261,4.264658126587959,0.6662398043503539,42083.54255319149,67.25500307516553,2.6773966895214847,0.03994261040407807,4.228853429686292,2.692200853916889,0.6369400742141361,6225_8114
1678,5,30312.054347826088,69.69402218847246,2.6788475235108686,0.038671857583402,4.539703060913823,2.8751038645001303,0.6318511543213144,32644.08695652174,68.81656029910931,2.2938054789178075,0.033443210933517695,3.161353766011498,1.9262225424513946,0.605408827294478,6225_8114
1679,6,24127.919540229886,70.41122618549406,2.8437207967987037,0.040468844154487614,3.446561124771697,2.341591380665967,0.678743207271247,25859.988372093023,69.66796658243766,2.5104547034367997,0.036182542893495,2.4751968689006176,1.6525288975321908,0.6658983886246219,6225_8114
1680,0,37548.734042553195,66.91328017943803,2.917286979274392,0.04893417075824302,3.8046713906017544,2.6903426253398304,0.7064116525908369,39052.6914893617,65.3711558362132,2.594043586268371,0.039960224334132,2.8063635094259616,2.0473229959293704,0.7274194319589022,8114_8152
1681,1,38835.231578947365,66.98566898616122,3.092839107993198,0.04858521293193833,3.8899286197526894,2.776532837193422,0.7128944436569002,40457.221052631576,65.12306070544228,2.721904471877146,0.04206410095401274,2.9222128167537402,2.118616224800284,0.7219143490605909,8114_8152
1682,2,39816.82795698925,67.12940360021052,2.877192099102295,0.04310460531754995,4.002329182952061,2.822936270804298,0.7044630762748272,40917.96808510638,65.06250034065131,2.757876166766678,0.04272059781543669,2.9906223000142784,2.1888671318022417,0.728982002551946,8114_8152
1683,3,39761.02222222222,67.10169684461319,2.8693372826137686,0.04313202590495183,4.068418976013731,2.767615320768179,0.6802918299107485,41509.269662921346,65.03791754639568,2.6833401020684966,0.04153146699644051,3.0426844831513935,2.1373370306416923,0.700850573457429,8114_8152
1684,4,42083.54255319149,67.25500307516553,2.6773966895214847,0.03994261040407807,4.228853429686292,2.692200853916889,0.6369400742141361,44097.096774193546,65.1998365504605,2.605123233469555,0.040282489188035966,3.1630508815095575,2.0552588750422474,0.6501032950576322,8114_8152
1685,5,32644.08695652174,68.81656029910931,2.2938054789178075,0.033443210933517695,3.161353766011498,1.9262225424513946,0.605408827294478,34749.47252747253,66.30132463948367,2.368474757406569,0.03584603428879833,2.2323389806817775,1.3645688328419152,0.6111474043584352,8114_8152
1686,6,25859.988372093023,69.66796658243766,2.5104547034367997,0.036182542893495,2.4751968689006176,1.6525288975321908,0.6658983886246219,27360.941860465115,66.61083186273677,2.650789012029378,0.039923900019404254,1.6831842847739094,1.1148028184757066,0.662874112571269,8114_8152
1687,0,39559.425531914894,70.08384649055603,2.877454790177577,0.04133147299761848,2.785741469330176,2.3615165934370825,0.8284496014347368,73734.62365591398,64.81417093226639,2.9941098720676256,0.046582036912666575,3.2390650905824225,2.8199026926074033,0.8468431961778906,8144_8146
1688,1,40950.927083333336,69.76713965344052,3.112851683389763,0.0448823309576889,2.875714173762795,2.3520775518006176,0.8104091573295759,76758.9052631579,64.3393407747368,3.541236267118188,0.05543987097595258,3.3830988990037145,2.9710604028555276,0.8619802301684663,8144_8146
1689,2,41701.6,69.75969194423996,2.9372003435918463,0.042258806162774526,2.9394316846415056,2.331103206408375,0.7873666345464386,76845.65263157895,64.14806255655465,3.349226107185122,0.05276898953536368,3.406443621944313,2.838817907661921,0.8237414371420976,8144_8146
1690,3,41902.71111111111,69.88489341445016,2.73595551102716,0.03932185813543794,2.966649644995113,2.3053628803617703,0.7733408531297733,77942.42222222222,64.48166290513555,2.948957850035615,0.046063056332673144,3.434614204912565,2.775395658144073,0.801779317837118,8144_8146
1691,4,43862.52127659575,70.13961566531782,2.5258971132164802,0.03620367658579713,3.0234656074614548,2.093609187256264,0.6921627281128316,84950.87234042553,64.75685121382902,2.4902888685118247,0.03867684426808073,3.521167784241304,2.4668239640262626,0.7001200354500808,8144_8146
1692,5,34058.29347826087,71.26452830805802,2.4272995898438467,0.034292256795645765,2.0894554584353684,1.399500055411257,0.6521736123016432,65959.29347826086,65.88441243722808,2.4642339631928207,0.03758899963561324,2.4141635706091398,1.5439434603371205,0.6385675165233023,8144_8146
1693,6,26433.793103448275,71.55039344672282,2.5515471923556197,0.035729614562103176,1.5072245157129713,1.0421985498016004,0.6914089717461891,50395.22988505747,66.24161699754728,2.630686095122823,0.0398483642955119,1.7716774636175099,1.23193280394558,0.6953422179033105,8144_8146
1694,0,39335.67021276596,65.63423719121099,2.6203931158871083,0.04013032823366131,3.0099538966567483,2.3635345949105906,0.7842224566240542,39951.38888888889,64.642746095246,2.744027949962594,0.042841952682918384,2.506168238437848,1.9303322776485734,0.7654475905053096,8154_6302
1695,1,41186.28421052632,65.32794250451335,2.775091977948535,0.042698018918733906,3.140842061926638,2.450064243015942,0.7765497686624931,41405.40217391304,64.471951778964,2.8038049528079876,0.04380491504699186,2.5997064273430355,1.9664433921176026,0.7533830527110306,8154_6302
1696,2,41072.21052631579,65.3245606746729,2.752095698236467,0.04235594902692481,3.1672346427490083,2.4345770707959358,0.765438701505203,42192.62637362637,64.35966884002123,2.7326527763502235,0.04269442464835889,2.6701078759191237,1.9902521767226644,0.7421456501978557,8154_6302
1697,3,42281.96629213483,65.14569869367686,2.771434017945724,0.04282834185229878,3.285262465501014,2.5051565124029476,0.7577028692799941,42312.98837209302,64.34285205574307,2.6232729230714327,0.04098011056186206,2.6791103270444228,1.9550590120316873,0.7276352322273674,8154_6302
1698,4,44214.7311827957,65.34650266871495,2.6197355913108678,0.04036630801659609,3.345629137675121,2.319545964207796,0.6931902849313292,43889.43956043956,64.30747819928474,2.6449088593003918,0.04140310444635634,2.6907321755319455,1.8149889325412611,0.6742446822754424,8154_6302
1699,5,34164.9010989011,66.43917948132732,2.277133423542432,0.03439949071142312,2.289539227982467,1.4516975521884845,0.6340215286013735,34410.31460674157,65.31197920721104,2.410106482514349,0.03718567646100472,1.8220665827812816,1.0889677330021144,0.5988623722211368,8154_6302
1700,6,26379.383720930233,66.88731133196079,2.466801635393049,0.03701233317226254,1.6644207157516606,1.135984872823177,0.683357189843402,26459.833333333332,66.02031817427739,2.608308344471002,0.03971883268117177,1.3604743828334935,0.8939866361883124,0.6581713002222562,8154_6302
1701,0,39052.6914893617,65.3711558362132,2.594043586268371,0.039960224334132,2.8063635094259616,2.0473229959293704,0.7274194319589022,39335.67021276596,65.63423719121099,2.6203931158871083,0.04013032823366131,3.0099538966567483,2.3635345949105906,0.7842224566240542,8152_8154
1702,1,40457.221052631576,65.12306070544228,2.721904471877146,0.04206410095401274,2.9222128167537402,2.118616224800284,0.7219143490605909,41186.28421052632,65.32794250451335,2.775091977948535,0.042698018918733906,3.140842061926638,2.450064243015942,0.7765497686624931,8152_8154
1703,2,40917.96808510638,65.06250034065131,2.757876166766678,0.04272059781543669,2.9906223000142784,2.1888671318022417,0.728982002551946,41072.21052631579,65.3245606746729,2.752095698236467,0.04235594902692481,3.1672346427490083,2.4345770707959358,0.765438701505203,8152_8154
1704,3,41509.269662921346,65.03791754639568,2.6833401020684966,0.04153146699644051,3.0426844831513935,2.1373370306416923,0.700850573457429,42281.96629213483,65.14569869367686,2.771434017945724,0.04282834185229878,3.285262465501014,2.5051565124029476,0.7577028692799941,8152_8154
1705,4,44097.096774193546,65.1998365504605,2.605123233469555,0.040282489188035966,3.1630508815095575,2.0552588750422474,0.6501032950576322,44214.7311827957,65.34650266871495,2.6197355913108678,0.04036630801659609,3.345629137675121,2.319545964207796,0.6931902849313292,8152_8154
1706,5,34749.47252747253,66.30132463948367,2.368474757406569,0.03584603428879833,2.2323389806817775,1.3645688328419152,0.6111474043584352,34164.9010989011,66.43917948132732,2.277133423542432,0.03439949071142312,2.289539227982467,1.4516975521884845,0.6340215286013735,8152_8154
1707,6,27360.941860465115,66.61083186273677,2.650789012029378,0.039923900019404254,1.6831842847739094,1.1148028184757066,0.662874112571269,26379.383720930233,66.88731133196079,2.466801635393049,0.03701233317226254,1.6644207157516606,1.135984872823177,0.683357189843402,8152_8154
1708,0,73734.62365591398,64.81417093226639,2.9941098720676256,0.046582036912666575,3.2390650905824225,2.8199026926074033,0.8468431961778906,41308.64367816092,68.72278673661708,3.2476927875871318,0.04768715776766509,2.824135473432892,2.7037306059791213,0.9285045543789693,8146_6068
1709,1,76758.9052631579,64.3393407747368,3.541236267118188,0.05543987097595258,3.3830988990037145,2.9710604028555276,0.8619802301684663,42926.066666666666,68.33026315721727,3.8820894706011297,0.05728835711631467,3.0092279829488606,2.8737381823628483,0.9312277314667966,8146_6068
1710,2,76845.65263157895,64.14806255655465,3.349226107185122,0.05276898953536368,3.406443621944313,2.838817907661921,0.8237414371420976,43962.8,68.29020468489277,3.623189883634826,0.05338089776667887,3.0276972039371244,2.7450845361813045,0.8919064138183102,8146_6068
1711,3,77942.42222222222,64.48166290513555,2.948957850035615,0.046063056332673144,3.434614204912565,2.775395658144073,0.801779317837118,44075.38372093023,68.43177115238979,3.446725494091566,0.050729489789732816,3.0362181338712326,2.7164225904480195,0.8797659202494371,8146_6068
1712,4,84950.87234042553,64.75685121382902,2.4902888685118247,0.03867684426808073,3.521167784241304,2.4668239640262626,0.7001200354500808,45665.56043956044,68.88861831075376,2.474976541574347,0.03611564491421579,3.039403548304559,2.14384397270864,0.708000997012102,8146_6068
1713,5,65959.29347826086,65.88441243722808,2.4642339631928207,0.03758899963561324,2.4141635706091398,1.5439434603371205,0.6385675165233023,35834.45977011494,70.04612243707864,2.5736045890584616,0.03702915539376107,2.0592696157733563,1.3904234362246972,0.6677322933460647,8146_6068
1714,6,50395.22988505747,66.24161699754728,2.630686095122823,0.0398483642955119,1.7716774636175099,1.23193280394558,0.6953422179033105,27977.060975609755,70.35151716176382,2.5152698369097615,0.03581253718774297,1.4928271474945156,1.0516665803488028,0.7064223745419833,8146_6068
1715,0,36954.71276595745,66.88161299913419,2.7330421530756293,0.04136040728751836,2.8377114062719135,2.2612071285931585,0.7900013697288412,39559.425531914894,70.08384649055603,2.877454790177577,0.04133147299761848,2.785741469330176,2.3615165934370825,0.8284496014347368,6788_8144
1716,1,38447.17894736842,66.67905148458779,2.911955189931915,0.0443490194447384,2.934403667135968,2.319366224389398,0.785368957084356,40950.927083333336,69.76713965344052,3.112851683389763,0.0448823309576889,2.875714173762795,2.3520775518006176,0.8104091573295759,6788_8144
1717,2,39413.68085106383,66.73780749693695,2.5677273582067164,0.03866492771910663,2.9953616638847906,2.2779094268078013,0.7602169263183194,41701.6,69.75969194423996,2.9372003435918463,0.042258806162774526,2.9394316846415056,2.331103206408375,0.7873666345464386,6788_8144
1718,3,39011.37777777778,66.79594680187537,2.4936111473404146,0.03752418369822479,3.013582122598798,2.253216877612126,0.7481001481904245,41902.71111111111,69.88489341445016,2.73595551102716,0.03932185813543794,2.966649644995113,2.3053628803617703,0.7733408531297733,6788_8144
1719,4,40994.6914893617,66.81040205799191,2.4628314920120595,0.037266792106088555,3.0874210922759593,2.149677268743812,0.6990552156659103,43862.52127659575,70.13961566531782,2.5258971132164802,0.03620367658579713,3.0234656074614548,2.093609187256264,0.6921627281128316,6788_8144
1720,5,32075.747252747253,67.67107721989959,2.18139142040614,0.03269561700722085,2.1388199903323457,1.360818469592994,0.6313792566125374,34058.29347826087,71.26452830805802,2.4272995898438467,0.034292256795645765,2.0894554584353684,1.399500055411257,0.6521736123016432,6788_8144
1721,6,25090.74418604651,68.18370213005257,2.316242409897889,0.0341626826360634,1.5738735038766423,1.0563462983894598,0.6724171955693997,26433.793103448275,71.55039344672282,2.5515471923556197,0.035729614562103176,1.5072245157129713,1.0421985498016004,0.6914089717461891,6788_8144
1722,0,39951.38888888889,64.642746095246,2.744027949962594,0.042841952682918384,2.506168238437848,1.9303322776485734,0.7654475905053096,36954.71276595745,66.88161299913419,2.7330421530756293,0.04136040728751836,2.8377114062719135,2.2612071285931585,0.7900013697288412,6302_6788
1723,1,41405.40217391304,64.471951778964,2.8038049528079876,0.04380491504699186,2.5997064273430355,1.9664433921176026,0.7533830527110306,38447.17894736842,66.67905148458779,2.911955189931915,0.0443490194447384,2.934403667135968,2.319366224389398,0.785368957084356,6302_6788
1724,2,42192.62637362637,64.35966884002123,2.7326527763502235,0.04269442464835889,2.6701078759191237,1.9902521767226644,0.7421456501978557,39413.68085106383,66.73780749693695,2.5677273582067164,0.03866492771910663,2.9953616638847906,2.2779094268078013,0.7602169263183194,6302_6788
1725,3,42312.98837209302,64.34285205574307,2.6232729230714327,0.04098011056186206,2.6791103270444228,1.9550590120316873,0.7276352322273674,39011.37777777778,66.79594680187537,2.4936111473404146,0.03752418369822479,3.013582122598798,2.253216877612126,0.7481001481904245,6302_6788
1726,4,43889.43956043956,64.30747819928474,2.6449088593003918,0.04140310444635634,2.6907321755319455,1.8149889325412611,0.6742446822754424,40994.6914893617,66.81040205799191,2.4628314920120595,0.037266792106088555,3.0874210922759593,2.149677268743812,0.6990552156659103,6302_6788
1727,5,34410.31460674157,65.31197920721104,2.410106482514349,0.03718567646100472,1.8220665827812816,1.0889677330021144,0.5988623722211368,32075.747252747253,67.67107721989959,2.18139142040614,0.03269561700722085,2.1388199903323457,1.360818469592994,0.6313792566125374,6302_6788
1728,6,26459.833333333332,66.02031817427739,2.608308344471002,0.03971883268117177,1.3604743828334935,0.8939866361883124,0.6581713002222562,25090.74418604651,68.18370213005257,2.316242409897889,0.0341626826360634,1.5738735038766423,1.0563462983894598,0.6724171955693997,6302_6788
1729,0,41931.82795698925,66.39166951094045,3.0317937116038736,0.04603363836618166,3.5059321260659786,3.0788513566106235,0.8589134961460245,42423.645161290326,65.98495120099444,3.9593866301187686,0.06059782759050563,2.7693461456682344,2.6500741294735937,0.9256558619053261,8208_8205
1730,1,43292.642105263156,65.80571730001886,4.0408517670334545,0.06213556203312352,3.766903164309359,3.594683001712748,0.9261734750601789,44032.37894736842,65.24400535156677,5.159824300767724,0.08015267363927837,3.029492601574472,3.2111957543799075,1.0166740985703495,8208_8205
1731,2,44532.70212765958,65.79267593795312,3.7032292242184983,0.05674275659699074,3.8194723296650235,3.4273763974429787,0.8826287665265921,45393.64893617021,65.18816309841226,5.032633019390576,0.07793050939382107,3.048296413312008,3.032481636860679,0.974187368777654,8208_8205
1732,3,44404.88888888889,65.94753176886597,3.622841924291999,0.05538022598316653,3.8455345417943585,3.409547852798529,0.8710003590252247,45215.07777777778,65.2947408217749,4.923937810300459,0.0761712362178005,3.062487072452988,3.029749951053058,0.961025792684143,8208_8205
1733,4,46716.54255319149,66.45975175908642,2.4435517141228753,0.036977184962339704,3.7887925953514925,2.6460112267918743,0.6971934390864738,47311.3085106383,66.05824011519603,3.1188345727520987,0.04766353423066027,2.944869915085372,2.2305859355701516,0.7483186574996493,8208_8205
1734,5,35693.36956521739,67.41473211853035,2.337492048245339,0.03495956734389799,2.606353395809123,1.5936473426185165,0.6076911478142634,35852.05434782609,67.22685065482405,2.2015730764427053,0.03294231790717481,1.9450391748161058,1.216688260904914,0.6239561063041845,8208_8205
1735,6,28145.22988505747,67.7967731846101,2.2390070139501397,0.03310955447226713,1.9247395673039136,1.24851920024252,0.6474682065190137,28576.116279069767,67.67879180288273,2.2980526547661055,0.03407131379471639,1.4364966260175542,0.9946547381179534,0.690125684261841,8208_8205
1736,0,42423.645161290326,65.98495120099444,3.9593866301187686,0.06059782759050563,2.7693461456682344,2.6500741294735937,0.9256558619053261,46618.87777777778,59.243837235887774,3.7745167535675925,0.06416653875770813,2.683536472893997,2.50372544965093,0.9023680366068637,8205_6294
1737,1,44032.37894736842,65.24400535156677,5.159824300767724,0.08015267363927837,3.029492601574472,3.2111957543799075,1.0166740985703495,48319.61956521739,58.65318222923619,4.691838490806822,0.08074938174372037,2.960662636618064,3.05681849531244,0.9905719513861054,8205_6294
1738,2,45393.64893617021,65.18816309841226,5.032633019390576,0.07793050939382107,3.048296413312008,3.032481636860679,0.974187368777654,48805.97802197802,58.625787891895925,4.523117959253021,0.07776211722671231,2.9646996970433617,2.8620456506558125,0.940740789471551,8205_6294
1739,3,45215.07777777778,65.2947408217749,4.923937810300459,0.0761712362178005,3.062487072452988,3.029749951053058,0.961025792684143,49137.816091954024,58.67237273472535,4.438227304091728,0.07625190519532457,2.96611210361024,2.818778151992059,0.9240620334913815,8205_6294
1740,4,47311.3085106383,66.05824011519603,3.1188345727520987,0.04766353423066027,2.944869915085372,2.2305859355701516,0.7483186574996493,51177.41758241758,59.04893939602602,3.315783244488631,0.05674218917708179,2.7854384010048077,2.1116966787550586,0.7444331342660532,8205_6294
1741,5,35852.05434782609,67.22685065482405,2.2015730764427053,0.03294231790717481,1.9450391748161058,1.216688260904914,0.6239561063041845,39689.393258426964,60.31941142785196,2.2535335871181026,0.037598052428209995,1.8498646348393937,1.0490230477098412,0.5677981517515284,8205_6294
1742,6,28576.116279069767,67.67879180288273,2.2980526547661055,0.03407131379471639,1.4364966260175542,0.9946547381179534,0.690125684261841,31223.119047619046,60.8017967088096,2.433407582201507,0.04023779310687248,1.4326115181248924,0.9797314374554893,0.6699816939144485,8205_6294
1743,0,46618.87777777778,59.243837235887774,3.7745167535675925,0.06416653875770813,2.683536472893997,2.50372544965093,0.9023680366068637,46281.882978723406,61.2840670973681,5.716356912676012,0.09423534920880178,3.9595137409667145,4.802686991658149,1.1421115420278007,6294_5905
1744,1,48319.61956521739,58.65318222923619,4.691838490806822,0.08074938174372037,2.960662636618064,3.05681849531244,0.9905719513861054,48103.260416666664,60.50575728546798,7.049895072673629,0.11820011956437947,4.490291009341731,6.063873300812187,1.2597931522894663,6294_5905
1745,2,48805.97802197802,58.625787891895925,4.523117959253021,0.07776211722671231,2.9646996970433617,2.8620456506558125,0.940740789471551,49037.15789473684,60.508736080130866,6.876983283514687,0.11493180243137956,4.440175462570293,5.665918939230869,1.2163473370705447,6294_5905
1746,3,49137.816091954024,58.67237273472535,4.438227304091728,0.07625190519532457,2.96611210361024,2.818778151992059,0.9240620334913815,49209.62222222222,60.58143294384062,6.765053931629715,0.11296109609040994,4.4504853373162225,5.577279870287207,1.1883749976494442,6294_5905
1747,4,51177.41758241758,59.04893939602602,3.315783244488631,0.05674218917708179,2.7854384010048077,2.1116966787550586,0.7444331342660532,51460.765957446805,61.485044609950876,4.609279830676125,0.07594607883565278,4.077095931232021,3.8726607481271476,0.9067947796919757,6294_5905
1748,5,39689.393258426964,60.31941142785196,2.2535335871181026,0.037598052428209995,1.8498646348393937,1.0490230477098412,0.5677981517515284,39700.315217391304,63.23159243746977,2.2324422818478094,0.03555786846591392,2.554102204621805,1.6038640045582682,0.6191158019580019,6294_5905
1749,6,31223.119047619046,60.8017967088096,2.433407582201507,0.04023779310687248,1.4326115181248924,0.9797314374554893,0.6699816939144485,31364.16091954023,63.5056856405999,2.2888790959444525,0.03618591573059569,1.896786005494105,1.2654338079270815,0.665445862572597,6294_5905
1750,0,41308.64367816092,68.72278673661708,3.2476927875871318,0.04768715776766509,2.824135473432892,2.7037306059791213,0.9285045543789693,41931.82795698925,66.39166951094045,3.0317937116038736,0.04603363836618166,3.5059321260659786,3.0788513566106235,0.8589134961460245,6068_8208
1751,1,42926.066666666666,68.33026315721727,3.8820894706011297,0.05728835711631467,3.0092279829488606,2.8737381823628483,0.9312277314667966,43292.642105263156,65.80571730001886,4.0408517670334545,0.06213556203312352,3.766903164309359,3.594683001712748,0.9261734750601789,6068_8208
1752,2,43962.8,68.29020468489277,3.623189883634826,0.05338089776667887,3.0276972039371244,2.7450845361813045,0.8919064138183102,44532.70212765958,65.79267593795312,3.7032292242184983,0.05674275659699074,3.8194723296650235,3.4273763974429787,0.8826287665265921,6068_8208
1753,3,44075.38372093023,68.43177115238979,3.446725494091566,0.050729489789732816,3.0362181338712326,2.7164225904480195,0.8797659202494371,44404.88888888889,65.94753176886597,3.622841924291999,0.05538022598316653,3.8455345417943585,3.409547852798529,0.8710003590252247,6068_8208
1754,4,45665.56043956044,68.88861831075376,2.474976541574347,0.03611564491421579,3.039403548304559,2.14384397270864,0.708000997012102,46716.54255319149,66.45975175908642,2.4435517141228753,0.036977184962339704,3.7887925953514925,2.6460112267918743,0.6971934390864738,6068_8208
1755,5,35834.45977011494,70.04612243707864,2.5736045890584616,0.03702915539376107,2.0592696157733563,1.3904234362246972,0.6677322933460647,35693.36956521739,67.41473211853035,2.337492048245339,0.03495956734389799,2.606353395809123,1.5936473426185165,0.6076911478142634,6068_8208
1756,6,27977.060975609755,70.35151716176382,2.5152698369097615,0.03581253718774297,1.4928271474945156,1.0516665803488028,0.7064223745419833,28145.22988505747,67.7967731846101,2.2390070139501397,0.03310955447226713,1.9247395673039136,1.24851920024252,0.6474682065190137,6068_8208
1757,0,93244.95698924731,64.43893091690411,7.206264414543699,0.11305153276717418,5.8375108277751036,6.892037170497314,1.1335854125541855,49377.215053763444,61.84224479060228,5.8697184919123195,0.09554345356326115,4.121540152715597,4.212096805278053,0.9927296183808515,6014_8237
1758,1,93099.3125,63.54929033844487,8.51058071566216,0.13594794322969708,6.42751346111519,7.983855377643416,1.1928943782268384,51163.37894736842,61.04295067671542,6.9413653573693495,0.11503329765249223,4.523231222175619,4.948185339444132,1.0567641833754375,6014_8237
1759,2,97453.95789473684,63.386927385973365,8.579007458558236,0.1373728392742441,6.5856127272054685,7.935608566316763,1.161762546538679,51530.42105263158,60.86224314794677,7.065341629393071,0.11728547278070982,4.663837518576737,4.9066648434578095,1.023060963408807,6014_8237
1760,3,94481.04444444444,63.523552249387606,8.440482233520354,0.13460110106214948,6.558335040628982,7.764280877196948,1.1418529447834567,51979.02247191011,60.80046765755982,7.112697373566083,0.11817188136159666,4.686389988962067,4.895998669698937,1.0152790826305003,6014_8237
1761,4,100902.59574468085,64.51496436673898,6.1748202591064345,0.09735337770988983,6.132020479037788,5.930814746230799,0.9304294726122222,54227.55319148936,61.61039938482482,5.342200762039756,0.0878935011180555,4.457938039524619,3.8641946635085995,0.8390247746579705,6014_8237
1762,5,80212.69565217392,66.94828528434164,2.232459590638511,0.033705346152933593,3.7558293840850583,2.3095073775941812,0.6123285872053387,41663.282608695656,64.1533713044241,2.1784943304814055,0.03417789208341906,2.800928208429457,1.689295904108875,0.598002681065041,6014_8237
1763,6,65035.1724137931,67.36743627018278,2.216638918146617,0.03304613781085649,2.797451306978923,1.8869050523717465,0.6727658486168572,32698.42528735632,64.88200372054459,2.2591427080220527,0.03495478280184116,2.129489219355429,1.3975069513549014,0.6522423412475168,6014_8237
1764,0,46281.882978723406,61.2840670973681,5.716356912676012,0.09423534920880178,3.9595137409667145,4.802686991658149,1.1421115420278007,93244.95698924731,64.43893091690411,7.206264414543699,0.11305153276717418,5.8375108277751036,6.892037170497314,1.1335854125541855,5905_6014
1765,1,48103.260416666664,60.50575728546798,7.049895072673629,0.11820011956437947,4.490291009341731,6.063873300812187,1.2597931522894663,93099.3125,63.54929033844487,8.51058071566216,0.13594794322969708,6.42751346111519,7.983855377643416,1.1928943782268384,5905_6014
1766,2,49037.15789473684,60.508736080130866,6.876983283514687,0.11493180243137956,4.440175462570293,5.665918939230869,1.2163473370705447,97453.95789473684,63.386927385973365,8.579007458558236,0.1373728392742441,6.5856127272054685,7.935608566316763,1.161762546538679,5905_6014
1767,3,49209.62222222222,60.58143294384062,6.765053931629715,0.11296109609040994,4.4504853373162225,5.577279870287207,1.1883749976494442,94481.04444444444,63.523552249387606,8.440482233520354,0.13460110106214948,6.558335040628982,7.764280877196948,1.1418529447834567,5905_6014
1768,4,51460.765957446805,61.485044609950876,4.609279830676125,0.07594607883565278,4.077095931232021,3.8726607481271476,0.9067947796919757,100902.59574468085,64.51496436673898,6.1748202591064345,0.09735337770988983,6.132020479037788,5.930814746230799,0.9304294726122222,5905_6014
1769,5,39700.315217391304,63.23159243746977,2.2324422818478094,0.03555786846591392,2.554102204621805,1.6038640045582682,0.6191158019580019,80212.69565217392,66.94828528434164,2.232459590638511,0.033705346152933593,3.7558293840850583,2.3095073775941812,0.6123285872053387,5905_6014
1770,6,31364.16091954023,63.5056856405999,2.2888790959444525,0.03618591573059569,1.896786005494105,1.2654338079270815,0.665445862572597,65035.1724137931,67.36743627018278,2.216638918146617,0.03304613781085649,2.797451306978923,1.8869050523717465,0.6727658486168572,5905_6014
1771,0,27044.516129032258,56.133115322717245,11.395842333857633,0.20544486300103956,9.967560983953005,5.999032254265351,0.8519227308646483,64246.22580645161,53.50635753422276,11.83859958896747,0.2239309718286355,6.771661000455963,7.6486587297114585,1.1159042722152368,8267_6679
1772,1,28127.822916666668,54.81507452416676,12.393171112006584,0.22918332587394166,10.275729463107456,6.229515085059885,0.8491628619680555,66658.36458333333,51.9952941537972,12.695086167987858,0.24720646526228826,7.447710166221623,8.36066199982182,1.1005909915740768,8267_6679
1773,2,28611.64210526316,54.78244400766768,12.169921637753403,0.2254976736969108,10.191350595915404,6.254087857708571,0.8362195337926394,67319.08421052631,51.81068183780255,12.598699931947452,0.24595025722155348,7.454726096292319,8.25656867266776,1.0870281642940887,8267_6679
1774,3,29249.433333333334,54.75750101048303,12.138421220786084,0.22496651501043208,9.95448710977032,6.3143646914060545,0.8532275457666096,70347.83333333333,51.63608462387732,12.689079557485826,0.24907446667891603,7.618888351735635,8.298087111411089,1.0712412594480145,8267_6679
1775,4,29939.197802197803,56.09029809477345,10.898537135836346,0.1973956839744586,9.75219055871651,5.7886716421368165,0.8133557762736058,69583.55319148937,52.85549640233734,11.72257592077668,0.22463421129682778,7.0256684503675855,7.457194296919423,1.041171421901606,8267_6679
1776,5,21240.477272727272,61.78177206463724,3.675402137872136,0.060356455039489325,8.113899261654637,3.151935380842233,0.4859573289555412,47778.25274725275,60.01808918029506,3.322855284506106,0.05585514055458873,3.1507613561290775,1.9366069827386747,0.5962515003769694,8267_6679
1777,6,16500.168674698794,62.48894649490518,3.879606100510731,0.06280638349142177,8.184045982811666,3.196630625485603,0.5107554885538728,40673.44047619047,61.15215257975447,3.331537209963077,0.054699242943468486,2.370443418188293,1.5810011339966896,0.6533684338924708,8267_6679
1778,0,52162.936170212764,56.199328493147114,11.14846190213321,0.20058751555223117,6.4148862316273805,7.6020900685138475,1.157034466593296,27044.516129032258,56.133115322717245,11.395842333857633,0.20544486300103956,9.967560983953005,5.999032254265351,0.8519227308646483,8248_8267
1779,1,53763.78125,54.88424808623316,12.237939353390287,0.22587311640912358,7.10647533800016,8.461864452288067,1.1644949181638233,28127.822916666668,54.81507452416676,12.393171112006584,0.22918332587394166,10.275729463107456,6.229515085059885,0.8491628619680555,8248_8267
1780,2,54669.04210526316,54.67702123673754,12.227823232672268,0.2263732082653714,7.245476844661014,8.423846449479237,1.1371570349900793,28611.64210526316,54.78244400766768,12.169921637753403,0.2254976736969108,10.191350595915404,6.254087857708571,0.8362195337926394,8248_8267
1781,3,54921.41111111111,54.4158985222099,12.447978775426579,0.23202543744136347,7.425464763102962,8.633887496155774,1.1378236877090278,29249.433333333334,54.75750101048303,12.138421220786084,0.22496651501043208,9.95448710977032,6.3143646914060545,0.8532275457666096,8248_8267
1782,4,57013.12765957447,55.78194770532375,10.654950424415821,0.19376961783464028,6.693575539175592,7.125912038016274,1.0407095351951914,29939.197802197803,56.09029809477345,10.898537135836346,0.1973956839744586,9.75219055871651,5.7886716421368165,0.8133557762736058,8248_8267
1783,5,42105.934782608696,61.674983117481226,2.9150848426108285,0.04755245575656457,3.191008455447657,1.878237217349074,0.5820931267206453,21240.477272727272,61.78177206463724,3.675402137872136,0.060356455039489325,8.113899261654637,3.151935380842233,0.4859573289555412,8248_8267
1784,6,32403.436781609194,62.945151396352806,2.8256868352422564,0.045069094138785175,2.3466008173957804,1.4401037531281247,0.6129714228648666,16500.168674698794,62.48894649490518,3.879606100510731,0.06280638349142177,8.184045982811666,3.196630625485603,0.5107554885538728,8248_8267
1785,0,50397.074468085106,58.73079657079616,10.257164098250527,0.1765595778372569,5.889657184275843,6.991595024361968,1.1549762595173934,52162.936170212764,56.199328493147114,11.14846190213321,0.20058751555223117,6.4148862316273805,7.6020900685138475,1.157034466593296,8242_8248
1786,1,51951.8125,57.511960244173764,11.59044413599249,0.20393440541113536,6.5614815931796775,7.91473413464218,1.1762297011002485,53763.78125,54.88424808623316,12.237939353390287,0.22587311640912358,7.10647533800016,8.461864452288067,1.1644949181638233,8242_8248
1787,2,52995.936842105264,57.118877971120625,11.750164709555738,0.20809190409858377,6.786405576545439,8.031876610627169,1.154352394296877,54669.04210526316,54.67702123673754,12.227823232672268,0.2263732082653714,7.245476844661014,8.423846449479237,1.1371570349900793,8242_8248
1788,3,53141.166666666664,56.866108529171946,12.001738651183665,0.213831622354053,6.9324633343105955,8.18910722113332,1.1532178243031668,54921.41111111111,54.4158985222099,12.447978775426579,0.23202543744136347,7.425464763102962,8.633887496155774,1.1378236877090278,8242_8248
1789,4,55476.52127659575,58.19202703153304,10.056518934669624,0.17541513778207596,6.269842083230919,6.769334379221444,1.0501472094500857,57013.12765957447,55.78194770532375,10.654950424415821,0.19376961783464028,6.693575539175592,7.125912038016274,1.0407095351951914,8242_8248
1790,5,41698.59782608696,62.99264202275342,3.0523046356349606,0.049195336966307755,3.1286069670354584,2.041608132782056,0.6351968160816572,42105.934782608696,61.674983117481226,2.9150848426108285,0.04755245575656457,3.191008455447657,1.878237217349074,0.5820931267206453,8242_8248
1791,6,32165.344827586207,64.18820761311962,2.5399828272025764,0.03981536776642869,2.2553699076890976,1.44958264219224,0.6398667856544727,32403.436781609194,62.945151396352806,2.8256868352422564,0.045069094138785175,2.3466008173957804,1.4401037531281247,0.6129714228648666,8242_8248
1792,0,49377.215053763444,61.84224479060228,5.8697184919123195,0.09554345356326115,4.121540152715597,4.212096805278053,0.9927296183808515,49493.82417582418,65.44741019564874,5.2169038005316954,0.08026743216710211,5.534263607225953,4.987193746260991,0.8816713911853844,8237_6011
1793,1,51163.37894736842,61.04295067671542,6.9413653573693495,0.11503329765249223,4.523231222175619,4.948185339444132,1.0567641833754375,50824.96808510638,64.43868515461904,6.615109332545524,0.10379812983498335,6.078728607148441,5.73883423332766,0.9271496668161949,8237_6011
1794,2,51530.42105263158,60.86224314794677,7.065341629393071,0.11728547278070982,4.663837518576737,4.9066648434578095,1.023060963408807,52421.913978494624,64.05595374364884,7.096510627101106,0.1122089066886906,6.35677288989652,6.00564126694443,0.9254452715228554,8237_6011
1795,3,51979.02247191011,60.80046765755982,7.112697373566083,0.11817188136159666,4.686389988962067,4.895998669698937,1.0152790826305003,51958.05617977528,64.02460959866488,7.268282983520124,0.11480852619961783,6.381733658307696,5.953125460270633,0.9123139769186769,8237_6011
1796,4,54227.55319148936,61.61039938482482,5.342200762039756,0.0878935011180555,4.457938039524619,3.8641946635085995,0.8390247746579705,54356.47826086957,64.94755386655957,5.396269455187581,0.08479300720288215,6.20837799672198,4.996908384548835,0.7827252856254142,8237_6011
1797,5,41663.282608695656,64.1533713044241,2.1784943304814055,0.03417789208341906,2.800928208429457,1.689295904108875,0.598002681065041,41325.53333333333,67.68536761945025,2.408089692683218,0.03584025287851496,3.8719115396692088,2.363827202934489,0.6012760895537391,8237_6011
1798,6,32698.42528735632,64.88200372054459,2.2591427080220527,0.03495478280184116,2.129489219355429,1.3975069513549014,0.6522423412475168,32841.623529411765,68.2105941340869,2.3028863110375712,0.033857591047021594,2.8583167785060617,1.8106374422997713,0.6325154690361513,8237_6011
1799,0,49329.967741935485,62.60072003236123,4.883869339301299,0.07880676154688825,4.079417607712683,3.856085982323611,0.9130312984054644,51469.09782608696,58.62242585690928,6.617911280533403,0.11422174017269798,4.9179989968733855,5.093793544489644,0.9992573183707537,8219_8213
1800,1,51315.38947368421,61.50186910004495,6.7699209822329465,0.11168499970814366,4.640386588878664,5.008604620420143,1.038157483106503,53028.27368421053,57.25167120008956,8.804149258420715,0.15589742386950628,5.696164726508703,6.571085416481396,1.113321028306193,8219_8213
1801,2,51857.85263157895,61.32108204825585,7.133966061753295,0.1179615289209851,4.830354921761623,5.142518910745427,1.0239542736345564,54263.57894736842,56.91864728205203,9.240569440863197,0.16450337298432852,5.952686403711076,6.73948967865948,1.097314753987737,8219_8213
1802,3,52426.3,61.07185521622504,7.59348031133507,0.12593729802495926,4.951710677300713,5.338776809501303,1.0385288965190222,54585.433333333334,56.63850462816306,9.605380099350832,0.1718229787783806,6.113122151854001,6.976022896560202,1.1055501711030034,8219_8213
1803,4,54599.234042553195,62.18234046347914,5.270448101251031,0.08636210379669017,4.588637167846841,4.054780241185832,0.8410829667170909,56673.82978723404,57.93996625615339,6.919801847239866,0.12185548384172352,5.4888209894860145,5.254824560670381,0.9164188708428048,8219_8213
1804,5,41686.27173913043,64.71030153484533,2.372722876946459,0.03701619226092395,2.834210096386777,1.7967941585177605,0.6090041849495628,42301.45054945055,61.29870472412308,2.7363284032648743,0.0453363453721047,3.1226776530684415,2.084662474124644,0.630741160647321,8219_8213
1805,6,32427.597701149425,65.33899867627021,2.131571451713619,0.03273579110948361,2.075936420654598,1.3475532996051387,0.6410565262556225,32577.197674418603,62.421208502015276,2.331940727756216,0.037476665692383115,2.2178679410316557,1.4319064122629939,0.6401919338948897,8219_8213
1806,0,51469.09782608696,58.62242585690928,6.617911280533403,0.11422174017269798,4.9179989968733855,5.093793544489644,0.9992573183707537,44646.59574468085,62.945798450515944,8.228015009378511,0.13211584729861997,5.111495584611654,5.512702693165432,1.04271349574585,8213_8169
1807,1,53028.27368421053,57.25167120008956,8.804149258420715,0.15589742386950628,5.696164726508703,6.571085416481396,1.113321028306193,46111.78125,61.57565618921751,10.273617883131672,0.1690271815694853,5.849756054051422,6.756874801696305,1.121812847012386,8213_8169
1808,2,54263.57894736842,56.91864728205203,9.240569440863197,0.16450337298432852,5.952686403711076,6.73948967865948,1.097314753987737,46400.242105263154,61.258061363394745,10.71006618389299,0.17700314279159707,6.1086346099416735,6.965557172215747,1.1059646102366434,8213_8169
1809,3,54585.433333333334,56.63850462816306,9.605380099350832,0.1718229787783806,6.113122151854001,6.976022896560202,1.1055501711030034,46874.573033707864,60.9173807962816,11.062980640442436,0.1839927952061357,6.258477013037327,7.107321565328717,1.1011224781977493,8213_8169
1810,4,56673.82978723404,57.93996625615339,6.919801847239866,0.12185548384172352,5.4888209894860145,5.254824560670381,0.9164188708428048,48324.78723404255,62.435200474320084,8.482751888523087,0.1384407615580348,5.616714345105727,5.544399699643844,0.9475904322460436,8213_8169
1811,5,42301.45054945055,61.29870472412308,2.7363284032648743,0.0453363453721047,3.1226776530684415,2.084662474124644,0.630741160647321,36004.86956521739,66.51773806713899,2.980244903210174,0.04537023291558318,3.1805888350590394,2.0123875333758474,0.6088743315711301,8213_8169
1812,6,32577.197674418603,62.421208502015276,2.331940727756216,0.037476665692383115,2.2178679410316557,1.4319064122629939,0.6401919338948897,28378.94252873563,67.34118511581522,2.5816307732427606,0.03856896604638733,2.3311781573938286,1.5008276372887412,0.6310320483750474,8213_8169
1813,0,44646.59574468085,62.945798450515944,8.228015009378511,0.13211584729861997,5.111495584611654,5.512702693165432,1.04271349574585,50397.074468085106,58.73079657079616,10.257164098250527,0.1765595778372569,5.889657184275843,6.991595024361968,1.1549762595173934,8169_8242
1814,1,46111.78125,61.57565618921751,10.273617883131672,0.1690271815694853,5.849756054051422,6.756874801696305,1.121812847012386,51951.8125,57.511960244173764,11.59044413599249,0.20393440541113536,6.5614815931796775,7.91473413464218,1.1762297011002485,8169_8242
1815,2,46400.242105263154,61.258061363394745,10.71006618389299,0.17700314279159707,6.1086346099416735,6.965557172215747,1.1059646102366434,52995.936842105264,57.118877971120625,11.750164709555738,0.20809190409858377,6.786405576545439,8.031876610627169,1.154352394296877,8169_8242
1816,3,46874.573033707864,60.9173807962816,11.062980640442436,0.1839927952061357,6.258477013037327,7.107321565328717,1.1011224781977493,53141.166666666664,56.866108529171946,12.001738651183665,0.213831622354053,6.9324633343105955,8.18910722113332,1.1532178243031668,8169_8242
1817,4,48324.78723404255,62.435200474320084,8.482751888523087,0.1384407615580348,5.616714345105727,5.544399699643844,0.9475904322460436,55476.52127659575,58.19202703153304,10.056518934669624,0.17541513778207596,6.269842083230919,6.769334379221444,1.0501472094500857,8169_8242
1818,5,36004.86956521739,66.51773806713899,2.980244903210174,0.04537023291558318,3.1805888350590394,2.0123875333758474,0.6088743315711301,41698.59782608696,62.99264202275342,3.0523046356349606,0.049195336966307755,3.1286069670354584,2.041608132782056,0.6351968160816572,8169_8242
1819,6,28378.94252873563,67.34118511581522,2.5816307732427606,0.03856896604638733,2.3311781573938286,1.5008276372887412,0.6310320483750474,32165.344827586207,64.18820761311962,2.5399828272025764,0.03981536776642869,2.2553699076890976,1.44958264219224,0.6398667856544727,8169_8242
1820,0,49493.82417582418,65.44741019564874,5.2169038005316954,0.08026743216710211,5.534263607225953,4.987193746260991,0.8816713911853844,49329.967741935485,62.60072003236123,4.883869339301299,0.07880676154688825,4.079417607712683,3.856085982323611,0.9130312984054644,6011_8219
1821,1,50824.96808510638,64.43868515461904,6.615109332545524,0.10379812983498335,6.078728607148441,5.73883423332766,0.9271496668161949,51315.38947368421,61.50186910004495,6.7699209822329465,0.11168499970814366,4.640386588878664,5.008604620420143,1.038157483106503,6011_8219
1822,2,52421.913978494624,64.05595374364884,7.096510627101106,0.1122089066886906,6.35677288989652,6.00564126694443,0.9254452715228554,51857.85263157895,61.32108204825585,7.133966061753295,0.1179615289209851,4.830354921761623,5.142518910745427,1.0239542736345564,6011_8219
1823,3,51958.05617977528,64.02460959866488,7.268282983520124,0.11480852619961783,6.381733658307696,5.953125460270633,0.9123139769186769,52426.3,61.07185521622504,7.59348031133507,0.12593729802495926,4.951710677300713,5.338776809501303,1.0385288965190222,6011_8219
1824,4,54356.47826086957,64.94755386655957,5.396269455187581,0.08479300720288215,6.20837799672198,4.996908384548835,0.7827252856254142,54599.234042553195,62.18234046347914,5.270448101251031,0.08636210379669017,4.588637167846841,4.054780241185832,0.8410829667170909,6011_8219
1825,5,41325.53333333333,67.68536761945025,2.408089692683218,0.03584025287851496,3.8719115396692088,2.363827202934489,0.6012760895537391,41686.27173913043,64.71030153484533,2.372722876946459,0.03701619226092395,2.834210096386777,1.7967941585177605,0.6090041849495628,6011_8219
1826,6,32841.623529411765,68.2105941340869,2.3028863110375712,0.033857591047021594,2.8583167785060617,1.8106374422997713,0.6325154690361513,32427.597701149425,65.33899867627021,2.131571451713619,0.03273579110948361,2.075936420654598,1.3475532996051387,0.6410565262556225,6011_8219
1827,0,36289.666666666664,63.38417304496091,3.1271659172134476,0.04971951269261353,1.9082449552080334,1.407801136519295,0.7370805442952314,77306.9574468085,64.15732730436801,2.374150004016198,0.037331314690484806,3.664247529934946,2.5955368879962037,0.7013426009726278,8315_8311
1828,1,37506.9375,63.16298847845402,3.328906716039722,0.05315181267948848,1.9865098022645276,1.4868789038427028,0.7858951011453551,80004.10416666667,63.91238533248986,2.452869371318701,0.03871771672365195,3.7441316722928435,2.6473894281042907,0.7034417813419953,8315_8311
1829,2,37667.88421052632,62.98066783067572,3.455481923642562,0.055602529601596624,2.0171990012313055,1.5524135010183795,0.7716491345294823,80444.87368421053,63.799788024610336,2.7077624691172564,0.042986669918671595,3.8646972175117673,2.807925627235029,0.7159312034804681,8315_8311
1830,3,39679.933333333334,63.16051040834657,2.799152292933875,0.04470260190031391,2.07097823393529,1.4292990886777517,0.7109915050815594,81368.27777777778,63.96074377574822,2.1601891772094035,0.034063225147093396,3.8704511492683347,2.614059976825698,0.6717359363967016,8315_8311
1831,4,39406.574468085106,63.051244198821095,2.941223651631068,0.04817234985241114,2.08694736776216,1.441443447072807,0.6858870699837555,82576.40425531915,63.87935798704442,2.430613347166509,0.03963409826200714,3.961047875915408,2.5822885908759154,0.6379973533809231,8315_8311
1832,5,26723.626373626375,63.921161341106576,2.71734766780245,0.04278266464263482,1.2691231547069708,0.636491054656081,0.5294547778137896,63135.01098901099,65.24381042578298,1.892257602631123,0.029135065045584645,2.6681003166774366,1.3046238440041056,0.4893213330525242,8315_8311
1833,6,22624.75581395349,64.08074470780095,3.136516549486557,0.04922216990473308,1.052638128710678,0.5922343336304405,0.6243189623146467,53371.0,65.64542032209232,2.062005495942676,0.03150493166805802,2.1685380926234146,1.1769302216109194,0.5421363560164401,8315_8311
1834,0,77306.9574468085,64.15732730436801,2.374150004016198,0.037331314690484806,3.664247529934946,2.5955368879962037,0.7013426009726278,71327.76344086022,66.54605219144818,2.1803403596675395,0.03291712375455779,4.151757667506897,2.8817523769636244,0.6925988797752423,8311_6252
1835,1,80004.10416666667,63.91238533248986,2.452869371318701,0.03871771672365195,3.7441316722928435,2.6473894281042907,0.7034417813419953,73071.32631578947,66.21227169820959,2.4623301628859875,0.037423765384321274,4.268285445178807,3.0476215487864495,0.7107208403414909,8311_6252
1836,2,80444.87368421053,63.799788024610336,2.7077624691172564,0.042986669918671595,3.8646972175117673,2.807925627235029,0.7159312034804681,73886.13829787234,66.07323004895566,2.653423396805198,0.04049672284721382,4.381016964817103,3.1315724133343723,0.7097361966542255,8311_6252
1837,3,81368.27777777778,63.96074377574822,2.1601891772094035,0.034063225147093396,3.8704511492683347,2.614059976825698,0.6717359363967016,74645.66292134831,66.23632425298105,2.1648230413598477,0.03284806200930199,4.388285165132478,2.9608340694741306,0.6738941758080658,8311_6252
1838,4,82576.40425531915,63.87935798704442,2.430613347166509,0.03963409826200714,3.961047875915408,2.5822885908759154,0.6379973533809231,75427.22340425532,66.41478470101387,2.193784966894809,0.033170166348508646,4.415409703678679,2.7959005537443784,0.63307874722486,8311_6252
1839,5,63135.01098901099,65.24381042578298,1.892257602631123,0.029135065045584645,2.6681003166774366,1.3046238440041056,0.4893213330525242,57903.22826086957,67.69353386168504,2.3065906131779146,0.034150992736947924,3.026842395493666,1.491503545087199,0.4935583333793247,8311_6252
1840,6,53371.0,65.64542032209232,2.062005495942676,0.03150493166805802,2.1685380926234146,1.1769302216109194,0.5421363560164401,49390.71264367816,68.06537510822973,2.419811408600095,0.03560785395810535,2.490477118463679,1.3595807468216314,0.544795174336175,8311_6252
1841,0,72195.06382978724,61.95557792062801,2.245669075405327,0.03648537712207001,4.594088585803969,2.9250102497464536,0.6361943002882813,119676.08602150538,63.32138596882939,2.292466513154548,0.036575065336400085,3.9307433357637613,2.5675412981702634,0.6497838275350142,8307_8305
1842,1,74445.90625,61.513156996084724,2.433408658982292,0.03999604050340591,4.705049809698842,3.0582283006399194,0.6447902781896352,120729.67368421053,62.983028695355856,2.2908913057182376,0.03667137369473622,3.9736446945214285,2.590118384163645,0.648421600070279,8307_8305
1843,2,75190.51578947369,61.39253554023143,2.64065516973852,0.043410477713345004,4.816568695841654,3.1466520732937875,0.6479560828908371,126018.52631578948,62.8672478207687,2.6267010193655844,0.04233088650450469,4.086076161092823,2.7368743620235425,0.6624031025039906,8307_8305
1844,3,76284.85555555555,61.526225630560084,2.1655782801259282,0.035393654481450085,4.821104765944099,2.9859753033336256,0.6180469309693827,120782.40449438202,62.95710110152225,2.180416315452842,0.0348906416044892,4.109944327857624,2.543042714765102,0.6188267235088508,8307_8305
1845,4,77909.40425531915,61.586157526471574,2.347047491985077,0.03855625839827547,4.905372020485382,2.955537712842891,0.5953787478981772,124341.86021505376,62.984576773112,2.378703413219102,0.038581811574480665,4.205918093944399,2.6142901629898736,0.6054082192005088,8307_8305
1846,5,60607.62637362637,62.85277724709466,2.0236533031292883,0.0324338906126334,3.4896002184623227,1.6183296415426653,0.4654654456049145,102162.08888888889,64.34667637826377,1.781865342209811,0.027776268086723333,2.970913642042529,1.4457173106804886,0.4871403133588595,8307_8305
1847,6,50567.90697674418,63.53828599659678,2.09519563197819,0.033220493243558746,2.83534977432509,1.4840606709701896,0.5227768115010526,87389.58823529411,64.9151684547414,2.0730776789178984,0.032114902146651574,2.4350986536661914,1.338437498311584,0.5486446649140558,8307_8305
1848,0,119676.08602150538,63.32138596882939,2.292466513154548,0.036575065336400085,3.9307433357637613,2.5675412981702634,0.6497838275350142,36289.666666666664,63.38417304496091,3.1271659172134476,0.04971951269261353,1.9082449552080334,1.407801136519295,0.7370805442952314,8305_8315
1849,1,120729.67368421053,62.983028695355856,2.2908913057182376,0.03667137369473622,3.9736446945214285,2.590118384163645,0.648421600070279,37506.9375,63.16298847845402,3.328906716039722,0.05315181267948848,1.9865098022645276,1.4868789038427028,0.7858951011453551,8305_8315
1850,2,126018.52631578948,62.8672478207687,2.6267010193655844,0.04233088650450469,4.086076161092823,2.7368743620235425,0.6624031025039906,37667.88421052632,62.98066783067572,3.455481923642562,0.055602529601596624,2.0171990012313055,1.5524135010183795,0.7716491345294823,8305_8315
1851,3,120782.40449438202,62.95710110152225,2.180416315452842,0.0348906416044892,4.109944327857624,2.543042714765102,0.6188267235088508,39679.933333333334,63.16051040834657,2.799152292933875,0.04470260190031391,2.07097823393529,1.4292990886777517,0.7109915050815594,8305_8315
1852,4,124341.86021505376,62.984576773112,2.378703413219102,0.038581811574480665,4.205918093944399,2.6142901629898736,0.6054082192005088,39406.574468085106,63.051244198821095,2.941223651631068,0.04817234985241114,2.08694736776216,1.441443447072807,0.6858870699837555,8305_8315
1853,5,102162.08888888889,64.34667637826377,1.781865342209811,0.027776268086723333,2.970913642042529,1.4457173106804886,0.4871403133588595,26723.626373626375,63.921161341106576,2.71734766780245,0.04278266464263482,1.2691231547069708,0.636491054656081,0.5294547778137896,8305_8315
1854,6,87389.58823529411,64.9151684547414,2.0730776789178984,0.032114902146651574,2.4350986536661914,1.338437498311584,0.5486446649140558,22624.75581395349,64.08074470780095,3.136516549486557,0.04922216990473308,1.052638128710678,0.5922343336304405,0.6243189623146467,8305_8315
1855,0,64246.22580645161,53.50635753422276,11.83859958896747,0.2239309718286355,6.771661000455963,7.6486587297114585,1.1159042722152368,62491.913978494624,61.266324060107294,3.492638584760058,0.057322535211849865,7.714216050662273,4.6746762435303415,0.6062855937355743,6679_6276
1856,1,66658.36458333333,51.9952941537972,12.695086167987858,0.24720646526228826,7.447710166221623,8.36066199982182,1.1005909915740768,62908.0,60.36482565319286,3.9925887864297906,0.06718776171482237,8.099797551006114,5.078987366947555,0.6233232834267984,6679_6276
1857,2,67319.08421052631,51.81068183780255,12.598699931947452,0.24595025722155348,7.454726096292319,8.25656867266776,1.0870281642940887,64119.62105263158,60.29785950830097,3.979260033500323,0.06634666172518383,8.173844872895176,5.031287428232591,0.6141573526227948,6679_6276
1858,3,70347.83333333333,51.63608462387732,12.689079557485826,0.24907446667891603,7.618888351735635,8.298087111411089,1.0712412594480145,65062.71111111111,60.3434086695592,3.716933355229248,0.06208856043585368,8.28409286125773,4.940938942004439,0.5925634817263707,6679_6276
1859,4,69583.55319148937,52.85549640233734,11.72257592077668,0.22463421129682778,7.0256684503675855,7.457194296919423,1.041171421901606,66780.25531914894,60.49606089476146,4.064738753453568,0.06816325721060552,8.350763548394182,4.808465822144478,0.5740331811590523,6679_6276
1860,5,47778.25274725275,60.01808918029506,3.322855284506106,0.05585514055458873,3.1507613561290775,1.9366069827386747,0.5962515003769694,53960.641304347824,63.04956186363582,2.8632487207887776,0.04593620269160333,6.089044281632022,3.055080968025062,0.5001992134316284,6679_6276
1861,6,40673.44047619047,61.15215257975447,3.331537209963077,0.054699242943468486,2.370443418188293,1.5810011339966896,0.6533684338924708,46608.43023255814,64.140061872506,2.722815789110357,0.042770859932556714,4.9206520798850555,2.6368716647642696,0.5332709197050087,6679_6276
1862,0,62491.913978494624,61.266324060107294,3.492638584760058,0.057322535211849865,7.714216050662273,4.6746762435303415,0.6062855937355743,72195.06382978724,61.95557792062801,2.245669075405327,0.03648537712207001,4.594088585803969,2.9250102497464536,0.6361943002882813,6276_8307
1863,1,62908.0,60.36482565319286,3.9925887864297906,0.06718776171482237,8.099797551006114,5.078987366947555,0.6233232834267984,74445.90625,61.513156996084724,2.433408658982292,0.03999604050340591,4.705049809698842,3.0582283006399194,0.6447902781896352,6276_8307
1864,2,64119.62105263158,60.29785950830097,3.979260033500323,0.06634666172518383,8.173844872895176,5.031287428232591,0.6141573526227948,75190.51578947369,61.39253554023143,2.64065516973852,0.043410477713345004,4.816568695841654,3.1466520732937875,0.6479560828908371,6276_8307
1865,3,65062.71111111111,60.3434086695592,3.716933355229248,0.06208856043585368,8.28409286125773,4.940938942004439,0.5925634817263707,76284.85555555555,61.526225630560084,2.1655782801259282,0.035393654481450085,4.821104765944099,2.9859753033336256,0.6180469309693827,6276_8307
1866,4,66780.25531914894,60.49606089476146,4.064738753453568,0.06816325721060552,8.350763548394182,4.808465822144478,0.5740331811590523,77909.40425531915,61.586157526471574,2.347047491985077,0.03855625839827547,4.905372020485382,2.955537712842891,0.5953787478981772,6276_8307
1867,5,53960.641304347824,63.04956186363582,2.8632487207887776,0.04593620269160333,6.089044281632022,3.055080968025062,0.5001992134316284,60607.62637362637,62.85277724709466,2.0236533031292883,0.0324338906126334,3.4896002184623227,1.6183296415426653,0.4654654456049145,6276_8307
1868,6,46608.43023255814,64.140061872506,2.722815789110357,0.042770859932556714,4.9206520798850555,2.6368716647642696,0.5332709197050087,50567.90697674418,63.53828599659678,2.09519563197819,0.033220493243558746,2.83534977432509,1.4840606709701896,0.5227768115010526,6276_8307
1869,0,77971.24175824175,63.88326264141241,2.3629659723515077,0.03713229522368048,3.3697701441341956,2.486750602368433,0.731341373334019,72021.51063829787,63.35537689465646,2.3718956512432956,0.03758132431300877,2.780771894016177,2.134578473416733,0.7595176684459275,8355_8348
1870,1,79724.42105263157,63.38761419778331,2.8215461877544343,0.04486778047907707,3.5594084376871065,2.7730925082902265,0.7665602544532724,74033.88541666667,62.92341930532891,2.7715377301367226,0.04437752891992188,2.908940398668802,2.3249665523628935,0.7843052863765042,8355_8348
1871,2,79986.34736842105,63.37951344790505,2.7579504003127444,0.04382834053273408,3.6145925788580073,2.7400029602889235,0.7465753139861686,74977.67368421053,62.94250161817462,2.5908684832155116,0.0414276874555922,2.956074838907809,2.2750319377464914,0.7586517010244509,8355_8348
1872,3,81307.10112359551,63.4887874060675,2.480174550682569,0.03924556821264731,3.6180287788744576,2.6161730829574794,0.7155778641244318,75621.96666666666,62.96572362614003,2.583361620576499,0.04128878332677257,2.983402526220144,2.2617504788908813,0.745504944426588,8355_8348
1873,4,81801.27659574468,63.61780230850804,2.336117786416487,0.036908404618758536,3.566311025194483,2.38699147265926,0.6667327748880744,76817.64893617021,63.1369656407141,2.189038722458815,0.03481554499291487,2.9417462228455684,1.9775337304354805,0.6682191753778578,8355_8348
1874,5,63235.65555555555,64.89537813507982,1.9990888418145225,0.030868249661051166,2.4517147505468224,1.2232782283199608,0.4985845197990848,57824.30434782609,64.23656598626305,2.2893470321765537,0.035751434895696946,1.9802309883868676,1.0060821270451825,0.505046215629258,8355_8348
1875,6,53566.23529411765,65.4211754641321,2.0072088577512366,0.030731011412884618,1.9941727690784776,1.084821220929184,0.5438362674523254,48836.08045977011,64.65732677374035,2.4114635192292853,0.03742236614185402,1.5951496620192236,0.8835932603283684,0.5527173470510401,8355_8348
1876,0,72021.51063829787,63.35537689465646,2.3718956512432956,0.03758132431300877,2.780771894016177,2.134578473416733,0.7595176684459275,,,,,,,,8348_7102
1877,1,74033.88541666667,62.92341930532891,2.7715377301367226,0.04437752891992188,2.908940398668802,2.3249665523628935,0.7843052863765042,,,,,,,,8348_7102
1878,2,74977.67368421053,62.94250161817462,2.5908684832155116,0.0414276874555922,2.956074838907809,2.2750319377464914,0.7586517010244509,,,,,,,,8348_7102
1879,3,75621.96666666666,62.96572362614003,2.583361620576499,0.04128878332677257,2.983402526220144,2.2617504788908813,0.745504944426588,,,,,,,,8348_7102
1880,4,76817.64893617021,63.1369656407141,2.189038722458815,0.03481554499291487,2.9417462228455684,1.9775337304354805,0.6682191753778578,,,,,,,,8348_7102
1881,5,57824.30434782609,64.23656598626305,2.2893470321765537,0.035751434895696946,1.9802309883868676,1.0060821270451825,0.505046215629258,,,,,,,,8348_7102
1882,6,48836.08045977011,64.65732677374035,2.4114635192292853,0.03742236614185402,1.5951496620192236,0.8835932603283684,0.5527173470510401,,,,,,,,8348_7102
1883,0,,,,,,,,55014.574468085106,61.6577147644079,2.4684052619546324,0.040157474654854745,2.9443394512695975,2.1558761260158636,0.723234669364773,7102_6309
1884,1,,,,,,,,56705.770833333336,61.350776147672626,2.790374200329754,0.045791230777274296,3.0760274475490523,2.286920397056976,0.7328134414814373,7102_6309
1885,2,,,,,,,,57028.3052631579,61.252085786116446,2.7924467501051295,0.04585709637546815,3.1305911164146893,2.255198307537251,0.71182686867404,7102_6309
1886,3,,,,,,,,57431.76666666667,61.21337025653402,2.747318012821097,0.04506398638492559,3.1513507943794346,2.2078966322086178,0.6920387471777523,7102_6309
1887,4,,,,,,,,58595.59574468085,61.337381283780786,2.2756933126345325,0.03724951512803923,3.0618786614098634,1.9108556023104777,0.6209712184397288,7102_6309
1888,5,,,,,,,,44744.217391304344,62.38258215825986,2.028222882529811,0.03261732256248793,2.11468955642215,0.9960401155682365,0.47000679478699525,7102_6309
1889,6,,,,,,,,37779.816091954024,62.91440647612955,2.183201983862513,0.03485696056610788,1.737263673037944,0.9105053137249525,0.524027754200414,7102_6309
1890,0,55014.574468085106,61.6577147644079,2.4684052619546324,0.040157474654854745,2.9443394512695975,2.1558761260158636,0.723234669364773,50854.25,67.76020180760989,3.0197279687461105,0.04510906505376323,3.230665707023307,2.7303578686788943,0.7704605350168777,6309_6301
1891,1,56705.770833333336,61.350776147672626,2.790374200329754,0.045791230777274296,3.0760274475490523,2.286920397056976,0.7328134414814373,52190.74736842105,67.49181536388171,3.1030909316676833,0.04646585333747376,3.2876226041660175,2.775989884029076,0.7572970081326175,6309_6301
1892,2,57028.3052631579,61.252085786116446,2.7924467501051295,0.04585709637546815,3.1305911164146893,2.255198307537251,0.71182686867404,52677.01052631579,67.39631622004079,3.0982882938471485,0.04660126152963991,3.3539871963688555,2.7458805637955463,0.7429377966576495,6309_6301
1893,3,57431.76666666667,61.21337025653402,2.747318012821097,0.04506398638492559,3.1513507943794346,2.2078966322086178,0.6920387471777523,53031.36666666667,67.3652998363092,3.0993257295955976,0.04676779793160075,3.4007289517398545,2.730483814490064,0.7270455198298981,6309_6301
1894,4,58595.59574468085,61.337381283780786,2.2756933126345325,0.03724951512803923,3.0618786614098634,1.9108556023104777,0.6209712184397288,53456.02127659575,67.79752841306744,2.245240970063135,0.033379697905216776,3.2354659593472372,2.2592192386831096,0.6417863265908244,6309_6301
1895,5,44744.217391304344,62.38258215825986,2.028222882529811,0.03261732256248793,2.11468955642215,0.9960401155682365,0.47000679478699525,41653.33707865168,69.03023892977053,1.8359523480851605,0.02667082444916096,2.238128053549669,1.2767035101745006,0.516390874721257,6309_6301
1896,6,37779.816091954024,62.91440647612955,2.183201983862513,0.03485696056610788,1.737263673037944,0.9105053137249525,0.524027754200414,35595.77380952381,69.50933736564974,1.9034148271939029,0.027421105440305744,1.8388574661971147,1.0700390807397744,0.5493948402615254,6309_6301
1897,0,50854.25,67.76020180760989,3.0197279687461105,0.04510906505376323,3.230665707023307,2.7303578686788943,0.7704605350168777,61121.617021276594,71.23496583407092,3.7279631768102455,0.0526875332331403,4.34088963408496,3.6798026404985142,0.8322936440629357,6301_6218
1898,1,52190.74736842105,67.49181536388171,3.1030909316676833,0.04646585333747376,3.2876226041660175,2.775989884029076,0.7572970081326175,63327.72631578947,70.7117501273066,4.127598263189234,0.05889556926891325,4.513393715734896,3.9130243305461385,0.8510993280191654,6301_6218
1899,2,52677.01052631579,67.39631622004079,3.0982882938471485,0.04660126152963991,3.3539871963688555,2.7458805637955463,0.7429377966576495,63848.063157894736,70.72834592284974,3.9269314058159766,0.05601990933423438,4.602577106851823,3.814497148006772,0.8173580491845793,6301_6218
1900,3,53031.36666666667,67.3652998363092,3.0993257295955976,0.04676779793160075,3.4007289517398545,2.730483814490064,0.7270455198298981,64521.63333333333,70.78260692750193,3.957654208644766,0.05650600651125528,4.639652420635486,3.816777926245065,0.8052924244614404,6301_6218
1901,4,53456.02127659575,67.79752841306744,2.245240970063135,0.033379697905216776,3.2354659593472372,2.2592192386831096,0.6417863265908244,65529.86170212766,71.35732385970732,2.7878810456233225,0.039277971142222014,4.506856097091569,3.2174467108550386,0.7076019744860693,6301_6218
1902,5,41653.33707865168,69.03023892977053,1.8359523480851605,0.02667082444916096,2.238128053549669,1.2767035101745006,0.516390874721257,48991.13043478261,73.0011038138945,2.174550551485882,0.02993640910457584,3.01899153357772,1.5731102448740615,0.5090566366458887,6301_6218
1903,6,35595.77380952381,69.50933736564974,1.9034148271939029,0.027421105440305744,1.8388574661971147,1.0700390807397744,0.5493948402615254,41256.6091954023,73.3712657426565,2.2787064734207294,0.03128147219444976,2.427992631696241,1.3510180101031806,0.5526930500718201,6301_6218
1904,0,71327.76344086022,66.54605219144818,2.1803403596675395,0.03291712375455779,4.151757667506897,2.8817523769636244,0.6925988797752423,71766.29787234042,66.35722486850177,2.29411487034094,0.03474270980883909,4.015770454225468,2.8952072232344754,0.7163730069990915,6252_6227
1905,1,73071.32631578947,66.21227169820959,2.4623301628859875,0.037423765384321274,4.268285445178807,3.0476215487864495,0.7107208403414909,73583.46875,65.9788990382328,2.755521376257524,0.04205171148974096,4.1734331158797175,3.1679467228660383,0.7495908867286585,6252_6227
1906,2,73886.13829787234,66.07323004895566,2.653423396805198,0.04049672284721382,4.381016964817103,3.1315724133343723,0.7097361966542255,74424.21052631579,65.857072971653,2.8837829307862246,0.04415525464615194,4.278401844584816,3.2295437970724445,0.7430164420802376,6252_6227
1907,3,74645.66292134831,66.23632425298105,2.1648230413598477,0.03284806200930199,4.388285165132478,2.9608340694741306,0.6738941758080658,75087.98888888888,66.01732924712458,2.358814835145153,0.03595539367014754,4.264162156538323,3.008238266142009,0.6996023173035457,6252_6227
1908,4,75427.22340425532,66.41478470101387,2.193784966894809,0.033170166348508646,4.415409703678679,2.7959005537443784,0.63307874722486,76279.77659574468,66.16585090285818,2.399609029013505,0.03658098933976517,4.277003032399322,2.809497628303516,0.6535498692089801,6252_6227
1909,5,57903.22826086957,67.69353386168504,2.3065906131779146,0.034150992736947924,3.026842395493666,1.491503545087199,0.4935583333793247,58145.086956521736,67.54077443860112,2.339367861802502,0.03473728313575279,2.9094964229455313,1.4423023862012658,0.49571834163366424,6252_6227
1910,6,49390.71264367816,68.06537510822973,2.419811408600095,0.03560785395810535,2.490477118463679,1.3595807468216314,0.544795174336175,49746.67816091954,67.98320767694521,2.429369874362838,0.03580135077402877,2.3634215142291137,1.2970476061824274,0.5476106481457012,6252_6227
1911,0,71766.29787234042,66.35722486850177,2.29411487034094,0.03474270980883909,4.015770454225468,2.8952072232344754,0.7163730069990915,77971.24175824175,63.88326264141241,2.3629659723515077,0.03713229522368048,3.3697701441341956,2.486750602368433,0.731341373334019,6227_8355
1912,1,73583.46875,65.9788990382328,2.755521376257524,0.04205171148974096,4.1734331158797175,3.1679467228660383,0.7495908867286585,79724.42105263157,63.38761419778331,2.8215461877544343,0.04486778047907707,3.5594084376871065,2.7730925082902265,0.7665602544532724,6227_8355
1913,2,74424.21052631579,65.857072971653,2.8837829307862246,0.04415525464615194,4.278401844584816,3.2295437970724445,0.7430164420802376,79986.34736842105,63.37951344790505,2.7579504003127444,0.04382834053273408,3.6145925788580073,2.7400029602889235,0.7465753139861686,6227_8355
1914,3,75087.98888888888,66.01732924712458,2.358814835145153,0.03595539367014754,4.264162156538323,3.008238266142009,0.6996023173035457,81307.10112359551,63.4887874060675,2.480174550682569,0.03924556821264731,3.6180287788744576,2.6161730829574794,0.7155778641244318,6227_8355
1915,4,76279.77659574468,66.16585090285818,2.399609029013505,0.03658098933976517,4.277003032399322,2.809497628303516,0.6535498692089801,81801.27659574468,63.61780230850804,2.336117786416487,0.036908404618758536,3.566311025194483,2.38699147265926,0.6667327748880744,6227_8355
1916,5,58145.086956521736,67.54077443860112,2.339367861802502,0.03473728313575279,2.9094964229455313,1.4423023862012658,0.49571834163366424,63235.65555555555,64.89537813507982,1.9990888418145225,0.030868249661051166,2.4517147505468224,1.2232782283199608,0.4985845197990848,6227_8355
1917,6,49746.67816091954,67.98320767694521,2.429369874362838,0.03580135077402877,2.3634215142291137,1.2970476061824274,0.5476106481457012,53566.23529411765,65.4211754641321,2.0072088577512366,0.030731011412884618,1.9941727690784776,1.084821220929184,0.5438362674523254,6227_8355
1918,0,66736.97849462366,65.05801356594192,2.8751481771477625,0.04443257465805353,3.0653179575752447,2.5526988408601223,0.8134168400671615,57590.28723404255,67.14440261830613,4.700182750989515,0.07060553953772196,3.5632494536283015,3.63253214350001,0.9752153084431553,8431_6232
1919,1,68775.84210526316,64.72513189785796,3.001043603516967,0.046498350509300096,3.130275104655399,2.5701838874674285,0.8126459866626197,59538.854166666664,66.66068377615177,5.34306806744966,0.08071911291372551,3.7482482169318416,3.950341352801534,1.018058243429156,8431_6232
1920,2,69624.0425531915,64.69299535854107,2.9393655967863865,0.045653906098178466,3.2097757917695797,2.551231714401532,0.7861769713884215,60619.336842105266,66.68550858658766,5.071402735318197,0.07661676854637285,3.797008212383687,3.8022253039543714,0.9707976355993988,8431_6232
1921,3,70281.11111111111,64.74317166553519,3.0307274167063776,0.04706756653599157,3.237649272704136,2.556925668791106,0.7798872338983837,60841.97777777778,66.52060923900574,5.823749660994156,0.08887261425645708,4.011491182839394,4.251488095702841,1.0074517204886237,8431_6232
1922,4,71537.1170212766,65.05313389071054,2.2882919123528103,0.03526389604305922,3.1662619870070947,2.2091619751666216,0.6946311612350531,62877.617021276594,67.45595140300682,3.354836148466379,0.05006982408678159,3.6665945659203247,2.9505222215794364,0.789742882765117,8431_6232
1923,5,53478.54347826087,66.39151983107685,1.7687752492918507,0.02668326152954824,2.118064893991989,1.0728383948008784,0.5070090848990358,47338.184782608696,69.13004693539624,1.8899817644414691,0.027384471742839735,2.3468608569956273,1.3024097823626364,0.553824919196109,8431_6232
1924,6,44960.70930232558,66.86021480207218,1.9585448421518814,0.029363916718111303,1.7133301836576418,0.9705943434132476,0.56717558184879,38831.275862068964,69.48779318057619,2.0524008071016016,0.029605729304607316,1.8295547251719242,1.1308147514363824,0.617758908740421,8431_6232
1925,0,58429.239130434784,66.13460922272422,4.208239960525767,0.06432456791227044,3.733015890379404,3.5314332799051984,0.9168871020690506,56528.65555555555,64.56192036749427,5.309424370246016,0.08264091764818035,4.010672749949987,4.436097950345322,1.0716915753493357,8412_7015
1926,1,60328.255319148935,65.57698152411284,5.033302875111634,0.07746393206559035,3.9530861949521685,3.92271346427892,0.9651896837203413,58102.17204301075,63.91855624549015,5.957514667275923,0.09370006074835985,4.287280517457737,4.881861286832875,1.0972990425211728,8412_7015
1927,2,61341.117021276594,65.71580692221643,4.72045790437217,0.07238907833633186,4.010079077303799,3.743998474519531,0.912066434335409,59344.89010989011,64.15131948606025,5.554913241845916,0.08697350138974398,4.221265741693069,4.589629547236104,1.056682006965859,8412_7015
1928,3,61973.97727272727,65.58487318394222,5.303618611741834,0.08206511128259066,4.16235014904676,4.028003012982431,0.9324634492484359,59903.73809523809,63.96629711305572,5.92967986353144,0.09314402609339555,4.382933468477636,4.883897724455589,1.0729144747696335,8412_7015
1929,4,64235.065217391304,66.43360644601402,3.035837064586482,0.04605909940673371,3.9254250600434926,2.9605774911663207,0.7448615029434752,60999.786516853936,64.83657191252713,4.1313597706163225,0.0640120233344508,4.059104293181673,3.528243207258277,0.8510277154614018,8412_7015
1930,5,48686.56179775281,68.03104959191778,1.811802424808586,0.026632271016162647,2.5962615892823493,1.4561471011312406,0.559387640023459,45901.09302325582,67.11031229069962,2.0235664815383436,0.03026833607900371,2.405811520179586,1.2449963222845555,0.5166114757360394,8412_7015
1931,6,39412.642857142855,68.45885254612979,1.9978968230058878,0.029208679803200945,2.0220778342203487,1.2573474160292701,0.6210017086936995,38128.060975609755,67.38663620054376,2.224906795171813,0.033105214454721345,1.9107752802312605,1.1319220543826993,0.5934988103805784,8412_7015
1932,0,59469.5376344086,64.90636142337162,3.349933357077068,0.052022898226683996,3.7014650766854515,3.3258603776759736,0.8724841549363573,58429.239130434784,66.13460922272422,4.208239960525767,0.06432456791227044,3.733015890379404,3.5314332799051984,0.9168871020690506,8408_8412
1933,1,61269.04210526316,64.39085081428736,4.0192084199094715,0.06280138916637246,3.874569634019326,3.637694601891327,0.9166620574227571,60328.255319148935,65.57698152411284,5.033302875111634,0.07746393206559035,3.9530861949521685,3.92271346427892,0.9651896837203413,8408_8412
1934,2,62006.97872340425,64.41700874602101,3.692953405316348,0.05772945568340195,3.9268835311451435,3.4504950031928976,0.8622352521902635,61341.117021276594,65.71580692221643,4.72045790437217,0.07238907833633186,4.010079077303799,3.743998474519531,0.912066434335409,8408_8412
1935,3,62180.688888888886,64.45826267116443,3.8380419600610494,0.06005455570654081,3.9938810319370837,3.5296477082425417,0.8646692167021756,61973.97727272727,65.58487318394222,5.303618611741834,0.08206511128259066,4.16235014904676,4.028003012982431,0.9324634492484359,8408_8412
1936,4,63357.585106382976,65.01703927646642,2.4886940717808397,0.038456924117110644,3.8211240161246165,2.792303334592051,0.7255252127960573,64235.065217391304,66.43360644601402,3.035837064586482,0.04605909940673371,3.9254250600434926,2.9605774911663207,0.7448615029434752,8408_8412
1937,5,47370.391304347824,66.42251014169423,1.8978740467371968,0.02862678470026191,2.5185678898368904,1.2987230970992811,0.5156306069591939,48686.56179775281,68.03104959191778,1.811802424808586,0.026632271016162647,2.5962615892823493,1.4561471011312406,0.559387640023459,8408_8412
1938,6,39821.862068965514,66.80271485367182,2.051760260001856,0.03079723803669938,2.02239887753385,1.1542621863092117,0.5709162128994115,39412.642857142855,68.45885254612979,1.9978968230058878,0.029208679803200945,2.0220778342203487,1.2573474160292701,0.6210017086936995,8408_8412
1939,0,67097.91489361702,66.34516052171155,3.1851417367847663,0.048247933013615844,4.0194539754584175,3.2360451578725704,0.7928187117524474,66736.97849462366,65.05801356594192,2.8751481771477625,0.04443257465805353,3.0653179575752447,2.5526988408601223,0.8134168400671615,6881_8431
1940,1,69259.8125,65.93891438758631,3.3409612275322353,0.05088013396265375,4.135467232580683,3.3179364153293562,0.7939445586211634,68775.84210526316,64.72513189785796,3.001043603516967,0.046498350509300096,3.130275104655399,2.5701838874674285,0.8126459866626197,6881_8431
1941,2,69925.43157894736,65.86820342919428,3.3381175697211347,0.050968921610306035,4.230778480432695,3.318593575329162,0.7766910022948541,69624.0425531915,64.69299535854107,2.9393655967863865,0.045653906098178466,3.2097757917695797,2.551231714401532,0.7861769713884215,6881_8431
1942,3,70525.95555555556,65.89353844455988,3.53824160875166,0.054180980761678835,4.309133722618503,3.4075389498600845,0.776905654508121,70281.11111111111,64.74317166553519,3.0307274167063776,0.04706756653599157,3.237649272704136,2.556925668791106,0.7798872338983837,6881_8431
1943,4,71740.47872340426,66.2891933330752,2.653962157327,0.04015470932124453,4.191839248820451,2.9040469469741566,0.6898619966469669,71537.1170212766,65.05313389071054,2.2882919123528103,0.03526389604305922,3.1662619870070947,2.2091619751666216,0.6946311612350531,6881_8431
1944,5,53863.22826086957,67.95542588844346,1.8630119679313124,0.027469054680900173,2.8502791262724383,1.3986713540577471,0.4907996934833117,53478.54347826087,66.39151983107685,1.7687752492918507,0.02668326152954824,2.118064893991989,1.0728383948008784,0.5070090848990358,6881_8431
1945,6,45322.9540229885,68.40890994233457,2.077426082914492,0.030492551969757264,2.3289770736098547,1.2829456590697945,0.5501561520841141,44960.70930232558,66.86021480207218,1.9585448421518814,0.029363916718111303,1.7133301836576418,0.9705943434132476,0.56717558184879,6881_8431
1946,0,61967.414893617024,67.61434427614275,3.3594215409398185,0.04997713135960147,4.270820984678992,3.6529313663927665,0.841507984190699,67097.91489361702,66.34516052171155,3.1851417367847663,0.048247933013615844,4.0194539754584175,3.2360451578725704,0.7928187117524474,6235_6881
1947,1,63833.96875,67.16261040796847,3.597690992283116,0.053921746817943435,4.4093814081269,3.789380208367714,0.8478686690783982,69259.8125,65.93891438758631,3.3409612275322353,0.05088013396265375,4.135467232580683,3.3179364153293562,0.7939445586211634,6235_6881
1948,2,64713.54736842105,67.12455737230526,3.486702154282143,0.05233222356910517,4.5186635230381125,3.77049119881098,0.8233931398027095,69925.43157894736,65.86820342919428,3.3381175697211347,0.050968921610306035,4.230778480432695,3.318593575329162,0.7766910022948541,6235_6881
1949,3,65122.555555555555,67.15772816553283,3.6718749874813525,0.055244469163091635,4.58855282779926,3.832053749478037,0.8185697826712646,70525.95555555556,65.89353844455988,3.53824160875166,0.054180980761678835,4.309133722618503,3.4075389498600845,0.776905654508121,6235_6881
1950,4,66063.81914893616,67.64257238403545,2.652126992076616,0.03939407141186326,4.460051989093972,3.267349892704611,0.7250035109489383,71740.47872340426,66.2891933330752,2.653962157327,0.04015470932124453,4.191839248820451,2.9040469469741566,0.6898619966469669,6235_6881
1951,5,49633.489130434784,69.2580386657592,2.0697723237822863,0.03003739418445693,2.954437550663607,1.615687799433513,0.5360317606678925,53863.22826086957,67.95542588844346,1.8630119679313124,0.027469054680900173,2.8502791262724383,1.3986713540577471,0.4907996934833117,6235_6881
1952,6,41981.06896551724,69.69296919756832,2.1176887175882597,0.030516795902210854,2.364340234004661,1.3697252620383116,0.5783278512294407,45322.9540229885,68.40890994233457,2.077426082914492,0.030492551969757264,2.3289770736098547,1.2829456590697945,0.5501561520841141,6235_6881
1953,0,59469.5376344086,64.90636142337162,3.349933357077068,0.052022898226683996,3.7014650766854515,3.3258603776759736,0.8724841549363573,57590.28723404255,67.14440261830613,4.700182750989515,0.07060553953772196,3.5632494536283015,3.63253214350001,0.9752153084431553,8408_6232
1954,1,61269.04210526316,64.39085081428736,4.0192084199094715,0.06280138916637246,3.874569634019326,3.637694601891327,0.9166620574227571,59538.854166666664,66.66068377615177,5.34306806744966,0.08071911291372551,3.7482482169318416,3.950341352801534,1.018058243429156,8408_6232
1955,2,62006.97872340425,64.41700874602101,3.692953405316348,0.05772945568340195,3.9268835311451435,3.4504950031928976,0.8622352521902635,60619.336842105266,66.68550858658766,5.071402735318197,0.07661676854637285,3.797008212383687,3.8022253039543714,0.9707976355993988,8408_6232
1956,3,62180.688888888886,64.45826267116443,3.8380419600610494,0.06005455570654081,3.9938810319370837,3.5296477082425417,0.8646692167021756,60841.97777777778,66.52060923900574,5.823749660994156,0.08887261425645708,4.011491182839394,4.251488095702841,1.0074517204886237,8408_6232
1957,4,63357.585106382976,65.01703927646642,2.4886940717808397,0.038456924117110644,3.8211240161246165,2.792303334592051,0.7255252127960573,62877.617021276594,67.45595140300682,3.354836148466379,0.05006982408678159,3.6665945659203247,2.9505222215794364,0.789742882765117,8408_6232
1958,5,47370.391304347824,66.42251014169423,1.8978740467371968,0.02862678470026191,2.5185678898368904,1.2987230970992811,0.5156306069591939,47338.184782608696,69.13004693539624,1.8899817644414691,0.027384471742839735,2.3468608569956273,1.3024097823626364,0.553824919196109,8408_6232
1959,6,39821.862068965514,66.80271485367182,2.051760260001856,0.03079723803669938,2.02239887753385,1.1542621863092117,0.5709162128994115,38831.275862068964,69.48779318057619,2.0524008071016016,0.029605729304607316,1.8295547251719242,1.1308147514363824,0.617758908740421,8408_6232
1960,0,61121.617021276594,71.23496583407092,3.7279631768102455,0.0526875332331403,4.34088963408496,3.6798026404985142,0.8322936440629357,61967.414893617024,67.61434427614275,3.3594215409398185,0.04997713135960147,4.270820984678992,3.6529313663927665,0.841507984190699,6218_6235
1961,1,63327.72631578947,70.7117501273066,4.127598263189234,0.05889556926891325,4.513393715734896,3.9130243305461385,0.8510993280191654,63833.96875,67.16261040796847,3.597690992283116,0.053921746817943435,4.4093814081269,3.789380208367714,0.8478686690783982,6218_6235
1962,2,63848.063157894736,70.72834592284974,3.9269314058159766,0.05601990933423438,4.602577106851823,3.814497148006772,0.8173580491845793,64713.54736842105,67.12455737230526,3.486702154282143,0.05233222356910517,4.5186635230381125,3.77049119881098,0.8233931398027095,6218_6235
1963,3,64521.63333333333,70.78260692750193,3.957654208644766,0.05650600651125528,4.639652420635486,3.816777926245065,0.8052924244614404,65122.555555555555,67.15772816553283,3.6718749874813525,0.055244469163091635,4.58855282779926,3.832053749478037,0.8185697826712646,6218_6235
1964,4,65529.86170212766,71.35732385970732,2.7878810456233225,0.039277971142222014,4.506856097091569,3.2174467108550386,0.7076019744860693,66063.81914893616,67.64257238403545,2.652126992076616,0.03939407141186326,4.460051989093972,3.267349892704611,0.7250035109489383,6218_6235
1965,5,48991.13043478261,73.0011038138945,2.174550551485882,0.02993640910457584,3.01899153357772,1.5731102448740615,0.5090566366458887,49633.489130434784,69.2580386657592,2.0697723237822863,0.03003739418445693,2.954437550663607,1.615687799433513,0.5360317606678925,6218_6235
1966,6,41256.6091954023,73.3712657426565,2.2787064734207294,0.03128147219444976,2.427992631696241,1.3510180101031806,0.5526930500718201,41981.06896551724,69.69296919756832,2.1176887175882597,0.030516795902210854,2.364340234004661,1.3697252620383116,0.5783278512294407,6218_6235
1967,0,23505.08988764045,54.278209052776006,6.750806862499645,0.12539993772648725,4.135172880858119,4.324443444439242,1.0076278580689264,29029.0,63.14535610305188,5.680114356706493,0.09086626542535553,5.03844322887105,4.7410984429490926,0.9120169220935116,8033_8027
1968,1,24060.913978494624,53.443803465871504,6.968228079002581,0.13136917051001776,4.440629227181622,4.708450578543416,1.0360358721371918,33272.083333333336,61.97232458045867,7.958156517156293,0.12917200629857106,5.899862148887156,5.619531918783444,0.9490437276573961,8033_8027
1969,2,24180.395604395606,53.40238550005779,7.010919283109464,0.13244452345492286,4.479292231324075,4.659800558018407,1.0164574582767605,33976.083333333336,62.41175745550745,6.855646510974132,0.11008568620272598,5.853050856197556,5.449487863045328,0.9259141427847765,8033_8027
1970,3,24824.840909090908,53.2496309568561,7.051808762919638,0.13312081080338997,4.579904153932279,4.722941264571004,1.0060273847389316,34332.583333333336,62.247468860229255,7.018961103364283,0.11296000471200064,5.9496914624084765,5.482678631830272,0.918246023576788,8033_8027
1971,4,25312.695652173912,54.04235028923052,5.510496180797827,0.10249540815304706,4.133417308305792,3.446702117836629,0.8174118481371957,34884.5,62.70716615560364,6.233609633391772,0.09972888225015854,5.873151905964406,5.0404562168911955,0.8501712415787015,8033_8027
1972,5,19245.6,56.312058123010075,4.3118309965680135,0.07688520103869234,2.7729577898508,1.664091340696116,0.5807523792662396,27383.090909090908,65.65717222504628,2.593042432692476,0.039495666171330567,3.864013079022548,2.2328466974617807,0.576187685659458,8033_8027
1973,6,15702.5,57.51662346719196,4.582455406418046,0.08007039920829044,2.222895756065663,1.4369397681493983,0.6334156665890777,22841.3,66.56957288714875,2.3629788271341634,0.03553578949731514,3.0584793952943863,1.8828400635656202,0.6162032396321449,8033_8027
1974,0,29029.0,63.14535610305188,5.680114356706493,0.09086626542535553,5.03844322887105,4.7410984429490926,0.9120169220935116,28263.617021276597,63.16592240090873,5.699695136732695,0.09782180500083837,6.228829748444522,4.990814929086349,0.7879018433498899,8027_6269
1975,1,33272.083333333336,61.97232458045867,7.958156517156293,0.12917200629857106,5.899862148887156,5.619531918783444,0.9490437276573961,29430.0625,62.66919643638777,6.113858610912434,0.10527947918285498,6.3937832595801565,5.111168356214457,0.8026218594246856,8027_6269
1976,2,33976.083333333336,62.41175745550745,6.855646510974132,0.11008568620272598,5.853050856197556,5.449487863045328,0.9259141427847765,29407.126315789475,62.721802452832115,5.84376496876691,0.10371462374387136,6.5385798086668485,5.185921966762326,0.7838077725770799,8027_6269
1977,3,34332.583333333336,62.247468860229255,7.018961103364283,0.11296000471200064,5.9496914624084765,5.482678631830272,0.918246023576788,29227.18888888889,62.68151881152792,5.972753869982132,0.10219589123551097,6.77089609570031,5.1589617845919005,0.7540755026386078,8027_6269
1978,4,34884.5,62.70716615560364,6.233609633391772,0.09972888225015854,5.873151905964406,5.0404562168911955,0.8501712415787015,30423.808510638297,63.42254962797244,4.906277652445627,0.07990165974548952,6.607595021864553,4.567767173922466,0.6902597409129411,8027_6269
1979,5,27383.090909090908,65.65717222504628,2.593042432692476,0.039495666171330567,3.864013079022548,2.2328466974617807,0.576187685659458,23947.91304347826,65.54164495281236,3.425657883137336,0.059581215609974765,4.75457579473239,2.9221381443784025,0.6019260221573599,8027_6269
1980,6,22841.3,66.56957288714875,2.3629788271341634,0.03553578949731514,3.0584793952943863,1.8828400635656202,0.6162032396321449,19735.80459770115,66.19215676146192,3.5442475365022235,0.05960667121242616,3.7993505276414727,2.4234504195679705,0.6361572299308963,8027_6269
1981,0,30405.510638297874,63.021674642904394,3.502480996891404,0.05616888130637772,4.2535295590693964,3.0347099042605388,0.7050733160440621,30319.127659574468,63.65588866676134,3.452461030584526,0.05460955992401791,3.2219163471685053,2.154804798966516,0.6618787199635777,8009_6303
1982,1,31898.26595744681,62.48585030792414,3.709705572132108,0.05973851661532167,4.400099894827587,3.1873847452889774,0.7162261857482718,31527.64210526316,63.32589169923237,3.6745894959253986,0.058283083786737765,3.3602842484639464,2.282626794031218,0.6699569895339823,8009_6303
1983,2,31960.02105263158,62.691116063766124,3.5578306587364392,0.05751552734864403,4.471535603582559,3.1922541080761144,0.7051351431459156,31783.58947368421,63.348835213449945,3.6495021662642193,0.05809530806667557,3.404546196636981,2.2618809533792517,0.6570796897562629,8009_6303
1984,3,32087.7,62.63943745589,3.6364683419534485,0.058743499676408906,4.532183747331729,3.1349536373073135,0.6861570034499499,31879.366666666665,63.32716738003295,3.6086909190014524,0.05737338303730188,3.4008997994003387,2.2088860309023266,0.6420067200873725,8009_6303
1985,4,33041.90425531915,63.09499734582826,3.070434359495325,0.04903317337913458,4.430815629614531,2.787998722326072,0.6257238027285362,32661.659574468085,63.47552980229605,3.263621904613724,0.05175761640967033,3.27807904126528,1.9519318429752073,0.5909828674510796,8009_6303
1986,5,25533.228260869564,64.802220651911,2.34019154815464,0.03630294284892915,3.314126285720369,1.740882064092987,0.5242881256661569,25319.32608695652,64.92791235701537,2.6239367770023763,0.040547555222662963,2.3316811393730488,1.1501656451342612,0.4913311705863748,8009_6303
1987,6,21300.6511627907,65.42471236748992,2.621238402089326,0.04032325094396276,2.71684079746691,1.5708140100504075,0.5748286861558496,21280.081395348836,65.63573368235204,2.8623260018342966,0.0437951618094996,1.9291760730674803,1.0918810398029872,0.5598958133146372,8009_6303
1988,0,56528.65555555555,64.56192036749427,5.309424370246016,0.08264091764818035,4.010672749949987,4.436097950345322,1.0716915753493357,23505.08988764045,54.278209052776006,6.750806862499645,0.12539993772648725,4.135172880858119,4.324443444439242,1.0076278580689264,7015_8033
1989,1,58102.17204301075,63.91855624549015,5.957514667275923,0.09370006074835985,4.287280517457737,4.881861286832875,1.0972990425211728,24060.913978494624,53.443803465871504,6.968228079002581,0.13136917051001776,4.440629227181622,4.708450578543416,1.0360358721371918,7015_8033
1990,2,59344.89010989011,64.15131948606025,5.554913241845916,0.08697350138974398,4.221265741693069,4.589629547236104,1.056682006965859,24180.395604395606,53.40238550005779,7.010919283109464,0.13244452345492286,4.479292231324075,4.659800558018407,1.0164574582767605,7015_8033
1991,3,59903.73809523809,63.96629711305572,5.92967986353144,0.09314402609339555,4.382933468477636,4.883897724455589,1.0729144747696335,24824.840909090908,53.2496309568561,7.051808762919638,0.13312081080338997,4.579904153932279,4.722941264571004,1.0060273847389316,7015_8033
1992,4,60999.786516853936,64.83657191252713,4.1313597706163225,0.0640120233344508,4.059104293181673,3.528243207258277,0.8510277154614018,25312.695652173912,54.04235028923052,5.510496180797827,0.10249540815304706,4.133417308305792,3.446702117836629,0.8174118481371957,7015_8033
1993,5,45901.09302325582,67.11031229069962,2.0235664815383436,0.03026833607900371,2.405811520179586,1.2449963222845555,0.5166114757360394,19245.6,56.312058123010075,4.3118309965680135,0.07688520103869234,2.7729577898508,1.664091340696116,0.5807523792662396,7015_8033
1994,6,38128.060975609755,67.38663620054376,2.224906795171813,0.033105214454721345,1.9107752802312605,1.1319220543826993,0.5934988103805784,15702.5,57.51662346719196,4.582455406418046,0.08007039920829044,2.222895756065663,1.4369397681493983,0.6334156665890777,7015_8033
1995,0,30319.127659574468,63.65588866676134,3.452461030584526,0.05460955992401791,3.2219163471685053,2.154804798966516,0.6618787199635777,35990.290322580644,64.44749594561107,3.0292159695281557,0.04759504486214508,3.7016506326993683,2.740185152576295,0.7311428458051845,6303_6305
1996,1,31527.64210526316,63.32589169923237,3.6745894959253986,0.058283083786737765,3.3602842484639464,2.282626794031218,0.6699569895339823,37330.4,64.0624106452796,3.446521006529488,0.05441028977054887,3.895353857434827,2.9518974707176353,0.7483219553124307,6303_6305
1997,2,31783.58947368421,63.348835213449945,3.6495021662642193,0.05809530806667557,3.404546196636981,2.2618809533792517,0.6570796897562629,37367.62105263158,64.19397365092337,3.352805042178099,0.052814557628108105,3.945969242976565,2.9178384355523916,0.731831475172513,6303_6305
1998,3,31879.366666666665,63.32716738003295,3.6086909190014524,0.05737338303730188,3.4008997994003387,2.2088860309023266,0.6420067200873725,37858.933333333334,64.25333436290137,3.2718217999966623,0.05148605188542774,3.9688519209029,2.8460687604213515,0.7094709834294768,6303_6305
1999,4,32661.659574468085,63.47552980229605,3.263621904613724,0.05175761640967033,3.27807904126528,1.9519318429752073,0.5909828674510796,39428.94680851064,64.47183130899948,2.6688803552344864,0.04165776189699777,3.972411556551554,2.5604219838972764,0.6435210426024924,6303_6305
2000,5,25319.32608695652,64.92791235701537,2.6239367770023763,0.040547555222662963,2.3316811393730488,1.1501656451342612,0.4913311705863748,30667.543478260868,65.80784597353998,2.3148708012605876,0.03534624101879835,2.8201940720544876,1.601945915552189,0.5662997696140188,6303_6305
2001,6,21280.081395348836,65.63573368235204,2.8623260018342966,0.0437951618094996,1.9291760730674803,1.0918810398029872,0.5598958133146372,24591.908045977012,66.46206643771748,2.544310596309214,0.03848021844850625,2.180045970347094,1.3654820270248982,0.6256196979663825,6303_6305
2002,0,28263.617021276597,63.16592240090873,5.699695136732695,0.09782180500083837,6.228829748444522,4.990814929086349,0.7879018433498899,30405.510638297874,63.021674642904394,3.502480996891404,0.05616888130637772,4.2535295590693964,3.0347099042605388,0.7050733160440621,6269_8009
2003,1,29430.0625,62.66919643638777,6.113858610912434,0.10527947918285498,6.3937832595801565,5.111168356214457,0.8026218594246856,31898.26595744681,62.48585030792414,3.709705572132108,0.05973851661532167,4.400099894827587,3.1873847452889774,0.7162261857482718,6269_8009
2004,2,29407.126315789475,62.721802452832115,5.84376496876691,0.10371462374387136,6.5385798086668485,5.185921966762326,0.7838077725770799,31960.02105263158,62.691116063766124,3.5578306587364392,0.05751552734864403,4.471535603582559,3.1922541080761144,0.7051351431459156,6269_8009
2005,3,29227.18888888889,62.68151881152792,5.972753869982132,0.10219589123551097,6.77089609570031,5.1589617845919005,0.7540755026386078,32087.7,62.63943745589,3.6364683419534485,0.058743499676408906,4.532183747331729,3.1349536373073135,0.6861570034499499,6269_8009
2006,4,30423.808510638297,63.42254962797244,4.906277652445627,0.07990165974548952,6.607595021864553,4.567767173922466,0.6902597409129411,33041.90425531915,63.09499734582826,3.070434359495325,0.04903317337913458,4.430815629614531,2.787998722326072,0.6257238027285362,6269_8009
2007,5,23947.91304347826,65.54164495281236,3.425657883137336,0.059581215609974765,4.75457579473239,2.9221381443784025,0.6019260221573599,25533.228260869564,64.802220651911,2.34019154815464,0.03630294284892915,3.314126285720369,1.740882064092987,0.5242881256661569,6269_8009
2008,6,19735.80459770115,66.19215676146192,3.5442475365022235,0.05960667121242616,3.7993505276414727,2.4234504195679705,0.6361572299308963,21300.6511627907,65.42471236748992,2.621238402089326,0.04032325094396276,2.71684079746691,1.5708140100504075,0.5748286861558496,6269_8009
2009,0,31521.382978723403,64.37056921483914,2.9924049635646104,0.046894327109492574,3.207746178353522,2.4271050361876223,0.7403901803236764,30348.25806451613,65.84964607966432,3.788560827213395,0.058083236055193985,3.455675424794614,2.6335094279066906,0.749303234431408,8077_8070
2010,1,32480.354166666668,64.14534990395383,3.3085502235054083,0.05179510693836294,3.3325324250116584,2.6080424192798124,0.7655080488092327,31463.08510638298,65.3183033826846,4.3837916446020335,0.06792323086632014,3.6053090073408454,2.832810133133052,0.7655381847154517,8077_8070
2011,2,32735.936842105264,64.06994475716024,3.129500664082552,0.049176490320384326,3.350641755248773,2.4237159445246443,0.7199433022873671,32198.63157894737,65.16430587461946,4.038865109290005,0.06261709687938655,3.664253669883732,2.6294730530750785,0.7126246791030785,8077_8070
2012,3,32917.188888888886,64.1498612060437,3.1036722395018237,0.04881805310652957,3.420749481721909,2.5072684017873206,0.7219459419935652,32212.98888888889,65.24839893315868,4.111950466246955,0.06359240862993326,3.7179328861708694,2.7188159737513202,0.7188691277234097,8077_8070
2013,4,33892.085106382976,64.48446271620489,2.7486221589301265,0.04298157821750358,3.3759765890008016,2.24549706528843,0.6613072565628993,33176.0,65.92472399912677,3.2466756590694503,0.04952847509415203,3.722820181574572,2.418822332271262,0.6476787578208688,8077_8070
2014,5,26369.92391304348,66.10921331514596,2.3298580342836344,0.0352944276525011,2.397320467166534,1.3251921721656645,0.5525844797853207,26107.0,68.39535585989965,2.5475349732475494,0.03728711319328161,2.783577281792106,1.5646553395050844,0.5600884481744847,8077_8070
2015,6,21925.850574712644,66.59027343439692,2.635754677622572,0.03971205365518832,1.9169124814208327,1.2073787697080385,0.62735692295148,21397.767441860466,69.10086529525533,2.8895369623261185,0.041914100583301195,2.22760699749961,1.3999311467340716,0.624820981851282,8077_8070
2016,0,30348.25806451613,65.84964607966432,3.788560827213395,0.058083236055193985,3.455675424794614,2.6335094279066906,0.749303234431408,127703.44827586207,63.62158131445914,3.7840510446143734,0.05975477677673088,4.984816256556242,3.9810667844968846,0.7942701433499801,8070_6690
2017,1,31463.08510638298,65.3183033826846,4.3837916446020335,0.06792323086632014,3.6053090073408454,2.832810133133052,0.7655381847154517,137038.8620689655,63.00911216514243,4.473114787992672,0.07128563636300066,5.3601764443996185,4.3421062821852745,0.8092961475038508,8070_6690
2018,2,32198.63157894737,65.16430587461946,4.038865109290005,0.06261709687938655,3.664253669883732,2.6294730530750785,0.7126246791030785,138220.3448275862,63.10212221768347,3.9566300316094027,0.06295060209845325,5.316068323847215,4.1136684699623665,0.7694233191722355,8070_6690
2019,3,32212.98888888889,65.24839893315868,4.111950466246955,0.06359240862993326,3.7179328861708694,2.7188159737513202,0.7188691277234097,138126.37931034484,62.89277604498402,4.428588071899732,0.07068855099801559,5.470502218216685,4.354799086109156,0.7945875380450436,8070_6690
2020,4,33176.0,65.92472399912677,3.2466756590694503,0.04952847509415203,3.722820181574572,2.418822332271262,0.6476787578208688,141465.58620689655,63.36672128190974,3.6771808449528245,0.05819191349604122,5.391698690984677,3.9444279647703278,0.7323529793357745,8070_6690
2021,5,26107.0,68.39535585989965,2.5475349732475494,0.03728711319328161,2.783577281792106,1.5646553395050844,0.5600884481744847,111078.6,65.58863624807685,2.5804534320901307,0.039379019221964795,3.744372798932418,2.2942245886747856,0.6128061679153619,8070_6690
2022,6,21397.767441860466,69.10086529525533,2.8895369623261185,0.041914100583301195,2.22760699749961,1.3999311467340716,0.624820981851282,94912.88,66.49727644602146,2.758223348687035,0.04152720834651042,2.9208948057038735,2.0087109505824325,0.6883201970494873,8070_6690
2023,0,26936.473684210527,63.11466038282284,3.8074349154287424,0.06079891594095649,2.785681632394172,2.2959180915408623,0.8130679429562424,19182.290322580644,59.87488227196287,2.3503173851682004,0.03946942508226324,2.8057270608821936,2.187614437299729,0.7598078902046829,8041_6970
2024,1,28684.38157894737,62.655546147012714,3.916027330560412,0.06264330766739298,2.9189268720785955,2.3605529913046843,0.8047063546729137,19992.44210526316,59.74822252603419,2.510400247213588,0.04216600552906775,2.903163612518242,2.2550749555294414,0.7599372127853826,8041_6970
2025,2,28670.4,62.52961056616042,3.743138208792367,0.060021033576830994,2.9283823595376277,2.2321302059538524,0.7626101219761039,20026.063157894736,59.78364519519863,2.335152618761733,0.03914053714103489,2.913536395557248,2.1209955917922105,0.7266835730297545,8041_6970
2026,3,29338.183098591548,62.46467561029213,3.896588906843835,0.06277158425241851,3.0100028184913756,2.2718090557738564,0.7526350392573906,19871.233333333334,59.790137436334426,2.373506485975761,0.04008665954462291,2.9735647449082054,2.2520424093182174,0.7329902229312574,8041_6970
2027,4,30260.095890410958,62.986191081633265,3.427731488365294,0.054507700832415726,3.002075816506879,2.111149659839247,0.6974705636194198,20067.72340425532,60.196500147841675,2.136501689244617,0.03552906301946923,2.876890155911129,1.8948081027254686,0.6600872736613776,8041_6970
2028,5,22809.4,65.05231700326453,2.839907609786285,0.04360572963774253,1.9872491669289343,1.1901050047706452,0.5970528967161356,14624.021978021978,60.99844843298394,2.261223073200813,0.037151106839805416,1.936001617413258,1.0520649609449222,0.5436959432370309,8041_6970
2029,6,18791.582089552237,65.91757491533224,3.0890648401376035,0.046885043049606175,1.5659779154728173,1.1008175527703163,0.6937636016898959,12229.388235294118,61.160578211221775,2.462035968634332,0.04033297193788057,1.551538634964425,0.9146774615018302,0.5912736450805629,8041_6970
2030,0,127703.44827586207,63.62158131445914,3.7840510446143734,0.05975477677673088,4.984816256556242,3.9810667844968846,0.7942701433499801,26936.473684210527,63.11466038282284,3.8074349154287424,0.06079891594095649,2.785681632394172,2.2959180915408623,0.8130679429562424,6690_8041
2031,1,137038.8620689655,63.00911216514243,4.473114787992672,0.07128563636300066,5.3601764443996185,4.3421062821852745,0.8092961475038508,28684.38157894737,62.655546147012714,3.916027330560412,0.06264330766739298,2.9189268720785955,2.3605529913046843,0.8047063546729137,6690_8041
2032,2,138220.3448275862,63.10212221768347,3.9566300316094027,0.06295060209845325,5.316068323847215,4.1136684699623665,0.7694233191722355,28670.4,62.52961056616042,3.743138208792367,0.060021033576830994,2.9283823595376277,2.2321302059538524,0.7626101219761039,6690_8041
2033,3,138126.37931034484,62.89277604498402,4.428588071899732,0.07068855099801559,5.470502218216685,4.354799086109156,0.7945875380450436,29338.183098591548,62.46467561029213,3.896588906843835,0.06277158425241851,3.0100028184913756,2.2718090557738564,0.7526350392573906,6690_8041
2034,4,141465.58620689655,63.36672128190974,3.6771808449528245,0.05819191349604122,5.391698690984677,3.9444279647703278,0.7323529793357745,30260.095890410958,62.986191081633265,3.427731488365294,0.054507700832415726,3.002075816506879,2.111149659839247,0.6974705636194198,6690_8041
2035,5,111078.6,65.58863624807685,2.5804534320901307,0.039379019221964795,3.744372798932418,2.2942245886747856,0.6128061679153619,22809.4,65.05231700326453,2.839907609786285,0.04360572963774253,1.9872491669289343,1.1901050047706452,0.5970528967161356,6690_8041
2036,6,94912.88,66.49727644602146,2.758223348687035,0.04152720834651042,2.9208948057038735,2.0087109505824325,0.6883201970494873,18791.582089552237,65.91757491533224,3.0890648401376035,0.046885043049606175,1.5659779154728173,1.1008175527703163,0.6937636016898959,6690_8041
2037,0,35990.290322580644,64.44749594561107,3.0292159695281557,0.04759504486214508,3.7016506326993683,2.740185152576295,0.7311428458051845,31521.382978723403,64.37056921483914,2.9924049635646104,0.046894327109492574,3.207746178353522,2.4271050361876223,0.7403901803236764,6305_8077
2038,1,37330.4,64.0624106452796,3.446521006529488,0.05441028977054887,3.895353857434827,2.9518974707176353,0.7483219553124307,32480.354166666668,64.14534990395383,3.3085502235054083,0.05179510693836294,3.3325324250116584,2.6080424192798124,0.7655080488092327,6305_8077
2039,2,37367.62105263158,64.19397365092337,3.352805042178099,0.052814557628108105,3.945969242976565,2.9178384355523916,0.731831475172513,32735.936842105264,64.06994475716024,3.129500664082552,0.049176490320384326,3.350641755248773,2.4237159445246443,0.7199433022873671,6305_8077
2040,3,37858.933333333334,64.25333436290137,3.2718217999966623,0.05148605188542774,3.9688519209029,2.8460687604213515,0.7094709834294768,32917.188888888886,64.1498612060437,3.1036722395018237,0.04881805310652957,3.420749481721909,2.5072684017873206,0.7219459419935652,6305_8077
2041,4,39428.94680851064,64.47183130899948,2.6688803552344864,0.04165776189699777,3.972411556551554,2.5604219838972764,0.6435210426024924,33892.085106382976,64.48446271620489,2.7486221589301265,0.04298157821750358,3.3759765890008016,2.24549706528843,0.6613072565628993,6305_8077
2042,5,30667.543478260868,65.80784597353998,2.3148708012605876,0.03534624101879835,2.8201940720544876,1.601945915552189,0.5662997696140188,26369.92391304348,66.10921331514596,2.3298580342836344,0.0352944276525011,2.397320467166534,1.3251921721656645,0.5525844797853207,6305_8077
2043,6,24591.908045977012,66.46206643771748,2.544310596309214,0.03848021844850625,2.180045970347094,1.3654820270248982,0.6256196979663825,21925.850574712644,66.59027343439692,2.635754677622572,0.03971205365518832,1.9169124814208327,1.2073787697080385,0.62735692295148,6305_8077
2044,0,19182.290322580644,59.87488227196287,2.3503173851682004,0.03946942508226324,2.8057270608821936,2.187614437299729,0.7598078902046829,19185.159574468085,61.09045202579447,2.864398521757171,0.04706577779912294,1.2334489795295345,1.1046276803775412,0.8515122077333881,6970_8174
2045,1,19992.44210526316,59.74822252603419,2.510400247213588,0.04216600552906775,2.903163612518242,2.2550749555294414,0.7599372127853826,20082.770833333332,60.88183730111967,3.166648750538456,0.05223934538260606,1.3160651349017958,1.2398280712669811,0.8926902353400928,6970_8174
2046,2,20026.063157894736,59.78364519519863,2.335152618761733,0.03914053714103489,2.913536395557248,2.1209955917922105,0.7266835730297545,20041.01052631579,60.918613946531764,3.074743444776006,0.05065637066254447,1.2859995303654226,1.1677998857675274,0.8831161477898403,6970_8174
2047,3,19871.233333333334,59.790137436334426,2.373506485975761,0.04008665954462291,2.9735647449082054,2.2520424093182174,0.7329902229312574,20002.83146067416,61.034972810359946,2.9475568485905503,0.04852644794576265,1.3228876492082042,1.1702956588475883,0.8343139343013589,6970_8174
2048,4,20067.72340425532,60.196500147841675,2.136501689244617,0.03552906301946923,2.876890155911129,1.8948081027254686,0.6600872736613776,20201.989247311827,61.36619331759289,2.7027886545112474,0.04408637489249373,1.2399438490197334,0.924481918536947,0.7341911809771281,6970_8174
2049,5,14624.021978021978,60.99844843298394,2.261223073200813,0.037151106839805416,1.936001617413258,1.0520649609449222,0.5436959432370309,14776.747252747253,61.83854435189663,2.651969663241266,0.04290700595006094,0.8388930383904347,0.45718178716621516,0.5500506911341035,6970_8174
2050,6,12229.388235294118,61.160578211221775,2.462035968634332,0.04033297193788057,1.551538634964425,0.9146774615018302,0.5912736450805629,12317.151162790698,61.92178102821096,2.8520463460251473,0.04618655986057435,0.6943854396856332,0.4544063813624201,0.6179065969134142,6970_8174
2051,0,18635.84946236559,63.39061361936135,2.4921989725728544,0.03934084115368628,1.6675638802162098,1.2453908504316147,0.7440527331827432,18668.43010752688,64.61662680377579,3.0097765018272966,0.04675645555365808,2.8651314922195366,2.2714353425660425,0.7639915686100075,8178_6921
2052,1,19456.395833333332,63.38704485526827,2.548241910632719,0.04023037660640864,1.753944103314265,1.313667650081683,0.7454008969772289,19671.43157894737,64.57974296241316,3.147221729210097,0.04891377592419647,2.9873936983302087,2.3381543676631047,0.7647529788527165,8178_6921
2053,2,19580.610526315788,63.417516469417464,2.56807670640439,0.040545299559250104,1.7689887981451973,1.289697879705748,0.7348926493958481,19808.01052631579,64.67547473698474,2.927730752787378,0.045359905660958474,3.0201594099101414,2.215655980011321,0.7295014247216929,8178_6921
2054,3,19585.94382022472,63.40505026488037,2.5235604057508656,0.03985279422896223,1.779306425882489,1.3079511458401585,0.7335372855470932,19482.233333333334,64.74821294727143,2.9705352538040057,0.045997739455801975,3.0383317914770784,2.346725084667828,0.7531966391258627,8178_6921
2055,4,20212.893617021276,63.5083217252746,2.2768486618167008,0.035880709344755075,1.799253320770547,1.1903294115659553,0.6630934393998571,20340.627659574468,64.92194900572206,2.609950975644535,0.04026064938781084,3.0739036210068638,2.0058856942505248,0.6537484935608031,8178_6921
2056,5,15075.76923076923,63.94132607051017,2.3188404737309654,0.036285641753798656,1.2078268192214663,0.730620184869428,0.6076816174286035,15040.010989010989,65.23946579189999,2.6820525427608644,0.04117290826998105,2.0864330116140932,1.2571573161573946,0.6030327167912661,8178_6921
2057,6,11965.802325581395,64.00463415244596,2.468945416508637,0.03859448319241531,0.9315413429161883,0.6159017819039871,0.6665240286053445,12000.741176470588,65.18265287087532,2.812412435876008,0.0431840753823607,1.603450130042514,1.0611736005518184,0.6628615384997204,8178_6921
2058,0,39705.64893617021,64.4376116823681,4.311116105347334,0.06732694837706897,2.9430588521119567,2.8548977599394583,0.9402558507895924,39408.81914893617,63.907630587914966,4.548206415616652,0.0714784595550869,2.5727865939145347,2.570061009727598,0.9646958919659612,8150_8116
2059,1,40978.95789473684,63.85109571017901,5.453999109106111,0.08610844599952919,3.2023453848463053,3.374282815327464,1.018354350107799,41057.61052631579,63.38885310232155,5.546426506691357,0.08813245510972695,2.770440493039526,3.0293037842787487,1.0550070423549596,8150_8116
2060,2,41762.44680851064,63.94809208433164,4.972245153082797,0.07862864346084175,3.21438419513416,3.2681274325311254,0.9806590248195454,41739.01063829787,63.32833099808644,5.3567998204809335,0.08566338194327039,2.830428153161136,3.0219459389156182,1.0195487640389584,8150_8116
2061,3,41880.74444444444,64.01824277479203,5.272576900582784,0.08289471613679893,3.2790338905343726,3.341828907580274,0.9841182474902644,41893.23333333333,63.444505400357826,5.5284040630457,0.08766756517020781,2.872459632592908,3.0772995745791207,1.0300265279206484,8150_8116
2062,4,44219.574468085106,64.32935195871737,4.381737425510029,0.06877778279126676,3.2742459014716943,2.951746052296178,0.8754699520090785,44282.5,63.53769634761703,5.067359577819321,0.08064457718986082,2.9072990357879998,2.823855225238941,0.9355015995947223,8150_8116
2063,5,33073.989130434784,66.2980336418872,1.8049985743248753,0.027324999586543285,1.9694967180179692,1.1530785563656918,0.585715092232272,32961.065217391304,65.67987864734951,1.9191868174025148,0.02931379590213782,1.7178899024014793,0.9383920436570051,0.5453047889370672,8150_8116
2064,6,26541.080459770114,66.46925183706273,2.1667696003889536,0.03281131583238034,1.490872967131325,1.0213817952072668,0.6791508942035255,26347.116279069767,65.88679399379178,2.2893189451901503,0.03499042203436934,1.3468474688559846,0.8347700458046278,0.6196616527036578,8150_8116
2065,0,39408.81914893617,63.907630587914966,4.548206415616652,0.0714784595550869,2.5727865939145347,2.570061009727598,0.9646958919659612,34590.53191489362,68.73763951691718,6.051060827907139,0.08842569983461857,5.717124610817501,5.165869495481655,0.8929722325098114,8116_6273
2066,1,41057.61052631579,63.38885310232155,5.546426506691357,0.08813245510972695,2.770440493039526,3.0293037842787487,1.0550070423549596,35738.12631578947,68.1612396140732,6.946037438174403,0.10234556207518285,6.008984115113313,5.614530668119428,0.9246886442114461,8116_6273
2067,2,41739.01063829787,63.32833099808644,5.3567998204809335,0.08566338194327039,2.830428153161136,3.0219459389156182,1.0195487640389584,36256.074468085106,67.9621053974255,7.050569639462656,0.10476741466256634,6.174572978246722,5.654565585981529,0.9056806186839181,8116_6273
2068,3,41893.23333333333,63.444505400357826,5.5284040630457,0.08766756517020781,2.872459632592908,3.0772995745791207,1.0300265279206484,36500.688888888886,68.07717843542505,7.029572372910896,0.10401135218538315,6.264237468547294,5.675416043184511,0.8925932248034013,8116_6273
2069,4,44282.5,63.53769634761703,5.067359577819321,0.08064457718986082,2.9072990357879998,2.823855225238941,0.9355015995947223,38713.53191489362,67.94949877587798,6.884400558290061,0.10242676789409268,6.525464598238771,5.585984808022351,0.8471722807926229,8116_6273
2070,5,32961.065217391304,65.67987864734951,1.9191868174025148,0.02931379590213782,1.7178899024014793,0.9383920436570051,0.5453047889370672,29593.82608695652,71.08226795970016,2.436555004301137,0.03439074477754147,4.06309655690428,2.3862480434568414,0.5867755404844353,8116_6273
2071,6,26347.116279069767,65.88679399379178,2.2893189451901503,0.03499042203436934,1.3468474688559846,0.8347700458046278,0.6196616527036578,23817.02298850575,71.45548552879065,2.6853472418089424,0.03772192533779525,3.126776298975808,2.0752066980448727,0.6623300558935232,8116_6273
2072,0,40513.79787234042,67.09294019550019,3.889760555338455,0.059531623090395426,2.817023648367224,2.750290306264304,0.9177679411891334,37806.62765957447,65.76197808909734,3.338995198605251,0.05173661235438005,3.206644651514376,2.779590572561196,0.857079552899942,8210_8148
2073,1,42155.489583333336,66.8140866880196,4.25804902692142,0.06537188202398694,2.9345173027862024,2.9097773891106073,0.9370636408621008,39376.375,65.51311075096133,3.7179586632347124,0.05750990613054355,3.3775302126654316,3.033853206767377,0.8831213650977293,8210_8148
2074,2,42749.54736842105,66.73527440948371,4.3728625467607705,0.0671894206053013,3.0202620498065604,2.970605918760947,0.9255997027485846,39736.78947368421,65.3931024580212,3.7208553258029804,0.05802812063272916,3.4732182207595006,3.0252446516605938,0.8573299804620448,8210_8148
2075,3,43054.64444444444,66.72354729418512,4.413841681057283,0.06806208607197,3.0788842524542614,3.0403782486528996,0.9252285619195488,39946.58888888889,65.31078325786818,4.023512553768708,0.06287775257547812,3.5264610799259355,3.096324700057243,0.8639379190399409,8210_8148
2076,4,45235.65957446808,66.85106402247192,3.8989540210471465,0.060170538226584434,3.0978715263036865,2.78032033885568,0.8452692050587292,41990.63829787234,65.67325488690112,3.1737962596741363,0.04929630134353048,3.530047327362745,2.7703662809199976,0.7766004151335333,8210_8148
2077,5,33134.336956521736,68.86027971031378,2.18089695901615,0.031742049496873335,1.8104603513086368,1.0036866129998923,0.5547518134228724,31290.83695652174,67.42799041163391,2.0923714741484813,0.03136579509487774,2.1784425214789396,1.2648550825386422,0.5818136750361258,8210_8148
2078,6,26324.632183908045,69.12926185144559,2.412988442841251,0.035017471354222104,1.3678857954647432,0.8560388192267524,0.6265522501335637,24355.172413793105,67.55656110303238,2.2927665930794494,0.034218268267579156,1.664436676288157,1.0949363300030843,0.6559603969604875,8210_8148
2079,0,38688.01063829787,65.5500154856074,3.702642618852453,0.05673573258434758,2.3785514516808126,2.0670536547755773,0.8670524349935413,39705.64893617021,64.4376116823681,4.311116105347334,0.06732694837706897,2.9430588521119567,2.8548977599394583,0.9402558507895924,8156_8150
2080,1,40512.44210526316,65.05037288043066,4.464066139400637,0.06898430841086058,2.532144229394201,2.3920408811857454,0.9375911373450658,40978.95789473684,63.85109571017901,5.453999109106111,0.08610844599952919,3.2023453848463053,3.374282815327464,1.018354350107799,8156_8150
2081,2,40278.734042553195,65.13078884685703,3.960685248510562,0.06101551610833766,2.4942157168093,2.1690921726559385,0.863707490663956,41762.44680851064,63.94809208433164,4.972245153082797,0.07862864346084175,3.21438419513416,3.2681274325311254,0.9806590248195454,8156_8150
2082,3,41713.47727272727,65.09229352532255,4.259549661895152,0.06546455274865196,2.629963399595123,2.37247412265232,0.8949675920463744,41880.74444444444,64.01824277479203,5.272576900582784,0.08289471613679893,3.2790338905343726,3.341828907580274,0.9841182474902644,8156_8150
2083,4,43367.81720430108,65.40097152423039,3.481713787338169,0.053465127468825306,2.612907139393784,2.045721220586235,0.78222918523035,44219.574468085106,64.32935195871737,4.381737425510029,0.06877778279126676,3.2742459014716943,2.951746052296178,0.8754699520090785,8156_8150
2084,5,31865.967032967033,67.29559815408332,2.14623477058729,0.03205531696350677,1.5956545834751694,0.8973319566696357,0.5635354553529646,33073.989130434784,66.2980336418872,1.8049985743248753,0.027324999586543285,1.9694967180179692,1.1530785563656918,0.585715092232272,8156_8150
2085,6,25126.18604651163,67.51189446026005,2.663955716529688,0.039933538282451324,1.2267372542217092,0.7870596040072112,0.6456481653915914,26541.080459770114,66.46925183706273,2.1667696003889536,0.03281131583238034,1.490872967131325,1.0213817952072668,0.6791508942035255,8156_8150
2086,0,37806.62765957447,65.76197808909734,3.338995198605251,0.05173661235438005,3.206644651514376,2.779590572561196,0.857079552899942,37037.90425531915,64.37920774593672,3.5482141980457116,0.05595346573506232,2.6745893513616874,2.171380042599317,0.8069902310063165,8148_6298
2087,1,39376.375,65.51311075096133,3.7179586632347124,0.05750990613054355,3.3775302126654316,3.033853206767377,0.8831213650977293,38611.05263157895,64.12111548108705,4.044361660317814,0.06373183934313773,2.844187994923544,2.3745056239774094,0.8337029305669956,8148_6298
2088,2,39736.78947368421,65.3931024580212,3.7208553258029804,0.05802812063272916,3.4732182207595006,3.0252446516605938,0.8573299804620448,39190.71276595745,64.03546789973761,4.011424343239702,0.06359339634706973,2.915397273209304,2.4237461318661535,0.8198022060242084,8148_6298
2089,3,39946.58888888889,65.31078325786818,4.023512553768708,0.06287775257547812,3.5264610799259355,3.096324700057243,0.8639379190399409,38944.02222222222,63.93394447148598,4.222281807778873,0.06790381984776495,2.9420084807694806,2.4182289485785864,0.8090376956068643,8148_6298
2090,4,41990.63829787234,65.67325488690112,3.1737962596741363,0.04929630134353048,3.530047327362745,2.7703662809199976,0.7766004151335333,41246.47872340425,64.07988319955791,3.588815556112999,0.05746334430287021,2.8691433613893484,2.1241827945317318,0.734718890608521,8148_6298
2091,5,31290.83695652174,67.42799041163391,2.0923714741484813,0.03136579509487774,2.1784425214789396,1.2648550825386422,0.5818136750361258,30502.184782608696,65.79386614606906,2.451321355559315,0.037853220430966464,1.77386780134656,0.9835198450061288,0.5529214575094843,8148_6298
2092,6,24355.172413793105,67.55656110303238,2.2927665930794494,0.034218268267579156,1.664436676288157,1.0949363300030843,0.6559603969604875,24008.908045977012,65.95745063616218,2.782371511957651,0.04335294625148197,1.389232130968184,0.9230206749134112,0.631056449142957,8148_6298
2093,0,39078.94382022472,66.3914792957426,3.753329118897507,0.05695535625914647,3.2883613294211234,2.8348378272569006,0.8606863258814045,38688.01063829787,65.5500154856074,3.702642618852453,0.05673573258434758,2.3785514516808126,2.0670536547755773,0.8670524349935413,6300_8156
2094,1,40737.51648351648,66.01166086265349,4.606280558321159,0.07021136568731216,3.5213431780077213,3.234477577107126,0.9172858450079542,40512.44210526316,65.05037288043066,4.464066139400637,0.06898430841086058,2.532144229394201,2.3920408811857454,0.9375911373450658,6300_8156
2095,2,40841.73333333333,66.0703224365374,4.329511120019114,0.0660523565240077,3.556004608333628,3.1511579678521993,0.876163706956703,40278.734042553195,65.13078884685703,3.960685248510562,0.06101551610833766,2.4942157168093,2.1690921726559385,0.863707490663956,6300_8156
2096,3,41406.67058823529,66.07798446376081,4.390545994713805,0.06675054766931203,3.6354126496315096,3.1865042775874373,0.8699783334681046,41713.47727272727,65.09229352532255,4.259549661895152,0.06546455274865196,2.629963399595123,2.37247412265232,0.8949675920463744,6300_8156
2097,4,43111.08888888889,66.36405037621444,3.491119776096914,0.052975737506257656,3.5799762369765333,2.783952642262937,0.777352650638661,43367.81720430108,65.40097152423039,3.481713787338169,0.053465127468825306,2.612907139393784,2.045721220586235,0.78222918523035,6300_8156
2098,5,31848.636363636364,68.18643357351131,2.0983540632091326,0.03108184532375072,2.1838086596827937,1.2704889290290318,0.5808776537816316,31865.967032967033,67.29559815408332,2.14623477058729,0.03205531696350677,1.5956545834751694,0.8973319566696357,0.5635354553529646,6300_8156
2099,6,24884.493975903613,68.3822521927285,2.4723035566758043,0.03675779438902618,1.658669100012756,1.0926620618120069,0.6605248528688296,25126.18604651163,67.51189446026005,2.663955716529688,0.039933538282451324,1.2267372542217092,0.7870596040072112,0.6456481653915914,6300_8156
2100,0,37037.90425531915,64.37920774593672,3.5482141980457116,0.05595346573506232,2.6745893513616874,2.171380042599317,0.8069902310063165,39078.94382022472,66.3914792957426,3.753329118897507,0.05695535625914647,3.2883613294211234,2.8348378272569006,0.8606863258814045,6298_6300
2101,1,38611.05263157895,64.12111548108705,4.044361660317814,0.06373183934313773,2.844187994923544,2.3745056239774094,0.8337029305669956,40737.51648351648,66.01166086265349,4.606280558321159,0.07021136568731216,3.5213431780077213,3.234477577107126,0.9172858450079542,6298_6300
2102,2,39190.71276595745,64.03546789973761,4.011424343239702,0.06359339634706973,2.915397273209304,2.4237461318661535,0.8198022060242084,40841.73333333333,66.0703224365374,4.329511120019114,0.0660523565240077,3.556004608333628,3.1511579678521993,0.876163706956703,6298_6300
2103,3,38944.02222222222,63.93394447148598,4.222281807778873,0.06790381984776495,2.9420084807694806,2.4182289485785864,0.8090376956068643,41406.67058823529,66.07798446376081,4.390545994713805,0.06675054766931203,3.6354126496315096,3.1865042775874373,0.8699783334681046,6298_6300
2104,4,41246.47872340425,64.07988319955791,3.588815556112999,0.05746334430287021,2.8691433613893484,2.1241827945317318,0.734718890608521,43111.08888888889,66.36405037621444,3.491119776096914,0.052975737506257656,3.5799762369765333,2.783952642262937,0.777352650638661,6298_6300
2105,5,30502.184782608696,65.79386614606906,2.451321355559315,0.037853220430966464,1.77386780134656,0.9835198450061288,0.5529214575094843,31848.636363636364,68.18643357351131,2.0983540632091326,0.03108184532375072,2.1838086596827937,1.2704889290290318,0.5808776537816316,6298_6300
2106,6,24008.908045977012,65.95745063616218,2.782371511957651,0.04335294625148197,1.389232130968184,0.9230206749134112,0.631056449142957,24884.493975903613,68.3822521927285,2.4723035566758043,0.03675779438902618,1.658669100012756,1.0926620618120069,0.6605248528688296,6298_6300
2107,0,40925.141304347824,63.92703559831825,3.756463546465047,0.06009563458496932,3.492494996560382,3.3291644470189534,0.9157036159112941,34717.78888888889,68.45961466516813,4.163503318864061,0.06243621012224809,2.7376937040930907,2.7121751127376674,0.9344065868989977,8203_6930
2108,1,42490.673684210524,63.69223583308755,3.945557146995292,0.06312677931137994,3.6710739181651717,3.499594614519605,0.9228768179094493,36564.82795698925,68.27690808749719,4.347011428471599,0.06507802285982986,2.8704858818868546,2.828932891031091,0.9386315220423955,8203_6930
2109,2,43415.72340425532,63.54516656810588,4.18132340699603,0.06714467138595695,3.77474382597131,3.6251278865882743,0.9260269890132699,37202.54347826087,68.1327809033263,4.715629518252763,0.07095032922572572,2.951854185132536,2.9525235039365443,0.94508564714765,8203_6930
2110,3,43507.85555555556,63.66052406038318,4.1080252027927955,0.06601270462502681,3.8131422097233596,3.6459850334443042,0.9160693048731389,37122.83908045977,68.17271036494313,4.602426246424332,0.06922418998300868,2.9601683768056506,2.9285141476386083,0.9311693733375577,8203_6930
2111,4,45677.28723404255,63.743768464893684,3.792336683470795,0.060848151944966136,3.8709892791749416,3.4381029558472016,0.854688266000352,39252.96703296703,68.28815579148042,4.170734547998924,0.06292246774336893,3.0510720116218515,2.8038546980426875,0.8668184077467751,8203_6930
2112,5,33170.04347826087,65.7401648060029,1.9645596869142872,0.02998336158338607,2.315379201022704,1.3685890209296712,0.589857514632326,28496.965909090908,70.4225655754111,2.558192326843085,0.03641515692612956,1.647739581684928,0.9562828118289027,0.5814986567626991,8203_6930
2113,6,26543.48275862069,66.26030365994477,2.1190493809878985,0.03205444863872867,1.74267211841171,1.1438272550154596,0.6572956908539893,22540.939024390245,70.70536320387374,2.697352762527418,0.03824535339690878,1.1996604965602822,0.7981900361629607,0.667267976904701,8203_6930
2114,0,41778.17204301075,65.20273509757541,3.5803340226125866,0.05590913463804702,2.973529205792004,2.8755718355230764,0.926554542267279,40925.141304347824,63.92703559831825,3.756463546465047,0.06009563458496932,3.492494996560382,3.3291644470189534,0.9157036159112941,8201_8203
2115,1,43752.757894736846,64.89586742157611,3.8374713305759056,0.06018777376812474,3.1115246888976547,3.0366577119707867,0.9397050806809951,42490.673684210524,63.69223583308755,3.945557146995292,0.06312677931137994,3.6710739181651717,3.499594614519605,0.9228768179094493,8201_8203
2116,2,44588.63829787234,64.85507877772864,3.8378832116566017,0.06045710892445445,3.198536100053879,3.1134403203094325,0.9338229935453923,43415.72340425532,63.54516656810588,4.18132340699603,0.06714467138595695,3.77474382597131,3.6251278865882743,0.9260269890132699,8201_8203
2117,3,44611.85555555556,64.89755965466797,4.080936650781253,0.06447393995400935,3.2597218477835113,3.189654459848571,0.9327210805045623,43507.85555555556,63.66052406038318,4.1080252027927955,0.06601270462502681,3.8131422097233596,3.6459850334443042,0.9160693048731389,8201_8203
2118,4,46406.36170212766,65.1344974210914,3.5347297558478084,0.05543417835017103,3.258577177031452,2.933884748598864,0.8631813730585582,45677.28723404255,63.743768464893684,3.792336683470795,0.060848151944966136,3.8709892791749416,3.4381029558472016,0.854688266000352,8201_8203
2119,5,33257.79347826087,66.87747742124961,2.159818075261037,0.03235103881673119,1.924944882681828,1.1432893394094525,0.594315780915603,33170.04347826087,65.7401648060029,1.9645596869142872,0.02998336158338607,2.315379201022704,1.3685890209296712,0.589857514632326,8201_8203
2120,6,26836.441860465115,67.06875829116811,2.4598956068764775,0.03678939008044467,1.4541781476266353,0.9794448527664749,0.6727031871583286,26543.48275862069,66.26030365994477,2.1190493809878985,0.03205444863872867,1.74267211841171,1.1438272550154596,0.6572956908539893,8201_8203
2121,0,44981.64444444444,63.261898456470945,2.940029255532646,0.04676751919554556,2.478525265352269,2.0272225814293843,0.7996355057989402,41778.17204301075,65.20273509757541,3.5803340226125866,0.05590913463804702,2.973529205792004,2.8755718355230764,0.926554542267279,6994_8201
2122,1,46460.882978723406,62.97366926431451,3.1585843148212267,0.0506239823336208,2.6426193546602534,2.2018406821983096,0.817313324505594,43752.757894736846,64.89586742157611,3.8374713305759056,0.06018777376812474,3.1115246888976547,3.0366577119707867,0.9397050806809951,6994_8201
2123,2,47608.52688172043,63.054466230861095,3.149811717751933,0.05042061406045159,2.6935438892914236,2.2452635039487383,0.8156922220533087,44588.63829787234,64.85507877772864,3.8378832116566017,0.06045710892445445,3.198536100053879,3.1134403203094325,0.9338229935453923,6994_8201
2124,3,47782.87777777778,63.06063143824752,3.4084140522007975,0.05460285632508761,2.7501120389901486,2.3733736101378016,0.8328338102035283,44611.85555555556,64.89755965466797,4.080936650781253,0.06447393995400935,3.2597218477835113,3.189654459848571,0.9327210805045623,6994_8201
2125,4,49792.87234042553,63.049034738690175,2.9670174144400527,0.04742138873667426,2.6960191100964552,2.0613062545666483,0.7484464310590564,46406.36170212766,65.1344974210914,3.5347297558478084,0.05543417835017103,3.258577177031452,2.933884748598864,0.8631813730585582,6994_8201
2126,5,36117.70652173913,64.4249670873318,2.1165122118623025,0.03293453988304151,1.701771774830346,0.9190918161758626,0.5403744911519464,33257.79347826087,66.87747742124961,2.159818075261037,0.03235103881673119,1.924944882681828,1.1432893394094525,0.594315780915603,6994_8201
2127,6,28868.96551724138,64.92282025701026,2.2606426444234824,0.03490630039391241,1.3014337203097366,0.7741673471103019,0.5969899298947795,26836.441860465115,67.06875829116811,2.4598956068764775,0.03678939008044467,1.4541781476266353,0.9794448527664749,0.6727031871583286,6994_8201
2128,0,34717.78888888889,68.45961466516813,4.163503318864061,0.06243621012224809,2.7376937040930907,2.7121751127376674,0.9344065868989977,40513.79787234042,67.09294019550019,3.889760555338455,0.059531623090395426,2.817023648367224,2.750290306264304,0.9177679411891334,6930_8210
2129,1,36564.82795698925,68.27690808749719,4.347011428471599,0.06507802285982986,2.8704858818868546,2.828932891031091,0.9386315220423955,42155.489583333336,66.8140866880196,4.25804902692142,0.06537188202398694,2.9345173027862024,2.9097773891106073,0.9370636408621008,6930_8210
2130,2,37202.54347826087,68.1327809033263,4.715629518252763,0.07095032922572572,2.951854185132536,2.9525235039365443,0.94508564714765,42749.54736842105,66.73527440948371,4.3728625467607705,0.0671894206053013,3.0202620498065604,2.970605918760947,0.9255997027485846,6930_8210
2131,3,37122.83908045977,68.17271036494313,4.602426246424332,0.06922418998300868,2.9601683768056506,2.9285141476386083,0.9311693733375577,43054.64444444444,66.72354729418512,4.413841681057283,0.06806208607197,3.0788842524542614,3.0403782486528996,0.9252285619195488,6930_8210
2132,4,39252.96703296703,68.28815579148042,4.170734547998924,0.06292246774336893,3.0510720116218515,2.8038546980426875,0.8668184077467751,45235.65957446808,66.85106402247192,3.8989540210471465,0.060170538226584434,3.0978715263036865,2.78032033885568,0.8452692050587292,6930_8210
2133,5,28496.965909090908,70.4225655754111,2.558192326843085,0.03641515692612956,1.647739581684928,0.9562828118289027,0.5814986567626991,33134.336956521736,68.86027971031378,2.18089695901615,0.031742049496873335,1.8104603513086368,1.0036866129998923,0.5547518134228724,6930_8210
2134,6,22540.939024390245,70.70536320387374,2.697352762527418,0.03824535339690878,1.1996604965602822,0.7981900361629607,0.667267976904701,26324.632183908045,69.12926185144559,2.412988442841251,0.035017471354222104,1.3678857954647432,0.8560388192267524,0.6265522501335637,6930_8210
2135,0,44954.90425531915,64.75969240153118,2.7722213007270704,0.043143077438564006,2.7605770249901327,2.2331804388250713,0.8015882232186926,44981.64444444444,63.261898456470945,2.940029255532646,0.04676751919554556,2.478525265352269,2.0272225814293843,0.7996355057989402,6489_6994
2136,1,47027.125,64.50777307791081,3.1189072028981406,0.04880284540402538,2.8986894415229263,2.413348583772851,0.8291436882035601,46460.882978723406,62.97366926431451,3.1585843148212267,0.0506239823336208,2.6426193546602534,2.2018406821983096,0.817313324505594,6489_6994
2137,2,47554.926315789475,64.47218521736902,3.0835958892568573,0.048448804516480225,2.9667459200691106,2.412995498448377,0.802828054228777,47608.52688172043,63.054466230861095,3.149811717751933,0.05042061406045159,2.6935438892914236,2.2452635039487383,0.8156922220533087,6489_6994
2138,3,47873.63333333333,64.40733892404074,3.333915018042654,0.052466681062888695,3.0330305583936177,2.5389904155398533,0.821939652913856,47782.87777777778,63.06063143824752,3.4084140522007975,0.05460285632508761,2.7501120389901486,2.3733736101378016,0.8328338102035283,6489_6994
2139,4,49796.20212765958,64.44919221092576,2.933196673216041,0.046136604475099895,3.0311517750599433,2.266665822907856,0.7423423239193638,49792.87234042553,63.049034738690175,2.9670174144400527,0.04742138873667426,2.6960191100964552,2.0613062545666483,0.7484464310590564,6489_6994
2140,5,36353.69565217391,65.77226069771645,2.3148541671192806,0.03536468954721068,1.9162224181041758,1.0874345614067564,0.5653753222500072,36117.70652173913,64.4249670873318,2.1165122118623025,0.03293453988304151,1.701771774830346,0.9190918161758626,0.5403744911519464,6489_6994
2141,6,28994.172413793105,66.08173028909832,2.4668900746249767,0.037585991307276835,1.4571929281877747,0.9135320818340211,0.6256658915650498,28868.96551724138,64.92282025701026,2.2606426444234824,0.03490630039391241,1.3014337203097366,0.7741673471103019,0.5969899298947795,6489_6994
2142,0,45229.6129032258,66.63161356349976,2.9121461087344414,0.04404530877986983,4.3815096464500725,3.6071175694623374,0.8173119936429223,44954.90425531915,64.75969240153118,2.7722213007270704,0.043143077438564006,2.7605770249901327,2.2331804388250713,0.8015882232186926,5934_6489
2143,1,47153.926315789475,66.19184567516433,3.394850078215994,0.05188058684079568,4.6037452500498315,3.894932992828152,0.8428152394557202,47027.125,64.50777307791081,3.1189072028981406,0.04880284540402538,2.8986894415229263,2.413348583772851,0.8291436882035601,5934_6489
2144,2,47954.0,66.2054865811492,3.1731992920151626,0.04839972353539105,4.718203981072093,3.853615283488246,0.8124016685734549,47554.926315789475,64.47218521736902,3.0835958892568573,0.048448804516480225,2.9667459200691106,2.412995498448377,0.802828054228777,5934_6489
2145,3,47848.833333333336,66.15006999408178,3.470231060656471,0.0530259948901943,4.815572767129732,4.018230355840253,0.8239325720011569,47873.63333333333,64.40733892404074,3.333915018042654,0.052466681062888695,3.0330305583936177,2.5389904155398533,0.821939652913856,5934_6489
2146,4,49957.47872340425,66.34273414123358,3.012185133104886,0.04592468411114986,4.875794726132604,3.7173276009317218,0.7576942226032077,49796.20212765958,64.44919221092576,2.933196673216041,0.046136604475099895,3.0311517750599433,2.266665822907856,0.7423423239193638,5934_6489
2147,5,36427.913043478264,68.14034133222472,2.2760872612388856,0.033519987818658746,3.0727385991569127,1.8097101091576366,0.5851018616797717,36353.69565217391,65.77226069771645,2.3148541671192806,0.03536468954721068,1.9162224181041758,1.0874345614067564,0.5653753222500072,5934_6489
2148,6,28918.367816091955,68.44234613811174,2.6061317127283887,0.03825014703615998,2.315297379911698,1.468051078259512,0.6334485988047975,28994.172413793105,66.08173028909832,2.4668900746249767,0.037585991307276835,1.4571929281877747,0.9135320818340211,0.6256658915650498,5934_6489
2149,0,39342.784946236556,60.995989557026206,2.7502742242854064,0.04526724153513583,3.649086106561694,2.8305399070796153,0.7636054481178707,43147.05319148936,61.249293111040764,2.524211617846854,0.041362486157945265,4.3764062626452045,3.3147680257384398,0.7596798823809708,8254_8252
2150,1,41105.04255319149,60.54256624509649,3.1192051485776044,0.051708241317798005,3.812771926680981,3.07806075377548,0.799533528417131,45010.947916666664,60.91746381234665,2.788790577961395,0.04600015099812172,4.563155302702632,3.512957142615365,0.7649258156543292,8254_8252
2151,2,41174.3870967742,60.44782283102995,3.024187377216633,0.05022288688984583,3.9857719408351375,3.2868632222004424,0.7844215677052382,45587.063157894736,60.85016388703498,2.798290348513228,0.046149911166926974,4.648179283968576,3.5464252151142115,0.7578811303049675,8254_8252
2152,3,40767.85555555556,60.37202344510221,3.431332322344078,0.05717257093371282,3.9623113115853217,3.0996676607756903,0.7533774062375173,45894.64444444444,60.71731247140039,3.259035748608345,0.05405556294742682,4.777030607916543,3.745888434046311,0.7715612845335089,8254_8252
2153,4,43410.04255319149,60.45340377868042,3.3341683975298855,0.05610153273436852,4.145419073962007,3.283138615892602,0.760661202171275,47756.09574468085,60.751293802055905,2.9724505268300816,0.050052217255921995,4.935376951762025,3.6945805426507676,0.7318373088678118,8254_8252
2154,5,32591.847826086956,62.514693677951165,2.8800816208776787,0.046265030780862304,2.7801388225065384,1.8848856466139623,0.6583213736894011,34704.88043478261,62.60622743209789,2.570436198806622,0.041121017291259006,3.176706494315065,1.8952576101880652,0.5927932007574336,8254_8252
2155,6,26112.988505747126,63.26587951042244,2.88995577037482,0.04599762438552669,2.2080024237517124,1.8939578144636715,0.7570179780638041,27150.7816091954,63.06936737195805,2.8129722046429038,0.04482867639172013,2.3755297878253088,1.551429867314465,0.64704687187606,8254_8252
2156,0,43147.05319148936,61.249293111040764,2.524211617846854,0.041362486157945265,4.3764062626452045,3.3147680257384398,0.7596798823809708,47753.45744680851,61.730326725884936,3.0560194078988117,0.04958783197450287,4.128634747384072,2.997062746202578,0.7230547908382229,8252_8244
2157,1,45010.947916666664,60.91746381234665,2.788790577961395,0.04600015099812172,4.563155302702632,3.512957142615365,0.7649258156543292,49880.822916666664,61.30289353344233,3.343539331511645,0.05472389672702136,4.329788008974982,3.2124945597075585,0.737568807822779,8252_8244
2158,2,45587.063157894736,60.85016388703498,2.798290348513228,0.046149911166926974,4.648179283968576,3.5464252151142115,0.7578811303049675,50355.89473684211,61.181560643899275,3.4674867972673136,0.056907920794914774,4.452924098683341,3.267933383756322,0.7278999157550688,8252_8244
2159,3,45894.64444444444,60.71731247140039,3.259035748608345,0.05405556294742682,4.777030607916543,3.745888434046311,0.7715612845335089,50623.955555555556,61.00515256455918,3.796777737777769,0.06279499808903738,4.5566106282517875,3.3634097129515177,0.7292943644778074,8252_8244
2160,4,47756.09574468085,60.751293802055905,2.9724505268300816,0.050052217255921995,4.935376951762025,3.6945805426507676,0.7318373088678118,52748.64893617021,61.08089333583578,3.3398998218882654,0.05523565862862703,4.6237125764289155,3.144172172874032,0.6754193348888593,8252_8244
2161,5,34704.88043478261,62.60622743209789,2.570436198806622,0.041121017291259006,3.176706494315065,1.8952576101880652,0.5927932007574336,37994.489130434784,63.53850226277324,2.704032593540212,0.0427407592123175,3.0839856503420844,1.7007777799573247,0.5509513840945636,8252_8244
2162,6,27150.7816091954,63.06936737195805,2.8129722046429038,0.04482867639172013,2.3755297878253088,1.551429867314465,0.64704687187606,29714.298850574713,64.49122898123146,2.774920485184306,0.043162420367572646,2.30561812436586,1.3738112434814234,0.5938273371096648,8252_8244
2163,0,47753.45744680851,61.730326725884936,3.0560194078988117,0.04958783197450287,4.128634747384072,2.997062746202578,0.7230547908382229,47517.13978494624,59.971015618834755,2.5195537925839844,0.04211194677048678,3.7873438296593265,2.884172264253088,0.7565328718442941,8244_8217
2164,1,49880.822916666664,61.30289353344233,3.343539331511645,0.05472389672702136,4.329788008974982,3.2124945597075585,0.737568807822779,49662.663157894734,59.542636984212464,2.8750092323538543,0.048467420732214446,4.0077865144208795,3.157531124343886,0.7820795947030614,8244_8217
2165,2,50355.89473684211,61.181560643899275,3.4674867972673136,0.056907920794914774,4.452924098683341,3.267933383756322,0.7278999157550688,50189.70212765958,59.50613127102516,2.900066359545847,0.04891569741812016,4.061783621772959,3.1436253904505924,0.7702626331516084,8244_8217
2166,3,50623.955555555556,61.00515256455918,3.796777737777769,0.06279499808903738,4.5566106282517875,3.3634097129515177,0.7292943644778074,50447.13483146067,59.43970275796025,3.210434612857644,0.054563112917924525,4.183524135084105,3.3571499459145406,0.7865504903751227,8244_8217
2167,4,52748.64893617021,61.08089333583578,3.3398998218882654,0.05523565862862703,4.6237125764289155,3.144172172874032,0.6754193348888593,52497.22340425532,59.636750862348215,2.586311758602033,0.043665298667358014,4.201309485463525,2.974871690490083,0.7065299362031129,8244_8217
2168,5,37994.489130434784,63.53850226277324,2.704032593540212,0.0427407592123175,3.0839856503420844,1.7007777799573247,0.5509513840945636,38081.79347826087,61.37846692354665,2.288695173325671,0.03754062031384003,2.69180275761601,1.5455735683845173,0.573081124024779,8244_8217
2169,6,29714.298850574713,64.49122898123146,2.774920485184306,0.043162420367572646,2.30561812436586,1.3738112434814234,0.5938273371096648,30249.954022988506,62.150564070785165,2.309319114712271,0.0373003230402289,2.014997217129463,1.2395057531730036,0.6146359227157044,8244_8217
2170,0,45018.63218390805,64.71378291283564,2.6731182333373065,0.04184140014315282,3.5166554985163874,2.6318736420403868,0.7488630504555888,45229.6129032258,66.63161356349976,2.9121461087344414,0.04404530877986983,4.3815096464500725,3.6071175694623374,0.8173119936429223,8239_5934
2171,1,46277.19565217391,64.41173619260262,3.178792988645472,0.049994531531119435,3.6855461330295802,2.8870419958450273,0.7879216045715864,47153.926315789475,66.19184567516433,3.394850078215994,0.05188058684079568,4.6037452500498315,3.894932992828152,0.8428152394557202,8239_5934
2172,2,47419.78021978022,64.57156200860258,2.840519143542312,0.04420979012162914,3.7307483809013178,2.7757290599076123,0.7485054411786342,47954.0,66.2054865811492,3.1731992920151626,0.04839972353539105,4.718203981072093,3.853615283488246,0.8124016685734549,8239_5934
2173,3,47121.574712643676,64.44925426543674,3.3614398753190096,0.05278282967078435,3.8058023721702736,3.0157397959871353,0.7841439880504383,47848.833333333336,66.15006999408178,3.470231060656471,0.0530259948901943,4.815572767129732,4.018230355840253,0.8239325720011569,8239_5934
2174,4,48736.57142857143,64.60382301820663,2.7641686339802836,0.04329354007476427,3.836376528562891,2.645351309352549,0.6924300662196493,49957.47872340425,66.34273414123358,3.012185133104886,0.04592468411114986,4.875794726132604,3.7173276009317218,0.7576942226032077,8239_5934
2175,5,36754.79518072289,66.26283511837441,2.2843899761420787,0.03484364318782361,2.418656688608164,1.3809553790010223,0.5700918782998472,36427.913043478264,68.14034133222472,2.2760872612388856,0.033519987818658746,3.0727385991569127,1.8097101091576366,0.5851018616797717,8239_5934
2176,6,29615.391891891893,66.92344090795748,2.3351302428475025,0.035028364606126586,1.8538697451456105,1.1796838202954083,0.635281201764168,28918.367816091955,68.44234613811174,2.6061317127283887,0.03825014703615998,2.315297379911698,1.468051078259512,0.6334485988047975,8239_5934
2177,0,47517.13978494624,59.971015618834755,2.5195537925839844,0.04211194677048678,3.7873438296593265,2.884172264253088,0.7565328718442941,48576.63440860215,61.66322807430552,3.0018206246064483,0.049000137204474846,4.042277269520896,3.1768884680932676,0.7809039475932772,8217_8215
2178,1,49662.663157894734,59.542636984212464,2.8750092323538543,0.048467420732214446,4.0077865144208795,3.157531124343886,0.7820795947030614,50413.95789473684,61.36557478131267,3.2726711642590334,0.053662948100762636,4.22461554483515,3.4367423309939227,0.8104843747973649,8217_8215
2179,2,50189.70212765958,59.50613127102516,2.900066359545847,0.04891569741812016,4.061783621772959,3.1436253904505924,0.7702626331516084,50997.255319148935,61.41128916811224,3.035218374552257,0.04967136888167355,4.306044828333772,3.373351472217807,0.7757773576114535,8217_8215
2180,3,50447.13483146067,59.43970275796025,3.210434612857644,0.054563112917924525,4.183524135084105,3.3571499459145406,0.7865504903751227,51388.606741573036,61.29798231104492,3.5269264663540314,0.05809163599217184,4.414429105248562,3.623814101823191,0.8048429790584741,8217_8215
2181,4,52497.22340425532,59.636750862348215,2.586311758602033,0.043665298667358014,4.201309485463525,2.974871690490083,0.7065299362031129,53357.89361702128,61.389575365355164,2.936407590072076,0.048296323395107574,4.449568824636923,3.2027936081789323,0.7163553370316706,8217_8215
2182,5,38081.79347826087,61.37846692354665,2.288695173325671,0.03754062031384003,2.69180275761601,1.5455735683845173,0.573081124024779,38721.67391304348,63.24727994679092,2.395288324740622,0.0380569645896139,2.7927547152738255,1.5526767973906725,0.5548214338154149,8217_8215
2183,6,30249.954022988506,62.150564070785165,2.309319114712271,0.0373003230402289,2.014997217129463,1.2395057531730036,0.6146359227157044,30233.48275862069,64.10062034936371,2.5373512207641737,0.039696511706368745,2.094416762493048,1.2688540810467401,0.6031584044127666,8217_8215
2184,0,48576.63440860215,61.66322807430552,3.0018206246064483,0.049000137204474846,4.042277269520896,3.1768884680932676,0.7809039475932772,48103.74725274725,64.26330003022726,2.9265306072418333,0.04588413474858973,3.864289186309583,3.085361246442643,0.7899934437527999,8215_6440
2185,1,50413.95789473684,61.36557478131267,3.2726711642590334,0.053662948100762636,4.22461554483515,3.4367423309939227,0.8104843747973649,50098.87234042553,63.746771543320335,3.5323126958272852,0.05594516056272031,4.119481613151848,3.4463170575021658,0.8326128638526356,8215_6440
2186,2,50997.255319148935,61.41128916811224,3.035218374552257,0.04967136888167355,4.306044828333772,3.373351472217807,0.7757773576114535,51090.655913978495,63.86843806667849,3.171031111048061,0.049974297388777275,4.140692325043102,3.3499092560756134,0.8007946118246982,8215_6440
2187,3,51388.606741573036,61.29798231104492,3.5269264663540314,0.05809163599217184,4.414429105248562,3.623814101823191,0.8048429790584741,50860.70786516854,63.74004834727112,3.729527124770797,0.059247738229873684,4.299987626788991,3.6551134963485894,0.8297134387563658,8215_6440
2188,4,53357.89361702128,61.389575365355164,2.936407590072076,0.048296323395107574,4.449568824636923,3.2027936081789323,0.7163553370316706,53146.358695652176,63.865318354121484,3.072287662748752,0.0487926146245003,4.297110152417514,3.1495989095113197,0.7267995238223024,8215_6440
2189,5,38721.67391304348,63.24727994679092,2.395288324740622,0.0380569645896139,2.7927547152738255,1.5526767973906725,0.5548214338154149,38357.2,65.8239919163118,2.3521488319869515,0.03612942720012468,2.772167859407399,1.5767618782288284,0.565118038540859,8215_6440
2190,6,30233.48275862069,64.10062034936371,2.5373512207641737,0.039696511706368745,2.094416762493048,1.2688540810467401,0.6031584044127666,30645.55294117647,66.60297539852914,2.3350714983548633,0.03518707925045326,2.133874223813263,1.3225791894770662,0.6174010262848812,8215_6440
2191,0,48103.74725274725,64.26330003022726,2.9265306072418333,0.04588413474858973,3.864289186309583,3.085361246442643,0.7899934437527999,45018.63218390805,64.71378291283564,2.6731182333373065,0.04184140014315282,3.5166554985163874,2.6318736420403868,0.7488630504555888,6440_8239
2192,1,50098.87234042553,63.746771543320335,3.5323126958272852,0.05594516056272031,4.119481613151848,3.4463170575021658,0.8326128638526356,46277.19565217391,64.41173619260262,3.178792988645472,0.049994531531119435,3.6855461330295802,2.8870419958450273,0.7879216045715864,6440_8239
2193,2,51090.655913978495,63.86843806667849,3.171031111048061,0.049974297388777275,4.140692325043102,3.3499092560756134,0.8007946118246982,47419.78021978022,64.57156200860258,2.840519143542312,0.04420979012162914,3.7307483809013178,2.7757290599076123,0.7485054411786342,6440_8239
2194,3,50860.70786516854,63.74004834727112,3.729527124770797,0.059247738229873684,4.299987626788991,3.6551134963485894,0.8297134387563658,47121.574712643676,64.44925426543674,3.3614398753190096,0.05278282967078435,3.8058023721702736,3.0157397959871353,0.7841439880504383,6440_8239
2195,4,53146.358695652176,63.865318354121484,3.072287662748752,0.0487926146245003,4.297110152417514,3.1495989095113197,0.7267995238223024,48736.57142857143,64.60382301820663,2.7641686339802836,0.04329354007476427,3.836376528562891,2.645351309352549,0.6924300662196493,6440_8239
2196,5,38357.2,65.8239919163118,2.3521488319869515,0.03612942720012468,2.772167859407399,1.5767618782288284,0.565118038540859,36754.79518072289,66.26283511837441,2.2843899761420787,0.03484364318782361,2.418656688608164,1.3809553790010223,0.5700918782998472,6440_8239
2197,6,30645.55294117647,66.60297539852914,2.3350714983548633,0.03518707925045326,2.133874223813263,1.3225791894770662,0.6174010262848812,29615.391891891893,66.92344090795748,2.3351302428475025,0.035028364606126586,1.8538697451456105,1.1796838202954083,0.635281201764168,6440_8239
2198,0,82116.37234042553,61.06721158127056,5.268545882597875,0.08690369845501542,5.4250597337478865,4.462927382114305,0.8089068192832485,82385.6170212766,62.21975844054804,5.871282881909104,0.09511816966892853,4.893457363211989,4.454178522653825,0.8849167947691904,8318_8309
2199,1,85340.30208333333,60.67984525211106,5.787408772564018,0.09590768641120674,5.704651758728542,4.8056867475512295,0.8305317020369288,85714.96875,61.69261533279362,6.58640048044304,0.10747942760592205,5.206947868689697,4.94672752343723,0.9292940492914951,8318_8309
2200,2,86940.87368421053,60.54524440013605,5.66447381398622,0.09423172959768965,5.81807826908026,4.750808769053488,0.8052082969213603,87234.81052631579,61.629721772625714,6.415010687167922,0.10493086040079674,5.278427708597845,4.782618707152573,0.8861786052663472,8318_8309
2201,3,87329.85555555555,60.53727738111904,5.701636694208312,0.0951200825570206,5.906324720540613,4.796608045330173,0.7966667721984473,87550.11111111111,61.85748301638535,5.996517917880214,0.09771847790748575,5.23478654027716,4.545624382060594,0.8492008758983497,8318_8309
2202,4,91064.93617021276,60.721369234370876,4.922550854894489,0.08219602072868931,5.981998072828529,4.393038273362457,0.7207825012472812,91860.06382978724,62.04498003118987,5.3361705135745865,0.08708008968482743,5.305670396221862,4.1624263087677695,0.7638402692455857,8318_8309
2203,5,72312.02197802198,63.25947663369646,2.349644132561505,0.037312470907954025,3.9658329051653998,2.1391068051089457,0.5389469462757351,72211.91304347826,64.54419375976069,2.3994670808432574,0.03732973927510934,3.5299354071183773,1.848459654599161,0.521707025760465,8318_8309
2204,6,58273.558139534885,64.08193891906043,2.367866300794122,0.03707164027680481,3.0373200777314566,1.8052555549168618,0.5941696866539441,58056.137931034486,65.2163893948012,2.464985191846914,0.03802754252475947,2.7565331647767475,1.587663665339748,0.573836253348299,8318_8309
2205,0,76256.53260869565,61.837906187261886,7.379261598891358,0.12032472262182323,4.7117831347521095,4.748138141223776,0.9797575482417566,59416.54255319149,61.50848723996301,7.625571018155129,0.12506200142459878,5.906060382117709,5.282363466398932,0.8746602450876165,8313_6737
2206,1,79041.0947368421,61.085253393235526,8.31128824336208,0.13695553394446222,5.044879200364661,5.259330896658616,1.0199994015279157,61792.114583333336,60.72735941576979,8.535025322747538,0.1414242618005929,6.262125444404592,5.762003795943209,0.902620715382394,8313_6737
2207,2,79927.72631578948,61.04137633765929,8.070284042652476,0.13339251715585307,5.103139622178071,5.210580045742958,0.9978086119770159,62131.336842105266,60.60928394307293,8.683207390155152,0.14424876793449154,6.3902132635733935,5.819452057083038,0.8983241641911178,8313_6737
2208,3,80385.67045454546,61.22040556925954,7.704760768501501,0.1270496592478625,5.059237221589692,4.973912657763721,0.9592705643168112,63260.01111111111,60.76387238659845,8.311809224908554,0.13794646110655595,6.424983609780033,5.599110815892206,0.8540904877163394,8313_6737
2209,4,85489.9247311828,61.33974302361839,7.179236805669082,0.11849266580735496,5.147557911089352,4.714858561869447,0.890458529140119,65957.1170212766,60.80794507332913,8.179286821425652,0.13612685059189578,6.587846500227184,5.445185302709449,0.8106926889942259,8313_6737
2210,5,68391.3111111111,64.38755842423818,3.1827909863785147,0.05018212265579794,3.305788082601575,2.033775605210691,0.5935816492272602,54596.692307692305,64.32104678170658,3.58770157039607,0.05684197602942998,4.438473793806647,2.6530918027280506,0.5793394787464401,8313_6737
2211,6,54615.37209302326,65.4002128285615,2.6873652192483406,0.04142962456884348,2.491125312236072,1.5529659977711974,0.612818462374689,43787.941860465115,65.24257277894041,2.76646822528202,0.042890467892128234,3.3605564809834947,1.982404781488161,0.5811383859326619,8313_6737
2212,0,82385.6170212766,62.21975844054804,5.871282881909104,0.09511816966892853,4.893457363211989,4.454178522653825,0.8849167947691904,76256.53260869565,61.837906187261886,7.379261598891358,0.12032472262182323,4.7117831347521095,4.748138141223776,0.9797575482417566,8309_8313
2213,1,85714.96875,61.69261533279362,6.58640048044304,0.10747942760592205,5.206947868689697,4.94672752343723,0.9292940492914951,79041.0947368421,61.085253393235526,8.31128824336208,0.13695553394446222,5.044879200364661,5.259330896658616,1.0199994015279157,8309_8313
2214,2,87234.81052631579,61.629721772625714,6.415010687167922,0.10493086040079674,5.278427708597845,4.782618707152573,0.8861786052663472,79927.72631578948,61.04137633765929,8.070284042652476,0.13339251715585307,5.103139622178071,5.210580045742958,0.9978086119770159,8309_8313
2215,3,87550.11111111111,61.85748301638535,5.996517917880214,0.09771847790748575,5.23478654027716,4.545624382060594,0.8492008758983497,80385.67045454546,61.22040556925954,7.704760768501501,0.1270496592478625,5.059237221589692,4.973912657763721,0.9592705643168112,8309_8313
2216,4,91860.06382978724,62.04498003118987,5.3361705135745865,0.08708008968482743,5.305670396221862,4.1624263087677695,0.7638402692455857,85489.9247311828,61.33974302361839,7.179236805669082,0.11849266580735496,5.147557911089352,4.714858561869447,0.890458529140119,8309_8313
2217,5,72211.91304347826,64.54419375976069,2.3994670808432574,0.03732973927510934,3.5299354071183773,1.848459654599161,0.521707025760465,68391.3111111111,64.38755842423818,3.1827909863785147,0.05018212265579794,3.305788082601575,2.033775605210691,0.5935816492272602,8309_8313
2218,6,58056.137931034486,65.2163893948012,2.464985191846914,0.03802754252475947,2.7565331647767475,1.587663665339748,0.573836253348299,54615.37209302326,65.4002128285615,2.6873652192483406,0.04142962456884348,2.491125312236072,1.5529659977711974,0.612818462374689,8309_8313
2219,0,30328.602150537634,51.191060176073265,5.256118317400885,0.10349646345002485,7.478433598860585,5.405220537630519,0.7188801286207666,38823.58064516129,54.86964774246719,2.938443733830933,0.05377701207820516,5.464646960822047,4.0171814352082595,0.7361917459794484,8274_8272
2220,1,31286.315789473683,50.52188436442239,5.575456620587449,0.11132306561632768,7.78153887637624,5.637675897651991,0.7161895418086411,40234.708333333336,54.37364824169197,3.172369031705239,0.058620086706419605,5.7880673917131915,4.27781590775709,0.7342022841690877,8274_8272
2221,2,31511.36170212766,50.2128108538169,5.665217314167334,0.11358581034631536,8.089505839638269,5.803551372640072,0.710879910058795,40055.663157894734,54.27238918661797,3.0691122466951244,0.056848525448216926,5.805864356317749,4.207372158518051,0.7162905741304662,8274_8272
2222,3,31622.01111111111,50.2144544593021,5.744904343841474,0.11517339398568473,8.163842135186734,5.78315138069997,0.702744098080542,40827.14444444444,54.20083816182319,3.276370485574604,0.060728568704121015,6.037801011978271,4.315750429382859,0.7136460896030086,8274_8272
2223,4,33260.58064516129,49.91474154298519,5.98735478925634,0.12113371220787295,8.607701749762873,6.096229884202214,0.7022053099683461,42587.39361702128,54.25525487458042,3.320836687193473,0.0618599175099016,6.1513460848802906,4.454982998350602,0.714714956025756,8274_8272
2224,5,27116.522222222222,53.48778956431643,4.066845180613271,0.07706218129935785,5.694978312566682,3.4334091776651254,0.5932282508239828,30236.725274725275,56.20968675583049,2.532975418737828,0.04525090574817945,3.708823427259898,1.9989042464120024,0.5366023806426071,8274_8272
2225,6,21209.788235294116,55.101788617902926,3.3425893651553884,0.061382561220374,4.1297264950431885,2.5195351291790846,0.6036692980939117,23791.470588235294,57.02321756265769,2.6284924150030813,0.046319897994193206,2.7684281802436104,1.6541664491354582,0.5888028384113585,8274_8272
2226,0,38823.58064516129,54.86964774246719,2.938443733830933,0.05377701207820516,5.464646960822047,4.0171814352082595,0.7361917459794484,39342.784946236556,60.995989557026206,2.7502742242854064,0.04526724153513583,3.649086106561694,2.8305399070796153,0.7636054481178707,8272_8254
2227,1,40234.708333333336,54.37364824169197,3.172369031705239,0.058620086706419605,5.7880673917131915,4.27781590775709,0.7342022841690877,41105.04255319149,60.54256624509649,3.1192051485776044,0.051708241317798005,3.812771926680981,3.07806075377548,0.799533528417131,8272_8254
2228,2,40055.663157894734,54.27238918661797,3.0691122466951244,0.056848525448216926,5.805864356317749,4.207372158518051,0.7162905741304662,41174.3870967742,60.44782283102995,3.024187377216633,0.05022288688984583,3.9857719408351375,3.2868632222004424,0.7844215677052382,8272_8254
2229,3,40827.14444444444,54.20083816182319,3.276370485574604,0.060728568704121015,6.037801011978271,4.315750429382859,0.7136460896030086,40767.85555555556,60.37202344510221,3.431332322344078,0.05717257093371282,3.9623113115853217,3.0996676607756903,0.7533774062375173,8272_8254
2230,4,42587.39361702128,54.25525487458042,3.320836687193473,0.0618599175099016,6.1513460848802906,4.454982998350602,0.714714956025756,43410.04255319149,60.45340377868042,3.3341683975298855,0.05610153273436852,4.145419073962007,3.283138615892602,0.760661202171275,8272_8254
2231,5,30236.725274725275,56.20968675583049,2.532975418737828,0.04525090574817945,3.708823427259898,1.9989042464120024,0.5366023806426071,32591.847826086956,62.514693677951165,2.8800816208776787,0.046265030780862304,2.7801388225065384,1.8848856466139623,0.6583213736894011,8272_8254
2232,6,23791.470588235294,57.02321756265769,2.6284924150030813,0.046319897994193206,2.7684281802436104,1.6541664491354582,0.5888028384113585,26112.988505747126,63.26587951042244,2.88995577037482,0.04599762438552669,2.2080024237517124,1.8939578144636715,0.7570179780638041,8272_8254
2233,0,59416.54255319149,61.50848723996301,7.625571018155129,0.12506200142459878,5.906060382117709,5.282363466398932,0.8746602450876165,55043.49438202247,57.22532467905628,6.905059217570559,0.12177953486817956,7.789420029230217,6.034260980740053,0.765489773911692,6737_6230
2234,1,61792.114583333336,60.72735941576979,8.535025322747538,0.1414242618005929,6.262125444404592,5.762003795943209,0.902620715382394,56275.90217391304,56.3602684648788,7.461692127383373,0.13359662483155213,8.1814066865945,6.398548634436175,0.773313733600146,6737_6230
2235,2,62131.336842105266,60.60928394307293,8.683207390155152,0.14424876793449154,6.3902132635733935,5.819452057083038,0.8983241641911178,57405.67391304348,55.90816429102777,7.9655112131721575,0.14365293183883174,8.523096134731874,6.621835521811508,0.7703516627830456,6737_6230
2236,3,63260.01111111111,60.76387238659845,8.311809224908554,0.13794646110655595,6.424983609780033,5.599110815892206,0.8540904877163394,57832.56976744186,55.900128440995644,7.8834906810661485,0.14254359067914635,8.617662262676882,6.586799772544794,0.7578418682444793,6737_6230
2237,4,65957.1170212766,60.80794507332913,8.179286821425652,0.13612685059189578,6.587846500227184,5.445185302709449,0.8106926889942259,60741.444444444445,55.94600502222222,7.924865962778928,0.14348381445733782,8.952351134420564,6.48855845864204,0.718951129756354,6737_6230
2238,5,54596.692307692305,64.32104678170658,3.58770157039607,0.05684197602942998,4.438473793806647,2.6530918027280506,0.5793394787464401,47803.73863636364,60.15177311309298,4.2270196244005,0.07114179876827137,5.9328826923051,3.4763205395024843,0.5823436081136877,6737_6230
2239,6,43787.941860465115,65.24257277894041,2.76646822528202,0.042890467892128234,3.3605564809834947,1.982404781488161,0.5811383859326619,38464.42682926829,61.57123542046587,3.181772550412891,0.05229308065527711,4.329027064731693,2.557484235450117,0.589746652561923,6737_6230
2240,0,55043.49438202247,57.22532467905628,6.905059217570559,0.12177953486817956,7.789420029230217,6.034260980740053,0.765489773911692,30328.602150537634,51.191060176073265,5.256118317400885,0.10349646345002485,7.478433598860585,5.405220537630519,0.7188801286207666,6230_8274
2241,1,56275.90217391304,56.3602684648788,7.461692127383373,0.13359662483155213,8.1814066865945,6.398548634436175,0.773313733600146,31286.315789473683,50.52188436442239,5.575456620587449,0.11132306561632768,7.78153887637624,5.637675897651991,0.7161895418086411,6230_8274
2242,2,57405.67391304348,55.90816429102777,7.9655112131721575,0.14365293183883174,8.523096134731874,6.621835521811508,0.7703516627830456,31511.36170212766,50.2128108538169,5.665217314167334,0.11358581034631536,8.089505839638269,5.803551372640072,0.710879910058795,6230_8274
2243,3,57832.56976744186,55.900128440995644,7.8834906810661485,0.14254359067914635,8.617662262676882,6.586799772544794,0.7578418682444793,31622.01111111111,50.2144544593021,5.744904343841474,0.11517339398568473,8.163842135186734,5.78315138069997,0.702744098080542,6230_8274
2244,4,60741.444444444445,55.94600502222222,7.924865962778928,0.14348381445733782,8.952351134420564,6.48855845864204,0.718951129756354,33260.58064516129,49.91474154298519,5.98735478925634,0.12113371220787295,8.607701749762873,6.096229884202214,0.7022053099683461,6230_8274
2245,5,47803.73863636364,60.15177311309298,4.2270196244005,0.07114179876827137,5.9328826923051,3.4763205395024843,0.5823436081136877,27116.522222222222,53.48778956431643,4.066845180613271,0.07706218129935785,5.694978312566682,3.4334091776651254,0.5932282508239828,6230_8274
2246,6,38464.42682926829,61.57123542046587,3.181772550412891,0.05229308065527711,4.329027064731693,2.557484235450117,0.589746652561923,21209.788235294116,55.101788617902926,3.3425893651553884,0.061382561220374,4.1297264950431885,2.5195351291790846,0.6036692980939117,6230_8274
2247,0,7537.872340425532,54.30925517573959,3.1626046994292363,0.058382145320715756,0.41222868837909826,0.4769928267407255,1.016706619259155,70880.89361702128,63.88199378152468,4.715861670906252,0.07474968575659077,4.645471150082286,4.296347435779089,0.8885388603991609,6307_6229
2248,1,7752.729166666667,54.34162797975,3.2140695161986756,0.059199408722676206,0.4045892458843627,0.4420364303976589,1.1022765390007614,73691.21875,63.33347896863126,5.821180162294169,0.09282182812657645,5.018283007382522,4.9584021139813546,0.9558858813283675,6307_6229
2249,2,7714.436170212766,54.310198747305975,3.172470463334653,0.05842697326807996,0.39458626047903816,0.4179698171008167,1.0597452834604455,75124.01052631579,63.409047452395086,5.389272554115389,0.08566728125565579,5.0353962889308175,4.677385025778181,0.9053959870120775,6307_6229
2250,3,7890.38202247191,54.346505925254284,3.1711750077058087,0.05837514377766419,0.41863436224496603,0.4514474547393295,1.051864633976977,75053.1,63.46415536410442,5.379780486498659,0.08599575756892247,5.111168317873076,4.731181052465091,0.8887165726517563,6307_6229
2251,4,8282.627659574468,54.47740356774884,3.0924616319867515,0.05679911887110877,0.41882380784821865,0.36579331715444996,0.858951764350564,78561.14893617021,64.0831570180028,3.6176203501424666,0.05732271475682397,4.931410076659119,3.7336535200219183,0.7338054402701709,6307_6229
2252,5,6732.152173913043,54.53058038958872,2.918328045872795,0.05352991721028707,0.3269457389501464,0.23265813706747196,0.7338974754407562,60118.05434782609,65.86734021730969,1.8689296527306947,0.028474780105704253,3.2453881227336656,1.8167754173081,0.5599540912033998,6307_6229
2253,6,5584.781609195402,54.44516540688699,3.0862763549550474,0.05669721705906086,0.26616527942914675,0.22195812426066913,0.8803003731969263,48128.747126436785,66.43411837183199,2.1422799421733174,0.032336898088574886,2.5127060440569235,1.6174236703526779,0.6371063413296979,6307_6229
2254,0,80240.42391304347,62.04888638880506,6.423759707489968,0.10448702798464103,4.167318122387323,4.2660569502892765,0.9869655231801208,74231.25806451614,61.77694050833013,7.85548683352473,0.1281721718411682,5.733556861535998,6.096625068779894,1.034839150815924,8353_6185
2255,1,84168.64210526316,61.26477641806942,7.837699660851796,0.12879528066659052,4.60685228431052,5.192454830593037,1.0950205018219032,76595.34736842105,60.91872126468531,9.204102303081998,0.1521386243066007,6.2404651143349685,6.960619133340046,1.0908100707429793,8353_6185
2256,2,85434.08510638298,61.38112632221513,7.268798234904229,0.11911754673333512,4.561032588382311,4.808961017536553,1.0293003586585179,78046.73404255319,60.94454230353158,8.795100361769391,0.14538926684608192,6.291817068259921,6.728997057681008,1.0475427855698358,8353_6185
2257,3,85191.41573033707,61.563824504356205,7.179428514668122,0.11743757710888221,4.560822063075494,4.7033439783428745,1.001344268651386,78270.98876404495,61.07687329805918,8.752202041999588,0.14457603590943088,6.319977089789864,6.657715113285836,1.028395575278423,8353_6185
2258,4,89175.17204301075,62.1740253745718,5.326706073665086,0.08667145862801458,4.362495358796729,3.6409428482123634,0.8116832889721362,81983.18085106384,61.924656752336276,6.675575845206954,0.10963085968759245,6.040285836450585,5.328321620267625,0.8580162826908085,8353_6185
2259,5,69877.31460674158,64.78107147166945,2.090946887848002,0.03236692121020458,2.783375159827152,1.4952124525345465,0.5370072263914846,65116.09782608696,65.07959042303328,2.3070934797818223,0.03559015112513115,3.7958141050423535,2.0404008528431503,0.5368445958330831,8353_6185
2260,6,56194.380952380954,65.44127094450955,2.3144083094131522,0.035529666796038736,2.1869313032975364,1.358372585507573,0.6113004310410014,52624.471264367814,65.56906624605612,2.6188592796491927,0.040108373590370595,3.012153362379315,1.8489023941041525,0.6075938760452662,8353_6185
2261,0,73762.34782608696,63.907010900658086,2.7673575991717034,0.04360773034389573,3.991495126195981,3.057018139094832,0.7516095002309705,,,,,,,,8188_6226
2262,1,76643.56842105264,63.71487870265583,3.066197850815804,0.04841935716378042,4.161828169281195,3.217006909949295,0.762725738330953,,,,,,,,8188_6226
2263,2,77752.41052631578,63.65965746549415,3.000549223270312,0.04735758579619122,4.222129446858181,3.1405122562984658,0.7371894336086139,,,,,,,,8188_6226
2264,3,78308.1,63.65514585996533,3.184001992911433,0.050405115996869775,4.306882185872597,3.25765461188649,0.7451338137948628,,,,,,,,8188_6226
2265,4,81574.64893617021,64.02463287958673,2.3495936675048097,0.03692454210232214,4.3389188620069445,2.9171252664448026,0.6668935471990016,,,,,,,,8188_6226
2266,5,63771.25555555556,65.382207655402,1.69433751994023,0.02596863816503408,3.0190987110837124,1.6759691129380014,0.5548825239253624,,,,,,,,8188_6226
2267,6,50987.23529411765,65.89213214824156,1.8518726471222835,0.028132703702911044,2.313719150197407,1.4082878005763522,0.6087999881525523,,,,,,,,8188_6226
2268,0,70880.89361702128,63.88199378152468,4.715861670906252,0.07474968575659077,4.645471150082286,4.296347435779089,0.8885388603991609,75758.64893617021,66.36472315455515,5.75166093384078,0.08766779401579233,4.542253724213181,4.585260267926758,0.968660194990986,6229_6177
2269,1,73691.21875,63.33347896863126,5.821180162294169,0.09282182812657645,5.018283007382522,4.9584021139813546,0.9558858813283675,78501.86458333333,65.66175926311205,7.259297974654268,0.11142221769845645,4.9483980180584926,5.348460745102069,1.0466281754113063,6229_6177
2270,2,75124.01052631579,63.409047452395086,5.389272554115389,0.08566728125565579,5.0353962889308175,4.677385025778181,0.9053959870120775,79288.43157894736,65.7681689287125,6.750232984769691,0.10342886168692883,4.972126943121324,5.059999345422875,0.9927853313521265,6229_6177
2271,3,75053.1,63.46415536410442,5.379780486498659,0.08599575756892247,5.111168317873076,4.731181052465091,0.8887165726517563,80009.65555555555,65.97344169943946,6.4471608408173084,0.09879934634872457,4.975420048696877,4.9831557827567785,0.9632980769123749,6229_6177
2272,4,78561.14893617021,64.0831570180028,3.6176203501424666,0.05732271475682397,4.931410076659119,3.7336535200219183,0.7338054402701709,83989.36170212766,66.67686744796188,4.505688528490836,0.06866474302715933,4.813153572996371,3.925300219357247,0.7872140142315686,6229_6177
2273,5,60118.05434782609,65.86734021730969,1.8689296527306947,0.028474780105704253,3.2453881227336656,1.8167754173081,0.5599540912033998,64971.663043478264,68.89829659338108,2.091480996615843,0.03044638701763214,3.0877454371592314,1.7652940530312509,0.5716170272375746,6229_6177
2274,6,48128.747126436785,66.43411837183199,2.1422799421733174,0.032336898088574886,2.5127060440569235,1.6174236703526779,0.6371063413296979,52200.3908045977,69.30193637797356,2.3490470710440423,0.03400612274570131,2.3606739118460625,1.534211875544971,0.6429660685077926,6229_6177
2275,0,,,,,,,,7537.872340425532,54.30925517573959,3.1626046994292363,0.058382145320715756,0.41222868837909826,0.4769928267407255,1.016706619259155,6226_6307
2276,1,,,,,,,,7752.729166666667,54.34162797975,3.2140695161986756,0.059199408722676206,0.4045892458843627,0.4420364303976589,1.1022765390007614,6226_6307
2277,2,,,,,,,,7714.436170212766,54.310198747305975,3.172470463334653,0.05842697326807996,0.39458626047903816,0.4179698171008167,1.0597452834604455,6226_6307
2278,3,,,,,,,,7890.38202247191,54.346505925254284,3.1711750077058087,0.05837514377766419,0.41863436224496603,0.4514474547393295,1.051864633976977,6226_6307
2279,4,,,,,,,,8282.627659574468,54.47740356774884,3.0924616319867515,0.05679911887110877,0.41882380784821865,0.36579331715444996,0.858951764350564,6226_6307
2280,5,,,,,,,,6732.152173913043,54.53058038958872,2.918328045872795,0.05352991721028707,0.3269457389501464,0.23265813706747196,0.7338974754407562,6226_6307
2281,6,,,,,,,,5584.781609195402,54.44516540688699,3.0862763549550474,0.05669721705906086,0.26616527942914675,0.22195812426066913,0.8803003731969263,6226_6307
2282,0,74231.25806451614,61.77694050833013,7.85548683352473,0.1281721718411682,5.733556861535998,6.096625068779894,1.034839150815924,82116.37234042553,61.06721158127056,5.268545882597875,0.08690369845501542,5.4250597337478865,4.462927382114305,0.8089068192832485,6185_8318
2283,1,76595.34736842105,60.91872126468531,9.204102303081998,0.1521386243066007,6.2404651143349685,6.960619133340046,1.0908100707429793,85340.30208333333,60.67984525211106,5.787408772564018,0.09590768641120674,5.704651758728542,4.8056867475512295,0.8305317020369288,6185_8318
2284,2,78046.73404255319,60.94454230353158,8.795100361769391,0.14538926684608192,6.291817068259921,6.728997057681008,1.0475427855698358,86940.87368421053,60.54524440013605,5.66447381398622,0.09423172959768965,5.81807826908026,4.750808769053488,0.8052082969213603,6185_8318
2285,3,78270.98876404495,61.07687329805918,8.752202041999588,0.14457603590943088,6.319977089789864,6.657715113285836,1.028395575278423,87329.85555555555,60.53727738111904,5.701636694208312,0.0951200825570206,5.906324720540613,4.796608045330173,0.7966667721984473,6185_8318
2286,4,81983.18085106384,61.924656752336276,6.675575845206954,0.10963085968759245,6.040285836450585,5.328321620267625,0.8580162826908085,91064.93617021276,60.721369234370876,4.922550854894489,0.08219602072868931,5.981998072828529,4.393038273362457,0.7207825012472812,6185_8318
2287,5,65116.09782608696,65.07959042303328,2.3070934797818223,0.03559015112513115,3.7958141050423535,2.0404008528431503,0.5368445958330831,72312.02197802198,63.25947663369646,2.349644132561505,0.037312470907954025,3.9658329051653998,2.1391068051089457,0.5389469462757351,6185_8318
2288,6,52624.471264367814,65.56906624605612,2.6188592796491927,0.040108373590370595,3.012153362379315,1.8489023941041525,0.6075938760452662,58273.558139534885,64.08193891906043,2.367866300794122,0.03707164027680481,3.0373200777314566,1.8052555549168618,0.5941696866539441,6185_8318
2289,0,75758.64893617021,66.36472315455515,5.75166093384078,0.08766779401579233,4.542253724213181,4.585260267926758,0.968660194990986,80240.42391304347,62.04888638880506,6.423759707489968,0.10448702798464103,4.167318122387323,4.2660569502892765,0.9869655231801208,6177_8353
2290,1,78501.86458333333,65.66175926311205,7.259297974654268,0.11142221769845645,4.9483980180584926,5.348460745102069,1.0466281754113063,84168.64210526316,61.26477641806942,7.837699660851796,0.12879528066659052,4.60685228431052,5.192454830593037,1.0950205018219032,6177_8353
2291,2,79288.43157894736,65.7681689287125,6.750232984769691,0.10342886168692883,4.972126943121324,5.059999345422875,0.9927853313521265,85434.08510638298,61.38112632221513,7.268798234904229,0.11911754673333512,4.561032588382311,4.808961017536553,1.0293003586585179,6177_8353
2292,3,80009.65555555555,65.97344169943946,6.4471608408173084,0.09879934634872457,4.975420048696877,4.9831557827567785,0.9632980769123749,85191.41573033707,61.563824504356205,7.179428514668122,0.11743757710888221,4.560822063075494,4.7033439783428745,1.001344268651386,6177_8353
2293,4,83989.36170212766,66.67686744796188,4.505688528490836,0.06866474302715933,4.813153572996371,3.925300219357247,0.7872140142315686,89175.17204301075,62.1740253745718,5.326706073665086,0.08667145862801458,4.362495358796729,3.6409428482123634,0.8116832889721362,6177_8353
2294,5,64971.663043478264,68.89829659338108,2.091480996615843,0.03044638701763214,3.0877454371592314,1.7652940530312509,0.5716170272375746,69877.31460674158,64.78107147166945,2.090946887848002,0.03236692121020458,2.783375159827152,1.4952124525345465,0.5370072263914846,6177_8353
2295,6,52200.3908045977,69.30193637797356,2.3490470710440423,0.03400612274570131,2.3606739118460625,1.534211875544971,0.6429660685077926,56194.380952380954,65.44127094450955,2.3144083094131522,0.035529666796038736,2.1869313032975364,1.358372585507573,0.6113004310410014,6177_8353
2296,0,66242.56989247311,66.52714439224634,5.865017128561915,0.08916871743887664,3.711721515624116,3.9392414968862077,1.0199361899848847,68410.1170212766,66.10699158469284,6.978725886867968,0.10687762619352181,4.991442808047262,5.347030885318157,1.0361235107195852,8427_6883
2297,1,69385.27368421052,66.06150702722961,6.887221893796776,0.10501676002080611,3.9743235848310063,4.409224267983365,1.077534839534705,72017.28421052631,65.67383173433167,7.720929670911739,0.11840833141157518,5.276064974356795,5.7567639005894895,1.0664587871570013,8427_6883
2298,2,69775.4255319149,65.84931824222066,7.190955278634706,0.11016723180015152,4.107746926076871,4.495860827994403,1.0615393125148695,72888.9052631579,65.68103240850041,7.851701162881283,0.12030565229199365,5.4134438819304505,5.796631988484725,1.049397867243252,8427_6883
2299,3,70747.6404494382,66.18829422149513,6.705469790055447,0.10214985358562481,4.047574366915268,4.304701969346057,1.0312626239806661,73368.56666666667,65.95295395542131,7.562903731281357,0.11559784555671122,5.37247432096043,5.6018618241014995,1.0184781263404723,8427_6883
2300,4,74184.79787234042,67.1601325111317,4.1573716245671815,0.062275309186009195,3.839419995534837,3.188624490546127,0.8137578534283196,77331.72340425532,66.86440169889119,5.429146816278573,0.08172631648213637,5.164779881293247,4.470966841565706,0.8495863359349439,8427_6883
2301,5,56684.282608695656,68.85690592355846,1.636083140426815,0.02378109528973931,2.5023442408337893,1.452941811540825,0.5803078776446321,58765.57608695652,69.26760732197921,2.3161045341102633,0.033424748831073464,3.299104554987019,1.96993810785754,0.5969654261018326,8427_6883
2302,6,45048.58139534884,69.10758636413776,1.8499700907193128,0.02681433498721957,1.9042351604719605,1.230093072203993,0.6460591788401249,46690.3908045977,69.49147276597446,2.5384705447485705,0.036542572822476416,2.517816684683791,1.6603966265661263,0.6585528740880503,8427_6883
2303,0,59299.14893617021,63.40606602843245,5.0572152103797,0.08064376008687185,3.8491941867251014,4.133295329111051,1.0327180396249884,66242.56989247311,66.52714439224634,5.865017128561915,0.08916871743887664,3.711721515624116,3.9392414968862077,1.0199361899848847,8406_8427
2304,1,62342.291666666664,62.93259823186862,5.986829725499184,0.09576186087962679,4.147532362716472,4.660010962350525,1.0908971515293857,69385.27368421052,66.06150702722961,6.887221893796776,0.10501676002080611,3.9743235848310063,4.409224267983365,1.077534839534705,8406_8427
2305,2,63188.68421052631,62.8223542027099,6.188618956472067,0.09912144040081762,4.276721681804357,4.735503665347077,1.0749545817033048,69775.4255319149,65.84931824222066,7.190955278634706,0.11016723180015152,4.107746926076871,4.495860827994403,1.0615393125148695,8406_8427
2306,3,63369.6,63.03882505112317,5.8980893269463435,0.09422177868585709,4.244889684194501,4.589978688808031,1.0490713932737097,70747.6404494382,66.18829422149513,6.705469790055447,0.10214985358562481,4.047574366915268,4.304701969346057,1.0312626239806661,8406_8427
2307,4,66569.9574468085,63.8535935295831,3.632996322016785,0.05718226766792942,4.020390291942655,3.367741836966863,0.821604160198367,74184.79787234042,67.1601325111317,4.1573716245671815,0.062275309186009195,3.839419995534837,3.188624490546127,0.8137578534283196,8406_8427
2308,5,50210.065217391304,65.65056166720153,1.8863098268768435,0.028783764255957932,2.607276453550147,1.6072110748504789,0.6162199900777425,56684.282608695656,68.85690592355846,1.636083140426815,0.02378109528973931,2.5023442408337893,1.452941811540825,0.5803078776446321,8406_8427
2309,6,39667.51724137931,65.93607832757885,2.1461129111603334,0.032616457339175835,1.9759508474745102,1.3714024495930737,0.6931830626829567,45048.58139534884,69.10758636413776,1.8499700907193128,0.02681433498721957,1.9042351604719605,1.230093072203993,0.6460591788401249,8406_8427
2310,0,66766.02127659574,62.90081893982258,3.4107738431639305,0.05451740366678289,4.410423600640703,3.6338724468885863,0.8090259497866178,62151.063829787236,64.8776096065303,3.5018490134692604,0.05434896462034099,4.794624647456361,4.172505345692331,0.8525967417335361,8376_6256
2311,1,70140.07368421053,62.61990181002741,3.6420625028088813,0.05851867468446936,4.6367348937320845,3.802467593346307,0.8070287879397157,64991.625,64.53668678291592,3.834538536675829,0.059883718469226355,5.058685100280729,4.402168279291479,0.8550930177062889,8376_6256
2312,2,70963.27368421052,62.596364368322426,3.6970119607083456,0.05933702599744604,4.7496828954859005,3.8012377441655616,0.7908599269157677,66023.8947368421,64.51856625939767,3.844566548788446,0.05991876356942876,5.181804978505642,4.3987767851506385,0.8367980881264684,8376_6256
2313,3,71288.0,62.68796369416953,3.745951817135482,0.06013794609985765,4.783035997142424,3.804235228987831,0.7844636516522445,66230.07777777778,64.59171705209475,3.8921556483370647,0.06069074188294252,5.228725908002117,4.419013793391408,0.8310127394055462,8376_6256
2314,4,75006.93617021276,62.983001769483344,2.9111616639867584,0.04640554736160677,4.83583467385847,3.4041696225369376,0.6974834156083604,69493.70212765958,64.94698295756321,2.879547139680103,0.044601791342909605,5.254499555570108,3.8837769220889378,0.7309178410236065,8376_6256
2315,5,56480.282608695656,64.75367397135832,2.1508562005029317,0.03326995757703215,3.3005081979219613,1.8754365641374537,0.5681175944774068,53120.25,66.87393906456202,1.9918072760528123,0.029837838013519472,3.5015914216071273,2.0722914837128315,0.5917418890376952,8376_6256
2316,6,44583.45977011494,65.1862520250065,2.372352904698048,0.03646012951847815,2.5335516599954686,1.5830480381373018,0.6246154142603866,42266.06896551724,67.36860601411675,2.2434109706400616,0.03335854826864022,2.646773212186343,1.7440742310912456,0.6583474472972738,8376_6256
2317,0,58883.344086021505,66.22190965479967,4.217392933998311,0.06418777950563649,3.37245371300864,3.225975314243984,0.9255551306804946,59299.14893617021,63.40606602843245,5.0572152103797,0.08064376008687185,3.8491941867251014,4.133295329111051,1.0327180396249884,6918_8406
2318,1,60823.10638297872,65.69604656455381,5.063403614576668,0.0773139043618651,3.5645179663123674,3.603310996849152,0.9856083456222594,62342.291666666664,62.93259823186862,5.986829725499184,0.09576186087962679,4.147532362716472,4.660010962350525,1.0908971515293857,6918_8406
2319,2,61681.436170212764,65.55339458845576,5.240232622953525,0.08038313460965289,3.7040575422243966,3.6972036589635797,0.9741828025355003,63188.68421052631,62.8223542027099,6.188618956472067,0.09912144040081762,4.276721681804357,4.735503665347077,1.0749545817033048,6918_8406
2320,3,62085.70786516854,65.73773943119296,5.106366840846384,0.07814476661074755,3.7154566668364684,3.6531173709897335,0.9538206937626399,63369.6,63.03882505112317,5.8980893269463435,0.09422177868585709,4.244889684194501,4.589978688808031,1.0490713932737097,6918_8406
2321,4,64581.98924731183,66.31389434619788,3.3965881527608834,0.05160071357625956,3.624267449616459,2.927641295875575,0.7887938166800066,66569.9574468085,63.8535935295831,3.632996322016785,0.05718226766792942,4.020390291942655,3.367741836966863,0.821604160198367,6918_8406
2322,5,48795.57142857143,68.0803534260558,1.8278816858210467,0.026886092291118116,2.3023530784861723,1.2787184656472124,0.5554038368078643,50210.065217391304,65.65056166720153,1.8863098268768435,0.028783764255957932,2.607276453550147,1.6072110748504789,0.6162199900777425,6918_8406
2323,6,39652.20930232558,68.44414912195191,2.0324769289032245,0.029724544272694636,1.7940306587928305,1.1255337445396139,0.6252588876136683,39667.51724137931,65.93607832757885,2.1461129111603334,0.032616457339175835,1.9759508474745102,1.3714024495930737,0.6931830626829567,6918_8406
2324,0,68410.1170212766,66.10699158469284,6.978725886867968,0.10687762619352181,4.991442808047262,5.347030885318157,1.0361235107195852,66766.02127659574,62.90081893982258,3.4107738431639305,0.05451740366678289,4.410423600640703,3.6338724468885863,0.8090259497866178,6883_8376
2325,1,72017.28421052631,65.67383173433167,7.720929670911739,0.11840833141157518,5.276064974356795,5.7567639005894895,1.0664587871570013,70140.07368421053,62.61990181002741,3.6420625028088813,0.05851867468446936,4.6367348937320845,3.802467593346307,0.8070287879397157,6883_8376
2326,2,72888.9052631579,65.68103240850041,7.851701162881283,0.12030565229199365,5.4134438819304505,5.796631988484725,1.049397867243252,70963.27368421052,62.596364368322426,3.6970119607083456,0.05933702599744604,4.7496828954859005,3.8012377441655616,0.7908599269157677,6883_8376
2327,3,73368.56666666667,65.95295395542131,7.562903731281357,0.11559784555671122,5.37247432096043,5.6018618241014995,1.0184781263404723,71288.0,62.68796369416953,3.745951817135482,0.06013794609985765,4.783035997142424,3.804235228987831,0.7844636516522445,6883_8376
2328,4,77331.72340425532,66.86440169889119,5.429146816278573,0.08172631648213637,5.164779881293247,4.470966841565706,0.8495863359349439,75006.93617021276,62.983001769483344,2.9111616639867584,0.04640554736160677,4.83583467385847,3.4041696225369376,0.6974834156083604,6883_8376
2329,5,58765.57608695652,69.26760732197921,2.3161045341102633,0.033424748831073464,3.299104554987019,1.96993810785754,0.5969654261018326,56480.282608695656,64.75367397135832,2.1508562005029317,0.03326995757703215,3.3005081979219613,1.8754365641374537,0.5681175944774068,6883_8376
2330,6,46690.3908045977,69.49147276597446,2.5384705447485705,0.036542572822476416,2.517816684683791,1.6603966265661263,0.6585528740880503,44583.45977011494,65.1862520250065,2.372352904698048,0.03646012951847815,2.5335516599954686,1.5830480381373018,0.6246154142603866,6883_8376
2331,0,62151.063829787236,64.8776096065303,3.5018490134692604,0.05434896462034099,4.794624647456361,4.172505345692331,0.8525967417335361,73762.34782608696,63.907010900658086,2.7673575991717034,0.04360773034389573,3.991495126195981,3.057018139094832,0.7516095002309705,6256_8188
2332,1,64991.625,64.53668678291592,3.834538536675829,0.059883718469226355,5.058685100280729,4.402168279291479,0.8550930177062889,76643.56842105264,63.71487870265583,3.066197850815804,0.04841935716378042,4.161828169281195,3.217006909949295,0.762725738330953,6256_8188
2333,2,66023.8947368421,64.51856625939767,3.844566548788446,0.05991876356942876,5.181804978505642,4.3987767851506385,0.8367980881264684,77752.41052631578,63.65965746549415,3.000549223270312,0.04735758579619122,4.222129446858181,3.1405122562984658,0.7371894336086139,6256_8188
2334,3,66230.07777777778,64.59171705209475,3.8921556483370647,0.06069074188294252,5.228725908002117,4.419013793391408,0.8310127394055462,78308.1,63.65514585996533,3.184001992911433,0.050405115996869775,4.306882185872597,3.25765461188649,0.7451338137948628,6256_8188
2335,4,69493.70212765958,64.94698295756321,2.879547139680103,0.044601791342909605,5.254499555570108,3.8837769220889378,0.7309178410236065,81574.64893617021,64.02463287958673,2.3495936675048097,0.03692454210232214,4.3389188620069445,2.9171252664448026,0.6668935471990016,6256_8188
2336,5,53120.25,66.87393906456202,1.9918072760528123,0.029837838013519472,3.5015914216071273,2.0722914837128315,0.5917418890376952,63771.25555555556,65.382207655402,1.69433751994023,0.02596863816503408,3.0190987110837124,1.6759691129380014,0.5548825239253624,6256_8188
2337,6,42266.06896551724,67.36860601411675,2.2434109706400616,0.03335854826864022,2.646773212186343,1.7440742310912456,0.6583474472972738,50987.23529411765,65.89213214824156,1.8518726471222835,0.028132703702911044,2.313719150197407,1.4082878005763522,0.6087999881525523,6256_8188
2338,0,38731.692307692305,62.94560766007963,3.572068238939569,0.05779778902558486,4.17210075126396,3.620861106389302,0.8358049435911199,29063.645161290322,65.29403343582031,3.698954464389603,0.05704368340234551,4.186406113658982,3.43338897045646,0.8092379593286236,8024_6971
2339,1,44815.666666666664,62.97359114731077,3.38781432315283,0.054479382002506405,4.532433618175806,3.6391766508081047,0.8011823807997569,30225.614583333332,64.60680915544286,4.431572378811971,0.06950777107462601,4.4860435121708155,3.731341254074758,0.8192195961494898,8024_6971
2340,2,45732.166666666664,62.68232866750662,3.6565813139388035,0.05862705674614868,4.683060637921749,3.8838273290291663,0.8253646183375114,30953.842105263157,64.41923560104138,4.886929011035371,0.07682319946691574,4.704729642737623,4.079644365641182,0.8481620041591468,8024_6971
2341,3,46014.416666666664,62.48966732132967,3.9135620110921696,0.06300934560983497,4.780088063139279,4.071867198851984,0.8428815590919735,30652.28888888889,64.45457136337271,4.671512095274595,0.07329696473658424,4.703859631466211,3.7836747157017196,0.7874438402086279,8024_6971
2342,4,48104.416666666664,62.95213962509971,2.9160000743881036,0.04662387887736921,4.758835457880597,3.220559515953538,0.6771707330609784,32547.074468085106,64.9235079928048,3.708520888630609,0.05779928139433941,4.693838796498689,3.3214698968894756,0.7010058676978451,8024_6971
2343,5,37892.545454545456,64.90188939147272,2.025302184155021,0.03125844310816765,3.406984524314069,2.109498475668632,0.6194458492856783,25799.989130434784,67.13300441131612,2.387574058219364,0.035705113250973586,3.2906053020957273,2.0788588327832067,0.6241745114447447,8024_6971
2344,6,29509.7,65.30969139459742,2.6493145615149962,0.04063704891719374,2.5235917966477297,1.7301092866094614,0.6864221281482878,20446.441860465115,67.81585071596474,2.370600557947554,0.035049221284318616,2.447257688481144,1.7046436525740842,0.6932765400188544,8024_6971
2345,0,30227.468085106382,65.1926286046275,5.469214417333178,0.08531956424583394,5.139586149676903,4.028370452773956,0.7788082266608706,38731.692307692305,62.94560766007963,3.572068238939569,0.05779778902558486,4.17210075126396,3.620861106389302,0.8358049435911199,8013_8024
2346,1,31766.885416666668,64.47760698489606,5.739013598531769,0.09292981625396861,5.330448627664549,4.161911973425111,0.7796536104228292,44815.666666666664,62.97359114731077,3.38781432315283,0.054479382002506405,4.532433618175806,3.6391766508081047,0.8011823807997569,8013_8024
2347,2,32344.168421052633,64.689094599721,5.949441216516695,0.092581269341165,5.545029623849169,4.422702887428589,0.7927409795738208,45732.166666666664,62.68232866750662,3.6565813139388035,0.05862705674614868,4.683060637921749,3.8838273290291663,0.8253646183375114,8013_8024
2348,3,31292.7,64.56627494390666,5.662488385961298,0.08896395611940087,5.5261479772354996,4.312195633636595,0.7763314017338169,46014.416666666664,62.48966732132967,3.9135620110921696,0.06300934560983497,4.780088063139279,4.071867198851984,0.8428815590919735,8013_8024
2349,4,33225.063829787236,65.0734033482409,4.926543187944599,0.07757076988800952,5.613086367663665,3.8605137085424848,0.6941203126765036,48104.416666666664,62.95213962509971,2.9160000743881036,0.04662387887736921,4.758835457880597,3.220559515953538,0.6771707330609784,8013_8024
2350,5,25810.108695652172,67.94640507704905,3.302030880442595,0.0494968378031872,3.928665750295213,2.433617239304788,0.6219420716224967,37892.545454545456,64.90188939147272,2.025302184155021,0.03125844310816765,3.406984524314069,2.109498475668632,0.6194458492856783,8013_8024
2351,6,20204.689655172413,68.35466880413877,3.575722318601197,0.05707219757192022,3.465055555278127,2.3016579078065464,0.6993391829154668,29509.7,65.30969139459742,2.6493145615149962,0.04063704891719374,2.5235917966477297,1.7301092866094614,0.6864221281482878,8013_8024
2352,0,33078.36170212766,63.66922556637693,4.427494141785782,0.06986602586918438,3.8711884914370005,3.0135478474273025,0.7685055687867496,30227.468085106382,65.1926286046275,5.469214417333178,0.08531956424583394,5.139586149676903,4.028370452773956,0.7788082266608706,8005_8013
2353,1,35048.36170212766,63.245903563708936,4.8020263150208855,0.07623382835232427,4.1585426537413905,3.5146241077298055,0.8166413393433349,31766.885416666668,64.47760698489606,5.739013598531769,0.09292981625396861,5.330448627664549,4.161911973425111,0.7796536104228292,8005_8013
2354,2,35226.56842105263,63.140104202722746,5.007672085408779,0.08019965539184869,4.290163901870568,3.5931137777388416,0.8140563578851323,32344.168421052633,64.689094599721,5.949441216516695,0.092581269341165,5.545029623849169,4.422702887428589,0.7927409795738208,8005_8013
2355,3,34941.26666666667,63.031185767735614,5.130897286967766,0.0821960938985225,4.282302656944879,3.4628176018873686,0.7920156526478696,31292.7,64.56627494390666,5.662488385961298,0.08896395611940087,5.5261479772354996,4.312195633636595,0.7763314017338169,8005_8013
2356,4,37030.436170212764,63.51543366137275,4.141171883855339,0.06558488824547987,4.23279687237036,2.9148540864992207,0.6824684524610479,33225.063829787236,65.0734033482409,4.926543187944599,0.07757076988800952,5.613086367663665,3.8605137085424848,0.6941203126765036,8005_8013
2357,5,28863.467391304348,65.75345076290593,2.9893687692268114,0.045587408038533554,3.071801998619546,1.7893263222597695,0.5819744138155156,25810.108695652172,67.94640507704905,3.302030880442595,0.0494968378031872,3.928665750295213,2.433617239304788,0.6219420716224967,8005_8013
2358,6,22994.674418604653,66.54472923080193,3.2012353168074275,0.04822038283974617,2.338510396860675,1.5067142406787033,0.6491297963358814,20204.689655172413,68.35466880413877,3.575722318601197,0.05707219757192022,3.465055555278127,2.3016579078065464,0.6993391829154668,8005_8013
2359,0,29063.645161290322,65.29403343582031,3.698954464389603,0.05704368340234551,4.186406113658982,3.43338897045646,0.8092379593286236,59173.645161290326,65.26993539118631,2.6626057055688195,0.041004081755984544,3.4910218871176064,2.9128001880027834,0.8203465968783958,6971_6258
2360,1,30225.614583333332,64.60680915544286,4.431572378811971,0.06950777107462601,4.4860435121708155,3.731341254074758,0.8192195961494898,61362.46315789474,64.93128633574757,3.1321973170137296,0.04841190269529385,3.6622011789978255,3.1205600242827916,0.8395263334698752,6971_6258
2361,2,30953.842105263157,64.41923560104138,4.886929011035371,0.07682319946691574,4.704729642737623,4.079644365641182,0.8481620041591468,63035.79787234042,64.7949083415447,3.5079625029970316,0.054378861071817906,3.8156152397067014,3.2917134796639638,0.849752649372256,6971_6258
2362,3,30652.28888888889,64.45457136337271,4.671512095274595,0.07329696473658424,4.703859631466211,3.7836747157017196,0.7874438402086279,62698.11111111111,64.72999683929665,3.6337707297228574,0.05692052749433672,3.9146593348006773,3.409761862927285,0.8398099759180615,6971_6258
2363,4,32547.074468085106,64.9235079928048,3.708520888630609,0.05779928139433941,4.693838796498689,3.3214698968894756,0.7010058676978451,66323.53191489361,65.39446600636033,1.9645292759424946,0.0300991077725215,3.8170743670043668,2.643313366274299,0.6898346818001494,6971_6258
2364,5,25799.989130434784,67.13300441131612,2.387574058219364,0.035705113250973586,3.2906053020957273,2.0788588327832067,0.6241745114447447,50408.02197802198,66.5429496214426,2.053776085135961,0.031054501166568986,2.644063176461913,1.6690660502444248,0.6171622485549036,6971_6258
2365,6,20446.441860465115,67.81585071596474,2.370600557947554,0.035049221284318616,2.447257688481144,1.7046436525740842,0.6932765400188544,39852.651162790695,66.81273314574926,2.143963798587745,0.0321546721206669,1.9623638727123178,1.3026677718161432,0.6618273959269925,6971_6258
2366,0,59273.755319148935,66.58266482464701,3.982464866577815,0.06043480800440101,3.7632939443691598,3.444166889771324,0.8858415595505483,58883.344086021505,66.22190965479967,4.217392933998311,0.06418777950563649,3.37245371300864,3.225975314243984,0.9255551306804946,6879_6918
2367,1,61316.489583333336,66.02982624579074,5.11774151343528,0.0780047818343734,4.029823349251255,4.007212156950059,0.9668493374656766,60823.10638297872,65.69604656455381,5.063403614576668,0.0773139043618651,3.5645179663123674,3.603310996849152,0.9856083456222594,6879_6918
2368,2,62299.31578947369,65.88079664305897,5.287178032750728,0.08070677816788821,4.14008853279938,4.027647642613533,0.9452411040982246,61681.436170212764,65.55339458845576,5.240232622953525,0.08038313460965289,3.7040575422243966,3.6972036589635797,0.9741828025355003,6879_6918
2369,3,62959.14444444444,66.06689904326765,5.121112551659017,0.07797436987850424,4.1767404814419375,3.9774571588181233,0.9258860843625285,62085.70786516854,65.73773943119296,5.106366840846384,0.07814476661074755,3.7154566668364684,3.6531173709897335,0.9538206937626399,6879_6918
2370,4,65993.0744680851,66.82991310644603,3.0660040567516265,0.04624573717098363,4.0480348089924405,3.064026613326672,0.7476685040334249,64581.98924731183,66.31389434619788,3.3965881527608834,0.05160071357625956,3.624267449616459,2.927641295875575,0.7887938166800066,6879_6918
2371,5,49561.04347826087,68.39598338819293,1.9372268938310235,0.02835724117832084,2.6856616029629685,1.5262182222252998,0.5642283081719963,48795.57142857143,68.0803534260558,1.8278816858210467,0.026886092291118116,2.3023530784861723,1.2787184656472124,0.5554038368078643,6879_6918
2372,6,39716.34482758621,68.71752021480255,2.0823196591788213,0.030305699173930143,2.0592402774293244,1.301451610678517,0.6294138077981841,39652.20930232558,68.44414912195191,2.0324769289032245,0.029724544272694636,1.7940306587928305,1.1255337445396139,0.6252588876136683,6879_6918
2373,0,33103.914893617024,60.49186431123522,3.955425926320748,0.06581974799716418,3.4215541876631415,2.8108980527664422,0.7985730518072972,33078.36170212766,63.66922556637693,4.427494141785782,0.06986602586918438,3.8711884914370005,3.0135478474273025,0.7685055687867496,6308_8005
2374,1,34903.72631578947,60.338244580095164,4.348713850858669,0.07273840490219705,3.6291839478878507,3.1146843422142085,0.8349679810433819,35048.36170212766,63.245903563708936,4.8020263150208855,0.07623382835232427,4.1585426537413905,3.5146241077298055,0.8166413393433349,6308_8005
2375,2,35242.98947368421,60.04125158833648,4.664596917198456,0.07863749016429601,3.7980783803614995,3.3655635738551926,0.8490535708044409,35226.56842105263,63.140104202722746,5.007672085408779,0.08019965539184869,4.290163901870568,3.5931137777388416,0.8140563578851323,6308_8005
2376,3,35092.84444444445,60.21541964057447,4.485617067668098,0.07503877279535444,3.7958530142036353,3.2841508952587857,0.8294653319516411,34941.26666666667,63.031185767735614,5.130897286967766,0.0821960938985225,4.282302656944879,3.4628176018873686,0.7920156526478696,6308_8005
2377,4,36926.98936170213,60.42002779024249,3.523612984373936,0.05877205725833713,3.70448285256798,2.6874767188996627,0.7070959013353695,37030.436170212764,63.51543366137275,4.141171883855339,0.06558488824547987,4.23279687237036,2.9148540864992207,0.6824684524610479,6308_8005
2378,5,28897.206521739132,61.85109885057162,2.591336762956861,0.04212100279906594,2.6152058830336826,1.6221454267128816,0.6094894169648906,28863.467391304348,65.75345076290593,2.9893687692268114,0.045587408038533554,3.071801998619546,1.7893263222597695,0.5819744138155156,6308_8005
2379,6,23132.162790697676,62.539900065558776,2.8256957512267813,0.04535705451985634,1.9832710857935258,1.2916638073136575,0.6542764156992884,22994.674418604653,66.54472923080193,3.2012353168074275,0.04822038283974617,2.338510396860675,1.5067142406787033,0.6491297963358814,6308_8005
2380,0,59173.645161290326,65.26993539118631,2.6626057055688195,0.041004081755984544,3.4910218871176064,2.9128001880027834,0.8203465968783958,59273.755319148935,66.58266482464701,3.982464866577815,0.06043480800440101,3.7632939443691598,3.444166889771324,0.8858415595505483,6258_6879
2381,1,61362.46315789474,64.93128633574757,3.1321973170137296,0.04841190269529385,3.6622011789978255,3.1205600242827916,0.8395263334698752,61316.489583333336,66.02982624579074,5.11774151343528,0.0780047818343734,4.029823349251255,4.007212156950059,0.9668493374656766,6258_6879
2382,2,63035.79787234042,64.7949083415447,3.5079625029970316,0.054378861071817906,3.8156152397067014,3.2917134796639638,0.849752649372256,62299.31578947369,65.88079664305897,5.287178032750728,0.08070677816788821,4.14008853279938,4.027647642613533,0.9452411040982246,6258_6879
2383,3,62698.11111111111,64.72999683929665,3.6337707297228574,0.05692052749433672,3.9146593348006773,3.409761862927285,0.8398099759180615,62959.14444444444,66.06689904326765,5.121112551659017,0.07797436987850424,4.1767404814419375,3.9774571588181233,0.9258860843625285,6258_6879
2384,4,66323.53191489361,65.39446600636033,1.9645292759424946,0.0300991077725215,3.8170743670043668,2.643313366274299,0.6898346818001494,65993.0744680851,66.82991310644603,3.0660040567516265,0.04624573717098363,4.0480348089924405,3.064026613326672,0.7476685040334249,6258_6879
2385,5,50408.02197802198,66.5429496214426,2.053776085135961,0.031054501166568986,2.644063176461913,1.6690660502444248,0.6171622485549036,49561.04347826087,68.39598338819293,1.9372268938310235,0.02835724117832084,2.6856616029629685,1.5262182222252998,0.5642283081719963,6258_6879
2386,6,39852.651162790695,66.81273314574926,2.143963798587745,0.0321546721206669,1.9623638727123178,1.3026677718161432,0.6618273959269925,39716.34482758621,68.71752021480255,2.0823196591788213,0.030305699173930143,2.0592402774293244,1.301451610678517,0.6294138077981841,6258_6879
2387,0,25225.929577464787,54.89267202023712,3.528808474198499,0.0647034940261276,3.6095555052741077,2.8775850640398106,0.7850434527440834,35837.17105263158,63.43329645123187,3.3659540511271855,0.0536010968835289,3.3447980165942055,2.563543575405898,0.7521822817690711,8057_6045
2388,1,26409.027027027027,54.66854430932729,3.78418963986069,0.06955062965557916,3.85629065996015,3.138856753379441,0.803579688368784,37998.98684210526,63.223737884804486,3.8331515788813815,0.06147152690607063,3.563360666753162,2.876008458200643,0.8010431138065148,8057_6045
2389,2,28157.821917808218,55.08748830966861,3.4099957308208784,0.06207198507194014,3.954009162221873,3.0533480108297986,0.7737951931919826,38707.94666666666,63.125194006856525,3.727533035711741,0.0595797081535511,3.6423853911715796,2.8579627641031498,0.7775296288756818,8057_6045
2390,3,27180.214285714286,54.939998263362426,3.3868132873493204,0.061618946841606716,3.973223431575582,3.0239382475158916,0.759634523437145,38384.35211267605,63.17183868848738,3.9170177361408642,0.06245760845179113,3.693730391049782,2.900234477588261,0.771587220352561,8057_6045
2391,4,27918.777777777777,55.082036396635495,2.959666606311228,0.05403783886041276,3.912585553797607,2.690356173831139,0.6856562701121153,40502.13698630137,63.677973990833195,2.847007168291535,0.044940244362302595,3.676257006426326,2.4313220233093755,0.6587217578603237,8057_6045
2392,5,21684.626865671642,56.07665123437911,2.61229363445792,0.04765943385694274,2.6690014132941493,1.6473194916777913,0.6302468478119447,32061.690140845072,65.40728598050167,2.267547540123055,0.03472410902037755,2.6566121604079327,1.5769709010243698,0.5934285147737381,8057_6045
2393,6,17752.69230769231,57.19887476496217,2.85169945228933,0.05123547530360615,2.064640623229875,1.3948183788600423,0.6934898329857363,24938.014492753624,65.90999421198512,2.5640265490818117,0.038977425889853146,2.0002712782489964,1.2896678543522737,0.6452705139314628,8057_6045
2394,0,25531.723684210527,60.77508761561052,3.8906037905287807,0.06473920714885306,3.9243276289571876,3.1312802486211986,0.7654833764061421,31699.493333333332,63.9872728871766,3.427355552545642,0.05399378631546753,3.0674878512306476,2.6363847254036994,0.8119189340747723,8043_6946
2395,1,27378.38157894737,60.67040525696891,3.9948365060939333,0.06671630352026643,4.128075674065755,3.2765607090976654,0.7687501231507933,33704.17333333333,63.93150256963636,3.5901161495682823,0.05665157450247382,3.258485899660907,2.753355706528887,0.805298299970375,8043_6946
2396,2,27472.226666666666,60.61525267101349,3.9650827831973783,0.06604565841002133,4.196715786702751,3.2091345633731887,0.75712698719549,34339.75342465754,63.8555759231041,3.4870313648660627,0.05484284472060475,3.280331853127252,2.6718250704296596,0.7982665324785164,8043_6946
2397,3,27842.436619718308,60.63903050827527,3.9371027814927224,0.06563650355102345,4.291880174224595,3.346412802372234,0.7522885256989814,34098.957746478874,63.827253779628116,3.7614685796929552,0.059407193531901464,3.358330337297774,2.897317746379737,0.8170845007429329,8043_6946
2398,4,29841.41095890411,61.02404216640931,3.051594150731902,0.050275855834482,4.418465582600055,2.761027607626495,0.6274242614419516,36567.150684931505,64.0790190314388,2.769131720027781,0.043558454460035166,3.36731573246501,2.219536955465254,0.6579833469565656,8043_6946
2399,5,23967.814285714285,62.33823213353054,2.5348256614176226,0.0407801748129802,3.3800946268288588,2.138337455124611,0.6288248690993998,28971.661971830985,65.27589660742835,2.197918215184601,0.033769532791840966,2.4286064302876897,1.5337477838595257,0.6295080318612357,8043_6946
2400,6,18920.10447761194,62.91577294485887,2.664362570811383,0.042442610575005195,2.488731006695891,1.665354783390901,0.6694892622312856,22727.117647058825,65.78423543861219,2.4732806629660784,0.03764002166624911,1.8111145152789216,1.2411771405419398,0.6863750617552556,8043_6946
2401,0,31699.493333333332,63.9872728871766,3.427355552545642,0.05399378631546753,3.0674878512306476,2.6363847254036994,0.8119189340747723,25225.929577464787,54.89267202023712,3.528808474198499,0.0647034940261276,3.6095555052741077,2.8775850640398106,0.7850434527440834,6946_8057
2402,1,33704.17333333333,63.93150256963636,3.5901161495682823,0.05665157450247382,3.258485899660907,2.753355706528887,0.805298299970375,26409.027027027027,54.66854430932729,3.78418963986069,0.06955062965557916,3.85629065996015,3.138856753379441,0.803579688368784,6946_8057
2403,2,34339.75342465754,63.8555759231041,3.4870313648660627,0.05484284472060475,3.280331853127252,2.6718250704296596,0.7982665324785164,28157.821917808218,55.08748830966861,3.4099957308208784,0.06207198507194014,3.954009162221873,3.0533480108297986,0.7737951931919826,6946_8057
2404,3,34098.957746478874,63.827253779628116,3.7614685796929552,0.059407193531901464,3.358330337297774,2.897317746379737,0.8170845007429329,27180.214285714286,54.939998263362426,3.3868132873493204,0.061618946841606716,3.973223431575582,3.0239382475158916,0.759634523437145,6946_8057
2405,4,36567.150684931505,64.0790190314388,2.769131720027781,0.043558454460035166,3.36731573246501,2.219536955465254,0.6579833469565656,27918.777777777777,55.082036396635495,2.959666606311228,0.05403783886041276,3.912585553797607,2.690356173831139,0.6856562701121153,6946_8057
2406,5,28971.661971830985,65.27589660742835,2.197918215184601,0.033769532791840966,2.4286064302876897,1.5337477838595257,0.6295080318612357,21684.626865671642,56.07665123437911,2.61229363445792,0.04765943385694274,2.6690014132941493,1.6473194916777913,0.6302468478119447,6946_8057
2407,6,22727.117647058825,65.78423543861219,2.4732806629660784,0.03764002166624911,1.8111145152789216,1.2411771405419398,0.6863750617552556,17752.69230769231,57.19887476496217,2.85169945228933,0.05123547530360615,2.064640623229875,1.3948183788600423,0.6934898329857363,6946_8057
2408,0,45042.344086021505,60.67599878368162,4.125727296769421,0.06925824790072342,1.9715116004002768,1.6599786963812748,1.1737025045486396,33103.914893617024,60.49186431123522,3.955425926320748,0.06581974799716418,3.4215541876631415,2.8108980527664422,0.7985730518072972,6306_6308
2409,1,45106.15789473684,60.39125814006221,4.3912480903339715,0.07394452052830697,2.0768183582431043,1.8944693970445816,1.4561966258986525,34903.72631578947,60.338244580095164,4.348713850858669,0.07273840490219705,3.6291839478878507,3.1146843422142085,0.8349679810433819,6306_6308
2410,2,47573.62105263158,60.332452321611775,4.4460728578317115,0.07533850261949465,2.094085560691423,1.8046625869169053,1.2546862207971092,35242.98947368421,60.04125158833648,4.664596917198456,0.07863749016429601,3.7980783803614995,3.3655635738551926,0.8490535708044409,6306_6308
2411,3,45654.01111111111,60.510819260382334,4.305158117620267,0.07243873758025753,2.1469863271440865,1.8242908552690553,1.1727951168796715,35092.84444444445,60.21541964057447,4.485617067668098,0.07503877279535444,3.7958530142036353,3.2841508952587857,0.8294653319516411,6306_6308
2412,4,47329.89361702128,60.756301964151966,3.847070794713279,0.0652007892814845,2.0767302514249306,1.5908786136808222,1.0268782982840934,36926.98936170213,60.42002779024249,3.523612984373936,0.05877205725833713,3.70448285256798,2.6874767188996627,0.7070959013353695,6306_6308
2413,5,37534.239130434784,61.67445356377543,3.4432028030458337,0.057508836750141346,1.435773297446428,0.9873055917840176,1.0702451722069721,28897.206521739132,61.85109885057162,2.591336762956861,0.04212100279906594,2.6152058830336826,1.6221454267128816,0.6094894169648906,6306_6308
2414,6,31185.712643678162,62.05346422397324,3.6654837777891074,0.060778443881222534,1.1194036233958926,0.8596465262751984,1.2711775157840715,23132.162790697676,62.539900065558776,2.8256957512267813,0.04535705451985634,1.9832710857935258,1.2916638073136575,0.6542764156992884,6306_6308
2415,0,35837.17105263158,63.43329645123187,3.3659540511271855,0.0536010968835289,3.3447980165942055,2.563543575405898,0.7521822817690711,45042.344086021505,60.67599878368162,4.125727296769421,0.06925824790072342,1.9715116004002768,1.6599786963812748,1.1737025045486396,6045_6306
2416,1,37998.98684210526,63.223737884804486,3.8331515788813815,0.06147152690607063,3.563360666753162,2.876008458200643,0.8010431138065148,45106.15789473684,60.39125814006221,4.3912480903339715,0.07394452052830697,2.0768183582431043,1.8944693970445816,1.4561966258986525,6045_6306
2417,2,38707.94666666666,63.125194006856525,3.727533035711741,0.0595797081535511,3.6423853911715796,2.8579627641031498,0.7775296288756818,47573.62105263158,60.332452321611775,4.4460728578317115,0.07533850261949465,2.094085560691423,1.8046625869169053,1.2546862207971092,6045_6306
2418,3,38384.35211267605,63.17183868848738,3.9170177361408642,0.06245760845179113,3.693730391049782,2.900234477588261,0.771587220352561,45654.01111111111,60.510819260382334,4.305158117620267,0.07243873758025753,2.1469863271440865,1.8242908552690553,1.1727951168796715,6045_6306
2419,4,40502.13698630137,63.677973990833195,2.847007168291535,0.044940244362302595,3.676257006426326,2.4313220233093755,0.6587217578603237,47329.89361702128,60.756301964151966,3.847070794713279,0.0652007892814845,2.0767302514249306,1.5908786136808222,1.0268782982840934,6045_6306
2420,5,32061.690140845072,65.40728598050167,2.267547540123055,0.03472410902037755,2.6566121604079327,1.5769709010243698,0.5934285147737381,37534.239130434784,61.67445356377543,3.4432028030458337,0.057508836750141346,1.435773297446428,0.9873055917840176,1.0702451722069721,6045_6306
2421,6,24938.014492753624,65.90999421198512,2.5640265490818117,0.038977425889853146,2.0002712782489964,1.2896678543522737,0.6452705139314628,31185.712643678162,62.05346422397324,3.6654837777891074,0.060778443881222534,1.1194036233958926,0.8596465262751984,1.2711775157840715,6045_6306
2422,0,18668.43010752688,64.61662680377579,3.0097765018272966,0.04675645555365808,2.8651314922195366,2.2714353425660425,0.7639915686100075,25531.723684210527,60.77508761561052,3.8906037905287807,0.06473920714885306,3.9243276289571876,3.1312802486211986,0.7654833764061421,6921_8043
2423,1,19671.43157894737,64.57974296241316,3.147221729210097,0.04891377592419647,2.9873936983302087,2.3381543676631047,0.7647529788527165,27378.38157894737,60.67040525696891,3.9948365060939333,0.06671630352026643,4.128075674065755,3.2765607090976654,0.7687501231507933,6921_8043
2424,2,19808.01052631579,64.67547473698474,2.927730752787378,0.045359905660958474,3.0201594099101414,2.215655980011321,0.7295014247216929,27472.226666666666,60.61525267101349,3.9650827831973783,0.06604565841002133,4.196715786702751,3.2091345633731887,0.75712698719549,6921_8043
2425,3,19482.233333333334,64.74821294727143,2.9705352538040057,0.045997739455801975,3.0383317914770784,2.346725084667828,0.7531966391258627,27842.436619718308,60.63903050827527,3.9371027814927224,0.06563650355102345,4.291880174224595,3.346412802372234,0.7522885256989814,6921_8043
2426,4,20340.627659574468,64.92194900572206,2.609950975644535,0.04026064938781084,3.0739036210068638,2.0058856942505248,0.6537484935608031,29841.41095890411,61.02404216640931,3.051594150731902,0.050275855834482,4.418465582600055,2.761027607626495,0.6274242614419516,6921_8043
2427,5,15040.010989010989,65.23946579189999,2.6820525427608644,0.04117290826998105,2.0864330116140932,1.2571573161573946,0.6030327167912661,23967.814285714285,62.33823213353054,2.5348256614176226,0.0407801748129802,3.3800946268288588,2.138337455124611,0.6288248690993998,6921_8043
2428,6,12000.741176470588,65.18265287087532,2.812412435876008,0.0431840753823607,1.603450130042514,1.0611736005518184,0.6628615384997204,18920.10447761194,62.91577294485887,2.664362570811383,0.042442610575005195,2.488731006695891,1.665354783390901,0.6694892622312856,6921_8043
